[11:24:06.713] [OK] filters loaded
[11:24:10.190] [INFO] START_CLICK received enabled=True api_ready=True running=False
[11:24:10.190] [INFO] START_SETTINGS live_enabled=True guard_mode=FAST entry_mode=AGGRESSIVE exit_engine=True order_size=4000.0
[11:24:10.190] [INFO] START_PROFILE order_size=4000.0 min_spread=7.0 guard_mode=FAST entry_mode=AGGRESSIVE sell_timeout=2200 far_sell_ticks=30 taker_exit_after_ms=1600
[11:24:10.191] [INFO] SETTINGS_MERGE_PRESERVE existing_values=true missing_added=0
[11:24:10.668] [EXCHANGE] symbol=BTCU base=BTC quote=U status=TRADING permissions=[]
[11:24:10.673] [OK] START
[11:24:10.677] [OK] START_OK runtime_started
[11:24:10.955] [INFO] [EXEC] LIVE ON
[11:24:10.960] [INFO] [EXEC] WAIT READY
[11:24:11.726] [WS] primary url=wss://stream.binance.com:9443/ws/btcu@bookTicker
[11:24:11.727] [WS] connecting primary
[11:24:11.728] [WS] connected
[11:24:15.557] [WARNING] [HEALTH] block spread_too_young lifetime=0
[11:24:15.557] [WARNING] [HEALTH] unstable_spread lifetime=0
[11:24:15.557] [WARNING] [EXEC] BLOCK_BUY reason=spread_too_young mode=FAST ws_age=140 spread=14.05 stable=1/1 mid_delta=0.00 bid_delta=0.00
[11:24:20.652] [INFO] [HEALTH] state=GOOD
[11:24:21.166] [INFO] [EXEC] SELL ACCOUNTING RESET new_cycle
[11:24:21.184] [OK] [EXEC] BUY ORDER SENT orderId=385229265 price=80555.39 qty=0.049650
[11:24:21.186] [OK] [EXEC] PLACE BUY price=80555.39 qty=0.049650
[11:24:22.166] [INFO] [EXEC] ENTRY_REPRICE reason=wide_spread_cross old=80555.39 new=80555.42 count=1
[11:24:22.698] [OK] [EXEC] ENTRY_PLACE price=80555.42 qty=0.049650
[11:24:23.974] [INFO] [EXEC] BUY_WATCHDOG_SYNC orderId=385229310 status=NEW
[11:24:23.980] [WARNING] [EXEC] BUY_WATCHDOG_FAR_CANCEL orderId=385229310 price=80555.42 bid=80566.84 dist_ticks=1142
[11:24:33.526] [INFO] [HEALTH] state=GOOD
[11:24:33.787] [INFO] [EXEC] SELL ACCOUNTING RESET new_cycle
[11:24:33.792] [OK] [EXEC] BUY ORDER SENT orderId=385230025 price=80573.45 qty=0.049640
[11:24:33.795] [OK] [EXEC] PLACE BUY price=80573.45 qty=0.049640
[11:24:34.316] [OK] [SYNC] order filled detected
[11:24:34.319] [OK] [SYNC] BUY filled on exchange
[11:24:34.320] [OK] [EXEC] BUY FILL UPDATE delta=0.049640 avg=80573.45
[11:24:34.321] [OK] [EXEC] CHUNK ADD qty=0.049640 entry=80573.45
[11:24:34.322] [INFO] [EXEC] CHUNK COUNT n=1
[11:24:34.322] [OK] [EXEC] INVENTORY qty=0.049640
[11:24:34.322] [OK] [EXEC] SELL REQUIRED inventory=0.049640
[11:24:35.041] [INFO] [EXEC] SELL CHECK inventory=0.049640 reported=0.000000 remaining=0.049630 chunks=1
[11:24:35.041] [INFO] [EXEC] PLACE_SELL_SOURCE source=plan price=80583.28
[11:24:35.041] [OK] [EXEC] PLACE SELL price=80583.28 qty=0.049630
[11:24:35.315] [OK] [EXEC] SELL ORDER SENT orderId=385230105
[11:24:35.320] [OK] [PLAN] HOT entry=80569.23 exit=80583.28 profit=0.697442 age=1000ms
[11:24:37.084] [INFO] [EXEC] SELL UPSIZE old=0.049630 new=0.049640
[11:24:37.084] [WARNING] [EXEC] SELL TIMEOUT orderId=385230105
[11:24:37.090] [WARNING] [EXEC] CANCEL SELL orderId=385230105
[11:24:37.604] [INFO] [EXEC] SELL FINAL STATUS status=CANCELED orderId=385230105
[11:24:37.619] [INFO] [EXEC] SELL TIMEOUT check fast_exit
[11:24:37.619] [WARNING] [EXEC] FORCE EXIT hard_sl_triggered
[11:24:37.619] [ERROR] [EXEC] HARD SL triggered
[11:24:37.619] [WARNING] [EXEC] PANIC EXIT sl_mode
[11:24:37.896] [WARNING] [EXEC] FORCE EXIT price=80576.87
[11:24:37.896] [INFO] [EXEC] PLACE_SELL_SOURCE source=panic price=80576.87
[11:24:37.896] [OK] [EXEC] PLACE SELL price=80576.87 qty=0.049630
[11:24:38.150] [WARNING] [EXEC] PANIC START price=80576.87
[11:24:38.166] [OK] [EXEC] SELL ORDER SENT orderId=385230144
[11:24:39.090] [INFO] [EXEC] SELL_WATCHDOG_SYNC orderId=385230144 status=NEW
[11:24:39.090] [INFO] [EXEC] SELL_UPSIZE_SKIPPED reason=exit_or_panic_active
[11:24:40.103] [INFO] [EXEC] SELL_WATCHDOG_SYNC orderId=385230144 status=FILLED
[11:24:40.103] [OK] [EXEC] FIFO CLOSE qty=0.049630 entry=80573.45 exit=80576.87 pnl=+0.169735
[11:24:40.103] [INFO] [EXEC] CHUNK DRAINED
[11:24:40.103] [OK] [EXEC] REALIZED pnl=+0.169735
[11:24:40.103] [INFO] [EXEC] SELL ACCOUNTING RESET flat
[11:24:40.103] [OK] [EXEC] CYCLE CLOSED pnl=+0.169735
[11:24:40.119] [INFO] [EXEC] SESSION realized=+0.169735 wins=1 losses=0
[11:24:40.119] [OK] [EXEC] SELL FILLED id=385230144
[11:24:40.119] [OK] [EXEC] SELL FILLED qty=0.049630 remaining=0.000000
[11:24:40.119] [INFO] [EXEC] SELL ACCOUNTING RESET inventory_drained
[11:24:40.119] [INFO] [EXEC] INVENTORY DRAINED epsilon_cleanup qty=0.000000
[11:24:40.119] [INFO] [EXEC] SELL ACCOUNTING RESET flat
[11:24:40.119] [INFO] [EXEC] CYCLE SKIP no_fifo_pnl
[11:24:42.143] [INFO] [HEALTH] state=GOOD
[11:24:42.401] [INFO] [EXEC] SELL ACCOUNTING RESET new_cycle
[11:24:42.401] [OK] [EXEC] BUY ORDER SENT orderId=385230287 price=80571.01 qty=0.049640
[11:24:42.401] [OK] [EXEC] PLACE BUY price=80571.01 qty=0.049640
[11:24:43.417] [INFO] [EXEC] ENTRY_REPRICE reason=bid_moved_up old=80571.01 new=80578.84 count=1
[11:24:43.957] [OK] [EXEC] ENTRY_PLACE price=80578.84 qty=0.049640
[11:24:44.483] [OK] [SYNC] order filled detected
[11:24:44.485] [OK] [SYNC] BUY filled on exchange
[11:24:44.486] [OK] [EXEC] BUY FILL UPDATE delta=0.049640 avg=80578.84
[11:24:44.487] [OK] [EXEC] CHUNK ADD qty=0.049640 entry=80578.84
[11:24:44.488] [INFO] [EXEC] CHUNK COUNT n=1
[11:24:44.489] [OK] [EXEC] INVENTORY qty=0.049640
[11:24:44.490] [OK] [EXEC] SELL REQUIRED inventory=0.049640
[11:24:45.197] [INFO] [EXEC] SELL CHECK inventory=0.049640 reported=0.000000 remaining=0.049630 chunks=1
[11:24:45.197] [INFO] [EXEC] PLACE_SELL_SOURCE source=plan price=80582.37
[11:24:45.197] [OK] [EXEC] PLACE SELL price=80582.37 qty=0.049630
[11:24:45.470] [OK] [EXEC] SELL ORDER SENT orderId=385230400
[11:24:46.479] [INFO] [EXEC] SELL UPSIZE old=0.049630 new=0.049640
[11:24:46.479] [WARNING] [EXEC] SELL TIMEOUT orderId=385230400
[11:24:46.479] [WARNING] [EXEC] CANCEL SELL orderId=385230400
[11:24:47.010] [INFO] [EXEC] SELL FINAL STATUS status=CANCELED orderId=385230400
[11:24:47.010] [INFO] [EXEC] SELL TIMEOUT check fast_exit
[11:24:47.010] [WARNING] [EXEC] FORCE EXIT hard_sl_triggered
[11:24:47.010] [ERROR] [EXEC] HARD SL triggered
[11:24:47.010] [WARNING] [EXEC] PANIC EXIT sl_mode
[11:24:47.275] [WARNING] [EXEC] FORCE EXIT price=80571.05
[11:24:47.290] [INFO] [EXEC] PLACE_SELL_SOURCE source=panic price=80571.05
[11:24:47.290] [OK] [EXEC] PLACE SELL price=80571.05 qty=0.049630
[11:24:47.540] [WARNING] [EXEC] PANIC START price=80571.05
[11:24:47.540] [OK] [EXEC] SELL ORDER SENT orderId=385230564
[11:24:49.008] [OK] [SYNC] order filled detected
[11:24:49.008] [OK] [SYNC] SELL filled on exchange
[11:24:49.008] [OK] [EXEC] FIFO CLOSE qty=0.049630 entry=80578.84 exit=80571.05 pnl=-0.386618
[11:24:49.023] [INFO] [EXEC] CHUNK DRAINED
[11:24:49.025] [OK] [EXEC] REALIZED pnl=-0.386618
[11:24:49.026] [INFO] [EXEC] SELL ACCOUNTING RESET flat
[11:24:49.028] [OK] [EXEC] CYCLE CLOSED pnl=-0.386618
[11:24:49.029] [INFO] [EXEC] SESSION realized=-0.216883 wins=1 losses=1
[11:24:49.031] [INFO] [HEALTH] state=GOOD
[11:24:49.032] [WARNING] [EXEC] BLOCK_BUY reason=cooldown_loss_cycle mode=FAST ws_age=562 spread=14.53 stable=1/1 mid_delta=0.00 bid_delta=0.00
[11:24:49.259] [WARNING] [HEALTH] block falling_market bid_ticks=110.00 mid_ticks=-411.00
[11:24:49.259] [WARNING] [HEALTH] negative_momentum ticks=-411.00
[11:24:49.259] [WARNING] [EXEC] BLOCK_BUY reason=mid_momentum_negative mode=FAST ws_age=47 spread=4.11 stable=2/1 mid_delta=-411.00 bid_delta=110.00
[11:24:49.259] [OK] [PLAN] HOT entry=80571.82 exit=80584.85 profit=0.646809 age=228ms
[11:24:54.058] [WARNING] [HEALTH] block spread_too_young lifetime=0
[11:24:54.061] [WARNING] [HEALTH] unstable_spread lifetime=0
[11:24:54.063] [WARNING] [EXEC] BLOCK_BUY reason=spread_too_young mode=FAST ws_age=217 spread=7.92 stable=1/1 mid_delta=0.00 bid_delta=0.00
[11:25:02.206] [INFO] [HEALTH] state=GOOD
[11:25:02.464] [INFO] [EXEC] SELL ACCOUNTING RESET new_cycle
[11:25:02.464] [OK] [EXEC] BUY ORDER SENT orderId=385231124 price=80571.00 qty=0.049640
[11:25:02.464] [OK] [EXEC] PLACE BUY price=80571.00 qty=0.049640
[11:25:03.462] [INFO] [EXEC] ENTRY_REPRICE reason=wide_spread_cross old=80571.00 new=80571.29 count=1
[11:25:03.990] [OK] [EXEC] ENTRY_PLACE price=80571.29 qty=0.049640
[11:25:04.996] [INFO] [EXEC] BUY_WATCHDOG_SYNC orderId=385231163 status=NEW
[11:25:04.997] [WARNING] [EXEC] BUY TIMEOUT orderId=385231163
[11:25:04.997] [WARNING] [EXEC] CANCEL BUY orderId=385231163
[11:25:05.260] [OK] [EXEC] BUY CANCELED confirmed
[11:25:05.526] [INFO] [EXEC] BUY FINAL STATUS status=CANCELED orderId=385231163
[11:25:05.526] [WARNING] [EXEC] BLOCK reason=buy_not_filled
[11:25:08.279] [INFO] [HEALTH] state=GOOD
[11:25:08.593] [INFO] [EXEC] SELL ACCOUNTING RESET new_cycle
[11:25:08.596] [OK] [EXEC] BUY ORDER SENT orderId=385231419 price=80573.19 qty=0.049640
[11:25:08.598] [OK] [EXEC] PLACE BUY price=80573.19 qty=0.049640
[11:25:09.569] [INFO] [EXEC] ENTRY_REPRICE reason=bid_moved_up old=80573.19 new=80581.33 count=1
[11:25:10.093] [OK] [EXEC] ENTRY_PLACE price=80581.33 qty=0.049640
[11:25:11.123] [INFO] [EXEC] BUY_WATCHDOG_SYNC orderId=385231462 status=NEW
[11:25:11.127] [WARNING] [EXEC] BUY TIMEOUT orderId=385231462
[11:25:11.129] [WARNING] [EXEC] CANCEL BUY orderId=385231462
[11:25:11.386] [OK] [EXEC] BUY CANCELED confirmed
[11:25:11.650] [INFO] [EXEC] BUY FINAL STATUS status=FILLED orderId=385231462
[11:25:11.650] [OK] [EXEC] BUY FILL UPDATE delta=0.049640 avg=80581.33
[11:25:11.650] [OK] [EXEC] CHUNK ADD qty=0.049640 entry=80581.33
[11:25:11.650] [INFO] [EXEC] CHUNK COUNT n=1
[11:25:11.650] [OK] [EXEC] INVENTORY qty=0.049640
[11:25:11.650] [OK] [EXEC] SELL REQUIRED inventory=0.049640
[11:25:11.650] [OK] [EXEC] BUY FILLED during cancel
[11:25:11.650] [OK] [EXEC] BUY FILLED id=385231462
[11:25:12.191] [OK] [SYNC] order filled detected
[11:25:12.192] [OK] [SYNC] BUY filled on exchange
[11:25:13.462] [INFO] [EXEC] SELL CHECK inventory=0.049640 reported=0.000000 remaining=0.049630 chunks=1
[11:25:13.462] [INFO] [EXEC] PLACE_SELL_SOURCE source=plan price=80584.60
[11:25:13.478] [OK] [EXEC] PLACE SELL price=80584.60 qty=0.049630
[11:25:13.744] [OK] [EXEC] SELL ORDER SENT orderId=385231549
[11:25:14.482] [OK] [SYNC] order filled detected
[11:25:14.484] [OK] [SYNC] SELL filled on exchange
[11:25:14.485] [OK] [EXEC] FIFO CLOSE qty=0.049630 entry=80581.33 exit=80584.60 pnl=+0.162290
[11:25:14.487] [INFO] [EXEC] CHUNK DRAINED
[11:25:14.489] [OK] [EXEC] REALIZED pnl=+0.162290
[11:25:14.490] [INFO] [EXEC] SELL ACCOUNTING RESET flat
[11:25:14.491] [OK] [EXEC] CYCLE CLOSED pnl=+0.162290
[11:25:14.492] [INFO] [EXEC] SESSION realized=-0.054593 wins=2 losses=1
[11:25:14.494] [INFO] [HEALTH] state=GOOD
[11:25:14.753] [INFO] [EXEC] SELL ACCOUNTING RESET new_cycle
[11:25:14.756] [OK] [EXEC] BUY ORDER SENT orderId=385231575 price=80573.52 qty=0.049640
[11:25:14.758] [OK] [EXEC] PLACE BUY price=80573.52 qty=0.049640
[11:25:15.759] [INFO] [EXEC] ENTRY_REPRICE reason=bid_moved_up old=80573.52 new=80581.04 count=1
[11:25:16.276] [OK] [EXEC] ENTRY_PLACE price=80581.04 qty=0.049640
[11:25:17.273] [INFO] [EXEC] BUY_WATCHDOG_SYNC orderId=385231760 status=NEW
[11:25:17.276] [WARNING] [EXEC] BUY_WATCHDOG_FAR_CANCEL orderId=385231760 price=80581.04 bid=80591.50 dist_ticks=1046
[11:25:18.494] [INFO] [EXEC] SELL ACCOUNTING RESET new_cycle
[11:25:18.509] [OK] [EXEC] BUY ORDER SENT orderId=385231911 price=80591.55 qty=0.049630
[11:25:18.512] [OK] [EXEC] PLACE BUY price=80591.55 qty=0.049630
[11:25:18.516] [OK] [PLAN] HOT entry=80591.55 exit=80600.68 profit=0.453122 age=1241ms
[11:25:19.526] [INFO] [EXEC] ENTRY_REPRICE reason=bid_moved_up old=80591.55 new=80597.43 count=1
[11:25:20.055] [OK] [EXEC] ENTRY_PLACE price=80597.43 qty=0.049630
[11:25:21.494] [INFO] [EXEC] BUY_WATCHDOG_SYNC orderId=385231988 status=NEW
[11:25:21.494] [WARNING] [EXEC] BUY TIMEOUT orderId=385231988
[11:25:21.494] [WARNING] [EXEC] CANCEL BUY orderId=385231988
[11:25:21.760] [OK] [EXEC] BUY CANCELED confirmed
[11:25:22.032] [INFO] [EXEC] BUY FINAL STATUS status=FILLED orderId=385231988
[11:25:22.033] [OK] [EXEC] BUY FILL UPDATE delta=0.049630 avg=80597.43
[11:25:22.034] [OK] [EXEC] CHUNK ADD qty=0.049630 entry=80597.43
[11:25:22.034] [INFO] [EXEC] CHUNK COUNT n=1
[11:25:22.035] [OK] [EXEC] INVENTORY qty=0.049630
[11:25:22.035] [OK] [EXEC] SELL REQUIRED inventory=0.049630
[11:25:22.036] [OK] [EXEC] BUY FILLED during cancel
[11:25:22.036] [OK] [EXEC] BUY FILLED id=385231988
[11:25:22.797] [OK] [SYNC] order filled detected
[11:25:22.800] [OK] [SYNC] BUY filled on exchange
[11:25:23.809] [INFO] [EXEC] SELL CHECK inventory=0.049630 reported=0.000000 remaining=0.049630 chunks=1
[11:25:23.813] [INFO] [EXEC] PLACE_SELL_SOURCE source=plan price=80601.49
[11:25:23.815] [OK] [EXEC] PLACE SELL price=80601.49 qty=0.049630
[11:25:24.081] [OK] [EXEC] SELL ORDER SENT orderId=385232149
[11:25:25.083] [OK] [SYNC] order filled detected
[11:25:25.085] [OK] [SYNC] SELL filled on exchange
[11:25:25.085] [OK] [EXEC] FIFO CLOSE qty=0.049630 entry=80597.43 exit=80601.49 pnl=+0.201498
[11:25:25.085] [INFO] [EXEC] CHUNK DRAINED
[11:25:25.090] [OK] [EXEC] REALIZED pnl=+0.201498
[11:25:25.092] [INFO] [EXEC] SELL ACCOUNTING RESET flat
[11:25:25.095] [OK] [EXEC] CYCLE CLOSED pnl=+0.201498
[11:25:25.097] [INFO] [EXEC] SESSION realized=+0.146905 wins=3 losses=1
[11:25:25.100] [INFO] [HEALTH] state=GOOD
[11:25:25.833] [INFO] [EXEC] SELL ACCOUNTING RESET new_cycle
[11:25:25.837] [OK] [EXEC] BUY ORDER SENT orderId=385232223 price=80598.43 qty=0.049620
[11:25:25.837] [OK] [EXEC] PLACE BUY price=80598.43 qty=0.049620
[11:25:26.838] [INFO] [EXEC] ENTRY_REPRICE reason=wide_spread_cross old=80598.43 new=80601.64 count=1
[11:25:27.383] [OK] [EXEC] ENTRY_PLACE price=80601.64 qty=0.049620
[11:25:27.389] [OK] [PLAN] HOT entry=80602.62 exit=80609.49 profit=0.340889 age=1472ms
[11:25:28.353] [INFO] [EXEC] BUY_WATCHDOG_SYNC orderId=385232285 status=NEW
[11:25:28.353] [WARNING] [EXEC] BUY_WATCHDOG_FAR_CANCEL orderId=385232285 price=80601.64 bid=80606.76 dist_ticks=512
[11:25:30.619] [INFO] [HEALTH] state=GOOD
[11:25:30.883] [INFO] [EXEC] SELL ACCOUNTING RESET new_cycle
[11:25:30.887] [OK] [EXEC] BUY ORDER SENT orderId=385232463 price=80603.01 qty=0.049620
[11:25:30.888] [OK] [EXEC] PLACE BUY price=80603.01 qty=0.049620
[11:25:31.887] [INFO] [EXEC] ENTRY_REPRICE reason=wide_spread_cross old=80603.01 new=80608.06 count=1
[11:25:32.418] [OK] [EXEC] ENTRY_PLACE price=80608.06 qty=0.049620
[11:25:33.380] [INFO] [EXEC] BUY_WATCHDOG_SYNC orderId=385232534 status=NEW
[11:25:33.382] [WARNING] [EXEC] BUY TIMEOUT orderId=385232534
[11:25:33.383] [WARNING] [EXEC] CANCEL BUY orderId=385232534
[11:25:33.645] [OK] [EXEC] BUY CANCELED confirmed
[11:25:33.895] [INFO] [EXEC] BUY FINAL STATUS status=CANCELED orderId=385232534
[11:25:33.912] [WARNING] [EXEC] BLOCK reason=buy_not_filled
[11:25:34.635] [INFO] [EXEC] SELL ACCOUNTING RESET new_cycle
[11:25:34.635] [OK] [EXEC] BUY ORDER SENT orderId=385232616 price=80609.06 qty=0.049620
[11:25:34.650] [OK] [EXEC] PLACE BUY price=80609.06 qty=0.049620
[11:25:35.667] [INFO] [EXEC] ENTRY_REPRICE reason=wide_spread_cross old=80609.06 new=80609.25 count=1
[11:25:36.182] [OK] [EXEC] ENTRY_PLACE price=80609.25 qty=0.049620
[11:25:36.198] [OK] [PLAN] HOT entry=80610.23 exit=80617.49 profit=0.360241 age=1017ms
[11:25:37.443] [INFO] [EXEC] BUY_WATCHDOG_SYNC orderId=385232710 status=NEW
[11:25:37.446] [WARNING] [EXEC] BUY_WATCHDOG_FAR_CANCEL orderId=385232710 price=80609.25 bid=80609.40 dist_ticks=15
[11:25:38.713] [INFO] [HEALTH] state=GOOD
[11:25:38.982] [INFO] [EXEC] SELL ACCOUNTING RESET new_cycle
[11:25:38.986] [OK] [EXEC] BUY ORDER SENT orderId=385232814 price=80609.62 qty=0.049620
[11:25:38.989] [OK] [EXEC] PLACE BUY price=80609.62 qty=0.049620
[11:25:40.993] [INFO] [EXEC] BUY_WATCHDOG_SYNC orderId=385232814 status=NEW
[11:25:41.009] [WARNING] [EXEC] BUY_WATCHDOG_FAR_CANCEL orderId=385232814 price=80609.62 bid=80612.63 dist_ticks=301
[11:25:42.787] [INFO] [EXEC] SELL ACCOUNTING RESET new_cycle
[11:25:42.790] [OK] [EXEC] BUY ORDER SENT orderId=385233101 price=80615.39 qty=0.049610
[11:25:42.790] [OK] [EXEC] PLACE BUY price=80615.39 qty=0.049610
[11:25:42.790] [OK] [PLAN] HOT entry=80615.39 exit=80625.50 profit=0.501557 age=1782ms
[11:25:43.791] [OK] [EXEC] BUY FILL UPDATE delta=0.049610 avg=80615.39
[11:25:43.791] [OK] [EXEC] CHUNK ADD qty=0.049610 entry=80615.39
[11:25:43.791] [INFO] [EXEC] CHUNK COUNT n=1
[11:25:43.791] [OK] [EXEC] INVENTORY qty=0.049610
[11:25:43.791] [OK] [EXEC] SELL REQUIRED inventory=0.049610
[11:25:43.791] [OK] [EXEC] BUY PARTIAL delta=0.049610 total=0.049610
[11:25:43.791] [OK] [EXEC] BUY REMAINING qty=0.000000
[11:25:43.791] [OK] [EXEC] BUY FILLED id=385233101
[11:25:44.321] [OK] [SYNC] order filled detected
[11:25:44.337] [OK] [SYNC] BUY filled on exchange
[11:25:45.077] [INFO] [EXEC] SELL CHECK inventory=0.049610 reported=0.000000 remaining=0.049610 chunks=1
[11:25:45.080] [INFO] [EXEC] PLACE_SELL_SOURCE source=plan price=80625.49
[11:25:45.083] [OK] [EXEC] PLACE SELL price=80625.49 qty=0.049610
[11:25:45.338] [OK] [EXEC] SELL ORDER SENT orderId=385233348
[11:25:48.063] [INFO] [EXEC] SELL_WATCHDOG_SYNC orderId=385233348 status=NEW
[11:25:48.067] [WARNING] [EXEC] TAKER_EXIT_TRIGGER reason=force_flat_after_ms age=2713 qty=0.049610
[11:25:48.069] [WARNING] [EXEC] TAKER_EXIT_CANCEL_MAKER orderId=385233348
[11:25:48.872] [INFO] [EXEC] PLACE_SELL_SOURCE source=taker price=80610.42
[11:25:49.175] [WARNING] [EXEC] TAKER_EXIT_ORDER_SENT id=385233523 price=80610.42 qty=0.049610
[11:25:49.697] [OK] [SYNC] order filled detected
[11:25:49.697] [OK] [SYNC] SELL filled on exchange
[11:25:49.697] [OK] [EXEC] FIFO CLOSE qty=0.049610 entry=80615.39 exit=80615.49 pnl=+0.004973
[11:25:49.697] [INFO] [EXEC] CHUNK DRAINED
[11:25:49.713] [OK] [EXEC] REALIZED pnl=+0.004973
[11:25:49.715] [INFO] [EXEC] SELL ACCOUNTING RESET flat
[11:25:49.716] [OK] [EXEC] CYCLE CLOSED pnl=+0.004973
[11:25:49.717] [INFO] [EXEC] SESSION realized=+0.151878 wins=4 losses=1
[11:25:49.908] [INFO] [HEALTH] state=GOOD
[11:25:50.173] [INFO] [EXEC] SELL ACCOUNTING RESET new_cycle
[11:25:50.176] [OK] [EXEC] BUY ORDER SENT orderId=385233623 price=80617.61 qty=0.049610
[11:25:50.178] [OK] [EXEC] PLACE BUY price=80617.61 qty=0.049610
[11:25:50.179] [OK] [PLAN] HOT entry=80617.61 exit=80625.50 profit=0.391423 age=2116ms
[11:25:51.165] [INFO] [EXEC] ENTRY_REPRICE reason=wide_spread_cross old=80617.61 new=80625.02 count=1
[11:25:51.697] [OK] [EXEC] ENTRY_PLACE price=80625.02 qty=0.049610
[11:25:52.244] [OK] [SYNC] order filled detected
[11:25:52.244] [OK] [SYNC] BUY filled on exchange
[11:25:52.244] [OK] [EXEC] BUY FILL UPDATE delta=0.049610 avg=80625.01
[11:25:52.244] [OK] [EXEC] CHUNK ADD qty=0.049610 entry=80625.01
[11:25:52.244] [INFO] [EXEC] CHUNK COUNT n=1
[11:25:52.244] [OK] [EXEC] INVENTORY qty=0.049610
[11:25:52.244] [OK] [EXEC] SELL REQUIRED inventory=0.049610
[11:25:52.990] [INFO] [EXEC] SELL CHECK inventory=0.049610 reported=0.000000 remaining=0.049610 chunks=1
[11:25:52.990] [INFO] [EXEC] PLACE_SELL_SOURCE source=plan price=80628.74
[11:25:52.990] [OK] [EXEC] PLACE SELL price=80628.74 qty=0.049610
[11:25:53.243] [OK] [EXEC] SELL ORDER SENT orderId=385233773
[11:25:55.479] [INFO] [EXEC] SELL_WATCHDOG_SYNC orderId=385233773 status=NEW
[11:25:55.494] [WARNING] [EXEC] TAKER_EXIT_TRIGGER reason=force_flat_after_ms age=2239 qty=0.049610
[11:25:55.494] [WARNING] [EXEC] TAKER_EXIT_CANCEL_MAKER orderId=385233773
[11:25:56.291] [INFO] [EXEC] PLACE_SELL_SOURCE source=taker price=80624.19
[11:25:56.588] [WARNING] [EXEC] TAKER_EXIT_ORDER_SENT id=385233880 price=80624.19 qty=0.049610
[11:25:57.152] [WARNING] [SYNC] desync fixed
[11:25:57.307] [INFO] [EXEC] EXIT RECOVERY inventory_no_sell qty=0.049610
[11:25:57.312] [WARNING] [EXEC] SELL_PENDING_WITHOUT_ORDER_FIXED
[11:25:58.306] [INFO] [EXEC] SELL CHECK inventory=0.049610 reported=0.000000 remaining=0.049610 chunks=1
[11:25:58.306] [INFO] [EXEC] PLACE_SELL_SOURCE source=plan price=80628.04
[11:25:58.306] [OK] [EXEC] PLACE SELL price=80628.04 qty=0.049610
[11:25:58.591] [OK] [EXEC] SELL ORDER SENT orderId=385234063
[11:25:59.110] [OK] [SYNC] order filled detected
[11:25:59.126] [OK] [SYNC] SELL filled on exchange
[11:25:59.127] [OK] [EXEC] FIFO CLOSE qty=0.049610 entry=80625.01 exit=80628.71 pnl=+0.183798
[11:25:59.128] [INFO] [EXEC] CHUNK DRAINED
[11:25:59.129] [OK] [EXEC] REALIZED pnl=+0.183798
[11:25:59.130] [INFO] [EXEC] SELL ACCOUNTING RESET flat
[11:25:59.131] [OK] [EXEC] CYCLE CLOSED pnl=+0.183798
[11:25:59.132] [INFO] [EXEC] SESSION realized=+0.335677 wins=5 losses=1
[11:26:00.110] [INFO] [HEALTH] state=GOOD
[11:26:00.384] [INFO] [EXEC] SELL ACCOUNTING RESET new_cycle
[11:26:00.384] [OK] [EXEC] BUY ORDER SENT orderId=385234228 price=80619.09 qty=0.049610
[11:26:00.384] [OK] [EXEC] PLACE BUY price=80619.09 qty=0.049610
[11:26:00.915] [OK] [SYNC] order filled detected
[11:26:00.931] [OK] [SYNC] BUY filled on exchange
[11:26:00.931] [OK] [EXEC] BUY FILL UPDATE delta=0.049610 avg=80619.09
[11:26:00.931] [OK] [EXEC] CHUNK ADD qty=0.049610 entry=80619.09
[11:26:00.931] [INFO] [EXEC] CHUNK COUNT n=1
[11:26:00.931] [OK] [EXEC] INVENTORY qty=0.049610
[11:26:00.931] [OK] [EXEC] SELL REQUIRED inventory=0.049610
[11:26:01.673] [INFO] [EXEC] SELL CHECK inventory=0.049610 reported=0.000000 remaining=0.049610 chunks=1
[11:26:01.676] [INFO] [EXEC] PLACE_SELL_SOURCE source=plan price=80619.48
[11:26:01.678] [OK] [EXEC] PLACE SELL price=80619.48 qty=0.049610
[11:26:01.931] [OK] [EXEC] SELL ORDER SENT orderId=385234360
[11:26:02.900] [OK] [EXEC] FIFO CLOSE qty=0.005100 entry=80619.09 exit=80619.48 pnl=+0.001989
[11:26:02.900] [OK] [EXEC] REALIZED pnl=+0.001989
[11:26:02.900] [OK] [EXEC] SELL PARTIAL delta=0.005100
[11:26:02.900] [OK] [EXEC] INVENTORY remaining=0.044510
[11:26:03.907] [OK] [SYNC] order filled detected
[11:26:03.907] [OK] [SYNC] SELL filled on exchange
[11:26:03.907] [OK] [EXEC] FIFO CLOSE qty=0.044510 entry=80619.09 exit=80619.48 pnl=+0.017359
[11:26:03.907] [INFO] [EXEC] CHUNK DRAINED
[11:26:03.907] [OK] [EXEC] REALIZED pnl=+0.017359
[11:26:03.907] [INFO] [EXEC] SELL ACCOUNTING RESET flat
[11:26:03.907] [OK] [EXEC] CYCLE CLOSED pnl=+0.019348
[11:26:03.923] [INFO] [EXEC] SESSION realized=+0.355024 wins=6 losses=1
[11:26:05.821] [INFO] [HEALTH] state=GOOD
[11:26:06.093] [INFO] [EXEC] SELL ACCOUNTING RESET new_cycle
[11:26:06.093] [OK] [EXEC] BUY ORDER SENT orderId=385234732 price=80611.21 qty=0.049620
[11:26:06.093] [OK] [EXEC] PLACE BUY price=80611.21 qty=0.049620
[11:26:06.947] [INFO] [EXEC] ENTRY_REPRICE reason=wide_spread_cross old=80611.21 new=80625.06 count=1
[11:26:07.478] [OK] [EXEC] ENTRY_PLACE price=80625.06 qty=0.049620
[11:26:07.478] [OK] [PLAN] HOT entry=80626.04 exit=80631.56 profit=0.273847 age=845ms
[11:26:08.431] [INFO] [EXEC] BUY_WATCHDOG_SYNC orderId=385234836 status=NEW
[11:26:08.450] [WARNING] [EXEC] BUY_WATCHDOG_FAR_CANCEL orderId=385234836 price=80625.06 bid=80627.87 dist_ticks=281
[11:26:09.474] [INFO] [EXEC] SELL ACCOUNTING RESET new_cycle
[11:26:09.475] [OK] [EXEC] BUY ORDER SENT orderId=385234963 price=80627.08 qty=0.049610
[11:26:09.477] [OK] [EXEC] PLACE BUY price=80627.08 qty=0.049610
[11:26:10.522] [INFO] [EXEC] ENTRY_REPRICE reason=bid_moved_up old=80627.08 new=80628.42 count=1
[11:26:11.068] [OK] [EXEC] ENTRY_PLACE price=80628.42 qty=0.049610
[11:26:11.619] [OK] [SYNC] order filled detected
[11:26:11.619] [OK] [SYNC] BUY filled on exchange
[11:26:11.619] [OK] [EXEC] BUY FILL UPDATE delta=0.049610 avg=80628.42
[11:26:11.619] [OK] [EXEC] CHUNK ADD qty=0.049610 entry=80628.42
[11:26:11.619] [INFO] [EXEC] CHUNK COUNT n=1
[11:26:11.619] [OK] [EXEC] INVENTORY qty=0.049610
[11:26:11.619] [OK] [EXEC] SELL REQUIRED inventory=0.049610
[11:26:12.541] [INFO] [EXEC] SELL CHECK inventory=0.049610 reported=0.000000 remaining=0.049610 chunks=1
[11:26:12.556] [INFO] [EXEC] PLACE_SELL_SOURCE source=plan price=80631.12
[11:26:12.556] [OK] [EXEC] PLACE SELL price=80631.12 qty=0.049610
[11:26:12.823] [OK] [EXEC] SELL ORDER SENT orderId=385235038
[11:26:13.367] [OK] [SYNC] order filled detected
[11:26:13.369] [OK] [SYNC] SELL filled on exchange
[11:26:13.369] [OK] [EXEC] FIFO CLOSE qty=0.049610 entry=80628.42 exit=80631.12 pnl=+0.133947
[11:26:13.369] [INFO] [EXEC] CHUNK DRAINED
[11:26:13.369] [OK] [EXEC] REALIZED pnl=+0.133947
[11:26:13.369] [INFO] [EXEC] SELL ACCOUNTING RESET flat
[11:26:13.369] [OK] [EXEC] CYCLE CLOSED pnl=+0.133947
[11:26:13.369] [INFO] [EXEC] SESSION realized=+0.488971 wins=7 losses=1
[11:26:15.525] [INFO] [HEALTH] state=GOOD
[11:26:15.827] [INFO] [EXEC] SELL ACCOUNTING RESET new_cycle
[11:26:15.830] [OK] [EXEC] BUY ORDER SENT orderId=385235161 price=80627.00 qty=0.049610
[11:26:15.832] [OK] [EXEC] PLACE BUY price=80627.00 qty=0.049610
[11:26:16.821] [INFO] [EXEC] ENTRY_REPRICE reason=bid_moved_up old=80627.00 new=80631.80 count=1
[11:26:17.360] [OK] [EXEC] ENTRY_PLACE price=80631.80 qty=0.049610
[11:26:19.094] [INFO] [EXEC] BUY_WATCHDOG_SYNC orderId=385235219 status=NEW
[11:26:19.097] [WARNING] [EXEC] BUY_WATCHDOG_FAR_CANCEL orderId=385235219 price=80631.80 bid=80632.70 dist_ticks=90
[11:26:23.776] [INFO] [HEALTH] state=GOOD
[11:26:24.041] [INFO] [EXEC] SELL ACCOUNTING RESET new_cycle
[11:26:24.056] [OK] [EXEC] BUY ORDER SENT orderId=385235716 price=80615.96 qty=0.049610
[11:26:24.060] [OK] [EXEC] PLACE BUY price=80615.96 qty=0.049610
[11:26:24.879] [INFO] [EXEC] ENTRY_REPRICE reason=wide_spread_cross old=80615.96 new=80620.21 count=1
[11:26:25.400] [OK] [EXEC] ENTRY_PLACE price=80620.21 qty=0.049610
[11:26:25.400] [OK] [PLAN] HOT entry=80621.19 exit=80636.72 profit=0.770443 age=843ms
[11:26:26.416] [INFO] [EXEC] BUY_WATCHDOG_SYNC orderId=385235815 status=NEW
[11:26:26.416] [WARNING] [EXEC] BUY_WATCHDOG_FAR_CANCEL orderId=385235815 price=80620.21 bid=80626.18 dist_ticks=597
[11:26:30.230] [INFO] [HEALTH] state=GOOD
[11:26:30.493] [INFO] [EXEC] SELL ACCOUNTING RESET new_cycle
[11:26:30.496] [OK] [EXEC] BUY ORDER SENT orderId=385236030 price=80630.82 qty=0.049600
[11:26:30.497] [OK] [EXEC] PLACE BUY price=80630.82 qty=0.049600
[11:26:31.508] [INFO] [EXEC] ENTRY_REPRICE reason=bid_moved_up old=80630.82 new=80631.21 count=1
[11:26:32.181] [OK] [EXEC] ENTRY_PLACE price=80631.21 qty=0.049600
[11:26:33.410] [INFO] [EXEC] BUY_WATCHDOG_SYNC orderId=385236120 status=NEW
[11:26:33.417] [WARNING] [EXEC] BUY_WATCHDOG_FAR_CANCEL orderId=385236120 price=80631.21 bid=80636.72 dist_ticks=551
[11:26:36.057] [INFO] [HEALTH] state=GOOD
[11:26:36.322] [INFO] [EXEC] SELL ACCOUNTING RESET new_cycle
[11:26:36.322] [OK] [EXEC] BUY ORDER SENT orderId=385236449 price=80629.40 qty=0.049600
[11:26:36.322] [OK] [EXEC] PLACE BUY price=80629.40 qty=0.049600
[11:26:37.353] [INFO] [EXEC] ENTRY_REPRICE reason=bid_moved_up old=80629.40 new=80639.96 count=1
[11:26:37.880] [OK] [EXEC] ENTRY_PLACE price=80639.96 qty=0.049600
[11:26:38.432] [OK] [SYNC] order filled detected
[11:26:38.435] [OK] [SYNC] BUY filled on exchange
[11:26:38.435] [OK] [EXEC] BUY FILL UPDATE delta=0.049600 avg=80639.95
[11:26:38.437] [OK] [EXEC] CHUNK ADD qty=0.049600 entry=80639.95
[11:26:38.440] [INFO] [EXEC] CHUNK COUNT n=1
[11:26:38.443] [OK] [EXEC] INVENTORY qty=0.049600
[11:26:38.447] [OK] [EXEC] SELL REQUIRED inventory=0.049600
[11:26:39.175] [INFO] [EXEC] SELL CHECK inventory=0.049600 reported=0.000000 remaining=0.049590 chunks=1
[11:26:39.178] [INFO] [EXEC] PLACE_SELL_SOURCE source=plan price=80641.46
[11:26:39.181] [OK] [EXEC] PLACE SELL price=80641.46 qty=0.049590
[11:26:39.431] [OK] [EXEC] SELL ORDER SENT orderId=385236732
[11:26:40.429] [INFO] [EXEC] SELL UPSIZE old=0.049590 new=0.049600
[11:26:40.431] [WARNING] [EXEC] SELL TIMEOUT orderId=385236732
[11:26:40.431] [WARNING] [EXEC] CANCEL SELL orderId=385236732
[11:26:40.956] [INFO] [EXEC] SELL FINAL STATUS status=CANCELED orderId=385236732
[11:26:40.964] [INFO] [EXEC] SELL TIMEOUT check fast_exit
[11:26:40.966] [WARNING] [EXEC] FORCE EXIT hard_sl_triggered
[11:26:40.969] [ERROR] [EXEC] HARD SL triggered
[11:26:40.971] [WARNING] [EXEC] PANIC EXIT sl_mode
[11:26:41.228] [WARNING] [EXEC] FORCE EXIT price=80627.16
[11:26:41.228] [INFO] [EXEC] PLACE_SELL_SOURCE source=panic price=80627.16
[11:26:41.228] [OK] [EXEC] PLACE SELL price=80627.16 qty=0.049590
[11:26:41.511] [WARNING] [EXEC] PANIC START price=80627.16
[11:26:41.515] [OK] [EXEC] SELL ORDER SENT orderId=385236844
[11:26:43.226] [INFO] [EXEC] SELL_WATCHDOG_SYNC orderId=385236844 status=NEW
[11:26:43.228] [WARNING] [EXEC] SELL_WATCHDOG_FAR_CANCEL orderId=385236844 price=80627.16 ask=80624.85 dist_ticks=230
[11:26:43.769] [INFO] [EXEC] SELL_FAR_CANCEL_FINAL_STATUS status=CANCELED
[11:26:44.759] [INFO] [EXEC] SELL CHECK inventory=0.049600 reported=0.000000 remaining=0.049590 chunks=1
[11:26:44.759] [INFO] [EXEC] SELL_REPRICE_FRESH_APPLIED old=80627.16 new=80624.92 ask=80624.95 bid=80620.22
[11:26:44.759] [INFO] [EXEC] SELL_REPRICE_VALIDATION old=80627.16 new=80624.92 ask=80624.95 dist_ticks=2 source=fresh_snapshot
[11:26:44.759] [WARNING] [EXEC] SELL_FLOOR_BLOCKED price=80624.92 floor=80639.96 entry=80639.95 reason=below_min_profit source=fresh_after_far_cancel
[11:26:44.759] [INFO] [EXEC] PLACE_SELL_SOURCE source=fresh_after_far_cancel price=80639.96
[11:26:44.759] [OK] [EXEC] PLACE SELL price=80639.96 qty=0.049590
[11:26:45.025] [OK] [EXEC] SELL ORDER SENT orderId=385236964
[11:26:46.025] [INFO] [EXEC] SELL_UPSIZE_SKIPPED reason=exit_or_panic_active
[11:26:47.040] [INFO] [EXEC] SELL_WATCHDOG_SYNC orderId=385236964 status=NEW
[11:26:47.040] [WARNING] [EXEC] SELL_WATCHDOG_FAR_CANCEL orderId=385236964 price=80639.96 ask=80627.32 dist_ticks=1263
[11:26:47.588] [INFO] [EXEC] SELL_FAR_CANCEL_FINAL_STATUS status=CANCELED
[11:26:48.849] [INFO] [EXEC] SELL CHECK inventory=0.049600 reported=0.000000 remaining=0.049590 chunks=1
[11:26:48.851] [INFO] [EXEC] SELL_REPRICE_FRESH_APPLIED old=80639.96 new=80626.76 ask=80626.79 bid=80622.87
[11:26:48.853] [INFO] [EXEC] SELL_REPRICE_VALIDATION old=80639.96 new=80626.76 ask=80626.79 dist_ticks=2 source=fresh_snapshot
[11:26:48.854] [WARNING] [EXEC] SELL_FLOOR_BLOCKED price=80626.76 floor=80639.96 entry=80639.95 reason=below_min_profit source=fresh_after_far_cancel
[11:26:48.856] [INFO] [EXEC] PLACE_SELL_SOURCE source=fresh_after_far_cancel price=80639.96
[11:26:48.857] [OK] [EXEC] PLACE SELL price=80639.96 qty=0.049590
[11:26:49.110] [OK] [EXEC] SELL ORDER SENT orderId=385237056
[11:26:51.135] [INFO] [EXEC] SELL_WATCHDOG_SYNC orderId=385237056 status=NEW
[11:26:51.135] [WARNING] [EXEC] SELL_WATCHDOG_FAR_CANCEL orderId=385237056 price=80639.96 ask=80626.97 dist_ticks=1298
[11:26:51.650] [INFO] [EXEC] SELL_FAR_CANCEL_FINAL_STATUS status=CANCELED
[11:26:52.666] [INFO] [EXEC] SELL CHECK inventory=0.049600 reported=0.000000 remaining=0.049590 chunks=1
[11:26:52.666] [INFO] [EXEC] SELL_REPRICE_FRESH_APPLIED old=80639.96 new=80626.95 ask=80626.97 bid=80624.25
[11:26:52.666] [INFO] [EXEC] SELL_REPRICE_VALIDATION old=80639.96 new=80626.95 ask=80626.97 dist_ticks=2 source=fresh_snapshot
[11:26:52.666] [WARNING] [EXEC] SELL_FLOOR_BLOCKED price=80626.95 floor=80639.96 entry=80639.95 reason=below_min_profit source=fresh_after_far_cancel
[11:26:52.666] [INFO] [EXEC] PLACE_SELL_SOURCE source=fresh_after_far_cancel price=80639.96
[11:26:52.666] [OK] [EXEC] PLACE SELL price=80639.96 qty=0.049590
[11:26:52.937] [OK] [EXEC] SELL ORDER SENT orderId=385237174
[11:26:55.694] [INFO] [EXEC] SELL_WATCHDOG_SYNC orderId=385237174 status=NEW
[11:26:55.699] [WARNING] [EXEC] SELL_WATCHDOG_FAR_CANCEL orderId=385237174 price=80639.96 ask=80635.36 dist_ticks=459
[11:26:56.237] [INFO] [EXEC] SELL_FAR_CANCEL_FINAL_STATUS status=CANCELED
[11:26:57.229] [INFO] [EXEC] SELL CHECK inventory=0.049600 reported=0.000000 remaining=0.049590 chunks=1
[11:26:57.229] [INFO] [EXEC] SELL_REPRICE_FRESH_APPLIED old=80639.96 new=80630.53 ask=80630.56 bid=80619.22
[11:26:57.229] [INFO] [EXEC] SELL_REPRICE_VALIDATION old=80639.96 new=80630.53 ask=80630.56 dist_ticks=2 source=fresh_snapshot
[11:26:57.244] [WARNING] [EXEC] SELL_FLOOR_BLOCKED price=80630.53 floor=80639.96 entry=80639.95 reason=below_min_profit source=fresh_after_far_cancel
[11:26:57.244] [INFO] [EXEC] PLACE_SELL_SOURCE source=fresh_after_far_cancel price=80639.96
[11:26:57.244] [OK] [EXEC] PLACE SELL price=80639.96 qty=0.049590
[11:26:57.510] [OK] [EXEC] SELL ORDER SENT orderId=385237387
[11:26:59.635] [INFO] [EXEC] SELL_WATCHDOG_SYNC orderId=385237387 status=NEW
[11:26:59.635] [WARNING] [EXEC] SELL_WATCHDOG_FAR_CANCEL orderId=385237387 price=80639.96 ask=80626.89 dist_ticks=1306
[11:27:00.160] [INFO] [EXEC] SELL_FAR_CANCEL_FINAL_STATUS status=CANCELED
[11:27:01.635] [INFO] [EXEC] SELL CHECK inventory=0.049600 reported=0.000000 remaining=0.049590 chunks=1
[11:27:01.650] [INFO] [EXEC] SELL_REPRICE_FRESH_APPLIED old=80639.96 new=80626.86 ask=80626.89 bid=80621.93
[11:27:01.650] [INFO] [EXEC] SELL_REPRICE_VALIDATION old=80639.96 new=80626.86 ask=80626.89 dist_ticks=2 source=fresh_snapshot
[11:27:01.650] [WARNING] [EXEC] SELL_FLOOR_BLOCKED price=80626.86 floor=80639.96 entry=80639.95 reason=below_min_profit source=fresh_after_far_cancel
[11:27:01.650] [INFO] [EXEC] PLACE_SELL_SOURCE source=fresh_after_far_cancel price=80639.96
[11:27:01.650] [OK] [EXEC] PLACE SELL price=80639.96 qty=0.049590
[11:27:01.916] [OK] [EXEC] SELL ORDER SENT orderId=385237514
[11:27:03.890] [INFO] [EXEC] SELL_WATCHDOG_SYNC orderId=385237514 status=NEW
[11:27:03.890] [WARNING] [EXEC] SELL_WATCHDOG_FAR_CANCEL orderId=385237514 price=80639.96 ask=80627.17 dist_ticks=1278
[11:27:04.423] [INFO] [EXEC] SELL_FAR_CANCEL_FINAL_STATUS status=CANCELED
[11:27:05.416] [INFO] [EXEC] SELL CHECK inventory=0.049600 reported=0.000000 remaining=0.049590 chunks=1
[11:27:05.416] [INFO] [EXEC] SELL_REPRICE_FRESH_APPLIED old=80639.96 new=80628.47 ask=80628.50 bid=80624.43
[11:27:05.416] [INFO] [EXEC] SELL_REPRICE_VALIDATION old=80639.96 new=80628.47 ask=80628.50 dist_ticks=2 source=fresh_snapshot
[11:27:05.431] [WARNING] [EXEC] SELL_FLOOR_BLOCKED price=80628.47 floor=80639.96 entry=80639.95 reason=below_min_profit source=fresh_after_far_cancel
[11:27:05.431] [INFO] [EXEC] PLACE_SELL_SOURCE source=fresh_after_far_cancel price=80639.96
[11:27:05.431] [OK] [EXEC] PLACE SELL price=80639.96 qty=0.049590
[11:27:05.682] [OK] [EXEC] SELL ORDER SENT orderId=385237665
[11:27:07.973] [INFO] [EXEC] SELL_WATCHDOG_SYNC orderId=385237665 status=NEW
[11:27:07.973] [WARNING] [EXEC] SELL_WATCHDOG_FAR_CANCEL orderId=385237665 price=80639.96 ask=80630.62 dist_ticks=933
[11:27:08.494] [INFO] [EXEC] SELL_FAR_CANCEL_FINAL_STATUS status=CANCELED
[11:27:09.494] [INFO] [EXEC] SELL CHECK inventory=0.049600 reported=0.000000 remaining=0.049590 chunks=1
[11:27:09.494] [INFO] [EXEC] SELL_REPRICE_FRESH_APPLIED old=80639.96 new=80629.01 ask=80629.04 bid=80619.31
[11:27:09.494] [INFO] [EXEC] SELL_REPRICE_VALIDATION old=80639.96 new=80629.01 ask=80629.04 dist_ticks=2 source=fresh_snapshot
[11:27:09.494] [WARNING] [EXEC] SELL_FLOOR_BLOCKED price=80629.01 floor=80639.96 entry=80639.95 reason=below_min_profit source=fresh_after_far_cancel
[11:27:09.494] [INFO] [EXEC] PLACE_SELL_SOURCE source=fresh_after_far_cancel price=80639.96
[11:27:09.510] [OK] [EXEC] PLACE SELL price=80639.96 qty=0.049590
[11:27:09.759] [OK] [EXEC] SELL ORDER SENT orderId=385237883
[11:27:11.791] [INFO] [EXEC] SELL_WATCHDOG_SYNC orderId=385237883 status=NEW
[11:27:11.791] [WARNING] [EXEC] SELL_WATCHDOG_FAR_CANCEL orderId=385237883 price=80639.96 ask=80630.76 dist_ticks=919
[11:27:12.322] [INFO] [EXEC] SELL_FAR_CANCEL_FINAL_STATUS status=CANCELED
[11:27:13.322] [INFO] [EXEC] SELL CHECK inventory=0.049600 reported=0.000000 remaining=0.049590 chunks=1
[11:27:13.322] [INFO] [EXEC] SELL_REPRICE_FRESH_APPLIED old=80639.96 new=80630.19 ask=80630.21 bid=80625.98
[11:27:13.322] [INFO] [EXEC] SELL_REPRICE_VALIDATION old=80639.96 new=80630.19 ask=80630.21 dist_ticks=2 source=fresh_snapshot
[11:27:13.322] [WARNING] [EXEC] SELL_FLOOR_BLOCKED price=80630.19 floor=80639.96 entry=80639.95 reason=below_min_profit source=fresh_after_far_cancel
[11:27:13.322] [INFO] [EXEC] PLACE_SELL_SOURCE source=fresh_after_far_cancel price=80639.96
[11:27:13.322] [OK] [EXEC] PLACE SELL price=80639.96 qty=0.049590
[11:27:13.588] [OK] [EXEC] SELL ORDER SENT orderId=385237986
[11:27:15.635] [INFO] [EXEC] SELL_WATCHDOG_SYNC orderId=385237986 status=NEW
[11:27:15.635] [WARNING] [EXEC] SELL_WATCHDOG_FAR_CANCEL orderId=385237986 price=80639.96 ask=80629.94 dist_ticks=1001
[11:27:16.229] [INFO] [EXEC] SELL_FAR_CANCEL_FINAL_STATUS status=CANCELED
[11:27:17.167] [INFO] [EXEC] SELL CHECK inventory=0.049600 reported=0.000000 remaining=0.049590 chunks=1
[11:27:17.183] [INFO] [EXEC] SELL_REPRICE_FRESH_APPLIED old=80639.96 new=80630.39 ask=80630.41 bid=80626.53
[11:27:17.184] [INFO] [EXEC] SELL_REPRICE_VALIDATION old=80639.96 new=80630.39 ask=80630.41 dist_ticks=2 source=fresh_snapshot
[11:27:17.185] [WARNING] [EXEC] SELL_FLOOR_BLOCKED price=80630.39 floor=80639.96 entry=80639.95 reason=below_min_profit source=fresh_after_far_cancel
[11:27:17.186] [INFO] [EXEC] PLACE_SELL_SOURCE source=fresh_after_far_cancel price=80639.96
[11:27:17.187] [OK] [EXEC] PLACE SELL price=80639.96 qty=0.049590
[11:27:17.447] [OK] [EXEC] SELL ORDER SENT orderId=385238077
[11:27:20.260] [INFO] [EXEC] SELL_WATCHDOG_SYNC orderId=385238077 status=NEW
[11:27:20.263] [WARNING] [EXEC] SELL_WATCHDOG_FAR_CANCEL orderId=385238077 price=80639.96 ask=80627.16 dist_ticks=1279
[11:27:20.792] [INFO] [EXEC] SELL_FAR_CANCEL_FINAL_STATUS status=CANCELED
[11:27:21.745] [INFO] [EXEC] SELL CHECK inventory=0.049600 reported=0.000000 remaining=0.049590 chunks=1
[11:27:21.745] [INFO] [EXEC] SELL_REPRICE_FRESH_APPLIED old=80639.96 new=80627.08 ask=80627.11 bid=80622.82
[11:27:21.745] [INFO] [EXEC] SELL_REPRICE_VALIDATION old=80639.96 new=80627.08 ask=80627.11 dist_ticks=2 source=fresh_snapshot
[11:27:21.745] [WARNING] [EXEC] SELL_FLOOR_BLOCKED price=80627.08 floor=80639.96 entry=80639.95 reason=below_min_profit source=fresh_after_far_cancel
[11:27:21.745] [INFO] [EXEC] PLACE_SELL_SOURCE source=fresh_after_far_cancel price=80639.96
[11:27:21.745] [OK] [EXEC] PLACE SELL price=80639.96 qty=0.049590
[11:27:22.020] [OK] [EXEC] SELL ORDER SENT orderId=385238295
[11:27:24.067] [INFO] [EXEC] SELL_WATCHDOG_SYNC orderId=385238295 status=NEW
[11:27:24.073] [WARNING] [EXEC] SELL_WATCHDOG_FAR_CANCEL orderId=385238295 price=80639.96 ask=80627.95 dist_ticks=1200
[11:27:24.603] [INFO] [EXEC] SELL_FAR_CANCEL_FINAL_STATUS status=CANCELED
[11:27:25.540] [INFO] [EXEC] SELL CHECK inventory=0.049600 reported=0.000000 remaining=0.049590 chunks=1
[11:27:25.556] [INFO] [EXEC] SELL_REPRICE_FRESH_APPLIED old=80639.96 new=80636.89 ask=80636.91 bid=80630.03
[11:27:25.556] [INFO] [EXEC] SELL_REPRICE_VALIDATION old=80639.96 new=80636.89 ask=80636.91 dist_ticks=2 source=fresh_snapshot
[11:27:25.556] [WARNING] [EXEC] SELL_FLOOR_BLOCKED price=80636.89 floor=80639.96 entry=80639.95 reason=below_min_profit source=fresh_after_far_cancel
[11:27:25.556] [INFO] [EXEC] PLACE_SELL_SOURCE source=fresh_after_far_cancel price=80639.96
[11:27:25.556] [OK] [EXEC] PLACE SELL price=80639.96 qty=0.049590
[11:27:25.822] [OK] [EXEC] SELL ORDER SENT orderId=385238538
[11:27:27.806] [INFO] [EXEC] SELL_WATCHDOG_SYNC orderId=385238538 status=NEW
[11:27:27.822] [WARNING] [EXEC] SELL_WATCHDOG_FAR_CANCEL orderId=385238538 price=80639.96 ask=80635.73 dist_ticks=422
[11:27:28.350] [INFO] [EXEC] SELL_FAR_CANCEL_FINAL_STATUS status=FILLED
[11:27:28.806] [WARNING] [EXEC] SELL_PENDING_WITHOUT_ORDER_FIXED
[11:27:29.344] [INFO] [EXEC] SELL CHECK inventory=0.049600 reported=0.000000 remaining=0.049590 chunks=1
[11:27:29.346] [INFO] [EXEC] SELL_REPRICE_FRESH_APPLIED old=80639.96 new=80639.15 ask=80639.18 bid=80634.71
[11:27:29.348] [INFO] [EXEC] SELL_REPRICE_VALIDATION old=80639.96 new=80639.15 ask=80639.18 dist_ticks=2 source=fresh_snapshot
[11:27:29.349] [WARNING] [EXEC] SELL_FLOOR_BLOCKED price=80639.15 floor=80639.96 entry=80639.95 reason=below_min_profit source=fresh_after_far_cancel
[11:27:29.350] [INFO] [EXEC] PLACE_SELL_SOURCE source=fresh_after_far_cancel price=80639.96
[11:27:29.351] [OK] [EXEC] PLACE SELL price=80639.96 qty=0.049590
[11:27:29.604] [OK] [EXEC] SELL ORDER SENT orderId=385238764
[11:27:31.134] [OK] [SYNC] order filled detected
[11:27:31.150] [OK] [SYNC] SELL filled on exchange
[11:27:31.150] [OK] [EXEC] FIFO CLOSE qty=0.049590 entry=80639.95 exit=80639.95 pnl=+0.000000
[11:27:31.150] [INFO] [EXEC] CHUNK DRAINED
[11:27:31.150] [INFO] [EXEC] SELL ACCOUNTING RESET flat
[11:27:31.150] [INFO] [EXEC] CYCLE SKIP no_fifo_pnl
[11:27:37.956] [INFO] [HEALTH] state=GOOD
[11:27:38.212] [INFO] [EXEC] SELL ACCOUNTING RESET new_cycle
[11:27:38.228] [OK] [EXEC] BUY ORDER SENT orderId=385239071 price=80635.00 qty=0.049600
[11:27:38.228] [OK] [EXEC] PLACE BUY price=80635.00 qty=0.049600
[11:27:38.759] [OK] [SYNC] order filled detected
[11:27:38.759] [OK] [SYNC] BUY filled on exchange
[11:27:38.759] [OK] [EXEC] BUY FILL UPDATE delta=0.049600 avg=80635.00
[11:27:38.759] [OK] [EXEC] CHUNK ADD qty=0.049600 entry=80635.00
[11:27:38.759] [INFO] [EXEC] CHUNK COUNT n=1
[11:27:38.759] [OK] [EXEC] INVENTORY qty=0.049600
[11:27:38.759] [OK] [EXEC] SELL REQUIRED inventory=0.049600
[11:27:39.494] [INFO] [EXEC] SELL CHECK inventory=0.049600 reported=0.000000 remaining=0.049590 chunks=1
[11:27:39.494] [INFO] [EXEC] PLACE_SELL_SOURCE source=plan price=80635.87
[11:27:39.494] [OK] [EXEC] PLACE SELL price=80635.87 qty=0.049590
[11:27:39.769] [OK] [EXEC] SELL ORDER SENT orderId=385239133
[11:27:39.774] [OK] [PLAN] HOT entry=80627.00 exit=80635.87 profit=0.440041 age=1007ms
[11:27:40.713] [INFO] [EXEC] SELL_UPSIZE_SKIPPED reason=exit_or_panic_active
[11:27:41.698] [INFO] [EXEC] SELL_WATCHDOG_SYNC orderId=385239133 status=NEW
[11:27:41.698] [WARNING] [EXEC] SELL_WATCHDOG_FAR_CANCEL orderId=385239133 price=80635.87 ask=80633.94 dist_ticks=192
[11:27:42.244] [INFO] [EXEC] SELL_FAR_CANCEL_FINAL_STATUS status=CANCELED
[11:27:44.005] [INFO] [EXEC] SELL CHECK inventory=0.049600 reported=0.000000 remaining=0.049590 chunks=1
[11:27:44.005] [INFO] [EXEC] SELL_REPRICE_FRESH_APPLIED old=80635.87 new=80625.97 ask=80626.00 bid=80618.42
[11:27:44.005] [INFO] [EXEC] SELL_REPRICE_VALIDATION old=80635.87 new=80625.97 ask=80626.00 dist_ticks=2 source=fresh_snapshot
[11:27:44.005] [WARNING] [EXEC] SELL_FLOOR_BLOCKED price=80625.97 floor=80635.01 entry=80635.00 reason=below_min_profit source=fresh_after_far_cancel
[11:27:44.005] [INFO] [EXEC] PLACE_SELL_SOURCE source=fresh_after_far_cancel price=80635.01
[11:27:44.005] [OK] [EXEC] PLACE SELL price=80635.01 qty=0.049590
[11:27:44.260] [OK] [EXEC] SELL ORDER SENT orderId=385239518
[11:27:46.306] [INFO] [EXEC] SELL_WATCHDOG_SYNC orderId=385239518 status=NEW
[11:27:46.306] [WARNING] [EXEC] SELL_WATCHDOG_FAR_CANCEL orderId=385239518 price=80635.01 ask=80609.99 dist_ticks=2501
[11:27:46.837] [INFO] [EXEC] SELL_FAR_CANCEL_FINAL_STATUS status=CANCELED
[11:27:47.838] [INFO] [EXEC] SELL CHECK inventory=0.049600 reported=0.000000 remaining=0.049590 chunks=1
[11:27:47.838] [INFO] [EXEC] SELL_REPRICE_FRESH_APPLIED old=80635.01 new=80613.47 ask=80613.50 bid=80607.59
[11:27:47.838] [INFO] [EXEC] SELL_REPRICE_VALIDATION old=80635.01 new=80613.47 ask=80613.50 dist_ticks=2 source=fresh_snapshot
[11:27:47.838] [WARNING] [EXEC] SELL_FLOOR_BLOCKED price=80613.47 floor=80635.01 entry=80635.00 reason=below_min_profit source=fresh_after_far_cancel
[11:27:47.838] [INFO] [EXEC] PLACE_SELL_SOURCE source=fresh_after_far_cancel price=80635.01
[11:27:47.838] [OK] [EXEC] PLACE SELL price=80635.01 qty=0.049590
[11:27:48.109] [OK] [EXEC] SELL ORDER SENT orderId=385239826
[11:27:50.892] [INFO] [EXEC] SELL_WATCHDOG_SYNC orderId=385239826 status=NEW
[11:27:50.892] [WARNING] [EXEC] SELL_WATCHDOG_FAR_CANCEL orderId=385239826 price=80635.01 ask=80613.46 dist_ticks=2154
[11:27:51.434] [INFO] [EXEC] SELL_FAR_CANCEL_FINAL_STATUS status=CANCELED
[11:27:52.400] [INFO] [EXEC] SELL CHECK inventory=0.049600 reported=0.000000 remaining=0.049590 chunks=1
[11:27:52.400] [INFO] [EXEC] SELL_REPRICE_FRESH_APPLIED old=80635.01 new=80611.44 ask=80611.46 bid=80607.85
[11:27:52.400] [INFO] [EXEC] SELL_REPRICE_VALIDATION old=80635.01 new=80611.44 ask=80611.46 dist_ticks=2 source=fresh_snapshot
[11:27:52.400] [WARNING] [EXEC] SELL_FLOOR_BLOCKED price=80611.44 floor=80635.01 entry=80635.00 reason=below_min_profit source=fresh_after_far_cancel
[11:27:52.400] [INFO] [EXEC] PLACE_SELL_SOURCE source=fresh_after_far_cancel price=80635.01
[11:27:52.416] [OK] [EXEC] PLACE SELL price=80635.01 qty=0.049590
[11:27:52.676] [OK] [EXEC] SELL ORDER SENT orderId=385240016
[11:27:55.453] [INFO] [EXEC] SELL_WATCHDOG_SYNC orderId=385240016 status=NEW
[11:27:55.457] [WARNING] [EXEC] SELL_WATCHDOG_FAR_CANCEL orderId=385240016 price=80635.01 ask=80609.75 dist_ticks=2525
[11:27:55.997] [INFO] [EXEC] SELL_FAR_CANCEL_FINAL_STATUS status=CANCELED
[11:27:57.016] [INFO] [EXEC] SELL CHECK inventory=0.049600 reported=0.000000 remaining=0.049590 chunks=1
[11:27:57.020] [INFO] [EXEC] SELL_REPRICE_FRESH_APPLIED old=80635.01 new=80609.73 ask=80609.76 bid=80605.79
[11:27:57.021] [INFO] [EXEC] SELL_REPRICE_VALIDATION old=80635.01 new=80609.73 ask=80609.76 dist_ticks=2 source=fresh_snapshot
[11:27:57.025] [WARNING] [EXEC] SELL_FLOOR_BLOCKED price=80609.73 floor=80635.01 entry=80635.00 reason=below_min_profit source=fresh_after_far_cancel
[11:27:57.028] [INFO] [EXEC] PLACE_SELL_SOURCE source=fresh_after_far_cancel price=80635.01
[11:27:57.029] [OK] [EXEC] PLACE SELL price=80635.01 qty=0.049590
[11:27:57.338] [OK] [EXEC] SELL ORDER SENT orderId=385240243
[11:27:59.243] [INFO] [EXEC] SELL_WATCHDOG_SYNC orderId=385240243 status=NEW
[11:27:59.243] [WARNING] [EXEC] SELL_WATCHDOG_FAR_CANCEL orderId=385240243 price=80635.01 ask=80614.03 dist_ticks=2097
[11:27:59.775] [INFO] [EXEC] SELL_FAR_CANCEL_FINAL_STATUS status=CANCELED
[11:28:01.310] [INFO] [EXEC] SELL CHECK inventory=0.049600 reported=0.000000 remaining=0.049590 chunks=1
[11:28:01.314] [INFO] [EXEC] SELL_REPRICE_FRESH_APPLIED old=80635.01 new=80613.62 ask=80613.65 bid=80609.57
[11:28:01.315] [INFO] [EXEC] SELL_REPRICE_VALIDATION old=80635.01 new=80613.62 ask=80613.65 dist_ticks=2 source=fresh_snapshot
[11:28:01.317] [WARNING] [EXEC] SELL_FLOOR_BLOCKED price=80613.62 floor=80635.01 entry=80635.00 reason=below_min_profit source=fresh_after_far_cancel
[11:28:01.318] [INFO] [EXEC] PLACE_SELL_SOURCE source=fresh_after_far_cancel price=80635.01
[11:28:01.320] [OK] [EXEC] PLACE SELL price=80635.01 qty=0.049590
[11:28:01.587] [OK] [EXEC] SELL ORDER SENT orderId=385240436
[11:28:04.062] [INFO] [EXEC] SELL_WATCHDOG_SYNC orderId=385240436 status=NEW
[11:28:04.066] [WARNING] [EXEC] SELL_WATCHDOG_FAR_CANCEL orderId=385240436 price=80635.01 ask=80609.72 dist_ticks=2528
[11:28:04.593] [INFO] [EXEC] SELL_FAR_CANCEL_FINAL_STATUS status=CANCELED
[11:28:05.603] [INFO] [EXEC] SELL CHECK inventory=0.049600 reported=0.000000 remaining=0.049590 chunks=1
[11:28:05.619] [INFO] [EXEC] SELL_REPRICE_FRESH_APPLIED old=80635.01 new=80613.47 ask=80613.49 bid=80609.26
[11:28:05.621] [INFO] [EXEC] SELL_REPRICE_VALIDATION old=80635.01 new=80613.47 ask=80613.49 dist_ticks=2 source=fresh_snapshot
[11:28:05.623] [WARNING] [EXEC] SELL_FLOOR_BLOCKED price=80613.47 floor=80635.01 entry=80635.00 reason=below_min_profit source=fresh_after_far_cancel
[11:28:05.624] [INFO] [EXEC] PLACE_SELL_SOURCE source=fresh_after_far_cancel price=80635.01
[11:28:05.625] [OK] [EXEC] PLACE SELL price=80635.01 qty=0.049590
[11:28:05.887] [OK] [EXEC] SELL ORDER SENT orderId=385240702
[11:28:08.181] [INFO] [EXEC] SELL_WATCHDOG_SYNC orderId=385240702 status=NEW
[11:28:08.181] [WARNING] [EXEC] SELL_WATCHDOG_FAR_CANCEL orderId=385240702 price=80635.01 ask=80612.83 dist_ticks=2217
[11:28:08.712] [INFO] [EXEC] SELL_FAR_CANCEL_FINAL_STATUS status=CANCELED
[11:28:09.702] [INFO] [EXEC] SELL CHECK inventory=0.049600 reported=0.000000 remaining=0.049590 chunks=1
[11:28:09.705] [INFO] [EXEC] SELL_REPRICE_FRESH_APPLIED old=80635.01 new=80611.89 ask=80611.92 bid=80608.05
[11:28:09.708] [INFO] [EXEC] SELL_REPRICE_VALIDATION old=80635.01 new=80611.89 ask=80611.92 dist_ticks=2 source=fresh_snapshot
[11:28:09.712] [WARNING] [EXEC] SELL_FLOOR_BLOCKED price=80611.89 floor=80635.01 entry=80635.00 reason=below_min_profit source=fresh_after_far_cancel
[11:28:09.713] [INFO] [EXEC] PLACE_SELL_SOURCE source=fresh_after_far_cancel price=80635.01
[11:28:09.713] [OK] [EXEC] PLACE SELL price=80635.01 qty=0.049590
[11:28:09.977] [OK] [EXEC] SELL ORDER SENT orderId=385240889
[11:28:11.944] [INFO] [EXEC] SELL_WATCHDOG_SYNC orderId=385240889 status=NEW
[11:28:11.948] [WARNING] [EXEC] SELL_WATCHDOG_FAR_CANCEL orderId=385240889 price=80635.01 ask=80612.15 dist_ticks=2286
[11:28:12.462] [INFO] [EXEC] SELL_FAR_CANCEL_FINAL_STATUS status=CANCELED
[11:28:13.474] [INFO] [EXEC] SELL CHECK inventory=0.049600 reported=0.000000 remaining=0.049590 chunks=1
[11:28:13.477] [INFO] [EXEC] SELL_REPRICE_FRESH_APPLIED old=80635.01 new=80613.34 ask=80613.37 bid=80609.73
[11:28:13.480] [INFO] [EXEC] SELL_REPRICE_VALIDATION old=80635.01 new=80613.34 ask=80613.37 dist_ticks=2 source=fresh_snapshot
[11:28:13.483] [WARNING] [EXEC] SELL_FLOOR_BLOCKED price=80613.34 floor=80635.01 entry=80635.00 reason=below_min_profit source=fresh_after_far_cancel
[11:28:13.485] [INFO] [EXEC] PLACE_SELL_SOURCE source=fresh_after_far_cancel price=80635.01
[11:28:13.486] [OK] [EXEC] PLACE SELL price=80635.01 qty=0.049590
[11:28:13.748] [OK] [EXEC] SELL ORDER SENT orderId=385240983
[11:28:15.728] [INFO] [EXEC] SELL_WATCHDOG_SYNC orderId=385240983 status=NEW
[11:28:15.744] [WARNING] [EXEC] SELL_WATCHDOG_FAR_CANCEL orderId=385240983 price=80635.01 ask=80612.81 dist_ticks=2219
[11:28:16.266] [INFO] [EXEC] SELL_FAR_CANCEL_FINAL_STATUS status=CANCELED
[11:28:17.306] [INFO] [EXEC] SELL CHECK inventory=0.049600 reported=0.000000 remaining=0.049590 chunks=1
[11:28:17.306] [INFO] [EXEC] SELL_REPRICE_FRESH_APPLIED old=80635.01 new=80612.30 ask=80612.32 bid=80608.52
[11:28:17.322] [INFO] [EXEC] SELL_REPRICE_VALIDATION old=80635.01 new=80612.30 ask=80612.32 dist_ticks=2 source=fresh_snapshot
[11:28:17.323] [WARNING] [EXEC] SELL_FLOOR_BLOCKED price=80612.30 floor=80635.01 entry=80635.00 reason=below_min_profit source=fresh_after_far_cancel
[11:28:17.325] [INFO] [EXEC] PLACE_SELL_SOURCE source=fresh_after_far_cancel price=80635.01
[11:28:17.326] [OK] [EXEC] PLACE SELL price=80635.01 qty=0.049590
[11:28:17.587] [OK] [EXEC] SELL ORDER SENT orderId=385241111
[11:28:20.385] [INFO] [EXEC] SELL_WATCHDOG_SYNC orderId=385241111 status=NEW
[11:28:20.385] [WARNING] [EXEC] SELL_WATCHDOG_FAR_CANCEL orderId=385241111 price=80635.01 ask=80613.07 dist_ticks=2193
[11:28:20.910] [INFO] [EXEC] SELL_FAR_CANCEL_FINAL_STATUS status=CANCELED
[11:28:21.910] [INFO] [EXEC] SELL CHECK inventory=0.049600 reported=0.000000 remaining=0.049590 chunks=1
[11:28:21.910] [INFO] [EXEC] SELL_REPRICE_FRESH_APPLIED old=80635.01 new=80612.67 ask=80612.69 bid=80608.46
[11:28:21.910] [INFO] [EXEC] SELL_REPRICE_VALIDATION old=80635.01 new=80612.67 ask=80612.69 dist_ticks=2 source=fresh_snapshot
[11:28:21.925] [WARNING] [EXEC] SELL_FLOOR_BLOCKED price=80612.67 floor=80635.01 entry=80635.00 reason=below_min_profit source=fresh_after_far_cancel
[11:28:21.925] [INFO] [EXEC] PLACE_SELL_SOURCE source=fresh_after_far_cancel price=80635.01
[11:28:21.925] [OK] [EXEC] PLACE SELL price=80635.01 qty=0.049590
[11:28:22.181] [OK] [EXEC] SELL ORDER SENT orderId=385241182
[11:28:24.206] [INFO] [EXEC] SELL_WATCHDOG_SYNC orderId=385241182 status=NEW
[11:28:24.206] [WARNING] [EXEC] SELL_WATCHDOG_FAR_CANCEL orderId=385241182 price=80635.01 ask=80610.15 dist_ticks=2486
[11:28:24.744] [INFO] [EXEC] SELL_FAR_CANCEL_FINAL_STATUS status=CANCELED
[11:28:25.961] [INFO] [EXEC] SELL CHECK inventory=0.049600 reported=0.000000 remaining=0.049590 chunks=1
[11:28:25.966] [INFO] [EXEC] SELL_REPRICE_FRESH_APPLIED old=80635.01 new=80606.00 ask=80606.02 bid=80600.48
[11:28:25.970] [INFO] [EXEC] SELL_REPRICE_VALIDATION old=80635.01 new=80606.00 ask=80606.02 dist_ticks=2 source=fresh_snapshot
[11:28:25.973] [WARNING] [EXEC] SELL_FLOOR_BLOCKED price=80606.00 floor=80635.01 entry=80635.00 reason=below_min_profit source=fresh_after_far_cancel
[11:28:25.975] [INFO] [EXEC] PLACE_SELL_SOURCE source=fresh_after_far_cancel price=80635.01
[11:28:25.977] [OK] [EXEC] PLACE SELL price=80635.01 qty=0.049590
[11:28:26.229] [OK] [EXEC] SELL ORDER SENT orderId=385241428
[11:28:28.213] [INFO] [EXEC] SELL_WATCHDOG_SYNC orderId=385241428 status=NEW
[11:28:28.213] [WARNING] [EXEC] SELL_WATCHDOG_FAR_CANCEL orderId=385241428 price=80635.01 ask=80609.48 dist_ticks=2552
[11:28:28.776] [INFO] [EXEC] SELL_FAR_CANCEL_FINAL_STATUS status=CANCELED
[11:28:29.728] [INFO] [EXEC] SELL CHECK inventory=0.049600 reported=0.000000 remaining=0.049590 chunks=1
[11:28:29.728] [INFO] [EXEC] SELL_REPRICE_FRESH_APPLIED old=80635.01 new=80609.45 ask=80609.48 bid=80598.77
[11:28:29.728] [INFO] [EXEC] SELL_REPRICE_VALIDATION old=80635.01 new=80609.45 ask=80609.48 dist_ticks=2 source=fresh_snapshot
[11:28:29.744] [WARNING] [EXEC] SELL_FLOOR_BLOCKED price=80609.45 floor=80635.01 entry=80635.00 reason=below_min_profit source=fresh_after_far_cancel
[11:28:29.744] [INFO] [EXEC] PLACE_SELL_SOURCE source=fresh_after_far_cancel price=80635.01
[11:28:29.744] [OK] [EXEC] PLACE SELL price=80635.01 qty=0.049590
[11:28:30.007] [OK] [EXEC] SELL ORDER SENT orderId=385241468
[11:28:30.007] [OK] [PLAN] HOT entry=80599.77 exit=80608.98 profit=0.457000 age=2240ms
[11:28:32.274] [INFO] [EXEC] SELL_WATCHDOG_SYNC orderId=385241468 status=NEW
[11:28:32.274] [WARNING] [EXEC] SELL_WATCHDOG_FAR_CANCEL orderId=385241468 price=80635.01 ask=80602.66 dist_ticks=3234
[11:28:32.809] [INFO] [EXEC] SELL_FAR_CANCEL_FINAL_STATUS status=CANCELED
[11:28:33.807] [INFO] [EXEC] SELL CHECK inventory=0.049600 reported=0.000000 remaining=0.049590 chunks=1
[11:28:33.822] [INFO] [EXEC] SELL_REPRICE_FRESH_APPLIED old=80635.01 new=80603.19 ask=80603.21 bid=80595.25
[11:28:33.822] [INFO] [EXEC] SELL_REPRICE_VALIDATION old=80635.01 new=80603.19 ask=80603.21 dist_ticks=2 source=fresh_snapshot
[11:28:33.822] [WARNING] [EXEC] SELL_FLOOR_BLOCKED price=80603.19 floor=80635.01 entry=80635.00 reason=below_min_profit source=fresh_after_far_cancel
[11:28:33.822] [INFO] [EXEC] PLACE_SELL_SOURCE source=fresh_after_far_cancel price=80635.01
[11:28:33.822] [OK] [EXEC] PLACE SELL price=80635.01 qty=0.049590
[11:28:34.091] [OK] [EXEC] SELL ORDER SENT orderId=385241547
[11:28:36.556] [INFO] [EXEC] SELL_WATCHDOG_SYNC orderId=385241547 status=NEW
[11:28:36.556] [WARNING] [EXEC] SELL_WATCHDOG_FAR_CANCEL orderId=385241547 price=80635.01 ask=80602.37 dist_ticks=3263
[11:28:37.088] [INFO] [EXEC] SELL_FAR_CANCEL_FINAL_STATUS status=CANCELED
[11:28:38.592] [INFO] [EXEC] SELL CHECK inventory=0.049600 reported=0.000000 remaining=0.049590 chunks=1
[11:28:38.594] [INFO] [EXEC] SELL_REPRICE_FRESH_APPLIED old=80635.01 new=80601.40 ask=80601.43 bid=80595.81
[11:28:38.596] [INFO] [EXEC] SELL_REPRICE_VALIDATION old=80635.01 new=80601.40 ask=80601.43 dist_ticks=2 source=fresh_snapshot
[11:28:38.598] [WARNING] [EXEC] SELL_FLOOR_BLOCKED price=80601.40 floor=80635.01 entry=80635.00 reason=below_min_profit source=fresh_after_far_cancel
[11:28:38.599] [INFO] [EXEC] PLACE_SELL_SOURCE source=fresh_after_far_cancel price=80635.01
[11:28:38.601] [OK] [EXEC] PLACE SELL price=80635.01 qty=0.049590
[11:28:38.863] [OK] [EXEC] SELL ORDER SENT orderId=385241618
[11:28:41.822] [INFO] [EXEC] SELL_WATCHDOG_SYNC orderId=385241618 status=NEW
[11:28:41.822] [WARNING] [EXEC] SELL_WATCHDOG_FAR_CANCEL orderId=385241618 price=80635.01 ask=80600.67 dist_ticks=3433
[11:28:42.353] [INFO] [EXEC] SELL_FAR_CANCEL_FINAL_STATUS status=CANCELED
[11:28:44.166] [INFO] [EXEC] SELL CHECK inventory=0.049600 reported=0.000000 remaining=0.049590 chunks=1
[11:28:44.167] [INFO] [EXEC] SELL_REPRICE_FRESH_APPLIED old=80635.01 new=80601.06 ask=80601.08 bid=80596.40
[11:28:44.167] [INFO] [EXEC] SELL_REPRICE_VALIDATION old=80635.01 new=80601.06 ask=80601.08 dist_ticks=2 source=fresh_snapshot
[11:28:44.167] [WARNING] [EXEC] SELL_FLOOR_BLOCKED price=80601.06 floor=80635.01 entry=80635.00 reason=below_min_profit source=fresh_after_far_cancel
[11:28:44.167] [INFO] [EXEC] PLACE_SELL_SOURCE source=fresh_after_far_cancel price=80635.01
[11:28:44.167] [OK] [EXEC] PLACE SELL price=80635.01 qty=0.049590
[11:28:44.432] [OK] [EXEC] SELL ORDER SENT orderId=385241692
[11:28:47.709] [INFO] [EXEC] SELL_WATCHDOG_SYNC orderId=385241692 status=NEW
[11:28:47.714] [WARNING] [EXEC] SELL_WATCHDOG_FAR_CANCEL orderId=385241692 price=80635.01 ask=80605.24 dist_ticks=2976
[11:28:48.237] [INFO] [EXEC] SELL_FAR_CANCEL_FINAL_STATUS status=CANCELED
[11:28:49.209] [INFO] [EXEC] SELL CHECK inventory=0.049600 reported=0.000000 remaining=0.049590 chunks=1
[11:28:49.215] [INFO] [EXEC] SELL_REPRICE_FRESH_APPLIED old=80635.01 new=80602.34 ask=80602.37 bid=80598.03
[11:28:49.219] [INFO] [EXEC] SELL_REPRICE_VALIDATION old=80635.01 new=80602.34 ask=80602.37 dist_ticks=2 source=fresh_snapshot
[11:28:49.225] [WARNING] [EXEC] SELL_FLOOR_BLOCKED price=80602.34 floor=80635.01 entry=80635.00 reason=below_min_profit source=fresh_after_far_cancel
[11:28:49.228] [INFO] [EXEC] PLACE_SELL_SOURCE source=fresh_after_far_cancel price=80635.01
[11:28:49.230] [OK] [EXEC] PLACE SELL price=80635.01 qty=0.049590
[11:28:49.493] [OK] [EXEC] SELL ORDER SENT orderId=385241779
[11:28:51.738] [INFO] [EXEC] SELL_WATCHDOG_SYNC orderId=385241779 status=NEW
[11:28:51.741] [WARNING] [EXEC] SELL_WATCHDOG_FAR_CANCEL orderId=385241779 price=80635.01 ask=80601.87 dist_ticks=3313
[11:28:52.279] [INFO] [EXEC] SELL_FAR_CANCEL_FINAL_STATUS status=CANCELED
[11:28:53.238] [INFO] [EXEC] SELL CHECK inventory=0.049600 reported=0.000000 remaining=0.049590 chunks=1
[11:28:53.245] [INFO] [EXEC] SELL_REPRICE_FRESH_APPLIED old=80635.01 new=80602.47 ask=80602.50 bid=80597.75
[11:28:53.247] [INFO] [EXEC] SELL_REPRICE_VALIDATION old=80635.01 new=80602.47 ask=80602.50 dist_ticks=2 source=fresh_snapshot
[11:28:53.249] [WARNING] [EXEC] SELL_FLOOR_BLOCKED price=80602.47 floor=80635.01 entry=80635.00 reason=below_min_profit source=fresh_after_far_cancel
[11:28:53.251] [INFO] [EXEC] PLACE_SELL_SOURCE source=fresh_after_far_cancel price=80635.01
[11:28:53.253] [OK] [EXEC] PLACE SELL price=80635.01 qty=0.049590
[11:28:53.508] [OK] [EXEC] SELL ORDER SENT orderId=385241869
[11:28:56.258] [INFO] [EXEC] SELL_WATCHDOG_SYNC orderId=385241869 status=NEW
[11:28:56.263] [WARNING] [EXEC] SELL_WATCHDOG_FAR_CANCEL orderId=385241869 price=80635.01 ask=80603.05 dist_ticks=3195
[11:28:56.784] [INFO] [EXEC] SELL_FAR_CANCEL_FINAL_STATUS status=CANCELED
[11:28:57.786] [INFO] [EXEC] SELL CHECK inventory=0.049600 reported=0.000000 remaining=0.049590 chunks=1
[11:28:57.788] [INFO] [EXEC] SELL_REPRICE_FRESH_APPLIED old=80635.01 new=80603.03 ask=80603.05 bid=80598.68
[11:28:57.790] [INFO] [EXEC] SELL_REPRICE_VALIDATION old=80635.01 new=80603.03 ask=80603.05 dist_ticks=2 source=fresh_snapshot
[11:28:57.791] [WARNING] [EXEC] SELL_FLOOR_BLOCKED price=80603.03 floor=80635.01 entry=80635.00 reason=below_min_profit source=fresh_after_far_cancel
[11:28:57.792] [INFO] [EXEC] PLACE_SELL_SOURCE source=fresh_after_far_cancel price=80635.01
[11:28:57.795] [OK] [EXEC] PLACE SELL price=80635.01 qty=0.049590
[11:28:58.051] [OK] [EXEC] SELL ORDER SENT orderId=385241912
[11:29:01.525] [INFO] [EXEC] SELL_WATCHDOG_SYNC orderId=385241912 status=NEW
[11:29:01.525] [WARNING] [EXEC] SELL_WATCHDOG_FAR_CANCEL orderId=385241912 price=80635.01 ask=80615.73 dist_ticks=1927
[11:29:02.545] [INFO] [EXEC] SELL_FAR_CANCEL_FINAL_STATUS status=CANCELED
[11:29:03.567] [INFO] [EXEC] SELL CHECK inventory=0.049600 reported=0.000000 remaining=0.049590 chunks=1
[11:29:03.567] [INFO] [EXEC] SELL_REPRICE_FRESH_APPLIED old=80635.01 new=80614.20 ask=80614.22 bid=80609.90
[11:29:03.575] [INFO] [EXEC] SELL_REPRICE_VALIDATION old=80635.01 new=80614.20 ask=80614.22 dist_ticks=2 source=fresh_snapshot
[11:29:03.576] [WARNING] [EXEC] SELL_FLOOR_BLOCKED price=80614.20 floor=80635.01 entry=80635.00 reason=below_min_profit source=fresh_after_far_cancel
[11:29:03.578] [INFO] [EXEC] PLACE_SELL_SOURCE source=fresh_after_far_cancel price=80635.01
[11:29:03.579] [OK] [EXEC] PLACE SELL price=80635.01 qty=0.049590
[11:29:03.837] [OK] [EXEC] SELL ORDER SENT orderId=385242275
[11:29:06.395] [INFO] [EXEC] SELL_WATCHDOG_SYNC orderId=385242275 status=NEW
[11:29:06.396] [WARNING] [EXEC] SELL_WATCHDOG_FAR_CANCEL orderId=385242275 price=80635.01 ask=80615.39 dist_ticks=1961
[11:29:06.925] [INFO] [EXEC] SELL_FAR_CANCEL_FINAL_STATUS status=CANCELED
[11:29:08.108] [INFO] [EXEC] SELL CHECK inventory=0.049600 reported=0.000000 remaining=0.049590 chunks=1
[11:29:08.115] [INFO] [EXEC] SELL_REPRICE_FRESH_APPLIED old=80635.01 new=80616.70 ask=80616.73 bid=80611.71
[11:29:08.115] [INFO] [EXEC] SELL_REPRICE_VALIDATION old=80635.01 new=80616.70 ask=80616.73 dist_ticks=2 source=fresh_snapshot
[11:29:08.115] [WARNING] [EXEC] SELL_FLOOR_BLOCKED price=80616.70 floor=80635.01 entry=80635.00 reason=below_min_profit source=fresh_after_far_cancel
[11:29:08.123] [INFO] [EXEC] PLACE_SELL_SOURCE source=fresh_after_far_cancel price=80635.01
[11:29:08.125] [OK] [EXEC] PLACE SELL price=80635.01 qty=0.049590
[11:29:08.397] [OK] [EXEC] SELL ORDER SENT orderId=385242435
[11:29:10.411] [INFO] [EXEC] SELL_WATCHDOG_SYNC orderId=385242435 status=NEW
[11:29:10.415] [WARNING] [EXEC] SELL_WATCHDOG_FAR_CANCEL orderId=385242435 price=80635.01 ask=80626.00 dist_ticks=900
[11:29:10.945] [INFO] [EXEC] SELL_FAR_CANCEL_FINAL_STATUS status=CANCELED
[11:29:11.923] [INFO] [EXEC] SELL CHECK inventory=0.049600 reported=0.000000 remaining=0.049590 chunks=1
[11:29:11.925] [INFO] [EXEC] SELL_REPRICE_FRESH_APPLIED old=80635.01 new=80622.97 ask=80622.99 bid=80618.67
[11:29:11.927] [INFO] [EXEC] SELL_REPRICE_VALIDATION old=80635.01 new=80622.97 ask=80622.99 dist_ticks=2 source=fresh_snapshot
[11:29:11.929] [WARNING] [EXEC] SELL_FLOOR_BLOCKED price=80622.97 floor=80635.01 entry=80635.00 reason=below_min_profit source=fresh_after_far_cancel
[11:29:11.930] [INFO] [EXEC] PLACE_SELL_SOURCE source=fresh_after_far_cancel price=80635.01
[11:29:11.930] [OK] [EXEC] PLACE SELL price=80635.01 qty=0.049590
[11:29:12.192] [OK] [EXEC] SELL ORDER SENT orderId=385242765
[11:29:14.461] [INFO] [EXEC] SELL_WATCHDOG_SYNC orderId=385242765 status=NEW
[11:29:14.464] [WARNING] [EXEC] SELL_WATCHDOG_FAR_CANCEL orderId=385242765 price=80635.01 ask=80621.99 dist_ticks=1301
[11:29:15.023] [INFO] [EXEC] SELL_FAR_CANCEL_FINAL_STATUS status=CANCELED
[11:29:16.025] [INFO] [EXEC] SELL CHECK inventory=0.049600 reported=0.000000 remaining=0.049590 chunks=1
[11:29:16.041] [INFO] [EXEC] SELL_REPRICE_FRESH_APPLIED old=80635.01 new=80621.50 ask=80621.52 bid=80617.37
[11:29:16.041] [INFO] [EXEC] SELL_REPRICE_VALIDATION old=80635.01 new=80621.50 ask=80621.52 dist_ticks=2 source=fresh_snapshot
[11:29:16.041] [WARNING] [EXEC] SELL_FLOOR_BLOCKED price=80621.50 floor=80635.01 entry=80635.00 reason=below_min_profit source=fresh_after_far_cancel
[11:29:16.041] [INFO] [EXEC] PLACE_SELL_SOURCE source=fresh_after_far_cancel price=80635.01
[11:29:16.041] [OK] [EXEC] PLACE SELL price=80635.01 qty=0.049590
[11:29:16.310] [OK] [EXEC] SELL ORDER SENT orderId=385242942
[11:29:18.837] [INFO] [EXEC] SELL_WATCHDOG_SYNC orderId=385242942 status=NEW
[11:29:18.844] [WARNING] [EXEC] SELL_WATCHDOG_FAR_CANCEL orderId=385242942 price=80635.01 ask=80617.63 dist_ticks=1737
[11:29:19.383] [INFO] [EXEC] SELL_FAR_CANCEL_FINAL_STATUS status=CANCELED
[11:29:20.554] [INFO] [EXEC] SELL CHECK inventory=0.049600 reported=0.000000 remaining=0.049590 chunks=1
[11:29:20.557] [INFO] [EXEC] SELL_REPRICE_FRESH_APPLIED old=80635.01 new=80617.61 ask=80617.63 bid=80615.07
[11:29:20.558] [INFO] [EXEC] SELL_REPRICE_VALIDATION old=80635.01 new=80617.61 ask=80617.63 dist_ticks=2 source=fresh_snapshot
[11:29:20.560] [WARNING] [EXEC] SELL_FLOOR_BLOCKED price=80617.61 floor=80635.01 entry=80635.00 reason=below_min_profit source=fresh_after_far_cancel
[11:29:20.562] [INFO] [EXEC] PLACE_SELL_SOURCE source=fresh_after_far_cancel price=80635.01
[11:29:20.563] [OK] [EXEC] PLACE SELL price=80635.01 qty=0.049590
[11:29:20.825] [OK] [EXEC] SELL ORDER SENT orderId=385243077
[11:29:22.804] [INFO] [EXEC] SELL_WATCHDOG_SYNC orderId=385243077 status=NEW
[11:29:22.805] [WARNING] [EXEC] SELL_WATCHDOG_FAR_CANCEL orderId=385243077 price=80635.01 ask=80619.75 dist_ticks=1525
[11:29:23.347] [INFO] [EXEC] SELL_FAR_CANCEL_FINAL_STATUS status=CANCELED
[11:29:24.339] [INFO] [EXEC] SELL CHECK inventory=0.049600 reported=0.000000 remaining=0.049590 chunks=1
[11:29:24.341] [INFO] [EXEC] SELL_REPRICE_FRESH_APPLIED old=80635.01 new=80619.28 ask=80619.30 bid=80615.99
[11:29:24.342] [INFO] [EXEC] SELL_REPRICE_VALIDATION old=80635.01 new=80619.28 ask=80619.30 dist_ticks=2 source=fresh_snapshot
[11:29:24.344] [WARNING] [EXEC] SELL_FLOOR_BLOCKED price=80619.28 floor=80635.01 entry=80635.00 reason=below_min_profit source=fresh_after_far_cancel
[11:29:24.346] [INFO] [EXEC] PLACE_SELL_SOURCE source=fresh_after_far_cancel price=80635.01
[11:29:24.347] [OK] [EXEC] PLACE SELL price=80635.01 qty=0.049590
[11:29:24.603] [OK] [EXEC] SELL ORDER SENT orderId=385243160
[11:29:26.850] [INFO] [EXEC] SELL_WATCHDOG_SYNC orderId=385243160 status=NEW
[11:29:26.852] [WARNING] [EXEC] SELL_WATCHDOG_FAR_CANCEL orderId=385243160 price=80635.01 ask=80619.83 dist_ticks=1517
[11:29:27.391] [INFO] [EXEC] SELL_FAR_CANCEL_FINAL_STATUS status=CANCELED
[11:29:28.374] [INFO] [EXEC] SELL CHECK inventory=0.049600 reported=0.000000 remaining=0.049590 chunks=1
[11:29:28.379] [INFO] [EXEC] SELL_REPRICE_FRESH_APPLIED old=80635.01 new=80617.97 ask=80618.00 bid=80615.18
[11:29:28.382] [INFO] [EXEC] SELL_REPRICE_VALIDATION old=80635.01 new=80617.97 ask=80618.00 dist_ticks=2 source=fresh_snapshot
[11:29:28.386] [WARNING] [EXEC] SELL_FLOOR_BLOCKED price=80617.97 floor=80635.01 entry=80635.00 reason=below_min_profit source=fresh_after_far_cancel
[11:29:28.390] [INFO] [EXEC] PLACE_SELL_SOURCE source=fresh_after_far_cancel price=80635.01
[11:29:28.395] [OK] [EXEC] PLACE SELL price=80635.01 qty=0.049590
[11:29:28.666] [OK] [EXEC] SELL ORDER SENT orderId=385243252
[11:29:30.788] [INFO] [EXEC] SELL_WATCHDOG_SYNC orderId=385243252 status=NEW
[11:29:30.791] [WARNING] [EXEC] SELL_WATCHDOG_FAR_CANCEL orderId=385243252 price=80635.01 ask=80619.55 dist_ticks=1545
[11:29:31.343] [INFO] [EXEC] SELL_FAR_CANCEL_FINAL_STATUS status=CANCELED
[11:29:32.162] [INFO] [EXEC] SELL CHECK inventory=0.049600 reported=0.000000 remaining=0.049590 chunks=1
[11:29:32.168] [INFO] [EXEC] SELL_REPRICE_FRESH_APPLIED old=80635.01 new=80619.42 ask=80619.44 bid=80615.16
[11:29:32.171] [INFO] [EXEC] SELL_REPRICE_VALIDATION old=80635.01 new=80619.42 ask=80619.44 dist_ticks=2 source=fresh_snapshot
[11:29:32.173] [WARNING] [EXEC] SELL_FLOOR_BLOCKED price=80619.42 floor=80635.01 entry=80635.00 reason=below_min_profit source=fresh_after_far_cancel
[11:29:32.174] [INFO] [EXEC] PLACE_SELL_SOURCE source=fresh_after_far_cancel price=80635.01
[11:29:32.176] [OK] [EXEC] PLACE SELL price=80635.01 qty=0.049590
[11:29:32.441] [OK] [EXEC] SELL ORDER SENT orderId=385243338
[11:29:34.469] [INFO] [EXEC] SELL_WATCHDOG_SYNC orderId=385243338 status=NEW
[11:29:34.474] [WARNING] [EXEC] SELL_WATCHDOG_FAR_CANCEL orderId=385243338 price=80635.01 ask=80619.99 dist_ticks=1501
[11:29:35.010] [INFO] [EXEC] SELL_FAR_CANCEL_FINAL_STATUS status=CANCELED
[11:29:36.009] [INFO] [EXEC] SELL CHECK inventory=0.049600 reported=0.000000 remaining=0.049590 chunks=1
[11:29:36.013] [INFO] [EXEC] SELL_REPRICE_FRESH_APPLIED old=80635.01 new=80619.65 ask=80619.68 bid=80616.24
[11:29:36.017] [INFO] [EXEC] SELL_REPRICE_VALIDATION old=80635.01 new=80619.65 ask=80619.68 dist_ticks=2 source=fresh_snapshot
[11:29:36.020] [WARNING] [EXEC] SELL_FLOOR_BLOCKED price=80619.65 floor=80635.01 entry=80635.00 reason=below_min_profit source=fresh_after_far_cancel
[11:29:36.021] [INFO] [EXEC] PLACE_SELL_SOURCE source=fresh_after_far_cancel price=80635.01
[11:29:36.023] [OK] [EXEC] PLACE SELL price=80635.01 qty=0.049590
[11:29:36.284] [OK] [EXEC] SELL ORDER SENT orderId=385243385
[11:29:38.565] [INFO] [EXEC] SELL_WATCHDOG_SYNC orderId=385243385 status=NEW
[11:29:38.572] [WARNING] [EXEC] SELL_WATCHDOG_FAR_CANCEL orderId=385243385 price=80635.01 ask=80622.25 dist_ticks=1275
[11:29:39.123] [INFO] [EXEC] SELL_FAR_CANCEL_FINAL_STATUS status=CANCELED
[11:29:40.090] [INFO] [EXEC] SELL CHECK inventory=0.049600 reported=0.000000 remaining=0.049590 chunks=1
[11:29:40.093] [INFO] [EXEC] SELL_REPRICE_FRESH_APPLIED old=80635.01 new=80625.31 ask=80625.34 bid=80621.12
[11:29:40.093] [INFO] [EXEC] SELL_REPRICE_VALIDATION old=80635.01 new=80625.31 ask=80625.34 dist_ticks=2 source=fresh_snapshot
[11:29:40.097] [WARNING] [EXEC] SELL_FLOOR_BLOCKED price=80625.31 floor=80635.01 entry=80635.00 reason=below_min_profit source=fresh_after_far_cancel
[11:29:40.100] [INFO] [EXEC] PLACE_SELL_SOURCE source=fresh_after_far_cancel price=80635.01
[11:29:40.100] [OK] [EXEC] PLACE SELL price=80635.01 qty=0.049590
[11:29:40.356] [OK] [EXEC] SELL ORDER SENT orderId=385243594
[11:29:42.423] [INFO] [EXEC] SELL_WATCHDOG_SYNC orderId=385243594 status=NEW
[11:29:42.425] [WARNING] [EXEC] SELL_WATCHDOG_FAR_CANCEL orderId=385243594 price=80635.01 ask=80625.89 dist_ticks=911
[11:29:42.972] [INFO] [EXEC] SELL_FAR_CANCEL_FINAL_STATUS status=CANCELED
[11:29:44.198] [INFO] [EXEC] SELL CHECK inventory=0.049600 reported=0.000000 remaining=0.049590 chunks=1
[11:29:44.198] [INFO] [EXEC] SELL_REPRICE_FRESH_APPLIED old=80635.01 new=80625.34 ask=80625.37 bid=80621.17
[11:29:44.198] [INFO] [EXEC] SELL_REPRICE_VALIDATION old=80635.01 new=80625.34 ask=80625.37 dist_ticks=2 source=fresh_snapshot
[11:29:44.198] [WARNING] [EXEC] SELL_FLOOR_BLOCKED price=80625.34 floor=80635.01 entry=80635.00 reason=below_min_profit source=fresh_after_far_cancel
[11:29:44.214] [INFO] [EXEC] PLACE_SELL_SOURCE source=fresh_after_far_cancel price=80635.01
[11:29:44.214] [OK] [EXEC] PLACE SELL price=80635.01 qty=0.049590
[11:29:44.478] [OK] [EXEC] SELL ORDER SENT orderId=385243818
[11:29:46.478] [INFO] [EXEC] SELL_WATCHDOG_SYNC orderId=385243818 status=NEW
[11:29:46.478] [WARNING] [EXEC] SELL_WATCHDOG_FAR_CANCEL orderId=385243818 price=80635.01 ask=80625.54 dist_ticks=947
[11:29:47.006] [INFO] [EXEC] SELL_FAR_CANCEL_FINAL_STATUS status=CANCELED
[11:29:48.009] [INFO] [EXEC] SELL CHECK inventory=0.049600 reported=0.000000 remaining=0.049590 chunks=1
[11:29:48.025] [INFO] [EXEC] SELL_REPRICE_FRESH_APPLIED old=80635.01 new=80625.62 ask=80625.65 bid=80621.84
[11:29:48.025] [INFO] [EXEC] SELL_REPRICE_VALIDATION old=80635.01 new=80625.62 ask=80625.65 dist_ticks=2 source=fresh_snapshot
[11:29:48.025] [WARNING] [EXEC] SELL_FLOOR_BLOCKED price=80625.62 floor=80635.01 entry=80635.00 reason=below_min_profit source=fresh_after_far_cancel
[11:29:48.025] [INFO] [EXEC] PLACE_SELL_SOURCE source=fresh_after_far_cancel price=80635.01
[11:29:48.025] [OK] [EXEC] PLACE SELL price=80635.01 qty=0.049590
[11:29:48.292] [OK] [EXEC] SELL ORDER SENT orderId=385243911
[11:29:50.556] [INFO] [EXEC] SELL_WATCHDOG_SYNC orderId=385243911 status=NEW
[11:29:50.556] [WARNING] [EXEC] SELL_WATCHDOG_FAR_CANCEL orderId=385243911 price=80635.01 ask=80625.99 dist_ticks=901
[11:29:51.107] [INFO] [EXEC] SELL_FAR_CANCEL_FINAL_STATUS status=CANCELED
[11:29:52.092] [INFO] [EXEC] SELL CHECK inventory=0.049600 reported=0.000000 remaining=0.049590 chunks=1
[11:29:52.092] [INFO] [EXEC] SELL_REPRICE_FRESH_APPLIED old=80635.01 new=80627.12 ask=80627.15 bid=80622.71
[11:29:52.092] [INFO] [EXEC] SELL_REPRICE_VALIDATION old=80635.01 new=80627.12 ask=80627.15 dist_ticks=2 source=fresh_snapshot
[11:29:52.092] [WARNING] [EXEC] SELL_FLOOR_BLOCKED price=80627.12 floor=80635.01 entry=80635.00 reason=below_min_profit source=fresh_after_far_cancel
[11:29:52.108] [INFO] [EXEC] PLACE_SELL_SOURCE source=fresh_after_far_cancel price=80635.01
[11:29:52.108] [OK] [EXEC] PLACE SELL price=80635.01 qty=0.049590
[11:29:52.370] [OK] [EXEC] SELL ORDER SENT orderId=385244084
[11:29:54.343] [INFO] [EXEC] SELL_WATCHDOG_SYNC orderId=385244084 status=NEW
[11:29:54.347] [WARNING] [EXEC] SELL_WATCHDOG_FAR_CANCEL orderId=385244084 price=80635.01 ask=80627.74 dist_ticks=726
[11:29:54.880] [INFO] [EXEC] SELL_FAR_CANCEL_FINAL_STATUS status=CANCELED
[11:29:56.134] [INFO] [EXEC] SELL CHECK inventory=0.049600 reported=0.000000 remaining=0.049590 chunks=1
[11:29:56.134] [INFO] [EXEC] SELL_REPRICE_FRESH_APPLIED old=80635.01 new=80626.67 ask=80626.70 bid=80624.06
[11:29:56.134] [INFO] [EXEC] SELL_REPRICE_VALIDATION old=80635.01 new=80626.67 ask=80626.70 dist_ticks=2 source=fresh_snapshot
[11:29:56.134] [WARNING] [EXEC] SELL_FLOOR_BLOCKED price=80626.67 floor=80635.01 entry=80635.00 reason=below_min_profit source=fresh_after_far_cancel
[11:29:56.134] [INFO] [EXEC] PLACE_SELL_SOURCE source=fresh_after_far_cancel price=80635.01
[11:29:56.150] [OK] [EXEC] PLACE SELL price=80635.01 qty=0.049590
[11:29:56.432] [OK] [EXEC] SELL ORDER SENT orderId=385244235
[11:29:58.521] [INFO] [EXEC] SELL_WATCHDOG_SYNC orderId=385244235 status=NEW
[11:29:58.526] [WARNING] [EXEC] SELL_WATCHDOG_FAR_CANCEL orderId=385244235 price=80635.01 ask=80626.10 dist_ticks=890
[11:29:59.091] [INFO] [EXEC] SELL_FAR_CANCEL_FINAL_STATUS status=CANCELED
[11:30:00.931] [INFO] [EXEC] SELL CHECK inventory=0.049600 reported=0.000000 remaining=0.049590 chunks=1
[11:30:00.931] [INFO] [EXEC] SELL_REPRICE_FRESH_APPLIED old=80635.01 new=80626.70 ask=80626.73 bid=80622.79
[11:30:00.931] [INFO] [EXEC] SELL_REPRICE_VALIDATION old=80635.01 new=80626.70 ask=80626.73 dist_ticks=2 source=fresh_snapshot
[11:30:00.948] [WARNING] [EXEC] SELL_FLOOR_BLOCKED price=80626.70 floor=80635.01 entry=80635.00 reason=below_min_profit source=fresh_after_far_cancel
[11:30:00.950] [INFO] [EXEC] PLACE_SELL_SOURCE source=fresh_after_far_cancel price=80635.01
[11:30:00.950] [OK] [EXEC] PLACE SELL price=80635.01 qty=0.049590
[11:30:01.240] [OK] [EXEC] SELL ORDER SENT orderId=385244435
[11:30:02.427] [OK] [EXEC] FIFO CLOSE qty=0.049590 entry=80635.00 exit=80635.01 pnl=+0.000496
[11:30:02.432] [INFO] [EXEC] CHUNK DRAINED
[11:30:02.436] [OK] [EXEC] REALIZED pnl=+0.000496
[11:30:02.439] [INFO] [EXEC] SELL ACCOUNTING RESET flat
[11:30:02.441] [OK] [EXEC] CYCLE CLOSED pnl=+0.000496
[11:30:02.443] [INFO] [EXEC] SESSION realized=+0.489467 wins=8 losses=1
[11:30:02.444] [OK] [EXEC] EXIT_FILLED
[11:30:02.446] [INFO] [EXEC] SELL ACCOUNTING RESET flat
[11:30:02.448] [INFO] [EXEC] CYCLE SKIP no_fifo_pnl
[11:30:02.448] [OK] [EXEC] SELL FILLED id=385244435
[11:30:02.448] [OK] [EXEC] SELL FILLED qty=0.049590 remaining=0.000000
[11:30:02.448] [INFO] [EXEC] SELL ACCOUNTING RESET inventory_drained
[11:30:02.448] [INFO] [EXEC] INVENTORY DRAINED epsilon_cleanup qty=0.000000
[11:30:02.448] [INFO] [EXEC] SELL ACCOUNTING RESET flat
[11:30:02.448] [INFO] [EXEC] CYCLE SKIP no_fifo_pnl
[11:30:04.895] [INFO] [HEALTH] state=GOOD
[11:30:05.158] [INFO] [EXEC] SELL ACCOUNTING RESET new_cycle
[11:30:05.163] [OK] [EXEC] BUY ORDER SENT orderId=385244674 price=80627.47 qty=0.049610
[11:30:05.166] [OK] [EXEC] PLACE BUY price=80627.47 qty=0.049610
[11:30:06.274] [INFO] [EXEC] ENTRY_REPRICE reason=wide_spread_cross old=80627.47 new=80629.77 count=1
[11:30:06.863] [OK] [EXEC] ENTRY_PLACE price=80629.77 qty=0.049610
[11:30:06.866] [OK] [PLAN] HOT entry=80630.75 exit=80639.49 profit=0.433504 age=1096ms
[11:30:07.682] [INFO] [EXEC] BUY_WATCHDOG_SYNC orderId=385244778 status=NEW
[11:30:07.687] [WARNING] [EXEC] BUY_WATCHDOG_FAR_CANCEL orderId=385244778 price=80629.77 bid=80633.19 dist_ticks=342
[11:30:09.948] [INFO] [HEALTH] state=GOOD
[11:30:10.213] [INFO] [EXEC] SELL ACCOUNTING RESET new_cycle
[11:30:10.229] [OK] [EXEC] BUY ORDER SENT orderId=385244984 price=80619.00 qty=0.049610
[11:30:10.229] [OK] [EXEC] PLACE BUY price=80619.00 qty=0.049610
[11:30:11.290] [INFO] [EXEC] ENTRY_REPRICE reason=bid_moved_up old=80619.00 new=80624.31 count=1
[11:30:11.830] [OK] [EXEC] ENTRY_PLACE price=80624.31 qty=0.049610
[11:30:12.359] [OK] [SYNC] order filled detected
[11:30:12.362] [OK] [SYNC] BUY filled on exchange
[11:30:12.362] [OK] [EXEC] BUY FILL UPDATE delta=0.049610 avg=80624.31
[11:30:12.364] [OK] [EXEC] CHUNK ADD qty=0.049610 entry=80624.31
[11:30:12.366] [INFO] [EXEC] CHUNK COUNT n=1
[11:30:12.367] [OK] [EXEC] INVENTORY qty=0.049610
[11:30:12.369] [OK] [EXEC] SELL REQUIRED inventory=0.049610
[11:30:13.582] [INFO] [EXEC] SELL CHECK inventory=0.049610 reported=0.000000 remaining=0.049610 chunks=1
[11:30:13.587] [INFO] [EXEC] PLACE_SELL_SOURCE source=plan price=80629.14
[11:30:13.587] [OK] [EXEC] PLACE SELL price=80629.14 qty=0.049610
[11:30:13.860] [OK] [EXEC] SELL ORDER SENT orderId=385245165
[11:30:14.556] [OK] [SYNC] order filled detected
[11:30:14.556] [OK] [SYNC] SELL filled on exchange
[11:30:14.556] [OK] [EXEC] FIFO CLOSE qty=0.049610 entry=80624.31 exit=80629.14 pnl=+0.239616
[11:30:14.556] [INFO] [EXEC] CHUNK DRAINED
[11:30:14.572] [OK] [EXEC] REALIZED pnl=+0.239616
[11:30:14.577] [INFO] [EXEC] SELL ACCOUNTING RESET flat
[11:30:14.581] [OK] [EXEC] CYCLE CLOSED pnl=+0.239616
[11:30:14.584] [INFO] [EXEC] SESSION realized=+0.729084 wins=9 losses=1
[11:30:16.838] [INFO] [HEALTH] state=GOOD
[11:30:17.095] [INFO] [EXEC] SELL ACCOUNTING RESET new_cycle
[11:30:17.095] [OK] [EXEC] BUY ORDER SENT orderId=385245330 price=80631.78 qty=0.049600
[11:30:17.111] [OK] [EXEC] PLACE BUY price=80631.78 qty=0.049600
[11:30:17.635] [OK] [SYNC] order filled detected
[11:30:17.635] [OK] [SYNC] BUY filled on exchange
[11:30:17.635] [OK] [EXEC] BUY FILL UPDATE delta=0.049600 avg=80631.78
[11:30:17.650] [OK] [EXEC] CHUNK ADD qty=0.049600 entry=80631.78
[11:30:17.662] [INFO] [EXEC] CHUNK COUNT n=1
[11:30:17.666] [OK] [EXEC] INVENTORY qty=0.049600
[11:30:17.673] [OK] [EXEC] SELL REQUIRED inventory=0.049600
[11:30:19.021] [INFO] [EXEC] SELL CHECK inventory=0.049600 reported=0.000000 remaining=0.049590 chunks=1
[11:30:19.025] [INFO] [EXEC] PLACE_SELL_SOURCE source=plan price=80633.50
[11:30:19.028] [OK] [EXEC] PLACE SELL price=80633.50 qty=0.049590
[11:30:19.288] [OK] [EXEC] SELL ORDER SENT orderId=385245423
[11:30:20.175] [INFO] [EXEC] SELL UPSIZE old=0.049590 new=0.049600
[11:30:20.177] [WARNING] [EXEC] SELL TIMEOUT orderId=385245423
[11:30:20.179] [WARNING] [EXEC] CANCEL SELL orderId=385245423
[11:30:20.704] [INFO] [EXEC] SELL FINAL STATUS status=CANCELED orderId=385245423
[11:30:20.709] [INFO] [EXEC] SELL TIMEOUT check fast_exit
[11:30:20.712] [WARNING] [EXEC] FORCE EXIT hard_sl_triggered
[11:30:20.712] [ERROR] [EXEC] HARD SL triggered
[11:30:20.712] [WARNING] [EXEC] PANIC EXIT sl_mode
[11:30:20.996] [WARNING] [EXEC] FORCE EXIT price=80633.48
[11:30:20.998] [INFO] [EXEC] PLACE_SELL_SOURCE source=panic price=80633.48
[11:30:21.004] [OK] [EXEC] PLACE SELL price=80633.48 qty=0.049590
[11:30:21.284] [WARNING] [EXEC] PANIC START price=80633.48
[11:30:21.293] [OK] [EXEC] SELL ORDER SENT orderId=385245455
[11:30:22.674] [INFO] [EXEC] SELL_WATCHDOG_SYNC orderId=385245455 status=NEW
[11:30:22.674] [INFO] [EXEC] SELL_UPSIZE_SKIPPED reason=exit_or_panic_active
[11:30:23.692] [INFO] [EXEC] SELL_WATCHDOG_SYNC orderId=385245455 status=NEW
[11:30:27.522] [INFO] [EXEC] SELL_WATCHDOG_SYNC orderId=385245455 status=FILLED
[11:30:27.526] [OK] [EXEC] FIFO CLOSE qty=0.049590 entry=80631.78 exit=80633.48 pnl=+0.084303
[11:30:27.528] [INFO] [EXEC] CHUNK DRAINED
[11:30:27.530] [OK] [EXEC] REALIZED pnl=+0.084303
[11:30:27.531] [INFO] [EXEC] SELL ACCOUNTING RESET flat
[11:30:27.533] [OK] [EXEC] CYCLE CLOSED pnl=+0.084303
[11:30:27.535] [INFO] [EXEC] SESSION realized=+0.813387 wins=10 losses=1
[11:30:27.536] [OK] [EXEC] SELL FILLED id=385245455
[11:30:27.538] [OK] [EXEC] SELL FILLED qty=0.049590 remaining=0.000000
[11:30:27.539] [INFO] [EXEC] SELL ACCOUNTING RESET inventory_drained
[11:30:27.541] [INFO] [EXEC] INVENTORY DRAINED epsilon_cleanup qty=0.000000
[11:30:27.542] [INFO] [EXEC] SELL ACCOUNTING RESET flat
[11:30:27.543] [INFO] [EXEC] CYCLE SKIP no_fifo_pnl
[11:30:31.053] [INFO] [HEALTH] state=GOOD
[11:30:31.338] [INFO] [EXEC] SELL ACCOUNTING RESET new_cycle
[11:30:31.338] [OK] [EXEC] BUY ORDER SENT orderId=385245783 price=80627.00 qty=0.049610
[11:30:31.338] [OK] [EXEC] PLACE BUY price=80627.00 qty=0.049610
[11:30:32.306] [INFO] [EXEC] ENTRY_REPRICE reason=wide_spread_cross old=80627.00 new=80633.28 count=1
[11:30:32.842] [OK] [EXEC] ENTRY_PLACE price=80633.28 qty=0.049610
[11:30:33.863] [INFO] [EXEC] BUY_WATCHDOG_SYNC orderId=385245819 status=NEW
[11:30:33.868] [WARNING] [EXEC] BUY_WATCHDOG_FAR_CANCEL orderId=385245819 price=80633.28 bid=80635.01 dist_ticks=173
[11:30:35.634] [INFO] [EXEC] SELL ACCOUNTING RESET new_cycle
[11:30:35.642] [OK] [EXEC] BUY ORDER SENT orderId=385245974 price=80627.06 qty=0.049610
[11:30:35.645] [OK] [EXEC] PLACE BUY price=80627.06 qty=0.049610
[11:30:37.425] [INFO] [EXEC] BUY_WATCHDOG_SYNC orderId=385245974 status=NEW
[11:30:37.430] [WARNING] [EXEC] BUY_WATCHDOG_FAR_CANCEL orderId=385245974 price=80627.06 bid=80638.05 dist_ticks=1099
[11:30:42.937] [INFO] [HEALTH] state=GOOD
[11:30:43.210] [INFO] [EXEC] SELL ACCOUNTING RESET new_cycle
[11:30:43.213] [OK] [EXEC] BUY ORDER SENT orderId=385246305 price=80635.60 qty=0.049600
[11:30:43.213] [OK] [EXEC] PLACE BUY price=80635.60 qty=0.049600
[11:30:44.198] [INFO] [EXEC] ENTRY_REPRICE reason=bid_moved_up old=80635.60 new=80640.60 count=1
[11:30:44.775] [OK] [EXEC] ENTRY_PLACE price=80640.60 qty=0.049600
[11:30:45.697] [INFO] [EXEC] BUY_WATCHDOG_SYNC orderId=385246347 status=NEW
[11:30:45.713] [WARNING] [EXEC] BUY TIMEOUT orderId=385246347
[11:30:45.715] [WARNING] [EXEC] CANCEL BUY orderId=385246347
[11:30:45.973] [OK] [EXEC] BUY CANCELED confirmed
[11:30:46.228] [INFO] [EXEC] BUY FINAL STATUS status=CANCELED orderId=385246347
[11:30:46.228] [WARNING] [EXEC] BLOCK reason=buy_not_filled
[11:30:52.837] [INFO] [HEALTH] state=GOOD
[11:30:53.104] [INFO] [EXEC] SELL ACCOUNTING RESET new_cycle
[11:30:53.104] [OK] [EXEC] BUY ORDER SENT orderId=385246767 price=80647.63 qty=0.049590
[11:30:53.104] [OK] [EXEC] PLACE BUY price=80647.63 qty=0.049590
[11:30:54.298] [INFO] [EXEC] ENTRY_REPRICE reason=bid_moved_up old=80647.63 new=80647.65 count=1
[11:30:54.822] [OK] [EXEC] ENTRY_PLACE price=80647.65 qty=0.049590
[11:30:55.863] [INFO] [EXEC] BUY_WATCHDOG_SYNC orderId=385246836 status=NEW
[11:30:55.866] [WARNING] [EXEC] BUY TIMEOUT orderId=385246836
[11:30:55.869] [WARNING] [EXEC] CANCEL BUY orderId=385246836
[11:30:56.138] [OK] [EXEC] BUY CANCELED confirmed
[11:30:56.416] [INFO] [EXEC] BUY FINAL STATUS status=CANCELED orderId=385246836
[11:30:56.416] [WARNING] [EXEC] BLOCK reason=buy_not_filled
[11:30:57.416] [INFO] [EXEC] SELL ACCOUNTING RESET new_cycle
[11:30:57.416] [OK] [EXEC] BUY ORDER SENT orderId=385247201 price=80643.00 qty=0.049600
[11:30:57.416] [OK] [EXEC] PLACE BUY price=80643.00 qty=0.049600
[11:30:57.962] [OK] [SYNC] order filled detected
[11:30:57.964] [OK] [SYNC] BUY filled on exchange
[11:30:57.964] [OK] [EXEC] BUY FILL UPDATE delta=0.049600 avg=80643.00
[11:30:57.969] [OK] [EXEC] CHUNK ADD qty=0.049600 entry=80643.00
[11:30:57.970] [INFO] [EXEC] CHUNK COUNT n=1
[11:30:57.976] [OK] [EXEC] INVENTORY qty=0.049600
[11:30:57.977] [OK] [EXEC] SELL REQUIRED inventory=0.049600
[11:30:58.709] [INFO] [EXEC] SELL CHECK inventory=0.049600 reported=0.000000 remaining=0.049590 chunks=1
[11:30:58.712] [INFO] [EXEC] PLACE_SELL_SOURCE source=plan price=80649.48
[11:30:58.712] [OK] [EXEC] PLACE SELL price=80649.48 qty=0.049590
[11:30:58.986] [OK] [EXEC] SELL ORDER SENT orderId=385247267
[11:30:58.990] [OK] [PLAN] HOT entry=80641.00 exit=80649.48 profit=0.420608 age=1016ms
[11:30:59.510] [OK] [SYNC] order filled detected
[11:30:59.510] [OK] [SYNC] SELL filled on exchange
[11:30:59.510] [OK] [EXEC] FIFO CLOSE qty=0.049590 entry=80643.00 exit=80649.48 pnl=+0.321343
[11:30:59.510] [INFO] [EXEC] CHUNK DRAINED
[11:30:59.510] [OK] [EXEC] REALIZED pnl=+0.321343
[11:30:59.527] [INFO] [EXEC] SELL ACCOUNTING RESET flat
[11:30:59.528] [OK] [EXEC] CYCLE CLOSED pnl=+0.321343
[11:30:59.529] [INFO] [EXEC] SESSION realized=+1.134730 wins=11 losses=1
[11:31:01.941] [INFO] [HEALTH] state=GOOD
[11:31:02.682] [INFO] [EXEC] SELL ACCOUNTING RESET new_cycle
[11:31:02.687] [OK] [EXEC] BUY ORDER SENT orderId=385247509 price=80645.58 qty=0.049590
[11:31:02.688] [OK] [EXEC] PLACE BUY price=80645.58 qty=0.049590
[11:31:03.970] [INFO] [EXEC] ENTRY_REPRICE reason=wide_spread_cross old=80645.58 new=80647.75 count=1
[11:31:04.509] [OK] [EXEC] ENTRY_PLACE price=80647.75 qty=0.049590
[11:31:05.478] [INFO] [EXEC] BUY_WATCHDOG_SYNC orderId=385247560 status=FILLED
[11:31:05.478] [OK] [SYNC] order filled detected
[11:31:05.478] [OK] [SYNC] BUY filled on exchange
[11:31:05.478] [OK] [EXEC] BUY FILL UPDATE delta=0.049590 avg=80647.74
[11:31:05.478] [OK] [EXEC] CHUNK ADD qty=0.049590 entry=80647.74
[11:31:05.493] [INFO] [EXEC] CHUNK COUNT n=1
[11:31:05.493] [OK] [EXEC] INVENTORY qty=0.049590
[11:31:05.493] [OK] [EXEC] SELL REQUIRED inventory=0.049590
[11:31:07.244] [INFO] [EXEC] SELL CHECK inventory=0.049590 reported=0.000000 remaining=0.049590 chunks=1
[11:31:07.244] [INFO] [EXEC] PLACE_SELL_SOURCE source=plan price=80654.97
[11:31:07.259] [OK] [EXEC] PLACE SELL price=80654.97 qty=0.049590
[11:31:07.509] [OK] [EXEC] SELL ORDER SENT orderId=385247659
[11:31:09.572] [INFO] [EXEC] SELL_WATCHDOG_SYNC orderId=385247659 status=NEW
[11:31:09.572] [WARNING] [EXEC] SELL_WATCHDOG_FAR_CANCEL orderId=385247659 price=80654.97 ask=80650.56 dist_ticks=441
[11:31:10.096] [INFO] [EXEC] SELL_FAR_CANCEL_FINAL_STATUS status=CANCELED
[11:31:11.140] [INFO] [EXEC] SELL CHECK inventory=0.049590 reported=0.000000 remaining=0.049590 chunks=1
[11:31:11.145] [INFO] [EXEC] SELL_REPRICE_FRESH_APPLIED old=80654.97 new=80654.37 ask=80654.40 bid=80651.18
[11:31:11.148] [INFO] [EXEC] SELL_REPRICE_VALIDATION old=80654.97 new=80654.37 ask=80654.40 dist_ticks=2 source=fresh_snapshot
[11:31:11.151] [INFO] [EXEC] PLACE_SELL_SOURCE source=fresh_after_far_cancel price=80654.37
[11:31:11.153] [OK] [EXEC] PLACE SELL price=80654.37 qty=0.049590
[11:31:11.525] [OK] [EXEC] SELL ORDER SENT orderId=385247816
[11:31:13.666] [INFO] [EXEC] SELL_WATCHDOG_SYNC orderId=385247816 status=NEW
[11:31:13.666] [WARNING] [EXEC] TAKER_EXIT_TRIGGER reason=force_flat_after_ms age=2249 qty=0.049590
[11:31:13.666] [WARNING] [EXEC] TAKER_EXIT_CANCEL_MAKER orderId=385247816
[11:31:14.463] [INFO] [EXEC] PLACE_SELL_SOURCE source=taker price=80650.47
[11:31:14.751] [WARNING] [EXEC] TAKER_EXIT_ORDER_SENT id=385247862 price=80650.47 qty=0.049590
[11:31:15.290] [WARNING] [SYNC] desync fixed
[11:31:15.463] [INFO] [EXEC] EXIT RECOVERY inventory_no_sell qty=0.049590
[11:31:15.463] [WARNING] [EXEC] SELL_PENDING_WITHOUT_ORDER_FIXED
[11:31:16.006] [INFO] [EXEC] SELL CHECK inventory=0.049590 reported=0.000000 remaining=0.049590 chunks=1
[11:31:16.006] [INFO] [EXEC] PLACE_SELL_SOURCE source=plan price=80655.71
[11:31:16.006] [OK] [EXEC] PLACE SELL price=80655.71 qty=0.049590
[11:31:16.275] [OK] [EXEC] SELL ORDER SENT orderId=385247876
[11:31:20.045] [INFO] [EXEC] SELL_WATCHDOG_SYNC orderId=385247876 status=NEW
[11:31:20.053] [WARNING] [EXEC] SELL_WATCHDOG_FAR_CANCEL orderId=385247876 price=80655.71 ask=80647.31 dist_ticks=840
[11:31:20.587] [INFO] [EXEC] SELL_FAR_CANCEL_FINAL_STATUS status=CANCELED
[11:31:21.577] [INFO] [EXEC] SELL CHECK inventory=0.049590 reported=0.000000 remaining=0.049590 chunks=1
[11:31:21.592] [INFO] [EXEC] SELL_REPRICE_FRESH_APPLIED old=80655.71 new=80639.40 ask=80639.41 bid=80634.18
[11:31:21.592] [INFO] [EXEC] SELL_REPRICE_VALIDATION old=80655.71 new=80639.40 ask=80639.41 dist_ticks=0 source=fresh_snapshot
[11:31:21.592] [WARNING] [EXEC] SELL_FLOOR_BLOCKED price=80639.40 floor=80647.75 entry=80647.74 reason=below_min_profit source=fresh_after_far_cancel
[11:31:21.592] [INFO] [EXEC] PLACE_SELL_SOURCE source=fresh_after_far_cancel price=80647.75
[11:31:21.608] [OK] [EXEC] PLACE SELL price=80647.75 qty=0.049590
[11:31:22.561] [OK] [EXEC] SELL ORDER SENT orderId=385248254
[11:31:23.833] [INFO] [EXEC] SELL_WATCHDOG_SYNC orderId=385248254 status=NEW
[11:31:23.838] [WARNING] [EXEC] SELL_WATCHDOG_FAR_CANCEL orderId=385248254 price=80647.75 ask=80639.36 dist_ticks=838
[11:31:24.507] [INFO] [EXEC] SELL_FAR_CANCEL_FINAL_STATUS status=CANCELED
[11:31:25.608] [INFO] [EXEC] SELL CHECK inventory=0.049590 reported=0.000000 remaining=0.049590 chunks=1
[11:31:25.613] [INFO] [EXEC] SELL_REPRICE_FRESH_APPLIED old=80647.75 new=80638.96 ask=80638.97 bid=80633.88
[11:31:25.613] [INFO] [EXEC] SELL_REPRICE_VALIDATION old=80647.75 new=80638.96 ask=80638.97 dist_ticks=0 source=fresh_snapshot
[11:31:25.619] [WARNING] [EXEC] SELL_FLOOR_BLOCKED price=80638.96 floor=80647.75 entry=80647.74 reason=below_min_profit source=fresh_after_far_cancel
[11:31:25.619] [INFO] [EXEC] PLACE_SELL_SOURCE source=fresh_after_far_cancel price=80647.75
[11:31:25.619] [OK] [EXEC] PLACE SELL price=80647.75 qty=0.049590
[11:31:25.885] [OK] [EXEC] SELL ORDER SENT orderId=385248383
[11:31:27.863] [INFO] [EXEC] SELL_WATCHDOG_SYNC orderId=385248383 status=NEW
[11:31:27.863] [WARNING] [EXEC] SELL_WATCHDOG_FAR_CANCEL orderId=385248383 price=80647.75 ask=80640.33 dist_ticks=741
[11:31:28.384] [INFO] [EXEC] SELL_FAR_CANCEL_FINAL_STATUS status=CANCELED
[11:31:29.351] [INFO] [EXEC] SELL CHECK inventory=0.049590 reported=0.000000 remaining=0.049590 chunks=1
[11:31:29.353] [INFO] [EXEC] SELL_REPRICE_FRESH_APPLIED old=80647.75 new=80639.97 ask=80639.98 bid=80634.94
[11:31:29.353] [INFO] [EXEC] SELL_REPRICE_VALIDATION old=80647.75 new=80639.97 ask=80639.98 dist_ticks=0 source=fresh_snapshot
[11:31:29.353] [WARNING] [EXEC] SELL_FLOOR_BLOCKED price=80639.97 floor=80647.75 entry=80647.74 reason=below_min_profit source=fresh_after_far_cancel
[11:31:29.353] [INFO] [EXEC] PLACE_SELL_SOURCE source=fresh_after_far_cancel price=80647.75
[11:31:29.353] [OK] [EXEC] PLACE SELL price=80647.75 qty=0.049590
[11:31:29.624] [OK] [EXEC] SELL ORDER SENT orderId=385248459
[11:31:31.621] [OK] [SYNC] order filled detected
[11:31:31.624] [OK] [SYNC] SELL filled on exchange
[11:31:31.625] [OK] [EXEC] FIFO CLOSE qty=0.049590 entry=80647.74 exit=80647.74 pnl=+0.000000
[11:31:31.627] [INFO] [EXEC] CHUNK DRAINED
[11:31:31.629] [INFO] [EXEC] SELL ACCOUNTING RESET flat
[11:31:31.630] [INFO] [EXEC] CYCLE SKIP no_fifo_pnl
[11:31:31.632] [INFO] [HEALTH] state=GOOD
[11:31:31.891] [INFO] [EXEC] SELL ACCOUNTING RESET new_cycle
[11:31:31.895] [OK] [EXEC] BUY ORDER SENT orderId=385248612 price=80634.10 qty=0.049600
[11:31:31.897] [OK] [EXEC] PLACE BUY price=80634.10 qty=0.049600
[11:31:32.876] [INFO] [EXEC] ENTRY_REPRICE reason=wide_spread_cross old=80634.10 new=80649.00 count=1
[11:31:33.416] [OK] [EXEC] ENTRY_PLACE price=80649.00 qty=0.049600
[11:31:33.422] [OK] [PLAN] HOT entry=80649.98 exit=80657.49 profit=0.372421 age=956ms
[11:31:34.369] [INFO] [EXEC] BUY_WATCHDOG_SYNC orderId=385248710 status=NEW
[11:31:34.388] [WARNING] [EXEC] BUY_WATCHDOG_FAR_CANCEL orderId=385248710 price=80649.00 bid=80649.55 dist_ticks=55
[11:31:35.369] [INFO] [EXEC] SELL ACCOUNTING RESET new_cycle
[11:31:35.385] [OK] [EXEC] BUY ORDER SENT orderId=385248763 price=80648.40 qty=0.049590
[11:31:35.387] [OK] [EXEC] PLACE BUY price=80648.40 qty=0.049590
[11:31:36.396] [INFO] [EXEC] ENTRY_REPRICE reason=bid_moved_up old=80648.40 new=80650.33 count=1
[11:31:36.940] [OK] [EXEC] ENTRY_PLACE price=80650.33 qty=0.049590
[11:31:38.119] [INFO] [EXEC] BUY_WATCHDOG_SYNC orderId=385248815 status=NEW
[11:31:38.119] [WARNING] [EXEC] BUY_WATCHDOG_FAR_CANCEL orderId=385248815 price=80650.33 bid=80654.38 dist_ticks=405
[11:31:45.965] [INFO] [HEALTH] state=GOOD
[11:31:46.228] [INFO] [EXEC] SELL ACCOUNTING RESET new_cycle
[11:31:46.228] [OK] [EXEC] BUY ORDER SENT orderId=385249119 price=80655.77 qty=0.049590
[11:31:46.228] [OK] [EXEC] PLACE BUY price=80655.77 qty=0.049590
[11:31:48.556] [INFO] [EXEC] BUY_WATCHDOG_SYNC orderId=385249119 status=NEW
[11:31:48.576] [WARNING] [EXEC] BUY TIMEOUT orderId=385249119
[11:31:48.580] [WARNING] [EXEC] CANCEL BUY orderId=385249119
[11:31:48.837] [OK] [EXEC] BUY CANCELED confirmed
[11:31:49.134] [INFO] [EXEC] BUY FINAL STATUS status=CANCELED orderId=385249119
[11:31:49.135] [WARNING] [EXEC] BLOCK reason=buy_not_filled
[11:32:05.587] [INFO] [HEALTH] state=GOOD
[11:32:05.838] [INFO] [EXEC] SELL ACCOUNTING RESET new_cycle
[11:32:05.856] [OK] [EXEC] BUY ORDER SENT orderId=385249639 price=80642.00 qty=0.049600
[11:32:05.860] [OK] [EXEC] PLACE BUY price=80642.00 qty=0.049600
[11:32:07.577] [OK] [EXEC] BUY FILL UPDATE delta=0.049600 avg=80642.00
[11:32:07.577] [OK] [EXEC] CHUNK ADD qty=0.049600 entry=80642.00
[11:32:07.577] [INFO] [EXEC] CHUNK COUNT n=1
[11:32:07.577] [OK] [EXEC] INVENTORY qty=0.049600
[11:32:07.593] [OK] [EXEC] SELL REQUIRED inventory=0.049600
[11:32:07.593] [OK] [EXEC] BUY PARTIAL delta=0.049600 total=0.049600
[11:32:07.593] [OK] [EXEC] BUY REMAINING qty=0.000000
[11:32:07.593] [OK] [EXEC] BUY FILLED id=385249639
[11:32:07.593] [OK] [PLAN] HOT entry=80639.57 exit=80649.49 profit=0.492032 age=1253ms
[11:32:08.147] [OK] [SYNC] order filled detected
[11:32:08.150] [OK] [SYNC] BUY filled on exchange
[11:32:08.897] [INFO] [EXEC] SELL CHECK inventory=0.049600 reported=0.000000 remaining=0.049590 chunks=1
[11:32:08.901] [INFO] [EXEC] PLACE_SELL_SOURCE source=plan price=80644.02
[11:32:08.905] [OK] [EXEC] PLACE SELL price=80644.02 qty=0.049590
[11:32:09.166] [OK] [EXEC] SELL ORDER SENT orderId=385249821
[11:32:10.118] [INFO] [EXEC] SELL UPSIZE old=0.049590 new=0.049600
[11:32:10.118] [WARNING] [EXEC] SELL TIMEOUT orderId=385249821
[11:32:10.118] [WARNING] [EXEC] CANCEL SELL orderId=385249821
[11:32:10.681] [INFO] [EXEC] SELL FINAL STATUS status=CANCELED orderId=385249821
[11:32:10.681] [INFO] [EXEC] SELL TIMEOUT check fast_exit
[11:32:10.681] [WARNING] [EXEC] FORCE EXIT hard_sl_triggered
[11:32:10.681] [ERROR] [EXEC] HARD SL triggered
[11:32:10.681] [WARNING] [EXEC] PANIC EXIT sl_mode
[11:32:10.971] [WARNING] [EXEC] FORCE EXIT price=80638.90
[11:32:10.975] [INFO] [EXEC] PLACE_SELL_SOURCE source=panic price=80638.90
[11:32:10.979] [OK] [EXEC] PLACE SELL price=80638.90 qty=0.049590
[11:32:11.258] [WARNING] [EXEC] PANIC START price=80638.90
[11:32:11.260] [OK] [EXEC] SELL ORDER SENT orderId=385249847
[11:32:12.505] [INFO] [EXEC] SELL_WATCHDOG_SYNC orderId=385249847 status=FILLED
[11:32:12.510] [OK] [EXEC] FIFO CLOSE qty=0.049590 entry=80642.00 exit=80638.90 pnl=-0.153729
[11:32:12.514] [INFO] [EXEC] CHUNK DRAINED
[11:32:12.517] [OK] [EXEC] REALIZED pnl=-0.153729
[11:32:12.519] [INFO] [EXEC] SELL ACCOUNTING RESET flat
[11:32:12.520] [OK] [EXEC] CYCLE CLOSED pnl=-0.153729
[11:32:12.522] [INFO] [EXEC] SESSION realized=+0.981001 wins=11 losses=2
[11:32:12.523] [OK] [EXEC] SELL FILLED id=385249847
[11:32:12.525] [OK] [EXEC] SELL FILLED qty=0.049590 remaining=0.000000
[11:32:12.527] [INFO] [EXEC] SELL ACCOUNTING RESET inventory_drained
[11:32:12.528] [INFO] [EXEC] INVENTORY DRAINED epsilon_cleanup qty=0.000000
[11:32:12.530] [INFO] [EXEC] SELL ACCOUNTING RESET flat
[11:32:12.531] [INFO] [EXEC] CYCLE SKIP no_fifo_pnl
[11:32:44.119] [INFO] [HEALTH] state=GOOD
[11:32:44.386] [INFO] [EXEC] SELL ACCOUNTING RESET new_cycle
[11:32:44.390] [OK] [EXEC] BUY ORDER SENT orderId=385250817 price=80635.00 qty=0.049600
[11:32:44.392] [OK] [EXEC] PLACE BUY price=80635.00 qty=0.049600
[11:32:45.377] [INFO] [EXEC] ENTRY_REPRICE reason=bid_moved_up old=80635.00 new=80640.87 count=1
[11:32:45.911] [OK] [EXEC] ENTRY_PLACE price=80640.87 qty=0.049600
[11:32:46.455] [OK] [SYNC] order filled detected
[11:32:46.458] [OK] [SYNC] BUY filled on exchange
[11:32:46.459] [OK] [EXEC] BUY FILL UPDATE delta=0.049600 avg=80640.87
[11:32:46.461] [OK] [EXEC] CHUNK ADD qty=0.049600 entry=80640.87
[11:32:46.463] [INFO] [EXEC] CHUNK COUNT n=1
[11:32:46.466] [OK] [EXEC] INVENTORY qty=0.049600
[11:32:46.467] [OK] [EXEC] SELL REQUIRED inventory=0.049600
[11:32:47.166] [INFO] [EXEC] SELL CHECK inventory=0.049600 reported=0.000000 remaining=0.049590 chunks=1
[11:32:47.166] [INFO] [EXEC] PLACE_SELL_SOURCE source=plan price=80642.42
[11:32:47.166] [OK] [EXEC] PLACE SELL price=80642.42 qty=0.049590
[11:32:47.439] [OK] [EXEC] SELL ORDER SENT orderId=385250998
[11:32:48.671] [INFO] [EXEC] SELL UPSIZE old=0.049590 new=0.049600
[11:32:48.673] [WARNING] [EXEC] SELL TIMEOUT orderId=385250998
[11:32:48.676] [WARNING] [EXEC] CANCEL SELL orderId=385250998
[11:32:49.213] [INFO] [EXEC] SELL FINAL STATUS status=CANCELED orderId=385250998
[11:32:49.213] [INFO] [EXEC] SELL TIMEOUT check fast_exit
[11:32:49.229] [WARNING] [EXEC] FORCE EXIT hard_sl_triggered
[11:32:49.229] [ERROR] [EXEC] HARD SL triggered
[11:32:49.229] [WARNING] [EXEC] PANIC EXIT sl_mode
[11:32:49.494] [WARNING] [EXEC] FORCE EXIT price=80641.99
[11:32:49.494] [INFO] [EXEC] PLACE_SELL_SOURCE source=panic price=80641.99
[11:32:49.494] [OK] [EXEC] PLACE SELL price=80641.99 qty=0.049590
[11:32:49.790] [WARNING] [EXEC] PANIC START price=80641.99
[11:32:49.790] [OK] [EXEC] SELL ORDER SENT orderId=385251078
[11:32:50.721] [INFO] [EXEC] SELL_WATCHDOG_SYNC orderId=385251078 status=NEW
[11:32:50.725] [INFO] [EXEC] SELL_UPSIZE_SKIPPED reason=exit_or_panic_active
[11:32:52.692] [INFO] [EXEC] SELL_WATCHDOG_SYNC orderId=385251078 status=FILLED
[11:32:52.692] [OK] [EXEC] FIFO CLOSE qty=0.049590 entry=80640.87 exit=80641.99 pnl=+0.055541
[11:32:52.692] [INFO] [EXEC] CHUNK DRAINED
[11:32:52.692] [OK] [EXEC] REALIZED pnl=+0.055541
[11:32:52.692] [INFO] [EXEC] SELL ACCOUNTING RESET flat
[11:32:52.707] [OK] [EXEC] CYCLE CLOSED pnl=+0.055541
[11:32:52.707] [INFO] [EXEC] SESSION realized=+1.036542 wins=12 losses=2
[11:32:52.707] [OK] [EXEC] SELL FILLED id=385251078
[11:32:52.707] [OK] [EXEC] SELL FILLED qty=0.049590 remaining=0.000000
[11:32:52.707] [INFO] [EXEC] SELL ACCOUNTING RESET inventory_drained
[11:32:52.707] [INFO] [EXEC] INVENTORY DRAINED epsilon_cleanup qty=0.000000
[11:32:52.707] [INFO] [EXEC] SELL ACCOUNTING RESET flat
[11:32:52.707] [INFO] [EXEC] CYCLE SKIP no_fifo_pnl
[11:33:08.610] [INFO] [HEALTH] state=GOOD
[11:33:08.871] [INFO] [EXEC] SELL ACCOUNTING RESET new_cycle
[11:33:08.877] [OK] [EXEC] BUY ORDER SENT orderId=385251534 price=80628.93 qty=0.049600
[11:33:08.877] [OK] [EXEC] PLACE BUY price=80628.93 qty=0.049600
[11:33:09.879] [INFO] [EXEC] ENTRY_REPRICE reason=bid_moved_up old=80628.93 new=80631.20 count=1
[11:33:10.412] [OK] [EXEC] ENTRY_PLACE price=80631.20 qty=0.049600
[11:33:10.938] [OK] [SYNC] order filled detected
[11:33:10.938] [OK] [SYNC] BUY filled on exchange
[11:33:10.938] [OK] [EXEC] BUY FILL UPDATE delta=0.049600 avg=80631.20
[11:33:10.938] [OK] [EXEC] CHUNK ADD qty=0.049600 entry=80631.20
[11:33:10.954] [INFO] [EXEC] CHUNK COUNT n=1
[11:33:10.954] [OK] [EXEC] INVENTORY qty=0.049600
[11:33:10.959] [OK] [EXEC] SELL REQUIRED inventory=0.049600
[11:33:11.677] [INFO] [EXEC] SELL CHECK inventory=0.049600 reported=0.000000 remaining=0.049590 chunks=1
[11:33:11.681] [INFO] [EXEC] PLACE_SELL_SOURCE source=plan price=80635.21
[11:33:11.685] [OK] [EXEC] PLACE SELL price=80635.21 qty=0.049590
[11:33:11.932] [OK] [EXEC] SELL ORDER SENT orderId=385251645
[11:33:13.775] [INFO] [EXEC] SELL_WATCHDOG_SYNC orderId=385251645 status=NEW
[11:33:13.791] [INFO] [EXEC] SELL UPSIZE old=0.049590 new=0.049600
[11:33:13.791] [WARNING] [EXEC] SELL TIMEOUT orderId=385251645
[11:33:13.791] [WARNING] [EXEC] CANCEL SELL orderId=385251645
[11:33:14.322] [INFO] [EXEC] SELL FINAL STATUS status=CANCELED orderId=385251645
[11:33:14.322] [INFO] [EXEC] SELL TIMEOUT check fast_exit
[11:33:14.340] [INFO] [EXEC] FAST SAFE EXIT price=80631.53 entry=80631.20 bid=80631.52
[11:33:14.342] [WARNING] [EXEC] FAST_SAFE_EXIT_EXECUTE price=80631.53 qty=0.049600
[11:33:14.344] [WARNING] [EXEC] TAKER_EXIT_TRIGGER reason=fast_safe_exit age=1838 qty=0.049600
[11:33:14.346] [WARNING] [EXEC] TAKER_EXIT_CANCEL_MAKER orderId=385251645
[11:33:15.155] [INFO] [EXEC] PLACE_SELL_SOURCE source=taker price=80631.50
[11:33:15.420] [WARNING] [EXEC] TAKER_EXIT_ORDER_SENT id=385251819 price=80631.50 qty=0.049590
[11:33:16.041] [WARNING] [SYNC] desync fixed
[11:33:16.041] [INFO] [EXEC] EXIT RECOVERY inventory_no_sell qty=0.049600
[11:33:16.041] [WARNING] [EXEC] SELL_PENDING_WITHOUT_ORDER_FIXED
[11:33:17.067] [INFO] [EXEC] SELL CHECK inventory=0.049600 reported=0.000000 remaining=0.049590 chunks=1
[11:33:17.071] [INFO] [EXEC] PLACE_SELL_SOURCE source=plan price=80631.38
[11:33:17.078] [OK] [EXEC] PLACE SELL price=80631.38 qty=0.049590
[11:33:17.338] [OK] [EXEC] SELL ORDER SENT orderId=385251870
[11:33:20.119] [INFO] [EXEC] SELL_WATCHDOG_SYNC orderId=385251870 status=NEW
[11:33:20.135] [WARNING] [EXEC] EXIT_FAIL reason=taker_force_flat_failed force_exit
[11:33:20.135] [WARNING] [EXEC] CANCEL SELL orderId=385251870 reason=taker_force_flat_failed
[11:33:20.674] [WARNING] [EXEC] PANIC EXIT taker_force_flat_failed
[11:33:20.932] [WARNING] [EXEC] FORCE EXIT price=80631.28
[11:33:20.932] [INFO] [EXEC] PLACE_SELL_SOURCE source=panic price=80631.28
[11:33:20.947] [OK] [EXEC] PLACE SELL price=80631.28 qty=0.049590
[11:33:21.212] [WARNING] [EXEC] PANIC START price=80631.28
[11:33:21.212] [OK] [EXEC] SELL ORDER SENT orderId=385251951
[11:33:22.996] [INFO] [EXEC] SELL_WATCHDOG_SYNC orderId=385251951 status=NEW
[11:33:25.289] [WARNING] [EXEC] SELL_WATCHDOG_FAR_CANCEL orderId=385251951 price=80631.28 ask=80628.91 dist_ticks=236
[11:33:25.830] [INFO] [EXEC] SELL_FAR_CANCEL_FINAL_STATUS status=CANCELED
[11:33:26.822] [INFO] [EXEC] SELL CHECK inventory=0.049600 reported=0.000000 remaining=0.049590 chunks=1
[11:33:26.822] [INFO] [EXEC] SELL_REPRICE_FRESH_APPLIED old=80631.28 new=80631.97 ask=80631.98 bid=80627.29
[11:33:26.822] [INFO] [EXEC] SELL_REPRICE_VALIDATION old=80631.28 new=80631.97 ask=80631.98 dist_ticks=0 source=fresh_snapshot
[11:33:26.838] [INFO] [EXEC] PLACE_SELL_SOURCE source=fresh_after_far_cancel price=80631.97
[11:33:26.838] [OK] [EXEC] PLACE SELL price=80631.97 qty=0.049590
[11:33:27.107] [OK] [EXEC] SELL ORDER SENT orderId=385252127
[11:33:27.663] [OK] [SYNC] order filled detected
[11:33:27.663] [OK] [SYNC] SELL filled on exchange
[11:33:27.663] [OK] [EXEC] FIFO CLOSE qty=0.049590 entry=80631.20 exit=80631.97 pnl=+0.038184
[11:33:27.663] [INFO] [EXEC] CHUNK DRAINED
[11:33:27.663] [OK] [EXEC] REALIZED pnl=+0.038184
[11:33:27.663] [INFO] [EXEC] SELL ACCOUNTING RESET flat
[11:33:27.679] [OK] [EXEC] CYCLE CLOSED pnl=+0.038184
[11:33:27.679] [INFO] [EXEC] SESSION realized=+1.074726 wins=13 losses=2
[11:33:29.098] [INFO] [HEALTH] state=GOOD
[11:33:29.354] [INFO] [EXEC] SELL ACCOUNTING RESET new_cycle
[11:33:29.354] [OK] [EXEC] BUY ORDER SENT orderId=385252257 price=80627.01 qty=0.049610
[11:33:29.354] [OK] [EXEC] PLACE BUY price=80627.01 qty=0.049610
[11:33:30.642] [INFO] [EXEC] ENTRY_REPRICE reason=wide_spread_cross old=80627.01 new=80628.44 count=1
[11:33:31.252] [OK] [EXEC] ENTRY_PLACE price=80628.44 qty=0.049610
[11:33:32.144] [INFO] [EXEC] BUY_WATCHDOG_SYNC orderId=385252292 status=NEW
[11:33:32.149] [WARNING] [EXEC] BUY_WATCHDOG_FAR_CANCEL orderId=385252292 price=80628.44 bid=80629.30 dist_ticks=86
[11:33:36.422] [INFO] [HEALTH] state=GOOD
[11:33:36.686] [INFO] [EXEC] SELL ACCOUNTING RESET new_cycle
[11:33:36.692] [OK] [EXEC] BUY ORDER SENT orderId=385252385 price=80630.49 qty=0.049600
[11:33:36.696] [OK] [EXEC] PLACE BUY price=80630.49 qty=0.049600
[11:33:37.700] [INFO] [EXEC] ENTRY_REPRICE reason=wide_spread_cross old=80630.49 new=80636.64 count=1
[11:33:38.221] [OK] [EXEC] ENTRY_PLACE price=80636.64 qty=0.049600
[11:33:38.229] [OK] [PLAN] HOT entry=80637.62 exit=80649.48 profit=0.588256 age=1001ms
[11:33:39.192] [INFO] [EXEC] BUY_WATCHDOG_SYNC orderId=385252469 status=NEW
[11:33:39.197] [WARNING] [EXEC] BUY TIMEOUT orderId=385252469
[11:33:39.198] [WARNING] [EXEC] CANCEL BUY orderId=385252469
[11:33:39.444] [OK] [EXEC] BUY CANCELED confirmed
[11:33:39.713] [INFO] [EXEC] BUY FINAL STATUS status=CANCELED orderId=385252469
[11:33:39.713] [WARNING] [EXEC] BLOCK reason=buy_not_filled
[11:33:45.010] [INFO] [HEALTH] state=GOOD
[11:33:45.290] [INFO] [EXEC] SELL ACCOUNTING RESET new_cycle
[11:33:45.290] [OK] [EXEC] BUY ORDER SENT orderId=385252533 price=80637.02 qty=0.049600
[11:33:45.290] [OK] [EXEC] PLACE BUY price=80637.02 qty=0.049600
[11:33:46.301] [OK] [EXEC] BUY FILL UPDATE delta=0.049600 avg=80637.02
[11:33:46.303] [OK] [EXEC] CHUNK ADD qty=0.049600 entry=80637.02
[11:33:46.304] [INFO] [EXEC] CHUNK COUNT n=1
[11:33:46.305] [OK] [EXEC] INVENTORY qty=0.049600
[11:33:46.306] [OK] [EXEC] SELL REQUIRED inventory=0.049600
[11:33:46.307] [OK] [EXEC] BUY PARTIAL delta=0.049600 total=0.049600
[11:33:46.307] [OK] [EXEC] BUY REMAINING qty=0.000000
[11:33:46.307] [OK] [EXEC] BUY FILLED id=385252533
[11:33:46.838] [OK] [SYNC] order filled detected
[11:33:46.838] [OK] [SYNC] BUY filled on exchange
[11:33:47.590] [INFO] [EXEC] SELL CHECK inventory=0.049600 reported=0.000000 remaining=0.049590 chunks=1
[11:33:47.593] [INFO] [EXEC] PLACE_SELL_SOURCE source=plan price=80637.04
[11:33:47.595] [OK] [EXEC] PLACE SELL price=80637.04 qty=0.049590
[11:33:47.853] [OK] [EXEC] SELL ORDER SENT orderId=385252740
[11:33:49.594] [INFO] [EXEC] SELL UPSIZE old=0.049590 new=0.049600
[11:33:49.594] [WARNING] [EXEC] SELL TIMEOUT orderId=385252740
[11:33:49.610] [WARNING] [EXEC] CANCEL SELL orderId=385252740
[11:33:50.143] [INFO] [EXEC] SELL FINAL STATUS status=CANCELED orderId=385252740
[11:33:50.143] [INFO] [EXEC] SELL TIMEOUT check fast_exit
[11:33:50.143] [WARNING] [EXEC] FORCE EXIT hard_sl_triggered
[11:33:50.143] [ERROR] [EXEC] HARD SL triggered
[11:33:50.162] [WARNING] [EXEC] PANIC EXIT sl_mode
[11:33:50.427] [WARNING] [EXEC] FORCE EXIT price=80633.54
[11:33:50.432] [INFO] [EXEC] PLACE_SELL_SOURCE source=panic price=80633.54
[11:33:50.436] [OK] [EXEC] PLACE SELL price=80633.54 qty=0.049590
[11:33:50.709] [WARNING] [EXEC] PANIC START price=80633.54
[11:33:50.714] [OK] [EXEC] SELL ORDER SENT orderId=385252799
[11:33:51.321] [OK] [SYNC] order filled detected
[11:33:51.321] [OK] [SYNC] SELL filled on exchange
[11:33:51.321] [OK] [EXEC] FIFO CLOSE qty=0.049590 entry=80637.02 exit=80633.54 pnl=-0.172573
[11:33:51.321] [INFO] [EXEC] CHUNK DRAINED
[11:33:51.321] [OK] [EXEC] REALIZED pnl=-0.172573
[11:33:51.337] [INFO] [EXEC] SELL ACCOUNTING RESET flat
[11:33:51.337] [OK] [EXEC] CYCLE CLOSED pnl=-0.172573
[11:33:51.337] [INFO] [EXEC] SESSION realized=+0.902153 wins=13 losses=3
[11:33:51.337] [INFO] [HEALTH] state=GOOD
[11:33:51.337] [WARNING] [EXEC] BLOCK_BUY reason=cooldown_loss_cycle mode=FAST ws_age=609 spread=10.30 stable=1/1 mid_delta=0.00 bid_delta=0.00
[11:33:51.562] [WARNING] [HEALTH] block falling_market bid_ticks=194.00 mid_ticks=-44.00
[11:33:51.562] [WARNING] [HEALTH] negative_momentum ticks=-44.00
[11:33:51.562] [WARNING] [EXEC] BLOCK_BUY reason=mid_momentum_negative mode=FAST ws_age=77 spread=5.54 stable=2/1 mid_delta=-44.00 bid_delta=194.00
[11:33:51.562] [OK] [PLAN] HOT entry=80628.92 exit=80637.72 profit=0.436480 age=225ms
[11:33:52.069] [WARNING] [HEALTH] block spread_too_young lifetime=0
[11:33:52.073] [WARNING] [HEALTH] unstable_spread lifetime=0
[11:33:52.074] [WARNING] [EXEC] BLOCK_BUY reason=spread_too_young mode=FAST ws_age=94 spread=7.87 stable=1/1 mid_delta=0.00 bid_delta=0.00
[11:33:53.338] [INFO] [EXEC] SELL ACCOUNTING RESET new_cycle
[11:33:53.338] [OK] [EXEC] BUY ORDER SENT orderId=385252920 price=80630.06 qty=0.049600
[11:33:53.338] [OK] [EXEC] PLACE BUY price=80630.06 qty=0.049600
[11:33:54.631] [INFO] [EXEC] ENTRY_REPRICE reason=bid_moved_up old=80630.06 new=80631.96 count=1
[11:33:55.158] [OK] [EXEC] ENTRY_PLACE price=80631.96 qty=0.049600
[11:33:56.126] [INFO] [EXEC] BUY_WATCHDOG_SYNC orderId=385252949 status=NEW
[11:33:56.126] [WARNING] [EXEC] BUY_WATCHDOG_FAR_CANCEL orderId=385252949 price=80631.96 bid=80632.34 dist_ticks=38
