[11:24:47.088] [OK] filters loaded
[11:24:47.090] [INFO] GUI_PERF tick_ms=0 logs_visible=False gui_log_mode=OFF append_skipped=0
[11:24:47.443] [INFO] [EXEC] STREAM_OWNERSHIP_SUMMARY streams_total=0 wait_buy=0 buy_placed=0 sell_active=0 exiting=0 recycle=0 chunks_total=0 stream_chunks=0 orphan_chunks=0 inventory_qty=0.000000 stream_inventory_qty=0.000000 orphan_inventory_qty=0.000000
[11:24:47.452] [INFO] [EXEC] STREAM_STATS_UI cycles=0 wins=0 losses=0 pnl=+0.000000 winrate=0.00%
[11:24:48.477] [INFO] START_CLICK received enabled=True api_ready=True running=False
[11:24:48.480] [INFO] GUI_PERF tick_ms=0 logs_visible=False gui_log_mode=OFF append_skipped=3
[11:24:48.480] [INFO] START_SETTINGS live_enabled=True guard_mode=FAST entry_mode=AGGRESSIVE exit_engine=True order_size=15.0
[11:24:48.481] [INFO] START_PROFILE_STREAM order_size=15.0 min_spread_ticks=8 guard_mode=FAST entry_mode=AGGRESSIVE stream_sell_timeout_ms=2800 stream_target_ticks=28
[11:24:48.481] [INFO] SETTINGS_MERGE_PRESERVE existing_values=true missing_added=0
[11:24:48.986] [EXCHANGE] symbol=BTCU base=BTC quote=U status=TRADING permissions=[]
[11:24:48.988] [OK] START
[11:24:48.988] [OK] START_OK runtime_started
[11:24:48.989] [INFO] [EXEC] STREAM_CONVEYOR_ACTIVE count=20
[11:24:48.989] [INFO] [EXEC] STREAM_MULTI_MODE count=20
[11:24:48.989] [INFO] [EXEC] STREAM_CONVEYOR_ACTIVE count=20 range_ticks=100 step_ticks=5
[11:24:48.989] [INFO] [EXEC] STREAM_BUDGET_SOURCE source=order_size_u order_size_u=15.00
[11:24:48.989] [INFO] [EXEC] STREAM_CREATE stream_id=1 buy_price=79393.95000000 budget=15.00 qty=0.00018000
[11:24:48.989] [INFO] [EXEC] STREAM_WAIT_START stream_id=1 start_at_ms=1778757888989
[11:24:48.989] [INFO] [EXEC] STREAM_CREATE stream_id=2 buy_price=79393.90000000 budget=15.00 qty=0.00018000
[11:24:48.990] [INFO] [EXEC] STREAM_WAIT_START stream_id=2 start_at_ms=1778757889289
[11:24:48.990] [INFO] [EXEC] STREAM_CREATE stream_id=3 buy_price=79393.86000000 budget=15.00 qty=0.00018000
[11:24:48.990] [INFO] [EXEC] STREAM_WAIT_START stream_id=3 start_at_ms=1778757889589
[11:24:48.990] [INFO] [EXEC] STREAM_CREATE stream_id=4 buy_price=79393.81000000 budget=15.00 qty=0.00018000
[11:24:48.990] [INFO] [EXEC] STREAM_WAIT_START stream_id=4 start_at_ms=1778757889889
[11:24:48.990] [INFO] [EXEC] STREAM_CREATE stream_id=5 buy_price=79393.76000000 budget=15.00 qty=0.00018000
[11:24:48.990] [INFO] [EXEC] STREAM_WAIT_START stream_id=5 start_at_ms=1778757890189
[11:24:48.990] [INFO] [EXEC] STREAM_CREATE stream_id=6 buy_price=79393.70000000 budget=15.00 qty=0.00018000
[11:24:48.990] [INFO] [EXEC] STREAM_WAIT_START stream_id=6 start_at_ms=1778757890489
[11:24:48.991] [INFO] [EXEC] STREAM_CREATE stream_id=7 buy_price=79393.65000000 budget=15.00 qty=0.00018000
[11:24:48.991] [INFO] [EXEC] STREAM_WAIT_START stream_id=7 start_at_ms=1778757890789
[11:24:48.991] [INFO] [EXEC] STREAM_CREATE stream_id=8 buy_price=79393.61000000 budget=15.00 qty=0.00018000
[11:24:48.991] [INFO] [EXEC] STREAM_WAIT_START stream_id=8 start_at_ms=1778757891089
[11:24:48.991] [INFO] [EXEC] STREAM_CREATE stream_id=9 buy_price=79393.56000000 budget=15.00 qty=0.00018000
[11:24:48.992] [INFO] [EXEC] STREAM_WAIT_START stream_id=9 start_at_ms=1778757891389
[11:24:48.992] [INFO] [EXEC] STREAM_CREATE stream_id=10 buy_price=79393.51000000 budget=15.00 qty=0.00018000
[11:24:48.992] [INFO] [EXEC] STREAM_WAIT_START stream_id=10 start_at_ms=1778757891689
[11:24:48.992] [INFO] [EXEC] STREAM_CREATE stream_id=11 buy_price=79393.45000000 budget=15.00 qty=0.00018000
[11:24:48.992] [INFO] [EXEC] STREAM_WAIT_START stream_id=11 start_at_ms=1778757891989
[11:24:48.992] [INFO] [EXEC] STREAM_CREATE stream_id=12 buy_price=79393.40000000 budget=15.00 qty=0.00018000
[11:24:48.992] [INFO] [EXEC] STREAM_WAIT_START stream_id=12 start_at_ms=1778757892289
[11:24:48.992] [INFO] [EXEC] STREAM_CREATE stream_id=13 buy_price=79393.36000000 budget=15.00 qty=0.00018000
[11:24:48.993] [INFO] [EXEC] STREAM_WAIT_START stream_id=13 start_at_ms=1778757892589
[11:24:48.993] [INFO] [EXEC] STREAM_CREATE stream_id=14 buy_price=79393.31000000 budget=15.00 qty=0.00018000
[11:24:48.993] [INFO] [EXEC] STREAM_WAIT_START stream_id=14 start_at_ms=1778757892889
[11:24:48.993] [INFO] [EXEC] STREAM_CREATE stream_id=15 buy_price=79393.26000000 budget=15.00 qty=0.00018000
[11:24:48.993] [INFO] [EXEC] STREAM_WAIT_START stream_id=15 start_at_ms=1778757893189
[11:24:48.993] [INFO] [EXEC] STREAM_CREATE stream_id=16 buy_price=79393.20000000 budget=15.00 qty=0.00018000
[11:24:48.993] [INFO] [EXEC] STREAM_WAIT_START stream_id=16 start_at_ms=1778757893489
[11:24:48.993] [INFO] [EXEC] STREAM_CREATE stream_id=17 buy_price=79393.15000000 budget=15.00 qty=0.00018000
[11:24:48.994] [INFO] [EXEC] STREAM_WAIT_START stream_id=17 start_at_ms=1778757893789
[11:24:48.994] [INFO] [EXEC] STREAM_CREATE stream_id=18 buy_price=79393.11000000 budget=15.00 qty=0.00018000
[11:24:48.994] [INFO] [EXEC] STREAM_WAIT_START stream_id=18 start_at_ms=1778757894089
[11:24:48.994] [INFO] [EXEC] STREAM_CREATE stream_id=19 buy_price=79393.06000000 budget=15.00 qty=0.00018000
[11:24:48.994] [INFO] [EXEC] STREAM_WAIT_START stream_id=19 start_at_ms=1778757894389
[11:24:48.994] [INFO] [EXEC] STREAM_CREATE stream_id=20 buy_price=79393.01000000 budget=15.00 qty=0.00018000
[11:24:48.994] [INFO] [EXEC] STREAM_WAIT_START stream_id=20 start_at_ms=1778757894689
[11:24:48.994] [INFO] [EXEC] STREAM_ACTIVATED stream_id=1 at_ms=1778757888989
[11:24:48.995] [INFO] [EXEC] STREAM_CREATE_DONE count=20 budget_per_level=15.00 step_ticks=5
[11:24:49.729] [INFO] [EXEC] STREAM_OWNERSHIP_AUDIT stream_id=1 state=WAIT_BUY buy_order_id=0 sell_order_id=0 chunk_id=0 chunk_qty=0.000000 buy_live=false sell_live=false chunk_live=false
[11:24:49.730] [INFO] GUI_PERF tick_ms=0 logs_visible=False gui_log_mode=OFF append_skipped=56
[11:24:49.731] [INFO] [EXEC] STREAM_OWNERSHIP_AUDIT stream_id=2 state=WAIT_START buy_order_id=0 sell_order_id=0 chunk_id=0 chunk_qty=0.000000 buy_live=false sell_live=false chunk_live=false
[11:24:49.731] [INFO] [EXEC] STREAM_OWNERSHIP_AUDIT stream_id=3 state=WAIT_START buy_order_id=0 sell_order_id=0 chunk_id=0 chunk_qty=0.000000 buy_live=false sell_live=false chunk_live=false
[11:24:49.732] [INFO] [EXEC] STREAM_OWNERSHIP_AUDIT stream_id=4 state=WAIT_START buy_order_id=0 sell_order_id=0 chunk_id=0 chunk_qty=0.000000 buy_live=false sell_live=false chunk_live=false
[11:24:49.733] [INFO] [EXEC] STREAM_OWNERSHIP_AUDIT stream_id=5 state=WAIT_START buy_order_id=0 sell_order_id=0 chunk_id=0 chunk_qty=0.000000 buy_live=false sell_live=false chunk_live=false
[11:24:49.733] [INFO] [EXEC] STREAM_OWNERSHIP_AUDIT stream_id=6 state=WAIT_START buy_order_id=0 sell_order_id=0 chunk_id=0 chunk_qty=0.000000 buy_live=false sell_live=false chunk_live=false
[11:24:49.734] [INFO] [EXEC] STREAM_OWNERSHIP_AUDIT stream_id=7 state=WAIT_START buy_order_id=0 sell_order_id=0 chunk_id=0 chunk_qty=0.000000 buy_live=false sell_live=false chunk_live=false
[11:24:49.734] [INFO] [EXEC] STREAM_OWNERSHIP_AUDIT stream_id=8 state=WAIT_START buy_order_id=0 sell_order_id=0 chunk_id=0 chunk_qty=0.000000 buy_live=false sell_live=false chunk_live=false
[11:24:49.735] [INFO] [EXEC] STREAM_OWNERSHIP_AUDIT stream_id=9 state=WAIT_START buy_order_id=0 sell_order_id=0 chunk_id=0 chunk_qty=0.000000 buy_live=false sell_live=false chunk_live=false
[11:24:49.735] [INFO] [EXEC] STREAM_OWNERSHIP_AUDIT stream_id=10 state=WAIT_START buy_order_id=0 sell_order_id=0 chunk_id=0 chunk_qty=0.000000 buy_live=false sell_live=false chunk_live=false
[11:24:49.735] [INFO] [EXEC] STREAM_OWNERSHIP_AUDIT stream_id=11 state=WAIT_START buy_order_id=0 sell_order_id=0 chunk_id=0 chunk_qty=0.000000 buy_live=false sell_live=false chunk_live=false
[11:24:49.735] [INFO] [EXEC] STREAM_OWNERSHIP_AUDIT stream_id=12 state=WAIT_START buy_order_id=0 sell_order_id=0 chunk_id=0 chunk_qty=0.000000 buy_live=false sell_live=false chunk_live=false
[11:24:49.736] [INFO] [EXEC] STREAM_OWNERSHIP_AUDIT stream_id=13 state=WAIT_START buy_order_id=0 sell_order_id=0 chunk_id=0 chunk_qty=0.000000 buy_live=false sell_live=false chunk_live=false
[11:24:49.736] [INFO] [EXEC] STREAM_OWNERSHIP_AUDIT stream_id=14 state=WAIT_START buy_order_id=0 sell_order_id=0 chunk_id=0 chunk_qty=0.000000 buy_live=false sell_live=false chunk_live=false
[11:24:49.736] [INFO] [EXEC] STREAM_OWNERSHIP_AUDIT stream_id=15 state=WAIT_START buy_order_id=0 sell_order_id=0 chunk_id=0 chunk_qty=0.000000 buy_live=false sell_live=false chunk_live=false
[11:24:49.736] [INFO] [EXEC] STREAM_OWNERSHIP_AUDIT stream_id=16 state=WAIT_START buy_order_id=0 sell_order_id=0 chunk_id=0 chunk_qty=0.000000 buy_live=false sell_live=false chunk_live=false
[11:24:49.737] [INFO] [EXEC] STREAM_OWNERSHIP_AUDIT stream_id=17 state=WAIT_START buy_order_id=0 sell_order_id=0 chunk_id=0 chunk_qty=0.000000 buy_live=false sell_live=false chunk_live=false
[11:24:49.737] [INFO] [EXEC] STREAM_OWNERSHIP_AUDIT stream_id=18 state=WAIT_START buy_order_id=0 sell_order_id=0 chunk_id=0 chunk_qty=0.000000 buy_live=false sell_live=false chunk_live=false
[11:24:49.737] [INFO] [EXEC] STREAM_OWNERSHIP_AUDIT stream_id=19 state=WAIT_START buy_order_id=0 sell_order_id=0 chunk_id=0 chunk_qty=0.000000 buy_live=false sell_live=false chunk_live=false
[11:24:49.737] [INFO] [EXEC] STREAM_OWNERSHIP_AUDIT stream_id=20 state=WAIT_START buy_order_id=0 sell_order_id=0 chunk_id=0 chunk_qty=0.000000 buy_live=false sell_live=false chunk_live=false
[11:24:49.738] [INFO] [EXEC] STREAM_OWNERSHIP_SUMMARY streams_total=20 wait_buy=1 buy_placed=0 sell_active=0 exiting=0 recycle=0 chunks_total=0 stream_chunks=0 orphan_chunks=0 inventory_qty=0.000000 stream_inventory_qty=0.000000 orphan_inventory_qty=0.000000
[11:24:49.738] [INFO] [EXEC] LIVE ON
[11:24:49.739] [INFO] [EXEC] WAIT READY
[11:24:49.739] [INFO] [HEALTH] state=DANGER
[11:24:49.739] [INFO] [EXEC] STREAM_SHUTDOWN_STATE active=false reason=runtime_tick
[11:24:49.739] [INFO] [EXEC] STREAM_MODE_ACTIVE_SKIP_SINGLE_ENTRY
[11:24:49.740] [INFO] [EXEC] STREAM_ACTIVATED stream_id=2 at_ms=1778757889729
[11:24:49.740] [INFO] [EXEC] STREAM_ACTIVATED stream_id=3 at_ms=1778757889729
[11:24:49.740] [INFO] [EXEC] STREAM_SWARM_STATE wait_start=17 wait_buy=3 buy_placed=0 sell_active=0 recycle=0 active_buys=0 active_sells=0
[11:24:49.740] [INFO] [EXEC] STREAM_BUY_CAPACITY active_buys=0 active_sells=0 waiting_streams=3 max_active_buys=10 free_buy_slots=10 batch_size=1
[11:24:50.301] [INFO] [EXEC] STREAM_BUY_PLACED level_id=1 order_id=391888172
[11:24:50.302] [OK] [EXEC] PLACE BUY price=79393.95 qty=0.000180
[11:24:50.302] [INFO] [EXEC] STREAM_PLACEMENT_TICK active_buys=1 active_sells=0 waiting_streams=3 free_buy_slots=10 placed=1
[11:24:50.302] [INFO] [EXEC] STREAM_CONCURRENCY_STATE buys=1 sells=0 waiting=3 inventory_u=0.00 exposure_u=0.00 buy_allowed=true reason=none
[11:24:50.303] [WS] primary url=wss://stream.binance.com:9443/ws/btcu@bookTicker
[11:24:50.303] [WS] connecting primary
[11:24:50.304] [WS] connected
[11:24:51.034] [INFO] [EXEC] STREAM_ACTIVATED stream_id=4 at_ms=1778757890775
[11:24:51.035] [INFO] GUI_PERF tick_ms=0 logs_visible=False gui_log_mode=OFF append_skipped=93
[11:24:51.036] [INFO] [EXEC] STREAM_ACTIVATED stream_id=5 at_ms=1778757890775
[11:24:51.036] [INFO] [EXEC] STREAM_ACTIVATED stream_id=6 at_ms=1778757890775
[11:24:51.037] [INFO] [EXEC] STREAM_SWARM_STATE wait_start=14 wait_buy=5 buy_placed=1 sell_active=0 recycle=0 active_buys=1 active_sells=0
[11:24:51.038] [INFO] [EXEC] STREAM_BUY_CAPACITY active_buys=1 active_sells=0 waiting_streams=5 max_active_buys=10 free_buy_slots=9 batch_size=1
[11:24:51.298] [INFO] [EXEC] STREAM_BUY_PLACED level_id=2 order_id=391888188
[11:24:51.298] [OK] [EXEC] PLACE BUY price=79393.90 qty=0.000180
[11:24:51.300] [INFO] [EXEC] STREAM_PLACEMENT_TICK active_buys=2 active_sells=0 waiting_streams=5 free_buy_slots=9 placed=1
[11:24:51.300] [INFO] [EXEC] STREAM_CONCURRENCY_STATE buys=2 sells=0 waiting=5 inventory_u=0.00 exposure_u=0.00 buy_allowed=true reason=none
[11:24:52.270] [INFO] [EXEC] STREAM_OWNERSHIP_AUDIT stream_id=1 state=BUY_PLACED buy_order_id=391888172 sell_order_id=0 chunk_id=0 chunk_qty=0.000000 buy_live=true sell_live=false chunk_live=false
[11:24:52.270] [INFO] GUI_PERF tick_ms=0 logs_visible=False gui_log_mode=OFF append_skipped=102
[11:24:52.271] [INFO] [EXEC] STREAM_OWNERSHIP_AUDIT stream_id=2 state=BUY_PLACED buy_order_id=391888188 sell_order_id=0 chunk_id=0 chunk_qty=0.000000 buy_live=true sell_live=false chunk_live=false
[11:24:52.271] [INFO] [EXEC] STREAM_OWNERSHIP_AUDIT stream_id=3 state=WAIT_BUY buy_order_id=0 sell_order_id=0 chunk_id=0 chunk_qty=0.000000 buy_live=false sell_live=false chunk_live=false
[11:24:52.271] [INFO] [EXEC] STREAM_OWNERSHIP_AUDIT stream_id=4 state=WAIT_BUY buy_order_id=0 sell_order_id=0 chunk_id=0 chunk_qty=0.000000 buy_live=false sell_live=false chunk_live=false
[11:24:52.271] [INFO] [EXEC] STREAM_OWNERSHIP_AUDIT stream_id=5 state=WAIT_BUY buy_order_id=0 sell_order_id=0 chunk_id=0 chunk_qty=0.000000 buy_live=false sell_live=false chunk_live=false
[11:24:52.271] [INFO] [EXEC] STREAM_OWNERSHIP_AUDIT stream_id=6 state=WAIT_BUY buy_order_id=0 sell_order_id=0 chunk_id=0 chunk_qty=0.000000 buy_live=false sell_live=false chunk_live=false
[11:24:52.271] [INFO] [EXEC] STREAM_OWNERSHIP_AUDIT stream_id=7 state=WAIT_START buy_order_id=0 sell_order_id=0 chunk_id=0 chunk_qty=0.000000 buy_live=false sell_live=false chunk_live=false
[11:24:52.272] [INFO] [EXEC] STREAM_OWNERSHIP_AUDIT stream_id=8 state=WAIT_START buy_order_id=0 sell_order_id=0 chunk_id=0 chunk_qty=0.000000 buy_live=false sell_live=false chunk_live=false
[11:24:52.272] [INFO] [EXEC] STREAM_OWNERSHIP_AUDIT stream_id=9 state=WAIT_START buy_order_id=0 sell_order_id=0 chunk_id=0 chunk_qty=0.000000 buy_live=false sell_live=false chunk_live=false
[11:24:52.272] [INFO] [EXEC] STREAM_OWNERSHIP_AUDIT stream_id=10 state=WAIT_START buy_order_id=0 sell_order_id=0 chunk_id=0 chunk_qty=0.000000 buy_live=false sell_live=false chunk_live=false
[11:24:52.272] [INFO] [EXEC] STREAM_OWNERSHIP_AUDIT stream_id=11 state=WAIT_START buy_order_id=0 sell_order_id=0 chunk_id=0 chunk_qty=0.000000 buy_live=false sell_live=false chunk_live=false
[11:24:52.272] [INFO] [EXEC] STREAM_OWNERSHIP_AUDIT stream_id=12 state=WAIT_START buy_order_id=0 sell_order_id=0 chunk_id=0 chunk_qty=0.000000 buy_live=false sell_live=false chunk_live=false
[11:24:52.272] [INFO] [EXEC] STREAM_OWNERSHIP_AUDIT stream_id=13 state=WAIT_START buy_order_id=0 sell_order_id=0 chunk_id=0 chunk_qty=0.000000 buy_live=false sell_live=false chunk_live=false
[11:24:52.272] [INFO] [EXEC] STREAM_OWNERSHIP_AUDIT stream_id=14 state=WAIT_START buy_order_id=0 sell_order_id=0 chunk_id=0 chunk_qty=0.000000 buy_live=false sell_live=false chunk_live=false
[11:24:52.272] [INFO] [EXEC] STREAM_OWNERSHIP_AUDIT stream_id=15 state=WAIT_START buy_order_id=0 sell_order_id=0 chunk_id=0 chunk_qty=0.000000 buy_live=false sell_live=false chunk_live=false
[11:24:52.273] [INFO] [EXEC] STREAM_OWNERSHIP_AUDIT stream_id=16 state=WAIT_START buy_order_id=0 sell_order_id=0 chunk_id=0 chunk_qty=0.000000 buy_live=false sell_live=false chunk_live=false
[11:24:52.273] [INFO] [EXEC] STREAM_OWNERSHIP_AUDIT stream_id=17 state=WAIT_START buy_order_id=0 sell_order_id=0 chunk_id=0 chunk_qty=0.000000 buy_live=false sell_live=false chunk_live=false
[11:24:52.273] [INFO] [EXEC] STREAM_OWNERSHIP_AUDIT stream_id=18 state=WAIT_START buy_order_id=0 sell_order_id=0 chunk_id=0 chunk_qty=0.000000 buy_live=false sell_live=false chunk_live=false
[11:24:52.273] [INFO] [EXEC] STREAM_OWNERSHIP_AUDIT stream_id=19 state=WAIT_START buy_order_id=0 sell_order_id=0 chunk_id=0 chunk_qty=0.000000 buy_live=false sell_live=false chunk_live=false
[11:24:52.273] [INFO] [EXEC] STREAM_OWNERSHIP_AUDIT stream_id=20 state=WAIT_START buy_order_id=0 sell_order_id=0 chunk_id=0 chunk_qty=0.000000 buy_live=false sell_live=false chunk_live=false
[11:24:52.273] [INFO] [EXEC] STREAM_OWNERSHIP_SUMMARY streams_total=20 wait_buy=4 buy_placed=2 sell_active=0 exiting=0 recycle=0 chunks_total=0 stream_chunks=0 orphan_chunks=0 inventory_qty=0.000000 stream_inventory_qty=0.000000 orphan_inventory_qty=0.000000
[11:24:52.274] [INFO] [EXEC] STREAM_SHUTDOWN_STATE active=false reason=runtime_tick
[11:24:52.274] [INFO] [EXEC] STREAM_ACTIVATED stream_id=7 at_ms=1778757891747
[11:24:52.274] [INFO] [EXEC] STREAM_ACTIVATED stream_id=8 at_ms=1778757891747
[11:24:52.274] [INFO] [EXEC] STREAM_ACTIVATED stream_id=9 at_ms=1778757891747
[11:24:52.274] [INFO] [EXEC] STREAM_ACTIVATED stream_id=10 at_ms=1778757891747
[11:24:52.274] [INFO] [EXEC] STREAM_SWARM_STATE wait_start=10 wait_buy=8 buy_placed=2 sell_active=0 recycle=0 active_buys=2 active_sells=0
[11:24:52.274] [INFO] [EXEC] STREAM_BUY_CAPACITY active_buys=2 active_sells=0 waiting_streams=8 max_active_buys=10 free_buy_slots=8 batch_size=1
[11:24:52.541] [INFO] [EXEC] STREAM_BUY_PLACED level_id=3 order_id=391888203
[11:24:52.542] [OK] [EXEC] PLACE BUY price=79393.86 qty=0.000180
[11:24:52.542] [INFO] [EXEC] STREAM_PLACEMENT_TICK active_buys=3 active_sells=0 waiting_streams=8 free_buy_slots=8 placed=1
[11:24:52.543] [INFO] [EXEC] STREAM_CONCURRENCY_STATE buys=3 sells=0 waiting=8 inventory_u=0.00 exposure_u=0.00 buy_allowed=true reason=none
[11:24:52.802] [INFO] [EXEC] STREAM_STATS_UI cycles=0 wins=0 losses=0 pnl=+0.000000 winrate=0.00%
[11:24:53.504] [INFO] [EXEC] STREAM_BUY_FILLED level_id=1
[11:24:53.505] [INFO] GUI_PERF tick_ms=0 logs_visible=False gui_log_mode=OFF append_skipped=135
[11:24:53.505] [INFO] [EXEC] STREAM_SIGNAL_BUY_FILL stream_id=1 fill_price=79393.95000000 effect=log_only
[11:24:53.505] [OK] [EXEC] CHUNK ADD qty=0.000180 entry=79393.95
[11:24:53.505] [INFO] [EXEC] CHUNK COUNT n=1
[11:24:53.505] [INFO] [EXEC] STREAM_TARGET_USED ticks=28 sell_price=79394.23
[11:24:53.785] [INFO] [EXEC] STREAM_CHUNK_OWNED stream_id=1 chunk_id=1548854822432 qty=0.000180
[11:24:53.785] [INFO] [EXEC] STREAM_SELL_OWNED stream_id=1 chunk_id=1548854822432 order_id=391888335
[11:24:53.785] [INFO] [EXEC] STREAM_SELL_PLACED stream_id=1 chunk_id=1548854822432 order_id=391888335 price=79394.23 qty=0.000180
[11:24:54.050] [INFO] [EXEC] STREAM_BUY_FILLED level_id=2
[11:24:54.051] [INFO] [EXEC] STREAM_SIGNAL_BUY_FILL stream_id=2 fill_price=79393.90000000 effect=log_only
[11:24:54.051] [OK] [EXEC] CHUNK ADD qty=0.000180 entry=79393.90
[11:24:54.052] [INFO] [EXEC] CHUNK COUNT n=2
[11:24:54.052] [INFO] [EXEC] STREAM_TARGET_USED ticks=28 sell_price=79394.18
[11:24:54.310] [INFO] [EXEC] STREAM_CHUNK_OWNED stream_id=2 chunk_id=1548854822576 qty=0.000180
[11:24:54.311] [INFO] [EXEC] STREAM_SELL_OWNED stream_id=2 chunk_id=1548854822576 order_id=391888366
[11:24:54.311] [INFO] [EXEC] STREAM_SELL_PLACED stream_id=2 chunk_id=1548854822576 order_id=391888366 price=79394.18 qty=0.000180
[11:24:54.572] [INFO] [EXEC] STREAM_BUY_FILLED level_id=3
[11:24:54.573] [INFO] GUI_PERF tick_ms=0 logs_visible=False gui_log_mode=OFF append_skipped=151
[11:24:54.573] [INFO] [EXEC] STREAM_SIGNAL_BUY_FILL stream_id=3 fill_price=79393.86000000 effect=log_only
[11:24:54.573] [OK] [EXEC] CHUNK ADD qty=0.000180 entry=79393.86
[11:24:54.574] [INFO] [EXEC] CHUNK COUNT n=3
[11:24:54.575] [INFO] [EXEC] STREAM_TARGET_USED ticks=28 sell_price=79394.14
[11:24:54.836] [INFO] [EXEC] STREAM_CHUNK_OWNED stream_id=3 chunk_id=1548854823920 qty=0.000180
[11:24:54.836] [INFO] [EXEC] STREAM_SELL_OWNED stream_id=3 chunk_id=1548854823920 order_id=391888372
[11:24:54.837] [INFO] [EXEC] STREAM_SELL_PLACED stream_id=3 chunk_id=1548854823920 order_id=391888372 price=79394.14 qty=0.000180
[11:24:55.099] [INFO] [EXEC] STREAM_EXIT_RETRY_STATUS stream_id=1 chunk_id=1548854822432 order_id=391888335 status=NEW
[11:24:55.366] [INFO] [EXEC] STREAM_EXIT_RETRY_STATUS stream_id=2 chunk_id=1548854822576 order_id=391888366 status=NEW
[11:24:55.629] [INFO] [EXEC] STREAM_EXIT_RETRY_STATUS stream_id=3 chunk_id=1548854823920 order_id=391888372 status=NEW
[11:24:55.631] [INFO] GUI_PERF tick_ms=0 logs_visible=False gui_log_mode=OFF append_skipped=161
[11:24:55.631] [INFO] [EXEC] STREAM_REPAIR_SKIP reason=stream_owned_inventory
[11:24:55.632] [WARNING] [EXEC] STATE REPAIR reason=inventory_cannot_be_flat
[11:24:55.632] [ERROR] [EXEC] STREAM_OWNERSHIP_MISMATCH reason=qty_without_stream_chunks qty=0.000540
[11:24:55.634] [INFO] [EXEC] STREAM_GLOBAL_SMART_EXIT_BLOCKED reason=stream_owned_inventory qty=0.000540 trigger=exit_recovery_inventory_no_sell
[11:24:55.634] [ERROR] [EXEC] STREAM_OWNERSHIP_MISMATCH reason=qty_without_stream_chunks qty=0.000540
[11:24:55.634] [INFO] [EXEC] STREAM_GLOBAL_SMART_EXIT_BLOCKED reason=stream_owned_inventory qty=0.000540 trigger=place_sell
[11:24:56.308] [INFO] [EXEC] STREAM_EXIT_RETRY_STATUS stream_id=1 chunk_id=1548854822432 order_id=391888335 status=NEW
[11:24:56.308] [WARNING] [EXEC] STREAM_SELL_TIMEOUT stream_id=1 chunk_id=1548854822432 order_id=391888335 age_ms=2803 timeout_ms=2800
[11:24:56.571] [INFO] [EXEC] STREAM_SELL_CANCEL_OLD stream_id=1 chunk_id=1548854822432 order_id=391888335
[11:24:56.572] [INFO] [EXEC] STREAM_STOP_LOSS_BLOCKED_RETRY_AVAILABLE retry_count=0 retry_max=2 stream_id=1 chunk_id=1548854822432 order_id=391888335
[11:24:56.573] [WARNING] [EXEC] STREAM_EXIT_RETRY_PLACED stream_id=1 chunk_id=1548854822432 order_id=pending qty=0.000180 price=79394.05 retry_count=1
[11:24:57.093] [INFO] [EXEC] STREAM_EXIT_RETRY_STATUS stream_id=2 chunk_id=1548854822576 order_id=391888366 status=NEW
[11:24:57.094] [INFO] GUI_PERF tick_ms=0 logs_visible=False gui_log_mode=OFF append_skipped=173
[11:24:57.094] [WARNING] [EXEC] STREAM_SELL_TIMEOUT stream_id=2 chunk_id=1548854822576 order_id=391888366 age_ms=2803 timeout_ms=2800
[11:24:57.353] [INFO] [EXEC] STREAM_SELL_CANCEL_OLD stream_id=2 chunk_id=1548854822576 order_id=391888366
[11:24:57.354] [INFO] [EXEC] STREAM_STOP_LOSS_BLOCKED_RETRY_AVAILABLE retry_count=0 retry_max=2 stream_id=2 chunk_id=1548854822576 order_id=391888366
[11:24:57.354] [WARNING] [EXEC] STREAM_EXIT_RETRY_PLACED stream_id=2 chunk_id=1548854822576 order_id=pending qty=0.000180 price=79394.00 retry_count=1
[11:24:57.881] [INFO] [EXEC] STREAM_EXIT_RETRY_STATUS stream_id=3 chunk_id=1548854823920 order_id=391888372 status=NEW
[11:24:57.881] [WARNING] [EXEC] STREAM_SELL_TIMEOUT stream_id=3 chunk_id=1548854823920 order_id=391888372 age_ms=2803 timeout_ms=2800
[11:24:58.154] [INFO] [EXEC] STREAM_SELL_CANCEL_OLD stream_id=3 chunk_id=1548854823920 order_id=391888372
[11:24:58.155] [INFO] GUI_PERF tick_ms=0 logs_visible=False gui_log_mode=OFF append_skipped=180
[11:24:58.155] [INFO] [EXEC] STREAM_STOP_LOSS_BLOCKED_RETRY_AVAILABLE retry_count=0 retry_max=2 stream_id=3 chunk_id=1548854823920 order_id=391888372
[11:24:58.156] [WARNING] [EXEC] STREAM_EXIT_RETRY_PLACED stream_id=3 chunk_id=1548854823920 order_id=pending qty=0.000180 price=79393.97 retry_count=1
[11:24:58.423] [INFO] [EXEC] STREAM_OWNERSHIP_AUDIT stream_id=1 state=SELL_PLACED buy_order_id=0 sell_order_id=391888388 chunk_id=1548854822432 chunk_qty=0.000180 buy_live=false sell_live=true chunk_live=true
[11:24:58.424] [INFO] [EXEC] STREAM_OWNERSHIP_AUDIT stream_id=2 state=SELL_PLACED buy_order_id=0 sell_order_id=391888411 chunk_id=1548854822576 chunk_qty=0.000180 buy_live=false sell_live=true chunk_live=true
[11:24:58.424] [INFO] [EXEC] STREAM_OWNERSHIP_AUDIT stream_id=3 state=SELL_PLACED buy_order_id=0 sell_order_id=391888418 chunk_id=1548854823920 chunk_qty=0.000180 buy_live=false sell_live=true chunk_live=true
[11:24:58.424] [INFO] [EXEC] STREAM_OWNERSHIP_AUDIT stream_id=4 state=WAIT_BUY buy_order_id=0 sell_order_id=0 chunk_id=0 chunk_qty=0.000000 buy_live=false sell_live=false chunk_live=false
[11:24:58.425] [INFO] [EXEC] STREAM_OWNERSHIP_AUDIT stream_id=5 state=WAIT_BUY buy_order_id=0 sell_order_id=0 chunk_id=0 chunk_qty=0.000000 buy_live=false sell_live=false chunk_live=false
[11:24:58.425] [INFO] [EXEC] STREAM_OWNERSHIP_AUDIT stream_id=6 state=WAIT_BUY buy_order_id=0 sell_order_id=0 chunk_id=0 chunk_qty=0.000000 buy_live=false sell_live=false chunk_live=false
[11:24:58.425] [INFO] [EXEC] STREAM_OWNERSHIP_AUDIT stream_id=7 state=WAIT_BUY buy_order_id=0 sell_order_id=0 chunk_id=0 chunk_qty=0.000000 buy_live=false sell_live=false chunk_live=false
[11:24:58.425] [INFO] [EXEC] STREAM_OWNERSHIP_AUDIT stream_id=8 state=WAIT_BUY buy_order_id=0 sell_order_id=0 chunk_id=0 chunk_qty=0.000000 buy_live=false sell_live=false chunk_live=false
[11:24:58.426] [INFO] [EXEC] STREAM_OWNERSHIP_AUDIT stream_id=9 state=WAIT_BUY buy_order_id=0 sell_order_id=0 chunk_id=0 chunk_qty=0.000000 buy_live=false sell_live=false chunk_live=false
[11:24:58.426] [INFO] [EXEC] STREAM_OWNERSHIP_AUDIT stream_id=10 state=WAIT_BUY buy_order_id=0 sell_order_id=0 chunk_id=0 chunk_qty=0.000000 buy_live=false sell_live=false chunk_live=false
[11:24:58.426] [INFO] [EXEC] STREAM_OWNERSHIP_AUDIT stream_id=11 state=WAIT_START buy_order_id=0 sell_order_id=0 chunk_id=0 chunk_qty=0.000000 buy_live=false sell_live=false chunk_live=false
[11:24:58.426] [INFO] [EXEC] STREAM_OWNERSHIP_AUDIT stream_id=12 state=WAIT_START buy_order_id=0 sell_order_id=0 chunk_id=0 chunk_qty=0.000000 buy_live=false sell_live=false chunk_live=false
[11:24:58.427] [INFO] [EXEC] STREAM_OWNERSHIP_AUDIT stream_id=13 state=WAIT_START buy_order_id=0 sell_order_id=0 chunk_id=0 chunk_qty=0.000000 buy_live=false sell_live=false chunk_live=false
[11:24:58.427] [INFO] [EXEC] STREAM_OWNERSHIP_AUDIT stream_id=14 state=WAIT_START buy_order_id=0 sell_order_id=0 chunk_id=0 chunk_qty=0.000000 buy_live=false sell_live=false chunk_live=false
[11:24:58.427] [INFO] [EXEC] STREAM_OWNERSHIP_AUDIT stream_id=15 state=WAIT_START buy_order_id=0 sell_order_id=0 chunk_id=0 chunk_qty=0.000000 buy_live=false sell_live=false chunk_live=false
[11:24:58.428] [INFO] [EXEC] STREAM_OWNERSHIP_AUDIT stream_id=16 state=WAIT_START buy_order_id=0 sell_order_id=0 chunk_id=0 chunk_qty=0.000000 buy_live=false sell_live=false chunk_live=false
[11:24:58.428] [INFO] [EXEC] STREAM_OWNERSHIP_AUDIT stream_id=17 state=WAIT_START buy_order_id=0 sell_order_id=0 chunk_id=0 chunk_qty=0.000000 buy_live=false sell_live=false chunk_live=false
[11:24:58.429] [INFO] [EXEC] STREAM_OWNERSHIP_AUDIT stream_id=18 state=WAIT_START buy_order_id=0 sell_order_id=0 chunk_id=0 chunk_qty=0.000000 buy_live=false sell_live=false chunk_live=false
[11:24:58.429] [INFO] [EXEC] STREAM_OWNERSHIP_AUDIT stream_id=19 state=WAIT_START buy_order_id=0 sell_order_id=0 chunk_id=0 chunk_qty=0.000000 buy_live=false sell_live=false chunk_live=false
[11:24:58.430] [INFO] [EXEC] STREAM_OWNERSHIP_AUDIT stream_id=20 state=WAIT_START buy_order_id=0 sell_order_id=0 chunk_id=0 chunk_qty=0.000000 buy_live=false sell_live=false chunk_live=false
[11:24:58.430] [ERROR] [EXEC] STREAM_STATE_MISMATCH reason=stream_inventory_qty_mismatch inventory_qty=0.000540 stream_chunks=0
[11:24:58.430] [INFO] [EXEC] STREAM_OWNERSHIP_SUMMARY streams_total=20 wait_buy=7 buy_placed=0 sell_active=3 exiting=0 recycle=0 chunks_total=3 stream_chunks=0 orphan_chunks=3 inventory_qty=0.000540 stream_inventory_qty=0.000000 orphan_inventory_qty=0.000540
[11:24:58.431] [INFO] [EXEC] STREAM_REPAIR_SKIP reason=stream_owned_inventory
[11:24:58.431] [ERROR] [EXEC] STREAM_OWNERSHIP_MISMATCH reason=qty_without_stream_chunks qty=0.000540
[11:24:58.431] [INFO] [EXEC] STREAM_GLOBAL_SMART_EXIT_BLOCKED reason=stream_owned_inventory qty=0.000540 trigger=exit_recovery_inventory_no_sell
[11:24:58.432] [ERROR] [EXEC] STREAM_OWNERSHIP_MISMATCH reason=qty_without_stream_chunks qty=0.000540
[11:24:58.432] [INFO] [EXEC] STREAM_GLOBAL_SMART_EXIT_BLOCKED reason=stream_owned_inventory qty=0.000540 trigger=place_sell
[11:24:58.432] [INFO] [EXEC] STREAM_STATS_UI cycles=0 wins=0 losses=0 pnl=+0.000000 winrate=0.00%
[11:24:59.314] [INFO] [EXEC] STREAM_EXIT_RETRY_STATUS stream_id=1 chunk_id=1548854822432 order_id=391888388 status=FILLED
[11:24:59.315] [INFO] GUI_PERF tick_ms=0 logs_visible=False gui_log_mode=OFF append_skipped=211
[11:24:59.315] [INFO] [EXEC] STREAM_EXIT_RETRY_FILLED stream_id=1 chunk_id=1548854822432 order_id=391888388
[11:24:59.315] [OK] [EXEC] FIFO CLOSE qty=0.000180 entry=79393.95 exit=79394.05 pnl=+0.000018
[11:24:59.316] [INFO] [EXEC] STREAM_PNL stream_id=1 pnl=+0.000018
[11:24:59.316] [INFO] [EXEC] STREAM_RECYCLE_DELAY_APPLIED stream_id=1 delay_ms=300
[11:24:59.316] [INFO] [EXEC] STREAM_SIGNAL_SELL_FILL stream_id=1 timestamp=1778757899316 effect=log_only
[11:24:59.316] [INFO] [EXEC] STREAM_RECYCLED level_id=1 recycle_delay_ms=300
[11:24:59.317] [INFO] [EXEC] STREAM_LIFECYCLE_AUDIT stream_id=1 state=FILLED has_buy_order=false has_sell_order=false has_chunk=false action=recycle
[11:24:59.317] [INFO] [EXEC] STREAM_RUNTIME_TICK_CONTINUED_AFTER_EXIT stream_id=1
[11:24:59.589] [INFO] [EXEC] STREAM_EXIT_RETRY_STATUS stream_id=2 chunk_id=1548854822576 order_id=391888411 status=FILLED
[11:24:59.590] [INFO] [EXEC] STREAM_EXIT_RETRY_FILLED stream_id=2 chunk_id=1548854822576 order_id=391888411
[11:24:59.591] [OK] [EXEC] FIFO CLOSE qty=0.000180 entry=79393.90 exit=79394.00 pnl=+0.000018
[11:24:59.592] [INFO] [EXEC] STREAM_PNL stream_id=2 pnl=+0.000018
[11:24:59.593] [INFO] [EXEC] STREAM_RECYCLE_DELAY_APPLIED stream_id=2 delay_ms=300
[11:24:59.594] [INFO] [EXEC] STREAM_SIGNAL_SELL_FILL stream_id=2 timestamp=1778757899594 effect=log_only
[11:24:59.595] [INFO] [EXEC] STREAM_RECYCLED level_id=2 recycle_delay_ms=300
[11:24:59.596] [INFO] [EXEC] STREAM_LIFECYCLE_AUDIT stream_id=2 state=FILLED has_buy_order=false has_sell_order=false has_chunk=false action=recycle
[11:24:59.596] [INFO] [EXEC] STREAM_RUNTIME_TICK_CONTINUED_AFTER_EXIT stream_id=2
[11:24:59.860] [INFO] [EXEC] STREAM_EXIT_RETRY_STATUS stream_id=3 chunk_id=1548854823920 order_id=391888418 status=FILLED
[11:24:59.862] [INFO] [EXEC] STREAM_EXIT_RETRY_FILLED stream_id=3 chunk_id=1548854823920 order_id=391888418
[11:24:59.863] [OK] [EXEC] FIFO CLOSE qty=0.000180 entry=79393.86 exit=79393.97 pnl=+0.000020
[11:24:59.864] [INFO] [EXEC] STREAM_PNL stream_id=3 pnl=+0.000020
[11:24:59.865] [INFO] [EXEC] STREAM_RECYCLE_DELAY_APPLIED stream_id=3 delay_ms=300
[11:24:59.866] [INFO] [EXEC] STREAM_SIGNAL_SELL_FILL stream_id=3 timestamp=1778757899866 effect=log_only
[11:24:59.867] [INFO] [EXEC] STREAM_RECYCLED level_id=3 recycle_delay_ms=300
[11:24:59.868] [INFO] [EXEC] STREAM_LIFECYCLE_AUDIT stream_id=3 state=FILLED has_buy_order=false has_sell_order=false has_chunk=false action=recycle
[11:24:59.868] [INFO] [EXEC] STREAM_RUNTIME_TICK_CONTINUED_AFTER_EXIT stream_id=3
[11:24:59.869] [INFO] [EXEC] STREAM_OWNERSHIP_AUDIT stream_id=1 state=RECYCLE_COOLDOWN buy_order_id=0 sell_order_id=0 chunk_id=0 chunk_qty=0.000000 buy_live=false sell_live=false chunk_live=false
[11:24:59.870] [INFO] [EXEC] STREAM_OWNERSHIP_AUDIT stream_id=2 state=RECYCLE_COOLDOWN buy_order_id=0 sell_order_id=0 chunk_id=0 chunk_qty=0.000000 buy_live=false sell_live=false chunk_live=false
[11:24:59.870] [INFO] [EXEC] STREAM_OWNERSHIP_AUDIT stream_id=3 state=RECYCLE_COOLDOWN buy_order_id=0 sell_order_id=0 chunk_id=0 chunk_qty=0.000000 buy_live=false sell_live=false chunk_live=false
[11:24:59.871] [INFO] [EXEC] STREAM_OWNERSHIP_AUDIT stream_id=4 state=WAIT_BUY buy_order_id=0 sell_order_id=0 chunk_id=0 chunk_qty=0.000000 buy_live=false sell_live=false chunk_live=false
[11:24:59.871] [INFO] [EXEC] STREAM_OWNERSHIP_AUDIT stream_id=5 state=WAIT_BUY buy_order_id=0 sell_order_id=0 chunk_id=0 chunk_qty=0.000000 buy_live=false sell_live=false chunk_live=false
[11:24:59.871] [INFO] [EXEC] STREAM_OWNERSHIP_AUDIT stream_id=6 state=WAIT_BUY buy_order_id=0 sell_order_id=0 chunk_id=0 chunk_qty=0.000000 buy_live=false sell_live=false chunk_live=false
[11:24:59.872] [INFO] [EXEC] STREAM_OWNERSHIP_AUDIT stream_id=7 state=WAIT_BUY buy_order_id=0 sell_order_id=0 chunk_id=0 chunk_qty=0.000000 buy_live=false sell_live=false chunk_live=false
[11:24:59.872] [INFO] [EXEC] STREAM_OWNERSHIP_AUDIT stream_id=8 state=WAIT_BUY buy_order_id=0 sell_order_id=0 chunk_id=0 chunk_qty=0.000000 buy_live=false sell_live=false chunk_live=false
[11:24:59.872] [INFO] [EXEC] STREAM_OWNERSHIP_AUDIT stream_id=9 state=WAIT_BUY buy_order_id=0 sell_order_id=0 chunk_id=0 chunk_qty=0.000000 buy_live=false sell_live=false chunk_live=false
[11:24:59.873] [INFO] [EXEC] STREAM_OWNERSHIP_AUDIT stream_id=10 state=WAIT_BUY buy_order_id=0 sell_order_id=0 chunk_id=0 chunk_qty=0.000000 buy_live=false sell_live=false chunk_live=false
[11:24:59.873] [INFO] [EXEC] STREAM_OWNERSHIP_AUDIT stream_id=11 state=WAIT_START buy_order_id=0 sell_order_id=0 chunk_id=0 chunk_qty=0.000000 buy_live=false sell_live=false chunk_live=false
[11:24:59.874] [INFO] [EXEC] STREAM_OWNERSHIP_AUDIT stream_id=12 state=WAIT_START buy_order_id=0 sell_order_id=0 chunk_id=0 chunk_qty=0.000000 buy_live=false sell_live=false chunk_live=false
[11:24:59.874] [INFO] [EXEC] STREAM_OWNERSHIP_AUDIT stream_id=13 state=WAIT_START buy_order_id=0 sell_order_id=0 chunk_id=0 chunk_qty=0.000000 buy_live=false sell_live=false chunk_live=false
[11:24:59.875] [INFO] [EXEC] STREAM_OWNERSHIP_AUDIT stream_id=14 state=WAIT_START buy_order_id=0 sell_order_id=0 chunk_id=0 chunk_qty=0.000000 buy_live=false sell_live=false chunk_live=false
[11:24:59.875] [INFO] [EXEC] STREAM_OWNERSHIP_AUDIT stream_id=15 state=WAIT_START buy_order_id=0 sell_order_id=0 chunk_id=0 chunk_qty=0.000000 buy_live=false sell_live=false chunk_live=false
[11:24:59.875] [INFO] [EXEC] STREAM_OWNERSHIP_AUDIT stream_id=16 state=WAIT_START buy_order_id=0 sell_order_id=0 chunk_id=0 chunk_qty=0.000000 buy_live=false sell_live=false chunk_live=false
[11:24:59.876] [INFO] [EXEC] STREAM_OWNERSHIP_AUDIT stream_id=17 state=WAIT_START buy_order_id=0 sell_order_id=0 chunk_id=0 chunk_qty=0.000000 buy_live=false sell_live=false chunk_live=false
[11:24:59.876] [INFO] [EXEC] STREAM_OWNERSHIP_AUDIT stream_id=18 state=WAIT_START buy_order_id=0 sell_order_id=0 chunk_id=0 chunk_qty=0.000000 buy_live=false sell_live=false chunk_live=false
[11:24:59.876] [INFO] [EXEC] STREAM_OWNERSHIP_AUDIT stream_id=19 state=WAIT_START buy_order_id=0 sell_order_id=0 chunk_id=0 chunk_qty=0.000000 buy_live=false sell_live=false chunk_live=false
[11:24:59.877] [INFO] [EXEC] STREAM_OWNERSHIP_AUDIT stream_id=20 state=WAIT_START buy_order_id=0 sell_order_id=0 chunk_id=0 chunk_qty=0.000000 buy_live=false sell_live=false chunk_live=false
[11:24:59.877] [INFO] [EXEC] STREAM_OWNERSHIP_SUMMARY streams_total=20 wait_buy=7 buy_placed=0 sell_active=0 exiting=0 recycle=3 chunks_total=0 stream_chunks=0 orphan_chunks=0 inventory_qty=0.000000 stream_inventory_qty=0.000000 orphan_inventory_qty=0.000000
[11:24:59.877] [WARNING] [EXEC] STATE REPAIR reason=zero_inventory_not_flat
[11:24:59.878] [INFO] [HEALTH] state=DANGER
[11:24:59.878] [INFO] [EXEC] STREAM_SHUTDOWN_STATE active=false reason=runtime_tick
[11:24:59.878] [INFO] [EXEC] STREAM_MODE_ACTIVE_SKIP_SINGLE_ENTRY
[11:24:59.879] [INFO] [EXEC] STREAM_ACTIVATED stream_id=11 at_ms=1778757899055
[11:24:59.879] [INFO] [EXEC] STREAM_ACTIVATED stream_id=12 at_ms=1778757899055
[11:24:59.879] [INFO] [EXEC] STREAM_ACTIVATED stream_id=13 at_ms=1778757899055
[11:24:59.880] [INFO] [EXEC] STREAM_ACTIVATED stream_id=14 at_ms=1778757899055
[11:24:59.880] [INFO] [EXEC] STREAM_ACTIVATED stream_id=15 at_ms=1778757899055
[11:24:59.880] [INFO] [EXEC] STREAM_ACTIVATED stream_id=16 at_ms=1778757899055
[11:24:59.881] [INFO] [EXEC] STREAM_ACTIVATED stream_id=17 at_ms=1778757899055
[11:24:59.881] [INFO] [EXEC] STREAM_ACTIVATED stream_id=18 at_ms=1778757899055
[11:24:59.881] [INFO] [EXEC] STREAM_ACTIVATED stream_id=19 at_ms=1778757899055
[11:24:59.882] [INFO] [EXEC] STREAM_ACTIVATED stream_id=20 at_ms=1778757899055
[11:24:59.882] [INFO] [EXEC] STREAM_SWARM_STATE wait_start=0 wait_buy=17 buy_placed=0 sell_active=0 recycle=3 active_buys=0 active_sells=0
[11:24:59.882] [INFO] [EXEC] STREAM_BUY_CAPACITY active_buys=0 active_sells=0 waiting_streams=17 max_active_buys=10 free_buy_slots=10 batch_size=1
[11:25:00.146] [INFO] [EXEC] STREAM_BUY_PLACED level_id=4 order_id=391888512
[11:25:00.147] [OK] [EXEC] PLACE BUY price=79393.81 qty=0.000180
[11:25:00.148] [INFO] [EXEC] STREAM_PLACEMENT_TICK active_buys=1 active_sells=0 waiting_streams=17 free_buy_slots=10 placed=1
[11:25:00.149] [INFO] [EXEC] STREAM_CONCURRENCY_STATE buys=1 sells=0 waiting=17 inventory_u=0.00 exposure_u=0.00 buy_allowed=true reason=none
[11:25:00.850] [INFO] [EXEC] STREAM_OWNERSHIP_AUDIT stream_id=1 state=RECYCLE_COOLDOWN buy_order_id=0 sell_order_id=0 chunk_id=0 chunk_qty=0.000000 buy_live=false sell_live=false chunk_live=false
[11:25:00.851] [INFO] GUI_PERF tick_ms=0 logs_visible=False gui_log_mode=OFF append_skipped=279
[11:25:00.852] [INFO] [EXEC] STREAM_OWNERSHIP_AUDIT stream_id=2 state=RECYCLE_COOLDOWN buy_order_id=0 sell_order_id=0 chunk_id=0 chunk_qty=0.000000 buy_live=false sell_live=false chunk_live=false
[11:25:00.853] [INFO] [EXEC] STREAM_OWNERSHIP_AUDIT stream_id=3 state=RECYCLE_COOLDOWN buy_order_id=0 sell_order_id=0 chunk_id=0 chunk_qty=0.000000 buy_live=false sell_live=false chunk_live=false
[11:25:00.853] [INFO] [EXEC] STREAM_OWNERSHIP_AUDIT stream_id=4 state=BUY_PLACED buy_order_id=391888512 sell_order_id=0 chunk_id=0 chunk_qty=0.000000 buy_live=true sell_live=false chunk_live=false
[11:25:00.853] [INFO] [EXEC] STREAM_OWNERSHIP_AUDIT stream_id=5 state=WAIT_BUY buy_order_id=0 sell_order_id=0 chunk_id=0 chunk_qty=0.000000 buy_live=false sell_live=false chunk_live=false
[11:25:00.854] [INFO] [EXEC] STREAM_OWNERSHIP_AUDIT stream_id=6 state=WAIT_BUY buy_order_id=0 sell_order_id=0 chunk_id=0 chunk_qty=0.000000 buy_live=false sell_live=false chunk_live=false
[11:25:00.854] [INFO] [EXEC] STREAM_OWNERSHIP_AUDIT stream_id=7 state=WAIT_BUY buy_order_id=0 sell_order_id=0 chunk_id=0 chunk_qty=0.000000 buy_live=false sell_live=false chunk_live=false
[11:25:00.855] [INFO] [EXEC] STREAM_OWNERSHIP_AUDIT stream_id=8 state=WAIT_BUY buy_order_id=0 sell_order_id=0 chunk_id=0 chunk_qty=0.000000 buy_live=false sell_live=false chunk_live=false
[11:25:00.855] [INFO] [EXEC] STREAM_OWNERSHIP_AUDIT stream_id=9 state=WAIT_BUY buy_order_id=0 sell_order_id=0 chunk_id=0 chunk_qty=0.000000 buy_live=false sell_live=false chunk_live=false
[11:25:00.856] [INFO] [EXEC] STREAM_OWNERSHIP_AUDIT stream_id=10 state=WAIT_BUY buy_order_id=0 sell_order_id=0 chunk_id=0 chunk_qty=0.000000 buy_live=false sell_live=false chunk_live=false
[11:25:00.856] [INFO] [EXEC] STREAM_OWNERSHIP_AUDIT stream_id=11 state=WAIT_BUY buy_order_id=0 sell_order_id=0 chunk_id=0 chunk_qty=0.000000 buy_live=false sell_live=false chunk_live=false
[11:25:00.856] [INFO] [EXEC] STREAM_OWNERSHIP_AUDIT stream_id=12 state=WAIT_BUY buy_order_id=0 sell_order_id=0 chunk_id=0 chunk_qty=0.000000 buy_live=false sell_live=false chunk_live=false
[11:25:00.857] [INFO] [EXEC] STREAM_OWNERSHIP_AUDIT stream_id=13 state=WAIT_BUY buy_order_id=0 sell_order_id=0 chunk_id=0 chunk_qty=0.000000 buy_live=false sell_live=false chunk_live=false
[11:25:00.857] [INFO] [EXEC] STREAM_OWNERSHIP_AUDIT stream_id=14 state=WAIT_BUY buy_order_id=0 sell_order_id=0 chunk_id=0 chunk_qty=0.000000 buy_live=false sell_live=false chunk_live=false
[11:25:00.857] [INFO] [EXEC] STREAM_OWNERSHIP_AUDIT stream_id=15 state=WAIT_BUY buy_order_id=0 sell_order_id=0 chunk_id=0 chunk_qty=0.000000 buy_live=false sell_live=false chunk_live=false
[11:25:00.858] [INFO] [EXEC] STREAM_OWNERSHIP_AUDIT stream_id=16 state=WAIT_BUY buy_order_id=0 sell_order_id=0 chunk_id=0 chunk_qty=0.000000 buy_live=false sell_live=false chunk_live=false
[11:25:00.858] [INFO] [EXEC] STREAM_OWNERSHIP_AUDIT stream_id=17 state=WAIT_BUY buy_order_id=0 sell_order_id=0 chunk_id=0 chunk_qty=0.000000 buy_live=false sell_live=false chunk_live=false
[11:25:00.859] [INFO] [EXEC] STREAM_OWNERSHIP_AUDIT stream_id=18 state=WAIT_BUY buy_order_id=0 sell_order_id=0 chunk_id=0 chunk_qty=0.000000 buy_live=false sell_live=false chunk_live=false
[11:25:00.860] [INFO] [EXEC] STREAM_OWNERSHIP_AUDIT stream_id=19 state=WAIT_BUY buy_order_id=0 sell_order_id=0 chunk_id=0 chunk_qty=0.000000 buy_live=false sell_live=false chunk_live=false
[11:25:00.860] [INFO] [EXEC] STREAM_OWNERSHIP_AUDIT stream_id=20 state=WAIT_BUY buy_order_id=0 sell_order_id=0 chunk_id=0 chunk_qty=0.000000 buy_live=false sell_live=false chunk_live=false
[11:25:00.860] [INFO] [EXEC] STREAM_OWNERSHIP_SUMMARY streams_total=20 wait_buy=16 buy_placed=1 sell_active=0 exiting=0 recycle=3 chunks_total=0 stream_chunks=0 orphan_chunks=0 inventory_qty=0.000000 stream_inventory_qty=0.000000 orphan_inventory_qty=0.000000
[11:25:00.861] [WARNING] [HEALTH] block spread_too_young lifetime=0
[11:25:00.861] [WARNING] [HEALTH] unstable_spread lifetime=0
[11:25:00.861] [INFO] [EXEC] STREAM_RECYCLE_READY stream_id=1 at_ms=1778757900589
[11:25:00.862] [INFO] [EXEC] STREAM_RECYCLE_READY stream_id=2 at_ms=1778757900589
[11:25:00.862] [INFO] [EXEC] STREAM_RECYCLE_READY stream_id=3 at_ms=1778757900589
[11:25:00.862] [INFO] [EXEC] STREAM_SWARM_STATE wait_start=0 wait_buy=19 buy_placed=1 sell_active=0 recycle=0 active_buys=1 active_sells=0
[11:25:00.863] [INFO] [EXEC] STREAM_BUY_CAPACITY active_buys=1 active_sells=0 waiting_streams=19 max_active_buys=10 free_buy_slots=9 batch_size=1
[11:25:01.122] [INFO] [EXEC] STREAM_BUY_PLACED level_id=1 order_id=391888557
[11:25:01.124] [OK] [EXEC] PLACE BUY price=79393.95 qty=0.000180
[11:25:01.124] [INFO] [EXEC] STREAM_PLACEMENT_TICK active_buys=2 active_sells=0 waiting_streams=19 free_buy_slots=9 placed=1
[11:25:01.125] [INFO] [EXEC] STREAM_CONCURRENCY_STATE buys=2 sells=0 waiting=19 inventory_u=0.00 exposure_u=0.00 buy_allowed=true reason=none
[11:25:02.139] [INFO] [EXEC] STREAM_SWARM_STATE wait_start=0 wait_buy=18 buy_placed=2 sell_active=0 recycle=0 active_buys=2 active_sells=0
[11:25:02.140] [INFO] GUI_PERF tick_ms=0 logs_visible=False gui_log_mode=OFF append_skipped=311
[11:25:02.141] [INFO] [EXEC] STREAM_BUY_CAPACITY active_buys=2 active_sells=0 waiting_streams=18 max_active_buys=10 free_buy_slots=8 batch_size=1
[11:25:02.402] [INFO] [EXEC] STREAM_BUY_PLACED level_id=2 order_id=391888568
[11:25:02.403] [OK] [EXEC] PLACE BUY price=79393.90 qty=0.000180
[11:25:02.403] [INFO] [EXEC] STREAM_PLACEMENT_TICK active_buys=3 active_sells=0 waiting_streams=18 free_buy_slots=8 placed=1
[11:25:02.403] [INFO] [EXEC] STREAM_CONCURRENCY_STATE buys=3 sells=0 waiting=18 inventory_u=0.00 exposure_u=0.00 buy_allowed=true reason=none
[11:25:03.380] [INFO] [EXEC] STREAM_BUY_FILLED level_id=2
[11:25:03.381] [INFO] GUI_PERF tick_ms=0 logs_visible=False gui_log_mode=OFF append_skipped=317
[11:25:03.381] [INFO] [EXEC] STREAM_SIGNAL_BUY_FILL stream_id=2 fill_price=79393.90000000 effect=log_only
[11:25:03.381] [OK] [EXEC] CHUNK ADD qty=0.000180 entry=79393.90
[11:25:03.382] [INFO] [EXEC] CHUNK COUNT n=1
[11:25:03.382] [INFO] [EXEC] STREAM_TARGET_USED ticks=28 sell_price=79394.18
[11:25:03.660] [INFO] [EXEC] STREAM_CHUNK_OWNED stream_id=2 chunk_id=1548854846784 qty=0.000180
[11:25:03.661] [INFO] [EXEC] STREAM_SELL_OWNED stream_id=2 chunk_id=1548854846784 order_id=391888610
[11:25:03.661] [INFO] [EXEC] STREAM_SELL_PLACED stream_id=2 chunk_id=1548854846784 order_id=391888610 price=79394.18 qty=0.000180
[11:25:03.920] [INFO] [EXEC] STREAM_BUY_FILLED level_id=4
[11:25:03.920] [INFO] [EXEC] STREAM_SIGNAL_BUY_FILL stream_id=4 fill_price=79393.81000000 effect=log_only
[11:25:03.921] [OK] [EXEC] CHUNK ADD qty=0.000180 entry=79393.81
[11:25:03.921] [INFO] [EXEC] CHUNK COUNT n=2
[11:25:03.921] [INFO] [EXEC] STREAM_TARGET_USED ticks=28 sell_price=79394.09
[11:25:04.186] [INFO] [EXEC] STREAM_CHUNK_OWNED stream_id=4 chunk_id=1548854839872 qty=0.000180
[11:25:04.186] [INFO] [EXEC] STREAM_SELL_OWNED stream_id=4 chunk_id=1548854839872 order_id=391888642
[11:25:04.187] [INFO] [EXEC] STREAM_SELL_PLACED stream_id=4 chunk_id=1548854839872 order_id=391888642 price=79394.09 qty=0.000180
[11:25:04.467] [INFO] [EXEC] STREAM_EXIT_RETRY_STATUS stream_id=2 chunk_id=1548854846784 order_id=391888610 status=FILLED
[11:25:04.467] [INFO] GUI_PERF tick_ms=0 logs_visible=False gui_log_mode=OFF append_skipped=333
[11:25:04.468] [INFO] [EXEC] STREAM_EXIT_RETRY_FILLED stream_id=2 chunk_id=1548854846784 order_id=391888610
[11:25:04.468] [OK] [EXEC] FIFO CLOSE qty=0.000180 entry=79393.90 exit=79394.18 pnl=+0.000050
[11:25:04.469] [INFO] [EXEC] STREAM_PNL stream_id=2 pnl=+0.000050
[11:25:04.469] [INFO] [EXEC] STREAM_RECYCLE_DELAY_APPLIED stream_id=2 delay_ms=300
[11:25:04.470] [INFO] [EXEC] STREAM_SIGNAL_SELL_FILL stream_id=2 timestamp=1778757904470 effect=log_only
[11:25:04.470] [INFO] [EXEC] STREAM_RECYCLED level_id=2 recycle_delay_ms=300
[11:25:04.470] [INFO] [EXEC] STREAM_LIFECYCLE_AUDIT stream_id=2 state=FILLED has_buy_order=false has_sell_order=false has_chunk=false action=recycle
[11:25:04.470] [INFO] [EXEC] STREAM_RUNTIME_TICK_CONTINUED_AFTER_EXIT stream_id=2
[11:25:05.214] [INFO] [EXEC] STREAM_EXIT_RETRY_STATUS stream_id=4 chunk_id=1548854839872 order_id=391888642 status=NEW
[11:25:05.215] [INFO] [EXEC] STREAM_OWNERSHIP_AUDIT stream_id=1 state=BUY_PLACED buy_order_id=391888557 sell_order_id=0 chunk_id=0 chunk_qty=0.000000 buy_live=true sell_live=false chunk_live=false
[11:25:05.215] [INFO] [EXEC] STREAM_OWNERSHIP_AUDIT stream_id=2 state=RECYCLE_COOLDOWN buy_order_id=0 sell_order_id=0 chunk_id=0 chunk_qty=0.000000 buy_live=false sell_live=false chunk_live=false
[11:25:05.216] [INFO] [EXEC] STREAM_OWNERSHIP_AUDIT stream_id=3 state=WAIT_BUY buy_order_id=0 sell_order_id=0 chunk_id=0 chunk_qty=0.000000 buy_live=false sell_live=false chunk_live=false
[11:25:05.216] [INFO] [EXEC] STREAM_OWNERSHIP_AUDIT stream_id=4 state=SELL_PLACED buy_order_id=0 sell_order_id=391888642 chunk_id=1548854839872 chunk_qty=0.000180 buy_live=false sell_live=true chunk_live=true
[11:25:05.216] [INFO] [EXEC] STREAM_OWNERSHIP_AUDIT stream_id=5 state=WAIT_BUY buy_order_id=0 sell_order_id=0 chunk_id=0 chunk_qty=0.000000 buy_live=false sell_live=false chunk_live=false
[11:25:05.217] [INFO] [EXEC] STREAM_OWNERSHIP_AUDIT stream_id=6 state=WAIT_BUY buy_order_id=0 sell_order_id=0 chunk_id=0 chunk_qty=0.000000 buy_live=false sell_live=false chunk_live=false
[11:25:05.217] [INFO] [EXEC] STREAM_OWNERSHIP_AUDIT stream_id=7 state=WAIT_BUY buy_order_id=0 sell_order_id=0 chunk_id=0 chunk_qty=0.000000 buy_live=false sell_live=false chunk_live=false
[11:25:05.217] [INFO] [EXEC] STREAM_OWNERSHIP_AUDIT stream_id=8 state=WAIT_BUY buy_order_id=0 sell_order_id=0 chunk_id=0 chunk_qty=0.000000 buy_live=false sell_live=false chunk_live=false
[11:25:05.218] [INFO] [EXEC] STREAM_OWNERSHIP_AUDIT stream_id=9 state=WAIT_BUY buy_order_id=0 sell_order_id=0 chunk_id=0 chunk_qty=0.000000 buy_live=false sell_live=false chunk_live=false
[11:25:05.218] [INFO] [EXEC] STREAM_OWNERSHIP_AUDIT stream_id=10 state=WAIT_BUY buy_order_id=0 sell_order_id=0 chunk_id=0 chunk_qty=0.000000 buy_live=false sell_live=false chunk_live=false
[11:25:05.218] [INFO] [EXEC] STREAM_OWNERSHIP_AUDIT stream_id=11 state=WAIT_BUY buy_order_id=0 sell_order_id=0 chunk_id=0 chunk_qty=0.000000 buy_live=false sell_live=false chunk_live=false
[11:25:05.218] [INFO] [EXEC] STREAM_OWNERSHIP_AUDIT stream_id=12 state=WAIT_BUY buy_order_id=0 sell_order_id=0 chunk_id=0 chunk_qty=0.000000 buy_live=false sell_live=false chunk_live=false
[11:25:05.218] [INFO] [EXEC] STREAM_OWNERSHIP_AUDIT stream_id=13 state=WAIT_BUY buy_order_id=0 sell_order_id=0 chunk_id=0 chunk_qty=0.000000 buy_live=false sell_live=false chunk_live=false
[11:25:05.219] [INFO] [EXEC] STREAM_OWNERSHIP_AUDIT stream_id=14 state=WAIT_BUY buy_order_id=0 sell_order_id=0 chunk_id=0 chunk_qty=0.000000 buy_live=false sell_live=false chunk_live=false
[11:25:05.219] [INFO] [EXEC] STREAM_OWNERSHIP_AUDIT stream_id=15 state=WAIT_BUY buy_order_id=0 sell_order_id=0 chunk_id=0 chunk_qty=0.000000 buy_live=false sell_live=false chunk_live=false
[11:25:05.220] [INFO] [EXEC] STREAM_OWNERSHIP_AUDIT stream_id=16 state=WAIT_BUY buy_order_id=0 sell_order_id=0 chunk_id=0 chunk_qty=0.000000 buy_live=false sell_live=false chunk_live=false
[11:25:05.221] [INFO] [EXEC] STREAM_OWNERSHIP_AUDIT stream_id=17 state=WAIT_BUY buy_order_id=0 sell_order_id=0 chunk_id=0 chunk_qty=0.000000 buy_live=false sell_live=false chunk_live=false
[11:25:05.221] [INFO] [EXEC] STREAM_OWNERSHIP_AUDIT stream_id=18 state=WAIT_BUY buy_order_id=0 sell_order_id=0 chunk_id=0 chunk_qty=0.000000 buy_live=false sell_live=false chunk_live=false
[11:25:05.221] [INFO] [EXEC] STREAM_OWNERSHIP_AUDIT stream_id=19 state=WAIT_BUY buy_order_id=0 sell_order_id=0 chunk_id=0 chunk_qty=0.000000 buy_live=false sell_live=false chunk_live=false
[11:25:05.221] [INFO] [EXEC] STREAM_OWNERSHIP_AUDIT stream_id=20 state=WAIT_BUY buy_order_id=0 sell_order_id=0 chunk_id=0 chunk_qty=0.000000 buy_live=false sell_live=false chunk_live=false
[11:25:05.222] [ERROR] [EXEC] STREAM_STATE_MISMATCH reason=stream_inventory_qty_mismatch inventory_qty=0.000180 stream_chunks=0
[11:25:05.222] [INFO] [EXEC] STREAM_OWNERSHIP_SUMMARY streams_total=20 wait_buy=17 buy_placed=1 sell_active=1 exiting=0 recycle=1 chunks_total=1 stream_chunks=0 orphan_chunks=1 inventory_qty=0.000180 stream_inventory_qty=0.000000 orphan_inventory_qty=0.000180
[11:25:05.223] [INFO] [EXEC] STREAM_REPAIR_SKIP reason=stream_owned_inventory
[11:25:05.223] [WARNING] [EXEC] STATE REPAIR reason=inventory_cannot_be_flat
[11:25:05.223] [ERROR] [EXEC] STREAM_OWNERSHIP_MISMATCH reason=qty_without_stream_chunks qty=0.000180
[11:25:05.223] [INFO] [EXEC] STREAM_GLOBAL_SMART_EXIT_BLOCKED reason=stream_owned_inventory qty=0.000180 trigger=exit_recovery_inventory_no_sell
[11:25:05.223] [ERROR] [EXEC] STREAM_OWNERSHIP_MISMATCH reason=qty_without_stream_chunks qty=0.000180
[11:25:05.223] [INFO] [EXEC] STREAM_GLOBAL_SMART_EXIT_BLOCKED reason=stream_owned_inventory qty=0.000180 trigger=place_sell
[11:25:05.230] [INFO] [EXEC] STREAM_STATS_UI cycles=4 wins=4 losses=0 pnl=+0.000106 winrate=100.00%
[11:25:06.096] [INFO] [EXEC] STREAM_BUY_FILLED level_id=1
[11:25:06.098] [INFO] GUI_PERF tick_ms=0 logs_visible=False gui_log_mode=OFF append_skipped=372
[11:25:06.099] [INFO] [EXEC] STREAM_SIGNAL_BUY_FILL stream_id=1 fill_price=79393.95000000 effect=log_only
[11:25:06.100] [OK] [EXEC] CHUNK ADD qty=0.000180 entry=79393.95
[11:25:06.101] [INFO] [EXEC] CHUNK COUNT n=2
[11:25:06.102] [INFO] [EXEC] STREAM_TARGET_USED ticks=28 sell_price=79394.23
[11:25:06.365] [INFO] [EXEC] STREAM_CHUNK_OWNED stream_id=1 chunk_id=1548835984624 qty=0.000180
[11:25:06.365] [INFO] [EXEC] STREAM_SELL_OWNED stream_id=1 chunk_id=1548835984624 order_id=391888663
[11:25:06.366] [INFO] [EXEC] STREAM_SELL_PLACED stream_id=1 chunk_id=1548835984624 order_id=391888663 price=79394.23 qty=0.000180
[11:25:06.624] [INFO] [EXEC] STREAM_EXIT_RETRY_STATUS stream_id=4 chunk_id=1548854839872 order_id=391888642 status=NEW
[11:25:06.625] [WARNING] [EXEC] STREAM_SELL_TIMEOUT stream_id=4 chunk_id=1548854839872 order_id=391888642 age_ms=2980 timeout_ms=2800
[11:25:06.883] [INFO] [EXEC] STREAM_SELL_CANCEL_OLD stream_id=4 chunk_id=1548854839872 order_id=391888642
[11:25:06.886] [INFO] [EXEC] STREAM_STOP_LOSS_BLOCKED_RETRY_AVAILABLE retry_count=0 retry_max=2 stream_id=4 chunk_id=1548854839872 order_id=391888642
[11:25:06.887] [WARNING] [EXEC] STREAM_EXIT_RETRY_PLACED stream_id=4 chunk_id=1548854839872 order_id=pending qty=0.000180 price=79393.91 retry_count=1
[11:25:07.410] [INFO] [EXEC] STREAM_EXIT_RETRY_STATUS stream_id=1 chunk_id=1548835984624 order_id=391888663 status=NEW
[11:25:07.411] [INFO] GUI_PERF tick_ms=0 logs_visible=False gui_log_mode=OFF append_skipped=385
[11:25:07.411] [INFO] [EXEC] STREAM_OWNERSHIP_AUDIT stream_id=1 state=SELL_PLACED buy_order_id=0 sell_order_id=391888663 chunk_id=1548835984624 chunk_qty=0.000180 buy_live=false sell_live=true chunk_live=true
[11:25:07.411] [INFO] [EXEC] STREAM_OWNERSHIP_AUDIT stream_id=2 state=RECYCLE_COOLDOWN buy_order_id=0 sell_order_id=0 chunk_id=0 chunk_qty=0.000000 buy_live=false sell_live=false chunk_live=false
[11:25:07.411] [INFO] [EXEC] STREAM_OWNERSHIP_AUDIT stream_id=3 state=WAIT_BUY buy_order_id=0 sell_order_id=0 chunk_id=0 chunk_qty=0.000000 buy_live=false sell_live=false chunk_live=false
[11:25:07.411] [INFO] [EXEC] STREAM_OWNERSHIP_AUDIT stream_id=4 state=SELL_PLACED buy_order_id=0 sell_order_id=391888672 chunk_id=1548854839872 chunk_qty=0.000180 buy_live=false sell_live=true chunk_live=true
[11:25:07.412] [INFO] [EXEC] STREAM_OWNERSHIP_AUDIT stream_id=5 state=WAIT_BUY buy_order_id=0 sell_order_id=0 chunk_id=0 chunk_qty=0.000000 buy_live=false sell_live=false chunk_live=false
[11:25:07.412] [INFO] [EXEC] STREAM_OWNERSHIP_AUDIT stream_id=6 state=WAIT_BUY buy_order_id=0 sell_order_id=0 chunk_id=0 chunk_qty=0.000000 buy_live=false sell_live=false chunk_live=false
[11:25:07.412] [INFO] [EXEC] STREAM_OWNERSHIP_AUDIT stream_id=7 state=WAIT_BUY buy_order_id=0 sell_order_id=0 chunk_id=0 chunk_qty=0.000000 buy_live=false sell_live=false chunk_live=false
[11:25:07.412] [INFO] [EXEC] STREAM_OWNERSHIP_AUDIT stream_id=8 state=WAIT_BUY buy_order_id=0 sell_order_id=0 chunk_id=0 chunk_qty=0.000000 buy_live=false sell_live=false chunk_live=false
[11:25:07.413] [INFO] [EXEC] STREAM_OWNERSHIP_AUDIT stream_id=9 state=WAIT_BUY buy_order_id=0 sell_order_id=0 chunk_id=0 chunk_qty=0.000000 buy_live=false sell_live=false chunk_live=false
[11:25:07.413] [INFO] [EXEC] STREAM_OWNERSHIP_AUDIT stream_id=10 state=WAIT_BUY buy_order_id=0 sell_order_id=0 chunk_id=0 chunk_qty=0.000000 buy_live=false sell_live=false chunk_live=false
[11:25:07.413] [INFO] [EXEC] STREAM_OWNERSHIP_AUDIT stream_id=11 state=WAIT_BUY buy_order_id=0 sell_order_id=0 chunk_id=0 chunk_qty=0.000000 buy_live=false sell_live=false chunk_live=false
[11:25:07.413] [INFO] [EXEC] STREAM_OWNERSHIP_AUDIT stream_id=12 state=WAIT_BUY buy_order_id=0 sell_order_id=0 chunk_id=0 chunk_qty=0.000000 buy_live=false sell_live=false chunk_live=false
[11:25:07.413] [INFO] [EXEC] STREAM_OWNERSHIP_AUDIT stream_id=13 state=WAIT_BUY buy_order_id=0 sell_order_id=0 chunk_id=0 chunk_qty=0.000000 buy_live=false sell_live=false chunk_live=false
[11:25:07.414] [INFO] [EXEC] STREAM_OWNERSHIP_AUDIT stream_id=14 state=WAIT_BUY buy_order_id=0 sell_order_id=0 chunk_id=0 chunk_qty=0.000000 buy_live=false sell_live=false chunk_live=false
[11:25:07.414] [INFO] [EXEC] STREAM_OWNERSHIP_AUDIT stream_id=15 state=WAIT_BUY buy_order_id=0 sell_order_id=0 chunk_id=0 chunk_qty=0.000000 buy_live=false sell_live=false chunk_live=false
[11:25:07.414] [INFO] [EXEC] STREAM_OWNERSHIP_AUDIT stream_id=16 state=WAIT_BUY buy_order_id=0 sell_order_id=0 chunk_id=0 chunk_qty=0.000000 buy_live=false sell_live=false chunk_live=false
[11:25:07.414] [INFO] [EXEC] STREAM_OWNERSHIP_AUDIT stream_id=17 state=WAIT_BUY buy_order_id=0 sell_order_id=0 chunk_id=0 chunk_qty=0.000000 buy_live=false sell_live=false chunk_live=false
[11:25:07.414] [INFO] [EXEC] STREAM_OWNERSHIP_AUDIT stream_id=18 state=WAIT_BUY buy_order_id=0 sell_order_id=0 chunk_id=0 chunk_qty=0.000000 buy_live=false sell_live=false chunk_live=false
[11:25:07.415] [INFO] [EXEC] STREAM_OWNERSHIP_AUDIT stream_id=19 state=WAIT_BUY buy_order_id=0 sell_order_id=0 chunk_id=0 chunk_qty=0.000000 buy_live=false sell_live=false chunk_live=false
[11:25:07.415] [INFO] [EXEC] STREAM_OWNERSHIP_AUDIT stream_id=20 state=WAIT_BUY buy_order_id=0 sell_order_id=0 chunk_id=0 chunk_qty=0.000000 buy_live=false sell_live=false chunk_live=false
[11:25:07.415] [ERROR] [EXEC] STREAM_STATE_MISMATCH reason=stream_inventory_qty_mismatch inventory_qty=0.000360 stream_chunks=0
[11:25:07.415] [INFO] [EXEC] STREAM_OWNERSHIP_SUMMARY streams_total=20 wait_buy=17 buy_placed=0 sell_active=2 exiting=0 recycle=1 chunks_total=2 stream_chunks=0 orphan_chunks=2 inventory_qty=0.000360 stream_inventory_qty=0.000000 orphan_inventory_qty=0.000360
[11:25:07.415] [ERROR] [EXEC] STREAM_OWNERSHIP_MISMATCH reason=qty_without_stream_chunks qty=0.000360
[11:25:08.114] [INFO] [EXEC] STREAM_EXIT_RETRY_STATUS stream_id=1 chunk_id=1548835984624 order_id=391888663 status=NEW
[11:25:08.375] [INFO] [EXEC] STREAM_EXIT_RETRY_STATUS stream_id=4 chunk_id=1548854839872 order_id=391888672 status=NEW
[11:25:08.376] [INFO] [EXEC] STREAM_OWNERSHIP_AUDIT stream_id=1 state=SELL_PLACED buy_order_id=0 sell_order_id=391888663 chunk_id=1548835984624 chunk_qty=0.000180 buy_live=false sell_live=true chunk_live=true
[11:25:08.376] [INFO] [EXEC] STREAM_OWNERSHIP_AUDIT stream_id=2 state=RECYCLE_COOLDOWN buy_order_id=0 sell_order_id=0 chunk_id=0 chunk_qty=0.000000 buy_live=false sell_live=false chunk_live=false
[11:25:08.376] [INFO] [EXEC] STREAM_OWNERSHIP_AUDIT stream_id=3 state=WAIT_BUY buy_order_id=0 sell_order_id=0 chunk_id=0 chunk_qty=0.000000 buy_live=false sell_live=false chunk_live=false
[11:25:08.376] [INFO] [EXEC] STREAM_OWNERSHIP_AUDIT stream_id=4 state=SELL_PLACED buy_order_id=0 sell_order_id=391888672 chunk_id=1548854839872 chunk_qty=0.000180 buy_live=false sell_live=true chunk_live=true
[11:25:08.376] [INFO] [EXEC] STREAM_OWNERSHIP_AUDIT stream_id=5 state=WAIT_BUY buy_order_id=0 sell_order_id=0 chunk_id=0 chunk_qty=0.000000 buy_live=false sell_live=false chunk_live=false
[11:25:08.376] [INFO] [EXEC] STREAM_OWNERSHIP_AUDIT stream_id=6 state=WAIT_BUY buy_order_id=0 sell_order_id=0 chunk_id=0 chunk_qty=0.000000 buy_live=false sell_live=false chunk_live=false
[11:25:08.376] [INFO] [EXEC] STREAM_OWNERSHIP_AUDIT stream_id=7 state=WAIT_BUY buy_order_id=0 sell_order_id=0 chunk_id=0 chunk_qty=0.000000 buy_live=false sell_live=false chunk_live=false
[11:25:08.377] [INFO] [EXEC] STREAM_OWNERSHIP_AUDIT stream_id=8 state=WAIT_BUY buy_order_id=0 sell_order_id=0 chunk_id=0 chunk_qty=0.000000 buy_live=false sell_live=false chunk_live=false
[11:25:08.377] [INFO] [EXEC] STREAM_OWNERSHIP_AUDIT stream_id=9 state=WAIT_BUY buy_order_id=0 sell_order_id=0 chunk_id=0 chunk_qty=0.000000 buy_live=false sell_live=false chunk_live=false
[11:25:08.377] [INFO] [EXEC] STREAM_OWNERSHIP_AUDIT stream_id=10 state=WAIT_BUY buy_order_id=0 sell_order_id=0 chunk_id=0 chunk_qty=0.000000 buy_live=false sell_live=false chunk_live=false
[11:25:08.377] [INFO] [EXEC] STREAM_OWNERSHIP_AUDIT stream_id=11 state=WAIT_BUY buy_order_id=0 sell_order_id=0 chunk_id=0 chunk_qty=0.000000 buy_live=false sell_live=false chunk_live=false
[11:25:08.377] [INFO] [EXEC] STREAM_OWNERSHIP_AUDIT stream_id=12 state=WAIT_BUY buy_order_id=0 sell_order_id=0 chunk_id=0 chunk_qty=0.000000 buy_live=false sell_live=false chunk_live=false
[11:25:08.378] [INFO] [EXEC] STREAM_OWNERSHIP_AUDIT stream_id=13 state=WAIT_BUY buy_order_id=0 sell_order_id=0 chunk_id=0 chunk_qty=0.000000 buy_live=false sell_live=false chunk_live=false
[11:25:08.378] [INFO] [EXEC] STREAM_OWNERSHIP_AUDIT stream_id=14 state=WAIT_BUY buy_order_id=0 sell_order_id=0 chunk_id=0 chunk_qty=0.000000 buy_live=false sell_live=false chunk_live=false
[11:25:08.378] [INFO] [EXEC] STREAM_OWNERSHIP_AUDIT stream_id=15 state=WAIT_BUY buy_order_id=0 sell_order_id=0 chunk_id=0 chunk_qty=0.000000 buy_live=false sell_live=false chunk_live=false
[11:25:08.378] [INFO] [EXEC] STREAM_OWNERSHIP_AUDIT stream_id=16 state=WAIT_BUY buy_order_id=0 sell_order_id=0 chunk_id=0 chunk_qty=0.000000 buy_live=false sell_live=false chunk_live=false
[11:25:08.378] [INFO] [EXEC] STREAM_OWNERSHIP_AUDIT stream_id=17 state=WAIT_BUY buy_order_id=0 sell_order_id=0 chunk_id=0 chunk_qty=0.000000 buy_live=false sell_live=false chunk_live=false
[11:25:08.379] [INFO] [EXEC] STREAM_OWNERSHIP_AUDIT stream_id=18 state=WAIT_BUY buy_order_id=0 sell_order_id=0 chunk_id=0 chunk_qty=0.000000 buy_live=false sell_live=false chunk_live=false
[11:25:08.379] [INFO] [EXEC] STREAM_OWNERSHIP_AUDIT stream_id=19 state=WAIT_BUY buy_order_id=0 sell_order_id=0 chunk_id=0 chunk_qty=0.000000 buy_live=false sell_live=false chunk_live=false
[11:25:08.379] [INFO] [EXEC] STREAM_OWNERSHIP_AUDIT stream_id=20 state=WAIT_BUY buy_order_id=0 sell_order_id=0 chunk_id=0 chunk_qty=0.000000 buy_live=false sell_live=false chunk_live=false
[11:25:08.379] [ERROR] [EXEC] STREAM_STATE_MISMATCH reason=stream_inventory_qty_mismatch inventory_qty=0.000360 stream_chunks=0
[11:25:08.379] [INFO] [EXEC] STREAM_OWNERSHIP_SUMMARY streams_total=20 wait_buy=17 buy_placed=0 sell_active=2 exiting=0 recycle=1 chunks_total=2 stream_chunks=0 orphan_chunks=2 inventory_qty=0.000360 stream_inventory_qty=0.000000 orphan_inventory_qty=0.000360
[11:25:08.379] [INFO] [EXEC] STREAM_REPAIR_SKIP reason=stream_owned_inventory
[11:25:08.379] [ERROR] [EXEC] STREAM_OWNERSHIP_MISMATCH reason=qty_without_stream_chunks qty=0.000360
[11:25:08.379] [INFO] [EXEC] STREAM_GLOBAL_SMART_EXIT_BLOCKED reason=stream_owned_inventory qty=0.000360 trigger=exit_recovery_inventory_no_sell
[11:25:08.380] [ERROR] [EXEC] STREAM_OWNERSHIP_MISMATCH reason=qty_without_stream_chunks qty=0.000360
[11:25:08.380] [INFO] [EXEC] STREAM_GLOBAL_SMART_EXIT_BLOCKED reason=stream_owned_inventory qty=0.000360 trigger=place_sell
[11:25:09.139] [INFO] [EXEC] STREAM_EXIT_RETRY_STATUS stream_id=1 chunk_id=1548835984624 order_id=391888663 status=NEW
[11:25:09.140] [INFO] GUI_PERF tick_ms=0 logs_visible=False gui_log_mode=OFF append_skipped=438
[11:25:09.141] [WARNING] [EXEC] STREAM_SELL_TIMEOUT stream_id=1 chunk_id=1548835984624 order_id=391888663 age_ms=3044 timeout_ms=2800
[11:25:09.404] [INFO] [EXEC] STREAM_SELL_CANCEL_OLD stream_id=1 chunk_id=1548835984624 order_id=391888663
[11:25:09.404] [INFO] [EXEC] STREAM_STOP_LOSS_BLOCKED_RETRY_AVAILABLE retry_count=0 retry_max=2 stream_id=1 chunk_id=1548835984624 order_id=391888663
[11:25:09.404] [WARNING] [EXEC] STREAM_EXIT_RETRY_PLACED stream_id=1 chunk_id=1548835984624 order_id=pending qty=0.000180 price=79394.05 retry_count=1
[11:25:09.942] [INFO] [EXEC] STREAM_EXIT_RETRY_STATUS stream_id=4 chunk_id=1548854839872 order_id=391888672 status=NEW
[11:25:09.942] [WARNING] [EXEC] STREAM_SELL_TIMEOUT stream_id=4 chunk_id=1548854839872 order_id=391888672 age_ms=3044 timeout_ms=2800
[11:25:10.203] [INFO] [EXEC] STREAM_SELL_CANCEL_OLD stream_id=4 chunk_id=1548854839872 order_id=391888672
[11:25:10.204] [INFO] GUI_PERF tick_ms=0 logs_visible=False gui_log_mode=OFF append_skipped=445
[11:25:10.204] [INFO] [EXEC] STREAM_STOP_LOSS_BLOCKED_RETRY_AVAILABLE retry_count=1 retry_max=2 stream_id=4 chunk_id=1548854839872 order_id=391888672
[11:25:10.205] [WARNING] [EXEC] STREAM_EXIT_RETRY_PLACED stream_id=4 chunk_id=1548854839872 order_id=pending qty=0.000180 price=79393.91 retry_count=2
[11:25:10.960] [INFO] [EXEC] STREAM_REPAIR_SKIP reason=stream_owned_inventory
[11:25:10.961] [ERROR] [EXEC] STREAM_OWNERSHIP_MISMATCH reason=qty_without_stream_chunks qty=0.000360
[11:25:10.962] [INFO] [EXEC] STREAM_GLOBAL_SMART_EXIT_BLOCKED reason=stream_owned_inventory qty=0.000360 trigger=exit_recovery_inventory_no_sell
[11:25:10.963] [ERROR] [EXEC] STREAM_OWNERSHIP_MISMATCH reason=qty_without_stream_chunks qty=0.000360
[11:25:10.964] [INFO] [EXEC] STREAM_GLOBAL_SMART_EXIT_BLOCKED reason=stream_owned_inventory qty=0.000360 trigger=place_sell
[11:25:10.966] [INFO] [EXEC] STREAM_STATS_UI cycles=4 wins=4 losses=0 pnl=+0.000106 winrate=100.00%
[11:25:11.897] [INFO] [EXEC] STREAM_EXIT_RETRY_STATUS stream_id=1 chunk_id=1548835984624 order_id=391888766 status=NEW
[11:25:11.897] [INFO] GUI_PERF tick_ms=0 logs_visible=False gui_log_mode=OFF append_skipped=454
[11:25:12.159] [INFO] [EXEC] STREAM_EXIT_RETRY_STATUS stream_id=4 chunk_id=1548854839872 order_id=391888922 status=NEW
[11:25:12.159] [INFO] [EXEC] STREAM_OWNERSHIP_AUDIT stream_id=1 state=SELL_PLACED buy_order_id=0 sell_order_id=391888766 chunk_id=1548835984624 chunk_qty=0.000180 buy_live=false sell_live=true chunk_live=true
[11:25:12.160] [INFO] [EXEC] STREAM_OWNERSHIP_AUDIT stream_id=2 state=RECYCLE_COOLDOWN buy_order_id=0 sell_order_id=0 chunk_id=0 chunk_qty=0.000000 buy_live=false sell_live=false chunk_live=false
[11:25:12.160] [INFO] [EXEC] STREAM_OWNERSHIP_AUDIT stream_id=3 state=WAIT_BUY buy_order_id=0 sell_order_id=0 chunk_id=0 chunk_qty=0.000000 buy_live=false sell_live=false chunk_live=false
[11:25:12.160] [INFO] [EXEC] STREAM_OWNERSHIP_AUDIT stream_id=4 state=SELL_PLACED buy_order_id=0 sell_order_id=391888922 chunk_id=1548854839872 chunk_qty=0.000180 buy_live=false sell_live=true chunk_live=true
[11:25:12.161] [INFO] [EXEC] STREAM_OWNERSHIP_AUDIT stream_id=5 state=WAIT_BUY buy_order_id=0 sell_order_id=0 chunk_id=0 chunk_qty=0.000000 buy_live=false sell_live=false chunk_live=false
[11:25:12.161] [INFO] [EXEC] STREAM_OWNERSHIP_AUDIT stream_id=6 state=WAIT_BUY buy_order_id=0 sell_order_id=0 chunk_id=0 chunk_qty=0.000000 buy_live=false sell_live=false chunk_live=false
[11:25:12.161] [INFO] [EXEC] STREAM_OWNERSHIP_AUDIT stream_id=7 state=WAIT_BUY buy_order_id=0 sell_order_id=0 chunk_id=0 chunk_qty=0.000000 buy_live=false sell_live=false chunk_live=false
[11:25:12.162] [INFO] [EXEC] STREAM_OWNERSHIP_AUDIT stream_id=8 state=WAIT_BUY buy_order_id=0 sell_order_id=0 chunk_id=0 chunk_qty=0.000000 buy_live=false sell_live=false chunk_live=false
[11:25:12.162] [INFO] [EXEC] STREAM_OWNERSHIP_AUDIT stream_id=9 state=WAIT_BUY buy_order_id=0 sell_order_id=0 chunk_id=0 chunk_qty=0.000000 buy_live=false sell_live=false chunk_live=false
[11:25:12.162] [INFO] [EXEC] STREAM_OWNERSHIP_AUDIT stream_id=10 state=WAIT_BUY buy_order_id=0 sell_order_id=0 chunk_id=0 chunk_qty=0.000000 buy_live=false sell_live=false chunk_live=false
[11:25:12.163] [INFO] [EXEC] STREAM_OWNERSHIP_AUDIT stream_id=11 state=WAIT_BUY buy_order_id=0 sell_order_id=0 chunk_id=0 chunk_qty=0.000000 buy_live=false sell_live=false chunk_live=false
[11:25:12.163] [INFO] [EXEC] STREAM_OWNERSHIP_AUDIT stream_id=12 state=WAIT_BUY buy_order_id=0 sell_order_id=0 chunk_id=0 chunk_qty=0.000000 buy_live=false sell_live=false chunk_live=false
[11:25:12.163] [INFO] [EXEC] STREAM_OWNERSHIP_AUDIT stream_id=13 state=WAIT_BUY buy_order_id=0 sell_order_id=0 chunk_id=0 chunk_qty=0.000000 buy_live=false sell_live=false chunk_live=false
[11:25:12.163] [INFO] [EXEC] STREAM_OWNERSHIP_AUDIT stream_id=14 state=WAIT_BUY buy_order_id=0 sell_order_id=0 chunk_id=0 chunk_qty=0.000000 buy_live=false sell_live=false chunk_live=false
[11:25:12.163] [INFO] [EXEC] STREAM_OWNERSHIP_AUDIT stream_id=15 state=WAIT_BUY buy_order_id=0 sell_order_id=0 chunk_id=0 chunk_qty=0.000000 buy_live=false sell_live=false chunk_live=false
[11:25:12.163] [INFO] [EXEC] STREAM_OWNERSHIP_AUDIT stream_id=16 state=WAIT_BUY buy_order_id=0 sell_order_id=0 chunk_id=0 chunk_qty=0.000000 buy_live=false sell_live=false chunk_live=false
[11:25:12.163] [INFO] [EXEC] STREAM_OWNERSHIP_AUDIT stream_id=17 state=WAIT_BUY buy_order_id=0 sell_order_id=0 chunk_id=0 chunk_qty=0.000000 buy_live=false sell_live=false chunk_live=false
[11:25:12.163] [INFO] [EXEC] STREAM_OWNERSHIP_AUDIT stream_id=18 state=WAIT_BUY buy_order_id=0 sell_order_id=0 chunk_id=0 chunk_qty=0.000000 buy_live=false sell_live=false chunk_live=false
[11:25:12.163] [INFO] [EXEC] STREAM_OWNERSHIP_AUDIT stream_id=19 state=WAIT_BUY buy_order_id=0 sell_order_id=0 chunk_id=0 chunk_qty=0.000000 buy_live=false sell_live=false chunk_live=false
[11:25:12.164] [INFO] [EXEC] STREAM_OWNERSHIP_AUDIT stream_id=20 state=WAIT_BUY buy_order_id=0 sell_order_id=0 chunk_id=0 chunk_qty=0.000000 buy_live=false sell_live=false chunk_live=false
[11:25:12.164] [ERROR] [EXEC] STREAM_STATE_MISMATCH reason=stream_inventory_qty_mismatch inventory_qty=0.000360 stream_chunks=0
[11:25:12.164] [INFO] [EXEC] STREAM_OWNERSHIP_SUMMARY streams_total=20 wait_buy=17 buy_placed=0 sell_active=2 exiting=0 recycle=1 chunks_total=2 stream_chunks=0 orphan_chunks=2 inventory_qty=0.000360 stream_inventory_qty=0.000000 orphan_inventory_qty=0.000360
[11:25:12.164] [ERROR] [EXEC] STREAM_OWNERSHIP_MISMATCH reason=qty_without_stream_chunks qty=0.000360
[11:25:12.878] [INFO] [EXEC] STREAM_EXIT_RETRY_STATUS stream_id=1 chunk_id=1548835984624 order_id=391888766 status=NEW
[11:25:12.878] [WARNING] [EXEC] STREAM_SELL_TIMEOUT stream_id=1 chunk_id=1548835984624 order_id=391888766 age_ms=3740 timeout_ms=2800
[11:25:13.138] [INFO] [EXEC] STREAM_SELL_CANCEL_OLD stream_id=1 chunk_id=1548835984624 order_id=391888766
[11:25:13.138] [INFO] GUI_PERF tick_ms=0 logs_visible=False gui_log_mode=OFF append_skipped=481
[11:25:13.138] [INFO] [EXEC] STREAM_STOP_LOSS_BLOCKED_RETRY_AVAILABLE retry_count=1 retry_max=2 stream_id=1 chunk_id=1548835984624 order_id=391888766
[11:25:13.138] [WARNING] [EXEC] STREAM_EXIT_RETRY_PLACED stream_id=1 chunk_id=1548835984624 order_id=pending qty=0.000180 price=79394.05 retry_count=2
[11:25:13.657] [INFO] [EXEC] STREAM_EXIT_RETRY_STATUS stream_id=4 chunk_id=1548854839872 order_id=391888922 status=NEW
[11:25:13.658] [WARNING] [EXEC] STREAM_SELL_TIMEOUT stream_id=4 chunk_id=1548854839872 order_id=391888922 age_ms=3740 timeout_ms=2800
[11:25:13.917] [INFO] [EXEC] STREAM_SELL_CANCEL_OLD stream_id=4 chunk_id=1548854839872 order_id=391888922
[11:25:13.919] [WARNING] [EXEC] STREAM_STOP_LOSS_EXIT stream_id=4 chunk_id=1548854839872 order_id=391888922 stop_price=79391.61 retry_count=2 retry_max=2
[11:25:13.920] [WARNING] [EXEC] STREAM_EXIT_ISOLATED stream_id=4 chunk_id=1548854839872 action=stop_loss_exit
[11:25:14.667] [WARNING] [EXEC] STREAM_EXIT_RETRY_PLACED stream_id=4 chunk_id=1548854839872 order_id=391889322 qty=0.000180 price=79391.61
[11:25:14.668] [INFO] GUI_PERF tick_ms=0 logs_visible=False gui_log_mode=OFF append_skipped=489
[11:25:14.670] [INFO] [EXEC] STREAM_REPAIR_SKIP reason=stream_owned_inventory
[11:25:14.671] [ERROR] [EXEC] STREAM_OWNERSHIP_MISMATCH reason=qty_without_stream_chunks qty=0.000360
[11:25:14.672] [INFO] [EXEC] STREAM_GLOBAL_SMART_EXIT_BLOCKED reason=stream_owned_inventory qty=0.000360 trigger=exit_recovery_inventory_no_sell
[11:25:14.673] [ERROR] [EXEC] STREAM_OWNERSHIP_MISMATCH reason=qty_without_stream_chunks qty=0.000360
[11:25:14.673] [INFO] [EXEC] STREAM_GLOBAL_SMART_EXIT_BLOCKED reason=stream_owned_inventory qty=0.000360 trigger=place_sell
[11:25:16.130] [INFO] [EXEC] STREAM_EXIT_RETRY_STATUS stream_id=1 chunk_id=1548835984624 order_id=391889236 status=NEW
[11:25:16.131] [INFO] GUI_PERF tick_ms=0 logs_visible=False gui_log_mode=OFF append_skipped=495
[11:25:16.390] [INFO] [EXEC] STREAM_EXIT_RETRY_STATUS stream_id=4 chunk_id=1548854839872 order_id=391889322 status=NEW
[11:25:16.391] [INFO] [EXEC] STREAM_OWNERSHIP_AUDIT stream_id=1 state=SELL_PLACED buy_order_id=0 sell_order_id=391889236 chunk_id=1548835984624 chunk_qty=0.000180 buy_live=false sell_live=true chunk_live=true
[11:25:16.391] [INFO] [EXEC] STREAM_OWNERSHIP_AUDIT stream_id=2 state=RECYCLE_COOLDOWN buy_order_id=0 sell_order_id=0 chunk_id=0 chunk_qty=0.000000 buy_live=false sell_live=false chunk_live=false
[11:25:16.391] [INFO] [EXEC] STREAM_OWNERSHIP_AUDIT stream_id=3 state=WAIT_BUY buy_order_id=0 sell_order_id=0 chunk_id=0 chunk_qty=0.000000 buy_live=false sell_live=false chunk_live=false
[11:25:16.391] [INFO] [EXEC] STREAM_OWNERSHIP_AUDIT stream_id=4 state=SELL_PLACED buy_order_id=0 sell_order_id=391889322 chunk_id=1548854839872 chunk_qty=0.000180 buy_live=false sell_live=true chunk_live=true
[11:25:16.392] [INFO] [EXEC] STREAM_OWNERSHIP_AUDIT stream_id=5 state=WAIT_BUY buy_order_id=0 sell_order_id=0 chunk_id=0 chunk_qty=0.000000 buy_live=false sell_live=false chunk_live=false
[11:25:16.392] [INFO] [EXEC] STREAM_OWNERSHIP_AUDIT stream_id=6 state=WAIT_BUY buy_order_id=0 sell_order_id=0 chunk_id=0 chunk_qty=0.000000 buy_live=false sell_live=false chunk_live=false
[11:25:16.392] [INFO] [EXEC] STREAM_OWNERSHIP_AUDIT stream_id=7 state=WAIT_BUY buy_order_id=0 sell_order_id=0 chunk_id=0 chunk_qty=0.000000 buy_live=false sell_live=false chunk_live=false
[11:25:16.392] [INFO] [EXEC] STREAM_OWNERSHIP_AUDIT stream_id=8 state=WAIT_BUY buy_order_id=0 sell_order_id=0 chunk_id=0 chunk_qty=0.000000 buy_live=false sell_live=false chunk_live=false
[11:25:16.392] [INFO] [EXEC] STREAM_OWNERSHIP_AUDIT stream_id=9 state=WAIT_BUY buy_order_id=0 sell_order_id=0 chunk_id=0 chunk_qty=0.000000 buy_live=false sell_live=false chunk_live=false
[11:25:16.392] [INFO] [EXEC] STREAM_OWNERSHIP_AUDIT stream_id=10 state=WAIT_BUY buy_order_id=0 sell_order_id=0 chunk_id=0 chunk_qty=0.000000 buy_live=false sell_live=false chunk_live=false
[11:25:16.392] [INFO] [EXEC] STREAM_OWNERSHIP_AUDIT stream_id=11 state=WAIT_BUY buy_order_id=0 sell_order_id=0 chunk_id=0 chunk_qty=0.000000 buy_live=false sell_live=false chunk_live=false
[11:25:16.393] [INFO] [EXEC] STREAM_OWNERSHIP_AUDIT stream_id=12 state=WAIT_BUY buy_order_id=0 sell_order_id=0 chunk_id=0 chunk_qty=0.000000 buy_live=false sell_live=false chunk_live=false
[11:25:16.393] [INFO] [EXEC] STREAM_OWNERSHIP_AUDIT stream_id=13 state=WAIT_BUY buy_order_id=0 sell_order_id=0 chunk_id=0 chunk_qty=0.000000 buy_live=false sell_live=false chunk_live=false
[11:25:16.393] [INFO] [EXEC] STREAM_OWNERSHIP_AUDIT stream_id=14 state=WAIT_BUY buy_order_id=0 sell_order_id=0 chunk_id=0 chunk_qty=0.000000 buy_live=false sell_live=false chunk_live=false
[11:25:16.393] [INFO] [EXEC] STREAM_OWNERSHIP_AUDIT stream_id=15 state=WAIT_BUY buy_order_id=0 sell_order_id=0 chunk_id=0 chunk_qty=0.000000 buy_live=false sell_live=false chunk_live=false
[11:25:16.393] [INFO] [EXEC] STREAM_OWNERSHIP_AUDIT stream_id=16 state=WAIT_BUY buy_order_id=0 sell_order_id=0 chunk_id=0 chunk_qty=0.000000 buy_live=false sell_live=false chunk_live=false
[11:25:16.393] [INFO] [EXEC] STREAM_OWNERSHIP_AUDIT stream_id=17 state=WAIT_BUY buy_order_id=0 sell_order_id=0 chunk_id=0 chunk_qty=0.000000 buy_live=false sell_live=false chunk_live=false
[11:25:16.393] [INFO] [EXEC] STREAM_OWNERSHIP_AUDIT stream_id=18 state=WAIT_BUY buy_order_id=0 sell_order_id=0 chunk_id=0 chunk_qty=0.000000 buy_live=false sell_live=false chunk_live=false
[11:25:16.394] [INFO] [EXEC] STREAM_OWNERSHIP_AUDIT stream_id=19 state=WAIT_BUY buy_order_id=0 sell_order_id=0 chunk_id=0 chunk_qty=0.000000 buy_live=false sell_live=false chunk_live=false
[11:25:16.394] [INFO] [EXEC] STREAM_OWNERSHIP_AUDIT stream_id=20 state=WAIT_BUY buy_order_id=0 sell_order_id=0 chunk_id=0 chunk_qty=0.000000 buy_live=false sell_live=false chunk_live=false
[11:25:16.394] [ERROR] [EXEC] STREAM_STATE_MISMATCH reason=stream_inventory_qty_mismatch inventory_qty=0.000360 stream_chunks=0
[11:25:16.394] [INFO] [EXEC] STREAM_OWNERSHIP_SUMMARY streams_total=20 wait_buy=17 buy_placed=0 sell_active=2 exiting=0 recycle=1 chunks_total=2 stream_chunks=0 orphan_chunks=2 inventory_qty=0.000360 stream_inventory_qty=0.000000 orphan_inventory_qty=0.000360
[11:25:16.394] [ERROR] [EXEC] STREAM_OWNERSHIP_MISMATCH reason=qty_without_stream_chunks qty=0.000360
[11:25:16.394] [INFO] [EXEC] STREAM_STATS_UI cycles=4 wins=4 losses=0 pnl=+0.000106 winrate=100.00%
[11:25:17.411] [INFO] [EXEC] STREAM_EXIT_RETRY_STATUS stream_id=1 chunk_id=1548835984624 order_id=391889236 status=NEW
[11:25:17.412] [INFO] GUI_PERF tick_ms=0 logs_visible=False gui_log_mode=OFF append_skipped=521
[11:25:17.412] [WARNING] [EXEC] STREAM_SELL_TIMEOUT stream_id=1 chunk_id=1548835984624 order_id=391889236 age_ms=4530 timeout_ms=2800
[11:25:17.672] [INFO] [EXEC] STREAM_SELL_CANCEL_OLD stream_id=1 chunk_id=1548835984624 order_id=391889236
[11:25:17.673] [WARNING] [EXEC] STREAM_STOP_LOSS_EXIT stream_id=1 chunk_id=1548835984624 order_id=391889236 stop_price=79391.75 retry_count=2 retry_max=2
[11:25:17.674] [WARNING] [EXEC] STREAM_EXIT_ISOLATED stream_id=1 chunk_id=1548835984624 action=stop_loss_exit
[11:25:17.934] [WARNING] [EXEC] STREAM_EXIT_RETRY_PLACED stream_id=1 chunk_id=1548835984624 order_id=391889520 qty=0.000180 price=79391.75
[11:25:18.195] [INFO] [EXEC] STREAM_EXIT_RETRY_STATUS stream_id=4 chunk_id=1548854839872 order_id=391889322 status=NEW
[11:25:18.196] [WARNING] [EXEC] STREAM_SELL_TIMEOUT stream_id=4 chunk_id=1548854839872 order_id=391889322 age_ms=4530 timeout_ms=2800
[11:25:18.458] [INFO] [EXEC] STREAM_SELL_CANCEL_OLD stream_id=4 chunk_id=1548854839872 order_id=391889322
[11:25:18.458] [INFO] GUI_PERF tick_ms=0 logs_visible=False gui_log_mode=OFF append_skipped=529
[11:25:18.459] [ERROR] [EXEC] STREAM_EXIT_STUCK stream_id=4 chunk_id=1548854839872 order_id=391889322
[11:25:18.459] [WARNING] [EXEC] STREAM_EXIT_ISOLATED stream_id=4 chunk_id=1548854839872 action=force_sell_reprice
[11:25:18.460] [INFO] [EXEC] STREAM_OWNERSHIP_AUDIT stream_id=1 state=EXITING buy_order_id=0 sell_order_id=391889520 chunk_id=1548835984624 chunk_qty=0.000180 buy_live=false sell_live=true chunk_live=true
[11:25:18.460] [INFO] [EXEC] STREAM_OWNERSHIP_AUDIT stream_id=2 state=RECYCLE_COOLDOWN buy_order_id=0 sell_order_id=0 chunk_id=0 chunk_qty=0.000000 buy_live=false sell_live=false chunk_live=false
[11:25:18.461] [INFO] [EXEC] STREAM_OWNERSHIP_AUDIT stream_id=3 state=WAIT_BUY buy_order_id=0 sell_order_id=0 chunk_id=0 chunk_qty=0.000000 buy_live=false sell_live=false chunk_live=false
[11:25:18.461] [INFO] [EXEC] STREAM_OWNERSHIP_AUDIT stream_id=4 state=SELL_PLACED buy_order_id=0 sell_order_id=391889322 chunk_id=1548854839872 chunk_qty=0.000180 buy_live=false sell_live=true chunk_live=true
[11:25:18.462] [INFO] [EXEC] STREAM_OWNERSHIP_AUDIT stream_id=5 state=WAIT_BUY buy_order_id=0 sell_order_id=0 chunk_id=0 chunk_qty=0.000000 buy_live=false sell_live=false chunk_live=false
[11:25:18.462] [INFO] [EXEC] STREAM_OWNERSHIP_AUDIT stream_id=6 state=WAIT_BUY buy_order_id=0 sell_order_id=0 chunk_id=0 chunk_qty=0.000000 buy_live=false sell_live=false chunk_live=false
[11:25:18.462] [INFO] [EXEC] STREAM_OWNERSHIP_AUDIT stream_id=7 state=WAIT_BUY buy_order_id=0 sell_order_id=0 chunk_id=0 chunk_qty=0.000000 buy_live=false sell_live=false chunk_live=false
[11:25:18.463] [INFO] [EXEC] STREAM_OWNERSHIP_AUDIT stream_id=8 state=WAIT_BUY buy_order_id=0 sell_order_id=0 chunk_id=0 chunk_qty=0.000000 buy_live=false sell_live=false chunk_live=false
[11:25:18.463] [INFO] [EXEC] STREAM_OWNERSHIP_AUDIT stream_id=9 state=WAIT_BUY buy_order_id=0 sell_order_id=0 chunk_id=0 chunk_qty=0.000000 buy_live=false sell_live=false chunk_live=false
[11:25:18.463] [INFO] [EXEC] STREAM_OWNERSHIP_AUDIT stream_id=10 state=WAIT_BUY buy_order_id=0 sell_order_id=0 chunk_id=0 chunk_qty=0.000000 buy_live=false sell_live=false chunk_live=false
[11:25:18.464] [INFO] [EXEC] STREAM_OWNERSHIP_AUDIT stream_id=11 state=WAIT_BUY buy_order_id=0 sell_order_id=0 chunk_id=0 chunk_qty=0.000000 buy_live=false sell_live=false chunk_live=false
[11:25:18.464] [INFO] [EXEC] STREAM_OWNERSHIP_AUDIT stream_id=12 state=WAIT_BUY buy_order_id=0 sell_order_id=0 chunk_id=0 chunk_qty=0.000000 buy_live=false sell_live=false chunk_live=false
[11:25:18.464] [INFO] [EXEC] STREAM_OWNERSHIP_AUDIT stream_id=13 state=WAIT_BUY buy_order_id=0 sell_order_id=0 chunk_id=0 chunk_qty=0.000000 buy_live=false sell_live=false chunk_live=false
[11:25:18.464] [INFO] [EXEC] STREAM_OWNERSHIP_AUDIT stream_id=14 state=WAIT_BUY buy_order_id=0 sell_order_id=0 chunk_id=0 chunk_qty=0.000000 buy_live=false sell_live=false chunk_live=false
[11:25:18.465] [INFO] [EXEC] STREAM_OWNERSHIP_AUDIT stream_id=15 state=WAIT_BUY buy_order_id=0 sell_order_id=0 chunk_id=0 chunk_qty=0.000000 buy_live=false sell_live=false chunk_live=false
[11:25:18.465] [INFO] [EXEC] STREAM_OWNERSHIP_AUDIT stream_id=16 state=WAIT_BUY buy_order_id=0 sell_order_id=0 chunk_id=0 chunk_qty=0.000000 buy_live=false sell_live=false chunk_live=false
[11:25:18.465] [INFO] [EXEC] STREAM_OWNERSHIP_AUDIT stream_id=17 state=WAIT_BUY buy_order_id=0 sell_order_id=0 chunk_id=0 chunk_qty=0.000000 buy_live=false sell_live=false chunk_live=false
[11:25:18.465] [INFO] [EXEC] STREAM_OWNERSHIP_AUDIT stream_id=18 state=WAIT_BUY buy_order_id=0 sell_order_id=0 chunk_id=0 chunk_qty=0.000000 buy_live=false sell_live=false chunk_live=false
[11:25:18.466] [INFO] [EXEC] STREAM_OWNERSHIP_AUDIT stream_id=19 state=WAIT_BUY buy_order_id=0 sell_order_id=0 chunk_id=0 chunk_qty=0.000000 buy_live=false sell_live=false chunk_live=false
[11:25:18.466] [INFO] [EXEC] STREAM_OWNERSHIP_AUDIT stream_id=20 state=WAIT_BUY buy_order_id=0 sell_order_id=0 chunk_id=0 chunk_qty=0.000000 buy_live=false sell_live=false chunk_live=false
[11:25:18.466] [ERROR] [EXEC] STREAM_STATE_MISMATCH reason=stream_inventory_qty_mismatch inventory_qty=0.000360 stream_chunks=0
[11:25:18.466] [INFO] [EXEC] STREAM_OWNERSHIP_SUMMARY streams_total=20 wait_buy=17 buy_placed=0 sell_active=1 exiting=1 recycle=1 chunks_total=2 stream_chunks=0 orphan_chunks=2 inventory_qty=0.000360 stream_inventory_qty=0.000000 orphan_inventory_qty=0.000360
[11:25:18.467] [INFO] [EXEC] STREAM_REPAIR_SKIP reason=stream_owned_inventory
[11:25:18.468] [ERROR] [EXEC] STREAM_OWNERSHIP_MISMATCH reason=qty_without_stream_chunks qty=0.000360
[11:25:18.468] [INFO] [EXEC] STREAM_GLOBAL_SMART_EXIT_BLOCKED reason=stream_owned_inventory qty=0.000360 trigger=exit_recovery_inventory_no_sell
[11:25:18.469] [ERROR] [EXEC] STREAM_OWNERSHIP_MISMATCH reason=qty_without_stream_chunks qty=0.000360
[11:25:18.469] [INFO] [EXEC] STREAM_GLOBAL_SMART_EXIT_BLOCKED reason=stream_owned_inventory qty=0.000360 trigger=place_sell
[11:25:19.193] [INFO] [EXEC] STREAM_EXIT_RETRY_STATUS stream_id=1 chunk_id=1548835984624 order_id=391889520 status=NEW
[11:25:19.194] [INFO] [EXEC] STREAM_OWNERSHIP_AUDIT stream_id=1 state=SELL_PLACED buy_order_id=0 sell_order_id=391889520 chunk_id=1548835984624 chunk_qty=0.000180 buy_live=false sell_live=true chunk_live=true
[11:25:19.194] [INFO] [EXEC] STREAM_OWNERSHIP_AUDIT stream_id=2 state=RECYCLE_COOLDOWN buy_order_id=0 sell_order_id=0 chunk_id=0 chunk_qty=0.000000 buy_live=false sell_live=false chunk_live=false
[11:25:19.194] [INFO] [EXEC] STREAM_OWNERSHIP_AUDIT stream_id=3 state=WAIT_BUY buy_order_id=0 sell_order_id=0 chunk_id=0 chunk_qty=0.000000 buy_live=false sell_live=false chunk_live=false
[11:25:19.195] [INFO] [EXEC] STREAM_OWNERSHIP_AUDIT stream_id=4 state=SELL_PLACED buy_order_id=0 sell_order_id=391889322 chunk_id=1548854839872 chunk_qty=0.000180 buy_live=false sell_live=true chunk_live=true
[11:25:19.195] [INFO] [EXEC] STREAM_OWNERSHIP_AUDIT stream_id=5 state=WAIT_BUY buy_order_id=0 sell_order_id=0 chunk_id=0 chunk_qty=0.000000 buy_live=false sell_live=false chunk_live=false
[11:25:19.196] [INFO] [EXEC] STREAM_OWNERSHIP_AUDIT stream_id=6 state=WAIT_BUY buy_order_id=0 sell_order_id=0 chunk_id=0 chunk_qty=0.000000 buy_live=false sell_live=false chunk_live=false
[11:25:19.196] [INFO] [EXEC] STREAM_OWNERSHIP_AUDIT stream_id=7 state=WAIT_BUY buy_order_id=0 sell_order_id=0 chunk_id=0 chunk_qty=0.000000 buy_live=false sell_live=false chunk_live=false
[11:25:19.196] [INFO] [EXEC] STREAM_OWNERSHIP_AUDIT stream_id=8 state=WAIT_BUY buy_order_id=0 sell_order_id=0 chunk_id=0 chunk_qty=0.000000 buy_live=false sell_live=false chunk_live=false
[11:25:19.197] [INFO] [EXEC] STREAM_OWNERSHIP_AUDIT stream_id=9 state=WAIT_BUY buy_order_id=0 sell_order_id=0 chunk_id=0 chunk_qty=0.000000 buy_live=false sell_live=false chunk_live=false
[11:25:19.197] [INFO] [EXEC] STREAM_OWNERSHIP_AUDIT stream_id=10 state=WAIT_BUY buy_order_id=0 sell_order_id=0 chunk_id=0 chunk_qty=0.000000 buy_live=false sell_live=false chunk_live=false
[11:25:19.197] [INFO] [EXEC] STREAM_OWNERSHIP_AUDIT stream_id=11 state=WAIT_BUY buy_order_id=0 sell_order_id=0 chunk_id=0 chunk_qty=0.000000 buy_live=false sell_live=false chunk_live=false
[11:25:19.198] [INFO] [EXEC] STREAM_OWNERSHIP_AUDIT stream_id=12 state=WAIT_BUY buy_order_id=0 sell_order_id=0 chunk_id=0 chunk_qty=0.000000 buy_live=false sell_live=false chunk_live=false
[11:25:19.198] [INFO] [EXEC] STREAM_OWNERSHIP_AUDIT stream_id=13 state=WAIT_BUY buy_order_id=0 sell_order_id=0 chunk_id=0 chunk_qty=0.000000 buy_live=false sell_live=false chunk_live=false
[11:25:19.198] [INFO] [EXEC] STREAM_OWNERSHIP_AUDIT stream_id=14 state=WAIT_BUY buy_order_id=0 sell_order_id=0 chunk_id=0 chunk_qty=0.000000 buy_live=false sell_live=false chunk_live=false
[11:25:19.198] [INFO] [EXEC] STREAM_OWNERSHIP_AUDIT stream_id=15 state=WAIT_BUY buy_order_id=0 sell_order_id=0 chunk_id=0 chunk_qty=0.000000 buy_live=false sell_live=false chunk_live=false
[11:25:19.199] [INFO] [EXEC] STREAM_OWNERSHIP_AUDIT stream_id=16 state=WAIT_BUY buy_order_id=0 sell_order_id=0 chunk_id=0 chunk_qty=0.000000 buy_live=false sell_live=false chunk_live=false
[11:25:19.199] [INFO] [EXEC] STREAM_OWNERSHIP_AUDIT stream_id=17 state=WAIT_BUY buy_order_id=0 sell_order_id=0 chunk_id=0 chunk_qty=0.000000 buy_live=false sell_live=false chunk_live=false
[11:25:19.199] [INFO] [EXEC] STREAM_OWNERSHIP_AUDIT stream_id=18 state=WAIT_BUY buy_order_id=0 sell_order_id=0 chunk_id=0 chunk_qty=0.000000 buy_live=false sell_live=false chunk_live=false
[11:25:19.199] [INFO] [EXEC] STREAM_OWNERSHIP_AUDIT stream_id=19 state=WAIT_BUY buy_order_id=0 sell_order_id=0 chunk_id=0 chunk_qty=0.000000 buy_live=false sell_live=false chunk_live=false
[11:25:19.200] [INFO] [EXEC] STREAM_OWNERSHIP_AUDIT stream_id=20 state=WAIT_BUY buy_order_id=0 sell_order_id=0 chunk_id=0 chunk_qty=0.000000 buy_live=false sell_live=false chunk_live=false
[11:25:19.200] [ERROR] [EXEC] STREAM_STATE_MISMATCH reason=stream_inventory_qty_mismatch inventory_qty=0.000360 stream_chunks=0
[11:25:19.200] [INFO] [EXEC] STREAM_OWNERSHIP_SUMMARY streams_total=20 wait_buy=17 buy_placed=0 sell_active=2 exiting=0 recycle=1 chunks_total=2 stream_chunks=0 orphan_chunks=2 inventory_qty=0.000360 stream_inventory_qty=0.000000 orphan_inventory_qty=0.000360
[11:25:19.201] [ERROR] [EXEC] STREAM_OWNERSHIP_MISMATCH reason=qty_without_stream_chunks qty=0.000360
[11:25:20.905] [INFO] [EXEC] STREAM_EXIT_RETRY_STATUS stream_id=1 chunk_id=1548835984624 order_id=391889520 status=NEW
[11:25:20.907] [INFO] GUI_PERF tick_ms=0 logs_visible=False gui_log_mode=OFF append_skipped=583
[11:25:20.908] [WARNING] [EXEC] STREAM_SELL_TIMEOUT stream_id=1 chunk_id=1548835984624 order_id=391889520 age_ms=3015 timeout_ms=2800
[11:25:21.168] [INFO] [EXEC] STREAM_SELL_CANCEL_OLD stream_id=1 chunk_id=1548835984624 order_id=391889520
[11:25:21.169] [ERROR] [EXEC] STREAM_EXIT_STUCK stream_id=1 chunk_id=1548835984624 order_id=391889520
[11:25:21.169] [WARNING] [EXEC] STREAM_EXIT_ISOLATED stream_id=1 chunk_id=1548835984624 action=force_sell_reprice
[11:25:21.170] [ERROR] [EXEC] STREAM_OWNERSHIP_MISMATCH reason=qty_without_stream_chunks qty=0.000360
[11:25:21.170] [INFO] [EXEC] EXIT RECOVERY inventory_no_sell qty=0.000360
[11:25:21.171] [ERROR] [EXEC] STREAM_OWNERSHIP_MISMATCH reason=qty_without_stream_chunks qty=0.000360
[11:25:21.434] [WARNING] [EXEC] SELL_WATCHDOG_FAR_CANCEL orderId=391869387 price=79549.83 ask=79346.00 dist_ticks=20383
[11:25:21.955] [INFO] [EXEC] SELL_FAR_CANCEL_FINAL_STATUS status=CANCELED
[11:25:21.955] [INFO] GUI_PERF tick_ms=0 logs_visible=False gui_log_mode=OFF append_skipped=592
[11:25:22.212] [INFO] [EXEC] STREAM_STATS_UI cycles=4 wins=4 losses=0 pnl=+0.000106 winrate=100.00%
[11:25:22.951] [INFO] [EXEC] STREAM_OWNERSHIP_AUDIT stream_id=1 state=SELL_PLACED buy_order_id=0 sell_order_id=391889520 chunk_id=1548835984624 chunk_qty=0.000180 buy_live=false sell_live=true chunk_live=true
[11:25:22.952] [INFO] [EXEC] STREAM_OWNERSHIP_AUDIT stream_id=2 state=RECYCLE_COOLDOWN buy_order_id=0 sell_order_id=0 chunk_id=0 chunk_qty=0.000000 buy_live=false sell_live=false chunk_live=false
[11:25:22.953] [INFO] [EXEC] STREAM_OWNERSHIP_AUDIT stream_id=3 state=WAIT_BUY buy_order_id=0 sell_order_id=0 chunk_id=0 chunk_qty=0.000000 buy_live=false sell_live=false chunk_live=false
[11:25:22.954] [INFO] [EXEC] STREAM_OWNERSHIP_AUDIT stream_id=4 state=SELL_PLACED buy_order_id=0 sell_order_id=391889322 chunk_id=1548854839872 chunk_qty=0.000180 buy_live=false sell_live=true chunk_live=true
[11:25:22.955] [INFO] GUI_PERF tick_ms=0 logs_visible=False gui_log_mode=OFF append_skipped=597
[11:25:22.956] [INFO] [EXEC] STREAM_OWNERSHIP_AUDIT stream_id=5 state=WAIT_BUY buy_order_id=0 sell_order_id=0 chunk_id=0 chunk_qty=0.000000 buy_live=false sell_live=false chunk_live=false
[11:25:22.957] [INFO] [EXEC] STREAM_OWNERSHIP_AUDIT stream_id=6 state=WAIT_BUY buy_order_id=0 sell_order_id=0 chunk_id=0 chunk_qty=0.000000 buy_live=false sell_live=false chunk_live=false
[11:25:22.958] [INFO] [EXEC] STREAM_OWNERSHIP_AUDIT stream_id=7 state=WAIT_BUY buy_order_id=0 sell_order_id=0 chunk_id=0 chunk_qty=0.000000 buy_live=false sell_live=false chunk_live=false
[11:25:22.959] [INFO] [EXEC] STREAM_OWNERSHIP_AUDIT stream_id=8 state=WAIT_BUY buy_order_id=0 sell_order_id=0 chunk_id=0 chunk_qty=0.000000 buy_live=false sell_live=false chunk_live=false
[11:25:22.959] [INFO] [EXEC] STREAM_OWNERSHIP_AUDIT stream_id=9 state=WAIT_BUY buy_order_id=0 sell_order_id=0 chunk_id=0 chunk_qty=0.000000 buy_live=false sell_live=false chunk_live=false
[11:25:22.960] [INFO] [EXEC] STREAM_OWNERSHIP_AUDIT stream_id=10 state=WAIT_BUY buy_order_id=0 sell_order_id=0 chunk_id=0 chunk_qty=0.000000 buy_live=false sell_live=false chunk_live=false
[11:25:22.961] [INFO] [EXEC] STREAM_OWNERSHIP_AUDIT stream_id=11 state=WAIT_BUY buy_order_id=0 sell_order_id=0 chunk_id=0 chunk_qty=0.000000 buy_live=false sell_live=false chunk_live=false
[11:25:22.962] [INFO] [EXEC] STREAM_OWNERSHIP_AUDIT stream_id=12 state=WAIT_BUY buy_order_id=0 sell_order_id=0 chunk_id=0 chunk_qty=0.000000 buy_live=false sell_live=false chunk_live=false
[11:25:22.962] [INFO] [EXEC] STREAM_OWNERSHIP_AUDIT stream_id=13 state=WAIT_BUY buy_order_id=0 sell_order_id=0 chunk_id=0 chunk_qty=0.000000 buy_live=false sell_live=false chunk_live=false
[11:25:22.962] [INFO] [EXEC] STREAM_OWNERSHIP_AUDIT stream_id=14 state=WAIT_BUY buy_order_id=0 sell_order_id=0 chunk_id=0 chunk_qty=0.000000 buy_live=false sell_live=false chunk_live=false
[11:25:22.963] [INFO] [EXEC] STREAM_OWNERSHIP_AUDIT stream_id=15 state=WAIT_BUY buy_order_id=0 sell_order_id=0 chunk_id=0 chunk_qty=0.000000 buy_live=false sell_live=false chunk_live=false
[11:25:22.963] [INFO] [EXEC] STREAM_OWNERSHIP_AUDIT stream_id=16 state=WAIT_BUY buy_order_id=0 sell_order_id=0 chunk_id=0 chunk_qty=0.000000 buy_live=false sell_live=false chunk_live=false
[11:25:22.963] [INFO] [EXEC] STREAM_OWNERSHIP_AUDIT stream_id=17 state=WAIT_BUY buy_order_id=0 sell_order_id=0 chunk_id=0 chunk_qty=0.000000 buy_live=false sell_live=false chunk_live=false
[11:25:22.964] [INFO] [EXEC] STREAM_OWNERSHIP_AUDIT stream_id=18 state=WAIT_BUY buy_order_id=0 sell_order_id=0 chunk_id=0 chunk_qty=0.000000 buy_live=false sell_live=false chunk_live=false
[11:25:22.964] [INFO] [EXEC] STREAM_OWNERSHIP_AUDIT stream_id=19 state=WAIT_BUY buy_order_id=0 sell_order_id=0 chunk_id=0 chunk_qty=0.000000 buy_live=false sell_live=false chunk_live=false
[11:25:22.964] [INFO] [EXEC] STREAM_OWNERSHIP_AUDIT stream_id=20 state=WAIT_BUY buy_order_id=0 sell_order_id=0 chunk_id=0 chunk_qty=0.000000 buy_live=false sell_live=false chunk_live=false
[11:25:22.965] [ERROR] [EXEC] STREAM_STATE_MISMATCH reason=stream_inventory_qty_mismatch inventory_qty=0.000360 stream_chunks=0
[11:25:22.965] [INFO] [EXEC] STREAM_OWNERSHIP_SUMMARY streams_total=20 wait_buy=17 buy_placed=0 sell_active=2 exiting=0 recycle=1 chunks_total=2 stream_chunks=0 orphan_chunks=2 inventory_qty=0.000360 stream_inventory_qty=0.000000 orphan_inventory_qty=0.000360
[11:25:22.966] [ERROR] [EXEC] STREAM_OWNERSHIP_MISMATCH reason=qty_without_stream_chunks qty=0.000360
[11:25:23.226] [WARNING] [EXEC] PLACE_SELL_STUCK_RECOVERY qty=0.000360
[11:25:23.761] [INFO] [EXEC] SELL CHECK inventory=0.000360 reported=0.000000 remaining=0.000360 chunks=2
[11:25:23.762] [INFO] [EXEC] SELL_REPRICE_FRESH_APPLIED old=79549.83 new=79375.84 ask=79375.87 bid=79370.28
[11:25:23.763] [INFO] [EXEC] SELL_REPRICE_VALIDATION old=79549.83 new=79375.84 ask=79375.87 dist_ticks=2 source=fresh_snapshot
[11:25:23.764] [WARNING] [EXEC] SELL_FLOOR_BLOCKED price=79375.84 floor=79393.90 entry=79393.88 reason=below_min_profit source=fresh_after_far_cancel
[11:25:23.765] [INFO] [EXEC] PLACE_SELL_SOURCE source=fresh_after_far_cancel price=79393.90
[11:25:23.765] [OK] [EXEC] PLACE SELL price=79393.90 qty=0.000360
[11:25:24.512] [WARNING] [EXEC] SELL_HOLD_RECOVERY_START orderId=391889995 entry=79393.88 floor=79393.90 ask=79375.87
[11:25:24.513] [INFO] GUI_PERF tick_ms=0 logs_visible=False gui_log_mode=OFF append_skipped=624
[11:25:24.514] [OK] [EXEC] SELL ORDER SENT orderId=391889995
[11:25:24.518] [OK] [PLAN] READY entry=79370.29 exit=79375.86 profit=0.001003 age=33222ms
[11:25:25.207] [INFO] [EXEC] STREAM_OWNERSHIP_AUDIT stream_id=1 state=SELL_PLACED buy_order_id=0 sell_order_id=391889520 chunk_id=1548835984624 chunk_qty=0.000180 buy_live=false sell_live=true chunk_live=true
[11:25:25.208] [INFO] [EXEC] STREAM_OWNERSHIP_AUDIT stream_id=2 state=RECYCLE_COOLDOWN buy_order_id=0 sell_order_id=0 chunk_id=0 chunk_qty=0.000000 buy_live=false sell_live=false chunk_live=false
[11:25:25.208] [INFO] [EXEC] STREAM_OWNERSHIP_AUDIT stream_id=3 state=WAIT_BUY buy_order_id=0 sell_order_id=0 chunk_id=0 chunk_qty=0.000000 buy_live=false sell_live=false chunk_live=false
[11:25:25.209] [INFO] [EXEC] STREAM_OWNERSHIP_AUDIT stream_id=4 state=SELL_PLACED buy_order_id=0 sell_order_id=391889322 chunk_id=1548854839872 chunk_qty=0.000180 buy_live=false sell_live=true chunk_live=true
[11:25:25.209] [INFO] [EXEC] STREAM_OWNERSHIP_AUDIT stream_id=5 state=WAIT_BUY buy_order_id=0 sell_order_id=0 chunk_id=0 chunk_qty=0.000000 buy_live=false sell_live=false chunk_live=false
[11:25:25.209] [INFO] [EXEC] STREAM_OWNERSHIP_AUDIT stream_id=6 state=WAIT_BUY buy_order_id=0 sell_order_id=0 chunk_id=0 chunk_qty=0.000000 buy_live=false sell_live=false chunk_live=false
[11:25:25.210] [INFO] [EXEC] STREAM_OWNERSHIP_AUDIT stream_id=7 state=WAIT_BUY buy_order_id=0 sell_order_id=0 chunk_id=0 chunk_qty=0.000000 buy_live=false sell_live=false chunk_live=false
[11:25:25.210] [INFO] [EXEC] STREAM_OWNERSHIP_AUDIT stream_id=8 state=WAIT_BUY buy_order_id=0 sell_order_id=0 chunk_id=0 chunk_qty=0.000000 buy_live=false sell_live=false chunk_live=false
[11:25:25.210] [INFO] [EXEC] STREAM_OWNERSHIP_AUDIT stream_id=9 state=WAIT_BUY buy_order_id=0 sell_order_id=0 chunk_id=0 chunk_qty=0.000000 buy_live=false sell_live=false chunk_live=false
[11:25:25.211] [INFO] [EXEC] STREAM_OWNERSHIP_AUDIT stream_id=10 state=WAIT_BUY buy_order_id=0 sell_order_id=0 chunk_id=0 chunk_qty=0.000000 buy_live=false sell_live=false chunk_live=false
[11:25:25.211] [INFO] [EXEC] STREAM_OWNERSHIP_AUDIT stream_id=11 state=WAIT_BUY buy_order_id=0 sell_order_id=0 chunk_id=0 chunk_qty=0.000000 buy_live=false sell_live=false chunk_live=false
[11:25:25.211] [INFO] [EXEC] STREAM_OWNERSHIP_AUDIT stream_id=12 state=WAIT_BUY buy_order_id=0 sell_order_id=0 chunk_id=0 chunk_qty=0.000000 buy_live=false sell_live=false chunk_live=false
[11:25:25.212] [INFO] [EXEC] STREAM_OWNERSHIP_AUDIT stream_id=13 state=WAIT_BUY buy_order_id=0 sell_order_id=0 chunk_id=0 chunk_qty=0.000000 buy_live=false sell_live=false chunk_live=false
[11:25:25.212] [INFO] [EXEC] STREAM_OWNERSHIP_AUDIT stream_id=14 state=WAIT_BUY buy_order_id=0 sell_order_id=0 chunk_id=0 chunk_qty=0.000000 buy_live=false sell_live=false chunk_live=false
[11:25:25.212] [INFO] [EXEC] STREAM_OWNERSHIP_AUDIT stream_id=15 state=WAIT_BUY buy_order_id=0 sell_order_id=0 chunk_id=0 chunk_qty=0.000000 buy_live=false sell_live=false chunk_live=false
[11:25:25.213] [INFO] [EXEC] STREAM_OWNERSHIP_AUDIT stream_id=16 state=WAIT_BUY buy_order_id=0 sell_order_id=0 chunk_id=0 chunk_qty=0.000000 buy_live=false sell_live=false chunk_live=false
[11:25:25.213] [INFO] [EXEC] STREAM_OWNERSHIP_AUDIT stream_id=17 state=WAIT_BUY buy_order_id=0 sell_order_id=0 chunk_id=0 chunk_qty=0.000000 buy_live=false sell_live=false chunk_live=false
[11:25:25.213] [INFO] [EXEC] STREAM_OWNERSHIP_AUDIT stream_id=18 state=WAIT_BUY buy_order_id=0 sell_order_id=0 chunk_id=0 chunk_qty=0.000000 buy_live=false sell_live=false chunk_live=false
[11:25:25.213] [INFO] [EXEC] STREAM_OWNERSHIP_AUDIT stream_id=19 state=WAIT_BUY buy_order_id=0 sell_order_id=0 chunk_id=0 chunk_qty=0.000000 buy_live=false sell_live=false chunk_live=false
[11:25:25.214] [INFO] [EXEC] STREAM_OWNERSHIP_AUDIT stream_id=20 state=WAIT_BUY buy_order_id=0 sell_order_id=0 chunk_id=0 chunk_qty=0.000000 buy_live=false sell_live=false chunk_live=false
[11:25:25.214] [ERROR] [EXEC] STREAM_STATE_MISMATCH reason=stream_inventory_qty_mismatch inventory_qty=0.000360 stream_chunks=0
[11:25:25.214] [INFO] [EXEC] STREAM_OWNERSHIP_SUMMARY streams_total=20 wait_buy=17 buy_placed=0 sell_active=2 exiting=0 recycle=1 chunks_total=2 stream_chunks=0 orphan_chunks=2 inventory_qty=0.000360 stream_inventory_qty=0.000000 orphan_inventory_qty=0.000360
[11:25:26.481] [INFO] [EXEC] SELL_WATCHDOG_SYNC orderId=391889995 status=NEW
[11:25:26.481] [INFO] GUI_PERF tick_ms=0 logs_visible=False gui_log_mode=OFF append_skipped=649
[11:25:26.482] [INFO] [EXEC] SELL_WATCHDOG_FAR_IGNORE orderId=391889995 reason=protected_sell dist_ticks=1802
[11:25:27.218] [INFO] [EXEC] STREAM_OWNERSHIP_AUDIT stream_id=1 state=SELL_PLACED buy_order_id=0 sell_order_id=391889520 chunk_id=1548835984624 chunk_qty=0.000180 buy_live=false sell_live=true chunk_live=true
[11:25:27.219] [INFO] [EXEC] STREAM_OWNERSHIP_AUDIT stream_id=2 state=RECYCLE_COOLDOWN buy_order_id=0 sell_order_id=0 chunk_id=0 chunk_qty=0.000000 buy_live=false sell_live=false chunk_live=false
[11:25:27.220] [INFO] [EXEC] STREAM_OWNERSHIP_AUDIT stream_id=3 state=WAIT_BUY buy_order_id=0 sell_order_id=0 chunk_id=0 chunk_qty=0.000000 buy_live=false sell_live=false chunk_live=false
[11:25:27.221] [INFO] [EXEC] STREAM_OWNERSHIP_AUDIT stream_id=4 state=SELL_PLACED buy_order_id=0 sell_order_id=391889322 chunk_id=1548854839872 chunk_qty=0.000180 buy_live=false sell_live=true chunk_live=true
[11:25:27.221] [INFO] [EXEC] STREAM_OWNERSHIP_AUDIT stream_id=5 state=WAIT_BUY buy_order_id=0 sell_order_id=0 chunk_id=0 chunk_qty=0.000000 buy_live=false sell_live=false chunk_live=false
[11:25:27.222] [INFO] [EXEC] STREAM_OWNERSHIP_AUDIT stream_id=6 state=WAIT_BUY buy_order_id=0 sell_order_id=0 chunk_id=0 chunk_qty=0.000000 buy_live=false sell_live=false chunk_live=false
[11:25:27.223] [INFO] [EXEC] STREAM_OWNERSHIP_AUDIT stream_id=7 state=WAIT_BUY buy_order_id=0 sell_order_id=0 chunk_id=0 chunk_qty=0.000000 buy_live=false sell_live=false chunk_live=false
[11:25:27.224] [INFO] [EXEC] STREAM_OWNERSHIP_AUDIT stream_id=8 state=WAIT_BUY buy_order_id=0 sell_order_id=0 chunk_id=0 chunk_qty=0.000000 buy_live=false sell_live=false chunk_live=false
[11:25:27.224] [INFO] [EXEC] STREAM_OWNERSHIP_AUDIT stream_id=9 state=WAIT_BUY buy_order_id=0 sell_order_id=0 chunk_id=0 chunk_qty=0.000000 buy_live=false sell_live=false chunk_live=false
[11:25:27.225] [INFO] [EXEC] STREAM_OWNERSHIP_AUDIT stream_id=10 state=WAIT_BUY buy_order_id=0 sell_order_id=0 chunk_id=0 chunk_qty=0.000000 buy_live=false sell_live=false chunk_live=false
[11:25:27.225] [INFO] [EXEC] STREAM_OWNERSHIP_AUDIT stream_id=11 state=WAIT_BUY buy_order_id=0 sell_order_id=0 chunk_id=0 chunk_qty=0.000000 buy_live=false sell_live=false chunk_live=false
[11:25:27.226] [INFO] [EXEC] STREAM_OWNERSHIP_AUDIT stream_id=12 state=WAIT_BUY buy_order_id=0 sell_order_id=0 chunk_id=0 chunk_qty=0.000000 buy_live=false sell_live=false chunk_live=false
[11:25:27.226] [INFO] [EXEC] STREAM_OWNERSHIP_AUDIT stream_id=13 state=WAIT_BUY buy_order_id=0 sell_order_id=0 chunk_id=0 chunk_qty=0.000000 buy_live=false sell_live=false chunk_live=false
[11:25:27.227] [INFO] [EXEC] STREAM_OWNERSHIP_AUDIT stream_id=14 state=WAIT_BUY buy_order_id=0 sell_order_id=0 chunk_id=0 chunk_qty=0.000000 buy_live=false sell_live=false chunk_live=false
[11:25:27.227] [INFO] [EXEC] STREAM_OWNERSHIP_AUDIT stream_id=15 state=WAIT_BUY buy_order_id=0 sell_order_id=0 chunk_id=0 chunk_qty=0.000000 buy_live=false sell_live=false chunk_live=false
[11:25:27.227] [INFO] [EXEC] STREAM_OWNERSHIP_AUDIT stream_id=16 state=WAIT_BUY buy_order_id=0 sell_order_id=0 chunk_id=0 chunk_qty=0.000000 buy_live=false sell_live=false chunk_live=false
[11:25:27.228] [INFO] [EXEC] STREAM_OWNERSHIP_AUDIT stream_id=17 state=WAIT_BUY buy_order_id=0 sell_order_id=0 chunk_id=0 chunk_qty=0.000000 buy_live=false sell_live=false chunk_live=false
[11:25:27.228] [INFO] [EXEC] STREAM_OWNERSHIP_AUDIT stream_id=18 state=WAIT_BUY buy_order_id=0 sell_order_id=0 chunk_id=0 chunk_qty=0.000000 buy_live=false sell_live=false chunk_live=false
[11:25:27.229] [INFO] [EXEC] STREAM_OWNERSHIP_AUDIT stream_id=19 state=WAIT_BUY buy_order_id=0 sell_order_id=0 chunk_id=0 chunk_qty=0.000000 buy_live=false sell_live=false chunk_live=false
[11:25:27.229] [INFO] [EXEC] STREAM_OWNERSHIP_AUDIT stream_id=20 state=WAIT_BUY buy_order_id=0 sell_order_id=0 chunk_id=0 chunk_qty=0.000000 buy_live=false sell_live=false chunk_live=false
[11:25:27.229] [ERROR] [EXEC] STREAM_STATE_MISMATCH reason=stream_inventory_qty_mismatch inventory_qty=0.000360 stream_chunks=0
[11:25:27.230] [INFO] [EXEC] STREAM_OWNERSHIP_SUMMARY streams_total=20 wait_buy=17 buy_placed=0 sell_active=2 exiting=0 recycle=1 chunks_total=2 stream_chunks=0 orphan_chunks=2 inventory_qty=0.000360 stream_inventory_qty=0.000000 orphan_inventory_qty=0.000360
[11:25:27.490] [INFO] [EXEC] SELL_WATCHDOG_SYNC orderId=391889995 status=NEW
[11:25:27.491] [INFO] GUI_PERF tick_ms=0 logs_visible=False gui_log_mode=OFF append_skipped=673
[11:25:27.493] [INFO] [EXEC] STREAM_STATS_UI cycles=4 wins=4 losses=0 pnl=+0.000106 winrate=100.00%
[11:25:28.707] [INFO] [EXEC] SELL_WATCHDOG_SYNC orderId=391889995 status=NEW
[11:25:28.708] [INFO] GUI_PERF tick_ms=0 logs_visible=False gui_log_mode=OFF append_skipped=675
[11:25:29.462] [INFO] [EXEC] STREAM_OWNERSHIP_AUDIT stream_id=1 state=SELL_PLACED buy_order_id=0 sell_order_id=391889520 chunk_id=1548835984624 chunk_qty=0.000180 buy_live=false sell_live=true chunk_live=true
[11:25:29.463] [INFO] [EXEC] STREAM_OWNERSHIP_AUDIT stream_id=2 state=RECYCLE_COOLDOWN buy_order_id=0 sell_order_id=0 chunk_id=0 chunk_qty=0.000000 buy_live=false sell_live=false chunk_live=false
[11:25:29.464] [INFO] [EXEC] STREAM_OWNERSHIP_AUDIT stream_id=3 state=WAIT_BUY buy_order_id=0 sell_order_id=0 chunk_id=0 chunk_qty=0.000000 buy_live=false sell_live=false chunk_live=false
[11:25:29.465] [INFO] [EXEC] STREAM_OWNERSHIP_AUDIT stream_id=4 state=SELL_PLACED buy_order_id=0 sell_order_id=391889322 chunk_id=1548854839872 chunk_qty=0.000180 buy_live=false sell_live=true chunk_live=true
[11:25:29.466] [INFO] [EXEC] STREAM_OWNERSHIP_AUDIT stream_id=5 state=WAIT_BUY buy_order_id=0 sell_order_id=0 chunk_id=0 chunk_qty=0.000000 buy_live=false sell_live=false chunk_live=false
[11:25:29.466] [INFO] [EXEC] STREAM_OWNERSHIP_AUDIT stream_id=6 state=WAIT_BUY buy_order_id=0 sell_order_id=0 chunk_id=0 chunk_qty=0.000000 buy_live=false sell_live=false chunk_live=false
[11:25:29.467] [INFO] [EXEC] STREAM_OWNERSHIP_AUDIT stream_id=7 state=WAIT_BUY buy_order_id=0 sell_order_id=0 chunk_id=0 chunk_qty=0.000000 buy_live=false sell_live=false chunk_live=false
[11:25:29.467] [INFO] [EXEC] STREAM_OWNERSHIP_AUDIT stream_id=8 state=WAIT_BUY buy_order_id=0 sell_order_id=0 chunk_id=0 chunk_qty=0.000000 buy_live=false sell_live=false chunk_live=false
[11:25:29.467] [INFO] [EXEC] STREAM_OWNERSHIP_AUDIT stream_id=9 state=WAIT_BUY buy_order_id=0 sell_order_id=0 chunk_id=0 chunk_qty=0.000000 buy_live=false sell_live=false chunk_live=false
[11:25:29.467] [INFO] [EXEC] STREAM_OWNERSHIP_AUDIT stream_id=10 state=WAIT_BUY buy_order_id=0 sell_order_id=0 chunk_id=0 chunk_qty=0.000000 buy_live=false sell_live=false chunk_live=false
[11:25:29.468] [INFO] [EXEC] STREAM_OWNERSHIP_AUDIT stream_id=11 state=WAIT_BUY buy_order_id=0 sell_order_id=0 chunk_id=0 chunk_qty=0.000000 buy_live=false sell_live=false chunk_live=false
[11:25:29.468] [INFO] [EXEC] STREAM_OWNERSHIP_AUDIT stream_id=12 state=WAIT_BUY buy_order_id=0 sell_order_id=0 chunk_id=0 chunk_qty=0.000000 buy_live=false sell_live=false chunk_live=false
[11:25:29.468] [INFO] [EXEC] STREAM_OWNERSHIP_AUDIT stream_id=13 state=WAIT_BUY buy_order_id=0 sell_order_id=0 chunk_id=0 chunk_qty=0.000000 buy_live=false sell_live=false chunk_live=false
[11:25:29.469] [INFO] [EXEC] STREAM_OWNERSHIP_AUDIT stream_id=14 state=WAIT_BUY buy_order_id=0 sell_order_id=0 chunk_id=0 chunk_qty=0.000000 buy_live=false sell_live=false chunk_live=false
[11:25:29.469] [INFO] [EXEC] STREAM_OWNERSHIP_AUDIT stream_id=15 state=WAIT_BUY buy_order_id=0 sell_order_id=0 chunk_id=0 chunk_qty=0.000000 buy_live=false sell_live=false chunk_live=false
[11:25:29.470] [INFO] [EXEC] STREAM_OWNERSHIP_AUDIT stream_id=16 state=WAIT_BUY buy_order_id=0 sell_order_id=0 chunk_id=0 chunk_qty=0.000000 buy_live=false sell_live=false chunk_live=false
[11:25:29.470] [INFO] [EXEC] STREAM_OWNERSHIP_AUDIT stream_id=17 state=WAIT_BUY buy_order_id=0 sell_order_id=0 chunk_id=0 chunk_qty=0.000000 buy_live=false sell_live=false chunk_live=false
[11:25:29.470] [INFO] [EXEC] STREAM_OWNERSHIP_AUDIT stream_id=18 state=WAIT_BUY buy_order_id=0 sell_order_id=0 chunk_id=0 chunk_qty=0.000000 buy_live=false sell_live=false chunk_live=false
[11:25:29.471] [INFO] [EXEC] STREAM_OWNERSHIP_AUDIT stream_id=19 state=WAIT_BUY buy_order_id=0 sell_order_id=0 chunk_id=0 chunk_qty=0.000000 buy_live=false sell_live=false chunk_live=false
[11:25:29.471] [INFO] [EXEC] STREAM_OWNERSHIP_AUDIT stream_id=20 state=WAIT_BUY buy_order_id=0 sell_order_id=0 chunk_id=0 chunk_qty=0.000000 buy_live=false sell_live=false chunk_live=false
[11:25:29.472] [ERROR] [EXEC] STREAM_STATE_MISMATCH reason=stream_inventory_qty_mismatch inventory_qty=0.000360 stream_chunks=0
[11:25:29.472] [INFO] [EXEC] STREAM_OWNERSHIP_SUMMARY streams_total=20 wait_buy=17 buy_placed=0 sell_active=2 exiting=0 recycle=1 chunks_total=2 stream_chunks=0 orphan_chunks=2 inventory_qty=0.000360 stream_inventory_qty=0.000000 orphan_inventory_qty=0.000360
[11:25:29.736] [INFO] [EXEC] SELL_WATCHDOG_SYNC orderId=391889995 status=NEW
[11:25:29.737] [INFO] GUI_PERF tick_ms=0 logs_visible=False gui_log_mode=OFF append_skipped=698
[11:25:30.733] [INFO] [EXEC] HOLD_PROTECTED_SKIP_EXIT_ESCALATION reason=force_flat_after_ms orderId=391889995 hold_age=5959 soft=5000 hard=12000
[11:25:31.489] [INFO] [EXEC] STREAM_OWNERSHIP_AUDIT stream_id=1 state=SELL_PLACED buy_order_id=0 sell_order_id=391889520 chunk_id=1548835984624 chunk_qty=0.000180 buy_live=false sell_live=true chunk_live=true
[11:25:31.490] [INFO] GUI_PERF tick_ms=0 logs_visible=False gui_log_mode=OFF append_skipped=700
[11:25:31.490] [INFO] [EXEC] STREAM_OWNERSHIP_AUDIT stream_id=2 state=RECYCLE_COOLDOWN buy_order_id=0 sell_order_id=0 chunk_id=0 chunk_qty=0.000000 buy_live=false sell_live=false chunk_live=false
[11:25:31.491] [INFO] [EXEC] STREAM_OWNERSHIP_AUDIT stream_id=3 state=WAIT_BUY buy_order_id=0 sell_order_id=0 chunk_id=0 chunk_qty=0.000000 buy_live=false sell_live=false chunk_live=false
[11:25:31.491] [INFO] [EXEC] STREAM_OWNERSHIP_AUDIT stream_id=4 state=SELL_PLACED buy_order_id=0 sell_order_id=391889322 chunk_id=1548854839872 chunk_qty=0.000180 buy_live=false sell_live=true chunk_live=true
[11:25:31.491] [INFO] [EXEC] STREAM_OWNERSHIP_AUDIT stream_id=5 state=WAIT_BUY buy_order_id=0 sell_order_id=0 chunk_id=0 chunk_qty=0.000000 buy_live=false sell_live=false chunk_live=false
[11:25:31.491] [INFO] [EXEC] STREAM_OWNERSHIP_AUDIT stream_id=6 state=WAIT_BUY buy_order_id=0 sell_order_id=0 chunk_id=0 chunk_qty=0.000000 buy_live=false sell_live=false chunk_live=false
[11:25:31.492] [INFO] [EXEC] STREAM_OWNERSHIP_AUDIT stream_id=7 state=WAIT_BUY buy_order_id=0 sell_order_id=0 chunk_id=0 chunk_qty=0.000000 buy_live=false sell_live=false chunk_live=false
[11:25:31.492] [INFO] [EXEC] STREAM_OWNERSHIP_AUDIT stream_id=8 state=WAIT_BUY buy_order_id=0 sell_order_id=0 chunk_id=0 chunk_qty=0.000000 buy_live=false sell_live=false chunk_live=false
[11:25:31.492] [INFO] [EXEC] STREAM_OWNERSHIP_AUDIT stream_id=9 state=WAIT_BUY buy_order_id=0 sell_order_id=0 chunk_id=0 chunk_qty=0.000000 buy_live=false sell_live=false chunk_live=false
[11:25:31.493] [INFO] [EXEC] STREAM_OWNERSHIP_AUDIT stream_id=10 state=WAIT_BUY buy_order_id=0 sell_order_id=0 chunk_id=0 chunk_qty=0.000000 buy_live=false sell_live=false chunk_live=false
[11:25:31.493] [INFO] [EXEC] STREAM_OWNERSHIP_AUDIT stream_id=11 state=WAIT_BUY buy_order_id=0 sell_order_id=0 chunk_id=0 chunk_qty=0.000000 buy_live=false sell_live=false chunk_live=false
[11:25:31.493] [INFO] [EXEC] STREAM_OWNERSHIP_AUDIT stream_id=12 state=WAIT_BUY buy_order_id=0 sell_order_id=0 chunk_id=0 chunk_qty=0.000000 buy_live=false sell_live=false chunk_live=false
[11:25:31.493] [INFO] [EXEC] STREAM_OWNERSHIP_AUDIT stream_id=13 state=WAIT_BUY buy_order_id=0 sell_order_id=0 chunk_id=0 chunk_qty=0.000000 buy_live=false sell_live=false chunk_live=false
[11:25:31.494] [INFO] [EXEC] STREAM_OWNERSHIP_AUDIT stream_id=14 state=WAIT_BUY buy_order_id=0 sell_order_id=0 chunk_id=0 chunk_qty=0.000000 buy_live=false sell_live=false chunk_live=false
[11:25:31.494] [INFO] [EXEC] STREAM_OWNERSHIP_AUDIT stream_id=15 state=WAIT_BUY buy_order_id=0 sell_order_id=0 chunk_id=0 chunk_qty=0.000000 buy_live=false sell_live=false chunk_live=false
[11:25:31.494] [INFO] [EXEC] STREAM_OWNERSHIP_AUDIT stream_id=16 state=WAIT_BUY buy_order_id=0 sell_order_id=0 chunk_id=0 chunk_qty=0.000000 buy_live=false sell_live=false chunk_live=false
[11:25:31.495] [INFO] [EXEC] STREAM_OWNERSHIP_AUDIT stream_id=17 state=WAIT_BUY buy_order_id=0 sell_order_id=0 chunk_id=0 chunk_qty=0.000000 buy_live=false sell_live=false chunk_live=false
[11:25:31.495] [INFO] [EXEC] STREAM_OWNERSHIP_AUDIT stream_id=18 state=WAIT_BUY buy_order_id=0 sell_order_id=0 chunk_id=0 chunk_qty=0.000000 buy_live=false sell_live=false chunk_live=false
[11:25:31.495] [INFO] [EXEC] STREAM_OWNERSHIP_AUDIT stream_id=19 state=WAIT_BUY buy_order_id=0 sell_order_id=0 chunk_id=0 chunk_qty=0.000000 buy_live=false sell_live=false chunk_live=false
[11:25:31.495] [INFO] [EXEC] STREAM_OWNERSHIP_AUDIT stream_id=20 state=WAIT_BUY buy_order_id=0 sell_order_id=0 chunk_id=0 chunk_qty=0.000000 buy_live=false sell_live=false chunk_live=false
[11:25:31.496] [ERROR] [EXEC] STREAM_STATE_MISMATCH reason=stream_inventory_qty_mismatch inventory_qty=0.000360 stream_chunks=0
[11:25:31.496] [INFO] [EXEC] STREAM_OWNERSHIP_SUMMARY streams_total=20 wait_buy=17 buy_placed=0 sell_active=2 exiting=0 recycle=1 chunks_total=2 stream_chunks=0 orphan_chunks=2 inventory_qty=0.000360 stream_inventory_qty=0.000000 orphan_inventory_qty=0.000360
[11:25:31.758] [INFO] [EXEC] SELL_WATCHDOG_SYNC orderId=391889995 status=NEW
[11:25:31.759] [INFO] [EXEC] SELL_WATCHDOG_FAR_IGNORE orderId=391889995 reason=protected_sell dist_ticks=1003
[11:25:32.782] [INFO] [EXEC] SELL_WATCHDOG_SYNC orderId=391889995 status=NEW
[11:25:32.783] [INFO] GUI_PERF tick_ms=0 logs_visible=False gui_log_mode=OFF append_skipped=724
[11:25:32.785] [INFO] [EXEC] STREAM_STATS_UI cycles=4 wins=4 losses=0 pnl=+0.000106 winrate=100.00%
[11:25:33.517] [INFO] [EXEC] STREAM_OWNERSHIP_AUDIT stream_id=1 state=SELL_PLACED buy_order_id=0 sell_order_id=391889520 chunk_id=1548835984624 chunk_qty=0.000180 buy_live=false sell_live=true chunk_live=true
[11:25:33.518] [INFO] [EXEC] STREAM_OWNERSHIP_AUDIT stream_id=2 state=RECYCLE_COOLDOWN buy_order_id=0 sell_order_id=0 chunk_id=0 chunk_qty=0.000000 buy_live=false sell_live=false chunk_live=false
[11:25:33.519] [INFO] [EXEC] STREAM_OWNERSHIP_AUDIT stream_id=3 state=WAIT_BUY buy_order_id=0 sell_order_id=0 chunk_id=0 chunk_qty=0.000000 buy_live=false sell_live=false chunk_live=false
[11:25:33.519] [INFO] [EXEC] STREAM_OWNERSHIP_AUDIT stream_id=4 state=SELL_PLACED buy_order_id=0 sell_order_id=391889322 chunk_id=1548854839872 chunk_qty=0.000180 buy_live=false sell_live=true chunk_live=true
[11:25:33.520] [INFO] [EXEC] STREAM_OWNERSHIP_AUDIT stream_id=5 state=WAIT_BUY buy_order_id=0 sell_order_id=0 chunk_id=0 chunk_qty=0.000000 buy_live=false sell_live=false chunk_live=false
[11:25:33.521] [INFO] [EXEC] STREAM_OWNERSHIP_AUDIT stream_id=6 state=WAIT_BUY buy_order_id=0 sell_order_id=0 chunk_id=0 chunk_qty=0.000000 buy_live=false sell_live=false chunk_live=false
[11:25:33.521] [INFO] [EXEC] STREAM_OWNERSHIP_AUDIT stream_id=7 state=WAIT_BUY buy_order_id=0 sell_order_id=0 chunk_id=0 chunk_qty=0.000000 buy_live=false sell_live=false chunk_live=false
[11:25:33.521] [INFO] [EXEC] STREAM_OWNERSHIP_AUDIT stream_id=8 state=WAIT_BUY buy_order_id=0 sell_order_id=0 chunk_id=0 chunk_qty=0.000000 buy_live=false sell_live=false chunk_live=false
[11:25:33.522] [INFO] [EXEC] STREAM_OWNERSHIP_AUDIT stream_id=9 state=WAIT_BUY buy_order_id=0 sell_order_id=0 chunk_id=0 chunk_qty=0.000000 buy_live=false sell_live=false chunk_live=false
[11:25:33.522] [INFO] [EXEC] STREAM_OWNERSHIP_AUDIT stream_id=10 state=WAIT_BUY buy_order_id=0 sell_order_id=0 chunk_id=0 chunk_qty=0.000000 buy_live=false sell_live=false chunk_live=false
[11:25:33.522] [INFO] [EXEC] STREAM_OWNERSHIP_AUDIT stream_id=11 state=WAIT_BUY buy_order_id=0 sell_order_id=0 chunk_id=0 chunk_qty=0.000000 buy_live=false sell_live=false chunk_live=false
[11:25:33.522] [INFO] [EXEC] STREAM_OWNERSHIP_AUDIT stream_id=12 state=WAIT_BUY buy_order_id=0 sell_order_id=0 chunk_id=0 chunk_qty=0.000000 buy_live=false sell_live=false chunk_live=false
[11:25:33.522] [INFO] [EXEC] STREAM_OWNERSHIP_AUDIT stream_id=13 state=WAIT_BUY buy_order_id=0 sell_order_id=0 chunk_id=0 chunk_qty=0.000000 buy_live=false sell_live=false chunk_live=false
[11:25:33.523] [INFO] [EXEC] STREAM_OWNERSHIP_AUDIT stream_id=14 state=WAIT_BUY buy_order_id=0 sell_order_id=0 chunk_id=0 chunk_qty=0.000000 buy_live=false sell_live=false chunk_live=false
[11:25:33.523] [INFO] [EXEC] STREAM_OWNERSHIP_AUDIT stream_id=15 state=WAIT_BUY buy_order_id=0 sell_order_id=0 chunk_id=0 chunk_qty=0.000000 buy_live=false sell_live=false chunk_live=false
[11:25:33.523] [INFO] [EXEC] STREAM_OWNERSHIP_AUDIT stream_id=16 state=WAIT_BUY buy_order_id=0 sell_order_id=0 chunk_id=0 chunk_qty=0.000000 buy_live=false sell_live=false chunk_live=false
[11:25:33.523] [INFO] [EXEC] STREAM_OWNERSHIP_AUDIT stream_id=17 state=WAIT_BUY buy_order_id=0 sell_order_id=0 chunk_id=0 chunk_qty=0.000000 buy_live=false sell_live=false chunk_live=false
[11:25:33.524] [INFO] [EXEC] STREAM_OWNERSHIP_AUDIT stream_id=18 state=WAIT_BUY buy_order_id=0 sell_order_id=0 chunk_id=0 chunk_qty=0.000000 buy_live=false sell_live=false chunk_live=false
[11:25:33.524] [INFO] [EXEC] STREAM_OWNERSHIP_AUDIT stream_id=19 state=WAIT_BUY buy_order_id=0 sell_order_id=0 chunk_id=0 chunk_qty=0.000000 buy_live=false sell_live=false chunk_live=false
[11:25:33.524] [INFO] [EXEC] STREAM_OWNERSHIP_AUDIT stream_id=20 state=WAIT_BUY buy_order_id=0 sell_order_id=0 chunk_id=0 chunk_qty=0.000000 buy_live=false sell_live=false chunk_live=false
[11:25:33.524] [ERROR] [EXEC] STREAM_STATE_MISMATCH reason=stream_inventory_qty_mismatch inventory_qty=0.000360 stream_chunks=0
[11:25:33.525] [INFO] [EXEC] STREAM_OWNERSHIP_SUMMARY streams_total=20 wait_buy=17 buy_placed=0 sell_active=2 exiting=0 recycle=1 chunks_total=2 stream_chunks=0 orphan_chunks=2 inventory_qty=0.000360 stream_inventory_qty=0.000000 orphan_inventory_qty=0.000360
[11:25:33.792] [INFO] [EXEC] SELL_WATCHDOG_SYNC orderId=391889995 status=NEW
[11:25:33.792] [INFO] GUI_PERF tick_ms=0 logs_visible=False gui_log_mode=OFF append_skipped=748
[11:25:34.524] [INFO] [EXEC] HOLD_PROTECTED_SKIP_EXIT_ESCALATION reason=force_flat_after_ms orderId=391889995 hold_age=9753 soft=5000 hard=12000
[11:25:35.264] [INFO] [EXEC] STREAM_OWNERSHIP_AUDIT stream_id=1 state=SELL_PLACED buy_order_id=0 sell_order_id=391889520 chunk_id=1548835984624 chunk_qty=0.000180 buy_live=false sell_live=true chunk_live=true
[11:25:35.265] [INFO] GUI_PERF tick_ms=0 logs_visible=False gui_log_mode=OFF append_skipped=750
[11:25:35.266] [INFO] [EXEC] STREAM_OWNERSHIP_AUDIT stream_id=2 state=RECYCLE_COOLDOWN buy_order_id=0 sell_order_id=0 chunk_id=0 chunk_qty=0.000000 buy_live=false sell_live=false chunk_live=false
[11:25:35.266] [INFO] [EXEC] STREAM_OWNERSHIP_AUDIT stream_id=3 state=WAIT_BUY buy_order_id=0 sell_order_id=0 chunk_id=0 chunk_qty=0.000000 buy_live=false sell_live=false chunk_live=false
[11:25:35.266] [INFO] [EXEC] STREAM_OWNERSHIP_AUDIT stream_id=4 state=SELL_PLACED buy_order_id=0 sell_order_id=391889322 chunk_id=1548854839872 chunk_qty=0.000180 buy_live=false sell_live=true chunk_live=true
[11:25:35.267] [INFO] [EXEC] STREAM_OWNERSHIP_AUDIT stream_id=5 state=WAIT_BUY buy_order_id=0 sell_order_id=0 chunk_id=0 chunk_qty=0.000000 buy_live=false sell_live=false chunk_live=false
[11:25:35.267] [INFO] [EXEC] STREAM_OWNERSHIP_AUDIT stream_id=6 state=WAIT_BUY buy_order_id=0 sell_order_id=0 chunk_id=0 chunk_qty=0.000000 buy_live=false sell_live=false chunk_live=false
[11:25:35.267] [INFO] [EXEC] STREAM_OWNERSHIP_AUDIT stream_id=7 state=WAIT_BUY buy_order_id=0 sell_order_id=0 chunk_id=0 chunk_qty=0.000000 buy_live=false sell_live=false chunk_live=false
[11:25:35.268] [INFO] [EXEC] STREAM_OWNERSHIP_AUDIT stream_id=8 state=WAIT_BUY buy_order_id=0 sell_order_id=0 chunk_id=0 chunk_qty=0.000000 buy_live=false sell_live=false chunk_live=false
[11:25:35.268] [INFO] [EXEC] STREAM_OWNERSHIP_AUDIT stream_id=9 state=WAIT_BUY buy_order_id=0 sell_order_id=0 chunk_id=0 chunk_qty=0.000000 buy_live=false sell_live=false chunk_live=false
[11:25:35.268] [INFO] [EXEC] STREAM_OWNERSHIP_AUDIT stream_id=10 state=WAIT_BUY buy_order_id=0 sell_order_id=0 chunk_id=0 chunk_qty=0.000000 buy_live=false sell_live=false chunk_live=false
[11:25:35.268] [INFO] [EXEC] STREAM_OWNERSHIP_AUDIT stream_id=11 state=WAIT_BUY buy_order_id=0 sell_order_id=0 chunk_id=0 chunk_qty=0.000000 buy_live=false sell_live=false chunk_live=false
[11:25:35.269] [INFO] [EXEC] STREAM_OWNERSHIP_AUDIT stream_id=12 state=WAIT_BUY buy_order_id=0 sell_order_id=0 chunk_id=0 chunk_qty=0.000000 buy_live=false sell_live=false chunk_live=false
[11:25:35.269] [INFO] [EXEC] STREAM_OWNERSHIP_AUDIT stream_id=13 state=WAIT_BUY buy_order_id=0 sell_order_id=0 chunk_id=0 chunk_qty=0.000000 buy_live=false sell_live=false chunk_live=false
[11:25:35.269] [INFO] [EXEC] STREAM_OWNERSHIP_AUDIT stream_id=14 state=WAIT_BUY buy_order_id=0 sell_order_id=0 chunk_id=0 chunk_qty=0.000000 buy_live=false sell_live=false chunk_live=false
[11:25:35.269] [INFO] [EXEC] STREAM_OWNERSHIP_AUDIT stream_id=15 state=WAIT_BUY buy_order_id=0 sell_order_id=0 chunk_id=0 chunk_qty=0.000000 buy_live=false sell_live=false chunk_live=false
[11:25:35.269] [INFO] [EXEC] STREAM_OWNERSHIP_AUDIT stream_id=16 state=WAIT_BUY buy_order_id=0 sell_order_id=0 chunk_id=0 chunk_qty=0.000000 buy_live=false sell_live=false chunk_live=false
[11:25:35.270] [INFO] [EXEC] STREAM_OWNERSHIP_AUDIT stream_id=17 state=WAIT_BUY buy_order_id=0 sell_order_id=0 chunk_id=0 chunk_qty=0.000000 buy_live=false sell_live=false chunk_live=false
[11:25:35.270] [INFO] [EXEC] STREAM_OWNERSHIP_AUDIT stream_id=18 state=WAIT_BUY buy_order_id=0 sell_order_id=0 chunk_id=0 chunk_qty=0.000000 buy_live=false sell_live=false chunk_live=false
[11:25:35.271] [INFO] [EXEC] STREAM_OWNERSHIP_AUDIT stream_id=19 state=WAIT_BUY buy_order_id=0 sell_order_id=0 chunk_id=0 chunk_qty=0.000000 buy_live=false sell_live=false chunk_live=false
[11:25:35.272] [INFO] [EXEC] STREAM_OWNERSHIP_AUDIT stream_id=20 state=WAIT_BUY buy_order_id=0 sell_order_id=0 chunk_id=0 chunk_qty=0.000000 buy_live=false sell_live=false chunk_live=false
[11:25:35.272] [ERROR] [EXEC] STREAM_STATE_MISMATCH reason=stream_inventory_qty_mismatch inventory_qty=0.000360 stream_chunks=0
[11:25:35.272] [INFO] [EXEC] STREAM_OWNERSHIP_SUMMARY streams_total=20 wait_buy=17 buy_placed=0 sell_active=2 exiting=0 recycle=1 chunks_total=2 stream_chunks=0 orphan_chunks=2 inventory_qty=0.000360 stream_inventory_qty=0.000000 orphan_inventory_qty=0.000360
[11:25:35.539] [INFO] [EXEC] SELL_WATCHDOG_SYNC orderId=391889995 status=NEW
[11:25:37.275] [INFO] [EXEC] STREAM_OWNERSHIP_AUDIT stream_id=1 state=SELL_PLACED buy_order_id=0 sell_order_id=391889520 chunk_id=1548835984624 chunk_qty=0.000180 buy_live=false sell_live=true chunk_live=true
[11:25:37.275] [INFO] GUI_PERF tick_ms=0 logs_visible=False gui_log_mode=OFF append_skipped=773
[11:25:37.275] [INFO] [EXEC] STREAM_OWNERSHIP_AUDIT stream_id=2 state=RECYCLE_COOLDOWN buy_order_id=0 sell_order_id=0 chunk_id=0 chunk_qty=0.000000 buy_live=false sell_live=false chunk_live=false
[11:25:37.276] [INFO] [EXEC] STREAM_OWNERSHIP_AUDIT stream_id=3 state=WAIT_BUY buy_order_id=0 sell_order_id=0 chunk_id=0 chunk_qty=0.000000 buy_live=false sell_live=false chunk_live=false
[11:25:37.276] [INFO] [EXEC] STREAM_OWNERSHIP_AUDIT stream_id=4 state=SELL_PLACED buy_order_id=0 sell_order_id=391889322 chunk_id=1548854839872 chunk_qty=0.000180 buy_live=false sell_live=true chunk_live=true
[11:25:37.276] [INFO] [EXEC] STREAM_OWNERSHIP_AUDIT stream_id=5 state=WAIT_BUY buy_order_id=0 sell_order_id=0 chunk_id=0 chunk_qty=0.000000 buy_live=false sell_live=false chunk_live=false
[11:25:37.276] [INFO] [EXEC] STREAM_OWNERSHIP_AUDIT stream_id=6 state=WAIT_BUY buy_order_id=0 sell_order_id=0 chunk_id=0 chunk_qty=0.000000 buy_live=false sell_live=false chunk_live=false
[11:25:37.276] [INFO] [EXEC] STREAM_OWNERSHIP_AUDIT stream_id=7 state=WAIT_BUY buy_order_id=0 sell_order_id=0 chunk_id=0 chunk_qty=0.000000 buy_live=false sell_live=false chunk_live=false
[11:25:37.276] [INFO] [EXEC] STREAM_OWNERSHIP_AUDIT stream_id=8 state=WAIT_BUY buy_order_id=0 sell_order_id=0 chunk_id=0 chunk_qty=0.000000 buy_live=false sell_live=false chunk_live=false
[11:25:37.276] [INFO] [EXEC] STREAM_OWNERSHIP_AUDIT stream_id=9 state=WAIT_BUY buy_order_id=0 sell_order_id=0 chunk_id=0 chunk_qty=0.000000 buy_live=false sell_live=false chunk_live=false
[11:25:37.277] [INFO] [EXEC] STREAM_OWNERSHIP_AUDIT stream_id=10 state=WAIT_BUY buy_order_id=0 sell_order_id=0 chunk_id=0 chunk_qty=0.000000 buy_live=false sell_live=false chunk_live=false
[11:25:37.277] [INFO] [EXEC] STREAM_OWNERSHIP_AUDIT stream_id=11 state=WAIT_BUY buy_order_id=0 sell_order_id=0 chunk_id=0 chunk_qty=0.000000 buy_live=false sell_live=false chunk_live=false
[11:25:37.277] [INFO] [EXEC] STREAM_OWNERSHIP_AUDIT stream_id=12 state=WAIT_BUY buy_order_id=0 sell_order_id=0 chunk_id=0 chunk_qty=0.000000 buy_live=false sell_live=false chunk_live=false
[11:25:37.277] [INFO] [EXEC] STREAM_OWNERSHIP_AUDIT stream_id=13 state=WAIT_BUY buy_order_id=0 sell_order_id=0 chunk_id=0 chunk_qty=0.000000 buy_live=false sell_live=false chunk_live=false
[11:25:37.277] [INFO] [EXEC] STREAM_OWNERSHIP_AUDIT stream_id=14 state=WAIT_BUY buy_order_id=0 sell_order_id=0 chunk_id=0 chunk_qty=0.000000 buy_live=false sell_live=false chunk_live=false
[11:25:37.277] [INFO] [EXEC] STREAM_OWNERSHIP_AUDIT stream_id=15 state=WAIT_BUY buy_order_id=0 sell_order_id=0 chunk_id=0 chunk_qty=0.000000 buy_live=false sell_live=false chunk_live=false
[11:25:37.278] [INFO] [EXEC] STREAM_OWNERSHIP_AUDIT stream_id=16 state=WAIT_BUY buy_order_id=0 sell_order_id=0 chunk_id=0 chunk_qty=0.000000 buy_live=false sell_live=false chunk_live=false
[11:25:37.278] [INFO] [EXEC] STREAM_OWNERSHIP_AUDIT stream_id=17 state=WAIT_BUY buy_order_id=0 sell_order_id=0 chunk_id=0 chunk_qty=0.000000 buy_live=false sell_live=false chunk_live=false
[11:25:37.278] [INFO] [EXEC] STREAM_OWNERSHIP_AUDIT stream_id=18 state=WAIT_BUY buy_order_id=0 sell_order_id=0 chunk_id=0 chunk_qty=0.000000 buy_live=false sell_live=false chunk_live=false
[11:25:37.278] [INFO] [EXEC] STREAM_OWNERSHIP_AUDIT stream_id=19 state=WAIT_BUY buy_order_id=0 sell_order_id=0 chunk_id=0 chunk_qty=0.000000 buy_live=false sell_live=false chunk_live=false
[11:25:37.278] [INFO] [EXEC] STREAM_OWNERSHIP_AUDIT stream_id=20 state=WAIT_BUY buy_order_id=0 sell_order_id=0 chunk_id=0 chunk_qty=0.000000 buy_live=false sell_live=false chunk_live=false
[11:25:37.278] [ERROR] [EXEC] STREAM_STATE_MISMATCH reason=stream_inventory_qty_mismatch inventory_qty=0.000360 stream_chunks=0
[11:25:37.278] [INFO] [EXEC] STREAM_OWNERSHIP_SUMMARY streams_total=20 wait_buy=17 buy_placed=0 sell_active=2 exiting=0 recycle=1 chunks_total=2 stream_chunks=0 orphan_chunks=2 inventory_qty=0.000360 stream_inventory_qty=0.000000 orphan_inventory_qty=0.000360
[11:25:37.536] [WARNING] [EXEC] SMART_EXIT_BREAK_HOLD reason=hard_timeout age=12766
[11:25:37.537] [WARNING] [EXEC] TAKER_EXIT_TRIGGER reason=force_flat_after_ms age=13513 qty=0.000360
[11:25:37.538] [WARNING] [EXEC] TAKER_EXIT_CANCEL_MAKER orderId=391889995
[11:25:38.338] [INFO] [EXEC] PLACE_SELL_SOURCE source=taker price=79382.34
[11:25:38.339] [INFO] GUI_PERF tick_ms=0 logs_visible=False gui_log_mode=OFF append_skipped=798
[11:25:38.605] [WARNING] [EXEC] TAKER_EXIT_ORDER_SENT id=391890491 price=79382.34 qty=0.000360
[11:25:39.129] [OK] [SYNC] order filled detected
[11:25:39.130] [OK] [SYNC] SELL filled on exchange
[11:25:39.131] [OK] [EXEC] FIFO CLOSE qty=0.000180 entry=79393.81 exit=79383.12 pnl=-0.001924
[11:25:39.132] [INFO] [EXEC] CHUNK DRAINED
[11:25:39.134] [OK] [EXEC] FIFO CLOSE qty=0.000180 entry=79393.95 exit=79383.12 pnl=-0.001949
[11:25:39.134] [INFO] [EXEC] CHUNK DRAINED
[11:25:39.135] [OK] [EXEC] REALIZED pnl=-0.003874
[11:25:39.136] [INFO] [EXEC] SELL ACCOUNTING RESET flat
[11:25:39.137] [OK] [EXEC] CYCLE CLOSED pnl=-0.003874
[11:25:39.137] [INFO] [EXEC] SESSION realized=-0.003874 wins=0 losses=1
[11:25:39.138] [INFO] [EXEC] STREAM_STATS_UI cycles=4 wins=4 losses=0 pnl=+0.000106 winrate=100.00%
[11:25:39.295] [INFO] [EXEC] STREAM_OWNERSHIP_AUDIT stream_id=1 state=SELL_PLACED buy_order_id=0 sell_order_id=391889520 chunk_id=1548835984624 chunk_qty=0.000000 buy_live=false sell_live=true chunk_live=false
[11:25:39.296] [INFO] [EXEC] STREAM_OWNERSHIP_AUDIT stream_id=2 state=RECYCLE_COOLDOWN buy_order_id=0 sell_order_id=0 chunk_id=0 chunk_qty=0.000000 buy_live=false sell_live=false chunk_live=false
[11:25:39.297] [INFO] [EXEC] STREAM_OWNERSHIP_AUDIT stream_id=3 state=WAIT_BUY buy_order_id=0 sell_order_id=0 chunk_id=0 chunk_qty=0.000000 buy_live=false sell_live=false chunk_live=false
[11:25:39.298] [INFO] [EXEC] STREAM_OWNERSHIP_AUDIT stream_id=4 state=SELL_PLACED buy_order_id=0 sell_order_id=391889322 chunk_id=1548854839872 chunk_qty=0.000000 buy_live=false sell_live=true chunk_live=false
[11:25:39.299] [INFO] [EXEC] STREAM_OWNERSHIP_AUDIT stream_id=5 state=WAIT_BUY buy_order_id=0 sell_order_id=0 chunk_id=0 chunk_qty=0.000000 buy_live=false sell_live=false chunk_live=false
[11:25:39.300] [INFO] [EXEC] STREAM_OWNERSHIP_AUDIT stream_id=6 state=WAIT_BUY buy_order_id=0 sell_order_id=0 chunk_id=0 chunk_qty=0.000000 buy_live=false sell_live=false chunk_live=false
[11:25:39.300] [INFO] [EXEC] STREAM_OWNERSHIP_AUDIT stream_id=7 state=WAIT_BUY buy_order_id=0 sell_order_id=0 chunk_id=0 chunk_qty=0.000000 buy_live=false sell_live=false chunk_live=false
[11:25:39.301] [INFO] [EXEC] STREAM_OWNERSHIP_AUDIT stream_id=8 state=WAIT_BUY buy_order_id=0 sell_order_id=0 chunk_id=0 chunk_qty=0.000000 buy_live=false sell_live=false chunk_live=false
[11:25:39.302] [INFO] [EXEC] STREAM_OWNERSHIP_AUDIT stream_id=9 state=WAIT_BUY buy_order_id=0 sell_order_id=0 chunk_id=0 chunk_qty=0.000000 buy_live=false sell_live=false chunk_live=false
[11:25:39.303] [INFO] [EXEC] STREAM_OWNERSHIP_AUDIT stream_id=10 state=WAIT_BUY buy_order_id=0 sell_order_id=0 chunk_id=0 chunk_qty=0.000000 buy_live=false sell_live=false chunk_live=false
[11:25:39.304] [INFO] [EXEC] STREAM_OWNERSHIP_AUDIT stream_id=11 state=WAIT_BUY buy_order_id=0 sell_order_id=0 chunk_id=0 chunk_qty=0.000000 buy_live=false sell_live=false chunk_live=false
[11:25:39.304] [INFO] [EXEC] STREAM_OWNERSHIP_AUDIT stream_id=12 state=WAIT_BUY buy_order_id=0 sell_order_id=0 chunk_id=0 chunk_qty=0.000000 buy_live=false sell_live=false chunk_live=false
[11:25:39.305] [INFO] [EXEC] STREAM_OWNERSHIP_AUDIT stream_id=13 state=WAIT_BUY buy_order_id=0 sell_order_id=0 chunk_id=0 chunk_qty=0.000000 buy_live=false sell_live=false chunk_live=false
[11:25:39.306] [INFO] [EXEC] STREAM_OWNERSHIP_AUDIT stream_id=14 state=WAIT_BUY buy_order_id=0 sell_order_id=0 chunk_id=0 chunk_qty=0.000000 buy_live=false sell_live=false chunk_live=false
[11:25:39.306] [INFO] [EXEC] STREAM_OWNERSHIP_AUDIT stream_id=15 state=WAIT_BUY buy_order_id=0 sell_order_id=0 chunk_id=0 chunk_qty=0.000000 buy_live=false sell_live=false chunk_live=false
[11:25:39.307] [INFO] [EXEC] STREAM_OWNERSHIP_AUDIT stream_id=16 state=WAIT_BUY buy_order_id=0 sell_order_id=0 chunk_id=0 chunk_qty=0.000000 buy_live=false sell_live=false chunk_live=false
[11:25:39.307] [INFO] [EXEC] STREAM_OWNERSHIP_AUDIT stream_id=17 state=WAIT_BUY buy_order_id=0 sell_order_id=0 chunk_id=0 chunk_qty=0.000000 buy_live=false sell_live=false chunk_live=false
[11:25:39.308] [INFO] [EXEC] STREAM_OWNERSHIP_AUDIT stream_id=18 state=WAIT_BUY buy_order_id=0 sell_order_id=0 chunk_id=0 chunk_qty=0.000000 buy_live=false sell_live=false chunk_live=false
[11:25:39.308] [INFO] [EXEC] STREAM_OWNERSHIP_AUDIT stream_id=19 state=WAIT_BUY buy_order_id=0 sell_order_id=0 chunk_id=0 chunk_qty=0.000000 buy_live=false sell_live=false chunk_live=false
[11:25:39.308] [INFO] [EXEC] STREAM_OWNERSHIP_AUDIT stream_id=20 state=WAIT_BUY buy_order_id=0 sell_order_id=0 chunk_id=0 chunk_qty=0.000000 buy_live=false sell_live=false chunk_live=false
[11:25:39.309] [INFO] [EXEC] STREAM_OWNERSHIP_SUMMARY streams_total=20 wait_buy=17 buy_placed=0 sell_active=2 exiting=0 recycle=1 chunks_total=0 stream_chunks=0 orphan_chunks=0 inventory_qty=0.000000 stream_inventory_qty=0.000000 orphan_inventory_qty=0.000000
[11:25:39.309] [INFO] [HEALTH] state=DANGER
[11:25:39.310] [INFO] [EXEC] STREAM_SHUTDOWN_STATE active=false reason=runtime_tick
[11:25:39.310] [INFO] [EXEC] STREAM_MODE_ACTIVE_SKIP_SINGLE_ENTRY
[11:25:39.310] [INFO] [EXEC] STREAM_RECYCLE_READY stream_id=2 at_ms=1778757939294
[11:25:39.311] [INFO] [EXEC] STREAM_SWARM_STATE wait_start=0 wait_buy=18 buy_placed=0 sell_active=2 recycle=0 active_buys=0 active_sells=2
[11:25:39.312] [INFO] [EXEC] STREAM_BUY_CAPACITY active_buys=0 active_sells=2 waiting_streams=18 max_active_buys=10 free_buy_slots=10 batch_size=1
[11:25:39.575] [INFO] [EXEC] STREAM_BUY_PLACED level_id=2 order_id=391890494
[11:25:39.576] [INFO] GUI_PERF tick_ms=0 logs_visible=False gui_log_mode=OFF append_skipped=838
[11:25:39.577] [OK] [EXEC] PLACE BUY price=79393.90 qty=0.000180
[11:25:39.578] [INFO] [EXEC] STREAM_PLACEMENT_TICK active_buys=1 active_sells=2 waiting_streams=18 free_buy_slots=10 placed=1
[11:25:39.579] [INFO] [EXEC] STREAM_CONCURRENCY_STATE buys=1 sells=2 waiting=18 inventory_u=0.00 exposure_u=0.00 buy_allowed=true reason=none
[11:25:40.877] [INFO] [EXEC] STREAM_BUY_FILLED level_id=2
[11:25:40.879] [INFO] GUI_PERF tick_ms=0 logs_visible=False gui_log_mode=OFF append_skipped=842
[11:25:40.880] [INFO] [EXEC] STREAM_SIGNAL_BUY_FILL stream_id=2 fill_price=79393.90000000 effect=log_only
[11:25:40.880] [OK] [EXEC] CHUNK ADD qty=0.000180 entry=79393.90
[11:25:40.881] [INFO] [EXEC] CHUNK COUNT n=1
[11:25:40.882] [INFO] [EXEC] STREAM_TARGET_USED ticks=28 sell_price=79394.18
[11:25:41.145] [INFO] [EXEC] STREAM_CHUNK_OWNED stream_id=2 chunk_id=1548835960304 qty=0.000180
[11:25:41.146] [INFO] [EXEC] STREAM_SELL_OWNED stream_id=2 chunk_id=1548835960304 order_id=391890507
[11:25:41.148] [INFO] [EXEC] STREAM_SELL_PLACED stream_id=2 chunk_id=1548835960304 order_id=391890507 price=79394.18 qty=0.000180
[11:25:41.407] [INFO] [EXEC] STREAM_EXIT_RETRY_STATUS stream_id=2 chunk_id=1548835960304 order_id=391890507 status=NEW
[11:25:41.407] [INFO] [EXEC] STREAM_REPAIR_SKIP reason=stream_owned_inventory
[11:25:41.407] [WARNING] [EXEC] STATE REPAIR reason=inventory_cannot_be_flat
[11:25:41.407] [ERROR] [EXEC] STREAM_OWNERSHIP_MISMATCH reason=qty_without_stream_chunks qty=0.000180
[11:25:41.408] [INFO] [EXEC] STREAM_GLOBAL_SMART_EXIT_BLOCKED reason=stream_owned_inventory qty=0.000180 trigger=exit_recovery_inventory_no_sell
[11:25:41.408] [ERROR] [EXEC] STREAM_OWNERSHIP_MISMATCH reason=qty_without_stream_chunks qty=0.000180
[11:25:41.408] [INFO] [EXEC] STREAM_GLOBAL_SMART_EXIT_BLOCKED reason=stream_owned_inventory qty=0.000180 trigger=place_sell
[11:25:42.156] [INFO] [EXEC] STREAM_EXIT_RETRY_STATUS stream_id=2 chunk_id=1548835960304 order_id=391890507 status=NEW
[11:25:42.157] [INFO] GUI_PERF tick_ms=0 logs_visible=False gui_log_mode=OFF append_skipped=857
[11:25:42.158] [INFO] [EXEC] STREAM_OWNERSHIP_AUDIT stream_id=1 state=SELL_PLACED buy_order_id=0 sell_order_id=391889520 chunk_id=1548835984624 chunk_qty=0.000000 buy_live=false sell_live=true chunk_live=false
[11:25:42.159] [INFO] [EXEC] STREAM_OWNERSHIP_AUDIT stream_id=2 state=SELL_PLACED buy_order_id=0 sell_order_id=391890507 chunk_id=1548835960304 chunk_qty=0.000180 buy_live=false sell_live=true chunk_live=true
[11:25:42.160] [INFO] [EXEC] STREAM_OWNERSHIP_AUDIT stream_id=3 state=WAIT_BUY buy_order_id=0 sell_order_id=0 chunk_id=0 chunk_qty=0.000000 buy_live=false sell_live=false chunk_live=false
[11:25:42.161] [INFO] [EXEC] STREAM_OWNERSHIP_AUDIT stream_id=4 state=SELL_PLACED buy_order_id=0 sell_order_id=391889322 chunk_id=1548854839872 chunk_qty=0.000000 buy_live=false sell_live=true chunk_live=false
[11:25:42.162] [INFO] [EXEC] STREAM_OWNERSHIP_AUDIT stream_id=5 state=WAIT_BUY buy_order_id=0 sell_order_id=0 chunk_id=0 chunk_qty=0.000000 buy_live=false sell_live=false chunk_live=false
[11:25:42.163] [INFO] [EXEC] STREAM_OWNERSHIP_AUDIT stream_id=6 state=WAIT_BUY buy_order_id=0 sell_order_id=0 chunk_id=0 chunk_qty=0.000000 buy_live=false sell_live=false chunk_live=false
[11:25:42.163] [INFO] [EXEC] STREAM_OWNERSHIP_AUDIT stream_id=7 state=WAIT_BUY buy_order_id=0 sell_order_id=0 chunk_id=0 chunk_qty=0.000000 buy_live=false sell_live=false chunk_live=false
[11:25:42.164] [INFO] [EXEC] STREAM_OWNERSHIP_AUDIT stream_id=8 state=WAIT_BUY buy_order_id=0 sell_order_id=0 chunk_id=0 chunk_qty=0.000000 buy_live=false sell_live=false chunk_live=false
[11:25:42.164] [INFO] [EXEC] STREAM_OWNERSHIP_AUDIT stream_id=9 state=WAIT_BUY buy_order_id=0 sell_order_id=0 chunk_id=0 chunk_qty=0.000000 buy_live=false sell_live=false chunk_live=false
[11:25:42.165] [INFO] [EXEC] STREAM_OWNERSHIP_AUDIT stream_id=10 state=WAIT_BUY buy_order_id=0 sell_order_id=0 chunk_id=0 chunk_qty=0.000000 buy_live=false sell_live=false chunk_live=false
[11:25:42.165] [INFO] [EXEC] STREAM_OWNERSHIP_AUDIT stream_id=11 state=WAIT_BUY buy_order_id=0 sell_order_id=0 chunk_id=0 chunk_qty=0.000000 buy_live=false sell_live=false chunk_live=false
[11:25:42.166] [INFO] [EXEC] STREAM_OWNERSHIP_AUDIT stream_id=12 state=WAIT_BUY buy_order_id=0 sell_order_id=0 chunk_id=0 chunk_qty=0.000000 buy_live=false sell_live=false chunk_live=false
[11:25:42.166] [INFO] [EXEC] STREAM_OWNERSHIP_AUDIT stream_id=13 state=WAIT_BUY buy_order_id=0 sell_order_id=0 chunk_id=0 chunk_qty=0.000000 buy_live=false sell_live=false chunk_live=false
[11:25:42.167] [INFO] [EXEC] STREAM_OWNERSHIP_AUDIT stream_id=14 state=WAIT_BUY buy_order_id=0 sell_order_id=0 chunk_id=0 chunk_qty=0.000000 buy_live=false sell_live=false chunk_live=false
[11:25:42.167] [INFO] [EXEC] STREAM_OWNERSHIP_AUDIT stream_id=15 state=WAIT_BUY buy_order_id=0 sell_order_id=0 chunk_id=0 chunk_qty=0.000000 buy_live=false sell_live=false chunk_live=false
[11:25:42.168] [INFO] [EXEC] STREAM_OWNERSHIP_AUDIT stream_id=16 state=WAIT_BUY buy_order_id=0 sell_order_id=0 chunk_id=0 chunk_qty=0.000000 buy_live=false sell_live=false chunk_live=false
[11:25:42.168] [INFO] [EXEC] STREAM_OWNERSHIP_AUDIT stream_id=17 state=WAIT_BUY buy_order_id=0 sell_order_id=0 chunk_id=0 chunk_qty=0.000000 buy_live=false sell_live=false chunk_live=false
[11:25:42.168] [INFO] [EXEC] STREAM_OWNERSHIP_AUDIT stream_id=18 state=WAIT_BUY buy_order_id=0 sell_order_id=0 chunk_id=0 chunk_qty=0.000000 buy_live=false sell_live=false chunk_live=false
[11:25:42.169] [INFO] [EXEC] STREAM_OWNERSHIP_AUDIT stream_id=19 state=WAIT_BUY buy_order_id=0 sell_order_id=0 chunk_id=0 chunk_qty=0.000000 buy_live=false sell_live=false chunk_live=false
[11:25:42.169] [INFO] [EXEC] STREAM_OWNERSHIP_AUDIT stream_id=20 state=WAIT_BUY buy_order_id=0 sell_order_id=0 chunk_id=0 chunk_qty=0.000000 buy_live=false sell_live=false chunk_live=false
[11:25:42.169] [ERROR] [EXEC] STREAM_STATE_MISMATCH reason=stream_inventory_qty_mismatch inventory_qty=0.000180 stream_chunks=0
[11:25:42.169] [INFO] [EXEC] STREAM_OWNERSHIP_SUMMARY streams_total=20 wait_buy=17 buy_placed=0 sell_active=3 exiting=0 recycle=0 chunks_total=1 stream_chunks=0 orphan_chunks=1 inventory_qty=0.000180 stream_inventory_qty=0.000000 orphan_inventory_qty=0.000180
[11:25:42.170] [ERROR] [EXEC] STREAM_OWNERSHIP_MISMATCH reason=qty_without_stream_chunks qty=0.000180
[11:25:42.850] [INFO] [EXEC] STREAM_EXIT_RETRY_STATUS stream_id=2 chunk_id=1548835960304 order_id=391890507 status=NEW
[11:25:42.852] [ERROR] [EXEC] STREAM_OWNERSHIP_MISMATCH reason=qty_without_stream_chunks qty=0.000180
[11:25:43.593] [INFO] [EXEC] STREAM_EXIT_RETRY_STATUS stream_id=2 chunk_id=1548835960304 order_id=391890507 status=NEW
[11:25:43.595] [INFO] GUI_PERF tick_ms=0 logs_visible=False gui_log_mode=OFF append_skipped=883
[11:25:43.597] [ERROR] [EXEC] STREAM_OWNERSHIP_MISMATCH reason=qty_without_stream_chunks qty=0.000180
[11:25:44.363] [INFO] [EXEC] STREAM_EXIT_RETRY_STATUS stream_id=2 chunk_id=1548835960304 order_id=391890507 status=NEW
[11:25:44.363] [WARNING] [EXEC] STREAM_SELL_TIMEOUT stream_id=2 chunk_id=1548835960304 order_id=391890507 age_ms=3488 timeout_ms=2800
[11:25:44.622] [INFO] [EXEC] STREAM_SELL_CANCEL_OLD stream_id=2 chunk_id=1548835960304 order_id=391890507
[11:25:44.623] [INFO] GUI_PERF tick_ms=0 logs_visible=False gui_log_mode=OFF append_skipped=887
[11:25:44.624] [INFO] [EXEC] STREAM_STOP_LOSS_BLOCKED_RETRY_AVAILABLE retry_count=0 retry_max=2 stream_id=2 chunk_id=1548835960304 order_id=391890507
[11:25:44.625] [WARNING] [EXEC] STREAM_EXIT_RETRY_PLACED stream_id=2 chunk_id=1548835960304 order_id=pending qty=0.000180 price=79394.00 retry_count=1
[11:25:44.885] [INFO] [EXEC] STREAM_OWNERSHIP_AUDIT stream_id=1 state=SELL_PLACED buy_order_id=0 sell_order_id=391889520 chunk_id=1548835984624 chunk_qty=0.000000 buy_live=false sell_live=true chunk_live=false
[11:25:44.885] [INFO] [EXEC] STREAM_OWNERSHIP_AUDIT stream_id=2 state=SELL_PLACED buy_order_id=0 sell_order_id=391890516 chunk_id=1548835960304 chunk_qty=0.000180 buy_live=false sell_live=true chunk_live=true
[11:25:44.886] [INFO] [EXEC] STREAM_OWNERSHIP_AUDIT stream_id=3 state=WAIT_BUY buy_order_id=0 sell_order_id=0 chunk_id=0 chunk_qty=0.000000 buy_live=false sell_live=false chunk_live=false
[11:25:44.886] [INFO] [EXEC] STREAM_OWNERSHIP_AUDIT stream_id=4 state=SELL_PLACED buy_order_id=0 sell_order_id=391889322 chunk_id=1548854839872 chunk_qty=0.000000 buy_live=false sell_live=true chunk_live=false
[11:25:44.886] [INFO] [EXEC] STREAM_OWNERSHIP_AUDIT stream_id=5 state=WAIT_BUY buy_order_id=0 sell_order_id=0 chunk_id=0 chunk_qty=0.000000 buy_live=false sell_live=false chunk_live=false
[11:25:44.886] [INFO] [EXEC] STREAM_OWNERSHIP_AUDIT stream_id=6 state=WAIT_BUY buy_order_id=0 sell_order_id=0 chunk_id=0 chunk_qty=0.000000 buy_live=false sell_live=false chunk_live=false
[11:25:44.886] [INFO] [EXEC] STREAM_OWNERSHIP_AUDIT stream_id=7 state=WAIT_BUY buy_order_id=0 sell_order_id=0 chunk_id=0 chunk_qty=0.000000 buy_live=false sell_live=false chunk_live=false
[11:25:44.886] [INFO] [EXEC] STREAM_OWNERSHIP_AUDIT stream_id=8 state=WAIT_BUY buy_order_id=0 sell_order_id=0 chunk_id=0 chunk_qty=0.000000 buy_live=false sell_live=false chunk_live=false
[11:25:44.887] [INFO] [EXEC] STREAM_OWNERSHIP_AUDIT stream_id=9 state=WAIT_BUY buy_order_id=0 sell_order_id=0 chunk_id=0 chunk_qty=0.000000 buy_live=false sell_live=false chunk_live=false
[11:25:44.887] [INFO] [EXEC] STREAM_OWNERSHIP_AUDIT stream_id=10 state=WAIT_BUY buy_order_id=0 sell_order_id=0 chunk_id=0 chunk_qty=0.000000 buy_live=false sell_live=false chunk_live=false
[11:25:44.887] [INFO] [EXEC] STREAM_OWNERSHIP_AUDIT stream_id=11 state=WAIT_BUY buy_order_id=0 sell_order_id=0 chunk_id=0 chunk_qty=0.000000 buy_live=false sell_live=false chunk_live=false
[11:25:44.887] [INFO] [EXEC] STREAM_OWNERSHIP_AUDIT stream_id=12 state=WAIT_BUY buy_order_id=0 sell_order_id=0 chunk_id=0 chunk_qty=0.000000 buy_live=false sell_live=false chunk_live=false
[11:25:44.887] [INFO] [EXEC] STREAM_OWNERSHIP_AUDIT stream_id=13 state=WAIT_BUY buy_order_id=0 sell_order_id=0 chunk_id=0 chunk_qty=0.000000 buy_live=false sell_live=false chunk_live=false
[11:25:44.888] [INFO] [EXEC] STREAM_OWNERSHIP_AUDIT stream_id=14 state=WAIT_BUY buy_order_id=0 sell_order_id=0 chunk_id=0 chunk_qty=0.000000 buy_live=false sell_live=false chunk_live=false
[11:25:44.888] [INFO] [EXEC] STREAM_OWNERSHIP_AUDIT stream_id=15 state=WAIT_BUY buy_order_id=0 sell_order_id=0 chunk_id=0 chunk_qty=0.000000 buy_live=false sell_live=false chunk_live=false
[11:25:44.888] [INFO] [EXEC] STREAM_OWNERSHIP_AUDIT stream_id=16 state=WAIT_BUY buy_order_id=0 sell_order_id=0 chunk_id=0 chunk_qty=0.000000 buy_live=false sell_live=false chunk_live=false
[11:25:44.888] [INFO] [EXEC] STREAM_OWNERSHIP_AUDIT stream_id=17 state=WAIT_BUY buy_order_id=0 sell_order_id=0 chunk_id=0 chunk_qty=0.000000 buy_live=false sell_live=false chunk_live=false
[11:25:44.888] [INFO] [EXEC] STREAM_OWNERSHIP_AUDIT stream_id=18 state=WAIT_BUY buy_order_id=0 sell_order_id=0 chunk_id=0 chunk_qty=0.000000 buy_live=false sell_live=false chunk_live=false
[11:25:44.888] [INFO] [EXEC] STREAM_OWNERSHIP_AUDIT stream_id=19 state=WAIT_BUY buy_order_id=0 sell_order_id=0 chunk_id=0 chunk_qty=0.000000 buy_live=false sell_live=false chunk_live=false
[11:25:44.889] [INFO] [EXEC] STREAM_OWNERSHIP_AUDIT stream_id=20 state=WAIT_BUY buy_order_id=0 sell_order_id=0 chunk_id=0 chunk_qty=0.000000 buy_live=false sell_live=false chunk_live=false
[11:25:44.889] [ERROR] [EXEC] STREAM_STATE_MISMATCH reason=stream_inventory_qty_mismatch inventory_qty=0.000180 stream_chunks=0
[11:25:44.889] [INFO] [EXEC] STREAM_OWNERSHIP_SUMMARY streams_total=20 wait_buy=17 buy_placed=0 sell_active=3 exiting=0 recycle=0 chunks_total=1 stream_chunks=0 orphan_chunks=1 inventory_qty=0.000180 stream_inventory_qty=0.000000 orphan_inventory_qty=0.000180
[11:25:44.889] [INFO] [EXEC] STREAM_REPAIR_SKIP reason=stream_owned_inventory
[11:25:44.890] [ERROR] [EXEC] STREAM_OWNERSHIP_MISMATCH reason=qty_without_stream_chunks qty=0.000180
[11:25:44.890] [INFO] [EXEC] STREAM_GLOBAL_SMART_EXIT_BLOCKED reason=stream_owned_inventory qty=0.000180 trigger=exit_recovery_inventory_no_sell
[11:25:44.890] [ERROR] [EXEC] STREAM_OWNERSHIP_MISMATCH reason=qty_without_stream_chunks qty=0.000180
[11:25:44.890] [INFO] [EXEC] STREAM_GLOBAL_SMART_EXIT_BLOCKED reason=stream_owned_inventory qty=0.000180 trigger=place_sell
[11:25:45.625] [INFO] [EXEC] STREAM_EXIT_RETRY_STATUS stream_id=2 chunk_id=1548835960304 order_id=391890516 status=NEW
[11:25:45.627] [INFO] GUI_PERF tick_ms=0 logs_visible=False gui_log_mode=OFF append_skipped=917
[11:25:45.628] [ERROR] [EXEC] STREAM_OWNERSHIP_MISMATCH reason=qty_without_stream_chunks qty=0.000180
[11:25:45.629] [INFO] [EXEC] STREAM_STATS_UI cycles=4 wins=4 losses=0 pnl=+0.000106 winrate=100.00%
[11:25:46.423] [INFO] [EXEC] STREAM_EXIT_RETRY_STATUS stream_id=2 chunk_id=1548835960304 order_id=391890516 status=NEW
[11:25:46.424] [INFO] [EXEC] STREAM_OWNERSHIP_AUDIT stream_id=1 state=SELL_PLACED buy_order_id=0 sell_order_id=391889520 chunk_id=1548835984624 chunk_qty=0.000000 buy_live=false sell_live=true chunk_live=false
[11:25:46.424] [INFO] [EXEC] STREAM_OWNERSHIP_AUDIT stream_id=2 state=SELL_PLACED buy_order_id=0 sell_order_id=391890516 chunk_id=1548835960304 chunk_qty=0.000180 buy_live=false sell_live=true chunk_live=true
[11:25:46.425] [INFO] [EXEC] STREAM_OWNERSHIP_AUDIT stream_id=3 state=WAIT_BUY buy_order_id=0 sell_order_id=0 chunk_id=0 chunk_qty=0.000000 buy_live=false sell_live=false chunk_live=false
[11:25:46.425] [INFO] [EXEC] STREAM_OWNERSHIP_AUDIT stream_id=4 state=SELL_PLACED buy_order_id=0 sell_order_id=391889322 chunk_id=1548854839872 chunk_qty=0.000000 buy_live=false sell_live=true chunk_live=false
[11:25:46.425] [INFO] [EXEC] STREAM_OWNERSHIP_AUDIT stream_id=5 state=WAIT_BUY buy_order_id=0 sell_order_id=0 chunk_id=0 chunk_qty=0.000000 buy_live=false sell_live=false chunk_live=false
[11:25:46.425] [INFO] [EXEC] STREAM_OWNERSHIP_AUDIT stream_id=6 state=WAIT_BUY buy_order_id=0 sell_order_id=0 chunk_id=0 chunk_qty=0.000000 buy_live=false sell_live=false chunk_live=false
[11:25:46.426] [INFO] [EXEC] STREAM_OWNERSHIP_AUDIT stream_id=7 state=WAIT_BUY buy_order_id=0 sell_order_id=0 chunk_id=0 chunk_qty=0.000000 buy_live=false sell_live=false chunk_live=false
[11:25:46.426] [INFO] [EXEC] STREAM_OWNERSHIP_AUDIT stream_id=8 state=WAIT_BUY buy_order_id=0 sell_order_id=0 chunk_id=0 chunk_qty=0.000000 buy_live=false sell_live=false chunk_live=false
[11:25:46.426] [INFO] [EXEC] STREAM_OWNERSHIP_AUDIT stream_id=9 state=WAIT_BUY buy_order_id=0 sell_order_id=0 chunk_id=0 chunk_qty=0.000000 buy_live=false sell_live=false chunk_live=false
[11:25:46.427] [INFO] [EXEC] STREAM_OWNERSHIP_AUDIT stream_id=10 state=WAIT_BUY buy_order_id=0 sell_order_id=0 chunk_id=0 chunk_qty=0.000000 buy_live=false sell_live=false chunk_live=false
[11:25:46.427] [INFO] [EXEC] STREAM_OWNERSHIP_AUDIT stream_id=11 state=WAIT_BUY buy_order_id=0 sell_order_id=0 chunk_id=0 chunk_qty=0.000000 buy_live=false sell_live=false chunk_live=false
[11:25:46.427] [INFO] [EXEC] STREAM_OWNERSHIP_AUDIT stream_id=12 state=WAIT_BUY buy_order_id=0 sell_order_id=0 chunk_id=0 chunk_qty=0.000000 buy_live=false sell_live=false chunk_live=false
[11:25:46.427] [INFO] [EXEC] STREAM_OWNERSHIP_AUDIT stream_id=13 state=WAIT_BUY buy_order_id=0 sell_order_id=0 chunk_id=0 chunk_qty=0.000000 buy_live=false sell_live=false chunk_live=false
[11:25:46.428] [INFO] [EXEC] STREAM_OWNERSHIP_AUDIT stream_id=14 state=WAIT_BUY buy_order_id=0 sell_order_id=0 chunk_id=0 chunk_qty=0.000000 buy_live=false sell_live=false chunk_live=false
[11:25:46.428] [INFO] [EXEC] STREAM_OWNERSHIP_AUDIT stream_id=15 state=WAIT_BUY buy_order_id=0 sell_order_id=0 chunk_id=0 chunk_qty=0.000000 buy_live=false sell_live=false chunk_live=false
[11:25:46.428] [INFO] [EXEC] STREAM_OWNERSHIP_AUDIT stream_id=16 state=WAIT_BUY buy_order_id=0 sell_order_id=0 chunk_id=0 chunk_qty=0.000000 buy_live=false sell_live=false chunk_live=false
[11:25:46.428] [INFO] [EXEC] STREAM_OWNERSHIP_AUDIT stream_id=17 state=WAIT_BUY buy_order_id=0 sell_order_id=0 chunk_id=0 chunk_qty=0.000000 buy_live=false sell_live=false chunk_live=false
[11:25:46.429] [INFO] [EXEC] STREAM_OWNERSHIP_AUDIT stream_id=18 state=WAIT_BUY buy_order_id=0 sell_order_id=0 chunk_id=0 chunk_qty=0.000000 buy_live=false sell_live=false chunk_live=false
[11:25:46.429] [INFO] [EXEC] STREAM_OWNERSHIP_AUDIT stream_id=19 state=WAIT_BUY buy_order_id=0 sell_order_id=0 chunk_id=0 chunk_qty=0.000000 buy_live=false sell_live=false chunk_live=false
[11:25:46.429] [INFO] [EXEC] STREAM_OWNERSHIP_AUDIT stream_id=20 state=WAIT_BUY buy_order_id=0 sell_order_id=0 chunk_id=0 chunk_qty=0.000000 buy_live=false sell_live=false chunk_live=false
[11:25:46.430] [ERROR] [EXEC] STREAM_STATE_MISMATCH reason=stream_inventory_qty_mismatch inventory_qty=0.000180 stream_chunks=0
[11:25:46.430] [INFO] [EXEC] STREAM_OWNERSHIP_SUMMARY streams_total=20 wait_buy=17 buy_placed=0 sell_active=3 exiting=0 recycle=0 chunks_total=1 stream_chunks=0 orphan_chunks=1 inventory_qty=0.000180 stream_inventory_qty=0.000000 orphan_inventory_qty=0.000180
[11:25:46.430] [ERROR] [EXEC] STREAM_OWNERSHIP_MISMATCH reason=qty_without_stream_chunks qty=0.000180
[11:25:47.131] [INFO] [EXEC] STREAM_EXIT_RETRY_STATUS stream_id=2 chunk_id=1548835960304 order_id=391890516 status=NEW
[11:25:47.132] [INFO] GUI_PERF tick_ms=0 logs_visible=False gui_log_mode=OFF append_skipped=944
[11:25:47.134] [ERROR] [EXEC] STREAM_OWNERSHIP_MISMATCH reason=qty_without_stream_chunks qty=0.000180
[11:25:47.885] [INFO] [EXEC] STREAM_EXIT_RETRY_STATUS stream_id=2 chunk_id=1548835960304 order_id=391890516 status=NEW
[11:25:47.886] [WARNING] [EXEC] STREAM_SELL_TIMEOUT stream_id=2 chunk_id=1548835960304 order_id=391890516 age_ms=3517 timeout_ms=2800
[11:25:48.153] [INFO] [EXEC] STREAM_SELL_CANCEL_OLD stream_id=2 chunk_id=1548835960304 order_id=391890516
[11:25:48.154] [INFO] GUI_PERF tick_ms=0 logs_visible=False gui_log_mode=OFF append_skipped=948
[11:25:48.155] [INFO] [EXEC] STREAM_STOP_LOSS_BLOCKED_RETRY_AVAILABLE retry_count=1 retry_max=2 stream_id=2 chunk_id=1548835960304 order_id=391890516
[11:25:48.156] [WARNING] [EXEC] STREAM_EXIT_RETRY_PLACED stream_id=2 chunk_id=1548835960304 order_id=pending qty=0.000180 price=79394.00 retry_count=2
[11:25:48.417] [INFO] [EXEC] STREAM_REPAIR_SKIP reason=stream_owned_inventory
[11:25:48.418] [ERROR] [EXEC] STREAM_OWNERSHIP_MISMATCH reason=qty_without_stream_chunks qty=0.000180
[11:25:48.418] [INFO] [EXEC] STREAM_GLOBAL_SMART_EXIT_BLOCKED reason=stream_owned_inventory qty=0.000180 trigger=exit_recovery_inventory_no_sell
[11:25:48.418] [ERROR] [EXEC] STREAM_OWNERSHIP_MISMATCH reason=qty_without_stream_chunks qty=0.000180
[11:25:48.419] [INFO] [EXEC] STREAM_GLOBAL_SMART_EXIT_BLOCKED reason=stream_owned_inventory qty=0.000180 trigger=place_sell
[11:25:49.126] [INFO] [EXEC] STREAM_EXIT_RETRY_STATUS stream_id=2 chunk_id=1548835960304 order_id=391890581 status=NEW
[11:25:49.127] [INFO] [EXEC] STREAM_OWNERSHIP_AUDIT stream_id=1 state=SELL_PLACED buy_order_id=0 sell_order_id=391889520 chunk_id=1548835984624 chunk_qty=0.000000 buy_live=false sell_live=true chunk_live=false
[11:25:49.128] [INFO] [EXEC] STREAM_OWNERSHIP_AUDIT stream_id=2 state=SELL_PLACED buy_order_id=0 sell_order_id=391890581 chunk_id=1548835960304 chunk_qty=0.000180 buy_live=false sell_live=true chunk_live=true
[11:25:49.128] [INFO] [EXEC] STREAM_OWNERSHIP_AUDIT stream_id=3 state=WAIT_BUY buy_order_id=0 sell_order_id=0 chunk_id=0 chunk_qty=0.000000 buy_live=false sell_live=false chunk_live=false
[11:25:49.128] [INFO] [EXEC] STREAM_OWNERSHIP_AUDIT stream_id=4 state=SELL_PLACED buy_order_id=0 sell_order_id=391889322 chunk_id=1548854839872 chunk_qty=0.000000 buy_live=false sell_live=true chunk_live=false
[11:25:49.129] [INFO] [EXEC] STREAM_OWNERSHIP_AUDIT stream_id=5 state=WAIT_BUY buy_order_id=0 sell_order_id=0 chunk_id=0 chunk_qty=0.000000 buy_live=false sell_live=false chunk_live=false
[11:25:49.130] [INFO] [EXEC] STREAM_OWNERSHIP_AUDIT stream_id=6 state=WAIT_BUY buy_order_id=0 sell_order_id=0 chunk_id=0 chunk_qty=0.000000 buy_live=false sell_live=false chunk_live=false
[11:25:49.131] [INFO] [EXEC] STREAM_OWNERSHIP_AUDIT stream_id=7 state=WAIT_BUY buy_order_id=0 sell_order_id=0 chunk_id=0 chunk_qty=0.000000 buy_live=false sell_live=false chunk_live=false
[11:25:49.132] [INFO] [EXEC] STREAM_OWNERSHIP_AUDIT stream_id=8 state=WAIT_BUY buy_order_id=0 sell_order_id=0 chunk_id=0 chunk_qty=0.000000 buy_live=false sell_live=false chunk_live=false
[11:25:49.132] [INFO] [EXEC] STREAM_OWNERSHIP_AUDIT stream_id=9 state=WAIT_BUY buy_order_id=0 sell_order_id=0 chunk_id=0 chunk_qty=0.000000 buy_live=false sell_live=false chunk_live=false
[11:25:49.133] [INFO] [EXEC] STREAM_OWNERSHIP_AUDIT stream_id=10 state=WAIT_BUY buy_order_id=0 sell_order_id=0 chunk_id=0 chunk_qty=0.000000 buy_live=false sell_live=false chunk_live=false
[11:25:49.134] [INFO] [EXEC] STREAM_OWNERSHIP_AUDIT stream_id=11 state=WAIT_BUY buy_order_id=0 sell_order_id=0 chunk_id=0 chunk_qty=0.000000 buy_live=false sell_live=false chunk_live=false
[11:25:49.134] [INFO] [EXEC] STREAM_OWNERSHIP_AUDIT stream_id=12 state=WAIT_BUY buy_order_id=0 sell_order_id=0 chunk_id=0 chunk_qty=0.000000 buy_live=false sell_live=false chunk_live=false
[11:25:49.135] [INFO] [EXEC] STREAM_OWNERSHIP_AUDIT stream_id=13 state=WAIT_BUY buy_order_id=0 sell_order_id=0 chunk_id=0 chunk_qty=0.000000 buy_live=false sell_live=false chunk_live=false
[11:25:49.135] [INFO] [EXEC] STREAM_OWNERSHIP_AUDIT stream_id=14 state=WAIT_BUY buy_order_id=0 sell_order_id=0 chunk_id=0 chunk_qty=0.000000 buy_live=false sell_live=false chunk_live=false
[11:25:49.135] [INFO] [EXEC] STREAM_OWNERSHIP_AUDIT stream_id=15 state=WAIT_BUY buy_order_id=0 sell_order_id=0 chunk_id=0 chunk_qty=0.000000 buy_live=false sell_live=false chunk_live=false
[11:25:49.136] [INFO] [EXEC] STREAM_OWNERSHIP_AUDIT stream_id=16 state=WAIT_BUY buy_order_id=0 sell_order_id=0 chunk_id=0 chunk_qty=0.000000 buy_live=false sell_live=false chunk_live=false
[11:25:49.137] [INFO] [EXEC] STREAM_OWNERSHIP_AUDIT stream_id=17 state=WAIT_BUY buy_order_id=0 sell_order_id=0 chunk_id=0 chunk_qty=0.000000 buy_live=false sell_live=false chunk_live=false
[11:25:49.137] [INFO] [EXEC] STREAM_OWNERSHIP_AUDIT stream_id=18 state=WAIT_BUY buy_order_id=0 sell_order_id=0 chunk_id=0 chunk_qty=0.000000 buy_live=false sell_live=false chunk_live=false
[11:25:49.138] [INFO] [EXEC] STREAM_OWNERSHIP_AUDIT stream_id=19 state=WAIT_BUY buy_order_id=0 sell_order_id=0 chunk_id=0 chunk_qty=0.000000 buy_live=false sell_live=false chunk_live=false
[11:25:49.138] [INFO] [EXEC] STREAM_OWNERSHIP_AUDIT stream_id=20 state=WAIT_BUY buy_order_id=0 sell_order_id=0 chunk_id=0 chunk_qty=0.000000 buy_live=false sell_live=false chunk_live=false
[11:25:49.138] [ERROR] [EXEC] STREAM_STATE_MISMATCH reason=stream_inventory_qty_mismatch inventory_qty=0.000180 stream_chunks=0
[11:25:49.138] [INFO] [EXEC] STREAM_OWNERSHIP_SUMMARY streams_total=20 wait_buy=17 buy_placed=0 sell_active=3 exiting=0 recycle=0 chunks_total=1 stream_chunks=0 orphan_chunks=1 inventory_qty=0.000180 stream_inventory_qty=0.000000 orphan_inventory_qty=0.000180
[11:25:49.139] [ERROR] [EXEC] STREAM_OWNERSHIP_MISMATCH reason=qty_without_stream_chunks qty=0.000180
[11:25:49.874] [INFO] [EXEC] STREAM_EXIT_RETRY_STATUS stream_id=2 chunk_id=1548835960304 order_id=391890581 status=NEW
[11:25:49.875] [INFO] GUI_PERF tick_ms=0 logs_visible=False gui_log_mode=OFF append_skipped=980
[11:25:49.877] [ERROR] [EXEC] STREAM_OWNERSHIP_MISMATCH reason=qty_without_stream_chunks qty=0.000180
[11:25:50.626] [INFO] [EXEC] STREAM_EXIT_RETRY_STATUS stream_id=2 chunk_id=1548835960304 order_id=391890581 status=NEW
[11:25:50.628] [ERROR] [EXEC] STREAM_OWNERSHIP_MISMATCH reason=qty_without_stream_chunks qty=0.000180
[11:25:50.629] [INFO] [EXEC] STREAM_STATS_UI cycles=4 wins=4 losses=0 pnl=+0.000106 winrate=100.00%
[11:25:51.403] [INFO] [EXEC] STREAM_EXIT_RETRY_STATUS stream_id=2 chunk_id=1548835960304 order_id=391890581 status=NEW
[11:25:51.404] [INFO] GUI_PERF tick_ms=0 logs_visible=False gui_log_mode=OFF append_skipped=985
[11:25:51.404] [WARNING] [EXEC] STREAM_SELL_TIMEOUT stream_id=2 chunk_id=1548835960304 order_id=391890581 age_ms=3527 timeout_ms=2800
[11:25:51.659] [INFO] [EXEC] STREAM_SELL_CANCEL_OLD stream_id=2 chunk_id=1548835960304 order_id=391890581
[11:25:51.660] [WARNING] [EXEC] STREAM_STOP_LOSS_EXIT stream_id=2 chunk_id=1548835960304 order_id=391890581 stop_price=79391.70 retry_count=2 retry_max=2
[11:25:51.660] [WARNING] [EXEC] STREAM_EXIT_ISOLATED stream_id=2 chunk_id=1548835960304 action=stop_loss_exit
[11:25:51.919] [WARNING] [EXEC] STREAM_EXIT_RETRY_PLACED stream_id=2 chunk_id=1548835960304 order_id=391890668 qty=0.000180 price=79391.70
[11:25:51.919] [INFO] [EXEC] STREAM_OWNERSHIP_AUDIT stream_id=1 state=SELL_PLACED buy_order_id=0 sell_order_id=391889520 chunk_id=1548835984624 chunk_qty=0.000000 buy_live=false sell_live=true chunk_live=false
[11:25:51.920] [INFO] [EXEC] STREAM_OWNERSHIP_AUDIT stream_id=2 state=EXITING buy_order_id=0 sell_order_id=391890668 chunk_id=1548835960304 chunk_qty=0.000180 buy_live=false sell_live=true chunk_live=true
[11:25:51.920] [INFO] [EXEC] STREAM_OWNERSHIP_AUDIT stream_id=3 state=WAIT_BUY buy_order_id=0 sell_order_id=0 chunk_id=0 chunk_qty=0.000000 buy_live=false sell_live=false chunk_live=false
[11:25:51.921] [INFO] [EXEC] STREAM_OWNERSHIP_AUDIT stream_id=4 state=SELL_PLACED buy_order_id=0 sell_order_id=391889322 chunk_id=1548854839872 chunk_qty=0.000000 buy_live=false sell_live=true chunk_live=false
[11:25:51.921] [INFO] [EXEC] STREAM_OWNERSHIP_AUDIT stream_id=5 state=WAIT_BUY buy_order_id=0 sell_order_id=0 chunk_id=0 chunk_qty=0.000000 buy_live=false sell_live=false chunk_live=false
[11:25:51.922] [INFO] [EXEC] STREAM_OWNERSHIP_AUDIT stream_id=6 state=WAIT_BUY buy_order_id=0 sell_order_id=0 chunk_id=0 chunk_qty=0.000000 buy_live=false sell_live=false chunk_live=false
[11:25:51.922] [INFO] [EXEC] STREAM_OWNERSHIP_AUDIT stream_id=7 state=WAIT_BUY buy_order_id=0 sell_order_id=0 chunk_id=0 chunk_qty=0.000000 buy_live=false sell_live=false chunk_live=false
[11:25:51.922] [INFO] [EXEC] STREAM_OWNERSHIP_AUDIT stream_id=8 state=WAIT_BUY buy_order_id=0 sell_order_id=0 chunk_id=0 chunk_qty=0.000000 buy_live=false sell_live=false chunk_live=false
[11:25:51.923] [INFO] [EXEC] STREAM_OWNERSHIP_AUDIT stream_id=9 state=WAIT_BUY buy_order_id=0 sell_order_id=0 chunk_id=0 chunk_qty=0.000000 buy_live=false sell_live=false chunk_live=false
[11:25:51.923] [INFO] [EXEC] STREAM_OWNERSHIP_AUDIT stream_id=10 state=WAIT_BUY buy_order_id=0 sell_order_id=0 chunk_id=0 chunk_qty=0.000000 buy_live=false sell_live=false chunk_live=false
[11:25:51.923] [INFO] [EXEC] STREAM_OWNERSHIP_AUDIT stream_id=11 state=WAIT_BUY buy_order_id=0 sell_order_id=0 chunk_id=0 chunk_qty=0.000000 buy_live=false sell_live=false chunk_live=false
[11:25:51.924] [INFO] [EXEC] STREAM_OWNERSHIP_AUDIT stream_id=12 state=WAIT_BUY buy_order_id=0 sell_order_id=0 chunk_id=0 chunk_qty=0.000000 buy_live=false sell_live=false chunk_live=false
[11:25:51.924] [INFO] [EXEC] STREAM_OWNERSHIP_AUDIT stream_id=13 state=WAIT_BUY buy_order_id=0 sell_order_id=0 chunk_id=0 chunk_qty=0.000000 buy_live=false sell_live=false chunk_live=false
[11:25:51.924] [INFO] [EXEC] STREAM_OWNERSHIP_AUDIT stream_id=14 state=WAIT_BUY buy_order_id=0 sell_order_id=0 chunk_id=0 chunk_qty=0.000000 buy_live=false sell_live=false chunk_live=false
[11:25:51.925] [INFO] [EXEC] STREAM_OWNERSHIP_AUDIT stream_id=15 state=WAIT_BUY buy_order_id=0 sell_order_id=0 chunk_id=0 chunk_qty=0.000000 buy_live=false sell_live=false chunk_live=false
[11:25:51.925] [INFO] [EXEC] STREAM_OWNERSHIP_AUDIT stream_id=16 state=WAIT_BUY buy_order_id=0 sell_order_id=0 chunk_id=0 chunk_qty=0.000000 buy_live=false sell_live=false chunk_live=false
[11:25:51.925] [INFO] [EXEC] STREAM_OWNERSHIP_AUDIT stream_id=17 state=WAIT_BUY buy_order_id=0 sell_order_id=0 chunk_id=0 chunk_qty=0.000000 buy_live=false sell_live=false chunk_live=false
[11:25:51.926] [INFO] [EXEC] STREAM_OWNERSHIP_AUDIT stream_id=18 state=WAIT_BUY buy_order_id=0 sell_order_id=0 chunk_id=0 chunk_qty=0.000000 buy_live=false sell_live=false chunk_live=false
[11:25:51.926] [INFO] [EXEC] STREAM_OWNERSHIP_AUDIT stream_id=19 state=WAIT_BUY buy_order_id=0 sell_order_id=0 chunk_id=0 chunk_qty=0.000000 buy_live=false sell_live=false chunk_live=false
[11:25:51.926] [INFO] [EXEC] STREAM_OWNERSHIP_AUDIT stream_id=20 state=WAIT_BUY buy_order_id=0 sell_order_id=0 chunk_id=0 chunk_qty=0.000000 buy_live=false sell_live=false chunk_live=false
[11:25:51.927] [ERROR] [EXEC] STREAM_STATE_MISMATCH reason=stream_inventory_qty_mismatch inventory_qty=0.000180 stream_chunks=0
[11:25:51.927] [INFO] [EXEC] STREAM_OWNERSHIP_SUMMARY streams_total=20 wait_buy=17 buy_placed=0 sell_active=2 exiting=1 recycle=0 chunks_total=1 stream_chunks=0 orphan_chunks=1 inventory_qty=0.000180 stream_inventory_qty=0.000000 orphan_inventory_qty=0.000180
[11:25:51.928] [INFO] [EXEC] STREAM_REPAIR_SKIP reason=stream_owned_inventory
[11:25:51.928] [ERROR] [EXEC] STREAM_OWNERSHIP_MISMATCH reason=qty_without_stream_chunks qty=0.000180
[11:25:51.928] [INFO] [EXEC] STREAM_GLOBAL_SMART_EXIT_BLOCKED reason=stream_owned_inventory qty=0.000180 trigger=exit_recovery_inventory_no_sell
[11:25:51.929] [ERROR] [EXEC] STREAM_OWNERSHIP_MISMATCH reason=qty_without_stream_chunks qty=0.000180
[11:25:51.929] [INFO] [EXEC] STREAM_GLOBAL_SMART_EXIT_BLOCKED reason=stream_owned_inventory qty=0.000180 trigger=place_sell
[11:25:52.917] [INFO] [EXEC] STREAM_EXIT_RETRY_STATUS stream_id=2 chunk_id=1548835960304 order_id=391890668 status=NEW
[11:25:52.917] [INFO] GUI_PERF tick_ms=0 logs_visible=False gui_log_mode=OFF append_skipped=1018
[11:25:52.917] [INFO] [EXEC] STREAM_OWNERSHIP_AUDIT stream_id=1 state=SELL_PLACED buy_order_id=0 sell_order_id=391889520 chunk_id=1548835984624 chunk_qty=0.000000 buy_live=false sell_live=true chunk_live=false
[11:25:52.918] [INFO] [EXEC] STREAM_OWNERSHIP_AUDIT stream_id=2 state=SELL_PLACED buy_order_id=0 sell_order_id=391890668 chunk_id=1548835960304 chunk_qty=0.000180 buy_live=false sell_live=true chunk_live=true
[11:25:52.918] [INFO] [EXEC] STREAM_OWNERSHIP_AUDIT stream_id=3 state=WAIT_BUY buy_order_id=0 sell_order_id=0 chunk_id=0 chunk_qty=0.000000 buy_live=false sell_live=false chunk_live=false
[11:25:52.918] [INFO] [EXEC] STREAM_OWNERSHIP_AUDIT stream_id=4 state=SELL_PLACED buy_order_id=0 sell_order_id=391889322 chunk_id=1548854839872 chunk_qty=0.000000 buy_live=false sell_live=true chunk_live=false
[11:25:52.919] [INFO] [EXEC] STREAM_OWNERSHIP_AUDIT stream_id=5 state=WAIT_BUY buy_order_id=0 sell_order_id=0 chunk_id=0 chunk_qty=0.000000 buy_live=false sell_live=false chunk_live=false
[11:25:52.919] [INFO] [EXEC] STREAM_OWNERSHIP_AUDIT stream_id=6 state=WAIT_BUY buy_order_id=0 sell_order_id=0 chunk_id=0 chunk_qty=0.000000 buy_live=false sell_live=false chunk_live=false
[11:25:52.919] [INFO] [EXEC] STREAM_OWNERSHIP_AUDIT stream_id=7 state=WAIT_BUY buy_order_id=0 sell_order_id=0 chunk_id=0 chunk_qty=0.000000 buy_live=false sell_live=false chunk_live=false
[11:25:52.920] [INFO] [EXEC] STREAM_OWNERSHIP_AUDIT stream_id=8 state=WAIT_BUY buy_order_id=0 sell_order_id=0 chunk_id=0 chunk_qty=0.000000 buy_live=false sell_live=false chunk_live=false
[11:25:52.920] [INFO] [EXEC] STREAM_OWNERSHIP_AUDIT stream_id=9 state=WAIT_BUY buy_order_id=0 sell_order_id=0 chunk_id=0 chunk_qty=0.000000 buy_live=false sell_live=false chunk_live=false
[11:25:52.920] [INFO] [EXEC] STREAM_OWNERSHIP_AUDIT stream_id=10 state=WAIT_BUY buy_order_id=0 sell_order_id=0 chunk_id=0 chunk_qty=0.000000 buy_live=false sell_live=false chunk_live=false
[11:25:52.921] [INFO] [EXEC] STREAM_OWNERSHIP_AUDIT stream_id=11 state=WAIT_BUY buy_order_id=0 sell_order_id=0 chunk_id=0 chunk_qty=0.000000 buy_live=false sell_live=false chunk_live=false
[11:25:52.921] [INFO] [EXEC] STREAM_OWNERSHIP_AUDIT stream_id=12 state=WAIT_BUY buy_order_id=0 sell_order_id=0 chunk_id=0 chunk_qty=0.000000 buy_live=false sell_live=false chunk_live=false
[11:25:52.921] [INFO] [EXEC] STREAM_OWNERSHIP_AUDIT stream_id=13 state=WAIT_BUY buy_order_id=0 sell_order_id=0 chunk_id=0 chunk_qty=0.000000 buy_live=false sell_live=false chunk_live=false
[11:25:52.922] [INFO] [EXEC] STREAM_OWNERSHIP_AUDIT stream_id=14 state=WAIT_BUY buy_order_id=0 sell_order_id=0 chunk_id=0 chunk_qty=0.000000 buy_live=false sell_live=false chunk_live=false
[11:25:52.922] [INFO] [EXEC] STREAM_OWNERSHIP_AUDIT stream_id=15 state=WAIT_BUY buy_order_id=0 sell_order_id=0 chunk_id=0 chunk_qty=0.000000 buy_live=false sell_live=false chunk_live=false
[11:25:52.923] [INFO] [EXEC] STREAM_OWNERSHIP_AUDIT stream_id=16 state=WAIT_BUY buy_order_id=0 sell_order_id=0 chunk_id=0 chunk_qty=0.000000 buy_live=false sell_live=false chunk_live=false
[11:25:52.923] [INFO] [EXEC] STREAM_OWNERSHIP_AUDIT stream_id=17 state=WAIT_BUY buy_order_id=0 sell_order_id=0 chunk_id=0 chunk_qty=0.000000 buy_live=false sell_live=false chunk_live=false
[11:25:52.923] [INFO] [EXEC] STREAM_OWNERSHIP_AUDIT stream_id=18 state=WAIT_BUY buy_order_id=0 sell_order_id=0 chunk_id=0 chunk_qty=0.000000 buy_live=false sell_live=false chunk_live=false
[11:25:52.924] [INFO] [EXEC] STREAM_OWNERSHIP_AUDIT stream_id=19 state=WAIT_BUY buy_order_id=0 sell_order_id=0 chunk_id=0 chunk_qty=0.000000 buy_live=false sell_live=false chunk_live=false
[11:25:52.924] [INFO] [EXEC] STREAM_OWNERSHIP_AUDIT stream_id=20 state=WAIT_BUY buy_order_id=0 sell_order_id=0 chunk_id=0 chunk_qty=0.000000 buy_live=false sell_live=false chunk_live=false
[11:25:52.924] [ERROR] [EXEC] STREAM_STATE_MISMATCH reason=stream_inventory_qty_mismatch inventory_qty=0.000180 stream_chunks=0
[11:25:52.925] [INFO] [EXEC] STREAM_OWNERSHIP_SUMMARY streams_total=20 wait_buy=17 buy_placed=0 sell_active=3 exiting=0 recycle=0 chunks_total=1 stream_chunks=0 orphan_chunks=1 inventory_qty=0.000180 stream_inventory_qty=0.000000 orphan_inventory_qty=0.000180
[11:25:52.925] [ERROR] [EXEC] STREAM_OWNERSHIP_MISMATCH reason=qty_without_stream_chunks qty=0.000180
[11:25:53.664] [INFO] [EXEC] STREAM_EXIT_RETRY_STATUS stream_id=2 chunk_id=1548835960304 order_id=391890668 status=NEW
[11:25:53.665] [ERROR] [EXEC] STREAM_OWNERSHIP_MISMATCH reason=qty_without_stream_chunks qty=0.000180
[11:25:54.425] [INFO] [EXEC] STREAM_EXIT_RETRY_STATUS stream_id=2 chunk_id=1548835960304 order_id=391890668 status=NEW
[11:25:54.425] [INFO] GUI_PERF tick_ms=0 logs_visible=False gui_log_mode=OFF append_skipped=1044
[11:25:54.425] [WARNING] [EXEC] STREAM_SELL_TIMEOUT stream_id=2 chunk_id=1548835960304 order_id=391890668 age_ms=3020 timeout_ms=2800
[11:25:54.684] [INFO] [EXEC] STREAM_SELL_CANCEL_OLD stream_id=2 chunk_id=1548835960304 order_id=391890668
[11:25:54.685] [ERROR] [EXEC] STREAM_EXIT_STUCK stream_id=2 chunk_id=1548835960304 order_id=391890668
[11:25:54.686] [WARNING] [EXEC] STREAM_EXIT_ISOLATED stream_id=2 chunk_id=1548835960304 action=force_sell_reprice
[11:25:54.687] [INFO] [EXEC] STREAM_OWNERSHIP_AUDIT stream_id=1 state=SELL_PLACED buy_order_id=0 sell_order_id=391889520 chunk_id=1548835984624 chunk_qty=0.000000 buy_live=false sell_live=true chunk_live=false
[11:25:54.688] [INFO] [EXEC] STREAM_OWNERSHIP_AUDIT stream_id=2 state=SELL_PLACED buy_order_id=0 sell_order_id=391890668 chunk_id=1548835960304 chunk_qty=0.000180 buy_live=false sell_live=true chunk_live=true
[11:25:54.688] [INFO] [EXEC] STREAM_OWNERSHIP_AUDIT stream_id=3 state=WAIT_BUY buy_order_id=0 sell_order_id=0 chunk_id=0 chunk_qty=0.000000 buy_live=false sell_live=false chunk_live=false
[11:25:54.689] [INFO] [EXEC] STREAM_OWNERSHIP_AUDIT stream_id=4 state=SELL_PLACED buy_order_id=0 sell_order_id=391889322 chunk_id=1548854839872 chunk_qty=0.000000 buy_live=false sell_live=true chunk_live=false
[11:25:54.690] [INFO] [EXEC] STREAM_OWNERSHIP_AUDIT stream_id=5 state=WAIT_BUY buy_order_id=0 sell_order_id=0 chunk_id=0 chunk_qty=0.000000 buy_live=false sell_live=false chunk_live=false
[11:25:54.691] [INFO] [EXEC] STREAM_OWNERSHIP_AUDIT stream_id=6 state=WAIT_BUY buy_order_id=0 sell_order_id=0 chunk_id=0 chunk_qty=0.000000 buy_live=false sell_live=false chunk_live=false
[11:25:54.691] [INFO] [EXEC] STREAM_OWNERSHIP_AUDIT stream_id=7 state=WAIT_BUY buy_order_id=0 sell_order_id=0 chunk_id=0 chunk_qty=0.000000 buy_live=false sell_live=false chunk_live=false
[11:25:54.692] [INFO] [EXEC] STREAM_OWNERSHIP_AUDIT stream_id=8 state=WAIT_BUY buy_order_id=0 sell_order_id=0 chunk_id=0 chunk_qty=0.000000 buy_live=false sell_live=false chunk_live=false
[11:25:54.693] [INFO] [EXEC] STREAM_OWNERSHIP_AUDIT stream_id=9 state=WAIT_BUY buy_order_id=0 sell_order_id=0 chunk_id=0 chunk_qty=0.000000 buy_live=false sell_live=false chunk_live=false
[11:25:54.693] [INFO] [EXEC] STREAM_OWNERSHIP_AUDIT stream_id=10 state=WAIT_BUY buy_order_id=0 sell_order_id=0 chunk_id=0 chunk_qty=0.000000 buy_live=false sell_live=false chunk_live=false
[11:25:54.694] [INFO] [EXEC] STREAM_OWNERSHIP_AUDIT stream_id=11 state=WAIT_BUY buy_order_id=0 sell_order_id=0 chunk_id=0 chunk_qty=0.000000 buy_live=false sell_live=false chunk_live=false
[11:25:54.695] [INFO] [EXEC] STREAM_OWNERSHIP_AUDIT stream_id=12 state=WAIT_BUY buy_order_id=0 sell_order_id=0 chunk_id=0 chunk_qty=0.000000 buy_live=false sell_live=false chunk_live=false
[11:25:54.695] [INFO] [EXEC] STREAM_OWNERSHIP_AUDIT stream_id=13 state=WAIT_BUY buy_order_id=0 sell_order_id=0 chunk_id=0 chunk_qty=0.000000 buy_live=false sell_live=false chunk_live=false
[11:25:54.696] [INFO] [EXEC] STREAM_OWNERSHIP_AUDIT stream_id=14 state=WAIT_BUY buy_order_id=0 sell_order_id=0 chunk_id=0 chunk_qty=0.000000 buy_live=false sell_live=false chunk_live=false
[11:25:54.696] [INFO] [EXEC] STREAM_OWNERSHIP_AUDIT stream_id=15 state=WAIT_BUY buy_order_id=0 sell_order_id=0 chunk_id=0 chunk_qty=0.000000 buy_live=false sell_live=false chunk_live=false
[11:25:54.696] [INFO] [EXEC] STREAM_OWNERSHIP_AUDIT stream_id=16 state=WAIT_BUY buy_order_id=0 sell_order_id=0 chunk_id=0 chunk_qty=0.000000 buy_live=false sell_live=false chunk_live=false
[11:25:54.697] [INFO] [EXEC] STREAM_OWNERSHIP_AUDIT stream_id=17 state=WAIT_BUY buy_order_id=0 sell_order_id=0 chunk_id=0 chunk_qty=0.000000 buy_live=false sell_live=false chunk_live=false
[11:25:54.697] [INFO] [EXEC] STREAM_OWNERSHIP_AUDIT stream_id=18 state=WAIT_BUY buy_order_id=0 sell_order_id=0 chunk_id=0 chunk_qty=0.000000 buy_live=false sell_live=false chunk_live=false
[11:25:54.697] [INFO] [EXEC] STREAM_OWNERSHIP_AUDIT stream_id=19 state=WAIT_BUY buy_order_id=0 sell_order_id=0 chunk_id=0 chunk_qty=0.000000 buy_live=false sell_live=false chunk_live=false
[11:25:54.698] [INFO] [EXEC] STREAM_OWNERSHIP_AUDIT stream_id=20 state=WAIT_BUY buy_order_id=0 sell_order_id=0 chunk_id=0 chunk_qty=0.000000 buy_live=false sell_live=false chunk_live=false
[11:25:54.698] [ERROR] [EXEC] STREAM_STATE_MISMATCH reason=stream_inventory_qty_mismatch inventory_qty=0.000180 stream_chunks=0
[11:25:54.698] [INFO] [EXEC] STREAM_OWNERSHIP_SUMMARY streams_total=20 wait_buy=17 buy_placed=0 sell_active=3 exiting=0 recycle=0 chunks_total=1 stream_chunks=0 orphan_chunks=1 inventory_qty=0.000180 stream_inventory_qty=0.000000 orphan_inventory_qty=0.000180
[11:25:54.699] [ERROR] [EXEC] STREAM_OWNERSHIP_MISMATCH reason=qty_without_stream_chunks qty=0.000180
[11:25:54.700] [INFO] [EXEC] EXIT RECOVERY inventory_no_sell qty=0.000180
[11:25:54.700] [ERROR] [EXEC] STREAM_OWNERSHIP_MISMATCH reason=qty_without_stream_chunks qty=0.000180
[11:25:55.246] [INFO] [EXEC] SELL CHECK inventory=0.000180 reported=0.000000 remaining=0.000180 chunks=1
[11:25:55.247] [INFO] [EXEC] PLACE_SELL_SOURCE source=plan price=79393.92
[11:25:55.248] [OK] [EXEC] PLACE SELL price=79393.92 qty=0.000180
[11:25:55.512] [WARNING] [EXEC] SELL_HOLD_RECOVERY_START orderId=391890857 entry=79393.90 floor=79393.92 ask=79372.89
[11:25:55.513] [INFO] GUI_PERF tick_ms=0 logs_visible=False gui_log_mode=OFF append_skipped=1077
[11:25:55.513] [OK] [EXEC] SELL ORDER SENT orderId=391890857
[11:25:56.188] [INFO] [EXEC] STREAM_OWNERSHIP_AUDIT stream_id=1 state=SELL_PLACED buy_order_id=0 sell_order_id=391889520 chunk_id=1548835984624 chunk_qty=0.000000 buy_live=false sell_live=true chunk_live=false
[11:25:56.188] [INFO] [EXEC] STREAM_OWNERSHIP_AUDIT stream_id=2 state=SELL_PLACED buy_order_id=0 sell_order_id=391890668 chunk_id=1548835960304 chunk_qty=0.000180 buy_live=false sell_live=true chunk_live=true
[11:25:56.189] [INFO] [EXEC] STREAM_OWNERSHIP_AUDIT stream_id=3 state=WAIT_BUY buy_order_id=0 sell_order_id=0 chunk_id=0 chunk_qty=0.000000 buy_live=false sell_live=false chunk_live=false
[11:25:56.189] [INFO] [EXEC] STREAM_OWNERSHIP_AUDIT stream_id=4 state=SELL_PLACED buy_order_id=0 sell_order_id=391889322 chunk_id=1548854839872 chunk_qty=0.000000 buy_live=false sell_live=true chunk_live=false
[11:25:56.190] [INFO] [EXEC] STREAM_OWNERSHIP_AUDIT stream_id=5 state=WAIT_BUY buy_order_id=0 sell_order_id=0 chunk_id=0 chunk_qty=0.000000 buy_live=false sell_live=false chunk_live=false
[11:25:56.190] [INFO] [EXEC] STREAM_OWNERSHIP_AUDIT stream_id=6 state=WAIT_BUY buy_order_id=0 sell_order_id=0 chunk_id=0 chunk_qty=0.000000 buy_live=false sell_live=false chunk_live=false
[11:25:56.190] [INFO] [EXEC] STREAM_OWNERSHIP_AUDIT stream_id=7 state=WAIT_BUY buy_order_id=0 sell_order_id=0 chunk_id=0 chunk_qty=0.000000 buy_live=false sell_live=false chunk_live=false
[11:25:56.191] [INFO] [EXEC] STREAM_OWNERSHIP_AUDIT stream_id=8 state=WAIT_BUY buy_order_id=0 sell_order_id=0 chunk_id=0 chunk_qty=0.000000 buy_live=false sell_live=false chunk_live=false
[11:25:56.191] [INFO] [EXEC] STREAM_OWNERSHIP_AUDIT stream_id=9 state=WAIT_BUY buy_order_id=0 sell_order_id=0 chunk_id=0 chunk_qty=0.000000 buy_live=false sell_live=false chunk_live=false
[11:25:56.191] [INFO] [EXEC] STREAM_OWNERSHIP_AUDIT stream_id=10 state=WAIT_BUY buy_order_id=0 sell_order_id=0 chunk_id=0 chunk_qty=0.000000 buy_live=false sell_live=false chunk_live=false
[11:25:56.192] [INFO] [EXEC] STREAM_OWNERSHIP_AUDIT stream_id=11 state=WAIT_BUY buy_order_id=0 sell_order_id=0 chunk_id=0 chunk_qty=0.000000 buy_live=false sell_live=false chunk_live=false
[11:25:56.192] [INFO] [EXEC] STREAM_OWNERSHIP_AUDIT stream_id=12 state=WAIT_BUY buy_order_id=0 sell_order_id=0 chunk_id=0 chunk_qty=0.000000 buy_live=false sell_live=false chunk_live=false
[11:25:56.192] [INFO] [EXEC] STREAM_OWNERSHIP_AUDIT stream_id=13 state=WAIT_BUY buy_order_id=0 sell_order_id=0 chunk_id=0 chunk_qty=0.000000 buy_live=false sell_live=false chunk_live=false
[11:25:56.193] [INFO] [EXEC] STREAM_OWNERSHIP_AUDIT stream_id=14 state=WAIT_BUY buy_order_id=0 sell_order_id=0 chunk_id=0 chunk_qty=0.000000 buy_live=false sell_live=false chunk_live=false
[11:25:56.193] [INFO] [EXEC] STREAM_OWNERSHIP_AUDIT stream_id=15 state=WAIT_BUY buy_order_id=0 sell_order_id=0 chunk_id=0 chunk_qty=0.000000 buy_live=false sell_live=false chunk_live=false
[11:25:56.193] [INFO] [EXEC] STREAM_OWNERSHIP_AUDIT stream_id=16 state=WAIT_BUY buy_order_id=0 sell_order_id=0 chunk_id=0 chunk_qty=0.000000 buy_live=false sell_live=false chunk_live=false
[11:25:56.194] [INFO] [EXEC] STREAM_OWNERSHIP_AUDIT stream_id=17 state=WAIT_BUY buy_order_id=0 sell_order_id=0 chunk_id=0 chunk_qty=0.000000 buy_live=false sell_live=false chunk_live=false
[11:25:56.194] [INFO] [EXEC] STREAM_OWNERSHIP_AUDIT stream_id=18 state=WAIT_BUY buy_order_id=0 sell_order_id=0 chunk_id=0 chunk_qty=0.000000 buy_live=false sell_live=false chunk_live=false
[11:25:56.194] [INFO] [EXEC] STREAM_OWNERSHIP_AUDIT stream_id=19 state=WAIT_BUY buy_order_id=0 sell_order_id=0 chunk_id=0 chunk_qty=0.000000 buy_live=false sell_live=false chunk_live=false
[11:25:56.194] [INFO] [EXEC] STREAM_OWNERSHIP_AUDIT stream_id=20 state=WAIT_BUY buy_order_id=0 sell_order_id=0 chunk_id=0 chunk_qty=0.000000 buy_live=false sell_live=false chunk_live=false
[11:25:56.195] [ERROR] [EXEC] STREAM_STATE_MISMATCH reason=stream_inventory_qty_mismatch inventory_qty=0.000180 stream_chunks=0
[11:25:56.195] [INFO] [EXEC] STREAM_OWNERSHIP_SUMMARY streams_total=20 wait_buy=17 buy_placed=0 sell_active=3 exiting=0 recycle=0 chunks_total=1 stream_chunks=0 orphan_chunks=1 inventory_qty=0.000180 stream_inventory_qty=0.000000 orphan_inventory_qty=0.000180
[11:25:56.462] [INFO] [EXEC] STREAM_STATS_UI cycles=4 wins=4 losses=0 pnl=+0.000106 winrate=100.00%
[11:25:57.448] [INFO] [EXEC] SELL_WATCHDOG_SYNC orderId=391890857 status=NEW
[11:25:57.449] [INFO] GUI_PERF tick_ms=0 logs_visible=False gui_log_mode=OFF append_skipped=1102
[11:25:57.449] [INFO] [EXEC] SELL_WATCHDOG_FAR_IGNORE orderId=391890857 reason=protected_sell dist_ticks=1592
[11:25:58.433] [INFO] [EXEC] STREAM_OWNERSHIP_AUDIT stream_id=1 state=SELL_PLACED buy_order_id=0 sell_order_id=391889520 chunk_id=1548835984624 chunk_qty=0.000000 buy_live=false sell_live=true chunk_live=false
[11:25:58.434] [INFO] [EXEC] STREAM_OWNERSHIP_AUDIT stream_id=2 state=SELL_PLACED buy_order_id=0 sell_order_id=391890668 chunk_id=1548835960304 chunk_qty=0.000180 buy_live=false sell_live=true chunk_live=true
[11:25:58.434] [INFO] [EXEC] STREAM_OWNERSHIP_AUDIT stream_id=3 state=WAIT_BUY buy_order_id=0 sell_order_id=0 chunk_id=0 chunk_qty=0.000000 buy_live=false sell_live=false chunk_live=false
[11:25:58.435] [INFO] [EXEC] STREAM_OWNERSHIP_AUDIT stream_id=4 state=SELL_PLACED buy_order_id=0 sell_order_id=391889322 chunk_id=1548854839872 chunk_qty=0.000000 buy_live=false sell_live=true chunk_live=false
[11:25:58.435] [INFO] [EXEC] STREAM_OWNERSHIP_AUDIT stream_id=5 state=WAIT_BUY buy_order_id=0 sell_order_id=0 chunk_id=0 chunk_qty=0.000000 buy_live=false sell_live=false chunk_live=false
[11:25:58.435] [INFO] [EXEC] STREAM_OWNERSHIP_AUDIT stream_id=6 state=WAIT_BUY buy_order_id=0 sell_order_id=0 chunk_id=0 chunk_qty=0.000000 buy_live=false sell_live=false chunk_live=false
[11:25:58.436] [INFO] [EXEC] STREAM_OWNERSHIP_AUDIT stream_id=7 state=WAIT_BUY buy_order_id=0 sell_order_id=0 chunk_id=0 chunk_qty=0.000000 buy_live=false sell_live=false chunk_live=false
[11:25:58.436] [INFO] [EXEC] STREAM_OWNERSHIP_AUDIT stream_id=8 state=WAIT_BUY buy_order_id=0 sell_order_id=0 chunk_id=0 chunk_qty=0.000000 buy_live=false sell_live=false chunk_live=false
[11:25:58.436] [INFO] [EXEC] STREAM_OWNERSHIP_AUDIT stream_id=9 state=WAIT_BUY buy_order_id=0 sell_order_id=0 chunk_id=0 chunk_qty=0.000000 buy_live=false sell_live=false chunk_live=false
[11:25:58.436] [INFO] [EXEC] STREAM_OWNERSHIP_AUDIT stream_id=10 state=WAIT_BUY buy_order_id=0 sell_order_id=0 chunk_id=0 chunk_qty=0.000000 buy_live=false sell_live=false chunk_live=false
[11:25:58.437] [INFO] [EXEC] STREAM_OWNERSHIP_AUDIT stream_id=11 state=WAIT_BUY buy_order_id=0 sell_order_id=0 chunk_id=0 chunk_qty=0.000000 buy_live=false sell_live=false chunk_live=false
[11:25:58.437] [INFO] [EXEC] STREAM_OWNERSHIP_AUDIT stream_id=12 state=WAIT_BUY buy_order_id=0 sell_order_id=0 chunk_id=0 chunk_qty=0.000000 buy_live=false sell_live=false chunk_live=false
[11:25:58.437] [INFO] [EXEC] STREAM_OWNERSHIP_AUDIT stream_id=13 state=WAIT_BUY buy_order_id=0 sell_order_id=0 chunk_id=0 chunk_qty=0.000000 buy_live=false sell_live=false chunk_live=false
[11:25:58.437] [INFO] [EXEC] STREAM_OWNERSHIP_AUDIT stream_id=14 state=WAIT_BUY buy_order_id=0 sell_order_id=0 chunk_id=0 chunk_qty=0.000000 buy_live=false sell_live=false chunk_live=false
[11:25:58.438] [INFO] [EXEC] STREAM_OWNERSHIP_AUDIT stream_id=15 state=WAIT_BUY buy_order_id=0 sell_order_id=0 chunk_id=0 chunk_qty=0.000000 buy_live=false sell_live=false chunk_live=false
[11:25:58.438] [INFO] [EXEC] STREAM_OWNERSHIP_AUDIT stream_id=16 state=WAIT_BUY buy_order_id=0 sell_order_id=0 chunk_id=0 chunk_qty=0.000000 buy_live=false sell_live=false chunk_live=false
[11:25:58.438] [INFO] [EXEC] STREAM_OWNERSHIP_AUDIT stream_id=17 state=WAIT_BUY buy_order_id=0 sell_order_id=0 chunk_id=0 chunk_qty=0.000000 buy_live=false sell_live=false chunk_live=false
[11:25:58.438] [INFO] [EXEC] STREAM_OWNERSHIP_AUDIT stream_id=18 state=WAIT_BUY buy_order_id=0 sell_order_id=0 chunk_id=0 chunk_qty=0.000000 buy_live=false sell_live=false chunk_live=false
[11:25:58.439] [INFO] [EXEC] STREAM_OWNERSHIP_AUDIT stream_id=19 state=WAIT_BUY buy_order_id=0 sell_order_id=0 chunk_id=0 chunk_qty=0.000000 buy_live=false sell_live=false chunk_live=false
[11:25:58.439] [INFO] [EXEC] STREAM_OWNERSHIP_AUDIT stream_id=20 state=WAIT_BUY buy_order_id=0 sell_order_id=0 chunk_id=0 chunk_qty=0.000000 buy_live=false sell_live=false chunk_live=false
[11:25:58.439] [ERROR] [EXEC] STREAM_STATE_MISMATCH reason=stream_inventory_qty_mismatch inventory_qty=0.000180 stream_chunks=0
[11:25:58.439] [INFO] [EXEC] STREAM_OWNERSHIP_SUMMARY streams_total=20 wait_buy=17 buy_placed=0 sell_active=3 exiting=0 recycle=0 chunks_total=1 stream_chunks=0 orphan_chunks=1 inventory_qty=0.000180 stream_inventory_qty=0.000000 orphan_inventory_qty=0.000180
[11:25:58.707] [INFO] [EXEC] SELL_WATCHDOG_SYNC orderId=391890857 status=NEW
[11:25:58.709] [INFO] GUI_PERF tick_ms=0 logs_visible=False gui_log_mode=OFF append_skipped=1126
[11:26:00.489] [INFO] [EXEC] STREAM_OWNERSHIP_AUDIT stream_id=1 state=SELL_PLACED buy_order_id=0 sell_order_id=391889520 chunk_id=1548835984624 chunk_qty=0.000000 buy_live=false sell_live=true chunk_live=false
[11:26:00.489] [INFO] GUI_PERF tick_ms=0 logs_visible=False gui_log_mode=OFF append_skipped=1127
[11:26:00.489] [INFO] [EXEC] STREAM_OWNERSHIP_AUDIT stream_id=2 state=SELL_PLACED buy_order_id=0 sell_order_id=391890668 chunk_id=1548835960304 chunk_qty=0.000180 buy_live=false sell_live=true chunk_live=true
[11:26:00.490] [INFO] [EXEC] STREAM_OWNERSHIP_AUDIT stream_id=3 state=WAIT_BUY buy_order_id=0 sell_order_id=0 chunk_id=0 chunk_qty=0.000000 buy_live=false sell_live=false chunk_live=false
[11:26:00.491] [INFO] [EXEC] STREAM_OWNERSHIP_AUDIT stream_id=4 state=SELL_PLACED buy_order_id=0 sell_order_id=391889322 chunk_id=1548854839872 chunk_qty=0.000000 buy_live=false sell_live=true chunk_live=false
[11:26:00.491] [INFO] [EXEC] STREAM_OWNERSHIP_AUDIT stream_id=5 state=WAIT_BUY buy_order_id=0 sell_order_id=0 chunk_id=0 chunk_qty=0.000000 buy_live=false sell_live=false chunk_live=false
[11:26:00.491] [INFO] [EXEC] STREAM_OWNERSHIP_AUDIT stream_id=6 state=WAIT_BUY buy_order_id=0 sell_order_id=0 chunk_id=0 chunk_qty=0.000000 buy_live=false sell_live=false chunk_live=false
[11:26:00.492] [INFO] [EXEC] STREAM_OWNERSHIP_AUDIT stream_id=7 state=WAIT_BUY buy_order_id=0 sell_order_id=0 chunk_id=0 chunk_qty=0.000000 buy_live=false sell_live=false chunk_live=false
[11:26:00.492] [INFO] [EXEC] STREAM_OWNERSHIP_AUDIT stream_id=8 state=WAIT_BUY buy_order_id=0 sell_order_id=0 chunk_id=0 chunk_qty=0.000000 buy_live=false sell_live=false chunk_live=false
[11:26:00.492] [INFO] [EXEC] STREAM_OWNERSHIP_AUDIT stream_id=9 state=WAIT_BUY buy_order_id=0 sell_order_id=0 chunk_id=0 chunk_qty=0.000000 buy_live=false sell_live=false chunk_live=false
[11:26:00.493] [INFO] [EXEC] STREAM_OWNERSHIP_AUDIT stream_id=10 state=WAIT_BUY buy_order_id=0 sell_order_id=0 chunk_id=0 chunk_qty=0.000000 buy_live=false sell_live=false chunk_live=false
[11:26:00.493] [INFO] [EXEC] STREAM_OWNERSHIP_AUDIT stream_id=11 state=WAIT_BUY buy_order_id=0 sell_order_id=0 chunk_id=0 chunk_qty=0.000000 buy_live=false sell_live=false chunk_live=false
[11:26:00.493] [INFO] [EXEC] STREAM_OWNERSHIP_AUDIT stream_id=12 state=WAIT_BUY buy_order_id=0 sell_order_id=0 chunk_id=0 chunk_qty=0.000000 buy_live=false sell_live=false chunk_live=false
[11:26:00.493] [INFO] [EXEC] STREAM_OWNERSHIP_AUDIT stream_id=13 state=WAIT_BUY buy_order_id=0 sell_order_id=0 chunk_id=0 chunk_qty=0.000000 buy_live=false sell_live=false chunk_live=false
[11:26:00.494] [INFO] [EXEC] STREAM_OWNERSHIP_AUDIT stream_id=14 state=WAIT_BUY buy_order_id=0 sell_order_id=0 chunk_id=0 chunk_qty=0.000000 buy_live=false sell_live=false chunk_live=false
[11:26:00.494] [INFO] [EXEC] STREAM_OWNERSHIP_AUDIT stream_id=15 state=WAIT_BUY buy_order_id=0 sell_order_id=0 chunk_id=0 chunk_qty=0.000000 buy_live=false sell_live=false chunk_live=false
[11:26:00.494] [INFO] [EXEC] STREAM_OWNERSHIP_AUDIT stream_id=16 state=WAIT_BUY buy_order_id=0 sell_order_id=0 chunk_id=0 chunk_qty=0.000000 buy_live=false sell_live=false chunk_live=false
[11:26:00.494] [INFO] [EXEC] STREAM_OWNERSHIP_AUDIT stream_id=17 state=WAIT_BUY buy_order_id=0 sell_order_id=0 chunk_id=0 chunk_qty=0.000000 buy_live=false sell_live=false chunk_live=false
[11:26:00.494] [INFO] [EXEC] STREAM_OWNERSHIP_AUDIT stream_id=18 state=WAIT_BUY buy_order_id=0 sell_order_id=0 chunk_id=0 chunk_qty=0.000000 buy_live=false sell_live=false chunk_live=false
[11:26:00.494] [INFO] [EXEC] STREAM_OWNERSHIP_AUDIT stream_id=19 state=WAIT_BUY buy_order_id=0 sell_order_id=0 chunk_id=0 chunk_qty=0.000000 buy_live=false sell_live=false chunk_live=false
[11:26:00.494] [INFO] [EXEC] STREAM_OWNERSHIP_AUDIT stream_id=20 state=WAIT_BUY buy_order_id=0 sell_order_id=0 chunk_id=0 chunk_qty=0.000000 buy_live=false sell_live=false chunk_live=false
[11:26:00.494] [ERROR] [EXEC] STREAM_STATE_MISMATCH reason=stream_inventory_qty_mismatch inventory_qty=0.000180 stream_chunks=0
[11:26:00.494] [INFO] [EXEC] STREAM_OWNERSHIP_SUMMARY streams_total=20 wait_buy=17 buy_placed=0 sell_active=3 exiting=0 recycle=0 chunks_total=1 stream_chunks=0 orphan_chunks=1 inventory_qty=0.000180 stream_inventory_qty=0.000000 orphan_inventory_qty=0.000180
[11:26:00.755] [INFO] [EXEC] SELL_WATCHDOG_SYNC orderId=391890857 status=NEW
[11:26:01.743] [INFO] [EXEC] HOLD_PROTECTED_SKIP_EXIT_ESCALATION reason=force_flat_after_ms orderId=391890857 hold_age=5972 soft=5000 hard=12000
[11:26:01.744] [INFO] GUI_PERF tick_ms=0 logs_visible=False gui_log_mode=OFF append_skipped=1150
[11:26:01.746] [INFO] [EXEC] STREAM_STATS_UI cycles=4 wins=4 losses=0 pnl=+0.000106 winrate=100.00%
[11:26:02.487] [INFO] [EXEC] STREAM_OWNERSHIP_AUDIT stream_id=1 state=SELL_PLACED buy_order_id=0 sell_order_id=391889520 chunk_id=1548835984624 chunk_qty=0.000000 buy_live=false sell_live=true chunk_live=false
[11:26:02.488] [INFO] [EXEC] STREAM_OWNERSHIP_AUDIT stream_id=2 state=SELL_PLACED buy_order_id=0 sell_order_id=391890668 chunk_id=1548835960304 chunk_qty=0.000180 buy_live=false sell_live=true chunk_live=true
[11:26:02.488] [INFO] [EXEC] STREAM_OWNERSHIP_AUDIT stream_id=3 state=WAIT_BUY buy_order_id=0 sell_order_id=0 chunk_id=0 chunk_qty=0.000000 buy_live=false sell_live=false chunk_live=false
[11:26:02.488] [INFO] [EXEC] STREAM_OWNERSHIP_AUDIT stream_id=4 state=SELL_PLACED buy_order_id=0 sell_order_id=391889322 chunk_id=1548854839872 chunk_qty=0.000000 buy_live=false sell_live=true chunk_live=false
[11:26:02.489] [INFO] [EXEC] STREAM_OWNERSHIP_AUDIT stream_id=5 state=WAIT_BUY buy_order_id=0 sell_order_id=0 chunk_id=0 chunk_qty=0.000000 buy_live=false sell_live=false chunk_live=false
[11:26:02.489] [INFO] [EXEC] STREAM_OWNERSHIP_AUDIT stream_id=6 state=WAIT_BUY buy_order_id=0 sell_order_id=0 chunk_id=0 chunk_qty=0.000000 buy_live=false sell_live=false chunk_live=false
[11:26:02.489] [INFO] [EXEC] STREAM_OWNERSHIP_AUDIT stream_id=7 state=WAIT_BUY buy_order_id=0 sell_order_id=0 chunk_id=0 chunk_qty=0.000000 buy_live=false sell_live=false chunk_live=false
[11:26:02.489] [INFO] [EXEC] STREAM_OWNERSHIP_AUDIT stream_id=8 state=WAIT_BUY buy_order_id=0 sell_order_id=0 chunk_id=0 chunk_qty=0.000000 buy_live=false sell_live=false chunk_live=false
[11:26:02.489] [INFO] [EXEC] STREAM_OWNERSHIP_AUDIT stream_id=9 state=WAIT_BUY buy_order_id=0 sell_order_id=0 chunk_id=0 chunk_qty=0.000000 buy_live=false sell_live=false chunk_live=false
[11:26:02.490] [INFO] [EXEC] STREAM_OWNERSHIP_AUDIT stream_id=10 state=WAIT_BUY buy_order_id=0 sell_order_id=0 chunk_id=0 chunk_qty=0.000000 buy_live=false sell_live=false chunk_live=false
[11:26:02.490] [INFO] [EXEC] STREAM_OWNERSHIP_AUDIT stream_id=11 state=WAIT_BUY buy_order_id=0 sell_order_id=0 chunk_id=0 chunk_qty=0.000000 buy_live=false sell_live=false chunk_live=false
[11:26:02.490] [INFO] [EXEC] STREAM_OWNERSHIP_AUDIT stream_id=12 state=WAIT_BUY buy_order_id=0 sell_order_id=0 chunk_id=0 chunk_qty=0.000000 buy_live=false sell_live=false chunk_live=false
[11:26:02.490] [INFO] [EXEC] STREAM_OWNERSHIP_AUDIT stream_id=13 state=WAIT_BUY buy_order_id=0 sell_order_id=0 chunk_id=0 chunk_qty=0.000000 buy_live=false sell_live=false chunk_live=false
[11:26:02.491] [INFO] [EXEC] STREAM_OWNERSHIP_AUDIT stream_id=14 state=WAIT_BUY buy_order_id=0 sell_order_id=0 chunk_id=0 chunk_qty=0.000000 buy_live=false sell_live=false chunk_live=false
[11:26:02.491] [INFO] [EXEC] STREAM_OWNERSHIP_AUDIT stream_id=15 state=WAIT_BUY buy_order_id=0 sell_order_id=0 chunk_id=0 chunk_qty=0.000000 buy_live=false sell_live=false chunk_live=false
[11:26:02.491] [INFO] [EXEC] STREAM_OWNERSHIP_AUDIT stream_id=16 state=WAIT_BUY buy_order_id=0 sell_order_id=0 chunk_id=0 chunk_qty=0.000000 buy_live=false sell_live=false chunk_live=false
[11:26:02.491] [INFO] [EXEC] STREAM_OWNERSHIP_AUDIT stream_id=17 state=WAIT_BUY buy_order_id=0 sell_order_id=0 chunk_id=0 chunk_qty=0.000000 buy_live=false sell_live=false chunk_live=false
[11:26:02.491] [INFO] [EXEC] STREAM_OWNERSHIP_AUDIT stream_id=18 state=WAIT_BUY buy_order_id=0 sell_order_id=0 chunk_id=0 chunk_qty=0.000000 buy_live=false sell_live=false chunk_live=false
[11:26:02.491] [INFO] [EXEC] STREAM_OWNERSHIP_AUDIT stream_id=19 state=WAIT_BUY buy_order_id=0 sell_order_id=0 chunk_id=0 chunk_qty=0.000000 buy_live=false sell_live=false chunk_live=false
[11:26:02.491] [INFO] [EXEC] STREAM_OWNERSHIP_AUDIT stream_id=20 state=WAIT_BUY buy_order_id=0 sell_order_id=0 chunk_id=0 chunk_qty=0.000000 buy_live=false sell_live=false chunk_live=false
[11:26:02.491] [ERROR] [EXEC] STREAM_STATE_MISMATCH reason=stream_inventory_qty_mismatch inventory_qty=0.000180 stream_chunks=0
[11:26:02.492] [INFO] [EXEC] STREAM_OWNERSHIP_SUMMARY streams_total=20 wait_buy=17 buy_placed=0 sell_active=3 exiting=0 recycle=0 chunks_total=1 stream_chunks=0 orphan_chunks=1 inventory_qty=0.000180 stream_inventory_qty=0.000000 orphan_inventory_qty=0.000180
[11:26:02.749] [INFO] [EXEC] SELL_WATCHDOG_SYNC orderId=391890857 status=NEW
[11:26:02.750] [INFO] GUI_PERF tick_ms=0 logs_visible=False gui_log_mode=OFF append_skipped=1174
[11:26:02.751] [WARNING] [EXEC] SMART_EXIT_ACTIVE
[11:26:02.751] [WARNING] [EXEC] SMART_EXIT_BREAK_HOLD reason=too_far age=6980 dist_ticks=2647
[11:26:03.276] [WARNING] [EXEC] TAKER_EXIT_TRIGGER reason=smart_break_hold_too_far age=7245 qty=0.000180
[11:26:03.277] [WARNING] [EXEC] SMART_EXIT_TO_TAKER reason=smart_break_hold_too_far
[11:26:03.277] [WARNING] [EXEC] TAKER_EXIT_CANCEL_MAKER orderId=391890857
[11:26:04.057] [INFO] [EXEC] PLACE_SELL_SOURCE source=taker price=79360.39
[11:26:04.058] [INFO] GUI_PERF tick_ms=0 logs_visible=False gui_log_mode=OFF append_skipped=1180
[11:26:04.324] [WARNING] [EXEC] TAKER_EXIT_ORDER_SENT id=391891319 price=79360.39 qty=0.000180
[11:26:05.276] [OK] [SYNC] order filled detected
[11:26:05.277] [INFO] GUI_PERF tick_ms=0 logs_visible=False gui_log_mode=OFF append_skipped=1182
[11:26:05.277] [OK] [SYNC] SELL filled on exchange
[11:26:05.278] [OK] [EXEC] FIFO CLOSE qty=0.000180 entry=79393.90 exit=79363.18 pnl=-0.005530
[11:26:05.278] [INFO] [EXEC] CHUNK DRAINED
[11:26:05.279] [OK] [EXEC] REALIZED pnl=-0.005530
[11:26:05.279] [OK] [EXEC] SMART_EXIT_DONE_FLAT
[11:26:05.279] [INFO] [EXEC] SELL ACCOUNTING RESET flat
[11:26:05.280] [OK] [EXEC] CYCLE CLOSED pnl=-0.005530
[11:26:05.280] [INFO] [EXEC] SESSION realized=-0.009403 wins=0 losses=2
[11:26:05.281] [INFO] [EXEC] STREAM_OWNERSHIP_AUDIT stream_id=1 state=SELL_PLACED buy_order_id=0 sell_order_id=391889520 chunk_id=1548835984624 chunk_qty=0.000000 buy_live=false sell_live=true chunk_live=false
[11:26:05.281] [INFO] [EXEC] STREAM_OWNERSHIP_AUDIT stream_id=2 state=SELL_PLACED buy_order_id=0 sell_order_id=391890668 chunk_id=1548835960304 chunk_qty=0.000000 buy_live=false sell_live=true chunk_live=false
[11:26:05.282] [INFO] [EXEC] STREAM_OWNERSHIP_AUDIT stream_id=3 state=WAIT_BUY buy_order_id=0 sell_order_id=0 chunk_id=0 chunk_qty=0.000000 buy_live=false sell_live=false chunk_live=false
[11:26:05.282] [INFO] [EXEC] STREAM_OWNERSHIP_AUDIT stream_id=4 state=SELL_PLACED buy_order_id=0 sell_order_id=391889322 chunk_id=1548854839872 chunk_qty=0.000000 buy_live=false sell_live=true chunk_live=false
[11:26:05.282] [INFO] [EXEC] STREAM_OWNERSHIP_AUDIT stream_id=5 state=WAIT_BUY buy_order_id=0 sell_order_id=0 chunk_id=0 chunk_qty=0.000000 buy_live=false sell_live=false chunk_live=false
[11:26:05.282] [INFO] [EXEC] STREAM_OWNERSHIP_AUDIT stream_id=6 state=WAIT_BUY buy_order_id=0 sell_order_id=0 chunk_id=0 chunk_qty=0.000000 buy_live=false sell_live=false chunk_live=false
[11:26:05.283] [INFO] [EXEC] STREAM_OWNERSHIP_AUDIT stream_id=7 state=WAIT_BUY buy_order_id=0 sell_order_id=0 chunk_id=0 chunk_qty=0.000000 buy_live=false sell_live=false chunk_live=false
[11:26:05.283] [INFO] [EXEC] STREAM_OWNERSHIP_AUDIT stream_id=8 state=WAIT_BUY buy_order_id=0 sell_order_id=0 chunk_id=0 chunk_qty=0.000000 buy_live=false sell_live=false chunk_live=false
[11:26:05.283] [INFO] [EXEC] STREAM_OWNERSHIP_AUDIT stream_id=9 state=WAIT_BUY buy_order_id=0 sell_order_id=0 chunk_id=0 chunk_qty=0.000000 buy_live=false sell_live=false chunk_live=false
[11:26:05.283] [INFO] [EXEC] STREAM_OWNERSHIP_AUDIT stream_id=10 state=WAIT_BUY buy_order_id=0 sell_order_id=0 chunk_id=0 chunk_qty=0.000000 buy_live=false sell_live=false chunk_live=false
[11:26:05.283] [INFO] [EXEC] STREAM_OWNERSHIP_AUDIT stream_id=11 state=WAIT_BUY buy_order_id=0 sell_order_id=0 chunk_id=0 chunk_qty=0.000000 buy_live=false sell_live=false chunk_live=false
[11:26:05.283] [INFO] [EXEC] STREAM_OWNERSHIP_AUDIT stream_id=12 state=WAIT_BUY buy_order_id=0 sell_order_id=0 chunk_id=0 chunk_qty=0.000000 buy_live=false sell_live=false chunk_live=false
[11:26:05.284] [INFO] [EXEC] STREAM_OWNERSHIP_AUDIT stream_id=13 state=WAIT_BUY buy_order_id=0 sell_order_id=0 chunk_id=0 chunk_qty=0.000000 buy_live=false sell_live=false chunk_live=false
[11:26:05.284] [INFO] [EXEC] STREAM_OWNERSHIP_AUDIT stream_id=14 state=WAIT_BUY buy_order_id=0 sell_order_id=0 chunk_id=0 chunk_qty=0.000000 buy_live=false sell_live=false chunk_live=false
[11:26:05.284] [INFO] [EXEC] STREAM_OWNERSHIP_AUDIT stream_id=15 state=WAIT_BUY buy_order_id=0 sell_order_id=0 chunk_id=0 chunk_qty=0.000000 buy_live=false sell_live=false chunk_live=false
[11:26:05.284] [INFO] [EXEC] STREAM_OWNERSHIP_AUDIT stream_id=16 state=WAIT_BUY buy_order_id=0 sell_order_id=0 chunk_id=0 chunk_qty=0.000000 buy_live=false sell_live=false chunk_live=false
[11:26:05.284] [INFO] [EXEC] STREAM_OWNERSHIP_AUDIT stream_id=17 state=WAIT_BUY buy_order_id=0 sell_order_id=0 chunk_id=0 chunk_qty=0.000000 buy_live=false sell_live=false chunk_live=false
[11:26:05.284] [INFO] [EXEC] STREAM_OWNERSHIP_AUDIT stream_id=18 state=WAIT_BUY buy_order_id=0 sell_order_id=0 chunk_id=0 chunk_qty=0.000000 buy_live=false sell_live=false chunk_live=false
[11:26:05.284] [INFO] [EXEC] STREAM_OWNERSHIP_AUDIT stream_id=19 state=WAIT_BUY buy_order_id=0 sell_order_id=0 chunk_id=0 chunk_qty=0.000000 buy_live=false sell_live=false chunk_live=false
[11:26:05.284] [INFO] [EXEC] STREAM_OWNERSHIP_AUDIT stream_id=20 state=WAIT_BUY buy_order_id=0 sell_order_id=0 chunk_id=0 chunk_qty=0.000000 buy_live=false sell_live=false chunk_live=false
[11:26:05.285] [INFO] [EXEC] STREAM_OWNERSHIP_SUMMARY streams_total=20 wait_buy=17 buy_placed=0 sell_active=3 exiting=0 recycle=0 chunks_total=0 stream_chunks=0 orphan_chunks=0 inventory_qty=0.000000 stream_inventory_qty=0.000000 orphan_inventory_qty=0.000000
[11:26:05.285] [INFO] [HEALTH] state=DANGER
[11:26:05.285] [INFO] [EXEC] STREAM_SHUTDOWN_STATE active=false reason=runtime_tick
[11:26:05.285] [INFO] [EXEC] STREAM_MODE_ACTIVE_SKIP_SINGLE_ENTRY
[11:26:05.285] [INFO] [EXEC] STREAM_SWARM_STATE wait_start=0 wait_buy=17 buy_placed=0 sell_active=3 recycle=0 active_buys=0 active_sells=3
[11:26:05.285] [INFO] [EXEC] STREAM_BUY_CAPACITY active_buys=0 active_sells=3 waiting_streams=17 max_active_buys=10 free_buy_slots=10 batch_size=1
[11:26:05.545] [INFO] [EXEC] STREAM_BUY_PLACED level_id=3 order_id=391891323
[11:26:05.546] [OK] [EXEC] PLACE BUY price=79393.86 qty=0.000180
[11:26:05.547] [INFO] [EXEC] STREAM_PLACEMENT_TICK active_buys=1 active_sells=3 waiting_streams=17 free_buy_slots=10 placed=1
[11:26:05.548] [INFO] [EXEC] STREAM_CONCURRENCY_STATE buys=1 sells=3 waiting=17 inventory_u=0.00 exposure_u=0.00 buy_allowed=true reason=none
[11:26:06.256] [INFO] [EXEC] STREAM_BUY_FILLED level_id=3
[11:26:06.258] [INFO] [EXEC] STREAM_SIGNAL_BUY_FILL stream_id=3 fill_price=79393.86000000 effect=log_only
[11:26:06.259] [OK] [EXEC] CHUNK ADD qty=0.000180 entry=79393.86
[11:26:06.260] [INFO] [EXEC] CHUNK COUNT n=1
[11:26:06.261] [INFO] [EXEC] STREAM_TARGET_USED ticks=28 sell_price=79394.14
[11:26:06.548] [INFO] [EXEC] STREAM_CHUNK_OWNED stream_id=3 chunk_id=1548854863264 qty=0.000180
[11:26:06.549] [INFO] GUI_PERF tick_ms=0 logs_visible=False gui_log_mode=OFF append_skipped=1226
[11:26:06.549] [INFO] [EXEC] STREAM_SELL_OWNED stream_id=3 chunk_id=1548854863264 order_id=391891358
[11:26:06.550] [INFO] [EXEC] STREAM_SELL_PLACED stream_id=3 chunk_id=1548854863264 order_id=391891358 price=79394.14 qty=0.000180
[11:26:06.808] [INFO] [EXEC] STREAM_EXIT_RETRY_STATUS stream_id=3 chunk_id=1548854863264 order_id=391891358 status=NEW
[11:26:06.808] [INFO] [EXEC] STREAM_REPAIR_SKIP reason=stream_owned_inventory
[11:26:06.809] [WARNING] [EXEC] STATE REPAIR reason=inventory_cannot_be_flat
[11:26:06.809] [ERROR] [EXEC] STREAM_OWNERSHIP_MISMATCH reason=qty_without_stream_chunks qty=0.000180
[11:26:06.809] [INFO] [EXEC] STREAM_GLOBAL_SMART_EXIT_BLOCKED reason=stream_owned_inventory qty=0.000180 trigger=exit_recovery_inventory_no_sell
[11:26:06.809] [ERROR] [EXEC] STREAM_OWNERSHIP_MISMATCH reason=qty_without_stream_chunks qty=0.000180
[11:26:06.810] [INFO] [EXEC] STREAM_GLOBAL_SMART_EXIT_BLOCKED reason=stream_owned_inventory qty=0.000180 trigger=place_sell
[11:26:06.810] [INFO] [EXEC] STREAM_STATS_UI cycles=4 wins=4 losses=0 pnl=+0.000106 winrate=100.00%
[11:26:07.536] [INFO] [EXEC] STREAM_EXIT_RETRY_STATUS stream_id=3 chunk_id=1548854863264 order_id=391891358 status=NEW
[11:26:07.537] [INFO] [EXEC] STREAM_OWNERSHIP_AUDIT stream_id=1 state=SELL_PLACED buy_order_id=0 sell_order_id=391889520 chunk_id=1548835984624 chunk_qty=0.000000 buy_live=false sell_live=true chunk_live=false
[11:26:07.537] [INFO] [EXEC] STREAM_OWNERSHIP_AUDIT stream_id=2 state=SELL_PLACED buy_order_id=0 sell_order_id=391890668 chunk_id=1548835960304 chunk_qty=0.000000 buy_live=false sell_live=true chunk_live=false
[11:26:07.538] [INFO] [EXEC] STREAM_OWNERSHIP_AUDIT stream_id=3 state=SELL_PLACED buy_order_id=0 sell_order_id=391891358 chunk_id=1548854863264 chunk_qty=0.000180 buy_live=false sell_live=true chunk_live=true
[11:26:07.539] [INFO] [EXEC] STREAM_OWNERSHIP_AUDIT stream_id=4 state=SELL_PLACED buy_order_id=0 sell_order_id=391889322 chunk_id=1548854839872 chunk_qty=0.000000 buy_live=false sell_live=true chunk_live=false
[11:26:07.541] [INFO] [EXEC] STREAM_OWNERSHIP_AUDIT stream_id=5 state=WAIT_BUY buy_order_id=0 sell_order_id=0 chunk_id=0 chunk_qty=0.000000 buy_live=false sell_live=false chunk_live=false
[11:26:07.541] [INFO] [EXEC] STREAM_OWNERSHIP_AUDIT stream_id=6 state=WAIT_BUY buy_order_id=0 sell_order_id=0 chunk_id=0 chunk_qty=0.000000 buy_live=false sell_live=false chunk_live=false
[11:26:07.542] [INFO] [EXEC] STREAM_OWNERSHIP_AUDIT stream_id=7 state=WAIT_BUY buy_order_id=0 sell_order_id=0 chunk_id=0 chunk_qty=0.000000 buy_live=false sell_live=false chunk_live=false
[11:26:07.542] [INFO] [EXEC] STREAM_OWNERSHIP_AUDIT stream_id=8 state=WAIT_BUY buy_order_id=0 sell_order_id=0 chunk_id=0 chunk_qty=0.000000 buy_live=false sell_live=false chunk_live=false
[11:26:07.543] [INFO] [EXEC] STREAM_OWNERSHIP_AUDIT stream_id=9 state=WAIT_BUY buy_order_id=0 sell_order_id=0 chunk_id=0 chunk_qty=0.000000 buy_live=false sell_live=false chunk_live=false
[11:26:07.544] [INFO] [EXEC] STREAM_OWNERSHIP_AUDIT stream_id=10 state=WAIT_BUY buy_order_id=0 sell_order_id=0 chunk_id=0 chunk_qty=0.000000 buy_live=false sell_live=false chunk_live=false
[11:26:07.545] [INFO] [EXEC] STREAM_OWNERSHIP_AUDIT stream_id=11 state=WAIT_BUY buy_order_id=0 sell_order_id=0 chunk_id=0 chunk_qty=0.000000 buy_live=false sell_live=false chunk_live=false
[11:26:07.546] [INFO] [EXEC] STREAM_OWNERSHIP_AUDIT stream_id=12 state=WAIT_BUY buy_order_id=0 sell_order_id=0 chunk_id=0 chunk_qty=0.000000 buy_live=false sell_live=false chunk_live=false
[11:26:07.547] [INFO] [EXEC] STREAM_OWNERSHIP_AUDIT stream_id=13 state=WAIT_BUY buy_order_id=0 sell_order_id=0 chunk_id=0 chunk_qty=0.000000 buy_live=false sell_live=false chunk_live=false
[11:26:07.547] [INFO] [EXEC] STREAM_OWNERSHIP_AUDIT stream_id=14 state=WAIT_BUY buy_order_id=0 sell_order_id=0 chunk_id=0 chunk_qty=0.000000 buy_live=false sell_live=false chunk_live=false
[11:26:07.548] [INFO] [EXEC] STREAM_OWNERSHIP_AUDIT stream_id=15 state=WAIT_BUY buy_order_id=0 sell_order_id=0 chunk_id=0 chunk_qty=0.000000 buy_live=false sell_live=false chunk_live=false
[11:26:07.548] [INFO] [EXEC] STREAM_OWNERSHIP_AUDIT stream_id=16 state=WAIT_BUY buy_order_id=0 sell_order_id=0 chunk_id=0 chunk_qty=0.000000 buy_live=false sell_live=false chunk_live=false
[11:26:07.549] [INFO] GUI_PERF tick_ms=0 logs_visible=False gui_log_mode=OFF append_skipped=1253
[11:26:07.549] [INFO] [EXEC] STREAM_OWNERSHIP_AUDIT stream_id=17 state=WAIT_BUY buy_order_id=0 sell_order_id=0 chunk_id=0 chunk_qty=0.000000 buy_live=false sell_live=false chunk_live=false
[11:26:07.549] [INFO] [EXEC] STREAM_OWNERSHIP_AUDIT stream_id=18 state=WAIT_BUY buy_order_id=0 sell_order_id=0 chunk_id=0 chunk_qty=0.000000 buy_live=false sell_live=false chunk_live=false
[11:26:07.550] [INFO] [EXEC] STREAM_OWNERSHIP_AUDIT stream_id=19 state=WAIT_BUY buy_order_id=0 sell_order_id=0 chunk_id=0 chunk_qty=0.000000 buy_live=false sell_live=false chunk_live=false
[11:26:07.550] [INFO] [EXEC] STREAM_OWNERSHIP_AUDIT stream_id=20 state=WAIT_BUY buy_order_id=0 sell_order_id=0 chunk_id=0 chunk_qty=0.000000 buy_live=false sell_live=false chunk_live=false
[11:26:07.551] [ERROR] [EXEC] STREAM_STATE_MISMATCH reason=stream_inventory_qty_mismatch inventory_qty=0.000180 stream_chunks=0
[11:26:07.551] [INFO] [EXEC] STREAM_OWNERSHIP_SUMMARY streams_total=20 wait_buy=16 buy_placed=0 sell_active=4 exiting=0 recycle=0 chunks_total=1 stream_chunks=0 orphan_chunks=1 inventory_qty=0.000180 stream_inventory_qty=0.000000 orphan_inventory_qty=0.000180
[11:26:07.552] [ERROR] [EXEC] STREAM_OWNERSHIP_MISMATCH reason=qty_without_stream_chunks qty=0.000180
[11:26:08.259] [INFO] [EXEC] STREAM_EXIT_RETRY_STATUS stream_id=3 chunk_id=1548854863264 order_id=391891358 status=NEW
[11:26:08.261] [ERROR] [EXEC] STREAM_OWNERSHIP_MISMATCH reason=qty_without_stream_chunks qty=0.000180
[11:26:09.077] [INFO] [EXEC] STREAM_EXIT_RETRY_STATUS stream_id=3 chunk_id=1548854863264 order_id=391891358 status=NEW
[11:26:09.077] [INFO] GUI_PERF tick_ms=0 logs_visible=False gui_log_mode=OFF append_skipped=1263
[11:26:09.077] [INFO] [EXEC] STREAM_OWNERSHIP_AUDIT stream_id=1 state=SELL_PLACED buy_order_id=0 sell_order_id=391889520 chunk_id=1548835984624 chunk_qty=0.000000 buy_live=false sell_live=true chunk_live=false
[11:26:09.078] [INFO] [EXEC] STREAM_OWNERSHIP_AUDIT stream_id=2 state=SELL_PLACED buy_order_id=0 sell_order_id=391890668 chunk_id=1548835960304 chunk_qty=0.000000 buy_live=false sell_live=true chunk_live=false
[11:26:09.078] [INFO] [EXEC] STREAM_OWNERSHIP_AUDIT stream_id=3 state=SELL_PLACED buy_order_id=0 sell_order_id=391891358 chunk_id=1548854863264 chunk_qty=0.000180 buy_live=false sell_live=true chunk_live=true
[11:26:09.079] [INFO] [EXEC] STREAM_OWNERSHIP_AUDIT stream_id=4 state=SELL_PLACED buy_order_id=0 sell_order_id=391889322 chunk_id=1548854839872 chunk_qty=0.000000 buy_live=false sell_live=true chunk_live=false
[11:26:09.079] [INFO] [EXEC] STREAM_OWNERSHIP_AUDIT stream_id=5 state=WAIT_BUY buy_order_id=0 sell_order_id=0 chunk_id=0 chunk_qty=0.000000 buy_live=false sell_live=false chunk_live=false
[11:26:09.079] [INFO] [EXEC] STREAM_OWNERSHIP_AUDIT stream_id=6 state=WAIT_BUY buy_order_id=0 sell_order_id=0 chunk_id=0 chunk_qty=0.000000 buy_live=false sell_live=false chunk_live=false
[11:26:09.080] [INFO] [EXEC] STREAM_OWNERSHIP_AUDIT stream_id=7 state=WAIT_BUY buy_order_id=0 sell_order_id=0 chunk_id=0 chunk_qty=0.000000 buy_live=false sell_live=false chunk_live=false
[11:26:09.080] [INFO] [EXEC] STREAM_OWNERSHIP_AUDIT stream_id=8 state=WAIT_BUY buy_order_id=0 sell_order_id=0 chunk_id=0 chunk_qty=0.000000 buy_live=false sell_live=false chunk_live=false
[11:26:09.080] [INFO] [EXEC] STREAM_OWNERSHIP_AUDIT stream_id=9 state=WAIT_BUY buy_order_id=0 sell_order_id=0 chunk_id=0 chunk_qty=0.000000 buy_live=false sell_live=false chunk_live=false
[11:26:09.080] [INFO] [EXEC] STREAM_OWNERSHIP_AUDIT stream_id=10 state=WAIT_BUY buy_order_id=0 sell_order_id=0 chunk_id=0 chunk_qty=0.000000 buy_live=false sell_live=false chunk_live=false
[11:26:09.080] [INFO] [EXEC] STREAM_OWNERSHIP_AUDIT stream_id=11 state=WAIT_BUY buy_order_id=0 sell_order_id=0 chunk_id=0 chunk_qty=0.000000 buy_live=false sell_live=false chunk_live=false
[11:26:09.080] [INFO] [EXEC] STREAM_OWNERSHIP_AUDIT stream_id=12 state=WAIT_BUY buy_order_id=0 sell_order_id=0 chunk_id=0 chunk_qty=0.000000 buy_live=false sell_live=false chunk_live=false
[11:26:09.080] [INFO] [EXEC] STREAM_OWNERSHIP_AUDIT stream_id=13 state=WAIT_BUY buy_order_id=0 sell_order_id=0 chunk_id=0 chunk_qty=0.000000 buy_live=false sell_live=false chunk_live=false
[11:26:09.080] [INFO] [EXEC] STREAM_OWNERSHIP_AUDIT stream_id=14 state=WAIT_BUY buy_order_id=0 sell_order_id=0 chunk_id=0 chunk_qty=0.000000 buy_live=false sell_live=false chunk_live=false
[11:26:09.081] [INFO] [EXEC] STREAM_OWNERSHIP_AUDIT stream_id=15 state=WAIT_BUY buy_order_id=0 sell_order_id=0 chunk_id=0 chunk_qty=0.000000 buy_live=false sell_live=false chunk_live=false
[11:26:09.081] [INFO] [EXEC] STREAM_OWNERSHIP_AUDIT stream_id=16 state=WAIT_BUY buy_order_id=0 sell_order_id=0 chunk_id=0 chunk_qty=0.000000 buy_live=false sell_live=false chunk_live=false
[11:26:09.081] [INFO] [EXEC] STREAM_OWNERSHIP_AUDIT stream_id=17 state=WAIT_BUY buy_order_id=0 sell_order_id=0 chunk_id=0 chunk_qty=0.000000 buy_live=false sell_live=false chunk_live=false
[11:26:09.081] [INFO] [EXEC] STREAM_OWNERSHIP_AUDIT stream_id=18 state=WAIT_BUY buy_order_id=0 sell_order_id=0 chunk_id=0 chunk_qty=0.000000 buy_live=false sell_live=false chunk_live=false
[11:26:09.081] [INFO] [EXEC] STREAM_OWNERSHIP_AUDIT stream_id=19 state=WAIT_BUY buy_order_id=0 sell_order_id=0 chunk_id=0 chunk_qty=0.000000 buy_live=false sell_live=false chunk_live=false
[11:26:09.081] [INFO] [EXEC] STREAM_OWNERSHIP_AUDIT stream_id=20 state=WAIT_BUY buy_order_id=0 sell_order_id=0 chunk_id=0 chunk_qty=0.000000 buy_live=false sell_live=false chunk_live=false
[11:26:09.081] [ERROR] [EXEC] STREAM_STATE_MISMATCH reason=stream_inventory_qty_mismatch inventory_qty=0.000180 stream_chunks=0
[11:26:09.081] [INFO] [EXEC] STREAM_OWNERSHIP_SUMMARY streams_total=20 wait_buy=16 buy_placed=0 sell_active=4 exiting=0 recycle=0 chunks_total=1 stream_chunks=0 orphan_chunks=1 inventory_qty=0.000180 stream_inventory_qty=0.000000 orphan_inventory_qty=0.000180
[11:26:09.082] [ERROR] [EXEC] STREAM_OWNERSHIP_MISMATCH reason=qty_without_stream_chunks qty=0.000180
[11:26:09.779] [INFO] [EXEC] STREAM_EXIT_RETRY_STATUS stream_id=3 chunk_id=1548854863264 order_id=391891358 status=NEW
[11:26:09.780] [WARNING] [EXEC] STREAM_SELL_TIMEOUT stream_id=3 chunk_id=1548854863264 order_id=391891358 age_ms=3525 timeout_ms=2800
[11:26:10.040] [INFO] [EXEC] STREAM_SELL_CANCEL_OLD stream_id=3 chunk_id=1548854863264 order_id=391891358
[11:26:10.041] [INFO] [EXEC] STREAM_STOP_LOSS_BLOCKED_RETRY_AVAILABLE retry_count=0 retry_max=2 stream_id=3 chunk_id=1548854863264 order_id=391891358
[11:26:10.042] [WARNING] [EXEC] STREAM_EXIT_RETRY_PLACED stream_id=3 chunk_id=1548854863264 order_id=pending qty=0.000180 price=79393.96 retry_count=1
[11:26:10.306] [INFO] [EXEC] STREAM_REPAIR_SKIP reason=stream_owned_inventory
[11:26:10.306] [INFO] GUI_PERF tick_ms=0 logs_visible=False gui_log_mode=OFF append_skipped=1292
[11:26:10.306] [ERROR] [EXEC] STREAM_OWNERSHIP_MISMATCH reason=qty_without_stream_chunks qty=0.000180
[11:26:10.307] [INFO] [EXEC] STREAM_GLOBAL_SMART_EXIT_BLOCKED reason=stream_owned_inventory qty=0.000180 trigger=exit_recovery_inventory_no_sell
[11:26:10.307] [ERROR] [EXEC] STREAM_OWNERSHIP_MISMATCH reason=qty_without_stream_chunks qty=0.000180
[11:26:10.307] [INFO] [EXEC] STREAM_GLOBAL_SMART_EXIT_BLOCKED reason=stream_owned_inventory qty=0.000180 trigger=place_sell
[11:26:11.313] [INFO] [EXEC] STREAM_EXIT_RETRY_STATUS stream_id=3 chunk_id=1548854863264 order_id=391891513 status=NEW
[11:26:11.314] [INFO] GUI_PERF tick_ms=0 logs_visible=False gui_log_mode=OFF append_skipped=1297
[11:26:11.314] [INFO] [EXEC] STREAM_OWNERSHIP_AUDIT stream_id=1 state=SELL_PLACED buy_order_id=0 sell_order_id=391889520 chunk_id=1548835984624 chunk_qty=0.000000 buy_live=false sell_live=true chunk_live=false
[11:26:11.315] [INFO] [EXEC] STREAM_OWNERSHIP_AUDIT stream_id=2 state=SELL_PLACED buy_order_id=0 sell_order_id=391890668 chunk_id=1548835960304 chunk_qty=0.000000 buy_live=false sell_live=true chunk_live=false
[11:26:11.315] [INFO] [EXEC] STREAM_OWNERSHIP_AUDIT stream_id=3 state=SELL_PLACED buy_order_id=0 sell_order_id=391891513 chunk_id=1548854863264 chunk_qty=0.000180 buy_live=false sell_live=true chunk_live=true
[11:26:11.316] [INFO] [EXEC] STREAM_OWNERSHIP_AUDIT stream_id=4 state=SELL_PLACED buy_order_id=0 sell_order_id=391889322 chunk_id=1548854839872 chunk_qty=0.000000 buy_live=false sell_live=true chunk_live=false
[11:26:11.316] [INFO] [EXEC] STREAM_OWNERSHIP_AUDIT stream_id=5 state=WAIT_BUY buy_order_id=0 sell_order_id=0 chunk_id=0 chunk_qty=0.000000 buy_live=false sell_live=false chunk_live=false
[11:26:11.317] [INFO] [EXEC] STREAM_OWNERSHIP_AUDIT stream_id=6 state=WAIT_BUY buy_order_id=0 sell_order_id=0 chunk_id=0 chunk_qty=0.000000 buy_live=false sell_live=false chunk_live=false
[11:26:11.317] [INFO] [EXEC] STREAM_OWNERSHIP_AUDIT stream_id=7 state=WAIT_BUY buy_order_id=0 sell_order_id=0 chunk_id=0 chunk_qty=0.000000 buy_live=false sell_live=false chunk_live=false
[11:26:11.317] [INFO] [EXEC] STREAM_OWNERSHIP_AUDIT stream_id=8 state=WAIT_BUY buy_order_id=0 sell_order_id=0 chunk_id=0 chunk_qty=0.000000 buy_live=false sell_live=false chunk_live=false
[11:26:11.318] [INFO] [EXEC] STREAM_OWNERSHIP_AUDIT stream_id=9 state=WAIT_BUY buy_order_id=0 sell_order_id=0 chunk_id=0 chunk_qty=0.000000 buy_live=false sell_live=false chunk_live=false
[11:26:11.318] [INFO] [EXEC] STREAM_OWNERSHIP_AUDIT stream_id=10 state=WAIT_BUY buy_order_id=0 sell_order_id=0 chunk_id=0 chunk_qty=0.000000 buy_live=false sell_live=false chunk_live=false
[11:26:11.319] [INFO] [EXEC] STREAM_OWNERSHIP_AUDIT stream_id=11 state=WAIT_BUY buy_order_id=0 sell_order_id=0 chunk_id=0 chunk_qty=0.000000 buy_live=false sell_live=false chunk_live=false
[11:26:11.319] [INFO] [EXEC] STREAM_OWNERSHIP_AUDIT stream_id=12 state=WAIT_BUY buy_order_id=0 sell_order_id=0 chunk_id=0 chunk_qty=0.000000 buy_live=false sell_live=false chunk_live=false
[11:26:11.320] [INFO] [EXEC] STREAM_OWNERSHIP_AUDIT stream_id=13 state=WAIT_BUY buy_order_id=0 sell_order_id=0 chunk_id=0 chunk_qty=0.000000 buy_live=false sell_live=false chunk_live=false
[11:26:11.320] [INFO] [EXEC] STREAM_OWNERSHIP_AUDIT stream_id=14 state=WAIT_BUY buy_order_id=0 sell_order_id=0 chunk_id=0 chunk_qty=0.000000 buy_live=false sell_live=false chunk_live=false
[11:26:11.320] [INFO] [EXEC] STREAM_OWNERSHIP_AUDIT stream_id=15 state=WAIT_BUY buy_order_id=0 sell_order_id=0 chunk_id=0 chunk_qty=0.000000 buy_live=false sell_live=false chunk_live=false
[11:26:11.321] [INFO] [EXEC] STREAM_OWNERSHIP_AUDIT stream_id=16 state=WAIT_BUY buy_order_id=0 sell_order_id=0 chunk_id=0 chunk_qty=0.000000 buy_live=false sell_live=false chunk_live=false
[11:26:11.322] [INFO] [EXEC] STREAM_OWNERSHIP_AUDIT stream_id=17 state=WAIT_BUY buy_order_id=0 sell_order_id=0 chunk_id=0 chunk_qty=0.000000 buy_live=false sell_live=false chunk_live=false
[11:26:11.322] [INFO] [EXEC] STREAM_OWNERSHIP_AUDIT stream_id=18 state=WAIT_BUY buy_order_id=0 sell_order_id=0 chunk_id=0 chunk_qty=0.000000 buy_live=false sell_live=false chunk_live=false
[11:26:11.322] [INFO] [EXEC] STREAM_OWNERSHIP_AUDIT stream_id=19 state=WAIT_BUY buy_order_id=0 sell_order_id=0 chunk_id=0 chunk_qty=0.000000 buy_live=false sell_live=false chunk_live=false
[11:26:11.323] [INFO] [EXEC] STREAM_OWNERSHIP_AUDIT stream_id=20 state=WAIT_BUY buy_order_id=0 sell_order_id=0 chunk_id=0 chunk_qty=0.000000 buy_live=false sell_live=false chunk_live=false
[11:26:11.323] [ERROR] [EXEC] STREAM_STATE_MISMATCH reason=stream_inventory_qty_mismatch inventory_qty=0.000180 stream_chunks=0
[11:26:11.323] [INFO] [EXEC] STREAM_OWNERSHIP_SUMMARY streams_total=20 wait_buy=16 buy_placed=0 sell_active=4 exiting=0 recycle=0 chunks_total=1 stream_chunks=0 orphan_chunks=1 inventory_qty=0.000180 stream_inventory_qty=0.000000 orphan_inventory_qty=0.000180
[11:26:11.324] [ERROR] [EXEC] STREAM_OWNERSHIP_MISMATCH reason=qty_without_stream_chunks qty=0.000180
[11:26:12.055] [INFO] [EXEC] STREAM_EXIT_RETRY_STATUS stream_id=3 chunk_id=1548854863264 order_id=391891513 status=NEW
[11:26:12.058] [ERROR] [EXEC] STREAM_OWNERSHIP_MISMATCH reason=qty_without_stream_chunks qty=0.000180
[11:26:12.059] [INFO] [EXEC] STREAM_STATS_UI cycles=4 wins=4 losses=0 pnl=+0.000106 winrate=100.00%
[11:26:12.815] [INFO] [EXEC] STREAM_EXIT_RETRY_STATUS stream_id=3 chunk_id=1548854863264 order_id=391891513 status=NEW
[11:26:12.816] [INFO] GUI_PERF tick_ms=0 logs_visible=False gui_log_mode=OFF append_skipped=1324
[11:26:12.817] [WARNING] [EXEC] STREAM_SELL_TIMEOUT stream_id=3 chunk_id=1548854863264 order_id=391891513 age_ms=3032 timeout_ms=2800
[11:26:13.091] [INFO] [EXEC] STREAM_SELL_CANCEL_OLD stream_id=3 chunk_id=1548854863264 order_id=391891513
[11:26:13.092] [INFO] [EXEC] STREAM_STOP_LOSS_BLOCKED_RETRY_AVAILABLE retry_count=1 retry_max=2 stream_id=3 chunk_id=1548854863264 order_id=391891513
[11:26:13.093] [WARNING] [EXEC] STREAM_EXIT_RETRY_PLACED stream_id=3 chunk_id=1548854863264 order_id=pending qty=0.000180 price=79393.96 retry_count=2
[11:26:13.367] [INFO] [EXEC] STREAM_OWNERSHIP_AUDIT stream_id=1 state=SELL_PLACED buy_order_id=0 sell_order_id=391889520 chunk_id=1548835984624 chunk_qty=0.000000 buy_live=false sell_live=true chunk_live=false
[11:26:13.368] [INFO] [EXEC] STREAM_OWNERSHIP_AUDIT stream_id=2 state=SELL_PLACED buy_order_id=0 sell_order_id=391890668 chunk_id=1548835960304 chunk_qty=0.000000 buy_live=false sell_live=true chunk_live=false
[11:26:13.368] [INFO] [EXEC] STREAM_OWNERSHIP_AUDIT stream_id=3 state=SELL_PLACED buy_order_id=0 sell_order_id=391891670 chunk_id=1548854863264 chunk_qty=0.000180 buy_live=false sell_live=true chunk_live=true
[11:26:13.368] [INFO] [EXEC] STREAM_OWNERSHIP_AUDIT stream_id=4 state=SELL_PLACED buy_order_id=0 sell_order_id=391889322 chunk_id=1548854839872 chunk_qty=0.000000 buy_live=false sell_live=true chunk_live=false
[11:26:13.369] [INFO] [EXEC] STREAM_OWNERSHIP_AUDIT stream_id=5 state=WAIT_BUY buy_order_id=0 sell_order_id=0 chunk_id=0 chunk_qty=0.000000 buy_live=false sell_live=false chunk_live=false
[11:26:13.369] [INFO] [EXEC] STREAM_OWNERSHIP_AUDIT stream_id=6 state=WAIT_BUY buy_order_id=0 sell_order_id=0 chunk_id=0 chunk_qty=0.000000 buy_live=false sell_live=false chunk_live=false
[11:26:13.369] [INFO] [EXEC] STREAM_OWNERSHIP_AUDIT stream_id=7 state=WAIT_BUY buy_order_id=0 sell_order_id=0 chunk_id=0 chunk_qty=0.000000 buy_live=false sell_live=false chunk_live=false
[11:26:13.370] [INFO] [EXEC] STREAM_OWNERSHIP_AUDIT stream_id=8 state=WAIT_BUY buy_order_id=0 sell_order_id=0 chunk_id=0 chunk_qty=0.000000 buy_live=false sell_live=false chunk_live=false
[11:26:13.370] [INFO] [EXEC] STREAM_OWNERSHIP_AUDIT stream_id=9 state=WAIT_BUY buy_order_id=0 sell_order_id=0 chunk_id=0 chunk_qty=0.000000 buy_live=false sell_live=false chunk_live=false
[11:26:13.370] [INFO] [EXEC] STREAM_OWNERSHIP_AUDIT stream_id=10 state=WAIT_BUY buy_order_id=0 sell_order_id=0 chunk_id=0 chunk_qty=0.000000 buy_live=false sell_live=false chunk_live=false
[11:26:13.371] [INFO] [EXEC] STREAM_OWNERSHIP_AUDIT stream_id=11 state=WAIT_BUY buy_order_id=0 sell_order_id=0 chunk_id=0 chunk_qty=0.000000 buy_live=false sell_live=false chunk_live=false
[11:26:13.371] [INFO] [EXEC] STREAM_OWNERSHIP_AUDIT stream_id=12 state=WAIT_BUY buy_order_id=0 sell_order_id=0 chunk_id=0 chunk_qty=0.000000 buy_live=false sell_live=false chunk_live=false
[11:26:13.371] [INFO] [EXEC] STREAM_OWNERSHIP_AUDIT stream_id=13 state=WAIT_BUY buy_order_id=0 sell_order_id=0 chunk_id=0 chunk_qty=0.000000 buy_live=false sell_live=false chunk_live=false
[11:26:13.372] [INFO] [EXEC] STREAM_OWNERSHIP_AUDIT stream_id=14 state=WAIT_BUY buy_order_id=0 sell_order_id=0 chunk_id=0 chunk_qty=0.000000 buy_live=false sell_live=false chunk_live=false
[11:26:13.372] [INFO] [EXEC] STREAM_OWNERSHIP_AUDIT stream_id=15 state=WAIT_BUY buy_order_id=0 sell_order_id=0 chunk_id=0 chunk_qty=0.000000 buy_live=false sell_live=false chunk_live=false
[11:26:13.372] [INFO] [EXEC] STREAM_OWNERSHIP_AUDIT stream_id=16 state=WAIT_BUY buy_order_id=0 sell_order_id=0 chunk_id=0 chunk_qty=0.000000 buy_live=false sell_live=false chunk_live=false
[11:26:13.372] [INFO] [EXEC] STREAM_OWNERSHIP_AUDIT stream_id=17 state=WAIT_BUY buy_order_id=0 sell_order_id=0 chunk_id=0 chunk_qty=0.000000 buy_live=false sell_live=false chunk_live=false
[11:26:13.373] [INFO] [EXEC] STREAM_OWNERSHIP_AUDIT stream_id=18 state=WAIT_BUY buy_order_id=0 sell_order_id=0 chunk_id=0 chunk_qty=0.000000 buy_live=false sell_live=false chunk_live=false
[11:26:13.373] [INFO] [EXEC] STREAM_OWNERSHIP_AUDIT stream_id=19 state=WAIT_BUY buy_order_id=0 sell_order_id=0 chunk_id=0 chunk_qty=0.000000 buy_live=false sell_live=false chunk_live=false
[11:26:13.373] [INFO] [EXEC] STREAM_OWNERSHIP_AUDIT stream_id=20 state=WAIT_BUY buy_order_id=0 sell_order_id=0 chunk_id=0 chunk_qty=0.000000 buy_live=false sell_live=false chunk_live=false
[11:26:13.374] [ERROR] [EXEC] STREAM_STATE_MISMATCH reason=stream_inventory_qty_mismatch inventory_qty=0.000180 stream_chunks=0
[11:26:13.374] [INFO] [EXEC] STREAM_OWNERSHIP_SUMMARY streams_total=20 wait_buy=16 buy_placed=0 sell_active=4 exiting=0 recycle=0 chunks_total=1 stream_chunks=0 orphan_chunks=1 inventory_qty=0.000180 stream_inventory_qty=0.000000 orphan_inventory_qty=0.000180
[11:26:13.374] [INFO] [EXEC] STREAM_REPAIR_SKIP reason=stream_owned_inventory
[11:26:13.375] [ERROR] [EXEC] STREAM_OWNERSHIP_MISMATCH reason=qty_without_stream_chunks qty=0.000180
[11:26:13.375] [INFO] [EXEC] STREAM_GLOBAL_SMART_EXIT_BLOCKED reason=stream_owned_inventory qty=0.000180 trigger=exit_recovery_inventory_no_sell
[11:26:13.375] [ERROR] [EXEC] STREAM_OWNERSHIP_MISMATCH reason=qty_without_stream_chunks qty=0.000180
[11:26:13.375] [INFO] [EXEC] STREAM_GLOBAL_SMART_EXIT_BLOCKED reason=stream_owned_inventory qty=0.000180 trigger=place_sell
[11:26:14.087] [INFO] [EXEC] STREAM_EXIT_RETRY_STATUS stream_id=3 chunk_id=1548854863264 order_id=391891670 status=NEW
[11:26:14.089] [INFO] GUI_PERF tick_ms=0 logs_visible=False gui_log_mode=OFF append_skipped=1356
[11:26:14.090] [ERROR] [EXEC] STREAM_OWNERSHIP_MISMATCH reason=qty_without_stream_chunks qty=0.000180
[11:26:14.810] [INFO] [EXEC] STREAM_EXIT_RETRY_STATUS stream_id=3 chunk_id=1548854863264 order_id=391891670 status=NEW
[11:26:14.811] [INFO] [EXEC] STREAM_OWNERSHIP_AUDIT stream_id=1 state=SELL_PLACED buy_order_id=0 sell_order_id=391889520 chunk_id=1548835984624 chunk_qty=0.000000 buy_live=false sell_live=true chunk_live=false
[11:26:14.812] [INFO] [EXEC] STREAM_OWNERSHIP_AUDIT stream_id=2 state=SELL_PLACED buy_order_id=0 sell_order_id=391890668 chunk_id=1548835960304 chunk_qty=0.000000 buy_live=false sell_live=true chunk_live=false
[11:26:14.813] [INFO] [EXEC] STREAM_OWNERSHIP_AUDIT stream_id=3 state=SELL_PLACED buy_order_id=0 sell_order_id=391891670 chunk_id=1548854863264 chunk_qty=0.000180 buy_live=false sell_live=true chunk_live=true
[11:26:14.814] [INFO] [EXEC] STREAM_OWNERSHIP_AUDIT stream_id=4 state=SELL_PLACED buy_order_id=0 sell_order_id=391889322 chunk_id=1548854839872 chunk_qty=0.000000 buy_live=false sell_live=true chunk_live=false
[11:26:14.815] [INFO] [EXEC] STREAM_OWNERSHIP_AUDIT stream_id=5 state=WAIT_BUY buy_order_id=0 sell_order_id=0 chunk_id=0 chunk_qty=0.000000 buy_live=false sell_live=false chunk_live=false
[11:26:14.816] [INFO] [EXEC] STREAM_OWNERSHIP_AUDIT stream_id=6 state=WAIT_BUY buy_order_id=0 sell_order_id=0 chunk_id=0 chunk_qty=0.000000 buy_live=false sell_live=false chunk_live=false
[11:26:14.816] [INFO] [EXEC] STREAM_OWNERSHIP_AUDIT stream_id=7 state=WAIT_BUY buy_order_id=0 sell_order_id=0 chunk_id=0 chunk_qty=0.000000 buy_live=false sell_live=false chunk_live=false
[11:26:14.817] [INFO] [EXEC] STREAM_OWNERSHIP_AUDIT stream_id=8 state=WAIT_BUY buy_order_id=0 sell_order_id=0 chunk_id=0 chunk_qty=0.000000 buy_live=false sell_live=false chunk_live=false
[11:26:14.817] [INFO] [EXEC] STREAM_OWNERSHIP_AUDIT stream_id=9 state=WAIT_BUY buy_order_id=0 sell_order_id=0 chunk_id=0 chunk_qty=0.000000 buy_live=false sell_live=false chunk_live=false
[11:26:14.818] [INFO] [EXEC] STREAM_OWNERSHIP_AUDIT stream_id=10 state=WAIT_BUY buy_order_id=0 sell_order_id=0 chunk_id=0 chunk_qty=0.000000 buy_live=false sell_live=false chunk_live=false
[11:26:14.818] [INFO] [EXEC] STREAM_OWNERSHIP_AUDIT stream_id=11 state=WAIT_BUY buy_order_id=0 sell_order_id=0 chunk_id=0 chunk_qty=0.000000 buy_live=false sell_live=false chunk_live=false
[11:26:14.819] [INFO] [EXEC] STREAM_OWNERSHIP_AUDIT stream_id=12 state=WAIT_BUY buy_order_id=0 sell_order_id=0 chunk_id=0 chunk_qty=0.000000 buy_live=false sell_live=false chunk_live=false
[11:26:14.819] [INFO] [EXEC] STREAM_OWNERSHIP_AUDIT stream_id=13 state=WAIT_BUY buy_order_id=0 sell_order_id=0 chunk_id=0 chunk_qty=0.000000 buy_live=false sell_live=false chunk_live=false
[11:26:14.820] [INFO] [EXEC] STREAM_OWNERSHIP_AUDIT stream_id=14 state=WAIT_BUY buy_order_id=0 sell_order_id=0 chunk_id=0 chunk_qty=0.000000 buy_live=false sell_live=false chunk_live=false
[11:26:14.820] [INFO] [EXEC] STREAM_OWNERSHIP_AUDIT stream_id=15 state=WAIT_BUY buy_order_id=0 sell_order_id=0 chunk_id=0 chunk_qty=0.000000 buy_live=false sell_live=false chunk_live=false
[11:26:14.821] [INFO] [EXEC] STREAM_OWNERSHIP_AUDIT stream_id=16 state=WAIT_BUY buy_order_id=0 sell_order_id=0 chunk_id=0 chunk_qty=0.000000 buy_live=false sell_live=false chunk_live=false
[11:26:14.821] [INFO] [EXEC] STREAM_OWNERSHIP_AUDIT stream_id=17 state=WAIT_BUY buy_order_id=0 sell_order_id=0 chunk_id=0 chunk_qty=0.000000 buy_live=false sell_live=false chunk_live=false
[11:26:14.821] [INFO] [EXEC] STREAM_OWNERSHIP_AUDIT stream_id=18 state=WAIT_BUY buy_order_id=0 sell_order_id=0 chunk_id=0 chunk_qty=0.000000 buy_live=false sell_live=false chunk_live=false
[11:26:14.822] [INFO] [EXEC] STREAM_OWNERSHIP_AUDIT stream_id=19 state=WAIT_BUY buy_order_id=0 sell_order_id=0 chunk_id=0 chunk_qty=0.000000 buy_live=false sell_live=false chunk_live=false
[11:26:14.822] [INFO] [EXEC] STREAM_OWNERSHIP_AUDIT stream_id=20 state=WAIT_BUY buy_order_id=0 sell_order_id=0 chunk_id=0 chunk_qty=0.000000 buy_live=false sell_live=false chunk_live=false
[11:26:14.822] [ERROR] [EXEC] STREAM_STATE_MISMATCH reason=stream_inventory_qty_mismatch inventory_qty=0.000180 stream_chunks=0
[11:26:14.823] [INFO] [EXEC] STREAM_OWNERSHIP_SUMMARY streams_total=20 wait_buy=16 buy_placed=0 sell_active=4 exiting=0 recycle=0 chunks_total=1 stream_chunks=0 orphan_chunks=1 inventory_qty=0.000180 stream_inventory_qty=0.000000 orphan_inventory_qty=0.000180
[11:26:14.823] [ERROR] [EXEC] STREAM_OWNERSHIP_MISMATCH reason=qty_without_stream_chunks qty=0.000180
[11:26:16.056] [INFO] [EXEC] STREAM_EXIT_RETRY_STATUS stream_id=3 chunk_id=1548854863264 order_id=391891670 status=NEW
[11:26:16.058] [INFO] GUI_PERF tick_ms=0 logs_visible=False gui_log_mode=OFF append_skipped=1382
[11:26:16.059] [INFO] [EXEC] STREAM_REPAIR_SKIP reason=stream_owned_inventory
[11:26:16.060] [ERROR] [EXEC] STREAM_OWNERSHIP_MISMATCH reason=qty_without_stream_chunks qty=0.000180
[11:26:16.060] [INFO] [EXEC] STREAM_GLOBAL_SMART_EXIT_BLOCKED reason=stream_owned_inventory qty=0.000180 trigger=exit_recovery_inventory_no_sell
[11:26:16.061] [ERROR] [EXEC] STREAM_OWNERSHIP_MISMATCH reason=qty_without_stream_chunks qty=0.000180
[11:26:16.062] [INFO] [EXEC] STREAM_GLOBAL_SMART_EXIT_BLOCKED reason=stream_owned_inventory qty=0.000180 trigger=place_sell
[11:26:17.119] [INFO] [EXEC] STREAM_EXIT_RETRY_STATUS stream_id=3 chunk_id=1548854863264 order_id=391891670 status=NEW
[11:26:17.121] [INFO] GUI_PERF tick_ms=0 logs_visible=False gui_log_mode=OFF append_skipped=1388
[11:26:17.122] [WARNING] [EXEC] STREAM_SELL_TIMEOUT stream_id=3 chunk_id=1548854863264 order_id=391891670 age_ms=4301 timeout_ms=2800
[11:26:17.433] [INFO] [EXEC] STREAM_SELL_CANCEL_OLD stream_id=3 chunk_id=1548854863264 order_id=391891670
[11:26:17.434] [WARNING] [EXEC] STREAM_STOP_LOSS_EXIT stream_id=3 chunk_id=1548854863264 order_id=391891670 stop_price=79391.66 retry_count=2 retry_max=2
[11:26:17.434] [WARNING] [EXEC] STREAM_EXIT_ISOLATED stream_id=3 chunk_id=1548854863264 action=stop_loss_exit
[11:26:17.718] [WARNING] [EXEC] STREAM_EXIT_RETRY_PLACED stream_id=3 chunk_id=1548854863264 order_id=391891734 qty=0.000180 price=79391.66
[11:26:17.719] [INFO] [EXEC] STREAM_OWNERSHIP_AUDIT stream_id=1 state=SELL_PLACED buy_order_id=0 sell_order_id=391889520 chunk_id=1548835984624 chunk_qty=0.000000 buy_live=false sell_live=true chunk_live=false
[11:26:17.720] [INFO] [EXEC] STREAM_OWNERSHIP_AUDIT stream_id=2 state=SELL_PLACED buy_order_id=0 sell_order_id=391890668 chunk_id=1548835960304 chunk_qty=0.000000 buy_live=false sell_live=true chunk_live=false
[11:26:17.721] [INFO] [EXEC] STREAM_OWNERSHIP_AUDIT stream_id=3 state=EXITING buy_order_id=0 sell_order_id=391891734 chunk_id=1548854863264 chunk_qty=0.000180 buy_live=false sell_live=true chunk_live=true
[11:26:17.722] [INFO] [EXEC] STREAM_OWNERSHIP_AUDIT stream_id=4 state=SELL_PLACED buy_order_id=0 sell_order_id=391889322 chunk_id=1548854839872 chunk_qty=0.000000 buy_live=false sell_live=true chunk_live=false
[11:26:17.722] [INFO] [EXEC] STREAM_OWNERSHIP_AUDIT stream_id=5 state=WAIT_BUY buy_order_id=0 sell_order_id=0 chunk_id=0 chunk_qty=0.000000 buy_live=false sell_live=false chunk_live=false
[11:26:17.723] [INFO] [EXEC] STREAM_OWNERSHIP_AUDIT stream_id=6 state=WAIT_BUY buy_order_id=0 sell_order_id=0 chunk_id=0 chunk_qty=0.000000 buy_live=false sell_live=false chunk_live=false
[11:26:17.724] [INFO] [EXEC] STREAM_OWNERSHIP_AUDIT stream_id=7 state=WAIT_BUY buy_order_id=0 sell_order_id=0 chunk_id=0 chunk_qty=0.000000 buy_live=false sell_live=false chunk_live=false
[11:26:17.724] [INFO] [EXEC] STREAM_OWNERSHIP_AUDIT stream_id=8 state=WAIT_BUY buy_order_id=0 sell_order_id=0 chunk_id=0 chunk_qty=0.000000 buy_live=false sell_live=false chunk_live=false
[11:26:17.724] [INFO] [EXEC] STREAM_OWNERSHIP_AUDIT stream_id=9 state=WAIT_BUY buy_order_id=0 sell_order_id=0 chunk_id=0 chunk_qty=0.000000 buy_live=false sell_live=false chunk_live=false
[11:26:17.724] [INFO] [EXEC] STREAM_OWNERSHIP_AUDIT stream_id=10 state=WAIT_BUY buy_order_id=0 sell_order_id=0 chunk_id=0 chunk_qty=0.000000 buy_live=false sell_live=false chunk_live=false
[11:26:17.725] [INFO] [EXEC] STREAM_OWNERSHIP_AUDIT stream_id=11 state=WAIT_BUY buy_order_id=0 sell_order_id=0 chunk_id=0 chunk_qty=0.000000 buy_live=false sell_live=false chunk_live=false
[11:26:17.725] [INFO] [EXEC] STREAM_OWNERSHIP_AUDIT stream_id=12 state=WAIT_BUY buy_order_id=0 sell_order_id=0 chunk_id=0 chunk_qty=0.000000 buy_live=false sell_live=false chunk_live=false
[11:26:17.725] [INFO] [EXEC] STREAM_OWNERSHIP_AUDIT stream_id=13 state=WAIT_BUY buy_order_id=0 sell_order_id=0 chunk_id=0 chunk_qty=0.000000 buy_live=false sell_live=false chunk_live=false
[11:26:17.725] [INFO] [EXEC] STREAM_OWNERSHIP_AUDIT stream_id=14 state=WAIT_BUY buy_order_id=0 sell_order_id=0 chunk_id=0 chunk_qty=0.000000 buy_live=false sell_live=false chunk_live=false
[11:26:17.726] [INFO] [EXEC] STREAM_OWNERSHIP_AUDIT stream_id=15 state=WAIT_BUY buy_order_id=0 sell_order_id=0 chunk_id=0 chunk_qty=0.000000 buy_live=false sell_live=false chunk_live=false
[11:26:17.726] [INFO] [EXEC] STREAM_OWNERSHIP_AUDIT stream_id=16 state=WAIT_BUY buy_order_id=0 sell_order_id=0 chunk_id=0 chunk_qty=0.000000 buy_live=false sell_live=false chunk_live=false
[11:26:17.726] [INFO] [EXEC] STREAM_OWNERSHIP_AUDIT stream_id=17 state=WAIT_BUY buy_order_id=0 sell_order_id=0 chunk_id=0 chunk_qty=0.000000 buy_live=false sell_live=false chunk_live=false
[11:26:17.726] [INFO] [EXEC] STREAM_OWNERSHIP_AUDIT stream_id=18 state=WAIT_BUY buy_order_id=0 sell_order_id=0 chunk_id=0 chunk_qty=0.000000 buy_live=false sell_live=false chunk_live=false
[11:26:17.727] [INFO] [EXEC] STREAM_OWNERSHIP_AUDIT stream_id=19 state=WAIT_BUY buy_order_id=0 sell_order_id=0 chunk_id=0 chunk_qty=0.000000 buy_live=false sell_live=false chunk_live=false
[11:26:17.727] [INFO] [EXEC] STREAM_OWNERSHIP_AUDIT stream_id=20 state=WAIT_BUY buy_order_id=0 sell_order_id=0 chunk_id=0 chunk_qty=0.000000 buy_live=false sell_live=false chunk_live=false
[11:26:17.727] [ERROR] [EXEC] STREAM_STATE_MISMATCH reason=stream_inventory_qty_mismatch inventory_qty=0.000180 stream_chunks=0
[11:26:17.727] [INFO] [EXEC] STREAM_OWNERSHIP_SUMMARY streams_total=20 wait_buy=16 buy_placed=0 sell_active=3 exiting=1 recycle=0 chunks_total=1 stream_chunks=0 orphan_chunks=1 inventory_qty=0.000180 stream_inventory_qty=0.000000 orphan_inventory_qty=0.000180
[11:26:17.728] [ERROR] [EXEC] STREAM_OWNERSHIP_MISMATCH reason=qty_without_stream_chunks qty=0.000180
[11:26:17.728] [INFO] [EXEC] STREAM_STATS_UI cycles=4 wins=4 losses=0 pnl=+0.000106 winrate=100.00%
[11:26:18.389] [INFO] [EXEC] STREAM_EXIT_RETRY_STATUS stream_id=3 chunk_id=1548854863264 order_id=391891734 status=NEW
[11:26:18.390] [INFO] GUI_PERF tick_ms=0 logs_visible=False gui_log_mode=OFF append_skipped=1418
[11:26:18.390] [ERROR] [EXEC] STREAM_OWNERSHIP_MISMATCH reason=qty_without_stream_chunks qty=0.000180
[11:26:19.161] [INFO] [EXEC] STREAM_EXIT_RETRY_STATUS stream_id=3 chunk_id=1548854863264 order_id=391891734 status=NEW
[11:26:19.162] [INFO] [EXEC] STREAM_OWNERSHIP_AUDIT stream_id=1 state=SELL_PLACED buy_order_id=0 sell_order_id=391889520 chunk_id=1548835984624 chunk_qty=0.000000 buy_live=false sell_live=true chunk_live=false
[11:26:19.163] [INFO] [EXEC] STREAM_OWNERSHIP_AUDIT stream_id=2 state=SELL_PLACED buy_order_id=0 sell_order_id=391890668 chunk_id=1548835960304 chunk_qty=0.000000 buy_live=false sell_live=true chunk_live=false
[11:26:19.164] [INFO] [EXEC] STREAM_OWNERSHIP_AUDIT stream_id=3 state=SELL_PLACED buy_order_id=0 sell_order_id=391891734 chunk_id=1548854863264 chunk_qty=0.000180 buy_live=false sell_live=true chunk_live=true
[11:26:19.165] [INFO] [EXEC] STREAM_OWNERSHIP_AUDIT stream_id=4 state=SELL_PLACED buy_order_id=0 sell_order_id=391889322 chunk_id=1548854839872 chunk_qty=0.000000 buy_live=false sell_live=true chunk_live=false
[11:26:19.165] [INFO] [EXEC] STREAM_OWNERSHIP_AUDIT stream_id=5 state=WAIT_BUY buy_order_id=0 sell_order_id=0 chunk_id=0 chunk_qty=0.000000 buy_live=false sell_live=false chunk_live=false
[11:26:19.166] [INFO] [EXEC] STREAM_OWNERSHIP_AUDIT stream_id=6 state=WAIT_BUY buy_order_id=0 sell_order_id=0 chunk_id=0 chunk_qty=0.000000 buy_live=false sell_live=false chunk_live=false
[11:26:19.167] [INFO] [EXEC] STREAM_OWNERSHIP_AUDIT stream_id=7 state=WAIT_BUY buy_order_id=0 sell_order_id=0 chunk_id=0 chunk_qty=0.000000 buy_live=false sell_live=false chunk_live=false
[11:26:19.168] [INFO] [EXEC] STREAM_OWNERSHIP_AUDIT stream_id=8 state=WAIT_BUY buy_order_id=0 sell_order_id=0 chunk_id=0 chunk_qty=0.000000 buy_live=false sell_live=false chunk_live=false
[11:26:19.169] [INFO] [EXEC] STREAM_OWNERSHIP_AUDIT stream_id=9 state=WAIT_BUY buy_order_id=0 sell_order_id=0 chunk_id=0 chunk_qty=0.000000 buy_live=false sell_live=false chunk_live=false
[11:26:19.169] [INFO] [EXEC] STREAM_OWNERSHIP_AUDIT stream_id=10 state=WAIT_BUY buy_order_id=0 sell_order_id=0 chunk_id=0 chunk_qty=0.000000 buy_live=false sell_live=false chunk_live=false
[11:26:19.170] [INFO] [EXEC] STREAM_OWNERSHIP_AUDIT stream_id=11 state=WAIT_BUY buy_order_id=0 sell_order_id=0 chunk_id=0 chunk_qty=0.000000 buy_live=false sell_live=false chunk_live=false
[11:26:19.171] [INFO] [EXEC] STREAM_OWNERSHIP_AUDIT stream_id=12 state=WAIT_BUY buy_order_id=0 sell_order_id=0 chunk_id=0 chunk_qty=0.000000 buy_live=false sell_live=false chunk_live=false
[11:26:19.171] [INFO] [EXEC] STREAM_OWNERSHIP_AUDIT stream_id=13 state=WAIT_BUY buy_order_id=0 sell_order_id=0 chunk_id=0 chunk_qty=0.000000 buy_live=false sell_live=false chunk_live=false
[11:26:19.172] [INFO] [EXEC] STREAM_OWNERSHIP_AUDIT stream_id=14 state=WAIT_BUY buy_order_id=0 sell_order_id=0 chunk_id=0 chunk_qty=0.000000 buy_live=false sell_live=false chunk_live=false
[11:26:19.172] [INFO] [EXEC] STREAM_OWNERSHIP_AUDIT stream_id=15 state=WAIT_BUY buy_order_id=0 sell_order_id=0 chunk_id=0 chunk_qty=0.000000 buy_live=false sell_live=false chunk_live=false
[11:26:19.172] [INFO] [EXEC] STREAM_OWNERSHIP_AUDIT stream_id=16 state=WAIT_BUY buy_order_id=0 sell_order_id=0 chunk_id=0 chunk_qty=0.000000 buy_live=false sell_live=false chunk_live=false
[11:26:19.173] [INFO] [EXEC] STREAM_OWNERSHIP_AUDIT stream_id=17 state=WAIT_BUY buy_order_id=0 sell_order_id=0 chunk_id=0 chunk_qty=0.000000 buy_live=false sell_live=false chunk_live=false
[11:26:19.173] [INFO] [EXEC] STREAM_OWNERSHIP_AUDIT stream_id=18 state=WAIT_BUY buy_order_id=0 sell_order_id=0 chunk_id=0 chunk_qty=0.000000 buy_live=false sell_live=false chunk_live=false
[11:26:19.173] [INFO] [EXEC] STREAM_OWNERSHIP_AUDIT stream_id=19 state=WAIT_BUY buy_order_id=0 sell_order_id=0 chunk_id=0 chunk_qty=0.000000 buy_live=false sell_live=false chunk_live=false
[11:26:19.174] [INFO] [EXEC] STREAM_OWNERSHIP_AUDIT stream_id=20 state=WAIT_BUY buy_order_id=0 sell_order_id=0 chunk_id=0 chunk_qty=0.000000 buy_live=false sell_live=false chunk_live=false
[11:26:19.174] [ERROR] [EXEC] STREAM_STATE_MISMATCH reason=stream_inventory_qty_mismatch inventory_qty=0.000180 stream_chunks=0
[11:26:19.175] [INFO] [EXEC] STREAM_OWNERSHIP_SUMMARY streams_total=20 wait_buy=16 buy_placed=0 sell_active=4 exiting=0 recycle=0 chunks_total=1 stream_chunks=0 orphan_chunks=1 inventory_qty=0.000180 stream_inventory_qty=0.000000 orphan_inventory_qty=0.000180
[11:26:19.175] [INFO] [EXEC] STREAM_REPAIR_SKIP reason=stream_owned_inventory
[11:26:19.176] [ERROR] [EXEC] STREAM_OWNERSHIP_MISMATCH reason=qty_without_stream_chunks qty=0.000180
[11:26:19.176] [INFO] [EXEC] STREAM_GLOBAL_SMART_EXIT_BLOCKED reason=stream_owned_inventory qty=0.000180 trigger=exit_recovery_inventory_no_sell
[11:26:19.176] [ERROR] [EXEC] STREAM_OWNERSHIP_MISMATCH reason=qty_without_stream_chunks qty=0.000180
[11:26:19.177] [INFO] [EXEC] STREAM_GLOBAL_SMART_EXIT_BLOCKED reason=stream_owned_inventory qty=0.000180 trigger=place_sell
[11:26:19.914] [INFO] [EXEC] STREAM_EXIT_RETRY_STATUS stream_id=3 chunk_id=1548854863264 order_id=391891734 status=NEW
[11:26:19.914] [INFO] GUI_PERF tick_ms=0 logs_visible=False gui_log_mode=OFF append_skipped=1448
[11:26:19.915] [ERROR] [EXEC] STREAM_OWNERSHIP_MISMATCH reason=qty_without_stream_chunks qty=0.000180
[11:26:20.689] [INFO] [EXEC] STREAM_EXIT_RETRY_STATUS stream_id=3 chunk_id=1548854863264 order_id=391891734 status=NEW
[11:26:20.689] [WARNING] [EXEC] STREAM_SELL_TIMEOUT stream_id=3 chunk_id=1548854863264 order_id=391891734 age_ms=3578 timeout_ms=2800
[11:26:20.949] [INFO] [EXEC] STREAM_SELL_CANCEL_OLD stream_id=3 chunk_id=1548854863264 order_id=391891734
[11:26:20.950] [INFO] GUI_PERF tick_ms=0 logs_visible=False gui_log_mode=OFF append_skipped=1452
[11:26:20.951] [ERROR] [EXEC] STREAM_EXIT_STUCK stream_id=3 chunk_id=1548854863264 order_id=391891734
[11:26:20.952] [WARNING] [EXEC] STREAM_EXIT_ISOLATED stream_id=3 chunk_id=1548854863264 action=force_sell_reprice
[11:26:20.953] [INFO] [EXEC] STREAM_OWNERSHIP_AUDIT stream_id=1 state=SELL_PLACED buy_order_id=0 sell_order_id=391889520 chunk_id=1548835984624 chunk_qty=0.000000 buy_live=false sell_live=true chunk_live=false
[11:26:20.954] [INFO] [EXEC] STREAM_OWNERSHIP_AUDIT stream_id=2 state=SELL_PLACED buy_order_id=0 sell_order_id=391890668 chunk_id=1548835960304 chunk_qty=0.000000 buy_live=false sell_live=true chunk_live=false
[11:26:20.955] [INFO] [EXEC] STREAM_OWNERSHIP_AUDIT stream_id=3 state=SELL_PLACED buy_order_id=0 sell_order_id=391891734 chunk_id=1548854863264 chunk_qty=0.000180 buy_live=false sell_live=true chunk_live=true
[11:26:20.956] [INFO] [EXEC] STREAM_OWNERSHIP_AUDIT stream_id=4 state=SELL_PLACED buy_order_id=0 sell_order_id=391889322 chunk_id=1548854839872 chunk_qty=0.000000 buy_live=false sell_live=true chunk_live=false
[11:26:20.956] [INFO] [EXEC] STREAM_OWNERSHIP_AUDIT stream_id=5 state=WAIT_BUY buy_order_id=0 sell_order_id=0 chunk_id=0 chunk_qty=0.000000 buy_live=false sell_live=false chunk_live=false
[11:26:20.957] [INFO] [EXEC] STREAM_OWNERSHIP_AUDIT stream_id=6 state=WAIT_BUY buy_order_id=0 sell_order_id=0 chunk_id=0 chunk_qty=0.000000 buy_live=false sell_live=false chunk_live=false
[11:26:20.958] [INFO] [EXEC] STREAM_OWNERSHIP_AUDIT stream_id=7 state=WAIT_BUY buy_order_id=0 sell_order_id=0 chunk_id=0 chunk_qty=0.000000 buy_live=false sell_live=false chunk_live=false
[11:26:20.959] [INFO] [EXEC] STREAM_OWNERSHIP_AUDIT stream_id=8 state=WAIT_BUY buy_order_id=0 sell_order_id=0 chunk_id=0 chunk_qty=0.000000 buy_live=false sell_live=false chunk_live=false
[11:26:20.960] [INFO] [EXEC] STREAM_OWNERSHIP_AUDIT stream_id=9 state=WAIT_BUY buy_order_id=0 sell_order_id=0 chunk_id=0 chunk_qty=0.000000 buy_live=false sell_live=false chunk_live=false
[11:26:20.960] [INFO] [EXEC] STREAM_OWNERSHIP_AUDIT stream_id=10 state=WAIT_BUY buy_order_id=0 sell_order_id=0 chunk_id=0 chunk_qty=0.000000 buy_live=false sell_live=false chunk_live=false
[11:26:20.961] [INFO] [EXEC] STREAM_OWNERSHIP_AUDIT stream_id=11 state=WAIT_BUY buy_order_id=0 sell_order_id=0 chunk_id=0 chunk_qty=0.000000 buy_live=false sell_live=false chunk_live=false
[11:26:20.962] [INFO] [EXEC] STREAM_OWNERSHIP_AUDIT stream_id=12 state=WAIT_BUY buy_order_id=0 sell_order_id=0 chunk_id=0 chunk_qty=0.000000 buy_live=false sell_live=false chunk_live=false
[11:26:20.963] [INFO] [EXEC] STREAM_OWNERSHIP_AUDIT stream_id=13 state=WAIT_BUY buy_order_id=0 sell_order_id=0 chunk_id=0 chunk_qty=0.000000 buy_live=false sell_live=false chunk_live=false
[11:26:20.963] [INFO] [EXEC] STREAM_OWNERSHIP_AUDIT stream_id=14 state=WAIT_BUY buy_order_id=0 sell_order_id=0 chunk_id=0 chunk_qty=0.000000 buy_live=false sell_live=false chunk_live=false
[11:26:20.964] [INFO] [EXEC] STREAM_OWNERSHIP_AUDIT stream_id=15 state=WAIT_BUY buy_order_id=0 sell_order_id=0 chunk_id=0 chunk_qty=0.000000 buy_live=false sell_live=false chunk_live=false
[11:26:20.965] [INFO] [EXEC] STREAM_OWNERSHIP_AUDIT stream_id=16 state=WAIT_BUY buy_order_id=0 sell_order_id=0 chunk_id=0 chunk_qty=0.000000 buy_live=false sell_live=false chunk_live=false
[11:26:20.965] [INFO] [EXEC] STREAM_OWNERSHIP_AUDIT stream_id=17 state=WAIT_BUY buy_order_id=0 sell_order_id=0 chunk_id=0 chunk_qty=0.000000 buy_live=false sell_live=false chunk_live=false
[11:26:20.966] [INFO] [EXEC] STREAM_OWNERSHIP_AUDIT stream_id=18 state=WAIT_BUY buy_order_id=0 sell_order_id=0 chunk_id=0 chunk_qty=0.000000 buy_live=false sell_live=false chunk_live=false
[11:26:20.967] [INFO] [EXEC] STREAM_OWNERSHIP_AUDIT stream_id=19 state=WAIT_BUY buy_order_id=0 sell_order_id=0 chunk_id=0 chunk_qty=0.000000 buy_live=false sell_live=false chunk_live=false
[11:26:20.967] [INFO] [EXEC] STREAM_OWNERSHIP_AUDIT stream_id=20 state=WAIT_BUY buy_order_id=0 sell_order_id=0 chunk_id=0 chunk_qty=0.000000 buy_live=false sell_live=false chunk_live=false
[11:26:20.968] [ERROR] [EXEC] STREAM_STATE_MISMATCH reason=stream_inventory_qty_mismatch inventory_qty=0.000180 stream_chunks=0
[11:26:20.968] [INFO] [EXEC] STREAM_OWNERSHIP_SUMMARY streams_total=20 wait_buy=16 buy_placed=0 sell_active=4 exiting=0 recycle=0 chunks_total=1 stream_chunks=0 orphan_chunks=1 inventory_qty=0.000180 stream_inventory_qty=0.000000 orphan_inventory_qty=0.000180
[11:26:20.969] [ERROR] [EXEC] STREAM_OWNERSHIP_MISMATCH reason=qty_without_stream_chunks qty=0.000180
[11:26:20.969] [INFO] [EXEC] EXIT RECOVERY inventory_no_sell qty=0.000180
[11:26:20.970] [ERROR] [EXEC] STREAM_OWNERSHIP_MISMATCH reason=qty_without_stream_chunks qty=0.000180
[11:26:21.492] [INFO] [EXEC] SELL CHECK inventory=0.000180 reported=0.000000 remaining=0.000180 chunks=1
[11:26:21.492] [INFO] [EXEC] PLACE_SELL_SOURCE source=plan price=79393.88
[11:26:21.493] [OK] [EXEC] PLACE SELL price=79393.88 qty=0.000180
[11:26:21.757] [WARNING] [EXEC] SELL_HOLD_RECOVERY_START orderId=391891807 entry=79393.86 floor=79393.88 ask=79366.43
[11:26:21.758] [OK] [EXEC] SELL ORDER SENT orderId=391891807
[11:26:23.911] [INFO] [EXEC] STREAM_OWNERSHIP_AUDIT stream_id=1 state=SELL_PLACED buy_order_id=0 sell_order_id=391889520 chunk_id=1548835984624 chunk_qty=0.000000 buy_live=false sell_live=true chunk_live=false
[11:26:23.913] [INFO] GUI_PERF tick_ms=0 logs_visible=False gui_log_mode=OFF append_skipped=1485
[11:26:23.914] [INFO] [EXEC] STREAM_OWNERSHIP_AUDIT stream_id=2 state=SELL_PLACED buy_order_id=0 sell_order_id=391890668 chunk_id=1548835960304 chunk_qty=0.000000 buy_live=false sell_live=true chunk_live=false
[11:26:23.914] [INFO] [EXEC] STREAM_OWNERSHIP_AUDIT stream_id=3 state=SELL_PLACED buy_order_id=0 sell_order_id=391891734 chunk_id=1548854863264 chunk_qty=0.000180 buy_live=false sell_live=true chunk_live=true
[11:26:23.915] [INFO] [EXEC] STREAM_OWNERSHIP_AUDIT stream_id=4 state=SELL_PLACED buy_order_id=0 sell_order_id=391889322 chunk_id=1548854839872 chunk_qty=0.000000 buy_live=false sell_live=true chunk_live=false
[11:26:23.916] [INFO] [EXEC] STREAM_OWNERSHIP_AUDIT stream_id=5 state=WAIT_BUY buy_order_id=0 sell_order_id=0 chunk_id=0 chunk_qty=0.000000 buy_live=false sell_live=false chunk_live=false
[11:26:23.917] [INFO] [EXEC] STREAM_OWNERSHIP_AUDIT stream_id=6 state=WAIT_BUY buy_order_id=0 sell_order_id=0 chunk_id=0 chunk_qty=0.000000 buy_live=false sell_live=false chunk_live=false
[11:26:23.918] [INFO] [EXEC] STREAM_OWNERSHIP_AUDIT stream_id=7 state=WAIT_BUY buy_order_id=0 sell_order_id=0 chunk_id=0 chunk_qty=0.000000 buy_live=false sell_live=false chunk_live=false
[11:26:23.919] [INFO] [EXEC] STREAM_OWNERSHIP_AUDIT stream_id=8 state=WAIT_BUY buy_order_id=0 sell_order_id=0 chunk_id=0 chunk_qty=0.000000 buy_live=false sell_live=false chunk_live=false
[11:26:23.919] [INFO] [EXEC] STREAM_OWNERSHIP_AUDIT stream_id=9 state=WAIT_BUY buy_order_id=0 sell_order_id=0 chunk_id=0 chunk_qty=0.000000 buy_live=false sell_live=false chunk_live=false
[11:26:23.920] [INFO] [EXEC] STREAM_OWNERSHIP_AUDIT stream_id=10 state=WAIT_BUY buy_order_id=0 sell_order_id=0 chunk_id=0 chunk_qty=0.000000 buy_live=false sell_live=false chunk_live=false
[11:26:23.920] [INFO] [EXEC] STREAM_OWNERSHIP_AUDIT stream_id=11 state=WAIT_BUY buy_order_id=0 sell_order_id=0 chunk_id=0 chunk_qty=0.000000 buy_live=false sell_live=false chunk_live=false
[11:26:23.921] [INFO] [EXEC] STREAM_OWNERSHIP_AUDIT stream_id=12 state=WAIT_BUY buy_order_id=0 sell_order_id=0 chunk_id=0 chunk_qty=0.000000 buy_live=false sell_live=false chunk_live=false
[11:26:23.921] [INFO] [EXEC] STREAM_OWNERSHIP_AUDIT stream_id=13 state=WAIT_BUY buy_order_id=0 sell_order_id=0 chunk_id=0 chunk_qty=0.000000 buy_live=false sell_live=false chunk_live=false
[11:26:23.922] [INFO] [EXEC] STREAM_OWNERSHIP_AUDIT stream_id=14 state=WAIT_BUY buy_order_id=0 sell_order_id=0 chunk_id=0 chunk_qty=0.000000 buy_live=false sell_live=false chunk_live=false
[11:26:23.922] [INFO] [EXEC] STREAM_OWNERSHIP_AUDIT stream_id=15 state=WAIT_BUY buy_order_id=0 sell_order_id=0 chunk_id=0 chunk_qty=0.000000 buy_live=false sell_live=false chunk_live=false
[11:26:23.922] [INFO] [EXEC] STREAM_OWNERSHIP_AUDIT stream_id=16 state=WAIT_BUY buy_order_id=0 sell_order_id=0 chunk_id=0 chunk_qty=0.000000 buy_live=false sell_live=false chunk_live=false
[11:26:23.923] [INFO] [EXEC] STREAM_OWNERSHIP_AUDIT stream_id=17 state=WAIT_BUY buy_order_id=0 sell_order_id=0 chunk_id=0 chunk_qty=0.000000 buy_live=false sell_live=false chunk_live=false
[11:26:23.923] [INFO] [EXEC] STREAM_OWNERSHIP_AUDIT stream_id=18 state=WAIT_BUY buy_order_id=0 sell_order_id=0 chunk_id=0 chunk_qty=0.000000 buy_live=false sell_live=false chunk_live=false
[11:26:23.923] [INFO] [EXEC] STREAM_OWNERSHIP_AUDIT stream_id=19 state=WAIT_BUY buy_order_id=0 sell_order_id=0 chunk_id=0 chunk_qty=0.000000 buy_live=false sell_live=false chunk_live=false
[11:26:23.924] [INFO] [EXEC] STREAM_OWNERSHIP_AUDIT stream_id=20 state=WAIT_BUY buy_order_id=0 sell_order_id=0 chunk_id=0 chunk_qty=0.000000 buy_live=false sell_live=false chunk_live=false
[11:26:23.924] [ERROR] [EXEC] STREAM_STATE_MISMATCH reason=stream_inventory_qty_mismatch inventory_qty=0.000180 stream_chunks=0
[11:26:23.924] [INFO] [EXEC] STREAM_OWNERSHIP_SUMMARY streams_total=20 wait_buy=16 buy_placed=0 sell_active=4 exiting=0 recycle=0 chunks_total=1 stream_chunks=0 orphan_chunks=1 inventory_qty=0.000180 stream_inventory_qty=0.000000 orphan_inventory_qty=0.000180
[11:26:24.719] [INFO] [EXEC] SELL_WATCHDOG_SYNC orderId=391891807 status=NEW
[11:26:24.720] [INFO] [EXEC] SELL_WATCHDOG_FAR_IGNORE orderId=391891807 reason=protected_sell dist_ticks=2787
[11:26:24.721] [INFO] [EXEC] STREAM_STATS_UI cycles=4 wins=4 losses=0 pnl=+0.000106 winrate=100.00%
[11:26:25.554] [INFO] [EXEC] STREAM_OWNERSHIP_AUDIT stream_id=1 state=SELL_PLACED buy_order_id=0 sell_order_id=391889520 chunk_id=1548835984624 chunk_qty=0.000000 buy_live=false sell_live=true chunk_live=false
[11:26:25.555] [INFO] GUI_PERF tick_ms=0 logs_visible=False gui_log_mode=OFF append_skipped=1510
[11:26:25.556] [INFO] [EXEC] STREAM_OWNERSHIP_AUDIT stream_id=2 state=SELL_PLACED buy_order_id=0 sell_order_id=391890668 chunk_id=1548835960304 chunk_qty=0.000000 buy_live=false sell_live=true chunk_live=false
[11:26:25.556] [INFO] [EXEC] STREAM_OWNERSHIP_AUDIT stream_id=3 state=SELL_PLACED buy_order_id=0 sell_order_id=391891734 chunk_id=1548854863264 chunk_qty=0.000180 buy_live=false sell_live=true chunk_live=true
[11:26:25.557] [INFO] [EXEC] STREAM_OWNERSHIP_AUDIT stream_id=4 state=SELL_PLACED buy_order_id=0 sell_order_id=391889322 chunk_id=1548854839872 chunk_qty=0.000000 buy_live=false sell_live=true chunk_live=false
[11:26:25.558] [INFO] [EXEC] STREAM_OWNERSHIP_AUDIT stream_id=5 state=WAIT_BUY buy_order_id=0 sell_order_id=0 chunk_id=0 chunk_qty=0.000000 buy_live=false sell_live=false chunk_live=false
[11:26:25.558] [INFO] [EXEC] STREAM_OWNERSHIP_AUDIT stream_id=6 state=WAIT_BUY buy_order_id=0 sell_order_id=0 chunk_id=0 chunk_qty=0.000000 buy_live=false sell_live=false chunk_live=false
[11:26:25.559] [INFO] [EXEC] STREAM_OWNERSHIP_AUDIT stream_id=7 state=WAIT_BUY buy_order_id=0 sell_order_id=0 chunk_id=0 chunk_qty=0.000000 buy_live=false sell_live=false chunk_live=false
[11:26:25.559] [INFO] [EXEC] STREAM_OWNERSHIP_AUDIT stream_id=8 state=WAIT_BUY buy_order_id=0 sell_order_id=0 chunk_id=0 chunk_qty=0.000000 buy_live=false sell_live=false chunk_live=false
[11:26:25.559] [INFO] [EXEC] STREAM_OWNERSHIP_AUDIT stream_id=9 state=WAIT_BUY buy_order_id=0 sell_order_id=0 chunk_id=0 chunk_qty=0.000000 buy_live=false sell_live=false chunk_live=false
[11:26:25.559] [INFO] [EXEC] STREAM_OWNERSHIP_AUDIT stream_id=10 state=WAIT_BUY buy_order_id=0 sell_order_id=0 chunk_id=0 chunk_qty=0.000000 buy_live=false sell_live=false chunk_live=false
[11:26:25.560] [INFO] [EXEC] STREAM_OWNERSHIP_AUDIT stream_id=11 state=WAIT_BUY buy_order_id=0 sell_order_id=0 chunk_id=0 chunk_qty=0.000000 buy_live=false sell_live=false chunk_live=false
[11:26:25.560] [INFO] [EXEC] STREAM_OWNERSHIP_AUDIT stream_id=12 state=WAIT_BUY buy_order_id=0 sell_order_id=0 chunk_id=0 chunk_qty=0.000000 buy_live=false sell_live=false chunk_live=false
[11:26:25.560] [INFO] [EXEC] STREAM_OWNERSHIP_AUDIT stream_id=13 state=WAIT_BUY buy_order_id=0 sell_order_id=0 chunk_id=0 chunk_qty=0.000000 buy_live=false sell_live=false chunk_live=false
[11:26:25.560] [INFO] [EXEC] STREAM_OWNERSHIP_AUDIT stream_id=14 state=WAIT_BUY buy_order_id=0 sell_order_id=0 chunk_id=0 chunk_qty=0.000000 buy_live=false sell_live=false chunk_live=false
[11:26:25.561] [INFO] [EXEC] STREAM_OWNERSHIP_AUDIT stream_id=15 state=WAIT_BUY buy_order_id=0 sell_order_id=0 chunk_id=0 chunk_qty=0.000000 buy_live=false sell_live=false chunk_live=false
[11:26:25.561] [INFO] [EXEC] STREAM_OWNERSHIP_AUDIT stream_id=16 state=WAIT_BUY buy_order_id=0 sell_order_id=0 chunk_id=0 chunk_qty=0.000000 buy_live=false sell_live=false chunk_live=false
[11:26:25.561] [INFO] [EXEC] STREAM_OWNERSHIP_AUDIT stream_id=17 state=WAIT_BUY buy_order_id=0 sell_order_id=0 chunk_id=0 chunk_qty=0.000000 buy_live=false sell_live=false chunk_live=false
[11:26:25.561] [INFO] [EXEC] STREAM_OWNERSHIP_AUDIT stream_id=18 state=WAIT_BUY buy_order_id=0 sell_order_id=0 chunk_id=0 chunk_qty=0.000000 buy_live=false sell_live=false chunk_live=false
[11:26:25.562] [INFO] [EXEC] STREAM_OWNERSHIP_AUDIT stream_id=19 state=WAIT_BUY buy_order_id=0 sell_order_id=0 chunk_id=0 chunk_qty=0.000000 buy_live=false sell_live=false chunk_live=false
[11:26:25.562] [INFO] [EXEC] STREAM_OWNERSHIP_AUDIT stream_id=20 state=WAIT_BUY buy_order_id=0 sell_order_id=0 chunk_id=0 chunk_qty=0.000000 buy_live=false sell_live=false chunk_live=false
[11:26:25.562] [ERROR] [EXEC] STREAM_STATE_MISMATCH reason=stream_inventory_qty_mismatch inventory_qty=0.000180 stream_chunks=0
[11:26:25.563] [INFO] [EXEC] STREAM_OWNERSHIP_SUMMARY streams_total=20 wait_buy=16 buy_placed=0 sell_active=4 exiting=0 recycle=0 chunks_total=1 stream_chunks=0 orphan_chunks=1 inventory_qty=0.000180 stream_inventory_qty=0.000000 orphan_inventory_qty=0.000180
[11:26:25.825] [INFO] [EXEC] SELL_WATCHDOG_SYNC orderId=391891807 status=NEW
[11:26:26.771] [INFO] [EXEC] HOLD_PROTECTED_SKIP_EXIT_ESCALATION reason=force_flat_after_ms orderId=391891807 hold_age=4737 soft=5000 hard=12000
[11:26:26.772] [INFO] GUI_PERF tick_ms=0 logs_visible=False gui_log_mode=OFF append_skipped=1533
[11:26:27.497] [INFO] [EXEC] STREAM_OWNERSHIP_AUDIT stream_id=1 state=SELL_PLACED buy_order_id=0 sell_order_id=391889520 chunk_id=1548835984624 chunk_qty=0.000000 buy_live=false sell_live=true chunk_live=false
[11:26:27.498] [INFO] [EXEC] STREAM_OWNERSHIP_AUDIT stream_id=2 state=SELL_PLACED buy_order_id=0 sell_order_id=391890668 chunk_id=1548835960304 chunk_qty=0.000000 buy_live=false sell_live=true chunk_live=false
[11:26:27.498] [INFO] [EXEC] STREAM_OWNERSHIP_AUDIT stream_id=3 state=SELL_PLACED buy_order_id=0 sell_order_id=391891734 chunk_id=1548854863264 chunk_qty=0.000180 buy_live=false sell_live=true chunk_live=true
[11:26:27.498] [INFO] [EXEC] STREAM_OWNERSHIP_AUDIT stream_id=4 state=SELL_PLACED buy_order_id=0 sell_order_id=391889322 chunk_id=1548854839872 chunk_qty=0.000000 buy_live=false sell_live=true chunk_live=false
[11:26:27.498] [INFO] [EXEC] STREAM_OWNERSHIP_AUDIT stream_id=5 state=WAIT_BUY buy_order_id=0 sell_order_id=0 chunk_id=0 chunk_qty=0.000000 buy_live=false sell_live=false chunk_live=false
[11:26:27.499] [INFO] [EXEC] STREAM_OWNERSHIP_AUDIT stream_id=6 state=WAIT_BUY buy_order_id=0 sell_order_id=0 chunk_id=0 chunk_qty=0.000000 buy_live=false sell_live=false chunk_live=false
[11:26:27.499] [INFO] [EXEC] STREAM_OWNERSHIP_AUDIT stream_id=7 state=WAIT_BUY buy_order_id=0 sell_order_id=0 chunk_id=0 chunk_qty=0.000000 buy_live=false sell_live=false chunk_live=false
[11:26:27.499] [INFO] [EXEC] STREAM_OWNERSHIP_AUDIT stream_id=8 state=WAIT_BUY buy_order_id=0 sell_order_id=0 chunk_id=0 chunk_qty=0.000000 buy_live=false sell_live=false chunk_live=false
[11:26:27.500] [INFO] [EXEC] STREAM_OWNERSHIP_AUDIT stream_id=9 state=WAIT_BUY buy_order_id=0 sell_order_id=0 chunk_id=0 chunk_qty=0.000000 buy_live=false sell_live=false chunk_live=false
[11:26:27.500] [INFO] [EXEC] STREAM_OWNERSHIP_AUDIT stream_id=10 state=WAIT_BUY buy_order_id=0 sell_order_id=0 chunk_id=0 chunk_qty=0.000000 buy_live=false sell_live=false chunk_live=false
[11:26:27.500] [INFO] [EXEC] STREAM_OWNERSHIP_AUDIT stream_id=11 state=WAIT_BUY buy_order_id=0 sell_order_id=0 chunk_id=0 chunk_qty=0.000000 buy_live=false sell_live=false chunk_live=false
[11:26:27.500] [INFO] [EXEC] STREAM_OWNERSHIP_AUDIT stream_id=12 state=WAIT_BUY buy_order_id=0 sell_order_id=0 chunk_id=0 chunk_qty=0.000000 buy_live=false sell_live=false chunk_live=false
[11:26:27.501] [INFO] [EXEC] STREAM_OWNERSHIP_AUDIT stream_id=13 state=WAIT_BUY buy_order_id=0 sell_order_id=0 chunk_id=0 chunk_qty=0.000000 buy_live=false sell_live=false chunk_live=false
[11:26:27.501] [INFO] [EXEC] STREAM_OWNERSHIP_AUDIT stream_id=14 state=WAIT_BUY buy_order_id=0 sell_order_id=0 chunk_id=0 chunk_qty=0.000000 buy_live=false sell_live=false chunk_live=false
[11:26:27.501] [INFO] [EXEC] STREAM_OWNERSHIP_AUDIT stream_id=15 state=WAIT_BUY buy_order_id=0 sell_order_id=0 chunk_id=0 chunk_qty=0.000000 buy_live=false sell_live=false chunk_live=false
[11:26:27.502] [INFO] [EXEC] STREAM_OWNERSHIP_AUDIT stream_id=16 state=WAIT_BUY buy_order_id=0 sell_order_id=0 chunk_id=0 chunk_qty=0.000000 buy_live=false sell_live=false chunk_live=false
[11:26:27.502] [INFO] [EXEC] STREAM_OWNERSHIP_AUDIT stream_id=17 state=WAIT_BUY buy_order_id=0 sell_order_id=0 chunk_id=0 chunk_qty=0.000000 buy_live=false sell_live=false chunk_live=false
[11:26:27.502] [INFO] [EXEC] STREAM_OWNERSHIP_AUDIT stream_id=18 state=WAIT_BUY buy_order_id=0 sell_order_id=0 chunk_id=0 chunk_qty=0.000000 buy_live=false sell_live=false chunk_live=false
[11:26:27.502] [INFO] [EXEC] STREAM_OWNERSHIP_AUDIT stream_id=19 state=WAIT_BUY buy_order_id=0 sell_order_id=0 chunk_id=0 chunk_qty=0.000000 buy_live=false sell_live=false chunk_live=false
[11:26:27.503] [INFO] [EXEC] STREAM_OWNERSHIP_AUDIT stream_id=20 state=WAIT_BUY buy_order_id=0 sell_order_id=0 chunk_id=0 chunk_qty=0.000000 buy_live=false sell_live=false chunk_live=false
[11:26:27.503] [ERROR] [EXEC] STREAM_STATE_MISMATCH reason=stream_inventory_qty_mismatch inventory_qty=0.000180 stream_chunks=0
[11:26:27.503] [INFO] [EXEC] STREAM_OWNERSHIP_SUMMARY streams_total=20 wait_buy=16 buy_placed=0 sell_active=4 exiting=0 recycle=0 chunks_total=1 stream_chunks=0 orphan_chunks=1 inventory_qty=0.000180 stream_inventory_qty=0.000000 orphan_inventory_qty=0.000180
[11:26:27.761] [INFO] [EXEC] SELL_WATCHDOG_SYNC orderId=391891807 status=NEW
[11:26:27.762] [WARNING] [EXEC] SMART_EXIT_ACTIVE
[11:26:27.763] [WARNING] [EXEC] SMART_EXIT_BREAK_HOLD reason=too_far age=5746 dist_ticks=2913
[11:26:28.298] [WARNING] [EXEC] TAKER_EXIT_TRIGGER reason=smart_break_hold_too_far age=6011 qty=0.000180
[11:26:28.299] [INFO] GUI_PERF tick_ms=0 logs_visible=False gui_log_mode=OFF append_skipped=1559
[11:26:28.300] [WARNING] [EXEC] SMART_EXIT_TO_TAKER reason=smart_break_hold_too_far
[11:26:28.301] [WARNING] [EXEC] TAKER_EXIT_CANCEL_MAKER orderId=391891807
[11:26:29.103] [INFO] [EXEC] PLACE_SELL_SOURCE source=taker price=79359.25
[11:26:29.376] [WARNING] [EXEC] TAKER_EXIT_ORDER_SENT id=391892018 price=79359.25 qty=0.000180
[11:26:29.377] [INFO] GUI_PERF tick_ms=0 logs_visible=False gui_log_mode=OFF append_skipped=1563
[11:26:29.713] [INFO] [EXEC] STREAM_OWNERSHIP_AUDIT stream_id=1 state=SELL_PLACED buy_order_id=0 sell_order_id=391889520 chunk_id=1548835984624 chunk_qty=0.000000 buy_live=false sell_live=true chunk_live=false
[11:26:29.714] [INFO] [EXEC] STREAM_OWNERSHIP_AUDIT stream_id=2 state=SELL_PLACED buy_order_id=0 sell_order_id=391890668 chunk_id=1548835960304 chunk_qty=0.000000 buy_live=false sell_live=true chunk_live=false
[11:26:29.714] [INFO] [EXEC] STREAM_OWNERSHIP_AUDIT stream_id=3 state=SELL_PLACED buy_order_id=0 sell_order_id=391891734 chunk_id=1548854863264 chunk_qty=0.000180 buy_live=false sell_live=true chunk_live=true
[11:26:29.715] [INFO] [EXEC] STREAM_OWNERSHIP_AUDIT stream_id=4 state=SELL_PLACED buy_order_id=0 sell_order_id=391889322 chunk_id=1548854839872 chunk_qty=0.000000 buy_live=false sell_live=true chunk_live=false
[11:26:29.716] [INFO] [EXEC] STREAM_OWNERSHIP_AUDIT stream_id=5 state=WAIT_BUY buy_order_id=0 sell_order_id=0 chunk_id=0 chunk_qty=0.000000 buy_live=false sell_live=false chunk_live=false
[11:26:29.717] [INFO] [EXEC] STREAM_OWNERSHIP_AUDIT stream_id=6 state=WAIT_BUY buy_order_id=0 sell_order_id=0 chunk_id=0 chunk_qty=0.000000 buy_live=false sell_live=false chunk_live=false
[11:26:29.717] [INFO] [EXEC] STREAM_OWNERSHIP_AUDIT stream_id=7 state=WAIT_BUY buy_order_id=0 sell_order_id=0 chunk_id=0 chunk_qty=0.000000 buy_live=false sell_live=false chunk_live=false
[11:26:29.718] [INFO] [EXEC] STREAM_OWNERSHIP_AUDIT stream_id=8 state=WAIT_BUY buy_order_id=0 sell_order_id=0 chunk_id=0 chunk_qty=0.000000 buy_live=false sell_live=false chunk_live=false
[11:26:29.718] [INFO] [EXEC] STREAM_OWNERSHIP_AUDIT stream_id=9 state=WAIT_BUY buy_order_id=0 sell_order_id=0 chunk_id=0 chunk_qty=0.000000 buy_live=false sell_live=false chunk_live=false
[11:26:29.718] [INFO] [EXEC] STREAM_OWNERSHIP_AUDIT stream_id=10 state=WAIT_BUY buy_order_id=0 sell_order_id=0 chunk_id=0 chunk_qty=0.000000 buy_live=false sell_live=false chunk_live=false
[11:26:29.719] [INFO] [EXEC] STREAM_OWNERSHIP_AUDIT stream_id=11 state=WAIT_BUY buy_order_id=0 sell_order_id=0 chunk_id=0 chunk_qty=0.000000 buy_live=false sell_live=false chunk_live=false
[11:26:29.719] [INFO] [EXEC] STREAM_OWNERSHIP_AUDIT stream_id=12 state=WAIT_BUY buy_order_id=0 sell_order_id=0 chunk_id=0 chunk_qty=0.000000 buy_live=false sell_live=false chunk_live=false
[11:26:29.719] [INFO] [EXEC] STREAM_OWNERSHIP_AUDIT stream_id=13 state=WAIT_BUY buy_order_id=0 sell_order_id=0 chunk_id=0 chunk_qty=0.000000 buy_live=false sell_live=false chunk_live=false
[11:26:29.719] [INFO] [EXEC] STREAM_OWNERSHIP_AUDIT stream_id=14 state=WAIT_BUY buy_order_id=0 sell_order_id=0 chunk_id=0 chunk_qty=0.000000 buy_live=false sell_live=false chunk_live=false
[11:26:29.720] [INFO] [EXEC] STREAM_OWNERSHIP_AUDIT stream_id=15 state=WAIT_BUY buy_order_id=0 sell_order_id=0 chunk_id=0 chunk_qty=0.000000 buy_live=false sell_live=false chunk_live=false
[11:26:29.720] [INFO] [EXEC] STREAM_OWNERSHIP_AUDIT stream_id=16 state=WAIT_BUY buy_order_id=0 sell_order_id=0 chunk_id=0 chunk_qty=0.000000 buy_live=false sell_live=false chunk_live=false
[11:26:29.720] [INFO] [EXEC] STREAM_OWNERSHIP_AUDIT stream_id=17 state=WAIT_BUY buy_order_id=0 sell_order_id=0 chunk_id=0 chunk_qty=0.000000 buy_live=false sell_live=false chunk_live=false
[11:26:29.720] [INFO] [EXEC] STREAM_OWNERSHIP_AUDIT stream_id=18 state=WAIT_BUY buy_order_id=0 sell_order_id=0 chunk_id=0 chunk_qty=0.000000 buy_live=false sell_live=false chunk_live=false
[11:26:29.721] [INFO] [EXEC] STREAM_OWNERSHIP_AUDIT stream_id=19 state=WAIT_BUY buy_order_id=0 sell_order_id=0 chunk_id=0 chunk_qty=0.000000 buy_live=false sell_live=false chunk_live=false
[11:26:29.721] [INFO] [EXEC] STREAM_OWNERSHIP_AUDIT stream_id=20 state=WAIT_BUY buy_order_id=0 sell_order_id=0 chunk_id=0 chunk_qty=0.000000 buy_live=false sell_live=false chunk_live=false
[11:26:29.721] [ERROR] [EXEC] STREAM_STATE_MISMATCH reason=stream_inventory_qty_mismatch inventory_qty=0.000180 stream_chunks=0
[11:26:29.721] [INFO] [EXEC] STREAM_OWNERSHIP_SUMMARY streams_total=20 wait_buy=16 buy_placed=0 sell_active=4 exiting=0 recycle=0 chunks_total=1 stream_chunks=0 orphan_chunks=1 inventory_qty=0.000180 stream_inventory_qty=0.000000 orphan_inventory_qty=0.000180
[11:26:29.722] [INFO] [EXEC] TAKER_STATUS_WAIT orderId=391892018
[11:26:30.001] [INFO] [EXEC] TAKER_STATUS_SYNC orderId=391892018 status=FILLED
[11:26:30.002] [OK] [EXEC] FIFO CLOSE qty=0.000180 entry=79393.86 exit=79359.28 pnl=-0.006224
[11:26:30.003] [INFO] [EXEC] CHUNK DRAINED
[11:26:30.004] [OK] [EXEC] REALIZED pnl=-0.006224
[11:26:30.005] [OK] [EXEC] SMART_EXIT_DONE_FLAT
[11:26:30.005] [INFO] [EXEC] SELL ACCOUNTING RESET flat
[11:26:30.006] [OK] [EXEC] CYCLE CLOSED pnl=-0.006224
[11:26:30.007] [INFO] [EXEC] SESSION realized=-0.015628 wins=0 losses=3
[11:26:30.295] [OK] [EXEC] TAKER_STATUS_FILLED orderId=391892018
[11:26:30.296] [INFO] [EXEC] SELL ACCOUNTING RESET flat
[11:26:30.296] [INFO] [EXEC] CYCLE SKIP no_fifo_pnl
[11:26:30.297] [OK] [EXEC] SELL FILLED id=391892018
[11:26:30.298] [OK] [EXEC] SELL FILLED qty=0.000180 remaining=0.000000
[11:26:30.299] [OK] [EXEC] TAKER_EXIT_FILLED qty=0.000180
[11:26:30.300] [INFO] [EXEC] SELL ACCOUNTING RESET inventory_drained
[11:26:30.300] [INFO] [EXEC] INVENTORY DRAINED epsilon_cleanup qty=0.000000
[11:26:30.301] [INFO] [EXEC] SELL ACCOUNTING RESET flat
[11:26:30.302] [INFO] [EXEC] CYCLE SKIP no_fifo_pnl
[11:26:30.576] [INFO] [EXEC] STREAM_STATS_UI cycles=4 wins=4 losses=0 pnl=+0.000106 winrate=100.00%
[11:26:30.578] [INFO] GUI_PERF tick_ms=0 logs_visible=False gui_log_mode=OFF append_skipped=1605
[11:26:30.727] [INFO] [HEALTH] state=DANGER
[11:26:30.728] [INFO] [EXEC] STREAM_SHUTDOWN_STATE active=false reason=runtime_tick
[11:26:30.728] [INFO] [EXEC] STREAM_MODE_ACTIVE_SKIP_SINGLE_ENTRY
[11:26:30.729] [INFO] [EXEC] STREAM_SWARM_STATE wait_start=0 wait_buy=16 buy_placed=0 sell_active=4 recycle=0 active_buys=0 active_sells=4
[11:26:30.730] [INFO] [EXEC] STREAM_BUY_CAPACITY active_buys=0 active_sells=4 waiting_streams=16 max_active_buys=10 free_buy_slots=10 batch_size=1
[11:26:31.001] [INFO] [EXEC] STREAM_BUY_PLACED level_id=5 order_id=391892058
[11:26:31.002] [OK] [EXEC] PLACE BUY price=79393.76 qty=0.000180
[11:26:31.003] [INFO] [EXEC] STREAM_PLACEMENT_TICK active_buys=1 active_sells=4 waiting_streams=16 free_buy_slots=10 placed=1
[11:26:31.004] [INFO] [EXEC] STREAM_CONCURRENCY_STATE buys=1 sells=4 waiting=16 inventory_u=0.00 exposure_u=0.00 buy_allowed=true reason=none
[11:26:31.746] [INFO] [EXEC] STREAM_BUY_FILLED level_id=5
[11:26:31.747] [INFO] GUI_PERF tick_ms=0 logs_visible=False gui_log_mode=OFF append_skipped=1615
[11:26:31.748] [INFO] [EXEC] STREAM_SIGNAL_BUY_FILL stream_id=5 fill_price=79393.76000000 effect=log_only
[11:26:31.749] [OK] [EXEC] CHUNK ADD qty=0.000180 entry=79393.76
[11:26:31.750] [INFO] [EXEC] CHUNK COUNT n=1
[11:26:31.751] [INFO] [EXEC] STREAM_TARGET_USED ticks=28 sell_price=79394.04
[11:26:32.012] [INFO] [EXEC] STREAM_CHUNK_OWNED stream_id=5 chunk_id=1548854826896 qty=0.000180
[11:26:32.013] [INFO] [EXEC] STREAM_SELL_OWNED stream_id=5 chunk_id=1548854826896 order_id=391892094
[11:26:32.014] [INFO] [EXEC] STREAM_SELL_PLACED stream_id=5 chunk_id=1548854826896 order_id=391892094 price=79394.04 qty=0.000180
[11:26:32.280] [INFO] [EXEC] STREAM_EXIT_RETRY_STATUS stream_id=5 chunk_id=1548854826896 order_id=391892094 status=NEW
[11:26:32.281] [INFO] [EXEC] STREAM_OWNERSHIP_AUDIT stream_id=1 state=SELL_PLACED buy_order_id=0 sell_order_id=391889520 chunk_id=1548835984624 chunk_qty=0.000000 buy_live=false sell_live=true chunk_live=false
[11:26:32.282] [INFO] [EXEC] STREAM_OWNERSHIP_AUDIT stream_id=2 state=SELL_PLACED buy_order_id=0 sell_order_id=391890668 chunk_id=1548835960304 chunk_qty=0.000000 buy_live=false sell_live=true chunk_live=false
[11:26:32.283] [INFO] [EXEC] STREAM_OWNERSHIP_AUDIT stream_id=3 state=SELL_PLACED buy_order_id=0 sell_order_id=391891734 chunk_id=1548854863264 chunk_qty=0.000000 buy_live=false sell_live=true chunk_live=false
[11:26:32.283] [INFO] [EXEC] STREAM_OWNERSHIP_AUDIT stream_id=4 state=SELL_PLACED buy_order_id=0 sell_order_id=391889322 chunk_id=1548854839872 chunk_qty=0.000000 buy_live=false sell_live=true chunk_live=false
[11:26:32.284] [INFO] [EXEC] STREAM_OWNERSHIP_AUDIT stream_id=5 state=SELL_PLACED buy_order_id=0 sell_order_id=391892094 chunk_id=1548854826896 chunk_qty=0.000180 buy_live=false sell_live=true chunk_live=true
[11:26:32.285] [INFO] [EXEC] STREAM_OWNERSHIP_AUDIT stream_id=6 state=WAIT_BUY buy_order_id=0 sell_order_id=0 chunk_id=0 chunk_qty=0.000000 buy_live=false sell_live=false chunk_live=false
[11:26:32.286] [INFO] [EXEC] STREAM_OWNERSHIP_AUDIT stream_id=7 state=WAIT_BUY buy_order_id=0 sell_order_id=0 chunk_id=0 chunk_qty=0.000000 buy_live=false sell_live=false chunk_live=false
[11:26:32.286] [INFO] [EXEC] STREAM_OWNERSHIP_AUDIT stream_id=8 state=WAIT_BUY buy_order_id=0 sell_order_id=0 chunk_id=0 chunk_qty=0.000000 buy_live=false sell_live=false chunk_live=false
[11:26:32.287] [INFO] [EXEC] STREAM_OWNERSHIP_AUDIT stream_id=9 state=WAIT_BUY buy_order_id=0 sell_order_id=0 chunk_id=0 chunk_qty=0.000000 buy_live=false sell_live=false chunk_live=false
[11:26:32.287] [INFO] [EXEC] STREAM_OWNERSHIP_AUDIT stream_id=10 state=WAIT_BUY buy_order_id=0 sell_order_id=0 chunk_id=0 chunk_qty=0.000000 buy_live=false sell_live=false chunk_live=false
[11:26:32.288] [INFO] [EXEC] STREAM_OWNERSHIP_AUDIT stream_id=11 state=WAIT_BUY buy_order_id=0 sell_order_id=0 chunk_id=0 chunk_qty=0.000000 buy_live=false sell_live=false chunk_live=false
[11:26:32.288] [INFO] [EXEC] STREAM_OWNERSHIP_AUDIT stream_id=12 state=WAIT_BUY buy_order_id=0 sell_order_id=0 chunk_id=0 chunk_qty=0.000000 buy_live=false sell_live=false chunk_live=false
[11:26:32.289] [INFO] [EXEC] STREAM_OWNERSHIP_AUDIT stream_id=13 state=WAIT_BUY buy_order_id=0 sell_order_id=0 chunk_id=0 chunk_qty=0.000000 buy_live=false sell_live=false chunk_live=false
[11:26:32.289] [INFO] [EXEC] STREAM_OWNERSHIP_AUDIT stream_id=14 state=WAIT_BUY buy_order_id=0 sell_order_id=0 chunk_id=0 chunk_qty=0.000000 buy_live=false sell_live=false chunk_live=false
[11:26:32.290] [INFO] [EXEC] STREAM_OWNERSHIP_AUDIT stream_id=15 state=WAIT_BUY buy_order_id=0 sell_order_id=0 chunk_id=0 chunk_qty=0.000000 buy_live=false sell_live=false chunk_live=false
[11:26:32.290] [INFO] [EXEC] STREAM_OWNERSHIP_AUDIT stream_id=16 state=WAIT_BUY buy_order_id=0 sell_order_id=0 chunk_id=0 chunk_qty=0.000000 buy_live=false sell_live=false chunk_live=false
[11:26:32.291] [INFO] [EXEC] STREAM_OWNERSHIP_AUDIT stream_id=17 state=WAIT_BUY buy_order_id=0 sell_order_id=0 chunk_id=0 chunk_qty=0.000000 buy_live=false sell_live=false chunk_live=false
[11:26:32.291] [INFO] [EXEC] STREAM_OWNERSHIP_AUDIT stream_id=18 state=WAIT_BUY buy_order_id=0 sell_order_id=0 chunk_id=0 chunk_qty=0.000000 buy_live=false sell_live=false chunk_live=false
[11:26:32.291] [INFO] [EXEC] STREAM_OWNERSHIP_AUDIT stream_id=19 state=WAIT_BUY buy_order_id=0 sell_order_id=0 chunk_id=0 chunk_qty=0.000000 buy_live=false sell_live=false chunk_live=false
[11:26:32.292] [INFO] [EXEC] STREAM_OWNERSHIP_AUDIT stream_id=20 state=WAIT_BUY buy_order_id=0 sell_order_id=0 chunk_id=0 chunk_qty=0.000000 buy_live=false sell_live=false chunk_live=false
[11:26:32.292] [ERROR] [EXEC] STREAM_STATE_MISMATCH reason=stream_inventory_qty_mismatch inventory_qty=0.000180 stream_chunks=0
[11:26:32.292] [INFO] [EXEC] STREAM_OWNERSHIP_SUMMARY streams_total=20 wait_buy=15 buy_placed=0 sell_active=5 exiting=0 recycle=0 chunks_total=1 stream_chunks=0 orphan_chunks=1 inventory_qty=0.000180 stream_inventory_qty=0.000000 orphan_inventory_qty=0.000180
[11:26:32.293] [INFO] [EXEC] STREAM_REPAIR_SKIP reason=stream_owned_inventory
[11:26:32.293] [WARNING] [EXEC] STATE REPAIR reason=inventory_cannot_be_flat
[11:26:32.294] [ERROR] [EXEC] STREAM_OWNERSHIP_MISMATCH reason=qty_without_stream_chunks qty=0.000180
[11:26:32.294] [INFO] [EXEC] STREAM_GLOBAL_SMART_EXIT_BLOCKED reason=stream_owned_inventory qty=0.000180 trigger=exit_recovery_inventory_no_sell
[11:26:32.294] [ERROR] [EXEC] STREAM_OWNERSHIP_MISMATCH reason=qty_without_stream_chunks qty=0.000180
[11:26:32.294] [INFO] [EXEC] STREAM_GLOBAL_SMART_EXIT_BLOCKED reason=stream_owned_inventory qty=0.000180 trigger=place_sell
[11:26:32.995] [INFO] [EXEC] STREAM_EXIT_RETRY_STATUS stream_id=5 chunk_id=1548854826896 order_id=391892094 status=NEW
[11:26:32.997] [INFO] GUI_PERF tick_ms=0 logs_visible=False gui_log_mode=OFF append_skipped=1652
[11:26:32.998] [ERROR] [EXEC] STREAM_OWNERSHIP_MISMATCH reason=qty_without_stream_chunks qty=0.000180
[11:26:33.768] [INFO] [EXEC] STREAM_EXIT_RETRY_STATUS stream_id=5 chunk_id=1548854826896 order_id=391892094 status=NEW
[11:26:33.770] [INFO] [EXEC] STREAM_OWNERSHIP_AUDIT stream_id=1 state=SELL_PLACED buy_order_id=0 sell_order_id=391889520 chunk_id=1548835984624 chunk_qty=0.000000 buy_live=false sell_live=true chunk_live=false
[11:26:33.771] [INFO] [EXEC] STREAM_OWNERSHIP_AUDIT stream_id=2 state=SELL_PLACED buy_order_id=0 sell_order_id=391890668 chunk_id=1548835960304 chunk_qty=0.000000 buy_live=false sell_live=true chunk_live=false
[11:26:33.772] [INFO] [EXEC] STREAM_OWNERSHIP_AUDIT stream_id=3 state=SELL_PLACED buy_order_id=0 sell_order_id=391891734 chunk_id=1548854863264 chunk_qty=0.000000 buy_live=false sell_live=true chunk_live=false
[11:26:33.773] [INFO] [EXEC] STREAM_OWNERSHIP_AUDIT stream_id=4 state=SELL_PLACED buy_order_id=0 sell_order_id=391889322 chunk_id=1548854839872 chunk_qty=0.000000 buy_live=false sell_live=true chunk_live=false
[11:26:33.773] [INFO] [EXEC] STREAM_OWNERSHIP_AUDIT stream_id=5 state=SELL_PLACED buy_order_id=0 sell_order_id=391892094 chunk_id=1548854826896 chunk_qty=0.000180 buy_live=false sell_live=true chunk_live=true
[11:26:33.774] [INFO] [EXEC] STREAM_OWNERSHIP_AUDIT stream_id=6 state=WAIT_BUY buy_order_id=0 sell_order_id=0 chunk_id=0 chunk_qty=0.000000 buy_live=false sell_live=false chunk_live=false
[11:26:33.775] [INFO] [EXEC] STREAM_OWNERSHIP_AUDIT stream_id=7 state=WAIT_BUY buy_order_id=0 sell_order_id=0 chunk_id=0 chunk_qty=0.000000 buy_live=false sell_live=false chunk_live=false
[11:26:33.776] [INFO] [EXEC] STREAM_OWNERSHIP_AUDIT stream_id=8 state=WAIT_BUY buy_order_id=0 sell_order_id=0 chunk_id=0 chunk_qty=0.000000 buy_live=false sell_live=false chunk_live=false
[11:26:33.776] [INFO] [EXEC] STREAM_OWNERSHIP_AUDIT stream_id=9 state=WAIT_BUY buy_order_id=0 sell_order_id=0 chunk_id=0 chunk_qty=0.000000 buy_live=false sell_live=false chunk_live=false
[11:26:33.777] [INFO] [EXEC] STREAM_OWNERSHIP_AUDIT stream_id=10 state=WAIT_BUY buy_order_id=0 sell_order_id=0 chunk_id=0 chunk_qty=0.000000 buy_live=false sell_live=false chunk_live=false
[11:26:33.778] [INFO] [EXEC] STREAM_OWNERSHIP_AUDIT stream_id=11 state=WAIT_BUY buy_order_id=0 sell_order_id=0 chunk_id=0 chunk_qty=0.000000 buy_live=false sell_live=false chunk_live=false
[11:26:33.779] [INFO] [EXEC] STREAM_OWNERSHIP_AUDIT stream_id=12 state=WAIT_BUY buy_order_id=0 sell_order_id=0 chunk_id=0 chunk_qty=0.000000 buy_live=false sell_live=false chunk_live=false
[11:26:33.780] [INFO] [EXEC] STREAM_OWNERSHIP_AUDIT stream_id=13 state=WAIT_BUY buy_order_id=0 sell_order_id=0 chunk_id=0 chunk_qty=0.000000 buy_live=false sell_live=false chunk_live=false
[11:26:33.781] [INFO] [EXEC] STREAM_OWNERSHIP_AUDIT stream_id=14 state=WAIT_BUY buy_order_id=0 sell_order_id=0 chunk_id=0 chunk_qty=0.000000 buy_live=false sell_live=false chunk_live=false
[11:26:33.781] [INFO] [EXEC] STREAM_OWNERSHIP_AUDIT stream_id=15 state=WAIT_BUY buy_order_id=0 sell_order_id=0 chunk_id=0 chunk_qty=0.000000 buy_live=false sell_live=false chunk_live=false
[11:26:33.782] [INFO] [EXEC] STREAM_OWNERSHIP_AUDIT stream_id=16 state=WAIT_BUY buy_order_id=0 sell_order_id=0 chunk_id=0 chunk_qty=0.000000 buy_live=false sell_live=false chunk_live=false
[11:26:33.783] [INFO] [EXEC] STREAM_OWNERSHIP_AUDIT stream_id=17 state=WAIT_BUY buy_order_id=0 sell_order_id=0 chunk_id=0 chunk_qty=0.000000 buy_live=false sell_live=false chunk_live=false
[11:26:33.783] [INFO] [EXEC] STREAM_OWNERSHIP_AUDIT stream_id=18 state=WAIT_BUY buy_order_id=0 sell_order_id=0 chunk_id=0 chunk_qty=0.000000 buy_live=false sell_live=false chunk_live=false
[11:26:33.784] [INFO] [EXEC] STREAM_OWNERSHIP_AUDIT stream_id=19 state=WAIT_BUY buy_order_id=0 sell_order_id=0 chunk_id=0 chunk_qty=0.000000 buy_live=false sell_live=false chunk_live=false
[11:26:33.785] [INFO] [EXEC] STREAM_OWNERSHIP_AUDIT stream_id=20 state=WAIT_BUY buy_order_id=0 sell_order_id=0 chunk_id=0 chunk_qty=0.000000 buy_live=false sell_live=false chunk_live=false
[11:26:33.786] [ERROR] [EXEC] STREAM_STATE_MISMATCH reason=stream_inventory_qty_mismatch inventory_qty=0.000180 stream_chunks=0
[11:26:33.787] [INFO] [EXEC] STREAM_OWNERSHIP_SUMMARY streams_total=20 wait_buy=15 buy_placed=0 sell_active=5 exiting=0 recycle=0 chunks_total=1 stream_chunks=0 orphan_chunks=1 inventory_qty=0.000180 stream_inventory_qty=0.000000 orphan_inventory_qty=0.000180
[11:26:33.788] [ERROR] [EXEC] STREAM_OWNERSHIP_MISMATCH reason=qty_without_stream_chunks qty=0.000180
[11:26:34.760] [INFO] [EXEC] STREAM_EXIT_RETRY_STATUS stream_id=5 chunk_id=1548854826896 order_id=391892094 status=NEW
[11:26:34.762] [INFO] GUI_PERF tick_ms=0 logs_visible=False gui_log_mode=OFF append_skipped=1678
[11:26:34.762] [WARNING] [EXEC] STREAM_SELL_TIMEOUT stream_id=5 chunk_id=1548854826896 order_id=391892094 age_ms=3014 timeout_ms=2800
[11:26:35.026] [INFO] [EXEC] STREAM_SELL_CANCEL_OLD stream_id=5 chunk_id=1548854826896 order_id=391892094
[11:26:35.027] [INFO] [EXEC] STREAM_STOP_LOSS_BLOCKED_RETRY_AVAILABLE retry_count=0 retry_max=2 stream_id=5 chunk_id=1548854826896 order_id=391892094
[11:26:35.027] [WARNING] [EXEC] STREAM_EXIT_RETRY_PLACED stream_id=5 chunk_id=1548854826896 order_id=pending qty=0.000180 price=79393.86 retry_count=1
[11:26:35.284] [INFO] [EXEC] STREAM_REPAIR_SKIP reason=stream_owned_inventory
[11:26:35.284] [ERROR] [EXEC] STREAM_OWNERSHIP_MISMATCH reason=qty_without_stream_chunks qty=0.000180
[11:26:35.285] [INFO] [EXEC] STREAM_GLOBAL_SMART_EXIT_BLOCKED reason=stream_owned_inventory qty=0.000180 trigger=exit_recovery_inventory_no_sell
[11:26:35.285] [ERROR] [EXEC] STREAM_OWNERSHIP_MISMATCH reason=qty_without_stream_chunks qty=0.000180
[11:26:35.285] [INFO] [EXEC] STREAM_GLOBAL_SMART_EXIT_BLOCKED reason=stream_owned_inventory qty=0.000180 trigger=place_sell
[11:26:36.035] [INFO] [EXEC] STREAM_EXIT_RETRY_STATUS stream_id=5 chunk_id=1548854826896 order_id=391892139 status=NEW
[11:26:36.036] [INFO] GUI_PERF tick_ms=0 logs_visible=False gui_log_mode=OFF append_skipped=1688
[11:26:36.038] [INFO] [EXEC] STREAM_OWNERSHIP_AUDIT stream_id=1 state=SELL_PLACED buy_order_id=0 sell_order_id=391889520 chunk_id=1548835984624 chunk_qty=0.000000 buy_live=false sell_live=true chunk_live=false
[11:26:36.038] [INFO] [EXEC] STREAM_OWNERSHIP_AUDIT stream_id=2 state=SELL_PLACED buy_order_id=0 sell_order_id=391890668 chunk_id=1548835960304 chunk_qty=0.000000 buy_live=false sell_live=true chunk_live=false
[11:26:36.039] [INFO] [EXEC] STREAM_OWNERSHIP_AUDIT stream_id=3 state=SELL_PLACED buy_order_id=0 sell_order_id=391891734 chunk_id=1548854863264 chunk_qty=0.000000 buy_live=false sell_live=true chunk_live=false
[11:26:36.040] [INFO] [EXEC] STREAM_OWNERSHIP_AUDIT stream_id=4 state=SELL_PLACED buy_order_id=0 sell_order_id=391889322 chunk_id=1548854839872 chunk_qty=0.000000 buy_live=false sell_live=true chunk_live=false
[11:26:36.041] [INFO] [EXEC] STREAM_OWNERSHIP_AUDIT stream_id=5 state=SELL_PLACED buy_order_id=0 sell_order_id=391892139 chunk_id=1548854826896 chunk_qty=0.000180 buy_live=false sell_live=true chunk_live=true
[11:26:36.042] [INFO] [EXEC] STREAM_OWNERSHIP_AUDIT stream_id=6 state=WAIT_BUY buy_order_id=0 sell_order_id=0 chunk_id=0 chunk_qty=0.000000 buy_live=false sell_live=false chunk_live=false
[11:26:36.043] [INFO] [EXEC] STREAM_OWNERSHIP_AUDIT stream_id=7 state=WAIT_BUY buy_order_id=0 sell_order_id=0 chunk_id=0 chunk_qty=0.000000 buy_live=false sell_live=false chunk_live=false
[11:26:36.043] [INFO] [EXEC] STREAM_OWNERSHIP_AUDIT stream_id=8 state=WAIT_BUY buy_order_id=0 sell_order_id=0 chunk_id=0 chunk_qty=0.000000 buy_live=false sell_live=false chunk_live=false
[11:26:36.044] [INFO] [EXEC] STREAM_OWNERSHIP_AUDIT stream_id=9 state=WAIT_BUY buy_order_id=0 sell_order_id=0 chunk_id=0 chunk_qty=0.000000 buy_live=false sell_live=false chunk_live=false
[11:26:36.045] [INFO] [EXEC] STREAM_OWNERSHIP_AUDIT stream_id=10 state=WAIT_BUY buy_order_id=0 sell_order_id=0 chunk_id=0 chunk_qty=0.000000 buy_live=false sell_live=false chunk_live=false
[11:26:36.045] [INFO] [EXEC] STREAM_OWNERSHIP_AUDIT stream_id=11 state=WAIT_BUY buy_order_id=0 sell_order_id=0 chunk_id=0 chunk_qty=0.000000 buy_live=false sell_live=false chunk_live=false
[11:26:36.046] [INFO] [EXEC] STREAM_OWNERSHIP_AUDIT stream_id=12 state=WAIT_BUY buy_order_id=0 sell_order_id=0 chunk_id=0 chunk_qty=0.000000 buy_live=false sell_live=false chunk_live=false
[11:26:36.046] [INFO] [EXEC] STREAM_OWNERSHIP_AUDIT stream_id=13 state=WAIT_BUY buy_order_id=0 sell_order_id=0 chunk_id=0 chunk_qty=0.000000 buy_live=false sell_live=false chunk_live=false
[11:26:36.046] [INFO] [EXEC] STREAM_OWNERSHIP_AUDIT stream_id=14 state=WAIT_BUY buy_order_id=0 sell_order_id=0 chunk_id=0 chunk_qty=0.000000 buy_live=false sell_live=false chunk_live=false
[11:26:36.047] [INFO] [EXEC] STREAM_OWNERSHIP_AUDIT stream_id=15 state=WAIT_BUY buy_order_id=0 sell_order_id=0 chunk_id=0 chunk_qty=0.000000 buy_live=false sell_live=false chunk_live=false
[11:26:36.047] [INFO] [EXEC] STREAM_OWNERSHIP_AUDIT stream_id=16 state=WAIT_BUY buy_order_id=0 sell_order_id=0 chunk_id=0 chunk_qty=0.000000 buy_live=false sell_live=false chunk_live=false
[11:26:36.048] [INFO] [EXEC] STREAM_OWNERSHIP_AUDIT stream_id=17 state=WAIT_BUY buy_order_id=0 sell_order_id=0 chunk_id=0 chunk_qty=0.000000 buy_live=false sell_live=false chunk_live=false
[11:26:36.048] [INFO] [EXEC] STREAM_OWNERSHIP_AUDIT stream_id=18 state=WAIT_BUY buy_order_id=0 sell_order_id=0 chunk_id=0 chunk_qty=0.000000 buy_live=false sell_live=false chunk_live=false
[11:26:36.048] [INFO] [EXEC] STREAM_OWNERSHIP_AUDIT stream_id=19 state=WAIT_BUY buy_order_id=0 sell_order_id=0 chunk_id=0 chunk_qty=0.000000 buy_live=false sell_live=false chunk_live=false
[11:26:36.049] [INFO] [EXEC] STREAM_OWNERSHIP_AUDIT stream_id=20 state=WAIT_BUY buy_order_id=0 sell_order_id=0 chunk_id=0 chunk_qty=0.000000 buy_live=false sell_live=false chunk_live=false
[11:26:36.049] [ERROR] [EXEC] STREAM_STATE_MISMATCH reason=stream_inventory_qty_mismatch inventory_qty=0.000180 stream_chunks=0
[11:26:36.049] [INFO] [EXEC] STREAM_OWNERSHIP_SUMMARY streams_total=20 wait_buy=15 buy_placed=0 sell_active=5 exiting=0 recycle=0 chunks_total=1 stream_chunks=0 orphan_chunks=1 inventory_qty=0.000180 stream_inventory_qty=0.000000 orphan_inventory_qty=0.000180
[11:26:36.050] [ERROR] [EXEC] STREAM_OWNERSHIP_MISMATCH reason=qty_without_stream_chunks qty=0.000180
[11:26:36.347] [INFO] [EXEC] STREAM_STATS_UI cycles=4 wins=4 losses=0 pnl=+0.000106 winrate=100.00%
[11:26:36.812] [INFO] [EXEC] STREAM_EXIT_RETRY_STATUS stream_id=5 chunk_id=1548854826896 order_id=391892139 status=NEW
[11:26:36.812] [ERROR] [EXEC] STREAM_OWNERSHIP_MISMATCH reason=qty_without_stream_chunks qty=0.000180
[11:26:37.567] [INFO] [EXEC] STREAM_EXIT_RETRY_STATUS stream_id=5 chunk_id=1548854826896 order_id=391892139 status=NEW
[11:26:37.568] [INFO] GUI_PERF tick_ms=0 logs_visible=False gui_log_mode=OFF append_skipped=1715
[11:26:37.568] [WARNING] [EXEC] STREAM_SELL_TIMEOUT stream_id=5 chunk_id=1548854826896 order_id=391892139 age_ms=2809 timeout_ms=2800
[11:26:37.842] [INFO] [EXEC] STREAM_SELL_CANCEL_OLD stream_id=5 chunk_id=1548854826896 order_id=391892139
[11:26:37.843] [INFO] [EXEC] STREAM_STOP_LOSS_BLOCKED_RETRY_AVAILABLE retry_count=1 retry_max=2 stream_id=5 chunk_id=1548854826896 order_id=391892139
[11:26:37.844] [WARNING] [EXEC] STREAM_EXIT_RETRY_PLACED stream_id=5 chunk_id=1548854826896 order_id=pending qty=0.000180 price=79393.86 retry_count=2
[11:26:38.113] [INFO] [EXEC] STREAM_OWNERSHIP_AUDIT stream_id=1 state=SELL_PLACED buy_order_id=0 sell_order_id=391889520 chunk_id=1548835984624 chunk_qty=0.000000 buy_live=false sell_live=true chunk_live=false
[11:26:38.114] [INFO] [EXEC] STREAM_OWNERSHIP_AUDIT stream_id=2 state=SELL_PLACED buy_order_id=0 sell_order_id=391890668 chunk_id=1548835960304 chunk_qty=0.000000 buy_live=false sell_live=true chunk_live=false
[11:26:38.114] [INFO] [EXEC] STREAM_OWNERSHIP_AUDIT stream_id=3 state=SELL_PLACED buy_order_id=0 sell_order_id=391891734 chunk_id=1548854863264 chunk_qty=0.000000 buy_live=false sell_live=true chunk_live=false
[11:26:38.114] [INFO] [EXEC] STREAM_OWNERSHIP_AUDIT stream_id=4 state=SELL_PLACED buy_order_id=0 sell_order_id=391889322 chunk_id=1548854839872 chunk_qty=0.000000 buy_live=false sell_live=true chunk_live=false
[11:26:38.115] [INFO] [EXEC] STREAM_OWNERSHIP_AUDIT stream_id=5 state=SELL_PLACED buy_order_id=0 sell_order_id=391892230 chunk_id=1548854826896 chunk_qty=0.000180 buy_live=false sell_live=true chunk_live=true
[11:26:38.115] [INFO] [EXEC] STREAM_OWNERSHIP_AUDIT stream_id=6 state=WAIT_BUY buy_order_id=0 sell_order_id=0 chunk_id=0 chunk_qty=0.000000 buy_live=false sell_live=false chunk_live=false
[11:26:38.115] [INFO] [EXEC] STREAM_OWNERSHIP_AUDIT stream_id=7 state=WAIT_BUY buy_order_id=0 sell_order_id=0 chunk_id=0 chunk_qty=0.000000 buy_live=false sell_live=false chunk_live=false
[11:26:38.115] [INFO] [EXEC] STREAM_OWNERSHIP_AUDIT stream_id=8 state=WAIT_BUY buy_order_id=0 sell_order_id=0 chunk_id=0 chunk_qty=0.000000 buy_live=false sell_live=false chunk_live=false
[11:26:38.115] [INFO] [EXEC] STREAM_OWNERSHIP_AUDIT stream_id=9 state=WAIT_BUY buy_order_id=0 sell_order_id=0 chunk_id=0 chunk_qty=0.000000 buy_live=false sell_live=false chunk_live=false
[11:26:38.115] [INFO] [EXEC] STREAM_OWNERSHIP_AUDIT stream_id=10 state=WAIT_BUY buy_order_id=0 sell_order_id=0 chunk_id=0 chunk_qty=0.000000 buy_live=false sell_live=false chunk_live=false
[11:26:38.115] [INFO] [EXEC] STREAM_OWNERSHIP_AUDIT stream_id=11 state=WAIT_BUY buy_order_id=0 sell_order_id=0 chunk_id=0 chunk_qty=0.000000 buy_live=false sell_live=false chunk_live=false
[11:26:38.115] [INFO] [EXEC] STREAM_OWNERSHIP_AUDIT stream_id=12 state=WAIT_BUY buy_order_id=0 sell_order_id=0 chunk_id=0 chunk_qty=0.000000 buy_live=false sell_live=false chunk_live=false
[11:26:38.116] [INFO] [EXEC] STREAM_OWNERSHIP_AUDIT stream_id=13 state=WAIT_BUY buy_order_id=0 sell_order_id=0 chunk_id=0 chunk_qty=0.000000 buy_live=false sell_live=false chunk_live=false
[11:26:38.116] [INFO] [EXEC] STREAM_OWNERSHIP_AUDIT stream_id=14 state=WAIT_BUY buy_order_id=0 sell_order_id=0 chunk_id=0 chunk_qty=0.000000 buy_live=false sell_live=false chunk_live=false
[11:26:38.116] [INFO] [EXEC] STREAM_OWNERSHIP_AUDIT stream_id=15 state=WAIT_BUY buy_order_id=0 sell_order_id=0 chunk_id=0 chunk_qty=0.000000 buy_live=false sell_live=false chunk_live=false
[11:26:38.116] [INFO] [EXEC] STREAM_OWNERSHIP_AUDIT stream_id=16 state=WAIT_BUY buy_order_id=0 sell_order_id=0 chunk_id=0 chunk_qty=0.000000 buy_live=false sell_live=false chunk_live=false
[11:26:38.116] [INFO] [EXEC] STREAM_OWNERSHIP_AUDIT stream_id=17 state=WAIT_BUY buy_order_id=0 sell_order_id=0 chunk_id=0 chunk_qty=0.000000 buy_live=false sell_live=false chunk_live=false
[11:26:38.116] [INFO] [EXEC] STREAM_OWNERSHIP_AUDIT stream_id=18 state=WAIT_BUY buy_order_id=0 sell_order_id=0 chunk_id=0 chunk_qty=0.000000 buy_live=false sell_live=false chunk_live=false
[11:26:38.116] [INFO] [EXEC] STREAM_OWNERSHIP_AUDIT stream_id=19 state=WAIT_BUY buy_order_id=0 sell_order_id=0 chunk_id=0 chunk_qty=0.000000 buy_live=false sell_live=false chunk_live=false
[11:26:38.116] [INFO] [EXEC] STREAM_OWNERSHIP_AUDIT stream_id=20 state=WAIT_BUY buy_order_id=0 sell_order_id=0 chunk_id=0 chunk_qty=0.000000 buy_live=false sell_live=false chunk_live=false
[11:26:38.117] [ERROR] [EXEC] STREAM_STATE_MISMATCH reason=stream_inventory_qty_mismatch inventory_qty=0.000180 stream_chunks=0
[11:26:38.117] [INFO] [EXEC] STREAM_OWNERSHIP_SUMMARY streams_total=20 wait_buy=15 buy_placed=0 sell_active=5 exiting=0 recycle=0 chunks_total=1 stream_chunks=0 orphan_chunks=1 inventory_qty=0.000180 stream_inventory_qty=0.000000 orphan_inventory_qty=0.000180
[11:26:38.117] [INFO] [EXEC] STREAM_REPAIR_SKIP reason=stream_owned_inventory
[11:26:38.117] [ERROR] [EXEC] STREAM_OWNERSHIP_MISMATCH reason=qty_without_stream_chunks qty=0.000180
[11:26:38.118] [INFO] [EXEC] STREAM_GLOBAL_SMART_EXIT_BLOCKED reason=stream_owned_inventory qty=0.000180 trigger=exit_recovery_inventory_no_sell
[11:26:38.118] [ERROR] [EXEC] STREAM_OWNERSHIP_MISMATCH reason=qty_without_stream_chunks qty=0.000180
[11:26:38.118] [INFO] [EXEC] STREAM_GLOBAL_SMART_EXIT_BLOCKED reason=stream_owned_inventory qty=0.000180 trigger=place_sell
[11:26:38.802] [INFO] [EXEC] STREAM_EXIT_RETRY_STATUS stream_id=5 chunk_id=1548854826896 order_id=391892230 status=NEW
[11:26:38.803] [INFO] GUI_PERF tick_ms=0 logs_visible=False gui_log_mode=OFF append_skipped=1747
[11:26:38.805] [ERROR] [EXEC] STREAM_OWNERSHIP_MISMATCH reason=qty_without_stream_chunks qty=0.000180
[11:26:39.579] [INFO] [EXEC] STREAM_EXIT_RETRY_STATUS stream_id=5 chunk_id=1548854826896 order_id=391892230 status=NEW
[11:26:39.580] [INFO] [EXEC] STREAM_OWNERSHIP_AUDIT stream_id=1 state=SELL_PLACED buy_order_id=0 sell_order_id=391889520 chunk_id=1548835984624 chunk_qty=0.000000 buy_live=false sell_live=true chunk_live=false
[11:26:39.581] [INFO] [EXEC] STREAM_OWNERSHIP_AUDIT stream_id=2 state=SELL_PLACED buy_order_id=0 sell_order_id=391890668 chunk_id=1548835960304 chunk_qty=0.000000 buy_live=false sell_live=true chunk_live=false
[11:26:39.582] [INFO] [EXEC] STREAM_OWNERSHIP_AUDIT stream_id=3 state=SELL_PLACED buy_order_id=0 sell_order_id=391891734 chunk_id=1548854863264 chunk_qty=0.000000 buy_live=false sell_live=true chunk_live=false
[11:26:39.582] [INFO] [EXEC] STREAM_OWNERSHIP_AUDIT stream_id=4 state=SELL_PLACED buy_order_id=0 sell_order_id=391889322 chunk_id=1548854839872 chunk_qty=0.000000 buy_live=false sell_live=true chunk_live=false
[11:26:39.583] [INFO] [EXEC] STREAM_OWNERSHIP_AUDIT stream_id=5 state=SELL_PLACED buy_order_id=0 sell_order_id=391892230 chunk_id=1548854826896 chunk_qty=0.000180 buy_live=false sell_live=true chunk_live=true
[11:26:39.583] [INFO] [EXEC] STREAM_OWNERSHIP_AUDIT stream_id=6 state=WAIT_BUY buy_order_id=0 sell_order_id=0 chunk_id=0 chunk_qty=0.000000 buy_live=false sell_live=false chunk_live=false
[11:26:39.584] [INFO] [EXEC] STREAM_OWNERSHIP_AUDIT stream_id=7 state=WAIT_BUY buy_order_id=0 sell_order_id=0 chunk_id=0 chunk_qty=0.000000 buy_live=false sell_live=false chunk_live=false
[11:26:39.584] [INFO] [EXEC] STREAM_OWNERSHIP_AUDIT stream_id=8 state=WAIT_BUY buy_order_id=0 sell_order_id=0 chunk_id=0 chunk_qty=0.000000 buy_live=false sell_live=false chunk_live=false
[11:26:39.584] [INFO] [EXEC] STREAM_OWNERSHIP_AUDIT stream_id=9 state=WAIT_BUY buy_order_id=0 sell_order_id=0 chunk_id=0 chunk_qty=0.000000 buy_live=false sell_live=false chunk_live=false
[11:26:39.584] [INFO] [EXEC] STREAM_OWNERSHIP_AUDIT stream_id=10 state=WAIT_BUY buy_order_id=0 sell_order_id=0 chunk_id=0 chunk_qty=0.000000 buy_live=false sell_live=false chunk_live=false
[11:26:39.584] [INFO] [EXEC] STREAM_OWNERSHIP_AUDIT stream_id=11 state=WAIT_BUY buy_order_id=0 sell_order_id=0 chunk_id=0 chunk_qty=0.000000 buy_live=false sell_live=false chunk_live=false
[11:26:39.585] [INFO] [EXEC] STREAM_OWNERSHIP_AUDIT stream_id=12 state=WAIT_BUY buy_order_id=0 sell_order_id=0 chunk_id=0 chunk_qty=0.000000 buy_live=false sell_live=false chunk_live=false
[11:26:39.585] [INFO] [EXEC] STREAM_OWNERSHIP_AUDIT stream_id=13 state=WAIT_BUY buy_order_id=0 sell_order_id=0 chunk_id=0 chunk_qty=0.000000 buy_live=false sell_live=false chunk_live=false
[11:26:39.585] [INFO] [EXEC] STREAM_OWNERSHIP_AUDIT stream_id=14 state=WAIT_BUY buy_order_id=0 sell_order_id=0 chunk_id=0 chunk_qty=0.000000 buy_live=false sell_live=false chunk_live=false
[11:26:39.585] [INFO] [EXEC] STREAM_OWNERSHIP_AUDIT stream_id=15 state=WAIT_BUY buy_order_id=0 sell_order_id=0 chunk_id=0 chunk_qty=0.000000 buy_live=false sell_live=false chunk_live=false
[11:26:39.585] [INFO] [EXEC] STREAM_OWNERSHIP_AUDIT stream_id=16 state=WAIT_BUY buy_order_id=0 sell_order_id=0 chunk_id=0 chunk_qty=0.000000 buy_live=false sell_live=false chunk_live=false
[11:26:39.585] [INFO] [EXEC] STREAM_OWNERSHIP_AUDIT stream_id=17 state=WAIT_BUY buy_order_id=0 sell_order_id=0 chunk_id=0 chunk_qty=0.000000 buy_live=false sell_live=false chunk_live=false
[11:26:39.586] [INFO] [EXEC] STREAM_OWNERSHIP_AUDIT stream_id=18 state=WAIT_BUY buy_order_id=0 sell_order_id=0 chunk_id=0 chunk_qty=0.000000 buy_live=false sell_live=false chunk_live=false
[11:26:39.586] [INFO] [EXEC] STREAM_OWNERSHIP_AUDIT stream_id=19 state=WAIT_BUY buy_order_id=0 sell_order_id=0 chunk_id=0 chunk_qty=0.000000 buy_live=false sell_live=false chunk_live=false
[11:26:39.586] [INFO] [EXEC] STREAM_OWNERSHIP_AUDIT stream_id=20 state=WAIT_BUY buy_order_id=0 sell_order_id=0 chunk_id=0 chunk_qty=0.000000 buy_live=false sell_live=false chunk_live=false
[11:26:39.586] [ERROR] [EXEC] STREAM_STATE_MISMATCH reason=stream_inventory_qty_mismatch inventory_qty=0.000180 stream_chunks=0
[11:26:39.586] [INFO] [EXEC] STREAM_OWNERSHIP_SUMMARY streams_total=20 wait_buy=15 buy_placed=0 sell_active=5 exiting=0 recycle=0 chunks_total=1 stream_chunks=0 orphan_chunks=1 inventory_qty=0.000180 stream_inventory_qty=0.000000 orphan_inventory_qty=0.000180
[11:26:39.586] [ERROR] [EXEC] STREAM_OWNERSHIP_MISMATCH reason=qty_without_stream_chunks qty=0.000180
[11:26:40.828] [INFO] [EXEC] STREAM_EXIT_RETRY_STATUS stream_id=5 chunk_id=1548854826896 order_id=391892230 status=NEW
[11:26:40.830] [INFO] GUI_PERF tick_ms=0 logs_visible=False gui_log_mode=OFF append_skipped=1773
[11:26:40.831] [WARNING] [EXEC] STREAM_SELL_TIMEOUT stream_id=5 chunk_id=1548854826896 order_id=391892230 age_ms=3260 timeout_ms=2800
[11:26:41.114] [INFO] [EXEC] STREAM_SELL_CANCEL_OLD stream_id=5 chunk_id=1548854826896 order_id=391892230
[11:26:41.116] [WARNING] [EXEC] STREAM_STOP_LOSS_EXIT stream_id=5 chunk_id=1548854826896 order_id=391892230 stop_price=79391.56 retry_count=2 retry_max=2
[11:26:41.117] [WARNING] [EXEC] STREAM_EXIT_ISOLATED stream_id=5 chunk_id=1548854826896 action=stop_loss_exit
[11:26:41.390] [WARNING] [EXEC] STREAM_EXIT_RETRY_PLACED stream_id=5 chunk_id=1548854826896 order_id=391892245 qty=0.000180 price=79391.56
[11:26:41.390] [INFO] [EXEC] STREAM_REPAIR_SKIP reason=stream_owned_inventory
[11:26:41.390] [ERROR] [EXEC] STREAM_OWNERSHIP_MISMATCH reason=qty_without_stream_chunks qty=0.000180
[11:26:41.390] [INFO] [EXEC] STREAM_GLOBAL_SMART_EXIT_BLOCKED reason=stream_owned_inventory qty=0.000180 trigger=exit_recovery_inventory_no_sell
[11:26:41.391] [ERROR] [EXEC] STREAM_OWNERSHIP_MISMATCH reason=qty_without_stream_chunks qty=0.000180
[11:26:41.391] [INFO] [EXEC] STREAM_GLOBAL_SMART_EXIT_BLOCKED reason=stream_owned_inventory qty=0.000180 trigger=place_sell
[11:26:41.399] [INFO] [EXEC] STREAM_STATS_UI cycles=4 wins=4 losses=0 pnl=+0.000106 winrate=100.00%
[11:26:42.141] [INFO] [EXEC] STREAM_EXIT_RETRY_STATUS stream_id=5 chunk_id=1548854826896 order_id=391892245 status=NEW
[11:26:42.142] [INFO] GUI_PERF tick_ms=0 logs_visible=False gui_log_mode=OFF append_skipped=1785
[11:26:42.142] [INFO] [EXEC] STREAM_OWNERSHIP_AUDIT stream_id=1 state=SELL_PLACED buy_order_id=0 sell_order_id=391889520 chunk_id=1548835984624 chunk_qty=0.000000 buy_live=false sell_live=true chunk_live=false
[11:26:42.142] [INFO] [EXEC] STREAM_OWNERSHIP_AUDIT stream_id=2 state=SELL_PLACED buy_order_id=0 sell_order_id=391890668 chunk_id=1548835960304 chunk_qty=0.000000 buy_live=false sell_live=true chunk_live=false
[11:26:42.142] [INFO] [EXEC] STREAM_OWNERSHIP_AUDIT stream_id=3 state=SELL_PLACED buy_order_id=0 sell_order_id=391891734 chunk_id=1548854863264 chunk_qty=0.000000 buy_live=false sell_live=true chunk_live=false
[11:26:42.143] [INFO] [EXEC] STREAM_OWNERSHIP_AUDIT stream_id=4 state=SELL_PLACED buy_order_id=0 sell_order_id=391889322 chunk_id=1548854839872 chunk_qty=0.000000 buy_live=false sell_live=true chunk_live=false
[11:26:42.143] [INFO] [EXEC] STREAM_OWNERSHIP_AUDIT stream_id=5 state=SELL_PLACED buy_order_id=0 sell_order_id=391892245 chunk_id=1548854826896 chunk_qty=0.000180 buy_live=false sell_live=true chunk_live=true
[11:26:42.143] [INFO] [EXEC] STREAM_OWNERSHIP_AUDIT stream_id=6 state=WAIT_BUY buy_order_id=0 sell_order_id=0 chunk_id=0 chunk_qty=0.000000 buy_live=false sell_live=false chunk_live=false
[11:26:42.143] [INFO] [EXEC] STREAM_OWNERSHIP_AUDIT stream_id=7 state=WAIT_BUY buy_order_id=0 sell_order_id=0 chunk_id=0 chunk_qty=0.000000 buy_live=false sell_live=false chunk_live=false
[11:26:42.143] [INFO] [EXEC] STREAM_OWNERSHIP_AUDIT stream_id=8 state=WAIT_BUY buy_order_id=0 sell_order_id=0 chunk_id=0 chunk_qty=0.000000 buy_live=false sell_live=false chunk_live=false
[11:26:42.143] [INFO] [EXEC] STREAM_OWNERSHIP_AUDIT stream_id=9 state=WAIT_BUY buy_order_id=0 sell_order_id=0 chunk_id=0 chunk_qty=0.000000 buy_live=false sell_live=false chunk_live=false
[11:26:42.144] [INFO] [EXEC] STREAM_OWNERSHIP_AUDIT stream_id=10 state=WAIT_BUY buy_order_id=0 sell_order_id=0 chunk_id=0 chunk_qty=0.000000 buy_live=false sell_live=false chunk_live=false
[11:26:42.144] [INFO] [EXEC] STREAM_OWNERSHIP_AUDIT stream_id=11 state=WAIT_BUY buy_order_id=0 sell_order_id=0 chunk_id=0 chunk_qty=0.000000 buy_live=false sell_live=false chunk_live=false
[11:26:42.144] [INFO] [EXEC] STREAM_OWNERSHIP_AUDIT stream_id=12 state=WAIT_BUY buy_order_id=0 sell_order_id=0 chunk_id=0 chunk_qty=0.000000 buy_live=false sell_live=false chunk_live=false
[11:26:42.145] [INFO] [EXEC] STREAM_OWNERSHIP_AUDIT stream_id=13 state=WAIT_BUY buy_order_id=0 sell_order_id=0 chunk_id=0 chunk_qty=0.000000 buy_live=false sell_live=false chunk_live=false
[11:26:42.145] [INFO] [EXEC] STREAM_OWNERSHIP_AUDIT stream_id=14 state=WAIT_BUY buy_order_id=0 sell_order_id=0 chunk_id=0 chunk_qty=0.000000 buy_live=false sell_live=false chunk_live=false
[11:26:42.145] [INFO] [EXEC] STREAM_OWNERSHIP_AUDIT stream_id=15 state=WAIT_BUY buy_order_id=0 sell_order_id=0 chunk_id=0 chunk_qty=0.000000 buy_live=false sell_live=false chunk_live=false
[11:26:42.145] [INFO] [EXEC] STREAM_OWNERSHIP_AUDIT stream_id=16 state=WAIT_BUY buy_order_id=0 sell_order_id=0 chunk_id=0 chunk_qty=0.000000 buy_live=false sell_live=false chunk_live=false
[11:26:42.146] [INFO] [EXEC] STREAM_OWNERSHIP_AUDIT stream_id=17 state=WAIT_BUY buy_order_id=0 sell_order_id=0 chunk_id=0 chunk_qty=0.000000 buy_live=false sell_live=false chunk_live=false
[11:26:42.146] [INFO] [EXEC] STREAM_OWNERSHIP_AUDIT stream_id=18 state=WAIT_BUY buy_order_id=0 sell_order_id=0 chunk_id=0 chunk_qty=0.000000 buy_live=false sell_live=false chunk_live=false
[11:26:42.146] [INFO] [EXEC] STREAM_OWNERSHIP_AUDIT stream_id=19 state=WAIT_BUY buy_order_id=0 sell_order_id=0 chunk_id=0 chunk_qty=0.000000 buy_live=false sell_live=false chunk_live=false
[11:26:42.146] [INFO] [EXEC] STREAM_OWNERSHIP_AUDIT stream_id=20 state=WAIT_BUY buy_order_id=0 sell_order_id=0 chunk_id=0 chunk_qty=0.000000 buy_live=false sell_live=false chunk_live=false
[11:26:42.146] [ERROR] [EXEC] STREAM_STATE_MISMATCH reason=stream_inventory_qty_mismatch inventory_qty=0.000180 stream_chunks=0
[11:26:42.146] [INFO] [EXEC] STREAM_OWNERSHIP_SUMMARY streams_total=20 wait_buy=15 buy_placed=0 sell_active=5 exiting=0 recycle=0 chunks_total=1 stream_chunks=0 orphan_chunks=1 inventory_qty=0.000180 stream_inventory_qty=0.000000 orphan_inventory_qty=0.000180
[11:26:42.146] [ERROR] [EXEC] STREAM_OWNERSHIP_MISMATCH reason=qty_without_stream_chunks qty=0.000180
[11:26:42.899] [INFO] [EXEC] STREAM_EXIT_RETRY_STATUS stream_id=5 chunk_id=1548854826896 order_id=391892245 status=NEW
[11:26:42.899] [ERROR] [EXEC] STREAM_OWNERSHIP_MISMATCH reason=qty_without_stream_chunks qty=0.000180
[11:26:43.624] [INFO] [EXEC] STREAM_EXIT_RETRY_STATUS stream_id=5 chunk_id=1548854826896 order_id=391892245 status=NEW
[11:26:43.624] [INFO] GUI_PERF tick_ms=0 logs_visible=False gui_log_mode=OFF append_skipped=1811
[11:26:43.625] [INFO] [EXEC] STREAM_OWNERSHIP_AUDIT stream_id=1 state=SELL_PLACED buy_order_id=0 sell_order_id=391889520 chunk_id=1548835984624 chunk_qty=0.000000 buy_live=false sell_live=true chunk_live=false
[11:26:43.625] [INFO] [EXEC] STREAM_OWNERSHIP_AUDIT stream_id=2 state=SELL_PLACED buy_order_id=0 sell_order_id=391890668 chunk_id=1548835960304 chunk_qty=0.000000 buy_live=false sell_live=true chunk_live=false
[11:26:43.625] [INFO] [EXEC] STREAM_OWNERSHIP_AUDIT stream_id=3 state=SELL_PLACED buy_order_id=0 sell_order_id=391891734 chunk_id=1548854863264 chunk_qty=0.000000 buy_live=false sell_live=true chunk_live=false
[11:26:43.625] [INFO] [EXEC] STREAM_OWNERSHIP_AUDIT stream_id=4 state=SELL_PLACED buy_order_id=0 sell_order_id=391889322 chunk_id=1548854839872 chunk_qty=0.000000 buy_live=false sell_live=true chunk_live=false
[11:26:43.625] [INFO] [EXEC] STREAM_OWNERSHIP_AUDIT stream_id=5 state=SELL_PLACED buy_order_id=0 sell_order_id=391892245 chunk_id=1548854826896 chunk_qty=0.000180 buy_live=false sell_live=true chunk_live=true
[11:26:43.626] [INFO] [EXEC] STREAM_OWNERSHIP_AUDIT stream_id=6 state=WAIT_BUY buy_order_id=0 sell_order_id=0 chunk_id=0 chunk_qty=0.000000 buy_live=false sell_live=false chunk_live=false
[11:26:43.626] [INFO] [EXEC] STREAM_OWNERSHIP_AUDIT stream_id=7 state=WAIT_BUY buy_order_id=0 sell_order_id=0 chunk_id=0 chunk_qty=0.000000 buy_live=false sell_live=false chunk_live=false
[11:26:43.627] [INFO] [EXEC] STREAM_OWNERSHIP_AUDIT stream_id=8 state=WAIT_BUY buy_order_id=0 sell_order_id=0 chunk_id=0 chunk_qty=0.000000 buy_live=false sell_live=false chunk_live=false
[11:26:43.627] [INFO] [EXEC] STREAM_OWNERSHIP_AUDIT stream_id=9 state=WAIT_BUY buy_order_id=0 sell_order_id=0 chunk_id=0 chunk_qty=0.000000 buy_live=false sell_live=false chunk_live=false
[11:26:43.627] [INFO] [EXEC] STREAM_OWNERSHIP_AUDIT stream_id=10 state=WAIT_BUY buy_order_id=0 sell_order_id=0 chunk_id=0 chunk_qty=0.000000 buy_live=false sell_live=false chunk_live=false
[11:26:43.627] [INFO] [EXEC] STREAM_OWNERSHIP_AUDIT stream_id=11 state=WAIT_BUY buy_order_id=0 sell_order_id=0 chunk_id=0 chunk_qty=0.000000 buy_live=false sell_live=false chunk_live=false
[11:26:43.627] [INFO] [EXEC] STREAM_OWNERSHIP_AUDIT stream_id=12 state=WAIT_BUY buy_order_id=0 sell_order_id=0 chunk_id=0 chunk_qty=0.000000 buy_live=false sell_live=false chunk_live=false
[11:26:43.627] [INFO] [EXEC] STREAM_OWNERSHIP_AUDIT stream_id=13 state=WAIT_BUY buy_order_id=0 sell_order_id=0 chunk_id=0 chunk_qty=0.000000 buy_live=false sell_live=false chunk_live=false
[11:26:43.628] [INFO] [EXEC] STREAM_OWNERSHIP_AUDIT stream_id=14 state=WAIT_BUY buy_order_id=0 sell_order_id=0 chunk_id=0 chunk_qty=0.000000 buy_live=false sell_live=false chunk_live=false
[11:26:43.628] [INFO] [EXEC] STREAM_OWNERSHIP_AUDIT stream_id=15 state=WAIT_BUY buy_order_id=0 sell_order_id=0 chunk_id=0 chunk_qty=0.000000 buy_live=false sell_live=false chunk_live=false
[11:26:43.628] [INFO] [EXEC] STREAM_OWNERSHIP_AUDIT stream_id=16 state=WAIT_BUY buy_order_id=0 sell_order_id=0 chunk_id=0 chunk_qty=0.000000 buy_live=false sell_live=false chunk_live=false
[11:26:43.628] [INFO] [EXEC] STREAM_OWNERSHIP_AUDIT stream_id=17 state=WAIT_BUY buy_order_id=0 sell_order_id=0 chunk_id=0 chunk_qty=0.000000 buy_live=false sell_live=false chunk_live=false
[11:26:43.628] [INFO] [EXEC] STREAM_OWNERSHIP_AUDIT stream_id=18 state=WAIT_BUY buy_order_id=0 sell_order_id=0 chunk_id=0 chunk_qty=0.000000 buy_live=false sell_live=false chunk_live=false
[11:26:43.628] [INFO] [EXEC] STREAM_OWNERSHIP_AUDIT stream_id=19 state=WAIT_BUY buy_order_id=0 sell_order_id=0 chunk_id=0 chunk_qty=0.000000 buy_live=false sell_live=false chunk_live=false
[11:26:43.628] [INFO] [EXEC] STREAM_OWNERSHIP_AUDIT stream_id=20 state=WAIT_BUY buy_order_id=0 sell_order_id=0 chunk_id=0 chunk_qty=0.000000 buy_live=false sell_live=false chunk_live=false
[11:26:43.628] [ERROR] [EXEC] STREAM_STATE_MISMATCH reason=stream_inventory_qty_mismatch inventory_qty=0.000180 stream_chunks=0
[11:26:43.628] [INFO] [EXEC] STREAM_OWNERSHIP_SUMMARY streams_total=20 wait_buy=15 buy_placed=0 sell_active=5 exiting=0 recycle=0 chunks_total=1 stream_chunks=0 orphan_chunks=1 inventory_qty=0.000180 stream_inventory_qty=0.000000 orphan_inventory_qty=0.000180
[11:26:43.629] [ERROR] [EXEC] STREAM_OWNERSHIP_MISMATCH reason=qty_without_stream_chunks qty=0.000180
[11:26:44.389] [INFO] [EXEC] STREAM_EXIT_RETRY_STATUS stream_id=5 chunk_id=1548854826896 order_id=391892245 status=NEW
[11:26:44.390] [WARNING] [EXEC] STREAM_SELL_TIMEOUT stream_id=5 chunk_id=1548854826896 order_id=391892245 age_ms=3550 timeout_ms=2800
[11:26:44.652] [INFO] [EXEC] STREAM_SELL_CANCEL_OLD stream_id=5 chunk_id=1548854826896 order_id=391892245
[11:26:44.652] [INFO] GUI_PERF tick_ms=0 logs_visible=False gui_log_mode=OFF append_skipped=1837
[11:26:44.652] [ERROR] [EXEC] STREAM_EXIT_STUCK stream_id=5 chunk_id=1548854826896 order_id=391892245
[11:26:44.653] [WARNING] [EXEC] STREAM_EXIT_ISOLATED stream_id=5 chunk_id=1548854826896 action=force_sell_reprice
[11:26:44.653] [ERROR] [EXEC] STREAM_OWNERSHIP_MISMATCH reason=qty_without_stream_chunks qty=0.000180
[11:26:44.653] [INFO] [EXEC] EXIT RECOVERY inventory_no_sell qty=0.000180
[11:26:44.653] [ERROR] [EXEC] STREAM_OWNERSHIP_MISMATCH reason=qty_without_stream_chunks qty=0.000180
[11:26:45.169] [INFO] [EXEC] SELL CHECK inventory=0.000180 reported=0.000000 remaining=0.000180 chunks=1
[11:26:45.170] [INFO] [EXEC] PLACE_SELL_SOURCE source=plan price=79393.78
[11:26:45.170] [OK] [EXEC] PLACE SELL price=79393.78 qty=0.000180
[11:26:45.452] [WARNING] [EXEC] SELL_HOLD_RECOVERY_START orderId=391892419 entry=79393.76 floor=79393.78 ask=79378.00
[11:26:45.452] [OK] [EXEC] SELL ORDER SENT orderId=391892419
[11:26:46.124] [INFO] [EXEC] STREAM_OWNERSHIP_AUDIT stream_id=1 state=SELL_PLACED buy_order_id=0 sell_order_id=391889520 chunk_id=1548835984624 chunk_qty=0.000000 buy_live=false sell_live=true chunk_live=false
[11:26:46.125] [INFO] GUI_PERF tick_ms=0 logs_visible=False gui_log_mode=OFF append_skipped=1848
[11:26:46.125] [INFO] [EXEC] STREAM_OWNERSHIP_AUDIT stream_id=2 state=SELL_PLACED buy_order_id=0 sell_order_id=391890668 chunk_id=1548835960304 chunk_qty=0.000000 buy_live=false sell_live=true chunk_live=false
[11:26:46.125] [INFO] [EXEC] STREAM_OWNERSHIP_AUDIT stream_id=3 state=SELL_PLACED buy_order_id=0 sell_order_id=391891734 chunk_id=1548854863264 chunk_qty=0.000000 buy_live=false sell_live=true chunk_live=false
[11:26:46.125] [INFO] [EXEC] STREAM_OWNERSHIP_AUDIT stream_id=4 state=SELL_PLACED buy_order_id=0 sell_order_id=391889322 chunk_id=1548854839872 chunk_qty=0.000000 buy_live=false sell_live=true chunk_live=false
[11:26:46.125] [INFO] [EXEC] STREAM_OWNERSHIP_AUDIT stream_id=5 state=SELL_PLACED buy_order_id=0 sell_order_id=391892245 chunk_id=1548854826896 chunk_qty=0.000180 buy_live=false sell_live=true chunk_live=true
[11:26:46.125] [INFO] [EXEC] STREAM_OWNERSHIP_AUDIT stream_id=6 state=WAIT_BUY buy_order_id=0 sell_order_id=0 chunk_id=0 chunk_qty=0.000000 buy_live=false sell_live=false chunk_live=false
[11:26:46.125] [INFO] [EXEC] STREAM_OWNERSHIP_AUDIT stream_id=7 state=WAIT_BUY buy_order_id=0 sell_order_id=0 chunk_id=0 chunk_qty=0.000000 buy_live=false sell_live=false chunk_live=false
[11:26:46.125] [INFO] [EXEC] STREAM_OWNERSHIP_AUDIT stream_id=8 state=WAIT_BUY buy_order_id=0 sell_order_id=0 chunk_id=0 chunk_qty=0.000000 buy_live=false sell_live=false chunk_live=false
[11:26:46.125] [INFO] [EXEC] STREAM_OWNERSHIP_AUDIT stream_id=9 state=WAIT_BUY buy_order_id=0 sell_order_id=0 chunk_id=0 chunk_qty=0.000000 buy_live=false sell_live=false chunk_live=false
[11:26:46.126] [INFO] [EXEC] STREAM_OWNERSHIP_AUDIT stream_id=10 state=WAIT_BUY buy_order_id=0 sell_order_id=0 chunk_id=0 chunk_qty=0.000000 buy_live=false sell_live=false chunk_live=false
[11:26:46.126] [INFO] [EXEC] STREAM_OWNERSHIP_AUDIT stream_id=11 state=WAIT_BUY buy_order_id=0 sell_order_id=0 chunk_id=0 chunk_qty=0.000000 buy_live=false sell_live=false chunk_live=false
[11:26:46.126] [INFO] [EXEC] STREAM_OWNERSHIP_AUDIT stream_id=12 state=WAIT_BUY buy_order_id=0 sell_order_id=0 chunk_id=0 chunk_qty=0.000000 buy_live=false sell_live=false chunk_live=false
[11:26:46.126] [INFO] [EXEC] STREAM_OWNERSHIP_AUDIT stream_id=13 state=WAIT_BUY buy_order_id=0 sell_order_id=0 chunk_id=0 chunk_qty=0.000000 buy_live=false sell_live=false chunk_live=false
[11:26:46.126] [INFO] [EXEC] STREAM_OWNERSHIP_AUDIT stream_id=14 state=WAIT_BUY buy_order_id=0 sell_order_id=0 chunk_id=0 chunk_qty=0.000000 buy_live=false sell_live=false chunk_live=false
[11:26:46.126] [INFO] [EXEC] STREAM_OWNERSHIP_AUDIT stream_id=15 state=WAIT_BUY buy_order_id=0 sell_order_id=0 chunk_id=0 chunk_qty=0.000000 buy_live=false sell_live=false chunk_live=false
[11:26:46.126] [INFO] [EXEC] STREAM_OWNERSHIP_AUDIT stream_id=16 state=WAIT_BUY buy_order_id=0 sell_order_id=0 chunk_id=0 chunk_qty=0.000000 buy_live=false sell_live=false chunk_live=false
[11:26:46.126] [INFO] [EXEC] STREAM_OWNERSHIP_AUDIT stream_id=17 state=WAIT_BUY buy_order_id=0 sell_order_id=0 chunk_id=0 chunk_qty=0.000000 buy_live=false sell_live=false chunk_live=false
[11:26:46.126] [INFO] [EXEC] STREAM_OWNERSHIP_AUDIT stream_id=18 state=WAIT_BUY buy_order_id=0 sell_order_id=0 chunk_id=0 chunk_qty=0.000000 buy_live=false sell_live=false chunk_live=false
[11:26:46.127] [INFO] [EXEC] STREAM_OWNERSHIP_AUDIT stream_id=19 state=WAIT_BUY buy_order_id=0 sell_order_id=0 chunk_id=0 chunk_qty=0.000000 buy_live=false sell_live=false chunk_live=false
[11:26:46.127] [INFO] [EXEC] STREAM_OWNERSHIP_AUDIT stream_id=20 state=WAIT_BUY buy_order_id=0 sell_order_id=0 chunk_id=0 chunk_qty=0.000000 buy_live=false sell_live=false chunk_live=false
[11:26:46.127] [ERROR] [EXEC] STREAM_STATE_MISMATCH reason=stream_inventory_qty_mismatch inventory_qty=0.000180 stream_chunks=0
[11:26:46.127] [INFO] [EXEC] STREAM_OWNERSHIP_SUMMARY streams_total=20 wait_buy=15 buy_placed=0 sell_active=5 exiting=0 recycle=0 chunks_total=1 stream_chunks=0 orphan_chunks=1 inventory_qty=0.000180 stream_inventory_qty=0.000000 orphan_inventory_qty=0.000180
[11:26:46.641] [INFO] [EXEC] STREAM_STATS_UI cycles=4 wins=4 losses=0 pnl=+0.000106 winrate=100.00%
[11:26:47.432] [INFO] [EXEC] SELL_WATCHDOG_SYNC orderId=391892419 status=NEW
[11:26:47.432] [INFO] GUI_PERF tick_ms=0 logs_visible=False gui_log_mode=OFF append_skipped=1871
[11:26:47.432] [INFO] [EXEC] SELL_WATCHDOG_FAR_IGNORE orderId=391892419 reason=protected_sell dist_ticks=1619
[11:26:48.178] [INFO] [EXEC] STREAM_OWNERSHIP_AUDIT stream_id=1 state=SELL_PLACED buy_order_id=0 sell_order_id=391889520 chunk_id=1548835984624 chunk_qty=0.000000 buy_live=false sell_live=true chunk_live=false
[11:26:48.179] [INFO] [EXEC] STREAM_OWNERSHIP_AUDIT stream_id=2 state=SELL_PLACED buy_order_id=0 sell_order_id=391890668 chunk_id=1548835960304 chunk_qty=0.000000 buy_live=false sell_live=true chunk_live=false
[11:26:48.179] [INFO] [EXEC] STREAM_OWNERSHIP_AUDIT stream_id=3 state=SELL_PLACED buy_order_id=0 sell_order_id=391891734 chunk_id=1548854863264 chunk_qty=0.000000 buy_live=false sell_live=true chunk_live=false
[11:26:48.180] [INFO] [EXEC] STREAM_OWNERSHIP_AUDIT stream_id=4 state=SELL_PLACED buy_order_id=0 sell_order_id=391889322 chunk_id=1548854839872 chunk_qty=0.000000 buy_live=false sell_live=true chunk_live=false
[11:26:48.180] [INFO] [EXEC] STREAM_OWNERSHIP_AUDIT stream_id=5 state=SELL_PLACED buy_order_id=0 sell_order_id=391892245 chunk_id=1548854826896 chunk_qty=0.000180 buy_live=false sell_live=true chunk_live=true
[11:26:48.181] [INFO] [EXEC] STREAM_OWNERSHIP_AUDIT stream_id=6 state=WAIT_BUY buy_order_id=0 sell_order_id=0 chunk_id=0 chunk_qty=0.000000 buy_live=false sell_live=false chunk_live=false
[11:26:48.181] [INFO] [EXEC] STREAM_OWNERSHIP_AUDIT stream_id=7 state=WAIT_BUY buy_order_id=0 sell_order_id=0 chunk_id=0 chunk_qty=0.000000 buy_live=false sell_live=false chunk_live=false
[11:26:48.181] [INFO] [EXEC] STREAM_OWNERSHIP_AUDIT stream_id=8 state=WAIT_BUY buy_order_id=0 sell_order_id=0 chunk_id=0 chunk_qty=0.000000 buy_live=false sell_live=false chunk_live=false
[11:26:48.182] [INFO] [EXEC] STREAM_OWNERSHIP_AUDIT stream_id=9 state=WAIT_BUY buy_order_id=0 sell_order_id=0 chunk_id=0 chunk_qty=0.000000 buy_live=false sell_live=false chunk_live=false
[11:26:48.182] [INFO] [EXEC] STREAM_OWNERSHIP_AUDIT stream_id=10 state=WAIT_BUY buy_order_id=0 sell_order_id=0 chunk_id=0 chunk_qty=0.000000 buy_live=false sell_live=false chunk_live=false
[11:26:48.182] [INFO] [EXEC] STREAM_OWNERSHIP_AUDIT stream_id=11 state=WAIT_BUY buy_order_id=0 sell_order_id=0 chunk_id=0 chunk_qty=0.000000 buy_live=false sell_live=false chunk_live=false
[11:26:48.183] [INFO] [EXEC] STREAM_OWNERSHIP_AUDIT stream_id=12 state=WAIT_BUY buy_order_id=0 sell_order_id=0 chunk_id=0 chunk_qty=0.000000 buy_live=false sell_live=false chunk_live=false
[11:26:48.183] [INFO] [EXEC] STREAM_OWNERSHIP_AUDIT stream_id=13 state=WAIT_BUY buy_order_id=0 sell_order_id=0 chunk_id=0 chunk_qty=0.000000 buy_live=false sell_live=false chunk_live=false
[11:26:48.183] [INFO] [EXEC] STREAM_OWNERSHIP_AUDIT stream_id=14 state=WAIT_BUY buy_order_id=0 sell_order_id=0 chunk_id=0 chunk_qty=0.000000 buy_live=false sell_live=false chunk_live=false
[11:26:48.184] [INFO] [EXEC] STREAM_OWNERSHIP_AUDIT stream_id=15 state=WAIT_BUY buy_order_id=0 sell_order_id=0 chunk_id=0 chunk_qty=0.000000 buy_live=false sell_live=false chunk_live=false
[11:26:48.184] [INFO] [EXEC] STREAM_OWNERSHIP_AUDIT stream_id=16 state=WAIT_BUY buy_order_id=0 sell_order_id=0 chunk_id=0 chunk_qty=0.000000 buy_live=false sell_live=false chunk_live=false
[11:26:48.184] [INFO] [EXEC] STREAM_OWNERSHIP_AUDIT stream_id=17 state=WAIT_BUY buy_order_id=0 sell_order_id=0 chunk_id=0 chunk_qty=0.000000 buy_live=false sell_live=false chunk_live=false
[11:26:48.185] [INFO] [EXEC] STREAM_OWNERSHIP_AUDIT stream_id=18 state=WAIT_BUY buy_order_id=0 sell_order_id=0 chunk_id=0 chunk_qty=0.000000 buy_live=false sell_live=false chunk_live=false
[11:26:48.185] [INFO] [EXEC] STREAM_OWNERSHIP_AUDIT stream_id=19 state=WAIT_BUY buy_order_id=0 sell_order_id=0 chunk_id=0 chunk_qty=0.000000 buy_live=false sell_live=false chunk_live=false
[11:26:48.185] [INFO] [EXEC] STREAM_OWNERSHIP_AUDIT stream_id=20 state=WAIT_BUY buy_order_id=0 sell_order_id=0 chunk_id=0 chunk_qty=0.000000 buy_live=false sell_live=false chunk_live=false
[11:26:48.186] [ERROR] [EXEC] STREAM_STATE_MISMATCH reason=stream_inventory_qty_mismatch inventory_qty=0.000180 stream_chunks=0
[11:26:48.186] [INFO] [EXEC] STREAM_OWNERSHIP_SUMMARY streams_total=20 wait_buy=15 buy_placed=0 sell_active=5 exiting=0 recycle=0 chunks_total=1 stream_chunks=0 orphan_chunks=1 inventory_qty=0.000180 stream_inventory_qty=0.000000 orphan_inventory_qty=0.000180
[11:26:48.442] [INFO] [EXEC] SELL_WATCHDOG_SYNC orderId=391892419 status=NEW
[11:26:48.443] [INFO] GUI_PERF tick_ms=0 logs_visible=False gui_log_mode=OFF append_skipped=1895
[11:26:50.227] [INFO] [EXEC] STREAM_OWNERSHIP_AUDIT stream_id=1 state=SELL_PLACED buy_order_id=0 sell_order_id=391889520 chunk_id=1548835984624 chunk_qty=0.000000 buy_live=false sell_live=true chunk_live=false
[11:26:50.228] [INFO] GUI_PERF tick_ms=0 logs_visible=False gui_log_mode=OFF append_skipped=1896
[11:26:50.229] [INFO] [EXEC] STREAM_OWNERSHIP_AUDIT stream_id=2 state=SELL_PLACED buy_order_id=0 sell_order_id=391890668 chunk_id=1548835960304 chunk_qty=0.000000 buy_live=false sell_live=true chunk_live=false
[11:26:50.229] [INFO] [EXEC] STREAM_OWNERSHIP_AUDIT stream_id=3 state=SELL_PLACED buy_order_id=0 sell_order_id=391891734 chunk_id=1548854863264 chunk_qty=0.000000 buy_live=false sell_live=true chunk_live=false
[11:26:50.230] [INFO] [EXEC] STREAM_OWNERSHIP_AUDIT stream_id=4 state=SELL_PLACED buy_order_id=0 sell_order_id=391889322 chunk_id=1548854839872 chunk_qty=0.000000 buy_live=false sell_live=true chunk_live=false
[11:26:50.231] [INFO] [EXEC] STREAM_OWNERSHIP_AUDIT stream_id=5 state=SELL_PLACED buy_order_id=0 sell_order_id=391892245 chunk_id=1548854826896 chunk_qty=0.000180 buy_live=false sell_live=true chunk_live=true
[11:26:50.232] [INFO] [EXEC] STREAM_OWNERSHIP_AUDIT stream_id=6 state=WAIT_BUY buy_order_id=0 sell_order_id=0 chunk_id=0 chunk_qty=0.000000 buy_live=false sell_live=false chunk_live=false
[11:26:50.233] [INFO] [EXEC] STREAM_OWNERSHIP_AUDIT stream_id=7 state=WAIT_BUY buy_order_id=0 sell_order_id=0 chunk_id=0 chunk_qty=0.000000 buy_live=false sell_live=false chunk_live=false
[11:26:50.234] [INFO] [EXEC] STREAM_OWNERSHIP_AUDIT stream_id=8 state=WAIT_BUY buy_order_id=0 sell_order_id=0 chunk_id=0 chunk_qty=0.000000 buy_live=false sell_live=false chunk_live=false
[11:26:50.235] [INFO] [EXEC] STREAM_OWNERSHIP_AUDIT stream_id=9 state=WAIT_BUY buy_order_id=0 sell_order_id=0 chunk_id=0 chunk_qty=0.000000 buy_live=false sell_live=false chunk_live=false
[11:26:50.236] [INFO] [EXEC] STREAM_OWNERSHIP_AUDIT stream_id=10 state=WAIT_BUY buy_order_id=0 sell_order_id=0 chunk_id=0 chunk_qty=0.000000 buy_live=false sell_live=false chunk_live=false
[11:26:50.237] [INFO] [EXEC] STREAM_OWNERSHIP_AUDIT stream_id=11 state=WAIT_BUY buy_order_id=0 sell_order_id=0 chunk_id=0 chunk_qty=0.000000 buy_live=false sell_live=false chunk_live=false
[11:26:50.238] [INFO] [EXEC] STREAM_OWNERSHIP_AUDIT stream_id=12 state=WAIT_BUY buy_order_id=0 sell_order_id=0 chunk_id=0 chunk_qty=0.000000 buy_live=false sell_live=false chunk_live=false
[11:26:50.239] [INFO] [EXEC] STREAM_OWNERSHIP_AUDIT stream_id=13 state=WAIT_BUY buy_order_id=0 sell_order_id=0 chunk_id=0 chunk_qty=0.000000 buy_live=false sell_live=false chunk_live=false
[11:26:50.240] [INFO] [EXEC] STREAM_OWNERSHIP_AUDIT stream_id=14 state=WAIT_BUY buy_order_id=0 sell_order_id=0 chunk_id=0 chunk_qty=0.000000 buy_live=false sell_live=false chunk_live=false
[11:26:50.241] [INFO] [EXEC] STREAM_OWNERSHIP_AUDIT stream_id=15 state=WAIT_BUY buy_order_id=0 sell_order_id=0 chunk_id=0 chunk_qty=0.000000 buy_live=false sell_live=false chunk_live=false
[11:26:50.241] [INFO] [EXEC] STREAM_OWNERSHIP_AUDIT stream_id=16 state=WAIT_BUY buy_order_id=0 sell_order_id=0 chunk_id=0 chunk_qty=0.000000 buy_live=false sell_live=false chunk_live=false
[11:26:50.242] [INFO] [EXEC] STREAM_OWNERSHIP_AUDIT stream_id=17 state=WAIT_BUY buy_order_id=0 sell_order_id=0 chunk_id=0 chunk_qty=0.000000 buy_live=false sell_live=false chunk_live=false
[11:26:50.242] [INFO] [EXEC] STREAM_OWNERSHIP_AUDIT stream_id=18 state=WAIT_BUY buy_order_id=0 sell_order_id=0 chunk_id=0 chunk_qty=0.000000 buy_live=false sell_live=false chunk_live=false
[11:26:50.243] [INFO] [EXEC] STREAM_OWNERSHIP_AUDIT stream_id=19 state=WAIT_BUY buy_order_id=0 sell_order_id=0 chunk_id=0 chunk_qty=0.000000 buy_live=false sell_live=false chunk_live=false
[11:26:50.243] [INFO] [EXEC] STREAM_OWNERSHIP_AUDIT stream_id=20 state=WAIT_BUY buy_order_id=0 sell_order_id=0 chunk_id=0 chunk_qty=0.000000 buy_live=false sell_live=false chunk_live=false
[11:26:50.244] [ERROR] [EXEC] STREAM_STATE_MISMATCH reason=stream_inventory_qty_mismatch inventory_qty=0.000180 stream_chunks=0
[11:26:50.244] [INFO] [EXEC] STREAM_OWNERSHIP_SUMMARY streams_total=20 wait_buy=15 buy_placed=0 sell_active=5 exiting=0 recycle=0 chunks_total=1 stream_chunks=0 orphan_chunks=1 inventory_qty=0.000180 stream_inventory_qty=0.000000 orphan_inventory_qty=0.000180
[11:26:50.509] [INFO] [EXEC] SELL_WATCHDOG_SYNC orderId=391892419 status=NEW
[11:26:51.993] [WARNING] [EXEC] SMART_EXIT_ACTIVE
[11:26:51.994] [INFO] GUI_PERF tick_ms=0 logs_visible=False gui_log_mode=OFF append_skipped=1919
[11:26:51.994] [WARNING] [EXEC] SMART_EXIT_BREAK_HOLD reason=too_far age=6272 dist_ticks=3219
[11:26:52.541] [WARNING] [EXEC] TAKER_EXIT_TRIGGER reason=smart_break_hold_too_far age=6554 qty=0.000180
[11:26:52.541] [WARNING] [EXEC] SMART_EXIT_TO_TAKER reason=smart_break_hold_too_far
[11:26:52.542] [WARNING] [EXEC] TAKER_EXIT_CANCEL_MAKER orderId=391892419
[11:26:53.353] [INFO] [EXEC] PLACE_SELL_SOURCE source=taker price=79354.34
[11:26:53.354] [INFO] GUI_PERF tick_ms=0 logs_visible=False gui_log_mode=OFF append_skipped=1924
[11:26:53.627] [WARNING] [EXEC] TAKER_EXIT_ORDER_SENT id=391892848 price=79354.34 qty=0.000180
[11:26:53.629] [INFO] [EXEC] STREAM_STATS_UI cycles=4 wins=4 losses=0 pnl=+0.000106 winrate=100.00%
[11:26:54.004] [INFO] [EXEC] STREAM_OWNERSHIP_AUDIT stream_id=1 state=SELL_PLACED buy_order_id=0 sell_order_id=391889520 chunk_id=1548835984624 chunk_qty=0.000000 buy_live=false sell_live=true chunk_live=false
[11:26:54.006] [INFO] [EXEC] STREAM_OWNERSHIP_AUDIT stream_id=2 state=SELL_PLACED buy_order_id=0 sell_order_id=391890668 chunk_id=1548835960304 chunk_qty=0.000000 buy_live=false sell_live=true chunk_live=false
[11:26:54.007] [INFO] [EXEC] STREAM_OWNERSHIP_AUDIT stream_id=3 state=SELL_PLACED buy_order_id=0 sell_order_id=391891734 chunk_id=1548854863264 chunk_qty=0.000000 buy_live=false sell_live=true chunk_live=false
[11:26:54.008] [INFO] [EXEC] STREAM_OWNERSHIP_AUDIT stream_id=4 state=SELL_PLACED buy_order_id=0 sell_order_id=391889322 chunk_id=1548854839872 chunk_qty=0.000000 buy_live=false sell_live=true chunk_live=false
[11:26:54.009] [INFO] [EXEC] STREAM_OWNERSHIP_AUDIT stream_id=5 state=SELL_PLACED buy_order_id=0 sell_order_id=391892245 chunk_id=1548854826896 chunk_qty=0.000180 buy_live=false sell_live=true chunk_live=true
[11:26:54.010] [INFO] [EXEC] STREAM_OWNERSHIP_AUDIT stream_id=6 state=WAIT_BUY buy_order_id=0 sell_order_id=0 chunk_id=0 chunk_qty=0.000000 buy_live=false sell_live=false chunk_live=false
[11:26:54.011] [INFO] [EXEC] STREAM_OWNERSHIP_AUDIT stream_id=7 state=WAIT_BUY buy_order_id=0 sell_order_id=0 chunk_id=0 chunk_qty=0.000000 buy_live=false sell_live=false chunk_live=false
[11:26:54.012] [INFO] [EXEC] STREAM_OWNERSHIP_AUDIT stream_id=8 state=WAIT_BUY buy_order_id=0 sell_order_id=0 chunk_id=0 chunk_qty=0.000000 buy_live=false sell_live=false chunk_live=false
[11:26:54.013] [INFO] [EXEC] STREAM_OWNERSHIP_AUDIT stream_id=9 state=WAIT_BUY buy_order_id=0 sell_order_id=0 chunk_id=0 chunk_qty=0.000000 buy_live=false sell_live=false chunk_live=false
[11:26:54.014] [INFO] [EXEC] STREAM_OWNERSHIP_AUDIT stream_id=10 state=WAIT_BUY buy_order_id=0 sell_order_id=0 chunk_id=0 chunk_qty=0.000000 buy_live=false sell_live=false chunk_live=false
[11:26:54.014] [INFO] [EXEC] STREAM_OWNERSHIP_AUDIT stream_id=11 state=WAIT_BUY buy_order_id=0 sell_order_id=0 chunk_id=0 chunk_qty=0.000000 buy_live=false sell_live=false chunk_live=false
[11:26:54.015] [INFO] [EXEC] STREAM_OWNERSHIP_AUDIT stream_id=12 state=WAIT_BUY buy_order_id=0 sell_order_id=0 chunk_id=0 chunk_qty=0.000000 buy_live=false sell_live=false chunk_live=false
[11:26:54.015] [INFO] [EXEC] STREAM_OWNERSHIP_AUDIT stream_id=13 state=WAIT_BUY buy_order_id=0 sell_order_id=0 chunk_id=0 chunk_qty=0.000000 buy_live=false sell_live=false chunk_live=false
[11:26:54.016] [INFO] [EXEC] STREAM_OWNERSHIP_AUDIT stream_id=14 state=WAIT_BUY buy_order_id=0 sell_order_id=0 chunk_id=0 chunk_qty=0.000000 buy_live=false sell_live=false chunk_live=false
[11:26:54.016] [INFO] [EXEC] STREAM_OWNERSHIP_AUDIT stream_id=15 state=WAIT_BUY buy_order_id=0 sell_order_id=0 chunk_id=0 chunk_qty=0.000000 buy_live=false sell_live=false chunk_live=false
[11:26:54.016] [INFO] [EXEC] STREAM_OWNERSHIP_AUDIT stream_id=16 state=WAIT_BUY buy_order_id=0 sell_order_id=0 chunk_id=0 chunk_qty=0.000000 buy_live=false sell_live=false chunk_live=false
[11:26:54.017] [INFO] [EXEC] STREAM_OWNERSHIP_AUDIT stream_id=17 state=WAIT_BUY buy_order_id=0 sell_order_id=0 chunk_id=0 chunk_qty=0.000000 buy_live=false sell_live=false chunk_live=false
[11:26:54.018] [INFO] [EXEC] STREAM_OWNERSHIP_AUDIT stream_id=18 state=WAIT_BUY buy_order_id=0 sell_order_id=0 chunk_id=0 chunk_qty=0.000000 buy_live=false sell_live=false chunk_live=false
[11:26:54.018] [INFO] [EXEC] STREAM_OWNERSHIP_AUDIT stream_id=19 state=WAIT_BUY buy_order_id=0 sell_order_id=0 chunk_id=0 chunk_qty=0.000000 buy_live=false sell_live=false chunk_live=false
[11:26:54.019] [INFO] [EXEC] STREAM_OWNERSHIP_AUDIT stream_id=20 state=WAIT_BUY buy_order_id=0 sell_order_id=0 chunk_id=0 chunk_qty=0.000000 buy_live=false sell_live=false chunk_live=false
[11:26:54.019] [ERROR] [EXEC] STREAM_STATE_MISMATCH reason=stream_inventory_qty_mismatch inventory_qty=0.000180 stream_chunks=0
[11:26:54.020] [INFO] [EXEC] STREAM_OWNERSHIP_SUMMARY streams_total=20 wait_buy=15 buy_placed=0 sell_active=5 exiting=0 recycle=0 chunks_total=1 stream_chunks=0 orphan_chunks=1 inventory_qty=0.000180 stream_inventory_qty=0.000000 orphan_inventory_qty=0.000180
[11:26:54.020] [INFO] [EXEC] TAKER_STATUS_WAIT orderId=391892848
[11:26:54.280] [INFO] [EXEC] TAKER_STATUS_SYNC orderId=391892848 status=EXPIRED
[11:26:54.543] [WARNING] [EXEC] TAKER_STATUS_FAILED status=EXPIRED
[11:26:54.543] [INFO] GUI_PERF tick_ms=0 logs_visible=False gui_log_mode=OFF append_skipped=1951
[11:26:54.544] [ERROR] [EXEC] TAKER_STATUS_TIMEOUT orderId=391892848
[11:26:55.347] [WARNING] [SYNC] desync fixed
[11:26:55.881] [ERROR] [EXEC] STREAM_OWNERSHIP_MISMATCH reason=qty_without_stream_chunks qty=0.000180
[11:26:55.882] [INFO] GUI_PERF tick_ms=0 logs_visible=False gui_log_mode=OFF append_skipped=1954
[11:26:55.882] [WARNING] [EXEC] SMART_EXIT_PANIC_RETRY reason=status_expired attempt=1
[11:26:55.882] [ERROR] [EXEC] STREAM_OWNERSHIP_MISMATCH reason=qty_without_stream_chunks qty=0.000180
[11:26:55.883] [WARNING] [EXEC] EXIT_FAIL reason=smart_exit_status_expired force_exit
[11:26:55.883] [ERROR] [EXEC] STREAM_OWNERSHIP_MISMATCH reason=qty_without_stream_chunks qty=0.000180
[11:26:55.883] [WARNING] [EXEC] PANIC EXIT smart_exit_status_expired
[11:26:56.148] [WARNING] [EXEC] FORCE EXIT price=79353.99
[11:26:56.150] [INFO] [EXEC] PLACE_SELL_SOURCE source=panic price=79353.99
[11:26:56.150] [OK] [EXEC] PLACE SELL price=79353.99 qty=0.000180
[11:26:56.446] [WARNING] [EXEC] PANIC START price=79353.99
[11:26:56.447] [OK] [EXEC] SELL ORDER SENT orderId=391892933
[11:26:57.053] [INFO] [EXEC] STREAM_OWNERSHIP_AUDIT stream_id=1 state=SELL_PLACED buy_order_id=0 sell_order_id=391889520 chunk_id=1548835984624 chunk_qty=0.000000 buy_live=false sell_live=true chunk_live=false
[11:26:57.054] [INFO] GUI_PERF tick_ms=0 logs_visible=False gui_log_mode=OFF append_skipped=1965
[11:26:57.055] [INFO] [EXEC] STREAM_OWNERSHIP_AUDIT stream_id=2 state=SELL_PLACED buy_order_id=0 sell_order_id=391890668 chunk_id=1548835960304 chunk_qty=0.000000 buy_live=false sell_live=true chunk_live=false
[11:26:57.056] [INFO] [EXEC] STREAM_OWNERSHIP_AUDIT stream_id=3 state=SELL_PLACED buy_order_id=0 sell_order_id=391891734 chunk_id=1548854863264 chunk_qty=0.000000 buy_live=false sell_live=true chunk_live=false
[11:26:57.057] [INFO] [EXEC] STREAM_OWNERSHIP_AUDIT stream_id=4 state=SELL_PLACED buy_order_id=0 sell_order_id=391889322 chunk_id=1548854839872 chunk_qty=0.000000 buy_live=false sell_live=true chunk_live=false
[11:26:57.058] [INFO] [EXEC] STREAM_OWNERSHIP_AUDIT stream_id=5 state=SELL_PLACED buy_order_id=0 sell_order_id=391892245 chunk_id=1548854826896 chunk_qty=0.000180 buy_live=false sell_live=true chunk_live=true
[11:26:57.059] [INFO] [EXEC] STREAM_OWNERSHIP_AUDIT stream_id=6 state=WAIT_BUY buy_order_id=0 sell_order_id=0 chunk_id=0 chunk_qty=0.000000 buy_live=false sell_live=false chunk_live=false
[11:26:57.060] [INFO] [EXEC] STREAM_OWNERSHIP_AUDIT stream_id=7 state=WAIT_BUY buy_order_id=0 sell_order_id=0 chunk_id=0 chunk_qty=0.000000 buy_live=false sell_live=false chunk_live=false
[11:26:57.061] [INFO] [EXEC] STREAM_OWNERSHIP_AUDIT stream_id=8 state=WAIT_BUY buy_order_id=0 sell_order_id=0 chunk_id=0 chunk_qty=0.000000 buy_live=false sell_live=false chunk_live=false
[11:26:57.061] [INFO] [EXEC] STREAM_OWNERSHIP_AUDIT stream_id=9 state=WAIT_BUY buy_order_id=0 sell_order_id=0 chunk_id=0 chunk_qty=0.000000 buy_live=false sell_live=false chunk_live=false
[11:26:57.062] [INFO] [EXEC] STREAM_OWNERSHIP_AUDIT stream_id=10 state=WAIT_BUY buy_order_id=0 sell_order_id=0 chunk_id=0 chunk_qty=0.000000 buy_live=false sell_live=false chunk_live=false
[11:26:57.063] [INFO] [EXEC] STREAM_OWNERSHIP_AUDIT stream_id=11 state=WAIT_BUY buy_order_id=0 sell_order_id=0 chunk_id=0 chunk_qty=0.000000 buy_live=false sell_live=false chunk_live=false
[11:26:57.064] [INFO] [EXEC] STREAM_OWNERSHIP_AUDIT stream_id=12 state=WAIT_BUY buy_order_id=0 sell_order_id=0 chunk_id=0 chunk_qty=0.000000 buy_live=false sell_live=false chunk_live=false
[11:26:57.064] [INFO] [EXEC] STREAM_OWNERSHIP_AUDIT stream_id=13 state=WAIT_BUY buy_order_id=0 sell_order_id=0 chunk_id=0 chunk_qty=0.000000 buy_live=false sell_live=false chunk_live=false
[11:26:57.065] [INFO] [EXEC] STREAM_OWNERSHIP_AUDIT stream_id=14 state=WAIT_BUY buy_order_id=0 sell_order_id=0 chunk_id=0 chunk_qty=0.000000 buy_live=false sell_live=false chunk_live=false
[11:26:57.066] [INFO] [EXEC] STREAM_OWNERSHIP_AUDIT stream_id=15 state=WAIT_BUY buy_order_id=0 sell_order_id=0 chunk_id=0 chunk_qty=0.000000 buy_live=false sell_live=false chunk_live=false
[11:26:57.067] [INFO] [EXEC] STREAM_OWNERSHIP_AUDIT stream_id=16 state=WAIT_BUY buy_order_id=0 sell_order_id=0 chunk_id=0 chunk_qty=0.000000 buy_live=false sell_live=false chunk_live=false
[11:26:57.067] [INFO] [EXEC] STREAM_OWNERSHIP_AUDIT stream_id=17 state=WAIT_BUY buy_order_id=0 sell_order_id=0 chunk_id=0 chunk_qty=0.000000 buy_live=false sell_live=false chunk_live=false
[11:26:57.068] [INFO] [EXEC] STREAM_OWNERSHIP_AUDIT stream_id=18 state=WAIT_BUY buy_order_id=0 sell_order_id=0 chunk_id=0 chunk_qty=0.000000 buy_live=false sell_live=false chunk_live=false
[11:26:57.068] [INFO] [EXEC] STREAM_OWNERSHIP_AUDIT stream_id=19 state=WAIT_BUY buy_order_id=0 sell_order_id=0 chunk_id=0 chunk_qty=0.000000 buy_live=false sell_live=false chunk_live=false
[11:26:57.069] [INFO] [EXEC] STREAM_OWNERSHIP_AUDIT stream_id=20 state=WAIT_BUY buy_order_id=0 sell_order_id=0 chunk_id=0 chunk_qty=0.000000 buy_live=false sell_live=false chunk_live=false
[11:26:57.069] [ERROR] [EXEC] STREAM_STATE_MISMATCH reason=stream_inventory_qty_mismatch inventory_qty=0.000180 stream_chunks=0
[11:26:57.070] [INFO] [EXEC] STREAM_OWNERSHIP_SUMMARY streams_total=20 wait_buy=15 buy_placed=0 sell_active=5 exiting=0 recycle=0 chunks_total=1 stream_chunks=0 orphan_chunks=1 inventory_qty=0.000180 stream_inventory_qty=0.000000 orphan_inventory_qty=0.000180
[11:26:57.333] [INFO] [EXEC] SMART_EXIT_PANIC_STATUS id=391892933 status=NEW filled=0.000000 remaining=0.000180 age=1187
[11:26:59.111] [INFO] [EXEC] STREAM_OWNERSHIP_AUDIT stream_id=1 state=SELL_PLACED buy_order_id=0 sell_order_id=391889520 chunk_id=1548835984624 chunk_qty=0.000000 buy_live=false sell_live=true chunk_live=false
[11:26:59.112] [INFO] GUI_PERF tick_ms=0 logs_visible=False gui_log_mode=OFF append_skipped=1988
[11:26:59.112] [INFO] [EXEC] STREAM_OWNERSHIP_AUDIT stream_id=2 state=SELL_PLACED buy_order_id=0 sell_order_id=391890668 chunk_id=1548835960304 chunk_qty=0.000000 buy_live=false sell_live=true chunk_live=false
[11:26:59.113] [INFO] [EXEC] STREAM_OWNERSHIP_AUDIT stream_id=3 state=SELL_PLACED buy_order_id=0 sell_order_id=391891734 chunk_id=1548854863264 chunk_qty=0.000000 buy_live=false sell_live=true chunk_live=false
[11:26:59.113] [INFO] [EXEC] STREAM_OWNERSHIP_AUDIT stream_id=4 state=SELL_PLACED buy_order_id=0 sell_order_id=391889322 chunk_id=1548854839872 chunk_qty=0.000000 buy_live=false sell_live=true chunk_live=false
[11:26:59.114] [INFO] [EXEC] STREAM_OWNERSHIP_AUDIT stream_id=5 state=SELL_PLACED buy_order_id=0 sell_order_id=391892245 chunk_id=1548854826896 chunk_qty=0.000180 buy_live=false sell_live=true chunk_live=true
[11:26:59.114] [INFO] [EXEC] STREAM_OWNERSHIP_AUDIT stream_id=6 state=WAIT_BUY buy_order_id=0 sell_order_id=0 chunk_id=0 chunk_qty=0.000000 buy_live=false sell_live=false chunk_live=false
[11:26:59.114] [INFO] [EXEC] STREAM_OWNERSHIP_AUDIT stream_id=7 state=WAIT_BUY buy_order_id=0 sell_order_id=0 chunk_id=0 chunk_qty=0.000000 buy_live=false sell_live=false chunk_live=false
[11:26:59.115] [INFO] [EXEC] STREAM_OWNERSHIP_AUDIT stream_id=8 state=WAIT_BUY buy_order_id=0 sell_order_id=0 chunk_id=0 chunk_qty=0.000000 buy_live=false sell_live=false chunk_live=false
[11:26:59.115] [INFO] [EXEC] STREAM_OWNERSHIP_AUDIT stream_id=9 state=WAIT_BUY buy_order_id=0 sell_order_id=0 chunk_id=0 chunk_qty=0.000000 buy_live=false sell_live=false chunk_live=false
[11:26:59.115] [INFO] [EXEC] STREAM_OWNERSHIP_AUDIT stream_id=10 state=WAIT_BUY buy_order_id=0 sell_order_id=0 chunk_id=0 chunk_qty=0.000000 buy_live=false sell_live=false chunk_live=false
[11:26:59.116] [INFO] [EXEC] STREAM_OWNERSHIP_AUDIT stream_id=11 state=WAIT_BUY buy_order_id=0 sell_order_id=0 chunk_id=0 chunk_qty=0.000000 buy_live=false sell_live=false chunk_live=false
[11:26:59.116] [INFO] [EXEC] STREAM_OWNERSHIP_AUDIT stream_id=12 state=WAIT_BUY buy_order_id=0 sell_order_id=0 chunk_id=0 chunk_qty=0.000000 buy_live=false sell_live=false chunk_live=false
[11:26:59.116] [INFO] [EXEC] STREAM_OWNERSHIP_AUDIT stream_id=13 state=WAIT_BUY buy_order_id=0 sell_order_id=0 chunk_id=0 chunk_qty=0.000000 buy_live=false sell_live=false chunk_live=false
[11:26:59.117] [INFO] [EXEC] STREAM_OWNERSHIP_AUDIT stream_id=14 state=WAIT_BUY buy_order_id=0 sell_order_id=0 chunk_id=0 chunk_qty=0.000000 buy_live=false sell_live=false chunk_live=false
[11:26:59.117] [INFO] [EXEC] STREAM_OWNERSHIP_AUDIT stream_id=15 state=WAIT_BUY buy_order_id=0 sell_order_id=0 chunk_id=0 chunk_qty=0.000000 buy_live=false sell_live=false chunk_live=false
[11:26:59.117] [INFO] [EXEC] STREAM_OWNERSHIP_AUDIT stream_id=16 state=WAIT_BUY buy_order_id=0 sell_order_id=0 chunk_id=0 chunk_qty=0.000000 buy_live=false sell_live=false chunk_live=false
[11:26:59.117] [INFO] [EXEC] STREAM_OWNERSHIP_AUDIT stream_id=17 state=WAIT_BUY buy_order_id=0 sell_order_id=0 chunk_id=0 chunk_qty=0.000000 buy_live=false sell_live=false chunk_live=false
[11:26:59.118] [INFO] [EXEC] STREAM_OWNERSHIP_AUDIT stream_id=18 state=WAIT_BUY buy_order_id=0 sell_order_id=0 chunk_id=0 chunk_qty=0.000000 buy_live=false sell_live=false chunk_live=false
[11:26:59.118] [INFO] [EXEC] STREAM_OWNERSHIP_AUDIT stream_id=19 state=WAIT_BUY buy_order_id=0 sell_order_id=0 chunk_id=0 chunk_qty=0.000000 buy_live=false sell_live=false chunk_live=false
[11:26:59.118] [INFO] [EXEC] STREAM_OWNERSHIP_AUDIT stream_id=20 state=WAIT_BUY buy_order_id=0 sell_order_id=0 chunk_id=0 chunk_qty=0.000000 buy_live=false sell_live=false chunk_live=false
[11:26:59.118] [ERROR] [EXEC] STREAM_STATE_MISMATCH reason=stream_inventory_qty_mismatch inventory_qty=0.000180 stream_chunks=0
[11:26:59.119] [INFO] [EXEC] STREAM_OWNERSHIP_SUMMARY streams_total=20 wait_buy=15 buy_placed=0 sell_active=5 exiting=0 recycle=0 chunks_total=1 stream_chunks=0 orphan_chunks=1 inventory_qty=0.000180 stream_inventory_qty=0.000000 orphan_inventory_qty=0.000180
[11:26:59.390] [INFO] [EXEC] SMART_EXIT_PANIC_STATUS id=391892933 status=NEW filled=0.000000 remaining=0.000180 age=3236
[11:26:59.391] [WARNING] [EXEC] SMART_EXIT_PANIC_TIMEOUT_CANCEL id=391892933 age=3236 max=1200
[11:26:59.662] [ERROR] [EXEC] STREAM_OWNERSHIP_MISMATCH reason=qty_without_stream_chunks qty=0.000180
[11:26:59.663] [WARNING] [EXEC] SMART_EXIT_PANIC_RETRY reason=panic_timeout attempt=3
[11:26:59.664] [ERROR] [EXEC] STREAM_OWNERSHIP_MISMATCH reason=qty_without_stream_chunks qty=0.000180
[11:26:59.665] [WARNING] [EXEC] EXIT_FAIL reason=smart_exit_panic_timeout force_exit
[11:26:59.666] [ERROR] [EXEC] STREAM_OWNERSHIP_MISMATCH reason=qty_without_stream_chunks qty=0.000180
[11:26:59.667] [WARNING] [EXEC] PANIC EXIT smart_exit_panic_timeout
[11:26:59.932] [WARNING] [EXEC] FORCE EXIT price=79352.22
[11:26:59.932] [INFO] [EXEC] PLACE_SELL_SOURCE source=panic price=79352.22
[11:26:59.933] [OK] [EXEC] PLACE SELL price=79352.22 qty=0.000180
[11:27:00.202] [WARNING] [EXEC] PANIC START price=79352.22
[11:27:00.202] [INFO] GUI_PERF tick_ms=0 logs_visible=False gui_log_mode=OFF append_skipped=2021
[11:27:00.203] [OK] [EXEC] SELL ORDER SENT orderId=391892995
[11:27:00.204] [INFO] [EXEC] STREAM_STATS_UI cycles=4 wins=4 losses=0 pnl=+0.000106 winrate=100.00%
[11:27:00.832] [INFO] [EXEC] STREAM_OWNERSHIP_AUDIT stream_id=1 state=SELL_PLACED buy_order_id=0 sell_order_id=391889520 chunk_id=1548835984624 chunk_qty=0.000000 buy_live=false sell_live=true chunk_live=false
[11:27:00.833] [INFO] [EXEC] STREAM_OWNERSHIP_AUDIT stream_id=2 state=SELL_PLACED buy_order_id=0 sell_order_id=391890668 chunk_id=1548835960304 chunk_qty=0.000000 buy_live=false sell_live=true chunk_live=false
[11:27:00.834] [INFO] [EXEC] STREAM_OWNERSHIP_AUDIT stream_id=3 state=SELL_PLACED buy_order_id=0 sell_order_id=391891734 chunk_id=1548854863264 chunk_qty=0.000000 buy_live=false sell_live=true chunk_live=false
[11:27:00.835] [INFO] [EXEC] STREAM_OWNERSHIP_AUDIT stream_id=4 state=SELL_PLACED buy_order_id=0 sell_order_id=391889322 chunk_id=1548854839872 chunk_qty=0.000000 buy_live=false sell_live=true chunk_live=false
[11:27:00.835] [INFO] [EXEC] STREAM_OWNERSHIP_AUDIT stream_id=5 state=SELL_PLACED buy_order_id=0 sell_order_id=391892245 chunk_id=1548854826896 chunk_qty=0.000180 buy_live=false sell_live=true chunk_live=true
[11:27:00.836] [INFO] [EXEC] STREAM_OWNERSHIP_AUDIT stream_id=6 state=WAIT_BUY buy_order_id=0 sell_order_id=0 chunk_id=0 chunk_qty=0.000000 buy_live=false sell_live=false chunk_live=false
[11:27:00.837] [INFO] [EXEC] STREAM_OWNERSHIP_AUDIT stream_id=7 state=WAIT_BUY buy_order_id=0 sell_order_id=0 chunk_id=0 chunk_qty=0.000000 buy_live=false sell_live=false chunk_live=false
[11:27:00.838] [INFO] [EXEC] STREAM_OWNERSHIP_AUDIT stream_id=8 state=WAIT_BUY buy_order_id=0 sell_order_id=0 chunk_id=0 chunk_qty=0.000000 buy_live=false sell_live=false chunk_live=false
[11:27:00.839] [INFO] [EXEC] STREAM_OWNERSHIP_AUDIT stream_id=9 state=WAIT_BUY buy_order_id=0 sell_order_id=0 chunk_id=0 chunk_qty=0.000000 buy_live=false sell_live=false chunk_live=false
[11:27:00.839] [INFO] [EXEC] STREAM_OWNERSHIP_AUDIT stream_id=10 state=WAIT_BUY buy_order_id=0 sell_order_id=0 chunk_id=0 chunk_qty=0.000000 buy_live=false sell_live=false chunk_live=false
[11:27:00.840] [INFO] [EXEC] STREAM_OWNERSHIP_AUDIT stream_id=11 state=WAIT_BUY buy_order_id=0 sell_order_id=0 chunk_id=0 chunk_qty=0.000000 buy_live=false sell_live=false chunk_live=false
[11:27:00.841] [INFO] [EXEC] STREAM_OWNERSHIP_AUDIT stream_id=12 state=WAIT_BUY buy_order_id=0 sell_order_id=0 chunk_id=0 chunk_qty=0.000000 buy_live=false sell_live=false chunk_live=false
[11:27:00.841] [INFO] [EXEC] STREAM_OWNERSHIP_AUDIT stream_id=13 state=WAIT_BUY buy_order_id=0 sell_order_id=0 chunk_id=0 chunk_qty=0.000000 buy_live=false sell_live=false chunk_live=false
[11:27:00.841] [INFO] [EXEC] STREAM_OWNERSHIP_AUDIT stream_id=14 state=WAIT_BUY buy_order_id=0 sell_order_id=0 chunk_id=0 chunk_qty=0.000000 buy_live=false sell_live=false chunk_live=false
[11:27:00.842] [INFO] [EXEC] STREAM_OWNERSHIP_AUDIT stream_id=15 state=WAIT_BUY buy_order_id=0 sell_order_id=0 chunk_id=0 chunk_qty=0.000000 buy_live=false sell_live=false chunk_live=false
[11:27:00.842] [INFO] [EXEC] STREAM_OWNERSHIP_AUDIT stream_id=16 state=WAIT_BUY buy_order_id=0 sell_order_id=0 chunk_id=0 chunk_qty=0.000000 buy_live=false sell_live=false chunk_live=false
[11:27:00.843] [INFO] [EXEC] STREAM_OWNERSHIP_AUDIT stream_id=17 state=WAIT_BUY buy_order_id=0 sell_order_id=0 chunk_id=0 chunk_qty=0.000000 buy_live=false sell_live=false chunk_live=false
[11:27:00.844] [INFO] [EXEC] STREAM_OWNERSHIP_AUDIT stream_id=18 state=WAIT_BUY buy_order_id=0 sell_order_id=0 chunk_id=0 chunk_qty=0.000000 buy_live=false sell_live=false chunk_live=false
[11:27:00.844] [INFO] [EXEC] STREAM_OWNERSHIP_AUDIT stream_id=19 state=WAIT_BUY buy_order_id=0 sell_order_id=0 chunk_id=0 chunk_qty=0.000000 buy_live=false sell_live=false chunk_live=false
[11:27:00.845] [INFO] [EXEC] STREAM_OWNERSHIP_AUDIT stream_id=20 state=WAIT_BUY buy_order_id=0 sell_order_id=0 chunk_id=0 chunk_qty=0.000000 buy_live=false sell_live=false chunk_live=false
[11:27:00.845] [ERROR] [EXEC] STREAM_STATE_MISMATCH reason=stream_inventory_qty_mismatch inventory_qty=0.000180 stream_chunks=0
[11:27:00.845] [INFO] [EXEC] STREAM_OWNERSHIP_SUMMARY streams_total=20 wait_buy=15 buy_placed=0 sell_active=5 exiting=0 recycle=0 chunks_total=1 stream_chunks=0 orphan_chunks=1 inventory_qty=0.000180 stream_inventory_qty=0.000000 orphan_inventory_qty=0.000180
[11:27:01.105] [INFO] [EXEC] SMART_EXIT_PANIC_STATUS id=391892995 status=NEW filled=0.000000 remaining=0.000180 age=1181
[11:27:02.378] [INFO] [EXEC] SMART_EXIT_PANIC_STATUS id=391892995 status=NEW filled=0.000000 remaining=0.000180 age=2447
[11:27:02.380] [INFO] GUI_PERF tick_ms=0 logs_visible=False gui_log_mode=OFF append_skipped=2047
[11:27:02.381] [WARNING] [EXEC] SMART_EXIT_PANIC_TIMEOUT_CANCEL id=391892995 age=2447 max=1200
[11:27:02.643] [ERROR] [EXEC] STREAM_OWNERSHIP_MISMATCH reason=qty_without_stream_chunks qty=0.000180
[11:27:02.643] [WARNING] [EXEC] SMART_EXIT_PANIC_RETRY reason=panic_timeout attempt=5
[11:27:02.644] [ERROR] [EXEC] STREAM_OWNERSHIP_MISMATCH reason=qty_without_stream_chunks qty=0.000180
[11:27:02.644] [WARNING] [EXEC] EXIT_FAIL reason=smart_exit_panic_timeout force_exit
[11:27:02.645] [ERROR] [EXEC] STREAM_OWNERSHIP_MISMATCH reason=qty_without_stream_chunks qty=0.000180
[11:27:02.645] [WARNING] [EXEC] PANIC EXIT smart_exit_panic_timeout
[11:27:02.912] [WARNING] [EXEC] FORCE EXIT price=79347.49
[11:27:02.913] [INFO] [EXEC] PLACE_SELL_SOURCE source=panic price=79347.49
[11:27:02.913] [OK] [EXEC] PLACE SELL price=79347.49 qty=0.000180
[11:27:03.188] [WARNING] [EXEC] PANIC START price=79347.49
[11:27:03.189] [OK] [EXEC] SELL ORDER SENT orderId=391893264
[11:27:03.829] [INFO] [EXEC] STREAM_OWNERSHIP_AUDIT stream_id=1 state=SELL_PLACED buy_order_id=0 sell_order_id=391889520 chunk_id=1548835984624 chunk_qty=0.000000 buy_live=false sell_live=true chunk_live=false
[11:27:03.829] [INFO] GUI_PERF tick_ms=0 logs_visible=False gui_log_mode=OFF append_skipped=2060
[11:27:03.830] [INFO] [EXEC] STREAM_OWNERSHIP_AUDIT stream_id=2 state=SELL_PLACED buy_order_id=0 sell_order_id=391890668 chunk_id=1548835960304 chunk_qty=0.000000 buy_live=false sell_live=true chunk_live=false
[11:27:03.830] [INFO] [EXEC] STREAM_OWNERSHIP_AUDIT stream_id=3 state=SELL_PLACED buy_order_id=0 sell_order_id=391891734 chunk_id=1548854863264 chunk_qty=0.000000 buy_live=false sell_live=true chunk_live=false
[11:27:03.830] [INFO] [EXEC] STREAM_OWNERSHIP_AUDIT stream_id=4 state=SELL_PLACED buy_order_id=0 sell_order_id=391889322 chunk_id=1548854839872 chunk_qty=0.000000 buy_live=false sell_live=true chunk_live=false
[11:27:03.831] [INFO] [EXEC] STREAM_OWNERSHIP_AUDIT stream_id=5 state=SELL_PLACED buy_order_id=0 sell_order_id=391892245 chunk_id=1548854826896 chunk_qty=0.000180 buy_live=false sell_live=true chunk_live=true
[11:27:03.831] [INFO] [EXEC] STREAM_OWNERSHIP_AUDIT stream_id=6 state=WAIT_BUY buy_order_id=0 sell_order_id=0 chunk_id=0 chunk_qty=0.000000 buy_live=false sell_live=false chunk_live=false
[11:27:03.831] [INFO] [EXEC] STREAM_OWNERSHIP_AUDIT stream_id=7 state=WAIT_BUY buy_order_id=0 sell_order_id=0 chunk_id=0 chunk_qty=0.000000 buy_live=false sell_live=false chunk_live=false
[11:27:03.831] [INFO] [EXEC] STREAM_OWNERSHIP_AUDIT stream_id=8 state=WAIT_BUY buy_order_id=0 sell_order_id=0 chunk_id=0 chunk_qty=0.000000 buy_live=false sell_live=false chunk_live=false
[11:27:03.831] [INFO] [EXEC] STREAM_OWNERSHIP_AUDIT stream_id=9 state=WAIT_BUY buy_order_id=0 sell_order_id=0 chunk_id=0 chunk_qty=0.000000 buy_live=false sell_live=false chunk_live=false
[11:27:03.831] [INFO] [EXEC] STREAM_OWNERSHIP_AUDIT stream_id=10 state=WAIT_BUY buy_order_id=0 sell_order_id=0 chunk_id=0 chunk_qty=0.000000 buy_live=false sell_live=false chunk_live=false
[11:27:03.832] [INFO] [EXEC] STREAM_OWNERSHIP_AUDIT stream_id=11 state=WAIT_BUY buy_order_id=0 sell_order_id=0 chunk_id=0 chunk_qty=0.000000 buy_live=false sell_live=false chunk_live=false
[11:27:03.832] [INFO] [EXEC] STREAM_OWNERSHIP_AUDIT stream_id=12 state=WAIT_BUY buy_order_id=0 sell_order_id=0 chunk_id=0 chunk_qty=0.000000 buy_live=false sell_live=false chunk_live=false
[11:27:03.832] [INFO] [EXEC] STREAM_OWNERSHIP_AUDIT stream_id=13 state=WAIT_BUY buy_order_id=0 sell_order_id=0 chunk_id=0 chunk_qty=0.000000 buy_live=false sell_live=false chunk_live=false
[11:27:03.832] [INFO] [EXEC] STREAM_OWNERSHIP_AUDIT stream_id=14 state=WAIT_BUY buy_order_id=0 sell_order_id=0 chunk_id=0 chunk_qty=0.000000 buy_live=false sell_live=false chunk_live=false
[11:27:03.832] [INFO] [EXEC] STREAM_OWNERSHIP_AUDIT stream_id=15 state=WAIT_BUY buy_order_id=0 sell_order_id=0 chunk_id=0 chunk_qty=0.000000 buy_live=false sell_live=false chunk_live=false
[11:27:03.833] [INFO] [EXEC] STREAM_OWNERSHIP_AUDIT stream_id=16 state=WAIT_BUY buy_order_id=0 sell_order_id=0 chunk_id=0 chunk_qty=0.000000 buy_live=false sell_live=false chunk_live=false
[11:27:03.833] [INFO] [EXEC] STREAM_OWNERSHIP_AUDIT stream_id=17 state=WAIT_BUY buy_order_id=0 sell_order_id=0 chunk_id=0 chunk_qty=0.000000 buy_live=false sell_live=false chunk_live=false
[11:27:03.833] [INFO] [EXEC] STREAM_OWNERSHIP_AUDIT stream_id=18 state=WAIT_BUY buy_order_id=0 sell_order_id=0 chunk_id=0 chunk_qty=0.000000 buy_live=false sell_live=false chunk_live=false
[11:27:03.833] [INFO] [EXEC] STREAM_OWNERSHIP_AUDIT stream_id=19 state=WAIT_BUY buy_order_id=0 sell_order_id=0 chunk_id=0 chunk_qty=0.000000 buy_live=false sell_live=false chunk_live=false
[11:27:03.833] [INFO] [EXEC] STREAM_OWNERSHIP_AUDIT stream_id=20 state=WAIT_BUY buy_order_id=0 sell_order_id=0 chunk_id=0 chunk_qty=0.000000 buy_live=false sell_live=false chunk_live=false
[11:27:03.833] [ERROR] [EXEC] STREAM_STATE_MISMATCH reason=stream_inventory_qty_mismatch inventory_qty=0.000180 stream_chunks=0
[11:27:03.833] [INFO] [EXEC] STREAM_OWNERSHIP_SUMMARY streams_total=20 wait_buy=15 buy_placed=0 sell_active=5 exiting=0 recycle=0 chunks_total=1 stream_chunks=0 orphan_chunks=1 inventory_qty=0.000180 stream_inventory_qty=0.000000 orphan_inventory_qty=0.000180
[11:27:04.094] [INFO] [EXEC] SMART_EXIT_PANIC_STATUS id=391893264 status=NEW filled=0.000000 remaining=0.000180 age=1190
[11:27:05.082] [INFO] [EXEC] SMART_EXIT_PANIC_STATUS id=391893264 status=NEW filled=0.000000 remaining=0.000180 age=2176
[11:27:05.083] [INFO] GUI_PERF tick_ms=0 logs_visible=False gui_log_mode=OFF append_skipped=2083
[11:27:05.084] [WARNING] [EXEC] SMART_EXIT_PANIC_TIMEOUT_CANCEL id=391893264 age=2176 max=1200
[11:27:05.347] [ERROR] [EXEC] STREAM_OWNERSHIP_MISMATCH reason=qty_without_stream_chunks qty=0.000180
[11:27:05.349] [WARNING] [EXEC] SMART_EXIT_PANIC_RETRY reason=panic_timeout attempt=7
[11:27:05.350] [ERROR] [EXEC] STREAM_OWNERSHIP_MISMATCH reason=qty_without_stream_chunks qty=0.000180
[11:27:05.351] [WARNING] [EXEC] EXIT_FAIL reason=smart_exit_panic_timeout force_exit
[11:27:05.351] [ERROR] [EXEC] STREAM_OWNERSHIP_MISMATCH reason=qty_without_stream_chunks qty=0.000180
[11:27:05.352] [WARNING] [EXEC] PANIC EXIT smart_exit_panic_timeout
[11:27:05.613] [WARNING] [EXEC] FORCE EXIT price=79341.78
[11:27:05.613] [INFO] [EXEC] PLACE_SELL_SOURCE source=panic price=79341.78
[11:27:05.613] [OK] [EXEC] PLACE SELL price=79341.78 qty=0.000180
[11:27:05.874] [WARNING] [EXEC] PANIC START price=79341.78
[11:27:05.876] [OK] [EXEC] SELL ORDER SENT orderId=391893395
[11:27:06.411] [OK] [SYNC] order filled detected
[11:27:06.413] [INFO] GUI_PERF tick_ms=0 logs_visible=False gui_log_mode=OFF append_skipped=2096
[11:27:06.414] [OK] [SYNC] SELL filled on exchange
[11:27:06.415] [OK] [EXEC] FIFO CLOSE qty=0.000180 entry=79393.76 exit=79341.78 pnl=-0.009356
[11:27:06.415] [INFO] [EXEC] CHUNK DRAINED
[11:27:06.416] [OK] [EXEC] REALIZED pnl=-0.009356
[11:27:06.417] [OK] [EXEC] SMART_EXIT_DONE_FLAT
[11:27:06.418] [INFO] [EXEC] SELL ACCOUNTING RESET flat
[11:27:06.419] [OK] [EXEC] CYCLE CLOSED pnl=-0.009356
[11:27:06.419] [INFO] [EXEC] SESSION realized=-0.024984 wins=0 losses=4
[11:27:06.421] [INFO] [EXEC] STREAM_STATS_UI cycles=4 wins=4 losses=0 pnl=+0.000106 winrate=100.00%
[11:27:06.574] [INFO] [EXEC] STREAM_OWNERSHIP_AUDIT stream_id=1 state=SELL_PLACED buy_order_id=0 sell_order_id=391889520 chunk_id=1548835984624 chunk_qty=0.000000 buy_live=false sell_live=true chunk_live=false
[11:27:06.574] [INFO] [EXEC] STREAM_OWNERSHIP_AUDIT stream_id=2 state=SELL_PLACED buy_order_id=0 sell_order_id=391890668 chunk_id=1548835960304 chunk_qty=0.000000 buy_live=false sell_live=true chunk_live=false
[11:27:06.574] [INFO] [EXEC] STREAM_OWNERSHIP_AUDIT stream_id=3 state=SELL_PLACED buy_order_id=0 sell_order_id=391891734 chunk_id=1548854863264 chunk_qty=0.000000 buy_live=false sell_live=true chunk_live=false
[11:27:06.574] [INFO] [EXEC] STREAM_OWNERSHIP_AUDIT stream_id=4 state=SELL_PLACED buy_order_id=0 sell_order_id=391889322 chunk_id=1548854839872 chunk_qty=0.000000 buy_live=false sell_live=true chunk_live=false
[11:27:06.575] [INFO] [EXEC] STREAM_OWNERSHIP_AUDIT stream_id=5 state=SELL_PLACED buy_order_id=0 sell_order_id=391892245 chunk_id=1548854826896 chunk_qty=0.000000 buy_live=false sell_live=true chunk_live=false
[11:27:06.575] [INFO] [EXEC] STREAM_OWNERSHIP_AUDIT stream_id=6 state=WAIT_BUY buy_order_id=0 sell_order_id=0 chunk_id=0 chunk_qty=0.000000 buy_live=false sell_live=false chunk_live=false
[11:27:06.575] [INFO] [EXEC] STREAM_OWNERSHIP_AUDIT stream_id=7 state=WAIT_BUY buy_order_id=0 sell_order_id=0 chunk_id=0 chunk_qty=0.000000 buy_live=false sell_live=false chunk_live=false
[11:27:06.575] [INFO] [EXEC] STREAM_OWNERSHIP_AUDIT stream_id=8 state=WAIT_BUY buy_order_id=0 sell_order_id=0 chunk_id=0 chunk_qty=0.000000 buy_live=false sell_live=false chunk_live=false
[11:27:06.576] [INFO] [EXEC] STREAM_OWNERSHIP_AUDIT stream_id=9 state=WAIT_BUY buy_order_id=0 sell_order_id=0 chunk_id=0 chunk_qty=0.000000 buy_live=false sell_live=false chunk_live=false
[11:27:06.576] [INFO] [EXEC] STREAM_OWNERSHIP_AUDIT stream_id=10 state=WAIT_BUY buy_order_id=0 sell_order_id=0 chunk_id=0 chunk_qty=0.000000 buy_live=false sell_live=false chunk_live=false
[11:27:06.576] [INFO] [EXEC] STREAM_OWNERSHIP_AUDIT stream_id=11 state=WAIT_BUY buy_order_id=0 sell_order_id=0 chunk_id=0 chunk_qty=0.000000 buy_live=false sell_live=false chunk_live=false
[11:27:06.576] [INFO] [EXEC] STREAM_OWNERSHIP_AUDIT stream_id=12 state=WAIT_BUY buy_order_id=0 sell_order_id=0 chunk_id=0 chunk_qty=0.000000 buy_live=false sell_live=false chunk_live=false
[11:27:06.577] [INFO] [EXEC] STREAM_OWNERSHIP_AUDIT stream_id=13 state=WAIT_BUY buy_order_id=0 sell_order_id=0 chunk_id=0 chunk_qty=0.000000 buy_live=false sell_live=false chunk_live=false
[11:27:06.577] [INFO] [EXEC] STREAM_OWNERSHIP_AUDIT stream_id=14 state=WAIT_BUY buy_order_id=0 sell_order_id=0 chunk_id=0 chunk_qty=0.000000 buy_live=false sell_live=false chunk_live=false
[11:27:06.577] [INFO] [EXEC] STREAM_OWNERSHIP_AUDIT stream_id=15 state=WAIT_BUY buy_order_id=0 sell_order_id=0 chunk_id=0 chunk_qty=0.000000 buy_live=false sell_live=false chunk_live=false
[11:27:06.577] [INFO] [EXEC] STREAM_OWNERSHIP_AUDIT stream_id=16 state=WAIT_BUY buy_order_id=0 sell_order_id=0 chunk_id=0 chunk_qty=0.000000 buy_live=false sell_live=false chunk_live=false
[11:27:06.577] [INFO] [EXEC] STREAM_OWNERSHIP_AUDIT stream_id=17 state=WAIT_BUY buy_order_id=0 sell_order_id=0 chunk_id=0 chunk_qty=0.000000 buy_live=false sell_live=false chunk_live=false
[11:27:06.578] [INFO] [EXEC] STREAM_OWNERSHIP_AUDIT stream_id=18 state=WAIT_BUY buy_order_id=0 sell_order_id=0 chunk_id=0 chunk_qty=0.000000 buy_live=false sell_live=false chunk_live=false
[11:27:06.578] [INFO] [EXEC] STREAM_OWNERSHIP_AUDIT stream_id=19 state=WAIT_BUY buy_order_id=0 sell_order_id=0 chunk_id=0 chunk_qty=0.000000 buy_live=false sell_live=false chunk_live=false
[11:27:06.578] [INFO] [EXEC] STREAM_OWNERSHIP_AUDIT stream_id=20 state=WAIT_BUY buy_order_id=0 sell_order_id=0 chunk_id=0 chunk_qty=0.000000 buy_live=false sell_live=false chunk_live=false
[11:27:06.578] [INFO] [EXEC] STREAM_OWNERSHIP_SUMMARY streams_total=20 wait_buy=15 buy_placed=0 sell_active=5 exiting=0 recycle=0 chunks_total=0 stream_chunks=0 orphan_chunks=0 inventory_qty=0.000000 stream_inventory_qty=0.000000 orphan_inventory_qty=0.000000
[11:27:06.578] [INFO] [HEALTH] state=DANGER
[11:27:06.578] [INFO] [EXEC] STREAM_SHUTDOWN_STATE active=false reason=runtime_tick
[11:27:06.578] [INFO] [EXEC] STREAM_MODE_ACTIVE_SKIP_SINGLE_ENTRY
[11:27:06.579] [INFO] [EXEC] STREAM_SWARM_STATE wait_start=0 wait_buy=15 buy_placed=0 sell_active=5 recycle=0 active_buys=0 active_sells=5
[11:27:06.579] [INFO] [EXEC] STREAM_BUY_CAPACITY active_buys=0 active_sells=5 waiting_streams=15 max_active_buys=10 free_buy_slots=10 batch_size=1
[11:27:06.845] [INFO] [EXEC] STREAM_BUY_PLACED level_id=6 order_id=391893437
[11:27:06.846] [OK] [EXEC] PLACE BUY price=79393.70 qty=0.000180
[11:27:06.847] [INFO] [EXEC] STREAM_PLACEMENT_TICK active_buys=1 active_sells=5 waiting_streams=15 free_buy_slots=10 placed=1
[11:27:06.848] [INFO] [EXEC] STREAM_CONCURRENCY_STATE buys=1 sells=5 waiting=15 inventory_u=0.00 exposure_u=0.00 buy_allowed=true reason=none
[11:27:07.620] [INFO] [EXEC] STREAM_BUY_FILLED level_id=6
[11:27:07.621] [INFO] GUI_PERF tick_ms=0 logs_visible=False gui_log_mode=OFF append_skipped=2136
[11:27:07.621] [INFO] [EXEC] STREAM_SIGNAL_BUY_FILL stream_id=6 fill_price=79393.70000000 effect=log_only
[11:27:07.621] [OK] [EXEC] CHUNK ADD qty=0.000180 entry=79393.70
[11:27:07.621] [INFO] [EXEC] CHUNK COUNT n=1
[11:27:07.621] [INFO] [EXEC] STREAM_TARGET_USED ticks=28 sell_price=79393.98
[11:27:07.878] [INFO] [EXEC] STREAM_CHUNK_OWNED stream_id=6 chunk_id=1548835991056 qty=0.000180
[11:27:07.879] [INFO] [EXEC] STREAM_SELL_OWNED stream_id=6 chunk_id=1548835991056 order_id=391893454
[11:27:07.880] [INFO] [EXEC] STREAM_SELL_PLACED stream_id=6 chunk_id=1548835991056 order_id=391893454 price=79393.98 qty=0.000180
[11:27:08.144] [INFO] [EXEC] STREAM_EXIT_RETRY_STATUS stream_id=6 chunk_id=1548835991056 order_id=391893454 status=NEW
[11:27:08.145] [INFO] [EXEC] STREAM_REPAIR_SKIP reason=stream_owned_inventory
[11:27:08.145] [WARNING] [EXEC] STATE REPAIR reason=inventory_cannot_be_flat
[11:27:08.146] [ERROR] [EXEC] STREAM_OWNERSHIP_MISMATCH reason=qty_without_stream_chunks qty=0.000180
[11:27:08.146] [INFO] [EXEC] STREAM_GLOBAL_SMART_EXIT_BLOCKED reason=stream_owned_inventory qty=0.000180 trigger=exit_recovery_inventory_no_sell
[11:27:08.146] [ERROR] [EXEC] STREAM_OWNERSHIP_MISMATCH reason=qty_without_stream_chunks qty=0.000180
[11:27:08.146] [INFO] [EXEC] STREAM_GLOBAL_SMART_EXIT_BLOCKED reason=stream_owned_inventory qty=0.000180 trigger=place_sell
[11:27:08.840] [INFO] [EXEC] STREAM_EXIT_RETRY_STATUS stream_id=6 chunk_id=1548835991056 order_id=391893454 status=NEW
[11:27:08.840] [INFO] GUI_PERF tick_ms=0 logs_visible=False gui_log_mode=OFF append_skipped=2151
[11:27:08.840] [INFO] [EXEC] STREAM_OWNERSHIP_AUDIT stream_id=1 state=SELL_PLACED buy_order_id=0 sell_order_id=391889520 chunk_id=1548835984624 chunk_qty=0.000000 buy_live=false sell_live=true chunk_live=false
[11:27:08.840] [INFO] [EXEC] STREAM_OWNERSHIP_AUDIT stream_id=2 state=SELL_PLACED buy_order_id=0 sell_order_id=391890668 chunk_id=1548835960304 chunk_qty=0.000000 buy_live=false sell_live=true chunk_live=false
[11:27:08.841] [INFO] [EXEC] STREAM_OWNERSHIP_AUDIT stream_id=3 state=SELL_PLACED buy_order_id=0 sell_order_id=391891734 chunk_id=1548854863264 chunk_qty=0.000000 buy_live=false sell_live=true chunk_live=false
[11:27:08.841] [INFO] [EXEC] STREAM_OWNERSHIP_AUDIT stream_id=4 state=SELL_PLACED buy_order_id=0 sell_order_id=391889322 chunk_id=1548854839872 chunk_qty=0.000000 buy_live=false sell_live=true chunk_live=false
[11:27:08.842] [INFO] [EXEC] STREAM_OWNERSHIP_AUDIT stream_id=5 state=SELL_PLACED buy_order_id=0 sell_order_id=391892245 chunk_id=1548854826896 chunk_qty=0.000000 buy_live=false sell_live=true chunk_live=false
[11:27:08.843] [INFO] [EXEC] STREAM_OWNERSHIP_AUDIT stream_id=6 state=SELL_PLACED buy_order_id=0 sell_order_id=391893454 chunk_id=1548835991056 chunk_qty=0.000180 buy_live=false sell_live=true chunk_live=true
[11:27:08.843] [INFO] [EXEC] STREAM_OWNERSHIP_AUDIT stream_id=7 state=WAIT_BUY buy_order_id=0 sell_order_id=0 chunk_id=0 chunk_qty=0.000000 buy_live=false sell_live=false chunk_live=false
[11:27:08.843] [INFO] [EXEC] STREAM_OWNERSHIP_AUDIT stream_id=8 state=WAIT_BUY buy_order_id=0 sell_order_id=0 chunk_id=0 chunk_qty=0.000000 buy_live=false sell_live=false chunk_live=false
[11:27:08.844] [INFO] [EXEC] STREAM_OWNERSHIP_AUDIT stream_id=9 state=WAIT_BUY buy_order_id=0 sell_order_id=0 chunk_id=0 chunk_qty=0.000000 buy_live=false sell_live=false chunk_live=false
[11:27:08.844] [INFO] [EXEC] STREAM_OWNERSHIP_AUDIT stream_id=10 state=WAIT_BUY buy_order_id=0 sell_order_id=0 chunk_id=0 chunk_qty=0.000000 buy_live=false sell_live=false chunk_live=false
[11:27:08.844] [INFO] [EXEC] STREAM_OWNERSHIP_AUDIT stream_id=11 state=WAIT_BUY buy_order_id=0 sell_order_id=0 chunk_id=0 chunk_qty=0.000000 buy_live=false sell_live=false chunk_live=false
[11:27:08.844] [INFO] [EXEC] STREAM_OWNERSHIP_AUDIT stream_id=12 state=WAIT_BUY buy_order_id=0 sell_order_id=0 chunk_id=0 chunk_qty=0.000000 buy_live=false sell_live=false chunk_live=false
[11:27:08.844] [INFO] [EXEC] STREAM_OWNERSHIP_AUDIT stream_id=13 state=WAIT_BUY buy_order_id=0 sell_order_id=0 chunk_id=0 chunk_qty=0.000000 buy_live=false sell_live=false chunk_live=false
[11:27:08.844] [INFO] [EXEC] STREAM_OWNERSHIP_AUDIT stream_id=14 state=WAIT_BUY buy_order_id=0 sell_order_id=0 chunk_id=0 chunk_qty=0.000000 buy_live=false sell_live=false chunk_live=false
[11:27:08.844] [INFO] [EXEC] STREAM_OWNERSHIP_AUDIT stream_id=15 state=WAIT_BUY buy_order_id=0 sell_order_id=0 chunk_id=0 chunk_qty=0.000000 buy_live=false sell_live=false chunk_live=false
[11:27:08.844] [INFO] [EXEC] STREAM_OWNERSHIP_AUDIT stream_id=16 state=WAIT_BUY buy_order_id=0 sell_order_id=0 chunk_id=0 chunk_qty=0.000000 buy_live=false sell_live=false chunk_live=false
[11:27:08.844] [INFO] [EXEC] STREAM_OWNERSHIP_AUDIT stream_id=17 state=WAIT_BUY buy_order_id=0 sell_order_id=0 chunk_id=0 chunk_qty=0.000000 buy_live=false sell_live=false chunk_live=false
[11:27:08.845] [INFO] [EXEC] STREAM_OWNERSHIP_AUDIT stream_id=18 state=WAIT_BUY buy_order_id=0 sell_order_id=0 chunk_id=0 chunk_qty=0.000000 buy_live=false sell_live=false chunk_live=false
[11:27:08.845] [INFO] [EXEC] STREAM_OWNERSHIP_AUDIT stream_id=19 state=WAIT_BUY buy_order_id=0 sell_order_id=0 chunk_id=0 chunk_qty=0.000000 buy_live=false sell_live=false chunk_live=false
[11:27:08.845] [INFO] [EXEC] STREAM_OWNERSHIP_AUDIT stream_id=20 state=WAIT_BUY buy_order_id=0 sell_order_id=0 chunk_id=0 chunk_qty=0.000000 buy_live=false sell_live=false chunk_live=false
[11:27:08.845] [ERROR] [EXEC] STREAM_STATE_MISMATCH reason=stream_inventory_qty_mismatch inventory_qty=0.000180 stream_chunks=0
[11:27:08.845] [INFO] [EXEC] STREAM_OWNERSHIP_SUMMARY streams_total=20 wait_buy=14 buy_placed=0 sell_active=6 exiting=0 recycle=0 chunks_total=1 stream_chunks=0 orphan_chunks=1 inventory_qty=0.000180 stream_inventory_qty=0.000000 orphan_inventory_qty=0.000180
[11:27:08.845] [ERROR] [EXEC] STREAM_OWNERSHIP_MISMATCH reason=qty_without_stream_chunks qty=0.000180
[11:27:09.614] [INFO] [EXEC] STREAM_EXIT_RETRY_STATUS stream_id=6 chunk_id=1548835991056 order_id=391893454 status=NEW
[11:27:09.615] [ERROR] [EXEC] STREAM_OWNERSHIP_MISMATCH reason=qty_without_stream_chunks qty=0.000180
[11:27:11.386] [INFO] [EXEC] STREAM_EXIT_RETRY_STATUS stream_id=6 chunk_id=1548835991056 order_id=391893454 status=NEW
[11:27:11.388] [INFO] GUI_PERF tick_ms=0 logs_visible=False gui_log_mode=OFF append_skipped=2177
[11:27:11.388] [WARNING] [EXEC] STREAM_SELL_TIMEOUT stream_id=6 chunk_id=1548835991056 order_id=391893454 age_ms=3769 timeout_ms=2800
[11:27:11.651] [INFO] [EXEC] STREAM_SELL_CANCEL_OLD stream_id=6 chunk_id=1548835991056 order_id=391893454
[11:27:11.651] [INFO] [EXEC] STREAM_STOP_LOSS_BLOCKED_RETRY_AVAILABLE retry_count=0 retry_max=2 stream_id=6 chunk_id=1548835991056 order_id=391893454
[11:27:11.652] [WARNING] [EXEC] STREAM_EXIT_RETRY_PLACED stream_id=6 chunk_id=1548835991056 order_id=pending qty=0.000180 price=79393.80 retry_count=1
[11:27:11.916] [INFO] [EXEC] STREAM_OWNERSHIP_AUDIT stream_id=1 state=SELL_PLACED buy_order_id=0 sell_order_id=391889520 chunk_id=1548835984624 chunk_qty=0.000000 buy_live=false sell_live=true chunk_live=false
[11:27:11.917] [INFO] [EXEC] STREAM_OWNERSHIP_AUDIT stream_id=2 state=SELL_PLACED buy_order_id=0 sell_order_id=391890668 chunk_id=1548835960304 chunk_qty=0.000000 buy_live=false sell_live=true chunk_live=false
[11:27:11.917] [INFO] [EXEC] STREAM_OWNERSHIP_AUDIT stream_id=3 state=SELL_PLACED buy_order_id=0 sell_order_id=391891734 chunk_id=1548854863264 chunk_qty=0.000000 buy_live=false sell_live=true chunk_live=false
[11:27:11.918] [INFO] [EXEC] STREAM_OWNERSHIP_AUDIT stream_id=4 state=SELL_PLACED buy_order_id=0 sell_order_id=391889322 chunk_id=1548854839872 chunk_qty=0.000000 buy_live=false sell_live=true chunk_live=false
[11:27:11.918] [INFO] [EXEC] STREAM_OWNERSHIP_AUDIT stream_id=5 state=SELL_PLACED buy_order_id=0 sell_order_id=391892245 chunk_id=1548854826896 chunk_qty=0.000000 buy_live=false sell_live=true chunk_live=false
[11:27:11.919] [INFO] [EXEC] STREAM_OWNERSHIP_AUDIT stream_id=6 state=SELL_PLACED buy_order_id=0 sell_order_id=391893596 chunk_id=1548835991056 chunk_qty=0.000180 buy_live=false sell_live=true chunk_live=true
[11:27:11.919] [INFO] [EXEC] STREAM_OWNERSHIP_AUDIT stream_id=7 state=WAIT_BUY buy_order_id=0 sell_order_id=0 chunk_id=0 chunk_qty=0.000000 buy_live=false sell_live=false chunk_live=false
[11:27:11.920] [INFO] [EXEC] STREAM_OWNERSHIP_AUDIT stream_id=8 state=WAIT_BUY buy_order_id=0 sell_order_id=0 chunk_id=0 chunk_qty=0.000000 buy_live=false sell_live=false chunk_live=false
[11:27:11.920] [INFO] [EXEC] STREAM_OWNERSHIP_AUDIT stream_id=9 state=WAIT_BUY buy_order_id=0 sell_order_id=0 chunk_id=0 chunk_qty=0.000000 buy_live=false sell_live=false chunk_live=false
[11:27:11.920] [INFO] [EXEC] STREAM_OWNERSHIP_AUDIT stream_id=10 state=WAIT_BUY buy_order_id=0 sell_order_id=0 chunk_id=0 chunk_qty=0.000000 buy_live=false sell_live=false chunk_live=false
[11:27:11.921] [INFO] [EXEC] STREAM_OWNERSHIP_AUDIT stream_id=11 state=WAIT_BUY buy_order_id=0 sell_order_id=0 chunk_id=0 chunk_qty=0.000000 buy_live=false sell_live=false chunk_live=false
[11:27:11.921] [INFO] [EXEC] STREAM_OWNERSHIP_AUDIT stream_id=12 state=WAIT_BUY buy_order_id=0 sell_order_id=0 chunk_id=0 chunk_qty=0.000000 buy_live=false sell_live=false chunk_live=false
[11:27:11.921] [INFO] [EXEC] STREAM_OWNERSHIP_AUDIT stream_id=13 state=WAIT_BUY buy_order_id=0 sell_order_id=0 chunk_id=0 chunk_qty=0.000000 buy_live=false sell_live=false chunk_live=false
[11:27:11.921] [INFO] [EXEC] STREAM_OWNERSHIP_AUDIT stream_id=14 state=WAIT_BUY buy_order_id=0 sell_order_id=0 chunk_id=0 chunk_qty=0.000000 buy_live=false sell_live=false chunk_live=false
[11:27:11.921] [INFO] [EXEC] STREAM_OWNERSHIP_AUDIT stream_id=15 state=WAIT_BUY buy_order_id=0 sell_order_id=0 chunk_id=0 chunk_qty=0.000000 buy_live=false sell_live=false chunk_live=false
[11:27:11.921] [INFO] [EXEC] STREAM_OWNERSHIP_AUDIT stream_id=16 state=WAIT_BUY buy_order_id=0 sell_order_id=0 chunk_id=0 chunk_qty=0.000000 buy_live=false sell_live=false chunk_live=false
[11:27:11.921] [INFO] [EXEC] STREAM_OWNERSHIP_AUDIT stream_id=17 state=WAIT_BUY buy_order_id=0 sell_order_id=0 chunk_id=0 chunk_qty=0.000000 buy_live=false sell_live=false chunk_live=false
[11:27:11.921] [INFO] [EXEC] STREAM_OWNERSHIP_AUDIT stream_id=18 state=WAIT_BUY buy_order_id=0 sell_order_id=0 chunk_id=0 chunk_qty=0.000000 buy_live=false sell_live=false chunk_live=false
[11:27:11.921] [INFO] [EXEC] STREAM_OWNERSHIP_AUDIT stream_id=19 state=WAIT_BUY buy_order_id=0 sell_order_id=0 chunk_id=0 chunk_qty=0.000000 buy_live=false sell_live=false chunk_live=false
[11:27:11.921] [INFO] [EXEC] STREAM_OWNERSHIP_AUDIT stream_id=20 state=WAIT_BUY buy_order_id=0 sell_order_id=0 chunk_id=0 chunk_qty=0.000000 buy_live=false sell_live=false chunk_live=false
[11:27:11.922] [ERROR] [EXEC] STREAM_STATE_MISMATCH reason=stream_inventory_qty_mismatch inventory_qty=0.000180 stream_chunks=0
[11:27:11.922] [INFO] [EXEC] STREAM_OWNERSHIP_SUMMARY streams_total=20 wait_buy=14 buy_placed=0 sell_active=6 exiting=0 recycle=0 chunks_total=1 stream_chunks=0 orphan_chunks=1 inventory_qty=0.000180 stream_inventory_qty=0.000000 orphan_inventory_qty=0.000180
[11:27:11.922] [INFO] [EXEC] STREAM_REPAIR_SKIP reason=stream_owned_inventory
[11:27:11.922] [ERROR] [EXEC] STREAM_OWNERSHIP_MISMATCH reason=qty_without_stream_chunks qty=0.000180
[11:27:11.922] [INFO] [EXEC] STREAM_GLOBAL_SMART_EXIT_BLOCKED reason=stream_owned_inventory qty=0.000180 trigger=exit_recovery_inventory_no_sell
[11:27:11.922] [ERROR] [EXEC] STREAM_OWNERSHIP_MISMATCH reason=qty_without_stream_chunks qty=0.000180
[11:27:11.923] [INFO] [EXEC] STREAM_GLOBAL_SMART_EXIT_BLOCKED reason=stream_owned_inventory qty=0.000180 trigger=place_sell
[11:27:11.923] [INFO] [EXEC] STREAM_STATS_UI cycles=4 wins=4 losses=0 pnl=+0.000106 winrate=100.00%
[11:27:12.690] [INFO] [EXEC] STREAM_EXIT_RETRY_STATUS stream_id=6 chunk_id=1548835991056 order_id=391893596 status=NEW
[11:27:12.691] [INFO] GUI_PERF tick_ms=0 logs_visible=False gui_log_mode=OFF append_skipped=2210
[11:27:12.692] [ERROR] [EXEC] STREAM_OWNERSHIP_MISMATCH reason=qty_without_stream_chunks qty=0.000180
[11:27:13.419] [INFO] [EXEC] STREAM_EXIT_RETRY_STATUS stream_id=6 chunk_id=1548835991056 order_id=391893596 status=NEW
[11:27:13.421] [INFO] [EXEC] STREAM_OWNERSHIP_AUDIT stream_id=1 state=SELL_PLACED buy_order_id=0 sell_order_id=391889520 chunk_id=1548835984624 chunk_qty=0.000000 buy_live=false sell_live=true chunk_live=false
[11:27:13.422] [INFO] [EXEC] STREAM_OWNERSHIP_AUDIT stream_id=2 state=SELL_PLACED buy_order_id=0 sell_order_id=391890668 chunk_id=1548835960304 chunk_qty=0.000000 buy_live=false sell_live=true chunk_live=false
[11:27:13.422] [INFO] [EXEC] STREAM_OWNERSHIP_AUDIT stream_id=3 state=SELL_PLACED buy_order_id=0 sell_order_id=391891734 chunk_id=1548854863264 chunk_qty=0.000000 buy_live=false sell_live=true chunk_live=false
[11:27:13.423] [INFO] [EXEC] STREAM_OWNERSHIP_AUDIT stream_id=4 state=SELL_PLACED buy_order_id=0 sell_order_id=391889322 chunk_id=1548854839872 chunk_qty=0.000000 buy_live=false sell_live=true chunk_live=false
[11:27:13.424] [INFO] [EXEC] STREAM_OWNERSHIP_AUDIT stream_id=5 state=SELL_PLACED buy_order_id=0 sell_order_id=391892245 chunk_id=1548854826896 chunk_qty=0.000000 buy_live=false sell_live=true chunk_live=false
[11:27:13.425] [INFO] [EXEC] STREAM_OWNERSHIP_AUDIT stream_id=6 state=SELL_PLACED buy_order_id=0 sell_order_id=391893596 chunk_id=1548835991056 chunk_qty=0.000180 buy_live=false sell_live=true chunk_live=true
[11:27:13.426] [INFO] [EXEC] STREAM_OWNERSHIP_AUDIT stream_id=7 state=WAIT_BUY buy_order_id=0 sell_order_id=0 chunk_id=0 chunk_qty=0.000000 buy_live=false sell_live=false chunk_live=false
[11:27:13.427] [INFO] [EXEC] STREAM_OWNERSHIP_AUDIT stream_id=8 state=WAIT_BUY buy_order_id=0 sell_order_id=0 chunk_id=0 chunk_qty=0.000000 buy_live=false sell_live=false chunk_live=false
[11:27:13.427] [INFO] [EXEC] STREAM_OWNERSHIP_AUDIT stream_id=9 state=WAIT_BUY buy_order_id=0 sell_order_id=0 chunk_id=0 chunk_qty=0.000000 buy_live=false sell_live=false chunk_live=false
[11:27:13.428] [INFO] [EXEC] STREAM_OWNERSHIP_AUDIT stream_id=10 state=WAIT_BUY buy_order_id=0 sell_order_id=0 chunk_id=0 chunk_qty=0.000000 buy_live=false sell_live=false chunk_live=false
[11:27:13.428] [INFO] [EXEC] STREAM_OWNERSHIP_AUDIT stream_id=11 state=WAIT_BUY buy_order_id=0 sell_order_id=0 chunk_id=0 chunk_qty=0.000000 buy_live=false sell_live=false chunk_live=false
[11:27:13.429] [INFO] [EXEC] STREAM_OWNERSHIP_AUDIT stream_id=12 state=WAIT_BUY buy_order_id=0 sell_order_id=0 chunk_id=0 chunk_qty=0.000000 buy_live=false sell_live=false chunk_live=false
[11:27:13.429] [INFO] [EXEC] STREAM_OWNERSHIP_AUDIT stream_id=13 state=WAIT_BUY buy_order_id=0 sell_order_id=0 chunk_id=0 chunk_qty=0.000000 buy_live=false sell_live=false chunk_live=false
[11:27:13.429] [INFO] [EXEC] STREAM_OWNERSHIP_AUDIT stream_id=14 state=WAIT_BUY buy_order_id=0 sell_order_id=0 chunk_id=0 chunk_qty=0.000000 buy_live=false sell_live=false chunk_live=false
[11:27:13.430] [INFO] [EXEC] STREAM_OWNERSHIP_AUDIT stream_id=15 state=WAIT_BUY buy_order_id=0 sell_order_id=0 chunk_id=0 chunk_qty=0.000000 buy_live=false sell_live=false chunk_live=false
[11:27:13.430] [INFO] [EXEC] STREAM_OWNERSHIP_AUDIT stream_id=16 state=WAIT_BUY buy_order_id=0 sell_order_id=0 chunk_id=0 chunk_qty=0.000000 buy_live=false sell_live=false chunk_live=false
[11:27:13.431] [INFO] [EXEC] STREAM_OWNERSHIP_AUDIT stream_id=17 state=WAIT_BUY buy_order_id=0 sell_order_id=0 chunk_id=0 chunk_qty=0.000000 buy_live=false sell_live=false chunk_live=false
[11:27:13.431] [INFO] [EXEC] STREAM_OWNERSHIP_AUDIT stream_id=18 state=WAIT_BUY buy_order_id=0 sell_order_id=0 chunk_id=0 chunk_qty=0.000000 buy_live=false sell_live=false chunk_live=false
[11:27:13.432] [INFO] [EXEC] STREAM_OWNERSHIP_AUDIT stream_id=19 state=WAIT_BUY buy_order_id=0 sell_order_id=0 chunk_id=0 chunk_qty=0.000000 buy_live=false sell_live=false chunk_live=false
[11:27:13.432] [INFO] [EXEC] STREAM_OWNERSHIP_AUDIT stream_id=20 state=WAIT_BUY buy_order_id=0 sell_order_id=0 chunk_id=0 chunk_qty=0.000000 buy_live=false sell_live=false chunk_live=false
[11:27:13.432] [ERROR] [EXEC] STREAM_STATE_MISMATCH reason=stream_inventory_qty_mismatch inventory_qty=0.000180 stream_chunks=0
[11:27:13.433] [INFO] [EXEC] STREAM_OWNERSHIP_SUMMARY streams_total=20 wait_buy=14 buy_placed=0 sell_active=6 exiting=0 recycle=0 chunks_total=1 stream_chunks=0 orphan_chunks=1 inventory_qty=0.000180 stream_inventory_qty=0.000000 orphan_inventory_qty=0.000180
[11:27:13.433] [ERROR] [EXEC] STREAM_OWNERSHIP_MISMATCH reason=qty_without_stream_chunks qty=0.000180
[11:27:14.220] [INFO] [EXEC] STREAM_EXIT_RETRY_STATUS stream_id=6 chunk_id=1548835991056 order_id=391893596 status=NEW
[11:27:14.221] [INFO] GUI_PERF tick_ms=0 logs_visible=False gui_log_mode=OFF append_skipped=2236
[11:27:14.222] [WARNING] [EXEC] STREAM_SELL_TIMEOUT stream_id=6 chunk_id=1548835991056 order_id=391893596 age_ms=2832 timeout_ms=2800
[11:27:14.490] [INFO] [EXEC] STREAM_SELL_CANCEL_OLD stream_id=6 chunk_id=1548835991056 order_id=391893596
[11:27:14.491] [INFO] [EXEC] STREAM_STOP_LOSS_BLOCKED_RETRY_AVAILABLE retry_count=1 retry_max=2 stream_id=6 chunk_id=1548835991056 order_id=391893596
[11:27:14.492] [WARNING] [EXEC] STREAM_EXIT_RETRY_PLACED stream_id=6 chunk_id=1548835991056 order_id=pending qty=0.000180 price=79393.80 retry_count=2
[11:27:14.755] [INFO] [EXEC] STREAM_REPAIR_SKIP reason=stream_owned_inventory
[11:27:14.756] [ERROR] [EXEC] STREAM_OWNERSHIP_MISMATCH reason=qty_without_stream_chunks qty=0.000180
[11:27:14.757] [INFO] [EXEC] STREAM_GLOBAL_SMART_EXIT_BLOCKED reason=stream_owned_inventory qty=0.000180 trigger=exit_recovery_inventory_no_sell
[11:27:14.758] [ERROR] [EXEC] STREAM_OWNERSHIP_MISMATCH reason=qty_without_stream_chunks qty=0.000180
[11:27:14.759] [INFO] [EXEC] STREAM_GLOBAL_SMART_EXIT_BLOCKED reason=stream_owned_inventory qty=0.000180 trigger=place_sell
[11:27:15.446] [INFO] [EXEC] STREAM_EXIT_RETRY_STATUS stream_id=6 chunk_id=1548835991056 order_id=391893615 status=NEW
[11:27:15.448] [INFO] GUI_PERF tick_ms=0 logs_visible=False gui_log_mode=OFF append_skipped=2246
[11:27:15.449] [INFO] [EXEC] STREAM_OWNERSHIP_AUDIT stream_id=1 state=SELL_PLACED buy_order_id=0 sell_order_id=391889520 chunk_id=1548835984624 chunk_qty=0.000000 buy_live=false sell_live=true chunk_live=false
[11:27:15.450] [INFO] [EXEC] STREAM_OWNERSHIP_AUDIT stream_id=2 state=SELL_PLACED buy_order_id=0 sell_order_id=391890668 chunk_id=1548835960304 chunk_qty=0.000000 buy_live=false sell_live=true chunk_live=false
[11:27:15.450] [INFO] [EXEC] STREAM_OWNERSHIP_AUDIT stream_id=3 state=SELL_PLACED buy_order_id=0 sell_order_id=391891734 chunk_id=1548854863264 chunk_qty=0.000000 buy_live=false sell_live=true chunk_live=false
[11:27:15.451] [INFO] [EXEC] STREAM_OWNERSHIP_AUDIT stream_id=4 state=SELL_PLACED buy_order_id=0 sell_order_id=391889322 chunk_id=1548854839872 chunk_qty=0.000000 buy_live=false sell_live=true chunk_live=false
[11:27:15.452] [INFO] [EXEC] STREAM_OWNERSHIP_AUDIT stream_id=5 state=SELL_PLACED buy_order_id=0 sell_order_id=391892245 chunk_id=1548854826896 chunk_qty=0.000000 buy_live=false sell_live=true chunk_live=false
[11:27:15.453] [INFO] [EXEC] STREAM_OWNERSHIP_AUDIT stream_id=6 state=SELL_PLACED buy_order_id=0 sell_order_id=391893615 chunk_id=1548835991056 chunk_qty=0.000180 buy_live=false sell_live=true chunk_live=true
[11:27:15.454] [INFO] [EXEC] STREAM_OWNERSHIP_AUDIT stream_id=7 state=WAIT_BUY buy_order_id=0 sell_order_id=0 chunk_id=0 chunk_qty=0.000000 buy_live=false sell_live=false chunk_live=false
[11:27:15.455] [INFO] [EXEC] STREAM_OWNERSHIP_AUDIT stream_id=8 state=WAIT_BUY buy_order_id=0 sell_order_id=0 chunk_id=0 chunk_qty=0.000000 buy_live=false sell_live=false chunk_live=false
[11:27:15.456] [INFO] [EXEC] STREAM_OWNERSHIP_AUDIT stream_id=9 state=WAIT_BUY buy_order_id=0 sell_order_id=0 chunk_id=0 chunk_qty=0.000000 buy_live=false sell_live=false chunk_live=false
[11:27:15.456] [INFO] [EXEC] STREAM_OWNERSHIP_AUDIT stream_id=10 state=WAIT_BUY buy_order_id=0 sell_order_id=0 chunk_id=0 chunk_qty=0.000000 buy_live=false sell_live=false chunk_live=false
[11:27:15.457] [INFO] [EXEC] STREAM_OWNERSHIP_AUDIT stream_id=11 state=WAIT_BUY buy_order_id=0 sell_order_id=0 chunk_id=0 chunk_qty=0.000000 buy_live=false sell_live=false chunk_live=false
[11:27:15.458] [INFO] [EXEC] STREAM_OWNERSHIP_AUDIT stream_id=12 state=WAIT_BUY buy_order_id=0 sell_order_id=0 chunk_id=0 chunk_qty=0.000000 buy_live=false sell_live=false chunk_live=false
[11:27:15.458] [INFO] [EXEC] STREAM_OWNERSHIP_AUDIT stream_id=13 state=WAIT_BUY buy_order_id=0 sell_order_id=0 chunk_id=0 chunk_qty=0.000000 buy_live=false sell_live=false chunk_live=false
[11:27:15.459] [INFO] [EXEC] STREAM_OWNERSHIP_AUDIT stream_id=14 state=WAIT_BUY buy_order_id=0 sell_order_id=0 chunk_id=0 chunk_qty=0.000000 buy_live=false sell_live=false chunk_live=false
[11:27:15.460] [INFO] [EXEC] STREAM_OWNERSHIP_AUDIT stream_id=15 state=WAIT_BUY buy_order_id=0 sell_order_id=0 chunk_id=0 chunk_qty=0.000000 buy_live=false sell_live=false chunk_live=false
[11:27:15.460] [INFO] [EXEC] STREAM_OWNERSHIP_AUDIT stream_id=16 state=WAIT_BUY buy_order_id=0 sell_order_id=0 chunk_id=0 chunk_qty=0.000000 buy_live=false sell_live=false chunk_live=false
[11:27:15.461] [INFO] [EXEC] STREAM_OWNERSHIP_AUDIT stream_id=17 state=WAIT_BUY buy_order_id=0 sell_order_id=0 chunk_id=0 chunk_qty=0.000000 buy_live=false sell_live=false chunk_live=false
[11:27:15.462] [INFO] [EXEC] STREAM_OWNERSHIP_AUDIT stream_id=18 state=WAIT_BUY buy_order_id=0 sell_order_id=0 chunk_id=0 chunk_qty=0.000000 buy_live=false sell_live=false chunk_live=false
[11:27:15.462] [INFO] [EXEC] STREAM_OWNERSHIP_AUDIT stream_id=19 state=WAIT_BUY buy_order_id=0 sell_order_id=0 chunk_id=0 chunk_qty=0.000000 buy_live=false sell_live=false chunk_live=false
[11:27:15.462] [INFO] [EXEC] STREAM_OWNERSHIP_AUDIT stream_id=20 state=WAIT_BUY buy_order_id=0 sell_order_id=0 chunk_id=0 chunk_qty=0.000000 buy_live=false sell_live=false chunk_live=false
[11:27:15.463] [ERROR] [EXEC] STREAM_STATE_MISMATCH reason=stream_inventory_qty_mismatch inventory_qty=0.000180 stream_chunks=0
[11:27:15.463] [INFO] [EXEC] STREAM_OWNERSHIP_SUMMARY streams_total=20 wait_buy=14 buy_placed=0 sell_active=6 exiting=0 recycle=0 chunks_total=1 stream_chunks=0 orphan_chunks=1 inventory_qty=0.000180 stream_inventory_qty=0.000000 orphan_inventory_qty=0.000180
[11:27:15.464] [ERROR] [EXEC] STREAM_OWNERSHIP_MISMATCH reason=qty_without_stream_chunks qty=0.000180
[11:27:16.452] [INFO] [EXEC] STREAM_EXIT_RETRY_STATUS stream_id=6 chunk_id=1548835991056 order_id=391893615 status=NEW
[11:27:16.453] [INFO] GUI_PERF tick_ms=0 logs_visible=False gui_log_mode=OFF append_skipped=2270
[11:27:16.455] [ERROR] [EXEC] STREAM_OWNERSHIP_MISMATCH reason=qty_without_stream_chunks qty=0.000180
[11:27:16.954] [INFO] [EXEC] STREAM_STATS_UI cycles=4 wins=4 losses=0 pnl=+0.000106 winrate=100.00%
[11:27:17.217] [INFO] [EXEC] STREAM_EXIT_RETRY_STATUS stream_id=6 chunk_id=1548835991056 order_id=391893615 status=NEW
[11:27:17.219] [WARNING] [EXEC] STREAM_SELL_TIMEOUT stream_id=6 chunk_id=1548835991056 order_id=391893615 age_ms=2996 timeout_ms=2800
[11:27:17.498] [INFO] [EXEC] STREAM_SELL_CANCEL_OLD stream_id=6 chunk_id=1548835991056 order_id=391893615
[11:27:17.499] [INFO] GUI_PERF tick_ms=0 logs_visible=False gui_log_mode=OFF append_skipped=2275
[11:27:17.499] [WARNING] [EXEC] STREAM_STOP_LOSS_EXIT stream_id=6 chunk_id=1548835991056 order_id=391893615 stop_price=79391.50 retry_count=2 retry_max=2
[11:27:17.500] [WARNING] [EXEC] STREAM_EXIT_ISOLATED stream_id=6 chunk_id=1548835991056 action=stop_loss_exit
[11:27:17.757] [WARNING] [EXEC] STREAM_EXIT_RETRY_PLACED stream_id=6 chunk_id=1548835991056 order_id=391893649 qty=0.000180 price=79391.50
[11:27:17.758] [INFO] [EXEC] STREAM_OWNERSHIP_AUDIT stream_id=1 state=SELL_PLACED buy_order_id=0 sell_order_id=391889520 chunk_id=1548835984624 chunk_qty=0.000000 buy_live=false sell_live=true chunk_live=false
[11:27:17.758] [INFO] [EXEC] STREAM_OWNERSHIP_AUDIT stream_id=2 state=SELL_PLACED buy_order_id=0 sell_order_id=391890668 chunk_id=1548835960304 chunk_qty=0.000000 buy_live=false sell_live=true chunk_live=false
[11:27:17.759] [INFO] [EXEC] STREAM_OWNERSHIP_AUDIT stream_id=3 state=SELL_PLACED buy_order_id=0 sell_order_id=391891734 chunk_id=1548854863264 chunk_qty=0.000000 buy_live=false sell_live=true chunk_live=false
[11:27:17.759] [INFO] [EXEC] STREAM_OWNERSHIP_AUDIT stream_id=4 state=SELL_PLACED buy_order_id=0 sell_order_id=391889322 chunk_id=1548854839872 chunk_qty=0.000000 buy_live=false sell_live=true chunk_live=false
[11:27:17.759] [INFO] [EXEC] STREAM_OWNERSHIP_AUDIT stream_id=5 state=SELL_PLACED buy_order_id=0 sell_order_id=391892245 chunk_id=1548854826896 chunk_qty=0.000000 buy_live=false sell_live=true chunk_live=false
[11:27:17.759] [INFO] [EXEC] STREAM_OWNERSHIP_AUDIT stream_id=6 state=EXITING buy_order_id=0 sell_order_id=391893649 chunk_id=1548835991056 chunk_qty=0.000180 buy_live=false sell_live=true chunk_live=true
[11:27:17.760] [INFO] [EXEC] STREAM_OWNERSHIP_AUDIT stream_id=7 state=WAIT_BUY buy_order_id=0 sell_order_id=0 chunk_id=0 chunk_qty=0.000000 buy_live=false sell_live=false chunk_live=false
[11:27:17.760] [INFO] [EXEC] STREAM_OWNERSHIP_AUDIT stream_id=8 state=WAIT_BUY buy_order_id=0 sell_order_id=0 chunk_id=0 chunk_qty=0.000000 buy_live=false sell_live=false chunk_live=false
[11:27:17.760] [INFO] [EXEC] STREAM_OWNERSHIP_AUDIT stream_id=9 state=WAIT_BUY buy_order_id=0 sell_order_id=0 chunk_id=0 chunk_qty=0.000000 buy_live=false sell_live=false chunk_live=false
[11:27:17.761] [INFO] [EXEC] STREAM_OWNERSHIP_AUDIT stream_id=10 state=WAIT_BUY buy_order_id=0 sell_order_id=0 chunk_id=0 chunk_qty=0.000000 buy_live=false sell_live=false chunk_live=false
[11:27:17.761] [INFO] [EXEC] STREAM_OWNERSHIP_AUDIT stream_id=11 state=WAIT_BUY buy_order_id=0 sell_order_id=0 chunk_id=0 chunk_qty=0.000000 buy_live=false sell_live=false chunk_live=false
[11:27:17.761] [INFO] [EXEC] STREAM_OWNERSHIP_AUDIT stream_id=12 state=WAIT_BUY buy_order_id=0 sell_order_id=0 chunk_id=0 chunk_qty=0.000000 buy_live=false sell_live=false chunk_live=false
[11:27:17.761] [INFO] [EXEC] STREAM_OWNERSHIP_AUDIT stream_id=13 state=WAIT_BUY buy_order_id=0 sell_order_id=0 chunk_id=0 chunk_qty=0.000000 buy_live=false sell_live=false chunk_live=false
[11:27:17.762] [INFO] [EXEC] STREAM_OWNERSHIP_AUDIT stream_id=14 state=WAIT_BUY buy_order_id=0 sell_order_id=0 chunk_id=0 chunk_qty=0.000000 buy_live=false sell_live=false chunk_live=false
[11:27:17.762] [INFO] [EXEC] STREAM_OWNERSHIP_AUDIT stream_id=15 state=WAIT_BUY buy_order_id=0 sell_order_id=0 chunk_id=0 chunk_qty=0.000000 buy_live=false sell_live=false chunk_live=false
[11:27:17.762] [INFO] [EXEC] STREAM_OWNERSHIP_AUDIT stream_id=16 state=WAIT_BUY buy_order_id=0 sell_order_id=0 chunk_id=0 chunk_qty=0.000000 buy_live=false sell_live=false chunk_live=false
[11:27:17.762] [INFO] [EXEC] STREAM_OWNERSHIP_AUDIT stream_id=17 state=WAIT_BUY buy_order_id=0 sell_order_id=0 chunk_id=0 chunk_qty=0.000000 buy_live=false sell_live=false chunk_live=false
[11:27:17.763] [INFO] [EXEC] STREAM_OWNERSHIP_AUDIT stream_id=18 state=WAIT_BUY buy_order_id=0 sell_order_id=0 chunk_id=0 chunk_qty=0.000000 buy_live=false sell_live=false chunk_live=false
[11:27:17.763] [INFO] [EXEC] STREAM_OWNERSHIP_AUDIT stream_id=19 state=WAIT_BUY buy_order_id=0 sell_order_id=0 chunk_id=0 chunk_qty=0.000000 buy_live=false sell_live=false chunk_live=false
[11:27:17.763] [INFO] [EXEC] STREAM_OWNERSHIP_AUDIT stream_id=20 state=WAIT_BUY buy_order_id=0 sell_order_id=0 chunk_id=0 chunk_qty=0.000000 buy_live=false sell_live=false chunk_live=false
[11:27:17.763] [ERROR] [EXEC] STREAM_STATE_MISMATCH reason=stream_inventory_qty_mismatch inventory_qty=0.000180 stream_chunks=0
[11:27:17.764] [INFO] [EXEC] STREAM_OWNERSHIP_SUMMARY streams_total=20 wait_buy=14 buy_placed=0 sell_active=5 exiting=1 recycle=0 chunks_total=1 stream_chunks=0 orphan_chunks=1 inventory_qty=0.000180 stream_inventory_qty=0.000000 orphan_inventory_qty=0.000180
[11:27:17.764] [INFO] [EXEC] STREAM_REPAIR_SKIP reason=stream_owned_inventory
[11:27:17.765] [ERROR] [EXEC] STREAM_OWNERSHIP_MISMATCH reason=qty_without_stream_chunks qty=0.000180
[11:27:17.765] [INFO] [EXEC] STREAM_GLOBAL_SMART_EXIT_BLOCKED reason=stream_owned_inventory qty=0.000180 trigger=exit_recovery_inventory_no_sell
[11:27:17.765] [ERROR] [EXEC] STREAM_OWNERSHIP_MISMATCH reason=qty_without_stream_chunks qty=0.000180
[11:27:17.766] [INFO] [EXEC] STREAM_GLOBAL_SMART_EXIT_BLOCKED reason=stream_owned_inventory qty=0.000180 trigger=place_sell
[11:27:18.467] [INFO] [EXEC] STREAM_EXIT_RETRY_STATUS stream_id=6 chunk_id=1548835991056 order_id=391893649 status=NEW
[11:27:18.469] [ERROR] [EXEC] STREAM_OWNERSHIP_MISMATCH reason=qty_without_stream_chunks qty=0.000180
[11:27:19.224] [INFO] [EXEC] STREAM_EXIT_RETRY_STATUS stream_id=6 chunk_id=1548835991056 order_id=391893649 status=NEW
[11:27:19.226] [INFO] GUI_PERF tick_ms=0 logs_visible=False gui_log_mode=OFF append_skipped=2308
[11:27:19.227] [INFO] [EXEC] STREAM_OWNERSHIP_AUDIT stream_id=1 state=SELL_PLACED buy_order_id=0 sell_order_id=391889520 chunk_id=1548835984624 chunk_qty=0.000000 buy_live=false sell_live=true chunk_live=false
[11:27:19.228] [INFO] [EXEC] STREAM_OWNERSHIP_AUDIT stream_id=2 state=SELL_PLACED buy_order_id=0 sell_order_id=391890668 chunk_id=1548835960304 chunk_qty=0.000000 buy_live=false sell_live=true chunk_live=false
[11:27:19.228] [INFO] [EXEC] STREAM_OWNERSHIP_AUDIT stream_id=3 state=SELL_PLACED buy_order_id=0 sell_order_id=391891734 chunk_id=1548854863264 chunk_qty=0.000000 buy_live=false sell_live=true chunk_live=false
[11:27:19.229] [INFO] [EXEC] STREAM_OWNERSHIP_AUDIT stream_id=4 state=SELL_PLACED buy_order_id=0 sell_order_id=391889322 chunk_id=1548854839872 chunk_qty=0.000000 buy_live=false sell_live=true chunk_live=false
[11:27:19.230] [INFO] [EXEC] STREAM_OWNERSHIP_AUDIT stream_id=5 state=SELL_PLACED buy_order_id=0 sell_order_id=391892245 chunk_id=1548854826896 chunk_qty=0.000000 buy_live=false sell_live=true chunk_live=false
[11:27:19.231] [INFO] [EXEC] STREAM_OWNERSHIP_AUDIT stream_id=6 state=SELL_PLACED buy_order_id=0 sell_order_id=391893649 chunk_id=1548835991056 chunk_qty=0.000180 buy_live=false sell_live=true chunk_live=true
[11:27:19.231] [INFO] [EXEC] STREAM_OWNERSHIP_AUDIT stream_id=7 state=WAIT_BUY buy_order_id=0 sell_order_id=0 chunk_id=0 chunk_qty=0.000000 buy_live=false sell_live=false chunk_live=false
[11:27:19.232] [INFO] [EXEC] STREAM_OWNERSHIP_AUDIT stream_id=8 state=WAIT_BUY buy_order_id=0 sell_order_id=0 chunk_id=0 chunk_qty=0.000000 buy_live=false sell_live=false chunk_live=false
[11:27:19.233] [INFO] [EXEC] STREAM_OWNERSHIP_AUDIT stream_id=9 state=WAIT_BUY buy_order_id=0 sell_order_id=0 chunk_id=0 chunk_qty=0.000000 buy_live=false sell_live=false chunk_live=false
[11:27:19.233] [INFO] [EXEC] STREAM_OWNERSHIP_AUDIT stream_id=10 state=WAIT_BUY buy_order_id=0 sell_order_id=0 chunk_id=0 chunk_qty=0.000000 buy_live=false sell_live=false chunk_live=false
[11:27:19.234] [INFO] [EXEC] STREAM_OWNERSHIP_AUDIT stream_id=11 state=WAIT_BUY buy_order_id=0 sell_order_id=0 chunk_id=0 chunk_qty=0.000000 buy_live=false sell_live=false chunk_live=false
[11:27:19.234] [INFO] [EXEC] STREAM_OWNERSHIP_AUDIT stream_id=12 state=WAIT_BUY buy_order_id=0 sell_order_id=0 chunk_id=0 chunk_qty=0.000000 buy_live=false sell_live=false chunk_live=false
[11:27:19.234] [INFO] [EXEC] STREAM_OWNERSHIP_AUDIT stream_id=13 state=WAIT_BUY buy_order_id=0 sell_order_id=0 chunk_id=0 chunk_qty=0.000000 buy_live=false sell_live=false chunk_live=false
[11:27:19.235] [INFO] [EXEC] STREAM_OWNERSHIP_AUDIT stream_id=14 state=WAIT_BUY buy_order_id=0 sell_order_id=0 chunk_id=0 chunk_qty=0.000000 buy_live=false sell_live=false chunk_live=false
[11:27:19.235] [INFO] [EXEC] STREAM_OWNERSHIP_AUDIT stream_id=15 state=WAIT_BUY buy_order_id=0 sell_order_id=0 chunk_id=0 chunk_qty=0.000000 buy_live=false sell_live=false chunk_live=false
[11:27:19.236] [INFO] [EXEC] STREAM_OWNERSHIP_AUDIT stream_id=16 state=WAIT_BUY buy_order_id=0 sell_order_id=0 chunk_id=0 chunk_qty=0.000000 buy_live=false sell_live=false chunk_live=false
[11:27:19.236] [INFO] [EXEC] STREAM_OWNERSHIP_AUDIT stream_id=17 state=WAIT_BUY buy_order_id=0 sell_order_id=0 chunk_id=0 chunk_qty=0.000000 buy_live=false sell_live=false chunk_live=false
[11:27:19.237] [INFO] [EXEC] STREAM_OWNERSHIP_AUDIT stream_id=18 state=WAIT_BUY buy_order_id=0 sell_order_id=0 chunk_id=0 chunk_qty=0.000000 buy_live=false sell_live=false chunk_live=false
[11:27:19.237] [INFO] [EXEC] STREAM_OWNERSHIP_AUDIT stream_id=19 state=WAIT_BUY buy_order_id=0 sell_order_id=0 chunk_id=0 chunk_qty=0.000000 buy_live=false sell_live=false chunk_live=false
[11:27:19.237] [INFO] [EXEC] STREAM_OWNERSHIP_AUDIT stream_id=20 state=WAIT_BUY buy_order_id=0 sell_order_id=0 chunk_id=0 chunk_qty=0.000000 buy_live=false sell_live=false chunk_live=false
[11:27:19.238] [ERROR] [EXEC] STREAM_STATE_MISMATCH reason=stream_inventory_qty_mismatch inventory_qty=0.000180 stream_chunks=0
[11:27:19.238] [INFO] [EXEC] STREAM_OWNERSHIP_SUMMARY streams_total=20 wait_buy=14 buy_placed=0 sell_active=6 exiting=0 recycle=0 chunks_total=1 stream_chunks=0 orphan_chunks=1 inventory_qty=0.000180 stream_inventory_qty=0.000000 orphan_inventory_qty=0.000180
[11:27:19.238] [ERROR] [EXEC] STREAM_OWNERSHIP_MISMATCH reason=qty_without_stream_chunks qty=0.000180
[11:27:20.458] [INFO] [EXEC] STREAM_EXIT_RETRY_STATUS stream_id=6 chunk_id=1548835991056 order_id=391893649 status=NEW
[11:27:20.459] [INFO] GUI_PERF tick_ms=0 logs_visible=False gui_log_mode=OFF append_skipped=2332
[11:27:20.461] [INFO] [EXEC] STREAM_REPAIR_SKIP reason=stream_owned_inventory
[11:27:20.462] [ERROR] [EXEC] STREAM_OWNERSHIP_MISMATCH reason=qty_without_stream_chunks qty=0.000180
[11:27:20.463] [INFO] [EXEC] STREAM_GLOBAL_SMART_EXIT_BLOCKED reason=stream_owned_inventory qty=0.000180 trigger=exit_recovery_inventory_no_sell
[11:27:20.463] [ERROR] [EXEC] STREAM_OWNERSHIP_MISMATCH reason=qty_without_stream_chunks qty=0.000180
[11:27:20.464] [INFO] [EXEC] STREAM_GLOBAL_SMART_EXIT_BLOCKED reason=stream_owned_inventory qty=0.000180 trigger=place_sell
[11:27:21.234] [INFO] [EXEC] STREAM_EXIT_RETRY_STATUS stream_id=6 chunk_id=1548835991056 order_id=391893649 status=NEW
[11:27:21.235] [WARNING] [EXEC] STREAM_SELL_TIMEOUT stream_id=6 chunk_id=1548835991056 order_id=391893649 age_ms=4018 timeout_ms=2800
[11:27:21.496] [INFO] [EXEC] STREAM_SELL_CANCEL_OLD stream_id=6 chunk_id=1548835991056 order_id=391893649
[11:27:21.497] [INFO] GUI_PERF tick_ms=0 logs_visible=False gui_log_mode=OFF append_skipped=2340
[11:27:21.498] [ERROR] [EXEC] STREAM_EXIT_STUCK stream_id=6 chunk_id=1548835991056 order_id=391893649
[11:27:21.499] [WARNING] [EXEC] STREAM_EXIT_ISOLATED stream_id=6 chunk_id=1548835991056 action=force_sell_reprice
[11:27:21.500] [INFO] [EXEC] STREAM_OWNERSHIP_AUDIT stream_id=1 state=SELL_PLACED buy_order_id=0 sell_order_id=391889520 chunk_id=1548835984624 chunk_qty=0.000000 buy_live=false sell_live=true chunk_live=false
[11:27:21.501] [INFO] [EXEC] STREAM_OWNERSHIP_AUDIT stream_id=2 state=SELL_PLACED buy_order_id=0 sell_order_id=391890668 chunk_id=1548835960304 chunk_qty=0.000000 buy_live=false sell_live=true chunk_live=false
[11:27:21.502] [INFO] [EXEC] STREAM_OWNERSHIP_AUDIT stream_id=3 state=SELL_PLACED buy_order_id=0 sell_order_id=391891734 chunk_id=1548854863264 chunk_qty=0.000000 buy_live=false sell_live=true chunk_live=false
[11:27:21.503] [INFO] [EXEC] STREAM_OWNERSHIP_AUDIT stream_id=4 state=SELL_PLACED buy_order_id=0 sell_order_id=391889322 chunk_id=1548854839872 chunk_qty=0.000000 buy_live=false sell_live=true chunk_live=false
[11:27:21.503] [INFO] [EXEC] STREAM_OWNERSHIP_AUDIT stream_id=5 state=SELL_PLACED buy_order_id=0 sell_order_id=391892245 chunk_id=1548854826896 chunk_qty=0.000000 buy_live=false sell_live=true chunk_live=false
[11:27:21.504] [INFO] [EXEC] STREAM_OWNERSHIP_AUDIT stream_id=6 state=SELL_PLACED buy_order_id=0 sell_order_id=391893649 chunk_id=1548835991056 chunk_qty=0.000180 buy_live=false sell_live=true chunk_live=true
[11:27:21.505] [INFO] [EXEC] STREAM_OWNERSHIP_AUDIT stream_id=7 state=WAIT_BUY buy_order_id=0 sell_order_id=0 chunk_id=0 chunk_qty=0.000000 buy_live=false sell_live=false chunk_live=false
[11:27:21.505] [INFO] [EXEC] STREAM_OWNERSHIP_AUDIT stream_id=8 state=WAIT_BUY buy_order_id=0 sell_order_id=0 chunk_id=0 chunk_qty=0.000000 buy_live=false sell_live=false chunk_live=false
[11:27:21.506] [INFO] [EXEC] STREAM_OWNERSHIP_AUDIT stream_id=9 state=WAIT_BUY buy_order_id=0 sell_order_id=0 chunk_id=0 chunk_qty=0.000000 buy_live=false sell_live=false chunk_live=false
[11:27:21.507] [INFO] [EXEC] STREAM_OWNERSHIP_AUDIT stream_id=10 state=WAIT_BUY buy_order_id=0 sell_order_id=0 chunk_id=0 chunk_qty=0.000000 buy_live=false sell_live=false chunk_live=false
[11:27:21.508] [INFO] [EXEC] STREAM_OWNERSHIP_AUDIT stream_id=11 state=WAIT_BUY buy_order_id=0 sell_order_id=0 chunk_id=0 chunk_qty=0.000000 buy_live=false sell_live=false chunk_live=false
[11:27:21.508] [INFO] [EXEC] STREAM_OWNERSHIP_AUDIT stream_id=12 state=WAIT_BUY buy_order_id=0 sell_order_id=0 chunk_id=0 chunk_qty=0.000000 buy_live=false sell_live=false chunk_live=false
[11:27:21.509] [INFO] [EXEC] STREAM_OWNERSHIP_AUDIT stream_id=13 state=WAIT_BUY buy_order_id=0 sell_order_id=0 chunk_id=0 chunk_qty=0.000000 buy_live=false sell_live=false chunk_live=false
[11:27:21.509] [INFO] [EXEC] STREAM_OWNERSHIP_AUDIT stream_id=14 state=WAIT_BUY buy_order_id=0 sell_order_id=0 chunk_id=0 chunk_qty=0.000000 buy_live=false sell_live=false chunk_live=false
[11:27:21.510] [INFO] [EXEC] STREAM_OWNERSHIP_AUDIT stream_id=15 state=WAIT_BUY buy_order_id=0 sell_order_id=0 chunk_id=0 chunk_qty=0.000000 buy_live=false sell_live=false chunk_live=false
[11:27:21.511] [INFO] [EXEC] STREAM_OWNERSHIP_AUDIT stream_id=16 state=WAIT_BUY buy_order_id=0 sell_order_id=0 chunk_id=0 chunk_qty=0.000000 buy_live=false sell_live=false chunk_live=false
[11:27:21.511] [INFO] [EXEC] STREAM_OWNERSHIP_AUDIT stream_id=17 state=WAIT_BUY buy_order_id=0 sell_order_id=0 chunk_id=0 chunk_qty=0.000000 buy_live=false sell_live=false chunk_live=false
[11:27:21.512] [INFO] [EXEC] STREAM_OWNERSHIP_AUDIT stream_id=18 state=WAIT_BUY buy_order_id=0 sell_order_id=0 chunk_id=0 chunk_qty=0.000000 buy_live=false sell_live=false chunk_live=false
[11:27:21.512] [INFO] [EXEC] STREAM_OWNERSHIP_AUDIT stream_id=19 state=WAIT_BUY buy_order_id=0 sell_order_id=0 chunk_id=0 chunk_qty=0.000000 buy_live=false sell_live=false chunk_live=false
[11:27:21.512] [INFO] [EXEC] STREAM_OWNERSHIP_AUDIT stream_id=20 state=WAIT_BUY buy_order_id=0 sell_order_id=0 chunk_id=0 chunk_qty=0.000000 buy_live=false sell_live=false chunk_live=false
[11:27:21.513] [ERROR] [EXEC] STREAM_STATE_MISMATCH reason=stream_inventory_qty_mismatch inventory_qty=0.000180 stream_chunks=0
[11:27:21.513] [INFO] [EXEC] STREAM_OWNERSHIP_SUMMARY streams_total=20 wait_buy=14 buy_placed=0 sell_active=6 exiting=0 recycle=0 chunks_total=1 stream_chunks=0 orphan_chunks=1 inventory_qty=0.000180 stream_inventory_qty=0.000000 orphan_inventory_qty=0.000180
[11:27:21.514] [ERROR] [EXEC] STREAM_OWNERSHIP_MISMATCH reason=qty_without_stream_chunks qty=0.000180
[11:27:21.515] [INFO] [EXEC] EXIT RECOVERY inventory_no_sell qty=0.000180
[11:27:21.515] [ERROR] [EXEC] STREAM_OWNERSHIP_MISMATCH reason=qty_without_stream_chunks qty=0.000180
[11:27:22.040] [INFO] [EXEC] SELL CHECK inventory=0.000180 reported=0.000000 remaining=0.000180 chunks=1
[11:27:22.041] [INFO] [EXEC] PLACE_SELL_SOURCE source=plan price=79393.72
[11:27:22.042] [OK] [EXEC] PLACE SELL price=79393.72 qty=0.000180
[11:27:22.300] [OK] [EXEC] SELL ORDER SENT orderId=391893771
[11:27:22.305] [INFO] [EXEC] STREAM_STATS_UI cycles=4 wins=4 losses=0 pnl=+0.000106 winrate=100.00%
[11:27:23.294] [INFO] [EXEC] STREAM_OWNERSHIP_AUDIT stream_id=1 state=SELL_PLACED buy_order_id=0 sell_order_id=391889520 chunk_id=1548835984624 chunk_qty=0.000000 buy_live=false sell_live=true chunk_live=false
[11:27:23.296] [INFO] GUI_PERF tick_ms=0 logs_visible=False gui_log_mode=OFF append_skipped=2373
[11:27:23.297] [INFO] [EXEC] STREAM_OWNERSHIP_AUDIT stream_id=2 state=SELL_PLACED buy_order_id=0 sell_order_id=391890668 chunk_id=1548835960304 chunk_qty=0.000000 buy_live=false sell_live=true chunk_live=false
[11:27:23.297] [INFO] [EXEC] STREAM_OWNERSHIP_AUDIT stream_id=3 state=SELL_PLACED buy_order_id=0 sell_order_id=391891734 chunk_id=1548854863264 chunk_qty=0.000000 buy_live=false sell_live=true chunk_live=false
[11:27:23.298] [INFO] [EXEC] STREAM_OWNERSHIP_AUDIT stream_id=4 state=SELL_PLACED buy_order_id=0 sell_order_id=391889322 chunk_id=1548854839872 chunk_qty=0.000000 buy_live=false sell_live=true chunk_live=false
[11:27:23.299] [INFO] [EXEC] STREAM_OWNERSHIP_AUDIT stream_id=5 state=SELL_PLACED buy_order_id=0 sell_order_id=391892245 chunk_id=1548854826896 chunk_qty=0.000000 buy_live=false sell_live=true chunk_live=false
[11:27:23.300] [INFO] [EXEC] STREAM_OWNERSHIP_AUDIT stream_id=6 state=SELL_PLACED buy_order_id=0 sell_order_id=391893649 chunk_id=1548835991056 chunk_qty=0.000180 buy_live=false sell_live=true chunk_live=true
[11:27:23.301] [INFO] [EXEC] STREAM_OWNERSHIP_AUDIT stream_id=7 state=WAIT_BUY buy_order_id=0 sell_order_id=0 chunk_id=0 chunk_qty=0.000000 buy_live=false sell_live=false chunk_live=false
[11:27:23.301] [INFO] [EXEC] STREAM_OWNERSHIP_AUDIT stream_id=8 state=WAIT_BUY buy_order_id=0 sell_order_id=0 chunk_id=0 chunk_qty=0.000000 buy_live=false sell_live=false chunk_live=false
[11:27:23.302] [INFO] [EXEC] STREAM_OWNERSHIP_AUDIT stream_id=9 state=WAIT_BUY buy_order_id=0 sell_order_id=0 chunk_id=0 chunk_qty=0.000000 buy_live=false sell_live=false chunk_live=false
[11:27:23.303] [INFO] [EXEC] STREAM_OWNERSHIP_AUDIT stream_id=10 state=WAIT_BUY buy_order_id=0 sell_order_id=0 chunk_id=0 chunk_qty=0.000000 buy_live=false sell_live=false chunk_live=false
[11:27:23.303] [INFO] [EXEC] STREAM_OWNERSHIP_AUDIT stream_id=11 state=WAIT_BUY buy_order_id=0 sell_order_id=0 chunk_id=0 chunk_qty=0.000000 buy_live=false sell_live=false chunk_live=false
[11:27:23.304] [INFO] [EXEC] STREAM_OWNERSHIP_AUDIT stream_id=12 state=WAIT_BUY buy_order_id=0 sell_order_id=0 chunk_id=0 chunk_qty=0.000000 buy_live=false sell_live=false chunk_live=false
[11:27:23.304] [INFO] [EXEC] STREAM_OWNERSHIP_AUDIT stream_id=13 state=WAIT_BUY buy_order_id=0 sell_order_id=0 chunk_id=0 chunk_qty=0.000000 buy_live=false sell_live=false chunk_live=false
[11:27:23.305] [INFO] [EXEC] STREAM_OWNERSHIP_AUDIT stream_id=14 state=WAIT_BUY buy_order_id=0 sell_order_id=0 chunk_id=0 chunk_qty=0.000000 buy_live=false sell_live=false chunk_live=false
[11:27:23.305] [INFO] [EXEC] STREAM_OWNERSHIP_AUDIT stream_id=15 state=WAIT_BUY buy_order_id=0 sell_order_id=0 chunk_id=0 chunk_qty=0.000000 buy_live=false sell_live=false chunk_live=false
[11:27:23.306] [INFO] [EXEC] STREAM_OWNERSHIP_AUDIT stream_id=16 state=WAIT_BUY buy_order_id=0 sell_order_id=0 chunk_id=0 chunk_qty=0.000000 buy_live=false sell_live=false chunk_live=false
[11:27:23.306] [INFO] [EXEC] STREAM_OWNERSHIP_AUDIT stream_id=17 state=WAIT_BUY buy_order_id=0 sell_order_id=0 chunk_id=0 chunk_qty=0.000000 buy_live=false sell_live=false chunk_live=false
[11:27:23.306] [INFO] [EXEC] STREAM_OWNERSHIP_AUDIT stream_id=18 state=WAIT_BUY buy_order_id=0 sell_order_id=0 chunk_id=0 chunk_qty=0.000000 buy_live=false sell_live=false chunk_live=false
[11:27:23.307] [INFO] [EXEC] STREAM_OWNERSHIP_AUDIT stream_id=19 state=WAIT_BUY buy_order_id=0 sell_order_id=0 chunk_id=0 chunk_qty=0.000000 buy_live=false sell_live=false chunk_live=false
[11:27:23.307] [INFO] [EXEC] STREAM_OWNERSHIP_AUDIT stream_id=20 state=WAIT_BUY buy_order_id=0 sell_order_id=0 chunk_id=0 chunk_qty=0.000000 buy_live=false sell_live=false chunk_live=false
[11:27:23.307] [ERROR] [EXEC] STREAM_STATE_MISMATCH reason=stream_inventory_qty_mismatch inventory_qty=0.000180 stream_chunks=0
[11:27:23.308] [INFO] [EXEC] STREAM_OWNERSHIP_SUMMARY streams_total=20 wait_buy=14 buy_placed=0 sell_active=6 exiting=0 recycle=0 chunks_total=1 stream_chunks=0 orphan_chunks=1 inventory_qty=0.000180 stream_inventory_qty=0.000000 orphan_inventory_qty=0.000180
[11:27:24.544] [INFO] [EXEC] SELL_WATCHDOG_SYNC orderId=391893771 status=NEW
[11:27:24.545] [INFO] GUI_PERF tick_ms=0 logs_visible=False gui_log_mode=OFF append_skipped=2395
[11:27:24.545] [INFO] [EXEC] SELL_WATCHDOG_FAR_IGNORE orderId=391893771 reason=protected_sell dist_ticks=4772
[11:27:25.298] [INFO] [EXEC] STREAM_OWNERSHIP_AUDIT stream_id=1 state=SELL_PLACED buy_order_id=0 sell_order_id=391889520 chunk_id=1548835984624 chunk_qty=0.000000 buy_live=false sell_live=true chunk_live=false
[11:27:25.299] [INFO] [EXEC] STREAM_OWNERSHIP_AUDIT stream_id=2 state=SELL_PLACED buy_order_id=0 sell_order_id=391890668 chunk_id=1548835960304 chunk_qty=0.000000 buy_live=false sell_live=true chunk_live=false
[11:27:25.300] [INFO] [EXEC] STREAM_OWNERSHIP_AUDIT stream_id=3 state=SELL_PLACED buy_order_id=0 sell_order_id=391891734 chunk_id=1548854863264 chunk_qty=0.000000 buy_live=false sell_live=true chunk_live=false
[11:27:25.301] [INFO] [EXEC] STREAM_OWNERSHIP_AUDIT stream_id=4 state=SELL_PLACED buy_order_id=0 sell_order_id=391889322 chunk_id=1548854839872 chunk_qty=0.000000 buy_live=false sell_live=true chunk_live=false
[11:27:25.302] [INFO] [EXEC] STREAM_OWNERSHIP_AUDIT stream_id=5 state=SELL_PLACED buy_order_id=0 sell_order_id=391892245 chunk_id=1548854826896 chunk_qty=0.000000 buy_live=false sell_live=true chunk_live=false
[11:27:25.303] [INFO] [EXEC] STREAM_OWNERSHIP_AUDIT stream_id=6 state=SELL_PLACED buy_order_id=0 sell_order_id=391893649 chunk_id=1548835991056 chunk_qty=0.000180 buy_live=false sell_live=true chunk_live=true
[11:27:25.303] [INFO] [EXEC] STREAM_OWNERSHIP_AUDIT stream_id=7 state=WAIT_BUY buy_order_id=0 sell_order_id=0 chunk_id=0 chunk_qty=0.000000 buy_live=false sell_live=false chunk_live=false
[11:27:25.304] [INFO] [EXEC] STREAM_OWNERSHIP_AUDIT stream_id=8 state=WAIT_BUY buy_order_id=0 sell_order_id=0 chunk_id=0 chunk_qty=0.000000 buy_live=false sell_live=false chunk_live=false
[11:27:25.305] [INFO] [EXEC] STREAM_OWNERSHIP_AUDIT stream_id=9 state=WAIT_BUY buy_order_id=0 sell_order_id=0 chunk_id=0 chunk_qty=0.000000 buy_live=false sell_live=false chunk_live=false
[11:27:25.306] [INFO] [EXEC] STREAM_OWNERSHIP_AUDIT stream_id=10 state=WAIT_BUY buy_order_id=0 sell_order_id=0 chunk_id=0 chunk_qty=0.000000 buy_live=false sell_live=false chunk_live=false
[11:27:25.307] [INFO] [EXEC] STREAM_OWNERSHIP_AUDIT stream_id=11 state=WAIT_BUY buy_order_id=0 sell_order_id=0 chunk_id=0 chunk_qty=0.000000 buy_live=false sell_live=false chunk_live=false
[11:27:25.307] [INFO] [EXEC] STREAM_OWNERSHIP_AUDIT stream_id=12 state=WAIT_BUY buy_order_id=0 sell_order_id=0 chunk_id=0 chunk_qty=0.000000 buy_live=false sell_live=false chunk_live=false
[11:27:25.308] [INFO] [EXEC] STREAM_OWNERSHIP_AUDIT stream_id=13 state=WAIT_BUY buy_order_id=0 sell_order_id=0 chunk_id=0 chunk_qty=0.000000 buy_live=false sell_live=false chunk_live=false
[11:27:25.308] [INFO] [EXEC] STREAM_OWNERSHIP_AUDIT stream_id=14 state=WAIT_BUY buy_order_id=0 sell_order_id=0 chunk_id=0 chunk_qty=0.000000 buy_live=false sell_live=false chunk_live=false
[11:27:25.308] [INFO] [EXEC] STREAM_OWNERSHIP_AUDIT stream_id=15 state=WAIT_BUY buy_order_id=0 sell_order_id=0 chunk_id=0 chunk_qty=0.000000 buy_live=false sell_live=false chunk_live=false
[11:27:25.309] [INFO] [EXEC] STREAM_OWNERSHIP_AUDIT stream_id=16 state=WAIT_BUY buy_order_id=0 sell_order_id=0 chunk_id=0 chunk_qty=0.000000 buy_live=false sell_live=false chunk_live=false
[11:27:25.309] [INFO] [EXEC] STREAM_OWNERSHIP_AUDIT stream_id=17 state=WAIT_BUY buy_order_id=0 sell_order_id=0 chunk_id=0 chunk_qty=0.000000 buy_live=false sell_live=false chunk_live=false
[11:27:25.310] [INFO] [EXEC] STREAM_OWNERSHIP_AUDIT stream_id=18 state=WAIT_BUY buy_order_id=0 sell_order_id=0 chunk_id=0 chunk_qty=0.000000 buy_live=false sell_live=false chunk_live=false
[11:27:25.310] [INFO] [EXEC] STREAM_OWNERSHIP_AUDIT stream_id=19 state=WAIT_BUY buy_order_id=0 sell_order_id=0 chunk_id=0 chunk_qty=0.000000 buy_live=false sell_live=false chunk_live=false
[11:27:25.311] [INFO] [EXEC] STREAM_OWNERSHIP_AUDIT stream_id=20 state=WAIT_BUY buy_order_id=0 sell_order_id=0 chunk_id=0 chunk_qty=0.000000 buy_live=false sell_live=false chunk_live=false
[11:27:25.311] [ERROR] [EXEC] STREAM_STATE_MISMATCH reason=stream_inventory_qty_mismatch inventory_qty=0.000180 stream_chunks=0
[11:27:25.312] [INFO] [EXEC] STREAM_OWNERSHIP_SUMMARY streams_total=20 wait_buy=14 buy_placed=0 sell_active=6 exiting=0 recycle=0 chunks_total=1 stream_chunks=0 orphan_chunks=1 inventory_qty=0.000180 stream_inventory_qty=0.000000 orphan_inventory_qty=0.000180
[11:27:25.574] [INFO] [EXEC] SELL_WATCHDOG_SYNC orderId=391893771 status=NEW
[11:27:25.575] [INFO] GUI_PERF tick_ms=0 logs_visible=False gui_log_mode=OFF append_skipped=2419
[11:27:26.556] [INFO] [EXEC] HOLD_PROTECTED_SKIP_EXIT_ESCALATION reason=force_flat_after_ms orderId=391893771 hold_age=4256 soft=5000 hard=12000
[11:27:26.564] [INFO] START_CLICK received enabled=True api_ready=True running=True
[11:27:26.857] [WARNING] cancel all requested
[11:27:26.859] [INFO] GUI_PERF tick_ms=0 logs_visible=False gui_log_mode=OFF append_skipped=2422
[11:27:26.860] [WARNING] [EXEC] STREAM_SHUTDOWN_STARTED
[11:27:26.861] [WARNING] [EXEC] STOP canceled panic order, position remains open
[11:27:27.646] [WARNING] [SYNC] desync fixed
[11:27:30.590] [WARNING] [EXEC] STOP_SAFE_MANUAL inventory=0.000180 active_order=0
[11:27:30.590] [INFO] GUI_PERF tick_ms=0 logs_visible=False gui_log_mode=OFF append_skipped=2426
[11:27:30.591] [WARNING] [EXEC] STREAM_STOP_OPEN_INVENTORY qty=0.000180 locked=0.000000 free=0.484227
[11:27:30.591] [WARNING] STOP
[11:27:30.591] [INFO] [EXEC] STREAM_STATS_UI cycles=4 wins=4 losses=0 pnl=+0.000106 winrate=100.00%
[11:27:30.592] [INFO] [EXEC] STREAM_OWNERSHIP_AUDIT stream_id=1 state=SELL_PLACED buy_order_id=0 sell_order_id=391889520 chunk_id=1548835984624 chunk_qty=0.000000 buy_live=false sell_live=true chunk_live=false
[11:27:30.592] [INFO] [EXEC] STREAM_OWNERSHIP_AUDIT stream_id=2 state=SELL_PLACED buy_order_id=0 sell_order_id=391890668 chunk_id=1548835960304 chunk_qty=0.000000 buy_live=false sell_live=true chunk_live=false
[11:27:30.592] [INFO] [EXEC] STREAM_OWNERSHIP_AUDIT stream_id=3 state=SELL_PLACED buy_order_id=0 sell_order_id=391891734 chunk_id=1548854863264 chunk_qty=0.000000 buy_live=false sell_live=true chunk_live=false
[11:27:30.592] [INFO] [EXEC] STREAM_OWNERSHIP_AUDIT stream_id=4 state=SELL_PLACED buy_order_id=0 sell_order_id=391889322 chunk_id=1548854839872 chunk_qty=0.000000 buy_live=false sell_live=true chunk_live=false
[11:27:30.593] [INFO] [EXEC] STREAM_OWNERSHIP_AUDIT stream_id=5 state=SELL_PLACED buy_order_id=0 sell_order_id=391892245 chunk_id=1548854826896 chunk_qty=0.000000 buy_live=false sell_live=true chunk_live=false
[11:27:30.593] [INFO] [EXEC] STREAM_OWNERSHIP_AUDIT stream_id=6 state=SELL_PLACED buy_order_id=0 sell_order_id=391893649 chunk_id=1548835991056 chunk_qty=0.000180 buy_live=false sell_live=true chunk_live=true
[11:27:30.593] [INFO] [EXEC] STREAM_OWNERSHIP_AUDIT stream_id=7 state=WAIT_BUY buy_order_id=0 sell_order_id=0 chunk_id=0 chunk_qty=0.000000 buy_live=false sell_live=false chunk_live=false
[11:27:30.593] [INFO] [EXEC] STREAM_OWNERSHIP_AUDIT stream_id=8 state=WAIT_BUY buy_order_id=0 sell_order_id=0 chunk_id=0 chunk_qty=0.000000 buy_live=false sell_live=false chunk_live=false
[11:27:30.593] [INFO] [EXEC] STREAM_OWNERSHIP_AUDIT stream_id=9 state=WAIT_BUY buy_order_id=0 sell_order_id=0 chunk_id=0 chunk_qty=0.000000 buy_live=false sell_live=false chunk_live=false
[11:27:30.593] [INFO] [EXEC] STREAM_OWNERSHIP_AUDIT stream_id=10 state=WAIT_BUY buy_order_id=0 sell_order_id=0 chunk_id=0 chunk_qty=0.000000 buy_live=false sell_live=false chunk_live=false
[11:27:30.593] [INFO] [EXEC] STREAM_OWNERSHIP_AUDIT stream_id=11 state=WAIT_BUY buy_order_id=0 sell_order_id=0 chunk_id=0 chunk_qty=0.000000 buy_live=false sell_live=false chunk_live=false
[11:27:30.594] [INFO] [EXEC] STREAM_OWNERSHIP_AUDIT stream_id=12 state=WAIT_BUY buy_order_id=0 sell_order_id=0 chunk_id=0 chunk_qty=0.000000 buy_live=false sell_live=false chunk_live=false
[11:27:30.594] [INFO] [EXEC] STREAM_OWNERSHIP_AUDIT stream_id=13 state=WAIT_BUY buy_order_id=0 sell_order_id=0 chunk_id=0 chunk_qty=0.000000 buy_live=false sell_live=false chunk_live=false
[11:27:30.594] [INFO] [EXEC] STREAM_OWNERSHIP_AUDIT stream_id=14 state=WAIT_BUY buy_order_id=0 sell_order_id=0 chunk_id=0 chunk_qty=0.000000 buy_live=false sell_live=false chunk_live=false
[11:27:30.594] [INFO] [EXEC] STREAM_OWNERSHIP_AUDIT stream_id=15 state=WAIT_BUY buy_order_id=0 sell_order_id=0 chunk_id=0 chunk_qty=0.000000 buy_live=false sell_live=false chunk_live=false
[11:27:30.594] [INFO] [EXEC] STREAM_OWNERSHIP_AUDIT stream_id=16 state=WAIT_BUY buy_order_id=0 sell_order_id=0 chunk_id=0 chunk_qty=0.000000 buy_live=false sell_live=false chunk_live=false
[11:27:30.595] [INFO] [EXEC] STREAM_OWNERSHIP_AUDIT stream_id=17 state=WAIT_BUY buy_order_id=0 sell_order_id=0 chunk_id=0 chunk_qty=0.000000 buy_live=false sell_live=false chunk_live=false
[11:27:30.595] [INFO] [EXEC] STREAM_OWNERSHIP_AUDIT stream_id=18 state=WAIT_BUY buy_order_id=0 sell_order_id=0 chunk_id=0 chunk_qty=0.000000 buy_live=false sell_live=false chunk_live=false
[11:27:30.595] [INFO] [EXEC] STREAM_OWNERSHIP_AUDIT stream_id=19 state=WAIT_BUY buy_order_id=0 sell_order_id=0 chunk_id=0 chunk_qty=0.000000 buy_live=false sell_live=false chunk_live=false
[11:27:30.595] [INFO] [EXEC] STREAM_OWNERSHIP_AUDIT stream_id=20 state=WAIT_BUY buy_order_id=0 sell_order_id=0 chunk_id=0 chunk_qty=0.000000 buy_live=false sell_live=false chunk_live=false
[11:27:30.595] [ERROR] [EXEC] STREAM_STATE_MISMATCH reason=stream_inventory_qty_mismatch inventory_qty=0.000180 stream_chunks=0
[11:27:30.595] [INFO] [EXEC] STREAM_OWNERSHIP_SUMMARY streams_total=20 wait_buy=14 buy_placed=0 sell_active=6 exiting=0 recycle=0 chunks_total=1 stream_chunks=0 orphan_chunks=1 inventory_qty=0.000180 stream_inventory_qty=0.000000 orphan_inventory_qty=0.000180
[11:27:32.120] [INFO] [EXEC] STREAM_OWNERSHIP_AUDIT stream_id=1 state=SELL_PLACED buy_order_id=0 sell_order_id=391889520 chunk_id=1548835984624 chunk_qty=0.000000 buy_live=false sell_live=true chunk_live=false
[11:27:32.121] [INFO] GUI_PERF tick_ms=0 logs_visible=False gui_log_mode=OFF append_skipped=2452
[11:27:32.122] [INFO] [EXEC] STREAM_OWNERSHIP_AUDIT stream_id=2 state=SELL_PLACED buy_order_id=0 sell_order_id=391890668 chunk_id=1548835960304 chunk_qty=0.000000 buy_live=false sell_live=true chunk_live=false
[11:27:32.122] [INFO] [EXEC] STREAM_OWNERSHIP_AUDIT stream_id=3 state=SELL_PLACED buy_order_id=0 sell_order_id=391891734 chunk_id=1548854863264 chunk_qty=0.000000 buy_live=false sell_live=true chunk_live=false
[11:27:32.122] [INFO] [EXEC] STREAM_OWNERSHIP_AUDIT stream_id=4 state=SELL_PLACED buy_order_id=0 sell_order_id=391889322 chunk_id=1548854839872 chunk_qty=0.000000 buy_live=false sell_live=true chunk_live=false
[11:27:32.123] [INFO] [EXEC] STREAM_OWNERSHIP_AUDIT stream_id=5 state=SELL_PLACED buy_order_id=0 sell_order_id=391892245 chunk_id=1548854826896 chunk_qty=0.000000 buy_live=false sell_live=true chunk_live=false
[11:27:32.123] [INFO] [EXEC] STREAM_OWNERSHIP_AUDIT stream_id=6 state=SELL_PLACED buy_order_id=0 sell_order_id=391893649 chunk_id=1548835991056 chunk_qty=0.000180 buy_live=false sell_live=true chunk_live=true
[11:27:32.124] [INFO] [EXEC] STREAM_OWNERSHIP_AUDIT stream_id=7 state=WAIT_BUY buy_order_id=0 sell_order_id=0 chunk_id=0 chunk_qty=0.000000 buy_live=false sell_live=false chunk_live=false
[11:27:32.124] [INFO] [EXEC] STREAM_OWNERSHIP_AUDIT stream_id=8 state=WAIT_BUY buy_order_id=0 sell_order_id=0 chunk_id=0 chunk_qty=0.000000 buy_live=false sell_live=false chunk_live=false
[11:27:32.125] [INFO] [EXEC] STREAM_OWNERSHIP_AUDIT stream_id=9 state=WAIT_BUY buy_order_id=0 sell_order_id=0 chunk_id=0 chunk_qty=0.000000 buy_live=false sell_live=false chunk_live=false
[11:27:32.125] [INFO] [EXEC] STREAM_OWNERSHIP_AUDIT stream_id=10 state=WAIT_BUY buy_order_id=0 sell_order_id=0 chunk_id=0 chunk_qty=0.000000 buy_live=false sell_live=false chunk_live=false
[11:27:32.126] [INFO] [EXEC] STREAM_OWNERSHIP_AUDIT stream_id=11 state=WAIT_BUY buy_order_id=0 sell_order_id=0 chunk_id=0 chunk_qty=0.000000 buy_live=false sell_live=false chunk_live=false
[11:27:32.126] [INFO] [EXEC] STREAM_OWNERSHIP_AUDIT stream_id=12 state=WAIT_BUY buy_order_id=0 sell_order_id=0 chunk_id=0 chunk_qty=0.000000 buy_live=false sell_live=false chunk_live=false
[11:27:32.126] [INFO] [EXEC] STREAM_OWNERSHIP_AUDIT stream_id=13 state=WAIT_BUY buy_order_id=0 sell_order_id=0 chunk_id=0 chunk_qty=0.000000 buy_live=false sell_live=false chunk_live=false
[11:27:32.126] [INFO] [EXEC] STREAM_OWNERSHIP_AUDIT stream_id=14 state=WAIT_BUY buy_order_id=0 sell_order_id=0 chunk_id=0 chunk_qty=0.000000 buy_live=false sell_live=false chunk_live=false
[11:27:32.127] [INFO] [EXEC] STREAM_OWNERSHIP_AUDIT stream_id=15 state=WAIT_BUY buy_order_id=0 sell_order_id=0 chunk_id=0 chunk_qty=0.000000 buy_live=false sell_live=false chunk_live=false
[11:27:32.127] [INFO] [EXEC] STREAM_OWNERSHIP_AUDIT stream_id=16 state=WAIT_BUY buy_order_id=0 sell_order_id=0 chunk_id=0 chunk_qty=0.000000 buy_live=false sell_live=false chunk_live=false
[11:27:32.127] [INFO] [EXEC] STREAM_OWNERSHIP_AUDIT stream_id=17 state=WAIT_BUY buy_order_id=0 sell_order_id=0 chunk_id=0 chunk_qty=0.000000 buy_live=false sell_live=false chunk_live=false
[11:27:32.127] [INFO] [EXEC] STREAM_OWNERSHIP_AUDIT stream_id=18 state=WAIT_BUY buy_order_id=0 sell_order_id=0 chunk_id=0 chunk_qty=0.000000 buy_live=false sell_live=false chunk_live=false
[11:27:32.128] [INFO] [EXEC] STREAM_OWNERSHIP_AUDIT stream_id=19 state=WAIT_BUY buy_order_id=0 sell_order_id=0 chunk_id=0 chunk_qty=0.000000 buy_live=false sell_live=false chunk_live=false
[11:27:32.128] [INFO] [EXEC] STREAM_OWNERSHIP_AUDIT stream_id=20 state=WAIT_BUY buy_order_id=0 sell_order_id=0 chunk_id=0 chunk_qty=0.000000 buy_live=false sell_live=false chunk_live=false
[11:27:32.128] [ERROR] [EXEC] STREAM_STATE_MISMATCH reason=stream_inventory_qty_mismatch inventory_qty=0.000180 stream_chunks=0
[11:27:32.128] [INFO] [EXEC] STREAM_OWNERSHIP_SUMMARY streams_total=20 wait_buy=14 buy_placed=0 sell_active=6 exiting=0 recycle=0 chunks_total=1 stream_chunks=0 orphan_chunks=1 inventory_qty=0.000180 stream_inventory_qty=0.000000 orphan_inventory_qty=0.000180
[11:27:33.643] [INFO] [EXEC] STREAM_OWNERSHIP_AUDIT stream_id=1 state=SELL_PLACED buy_order_id=0 sell_order_id=391889520 chunk_id=1548835984624 chunk_qty=0.000000 buy_live=false sell_live=true chunk_live=false
[11:27:33.644] [INFO] GUI_PERF tick_ms=0 logs_visible=False gui_log_mode=OFF append_skipped=2474
[11:27:33.644] [INFO] [EXEC] STREAM_OWNERSHIP_AUDIT stream_id=2 state=SELL_PLACED buy_order_id=0 sell_order_id=391890668 chunk_id=1548835960304 chunk_qty=0.000000 buy_live=false sell_live=true chunk_live=false
[11:27:33.644] [INFO] [EXEC] STREAM_OWNERSHIP_AUDIT stream_id=3 state=SELL_PLACED buy_order_id=0 sell_order_id=391891734 chunk_id=1548854863264 chunk_qty=0.000000 buy_live=false sell_live=true chunk_live=false
[11:27:33.644] [INFO] [EXEC] STREAM_OWNERSHIP_AUDIT stream_id=4 state=SELL_PLACED buy_order_id=0 sell_order_id=391889322 chunk_id=1548854839872 chunk_qty=0.000000 buy_live=false sell_live=true chunk_live=false
[11:27:33.644] [INFO] [EXEC] STREAM_OWNERSHIP_AUDIT stream_id=5 state=SELL_PLACED buy_order_id=0 sell_order_id=391892245 chunk_id=1548854826896 chunk_qty=0.000000 buy_live=false sell_live=true chunk_live=false
[11:27:33.645] [INFO] [EXEC] STREAM_OWNERSHIP_AUDIT stream_id=6 state=SELL_PLACED buy_order_id=0 sell_order_id=391893649 chunk_id=1548835991056 chunk_qty=0.000180 buy_live=false sell_live=true chunk_live=true
[11:27:33.645] [INFO] [EXEC] STREAM_OWNERSHIP_AUDIT stream_id=7 state=WAIT_BUY buy_order_id=0 sell_order_id=0 chunk_id=0 chunk_qty=0.000000 buy_live=false sell_live=false chunk_live=false
[11:27:33.645] [INFO] [EXEC] STREAM_OWNERSHIP_AUDIT stream_id=8 state=WAIT_BUY buy_order_id=0 sell_order_id=0 chunk_id=0 chunk_qty=0.000000 buy_live=false sell_live=false chunk_live=false
[11:27:33.645] [INFO] [EXEC] STREAM_OWNERSHIP_AUDIT stream_id=9 state=WAIT_BUY buy_order_id=0 sell_order_id=0 chunk_id=0 chunk_qty=0.000000 buy_live=false sell_live=false chunk_live=false
[11:27:33.645] [INFO] [EXEC] STREAM_OWNERSHIP_AUDIT stream_id=10 state=WAIT_BUY buy_order_id=0 sell_order_id=0 chunk_id=0 chunk_qty=0.000000 buy_live=false sell_live=false chunk_live=false
[11:27:33.645] [INFO] [EXEC] STREAM_OWNERSHIP_AUDIT stream_id=11 state=WAIT_BUY buy_order_id=0 sell_order_id=0 chunk_id=0 chunk_qty=0.000000 buy_live=false sell_live=false chunk_live=false
[11:27:33.645] [INFO] [EXEC] STREAM_OWNERSHIP_AUDIT stream_id=12 state=WAIT_BUY buy_order_id=0 sell_order_id=0 chunk_id=0 chunk_qty=0.000000 buy_live=false sell_live=false chunk_live=false
[11:27:33.645] [INFO] [EXEC] STREAM_OWNERSHIP_AUDIT stream_id=13 state=WAIT_BUY buy_order_id=0 sell_order_id=0 chunk_id=0 chunk_qty=0.000000 buy_live=false sell_live=false chunk_live=false
[11:27:33.645] [INFO] [EXEC] STREAM_OWNERSHIP_AUDIT stream_id=14 state=WAIT_BUY buy_order_id=0 sell_order_id=0 chunk_id=0 chunk_qty=0.000000 buy_live=false sell_live=false chunk_live=false
[11:27:33.645] [INFO] [EXEC] STREAM_OWNERSHIP_AUDIT stream_id=15 state=WAIT_BUY buy_order_id=0 sell_order_id=0 chunk_id=0 chunk_qty=0.000000 buy_live=false sell_live=false chunk_live=false
[11:27:33.646] [INFO] [EXEC] STREAM_OWNERSHIP_AUDIT stream_id=16 state=WAIT_BUY buy_order_id=0 sell_order_id=0 chunk_id=0 chunk_qty=0.000000 buy_live=false sell_live=false chunk_live=false
[11:27:33.646] [INFO] [EXEC] STREAM_OWNERSHIP_AUDIT stream_id=17 state=WAIT_BUY buy_order_id=0 sell_order_id=0 chunk_id=0 chunk_qty=0.000000 buy_live=false sell_live=false chunk_live=false
[11:27:33.646] [INFO] [EXEC] STREAM_OWNERSHIP_AUDIT stream_id=18 state=WAIT_BUY buy_order_id=0 sell_order_id=0 chunk_id=0 chunk_qty=0.000000 buy_live=false sell_live=false chunk_live=false
[11:27:33.646] [INFO] [EXEC] STREAM_OWNERSHIP_AUDIT stream_id=19 state=WAIT_BUY buy_order_id=0 sell_order_id=0 chunk_id=0 chunk_qty=0.000000 buy_live=false sell_live=false chunk_live=false
[11:27:33.646] [INFO] [EXEC] STREAM_OWNERSHIP_AUDIT stream_id=20 state=WAIT_BUY buy_order_id=0 sell_order_id=0 chunk_id=0 chunk_qty=0.000000 buy_live=false sell_live=false chunk_live=false
[11:27:33.646] [ERROR] [EXEC] STREAM_STATE_MISMATCH reason=stream_inventory_qty_mismatch inventory_qty=0.000180 stream_chunks=0
[11:27:33.646] [INFO] [EXEC] STREAM_OWNERSHIP_SUMMARY streams_total=20 wait_buy=14 buy_placed=0 sell_active=6 exiting=0 recycle=0 chunks_total=1 stream_chunks=0 orphan_chunks=1 inventory_qty=0.000180 stream_inventory_qty=0.000000 orphan_inventory_qty=0.000180
[11:27:35.665] [INFO] [EXEC] STREAM_OWNERSHIP_AUDIT stream_id=1 state=SELL_PLACED buy_order_id=0 sell_order_id=391889520 chunk_id=1548835984624 chunk_qty=0.000000 buy_live=false sell_live=true chunk_live=false
[11:27:35.665] [INFO] GUI_PERF tick_ms=0 logs_visible=False gui_log_mode=OFF append_skipped=2496
[11:27:35.666] [INFO] [EXEC] STREAM_OWNERSHIP_AUDIT stream_id=2 state=SELL_PLACED buy_order_id=0 sell_order_id=391890668 chunk_id=1548835960304 chunk_qty=0.000000 buy_live=false sell_live=true chunk_live=false
[11:27:35.666] [INFO] [EXEC] STREAM_OWNERSHIP_AUDIT stream_id=3 state=SELL_PLACED buy_order_id=0 sell_order_id=391891734 chunk_id=1548854863264 chunk_qty=0.000000 buy_live=false sell_live=true chunk_live=false
[11:27:35.666] [INFO] [EXEC] STREAM_OWNERSHIP_AUDIT stream_id=4 state=SELL_PLACED buy_order_id=0 sell_order_id=391889322 chunk_id=1548854839872 chunk_qty=0.000000 buy_live=false sell_live=true chunk_live=false
[11:27:35.666] [INFO] [EXEC] STREAM_OWNERSHIP_AUDIT stream_id=5 state=SELL_PLACED buy_order_id=0 sell_order_id=391892245 chunk_id=1548854826896 chunk_qty=0.000000 buy_live=false sell_live=true chunk_live=false
[11:27:35.666] [INFO] [EXEC] STREAM_OWNERSHIP_AUDIT stream_id=6 state=SELL_PLACED buy_order_id=0 sell_order_id=391893649 chunk_id=1548835991056 chunk_qty=0.000180 buy_live=false sell_live=true chunk_live=true
[11:27:35.666] [INFO] [EXEC] STREAM_OWNERSHIP_AUDIT stream_id=7 state=WAIT_BUY buy_order_id=0 sell_order_id=0 chunk_id=0 chunk_qty=0.000000 buy_live=false sell_live=false chunk_live=false
[11:27:35.666] [INFO] [EXEC] STREAM_OWNERSHIP_AUDIT stream_id=8 state=WAIT_BUY buy_order_id=0 sell_order_id=0 chunk_id=0 chunk_qty=0.000000 buy_live=false sell_live=false chunk_live=false
[11:27:35.666] [INFO] [EXEC] STREAM_OWNERSHIP_AUDIT stream_id=9 state=WAIT_BUY buy_order_id=0 sell_order_id=0 chunk_id=0 chunk_qty=0.000000 buy_live=false sell_live=false chunk_live=false
[11:27:35.666] [INFO] [EXEC] STREAM_OWNERSHIP_AUDIT stream_id=10 state=WAIT_BUY buy_order_id=0 sell_order_id=0 chunk_id=0 chunk_qty=0.000000 buy_live=false sell_live=false chunk_live=false
[11:27:35.667] [INFO] [EXEC] STREAM_OWNERSHIP_AUDIT stream_id=11 state=WAIT_BUY buy_order_id=0 sell_order_id=0 chunk_id=0 chunk_qty=0.000000 buy_live=false sell_live=false chunk_live=false
[11:27:35.667] [INFO] [EXEC] STREAM_OWNERSHIP_AUDIT stream_id=12 state=WAIT_BUY buy_order_id=0 sell_order_id=0 chunk_id=0 chunk_qty=0.000000 buy_live=false sell_live=false chunk_live=false
[11:27:35.667] [INFO] [EXEC] STREAM_OWNERSHIP_AUDIT stream_id=13 state=WAIT_BUY buy_order_id=0 sell_order_id=0 chunk_id=0 chunk_qty=0.000000 buy_live=false sell_live=false chunk_live=false
[11:27:35.667] [INFO] [EXEC] STREAM_OWNERSHIP_AUDIT stream_id=14 state=WAIT_BUY buy_order_id=0 sell_order_id=0 chunk_id=0 chunk_qty=0.000000 buy_live=false sell_live=false chunk_live=false
[11:27:35.667] [INFO] [EXEC] STREAM_OWNERSHIP_AUDIT stream_id=15 state=WAIT_BUY buy_order_id=0 sell_order_id=0 chunk_id=0 chunk_qty=0.000000 buy_live=false sell_live=false chunk_live=false
[11:27:35.667] [INFO] [EXEC] STREAM_OWNERSHIP_AUDIT stream_id=16 state=WAIT_BUY buy_order_id=0 sell_order_id=0 chunk_id=0 chunk_qty=0.000000 buy_live=false sell_live=false chunk_live=false
[11:27:35.667] [INFO] [EXEC] STREAM_OWNERSHIP_AUDIT stream_id=17 state=WAIT_BUY buy_order_id=0 sell_order_id=0 chunk_id=0 chunk_qty=0.000000 buy_live=false sell_live=false chunk_live=false
[11:27:35.667] [INFO] [EXEC] STREAM_OWNERSHIP_AUDIT stream_id=18 state=WAIT_BUY buy_order_id=0 sell_order_id=0 chunk_id=0 chunk_qty=0.000000 buy_live=false sell_live=false chunk_live=false
[11:27:35.667] [INFO] [EXEC] STREAM_OWNERSHIP_AUDIT stream_id=19 state=WAIT_BUY buy_order_id=0 sell_order_id=0 chunk_id=0 chunk_qty=0.000000 buy_live=false sell_live=false chunk_live=false
[11:27:35.667] [INFO] [EXEC] STREAM_OWNERSHIP_AUDIT stream_id=20 state=WAIT_BUY buy_order_id=0 sell_order_id=0 chunk_id=0 chunk_qty=0.000000 buy_live=false sell_live=false chunk_live=false
[11:27:35.668] [ERROR] [EXEC] STREAM_STATE_MISMATCH reason=stream_inventory_qty_mismatch inventory_qty=0.000180 stream_chunks=0
[11:27:35.668] [INFO] [EXEC] STREAM_OWNERSHIP_SUMMARY streams_total=20 wait_buy=14 buy_placed=0 sell_active=6 exiting=0 recycle=0 chunks_total=1 stream_chunks=0 orphan_chunks=1 inventory_qty=0.000180 stream_inventory_qty=0.000000 orphan_inventory_qty=0.000180
[11:27:35.668] [INFO] [EXEC] STREAM_STATS_UI cycles=4 wins=4 losses=0 pnl=+0.000106 winrate=100.00%
[11:27:37.189] [INFO] [EXEC] STREAM_OWNERSHIP_AUDIT stream_id=1 state=SELL_PLACED buy_order_id=0 sell_order_id=391889520 chunk_id=1548835984624 chunk_qty=0.000000 buy_live=false sell_live=true chunk_live=false
[11:27:37.189] [INFO] GUI_PERF tick_ms=0 logs_visible=False gui_log_mode=OFF append_skipped=2519
[11:27:37.190] [INFO] [EXEC] STREAM_OWNERSHIP_AUDIT stream_id=2 state=SELL_PLACED buy_order_id=0 sell_order_id=391890668 chunk_id=1548835960304 chunk_qty=0.000000 buy_live=false sell_live=true chunk_live=false
[11:27:37.190] [INFO] [EXEC] STREAM_OWNERSHIP_AUDIT stream_id=3 state=SELL_PLACED buy_order_id=0 sell_order_id=391891734 chunk_id=1548854863264 chunk_qty=0.000000 buy_live=false sell_live=true chunk_live=false
[11:27:37.191] [INFO] [EXEC] STREAM_OWNERSHIP_AUDIT stream_id=4 state=SELL_PLACED buy_order_id=0 sell_order_id=391889322 chunk_id=1548854839872 chunk_qty=0.000000 buy_live=false sell_live=true chunk_live=false
[11:27:37.191] [INFO] [EXEC] STREAM_OWNERSHIP_AUDIT stream_id=5 state=SELL_PLACED buy_order_id=0 sell_order_id=391892245 chunk_id=1548854826896 chunk_qty=0.000000 buy_live=false sell_live=true chunk_live=false
[11:27:37.191] [INFO] [EXEC] STREAM_OWNERSHIP_AUDIT stream_id=6 state=SELL_PLACED buy_order_id=0 sell_order_id=391893649 chunk_id=1548835991056 chunk_qty=0.000180 buy_live=false sell_live=true chunk_live=true
[11:27:37.191] [INFO] [EXEC] STREAM_OWNERSHIP_AUDIT stream_id=7 state=WAIT_BUY buy_order_id=0 sell_order_id=0 chunk_id=0 chunk_qty=0.000000 buy_live=false sell_live=false chunk_live=false
[11:27:37.192] [INFO] [EXEC] STREAM_OWNERSHIP_AUDIT stream_id=8 state=WAIT_BUY buy_order_id=0 sell_order_id=0 chunk_id=0 chunk_qty=0.000000 buy_live=false sell_live=false chunk_live=false
[11:27:37.192] [INFO] [EXEC] STREAM_OWNERSHIP_AUDIT stream_id=9 state=WAIT_BUY buy_order_id=0 sell_order_id=0 chunk_id=0 chunk_qty=0.000000 buy_live=false sell_live=false chunk_live=false
[11:27:37.192] [INFO] [EXEC] STREAM_OWNERSHIP_AUDIT stream_id=10 state=WAIT_BUY buy_order_id=0 sell_order_id=0 chunk_id=0 chunk_qty=0.000000 buy_live=false sell_live=false chunk_live=false
[11:27:37.192] [INFO] [EXEC] STREAM_OWNERSHIP_AUDIT stream_id=11 state=WAIT_BUY buy_order_id=0 sell_order_id=0 chunk_id=0 chunk_qty=0.000000 buy_live=false sell_live=false chunk_live=false
[11:27:37.192] [INFO] [EXEC] STREAM_OWNERSHIP_AUDIT stream_id=12 state=WAIT_BUY buy_order_id=0 sell_order_id=0 chunk_id=0 chunk_qty=0.000000 buy_live=false sell_live=false chunk_live=false
[11:27:37.193] [INFO] [EXEC] STREAM_OWNERSHIP_AUDIT stream_id=13 state=WAIT_BUY buy_order_id=0 sell_order_id=0 chunk_id=0 chunk_qty=0.000000 buy_live=false sell_live=false chunk_live=false
[11:27:37.193] [INFO] [EXEC] STREAM_OWNERSHIP_AUDIT stream_id=14 state=WAIT_BUY buy_order_id=0 sell_order_id=0 chunk_id=0 chunk_qty=0.000000 buy_live=false sell_live=false chunk_live=false
[11:27:37.193] [INFO] [EXEC] STREAM_OWNERSHIP_AUDIT stream_id=15 state=WAIT_BUY buy_order_id=0 sell_order_id=0 chunk_id=0 chunk_qty=0.000000 buy_live=false sell_live=false chunk_live=false
[11:27:37.193] [INFO] [EXEC] STREAM_OWNERSHIP_AUDIT stream_id=16 state=WAIT_BUY buy_order_id=0 sell_order_id=0 chunk_id=0 chunk_qty=0.000000 buy_live=false sell_live=false chunk_live=false
[11:27:37.193] [INFO] [EXEC] STREAM_OWNERSHIP_AUDIT stream_id=17 state=WAIT_BUY buy_order_id=0 sell_order_id=0 chunk_id=0 chunk_qty=0.000000 buy_live=false sell_live=false chunk_live=false
[11:27:37.193] [INFO] [EXEC] STREAM_OWNERSHIP_AUDIT stream_id=18 state=WAIT_BUY buy_order_id=0 sell_order_id=0 chunk_id=0 chunk_qty=0.000000 buy_live=false sell_live=false chunk_live=false
[11:27:37.193] [INFO] [EXEC] STREAM_OWNERSHIP_AUDIT stream_id=19 state=WAIT_BUY buy_order_id=0 sell_order_id=0 chunk_id=0 chunk_qty=0.000000 buy_live=false sell_live=false chunk_live=false
[11:27:37.193] [INFO] [EXEC] STREAM_OWNERSHIP_AUDIT stream_id=20 state=WAIT_BUY buy_order_id=0 sell_order_id=0 chunk_id=0 chunk_qty=0.000000 buy_live=false sell_live=false chunk_live=false
[11:27:37.194] [ERROR] [EXEC] STREAM_STATE_MISMATCH reason=stream_inventory_qty_mismatch inventory_qty=0.000180 stream_chunks=0
[11:27:37.194] [INFO] [EXEC] STREAM_OWNERSHIP_SUMMARY streams_total=20 wait_buy=14 buy_placed=0 sell_active=6 exiting=0 recycle=0 chunks_total=1 stream_chunks=0 orphan_chunks=1 inventory_qty=0.000180 stream_inventory_qty=0.000000 orphan_inventory_qty=0.000180
[11:27:39.141] [INFO] [EXEC] STREAM_OWNERSHIP_AUDIT stream_id=1 state=SELL_PLACED buy_order_id=0 sell_order_id=391889520 chunk_id=1548835984624 chunk_qty=0.000000 buy_live=false sell_live=true chunk_live=false
[11:27:39.143] [INFO] GUI_PERF tick_ms=0 logs_visible=False gui_log_mode=OFF append_skipped=2541
[11:27:39.144] [INFO] [EXEC] STREAM_OWNERSHIP_AUDIT stream_id=2 state=SELL_PLACED buy_order_id=0 sell_order_id=391890668 chunk_id=1548835960304 chunk_qty=0.000000 buy_live=false sell_live=true chunk_live=false
[11:27:39.145] [INFO] [EXEC] STREAM_OWNERSHIP_AUDIT stream_id=3 state=SELL_PLACED buy_order_id=0 sell_order_id=391891734 chunk_id=1548854863264 chunk_qty=0.000000 buy_live=false sell_live=true chunk_live=false
[11:27:39.146] [INFO] [EXEC] STREAM_OWNERSHIP_AUDIT stream_id=4 state=SELL_PLACED buy_order_id=0 sell_order_id=391889322 chunk_id=1548854839872 chunk_qty=0.000000 buy_live=false sell_live=true chunk_live=false
[11:27:39.146] [INFO] [EXEC] STREAM_OWNERSHIP_AUDIT stream_id=5 state=SELL_PLACED buy_order_id=0 sell_order_id=391892245 chunk_id=1548854826896 chunk_qty=0.000000 buy_live=false sell_live=true chunk_live=false
[11:27:39.147] [INFO] [EXEC] STREAM_OWNERSHIP_AUDIT stream_id=6 state=SELL_PLACED buy_order_id=0 sell_order_id=391893649 chunk_id=1548835991056 chunk_qty=0.000180 buy_live=false sell_live=true chunk_live=true
[11:27:39.147] [INFO] [EXEC] STREAM_OWNERSHIP_AUDIT stream_id=7 state=WAIT_BUY buy_order_id=0 sell_order_id=0 chunk_id=0 chunk_qty=0.000000 buy_live=false sell_live=false chunk_live=false
[11:27:39.148] [INFO] [EXEC] STREAM_OWNERSHIP_AUDIT stream_id=8 state=WAIT_BUY buy_order_id=0 sell_order_id=0 chunk_id=0 chunk_qty=0.000000 buy_live=false sell_live=false chunk_live=false
[11:27:39.148] [INFO] [EXEC] STREAM_OWNERSHIP_AUDIT stream_id=9 state=WAIT_BUY buy_order_id=0 sell_order_id=0 chunk_id=0 chunk_qty=0.000000 buy_live=false sell_live=false chunk_live=false
[11:27:39.148] [INFO] [EXEC] STREAM_OWNERSHIP_AUDIT stream_id=10 state=WAIT_BUY buy_order_id=0 sell_order_id=0 chunk_id=0 chunk_qty=0.000000 buy_live=false sell_live=false chunk_live=false
[11:27:39.149] [INFO] [EXEC] STREAM_OWNERSHIP_AUDIT stream_id=11 state=WAIT_BUY buy_order_id=0 sell_order_id=0 chunk_id=0 chunk_qty=0.000000 buy_live=false sell_live=false chunk_live=false
[11:27:39.149] [INFO] [EXEC] STREAM_OWNERSHIP_AUDIT stream_id=12 state=WAIT_BUY buy_order_id=0 sell_order_id=0 chunk_id=0 chunk_qty=0.000000 buy_live=false sell_live=false chunk_live=false
[11:27:39.149] [INFO] [EXEC] STREAM_OWNERSHIP_AUDIT stream_id=13 state=WAIT_BUY buy_order_id=0 sell_order_id=0 chunk_id=0 chunk_qty=0.000000 buy_live=false sell_live=false chunk_live=false
[11:27:39.150] [INFO] [EXEC] STREAM_OWNERSHIP_AUDIT stream_id=14 state=WAIT_BUY buy_order_id=0 sell_order_id=0 chunk_id=0 chunk_qty=0.000000 buy_live=false sell_live=false chunk_live=false
[11:27:39.150] [INFO] [EXEC] STREAM_OWNERSHIP_AUDIT stream_id=15 state=WAIT_BUY buy_order_id=0 sell_order_id=0 chunk_id=0 chunk_qty=0.000000 buy_live=false sell_live=false chunk_live=false
[11:27:39.151] [INFO] [EXEC] STREAM_OWNERSHIP_AUDIT stream_id=16 state=WAIT_BUY buy_order_id=0 sell_order_id=0 chunk_id=0 chunk_qty=0.000000 buy_live=false sell_live=false chunk_live=false
[11:27:39.151] [INFO] [EXEC] STREAM_OWNERSHIP_AUDIT stream_id=17 state=WAIT_BUY buy_order_id=0 sell_order_id=0 chunk_id=0 chunk_qty=0.000000 buy_live=false sell_live=false chunk_live=false
[11:27:39.151] [INFO] [EXEC] STREAM_OWNERSHIP_AUDIT stream_id=18 state=WAIT_BUY buy_order_id=0 sell_order_id=0 chunk_id=0 chunk_qty=0.000000 buy_live=false sell_live=false chunk_live=false
[11:27:39.151] [INFO] [EXEC] STREAM_OWNERSHIP_AUDIT stream_id=19 state=WAIT_BUY buy_order_id=0 sell_order_id=0 chunk_id=0 chunk_qty=0.000000 buy_live=false sell_live=false chunk_live=false
[11:27:39.152] [INFO] [EXEC] STREAM_OWNERSHIP_AUDIT stream_id=20 state=WAIT_BUY buy_order_id=0 sell_order_id=0 chunk_id=0 chunk_qty=0.000000 buy_live=false sell_live=false chunk_live=false
[11:27:39.152] [ERROR] [EXEC] STREAM_STATE_MISMATCH reason=stream_inventory_qty_mismatch inventory_qty=0.000180 stream_chunks=0
[11:27:39.152] [INFO] [EXEC] STREAM_OWNERSHIP_SUMMARY streams_total=20 wait_buy=14 buy_placed=0 sell_active=6 exiting=0 recycle=0 chunks_total=1 stream_chunks=0 orphan_chunks=1 inventory_qty=0.000180 stream_inventory_qty=0.000000 orphan_inventory_qty=0.000180
[11:27:40.694] [INFO] [EXEC] STREAM_OWNERSHIP_AUDIT stream_id=1 state=SELL_PLACED buy_order_id=0 sell_order_id=391889520 chunk_id=1548835984624 chunk_qty=0.000000 buy_live=false sell_live=true chunk_live=false
[11:27:40.696] [INFO] GUI_PERF tick_ms=0 logs_visible=False gui_log_mode=OFF append_skipped=2563
[11:27:40.696] [INFO] [EXEC] STREAM_OWNERSHIP_AUDIT stream_id=2 state=SELL_PLACED buy_order_id=0 sell_order_id=391890668 chunk_id=1548835960304 chunk_qty=0.000000 buy_live=false sell_live=true chunk_live=false
[11:27:40.696] [INFO] [EXEC] STREAM_OWNERSHIP_AUDIT stream_id=3 state=SELL_PLACED buy_order_id=0 sell_order_id=391891734 chunk_id=1548854863264 chunk_qty=0.000000 buy_live=false sell_live=true chunk_live=false
[11:27:40.696] [INFO] [EXEC] STREAM_OWNERSHIP_AUDIT stream_id=4 state=SELL_PLACED buy_order_id=0 sell_order_id=391889322 chunk_id=1548854839872 chunk_qty=0.000000 buy_live=false sell_live=true chunk_live=false
[11:27:40.697] [INFO] [EXEC] STREAM_OWNERSHIP_AUDIT stream_id=5 state=SELL_PLACED buy_order_id=0 sell_order_id=391892245 chunk_id=1548854826896 chunk_qty=0.000000 buy_live=false sell_live=true chunk_live=false
[11:27:40.697] [INFO] [EXEC] STREAM_OWNERSHIP_AUDIT stream_id=6 state=SELL_PLACED buy_order_id=0 sell_order_id=391893649 chunk_id=1548835991056 chunk_qty=0.000180 buy_live=false sell_live=true chunk_live=true
[11:27:40.697] [INFO] [EXEC] STREAM_OWNERSHIP_AUDIT stream_id=7 state=WAIT_BUY buy_order_id=0 sell_order_id=0 chunk_id=0 chunk_qty=0.000000 buy_live=false sell_live=false chunk_live=false
[11:27:40.697] [INFO] [EXEC] STREAM_OWNERSHIP_AUDIT stream_id=8 state=WAIT_BUY buy_order_id=0 sell_order_id=0 chunk_id=0 chunk_qty=0.000000 buy_live=false sell_live=false chunk_live=false
[11:27:40.698] [INFO] [EXEC] STREAM_OWNERSHIP_AUDIT stream_id=9 state=WAIT_BUY buy_order_id=0 sell_order_id=0 chunk_id=0 chunk_qty=0.000000 buy_live=false sell_live=false chunk_live=false
[11:27:40.698] [INFO] [EXEC] STREAM_OWNERSHIP_AUDIT stream_id=10 state=WAIT_BUY buy_order_id=0 sell_order_id=0 chunk_id=0 chunk_qty=0.000000 buy_live=false sell_live=false chunk_live=false
[11:27:40.698] [INFO] [EXEC] STREAM_OWNERSHIP_AUDIT stream_id=11 state=WAIT_BUY buy_order_id=0 sell_order_id=0 chunk_id=0 chunk_qty=0.000000 buy_live=false sell_live=false chunk_live=false
[11:27:40.698] [INFO] [EXEC] STREAM_OWNERSHIP_AUDIT stream_id=12 state=WAIT_BUY buy_order_id=0 sell_order_id=0 chunk_id=0 chunk_qty=0.000000 buy_live=false sell_live=false chunk_live=false
[11:27:40.698] [INFO] [EXEC] STREAM_OWNERSHIP_AUDIT stream_id=13 state=WAIT_BUY buy_order_id=0 sell_order_id=0 chunk_id=0 chunk_qty=0.000000 buy_live=false sell_live=false chunk_live=false
[11:27:40.699] [INFO] [EXEC] STREAM_OWNERSHIP_AUDIT stream_id=14 state=WAIT_BUY buy_order_id=0 sell_order_id=0 chunk_id=0 chunk_qty=0.000000 buy_live=false sell_live=false chunk_live=false
[11:27:40.699] [INFO] [EXEC] STREAM_OWNERSHIP_AUDIT stream_id=15 state=WAIT_BUY buy_order_id=0 sell_order_id=0 chunk_id=0 chunk_qty=0.000000 buy_live=false sell_live=false chunk_live=false
[11:27:40.699] [INFO] [EXEC] STREAM_OWNERSHIP_AUDIT stream_id=16 state=WAIT_BUY buy_order_id=0 sell_order_id=0 chunk_id=0 chunk_qty=0.000000 buy_live=false sell_live=false chunk_live=false
[11:27:40.699] [INFO] [EXEC] STREAM_OWNERSHIP_AUDIT stream_id=17 state=WAIT_BUY buy_order_id=0 sell_order_id=0 chunk_id=0 chunk_qty=0.000000 buy_live=false sell_live=false chunk_live=false
[11:27:40.700] [INFO] [EXEC] STREAM_OWNERSHIP_AUDIT stream_id=18 state=WAIT_BUY buy_order_id=0 sell_order_id=0 chunk_id=0 chunk_qty=0.000000 buy_live=false sell_live=false chunk_live=false
[11:27:40.700] [INFO] [EXEC] STREAM_OWNERSHIP_AUDIT stream_id=19 state=WAIT_BUY buy_order_id=0 sell_order_id=0 chunk_id=0 chunk_qty=0.000000 buy_live=false sell_live=false chunk_live=false
[11:27:40.700] [INFO] [EXEC] STREAM_OWNERSHIP_AUDIT stream_id=20 state=WAIT_BUY buy_order_id=0 sell_order_id=0 chunk_id=0 chunk_qty=0.000000 buy_live=false sell_live=false chunk_live=false
[11:27:40.700] [ERROR] [EXEC] STREAM_STATE_MISMATCH reason=stream_inventory_qty_mismatch inventory_qty=0.000180 stream_chunks=0
[11:27:40.700] [INFO] [EXEC] STREAM_OWNERSHIP_SUMMARY streams_total=20 wait_buy=14 buy_placed=0 sell_active=6 exiting=0 recycle=0 chunks_total=1 stream_chunks=0 orphan_chunks=1 inventory_qty=0.000180 stream_inventory_qty=0.000000 orphan_inventory_qty=0.000180
[11:27:40.702] [INFO] [EXEC] STREAM_STATS_UI cycles=4 wins=4 losses=0 pnl=+0.000106 winrate=100.00%
[11:27:42.633] [INFO] [EXEC] STREAM_OWNERSHIP_AUDIT stream_id=1 state=SELL_PLACED buy_order_id=0 sell_order_id=391889520 chunk_id=1548835984624 chunk_qty=0.000000 buy_live=false sell_live=true chunk_live=false
[11:27:42.633] [INFO] GUI_PERF tick_ms=0 logs_visible=False gui_log_mode=OFF append_skipped=2586
[11:27:42.634] [INFO] [EXEC] STREAM_OWNERSHIP_AUDIT stream_id=2 state=SELL_PLACED buy_order_id=0 sell_order_id=391890668 chunk_id=1548835960304 chunk_qty=0.000000 buy_live=false sell_live=true chunk_live=false
[11:27:42.634] [INFO] [EXEC] STREAM_OWNERSHIP_AUDIT stream_id=3 state=SELL_PLACED buy_order_id=0 sell_order_id=391891734 chunk_id=1548854863264 chunk_qty=0.000000 buy_live=false sell_live=true chunk_live=false
[11:27:42.634] [INFO] [EXEC] STREAM_OWNERSHIP_AUDIT stream_id=4 state=SELL_PLACED buy_order_id=0 sell_order_id=391889322 chunk_id=1548854839872 chunk_qty=0.000000 buy_live=false sell_live=true chunk_live=false
[11:27:42.635] [INFO] [EXEC] STREAM_OWNERSHIP_AUDIT stream_id=5 state=SELL_PLACED buy_order_id=0 sell_order_id=391892245 chunk_id=1548854826896 chunk_qty=0.000000 buy_live=false sell_live=true chunk_live=false
[11:27:42.635] [INFO] [EXEC] STREAM_OWNERSHIP_AUDIT stream_id=6 state=SELL_PLACED buy_order_id=0 sell_order_id=391893649 chunk_id=1548835991056 chunk_qty=0.000180 buy_live=false sell_live=true chunk_live=true
[11:27:42.635] [INFO] [EXEC] STREAM_OWNERSHIP_AUDIT stream_id=7 state=WAIT_BUY buy_order_id=0 sell_order_id=0 chunk_id=0 chunk_qty=0.000000 buy_live=false sell_live=false chunk_live=false
[11:27:42.636] [INFO] [EXEC] STREAM_OWNERSHIP_AUDIT stream_id=8 state=WAIT_BUY buy_order_id=0 sell_order_id=0 chunk_id=0 chunk_qty=0.000000 buy_live=false sell_live=false chunk_live=false
[11:27:42.636] [INFO] [EXEC] STREAM_OWNERSHIP_AUDIT stream_id=9 state=WAIT_BUY buy_order_id=0 sell_order_id=0 chunk_id=0 chunk_qty=0.000000 buy_live=false sell_live=false chunk_live=false
[11:27:42.636] [INFO] [EXEC] STREAM_OWNERSHIP_AUDIT stream_id=10 state=WAIT_BUY buy_order_id=0 sell_order_id=0 chunk_id=0 chunk_qty=0.000000 buy_live=false sell_live=false chunk_live=false
[11:27:42.636] [INFO] [EXEC] STREAM_OWNERSHIP_AUDIT stream_id=11 state=WAIT_BUY buy_order_id=0 sell_order_id=0 chunk_id=0 chunk_qty=0.000000 buy_live=false sell_live=false chunk_live=false
[11:27:42.637] [INFO] [EXEC] STREAM_OWNERSHIP_AUDIT stream_id=12 state=WAIT_BUY buy_order_id=0 sell_order_id=0 chunk_id=0 chunk_qty=0.000000 buy_live=false sell_live=false chunk_live=false
[11:27:42.637] [INFO] [EXEC] STREAM_OWNERSHIP_AUDIT stream_id=13 state=WAIT_BUY buy_order_id=0 sell_order_id=0 chunk_id=0 chunk_qty=0.000000 buy_live=false sell_live=false chunk_live=false
[11:27:42.637] [INFO] [EXEC] STREAM_OWNERSHIP_AUDIT stream_id=14 state=WAIT_BUY buy_order_id=0 sell_order_id=0 chunk_id=0 chunk_qty=0.000000 buy_live=false sell_live=false chunk_live=false
[11:27:42.638] [INFO] [EXEC] STREAM_OWNERSHIP_AUDIT stream_id=15 state=WAIT_BUY buy_order_id=0 sell_order_id=0 chunk_id=0 chunk_qty=0.000000 buy_live=false sell_live=false chunk_live=false
[11:27:42.638] [INFO] [EXEC] STREAM_OWNERSHIP_AUDIT stream_id=16 state=WAIT_BUY buy_order_id=0 sell_order_id=0 chunk_id=0 chunk_qty=0.000000 buy_live=false sell_live=false chunk_live=false
[11:27:42.638] [INFO] [EXEC] STREAM_OWNERSHIP_AUDIT stream_id=17 state=WAIT_BUY buy_order_id=0 sell_order_id=0 chunk_id=0 chunk_qty=0.000000 buy_live=false sell_live=false chunk_live=false
[11:27:42.638] [INFO] [EXEC] STREAM_OWNERSHIP_AUDIT stream_id=18 state=WAIT_BUY buy_order_id=0 sell_order_id=0 chunk_id=0 chunk_qty=0.000000 buy_live=false sell_live=false chunk_live=false
[11:27:42.639] [INFO] [EXEC] STREAM_OWNERSHIP_AUDIT stream_id=19 state=WAIT_BUY buy_order_id=0 sell_order_id=0 chunk_id=0 chunk_qty=0.000000 buy_live=false sell_live=false chunk_live=false
[11:27:42.639] [INFO] [EXEC] STREAM_OWNERSHIP_AUDIT stream_id=20 state=WAIT_BUY buy_order_id=0 sell_order_id=0 chunk_id=0 chunk_qty=0.000000 buy_live=false sell_live=false chunk_live=false
[11:27:42.639] [ERROR] [EXEC] STREAM_STATE_MISMATCH reason=stream_inventory_qty_mismatch inventory_qty=0.000180 stream_chunks=0
[11:27:42.640] [INFO] [EXEC] STREAM_OWNERSHIP_SUMMARY streams_total=20 wait_buy=14 buy_placed=0 sell_active=6 exiting=0 recycle=0 chunks_total=1 stream_chunks=0 orphan_chunks=1 inventory_qty=0.000180 stream_inventory_qty=0.000000 orphan_inventory_qty=0.000180
[11:27:44.186] [INFO] [EXEC] STREAM_OWNERSHIP_AUDIT stream_id=1 state=SELL_PLACED buy_order_id=0 sell_order_id=391889520 chunk_id=1548835984624 chunk_qty=0.000000 buy_live=false sell_live=true chunk_live=false
[11:27:44.187] [INFO] GUI_PERF tick_ms=0 logs_visible=False gui_log_mode=OFF append_skipped=2608
[11:27:44.187] [INFO] [EXEC] STREAM_OWNERSHIP_AUDIT stream_id=2 state=SELL_PLACED buy_order_id=0 sell_order_id=391890668 chunk_id=1548835960304 chunk_qty=0.000000 buy_live=false sell_live=true chunk_live=false
[11:27:44.187] [INFO] [EXEC] STREAM_OWNERSHIP_AUDIT stream_id=3 state=SELL_PLACED buy_order_id=0 sell_order_id=391891734 chunk_id=1548854863264 chunk_qty=0.000000 buy_live=false sell_live=true chunk_live=false
[11:27:44.188] [INFO] [EXEC] STREAM_OWNERSHIP_AUDIT stream_id=4 state=SELL_PLACED buy_order_id=0 sell_order_id=391889322 chunk_id=1548854839872 chunk_qty=0.000000 buy_live=false sell_live=true chunk_live=false
[11:27:44.188] [INFO] [EXEC] STREAM_OWNERSHIP_AUDIT stream_id=5 state=SELL_PLACED buy_order_id=0 sell_order_id=391892245 chunk_id=1548854826896 chunk_qty=0.000000 buy_live=false sell_live=true chunk_live=false
[11:27:44.188] [INFO] [EXEC] STREAM_OWNERSHIP_AUDIT stream_id=6 state=SELL_PLACED buy_order_id=0 sell_order_id=391893649 chunk_id=1548835991056 chunk_qty=0.000180 buy_live=false sell_live=true chunk_live=true
[11:27:44.189] [INFO] [EXEC] STREAM_OWNERSHIP_AUDIT stream_id=7 state=WAIT_BUY buy_order_id=0 sell_order_id=0 chunk_id=0 chunk_qty=0.000000 buy_live=false sell_live=false chunk_live=false
[11:27:44.189] [INFO] [EXEC] STREAM_OWNERSHIP_AUDIT stream_id=8 state=WAIT_BUY buy_order_id=0 sell_order_id=0 chunk_id=0 chunk_qty=0.000000 buy_live=false sell_live=false chunk_live=false
[11:27:44.189] [INFO] [EXEC] STREAM_OWNERSHIP_AUDIT stream_id=9 state=WAIT_BUY buy_order_id=0 sell_order_id=0 chunk_id=0 chunk_qty=0.000000 buy_live=false sell_live=false chunk_live=false
[11:27:44.189] [INFO] [EXEC] STREAM_OWNERSHIP_AUDIT stream_id=10 state=WAIT_BUY buy_order_id=0 sell_order_id=0 chunk_id=0 chunk_qty=0.000000 buy_live=false sell_live=false chunk_live=false
[11:27:44.190] [INFO] [EXEC] STREAM_OWNERSHIP_AUDIT stream_id=11 state=WAIT_BUY buy_order_id=0 sell_order_id=0 chunk_id=0 chunk_qty=0.000000 buy_live=false sell_live=false chunk_live=false
[11:27:44.190] [INFO] [EXEC] STREAM_OWNERSHIP_AUDIT stream_id=12 state=WAIT_BUY buy_order_id=0 sell_order_id=0 chunk_id=0 chunk_qty=0.000000 buy_live=false sell_live=false chunk_live=false
[11:27:44.190] [INFO] [EXEC] STREAM_OWNERSHIP_AUDIT stream_id=13 state=WAIT_BUY buy_order_id=0 sell_order_id=0 chunk_id=0 chunk_qty=0.000000 buy_live=false sell_live=false chunk_live=false
[11:27:44.191] [INFO] [EXEC] STREAM_OWNERSHIP_AUDIT stream_id=14 state=WAIT_BUY buy_order_id=0 sell_order_id=0 chunk_id=0 chunk_qty=0.000000 buy_live=false sell_live=false chunk_live=false
[11:27:44.191] [INFO] [EXEC] STREAM_OWNERSHIP_AUDIT stream_id=15 state=WAIT_BUY buy_order_id=0 sell_order_id=0 chunk_id=0 chunk_qty=0.000000 buy_live=false sell_live=false chunk_live=false
[11:27:44.191] [INFO] [EXEC] STREAM_OWNERSHIP_AUDIT stream_id=16 state=WAIT_BUY buy_order_id=0 sell_order_id=0 chunk_id=0 chunk_qty=0.000000 buy_live=false sell_live=false chunk_live=false
[11:27:44.191] [INFO] [EXEC] STREAM_OWNERSHIP_AUDIT stream_id=17 state=WAIT_BUY buy_order_id=0 sell_order_id=0 chunk_id=0 chunk_qty=0.000000 buy_live=false sell_live=false chunk_live=false
[11:27:44.192] [INFO] [EXEC] STREAM_OWNERSHIP_AUDIT stream_id=18 state=WAIT_BUY buy_order_id=0 sell_order_id=0 chunk_id=0 chunk_qty=0.000000 buy_live=false sell_live=false chunk_live=false
[11:27:44.192] [INFO] [EXEC] STREAM_OWNERSHIP_AUDIT stream_id=19 state=WAIT_BUY buy_order_id=0 sell_order_id=0 chunk_id=0 chunk_qty=0.000000 buy_live=false sell_live=false chunk_live=false
[11:27:44.192] [INFO] [EXEC] STREAM_OWNERSHIP_AUDIT stream_id=20 state=WAIT_BUY buy_order_id=0 sell_order_id=0 chunk_id=0 chunk_qty=0.000000 buy_live=false sell_live=false chunk_live=false
[11:27:44.193] [ERROR] [EXEC] STREAM_STATE_MISMATCH reason=stream_inventory_qty_mismatch inventory_qty=0.000180 stream_chunks=0
[11:27:44.193] [INFO] [EXEC] STREAM_OWNERSHIP_SUMMARY streams_total=20 wait_buy=14 buy_placed=0 sell_active=6 exiting=0 recycle=0 chunks_total=1 stream_chunks=0 orphan_chunks=1 inventory_qty=0.000180 stream_inventory_qty=0.000000 orphan_inventory_qty=0.000180
[11:27:45.962] [INFO] [EXEC] STREAM_OWNERSHIP_AUDIT stream_id=1 state=SELL_PLACED buy_order_id=0 sell_order_id=391889520 chunk_id=1548835984624 chunk_qty=0.000000 buy_live=false sell_live=true chunk_live=false
[11:27:45.963] [INFO] GUI_PERF tick_ms=0 logs_visible=False gui_log_mode=OFF append_skipped=2630
[11:27:45.964] [INFO] [EXEC] STREAM_OWNERSHIP_AUDIT stream_id=2 state=SELL_PLACED buy_order_id=0 sell_order_id=391890668 chunk_id=1548835960304 chunk_qty=0.000000 buy_live=false sell_live=true chunk_live=false
[11:27:45.965] [INFO] [EXEC] STREAM_OWNERSHIP_AUDIT stream_id=3 state=SELL_PLACED buy_order_id=0 sell_order_id=391891734 chunk_id=1548854863264 chunk_qty=0.000000 buy_live=false sell_live=true chunk_live=false
[11:27:45.965] [INFO] [EXEC] STREAM_OWNERSHIP_AUDIT stream_id=4 state=SELL_PLACED buy_order_id=0 sell_order_id=391889322 chunk_id=1548854839872 chunk_qty=0.000000 buy_live=false sell_live=true chunk_live=false
[11:27:45.966] [INFO] [EXEC] STREAM_OWNERSHIP_AUDIT stream_id=5 state=SELL_PLACED buy_order_id=0 sell_order_id=391892245 chunk_id=1548854826896 chunk_qty=0.000000 buy_live=false sell_live=true chunk_live=false
[11:27:45.966] [INFO] [EXEC] STREAM_OWNERSHIP_AUDIT stream_id=6 state=SELL_PLACED buy_order_id=0 sell_order_id=391893649 chunk_id=1548835991056 chunk_qty=0.000180 buy_live=false sell_live=true chunk_live=true
[11:27:45.967] [INFO] [EXEC] STREAM_OWNERSHIP_AUDIT stream_id=7 state=WAIT_BUY buy_order_id=0 sell_order_id=0 chunk_id=0 chunk_qty=0.000000 buy_live=false sell_live=false chunk_live=false
[11:27:45.968] [INFO] [EXEC] STREAM_OWNERSHIP_AUDIT stream_id=8 state=WAIT_BUY buy_order_id=0 sell_order_id=0 chunk_id=0 chunk_qty=0.000000 buy_live=false sell_live=false chunk_live=false
[11:27:45.968] [INFO] [EXEC] STREAM_OWNERSHIP_AUDIT stream_id=9 state=WAIT_BUY buy_order_id=0 sell_order_id=0 chunk_id=0 chunk_qty=0.000000 buy_live=false sell_live=false chunk_live=false
[11:27:45.969] [INFO] [EXEC] STREAM_OWNERSHIP_AUDIT stream_id=10 state=WAIT_BUY buy_order_id=0 sell_order_id=0 chunk_id=0 chunk_qty=0.000000 buy_live=false sell_live=false chunk_live=false
[11:27:45.969] [INFO] [EXEC] STREAM_OWNERSHIP_AUDIT stream_id=11 state=WAIT_BUY buy_order_id=0 sell_order_id=0 chunk_id=0 chunk_qty=0.000000 buy_live=false sell_live=false chunk_live=false
[11:27:45.970] [INFO] [EXEC] STREAM_OWNERSHIP_AUDIT stream_id=12 state=WAIT_BUY buy_order_id=0 sell_order_id=0 chunk_id=0 chunk_qty=0.000000 buy_live=false sell_live=false chunk_live=false
[11:27:45.970] [INFO] [EXEC] STREAM_OWNERSHIP_AUDIT stream_id=13 state=WAIT_BUY buy_order_id=0 sell_order_id=0 chunk_id=0 chunk_qty=0.000000 buy_live=false sell_live=false chunk_live=false
[11:27:45.970] [INFO] [EXEC] STREAM_OWNERSHIP_AUDIT stream_id=14 state=WAIT_BUY buy_order_id=0 sell_order_id=0 chunk_id=0 chunk_qty=0.000000 buy_live=false sell_live=false chunk_live=false
[11:27:45.971] [INFO] [EXEC] STREAM_OWNERSHIP_AUDIT stream_id=15 state=WAIT_BUY buy_order_id=0 sell_order_id=0 chunk_id=0 chunk_qty=0.000000 buy_live=false sell_live=false chunk_live=false
[11:27:45.971] [INFO] [EXEC] STREAM_OWNERSHIP_AUDIT stream_id=16 state=WAIT_BUY buy_order_id=0 sell_order_id=0 chunk_id=0 chunk_qty=0.000000 buy_live=false sell_live=false chunk_live=false
[11:27:45.971] [INFO] [EXEC] STREAM_OWNERSHIP_AUDIT stream_id=17 state=WAIT_BUY buy_order_id=0 sell_order_id=0 chunk_id=0 chunk_qty=0.000000 buy_live=false sell_live=false chunk_live=false
[11:27:45.972] [INFO] [EXEC] STREAM_OWNERSHIP_AUDIT stream_id=18 state=WAIT_BUY buy_order_id=0 sell_order_id=0 chunk_id=0 chunk_qty=0.000000 buy_live=false sell_live=false chunk_live=false
[11:27:45.972] [INFO] [EXEC] STREAM_OWNERSHIP_AUDIT stream_id=19 state=WAIT_BUY buy_order_id=0 sell_order_id=0 chunk_id=0 chunk_qty=0.000000 buy_live=false sell_live=false chunk_live=false
[11:27:45.972] [INFO] [EXEC] STREAM_OWNERSHIP_AUDIT stream_id=20 state=WAIT_BUY buy_order_id=0 sell_order_id=0 chunk_id=0 chunk_qty=0.000000 buy_live=false sell_live=false chunk_live=false
[11:27:45.973] [ERROR] [EXEC] STREAM_STATE_MISMATCH reason=stream_inventory_qty_mismatch inventory_qty=0.000180 stream_chunks=0
[11:27:45.973] [INFO] [EXEC] STREAM_OWNERSHIP_SUMMARY streams_total=20 wait_buy=14 buy_placed=0 sell_active=6 exiting=0 recycle=0 chunks_total=1 stream_chunks=0 orphan_chunks=1 inventory_qty=0.000180 stream_inventory_qty=0.000000 orphan_inventory_qty=0.000180
[11:27:45.975] [INFO] [EXEC] STREAM_STATS_UI cycles=4 wins=4 losses=0 pnl=+0.000106 winrate=100.00%
[11:27:47.675] [INFO] [EXEC] STREAM_OWNERSHIP_AUDIT stream_id=1 state=SELL_PLACED buy_order_id=0 sell_order_id=391889520 chunk_id=1548835984624 chunk_qty=0.000000 buy_live=false sell_live=true chunk_live=false
[11:27:47.676] [INFO] GUI_PERF tick_ms=0 logs_visible=False gui_log_mode=OFF append_skipped=2653
[11:27:47.677] [INFO] [EXEC] STREAM_OWNERSHIP_AUDIT stream_id=2 state=SELL_PLACED buy_order_id=0 sell_order_id=391890668 chunk_id=1548835960304 chunk_qty=0.000000 buy_live=false sell_live=true chunk_live=false
[11:27:47.678] [INFO] [EXEC] STREAM_OWNERSHIP_AUDIT stream_id=3 state=SELL_PLACED buy_order_id=0 sell_order_id=391891734 chunk_id=1548854863264 chunk_qty=0.000000 buy_live=false sell_live=true chunk_live=false
[11:27:47.678] [INFO] [EXEC] STREAM_OWNERSHIP_AUDIT stream_id=4 state=SELL_PLACED buy_order_id=0 sell_order_id=391889322 chunk_id=1548854839872 chunk_qty=0.000000 buy_live=false sell_live=true chunk_live=false
[11:27:47.679] [INFO] [EXEC] STREAM_OWNERSHIP_AUDIT stream_id=5 state=SELL_PLACED buy_order_id=0 sell_order_id=391892245 chunk_id=1548854826896 chunk_qty=0.000000 buy_live=false sell_live=true chunk_live=false
[11:27:47.679] [INFO] [EXEC] STREAM_OWNERSHIP_AUDIT stream_id=6 state=SELL_PLACED buy_order_id=0 sell_order_id=391893649 chunk_id=1548835991056 chunk_qty=0.000180 buy_live=false sell_live=true chunk_live=true
[11:27:47.679] [INFO] [EXEC] STREAM_OWNERSHIP_AUDIT stream_id=7 state=WAIT_BUY buy_order_id=0 sell_order_id=0 chunk_id=0 chunk_qty=0.000000 buy_live=false sell_live=false chunk_live=false
[11:27:47.679] [INFO] [EXEC] STREAM_OWNERSHIP_AUDIT stream_id=8 state=WAIT_BUY buy_order_id=0 sell_order_id=0 chunk_id=0 chunk_qty=0.000000 buy_live=false sell_live=false chunk_live=false
[11:27:47.680] [INFO] [EXEC] STREAM_OWNERSHIP_AUDIT stream_id=9 state=WAIT_BUY buy_order_id=0 sell_order_id=0 chunk_id=0 chunk_qty=0.000000 buy_live=false sell_live=false chunk_live=false
[11:27:47.680] [INFO] [EXEC] STREAM_OWNERSHIP_AUDIT stream_id=10 state=WAIT_BUY buy_order_id=0 sell_order_id=0 chunk_id=0 chunk_qty=0.000000 buy_live=false sell_live=false chunk_live=false
[11:27:47.680] [INFO] [EXEC] STREAM_OWNERSHIP_AUDIT stream_id=11 state=WAIT_BUY buy_order_id=0 sell_order_id=0 chunk_id=0 chunk_qty=0.000000 buy_live=false sell_live=false chunk_live=false
[11:27:47.680] [INFO] [EXEC] STREAM_OWNERSHIP_AUDIT stream_id=12 state=WAIT_BUY buy_order_id=0 sell_order_id=0 chunk_id=0 chunk_qty=0.000000 buy_live=false sell_live=false chunk_live=false
[11:27:47.681] [INFO] [EXEC] STREAM_OWNERSHIP_AUDIT stream_id=13 state=WAIT_BUY buy_order_id=0 sell_order_id=0 chunk_id=0 chunk_qty=0.000000 buy_live=false sell_live=false chunk_live=false
[11:27:47.681] [INFO] [EXEC] STREAM_OWNERSHIP_AUDIT stream_id=14 state=WAIT_BUY buy_order_id=0 sell_order_id=0 chunk_id=0 chunk_qty=0.000000 buy_live=false sell_live=false chunk_live=false
[11:27:47.681] [INFO] [EXEC] STREAM_OWNERSHIP_AUDIT stream_id=15 state=WAIT_BUY buy_order_id=0 sell_order_id=0 chunk_id=0 chunk_qty=0.000000 buy_live=false sell_live=false chunk_live=false
[11:27:47.681] [INFO] [EXEC] STREAM_OWNERSHIP_AUDIT stream_id=16 state=WAIT_BUY buy_order_id=0 sell_order_id=0 chunk_id=0 chunk_qty=0.000000 buy_live=false sell_live=false chunk_live=false
[11:27:47.682] [INFO] [EXEC] STREAM_OWNERSHIP_AUDIT stream_id=17 state=WAIT_BUY buy_order_id=0 sell_order_id=0 chunk_id=0 chunk_qty=0.000000 buy_live=false sell_live=false chunk_live=false
[11:27:47.682] [INFO] [EXEC] STREAM_OWNERSHIP_AUDIT stream_id=18 state=WAIT_BUY buy_order_id=0 sell_order_id=0 chunk_id=0 chunk_qty=0.000000 buy_live=false sell_live=false chunk_live=false
[11:27:47.682] [INFO] [EXEC] STREAM_OWNERSHIP_AUDIT stream_id=19 state=WAIT_BUY buy_order_id=0 sell_order_id=0 chunk_id=0 chunk_qty=0.000000 buy_live=false sell_live=false chunk_live=false
[11:27:47.682] [INFO] [EXEC] STREAM_OWNERSHIP_AUDIT stream_id=20 state=WAIT_BUY buy_order_id=0 sell_order_id=0 chunk_id=0 chunk_qty=0.000000 buy_live=false sell_live=false chunk_live=false
[11:27:47.682] [ERROR] [EXEC] STREAM_STATE_MISMATCH reason=stream_inventory_qty_mismatch inventory_qty=0.000180 stream_chunks=0
[11:27:47.683] [INFO] [EXEC] STREAM_OWNERSHIP_SUMMARY streams_total=20 wait_buy=14 buy_placed=0 sell_active=6 exiting=0 recycle=0 chunks_total=1 stream_chunks=0 orphan_chunks=1 inventory_qty=0.000180 stream_inventory_qty=0.000000 orphan_inventory_qty=0.000180
[11:27:49.188] [INFO] [EXEC] STREAM_OWNERSHIP_AUDIT stream_id=1 state=SELL_PLACED buy_order_id=0 sell_order_id=391889520 chunk_id=1548835984624 chunk_qty=0.000000 buy_live=false sell_live=true chunk_live=false
[11:27:49.189] [INFO] GUI_PERF tick_ms=0 logs_visible=False gui_log_mode=OFF append_skipped=2675
[11:27:49.190] [INFO] [EXEC] STREAM_OWNERSHIP_AUDIT stream_id=2 state=SELL_PLACED buy_order_id=0 sell_order_id=391890668 chunk_id=1548835960304 chunk_qty=0.000000 buy_live=false sell_live=true chunk_live=false
[11:27:49.191] [INFO] [EXEC] STREAM_OWNERSHIP_AUDIT stream_id=3 state=SELL_PLACED buy_order_id=0 sell_order_id=391891734 chunk_id=1548854863264 chunk_qty=0.000000 buy_live=false sell_live=true chunk_live=false
[11:27:49.192] [INFO] [EXEC] STREAM_OWNERSHIP_AUDIT stream_id=4 state=SELL_PLACED buy_order_id=0 sell_order_id=391889322 chunk_id=1548854839872 chunk_qty=0.000000 buy_live=false sell_live=true chunk_live=false
[11:27:49.192] [INFO] [EXEC] STREAM_OWNERSHIP_AUDIT stream_id=5 state=SELL_PLACED buy_order_id=0 sell_order_id=391892245 chunk_id=1548854826896 chunk_qty=0.000000 buy_live=false sell_live=true chunk_live=false
[11:27:49.193] [INFO] [EXEC] STREAM_OWNERSHIP_AUDIT stream_id=6 state=SELL_PLACED buy_order_id=0 sell_order_id=391893649 chunk_id=1548835991056 chunk_qty=0.000180 buy_live=false sell_live=true chunk_live=true
[11:27:49.194] [INFO] [EXEC] STREAM_OWNERSHIP_AUDIT stream_id=7 state=WAIT_BUY buy_order_id=0 sell_order_id=0 chunk_id=0 chunk_qty=0.000000 buy_live=false sell_live=false chunk_live=false
[11:27:49.194] [INFO] [EXEC] STREAM_OWNERSHIP_AUDIT stream_id=8 state=WAIT_BUY buy_order_id=0 sell_order_id=0 chunk_id=0 chunk_qty=0.000000 buy_live=false sell_live=false chunk_live=false
[11:27:49.195] [INFO] [EXEC] STREAM_OWNERSHIP_AUDIT stream_id=9 state=WAIT_BUY buy_order_id=0 sell_order_id=0 chunk_id=0 chunk_qty=0.000000 buy_live=false sell_live=false chunk_live=false
[11:27:49.195] [INFO] [EXEC] STREAM_OWNERSHIP_AUDIT stream_id=10 state=WAIT_BUY buy_order_id=0 sell_order_id=0 chunk_id=0 chunk_qty=0.000000 buy_live=false sell_live=false chunk_live=false
[11:27:49.195] [INFO] [EXEC] STREAM_OWNERSHIP_AUDIT stream_id=11 state=WAIT_BUY buy_order_id=0 sell_order_id=0 chunk_id=0 chunk_qty=0.000000 buy_live=false sell_live=false chunk_live=false
[11:27:49.196] [INFO] [EXEC] STREAM_OWNERSHIP_AUDIT stream_id=12 state=WAIT_BUY buy_order_id=0 sell_order_id=0 chunk_id=0 chunk_qty=0.000000 buy_live=false sell_live=false chunk_live=false
[11:27:49.197] [INFO] [EXEC] STREAM_OWNERSHIP_AUDIT stream_id=13 state=WAIT_BUY buy_order_id=0 sell_order_id=0 chunk_id=0 chunk_qty=0.000000 buy_live=false sell_live=false chunk_live=false
[11:27:49.197] [INFO] [EXEC] STREAM_OWNERSHIP_AUDIT stream_id=14 state=WAIT_BUY buy_order_id=0 sell_order_id=0 chunk_id=0 chunk_qty=0.000000 buy_live=false sell_live=false chunk_live=false
[11:27:49.198] [INFO] [EXEC] STREAM_OWNERSHIP_AUDIT stream_id=15 state=WAIT_BUY buy_order_id=0 sell_order_id=0 chunk_id=0 chunk_qty=0.000000 buy_live=false sell_live=false chunk_live=false
[11:27:49.199] [INFO] [EXEC] STREAM_OWNERSHIP_AUDIT stream_id=16 state=WAIT_BUY buy_order_id=0 sell_order_id=0 chunk_id=0 chunk_qty=0.000000 buy_live=false sell_live=false chunk_live=false
[11:27:49.199] [INFO] [EXEC] STREAM_OWNERSHIP_AUDIT stream_id=17 state=WAIT_BUY buy_order_id=0 sell_order_id=0 chunk_id=0 chunk_qty=0.000000 buy_live=false sell_live=false chunk_live=false
[11:27:49.200] [INFO] [EXEC] STREAM_OWNERSHIP_AUDIT stream_id=18 state=WAIT_BUY buy_order_id=0 sell_order_id=0 chunk_id=0 chunk_qty=0.000000 buy_live=false sell_live=false chunk_live=false
[11:27:49.200] [INFO] [EXEC] STREAM_OWNERSHIP_AUDIT stream_id=19 state=WAIT_BUY buy_order_id=0 sell_order_id=0 chunk_id=0 chunk_qty=0.000000 buy_live=false sell_live=false chunk_live=false
[11:27:49.201] [INFO] [EXEC] STREAM_OWNERSHIP_AUDIT stream_id=20 state=WAIT_BUY buy_order_id=0 sell_order_id=0 chunk_id=0 chunk_qty=0.000000 buy_live=false sell_live=false chunk_live=false
[11:27:49.202] [ERROR] [EXEC] STREAM_STATE_MISMATCH reason=stream_inventory_qty_mismatch inventory_qty=0.000180 stream_chunks=0
[11:27:49.202] [INFO] [EXEC] STREAM_OWNERSHIP_SUMMARY streams_total=20 wait_buy=14 buy_placed=0 sell_active=6 exiting=0 recycle=0 chunks_total=1 stream_chunks=0 orphan_chunks=1 inventory_qty=0.000180 stream_inventory_qty=0.000000 orphan_inventory_qty=0.000180
[11:27:51.231] [INFO] [EXEC] STREAM_OWNERSHIP_AUDIT stream_id=1 state=SELL_PLACED buy_order_id=0 sell_order_id=391889520 chunk_id=1548835984624 chunk_qty=0.000000 buy_live=false sell_live=true chunk_live=false
[11:27:51.232] [INFO] GUI_PERF tick_ms=0 logs_visible=False gui_log_mode=OFF append_skipped=2697
[11:27:51.233] [INFO] [EXEC] STREAM_OWNERSHIP_AUDIT stream_id=2 state=SELL_PLACED buy_order_id=0 sell_order_id=391890668 chunk_id=1548835960304 chunk_qty=0.000000 buy_live=false sell_live=true chunk_live=false
[11:27:51.234] [INFO] [EXEC] STREAM_OWNERSHIP_AUDIT stream_id=3 state=SELL_PLACED buy_order_id=0 sell_order_id=391891734 chunk_id=1548854863264 chunk_qty=0.000000 buy_live=false sell_live=true chunk_live=false
[11:27:51.235] [INFO] [EXEC] STREAM_OWNERSHIP_AUDIT stream_id=4 state=SELL_PLACED buy_order_id=0 sell_order_id=391889322 chunk_id=1548854839872 chunk_qty=0.000000 buy_live=false sell_live=true chunk_live=false
[11:27:51.235] [INFO] [EXEC] STREAM_OWNERSHIP_AUDIT stream_id=5 state=SELL_PLACED buy_order_id=0 sell_order_id=391892245 chunk_id=1548854826896 chunk_qty=0.000000 buy_live=false sell_live=true chunk_live=false
[11:27:51.236] [INFO] [EXEC] STREAM_OWNERSHIP_AUDIT stream_id=6 state=SELL_PLACED buy_order_id=0 sell_order_id=391893649 chunk_id=1548835991056 chunk_qty=0.000180 buy_live=false sell_live=true chunk_live=true
[11:27:51.236] [INFO] [EXEC] STREAM_OWNERSHIP_AUDIT stream_id=7 state=WAIT_BUY buy_order_id=0 sell_order_id=0 chunk_id=0 chunk_qty=0.000000 buy_live=false sell_live=false chunk_live=false
[11:27:51.237] [INFO] [EXEC] STREAM_OWNERSHIP_AUDIT stream_id=8 state=WAIT_BUY buy_order_id=0 sell_order_id=0 chunk_id=0 chunk_qty=0.000000 buy_live=false sell_live=false chunk_live=false
[11:27:51.237] [INFO] [EXEC] STREAM_OWNERSHIP_AUDIT stream_id=9 state=WAIT_BUY buy_order_id=0 sell_order_id=0 chunk_id=0 chunk_qty=0.000000 buy_live=false sell_live=false chunk_live=false
[11:27:51.238] [INFO] [EXEC] STREAM_OWNERSHIP_AUDIT stream_id=10 state=WAIT_BUY buy_order_id=0 sell_order_id=0 chunk_id=0 chunk_qty=0.000000 buy_live=false sell_live=false chunk_live=false
[11:27:51.238] [INFO] [EXEC] STREAM_OWNERSHIP_AUDIT stream_id=11 state=WAIT_BUY buy_order_id=0 sell_order_id=0 chunk_id=0 chunk_qty=0.000000 buy_live=false sell_live=false chunk_live=false
[11:27:51.239] [INFO] [EXEC] STREAM_OWNERSHIP_AUDIT stream_id=12 state=WAIT_BUY buy_order_id=0 sell_order_id=0 chunk_id=0 chunk_qty=0.000000 buy_live=false sell_live=false chunk_live=false
[11:27:51.239] [INFO] [EXEC] STREAM_OWNERSHIP_AUDIT stream_id=13 state=WAIT_BUY buy_order_id=0 sell_order_id=0 chunk_id=0 chunk_qty=0.000000 buy_live=false sell_live=false chunk_live=false
[11:27:51.240] [INFO] [EXEC] STREAM_OWNERSHIP_AUDIT stream_id=14 state=WAIT_BUY buy_order_id=0 sell_order_id=0 chunk_id=0 chunk_qty=0.000000 buy_live=false sell_live=false chunk_live=false
[11:27:51.240] [INFO] [EXEC] STREAM_OWNERSHIP_AUDIT stream_id=15 state=WAIT_BUY buy_order_id=0 sell_order_id=0 chunk_id=0 chunk_qty=0.000000 buy_live=false sell_live=false chunk_live=false
[11:27:51.240] [INFO] [EXEC] STREAM_OWNERSHIP_AUDIT stream_id=16 state=WAIT_BUY buy_order_id=0 sell_order_id=0 chunk_id=0 chunk_qty=0.000000 buy_live=false sell_live=false chunk_live=false
[11:27:51.241] [INFO] [EXEC] STREAM_OWNERSHIP_AUDIT stream_id=17 state=WAIT_BUY buy_order_id=0 sell_order_id=0 chunk_id=0 chunk_qty=0.000000 buy_live=false sell_live=false chunk_live=false
[11:27:51.241] [INFO] [EXEC] STREAM_OWNERSHIP_AUDIT stream_id=18 state=WAIT_BUY buy_order_id=0 sell_order_id=0 chunk_id=0 chunk_qty=0.000000 buy_live=false sell_live=false chunk_live=false
[11:27:51.241] [INFO] [EXEC] STREAM_OWNERSHIP_AUDIT stream_id=19 state=WAIT_BUY buy_order_id=0 sell_order_id=0 chunk_id=0 chunk_qty=0.000000 buy_live=false sell_live=false chunk_live=false
[11:27:51.242] [INFO] [EXEC] STREAM_OWNERSHIP_AUDIT stream_id=20 state=WAIT_BUY buy_order_id=0 sell_order_id=0 chunk_id=0 chunk_qty=0.000000 buy_live=false sell_live=false chunk_live=false
[11:27:51.242] [ERROR] [EXEC] STREAM_STATE_MISMATCH reason=stream_inventory_qty_mismatch inventory_qty=0.000180 stream_chunks=0
[11:27:51.242] [INFO] [EXEC] STREAM_OWNERSHIP_SUMMARY streams_total=20 wait_buy=14 buy_placed=0 sell_active=6 exiting=0 recycle=0 chunks_total=1 stream_chunks=0 orphan_chunks=1 inventory_qty=0.000180 stream_inventory_qty=0.000000 orphan_inventory_qty=0.000180
[11:27:51.245] [INFO] [EXEC] STREAM_STATS_UI cycles=4 wins=4 losses=0 pnl=+0.000106 winrate=100.00%
