[10:45:50.178] [OK] filters loaded
[10:45:50.178] [INFO] GUI_PERF tick_ms=0 logs_visible=True gui_log_mode=OFF append_skipped=0
[10:45:50.573] [INFO] [EXEC] STREAM_STATS_UI cycles=0 wins=0 losses=0 pnl=+0.000000 winrate=0.00%
[10:45:54.824] [INFO] START_CLICK received enabled=True api_ready=True running=False
[10:45:54.824] [INFO] GUI_PERF tick_ms=0 logs_visible=True gui_log_mode=OFF append_skipped=0
[10:45:54.824] [INFO] START_SETTINGS live_enabled=True guard_mode=FAST entry_mode=AGGRESSIVE exit_engine=True order_size=223.0
[10:45:54.824] [INFO] START_PROFILE_STREAM order_size=223.0 min_spread_ticks=8 guard_mode=FAST entry_mode=AGGRESSIVE stream_sell_timeout_ms=2800 stream_target_ticks=28
[10:45:54.824] [INFO] SETTINGS_MERGE_PRESERVE existing_values=true missing_added=0
[10:45:55.292] [EXCHANGE] symbol=BTCU base=BTC quote=U status=TRADING permissions=[]
[10:45:55.292] [OK] START
[10:45:55.292] [OK] START_OK runtime_started
[10:45:55.292] [INFO] [EXEC] STREAM_CONVEYOR_ACTIVE count=8
[10:45:55.292] [INFO] [EXEC] STREAM_MULTI_MODE count=8
[10:45:55.292] [INFO] [EXEC] STREAM_CONVEYOR_ACTIVE count=8 range_ticks=180 step_ticks=22
[10:45:55.292] [INFO] [EXEC] GRID_BUDGET_SOURCE source=max_exposure_u budget=5000.00
[10:45:55.307] [INFO] [EXEC] STREAM_CREATE stream_id=1 buy_price=80810.63000000 budget=625.00 qty=0.00773000
[10:45:55.307] [INFO] [EXEC] STREAM_CREATE stream_id=2 buy_price=80810.41000000 budget=625.00 qty=0.00773000
[10:45:55.307] [INFO] [EXEC] STREAM_CREATE stream_id=3 buy_price=80810.19000000 budget=625.00 qty=0.00773000
[10:45:55.307] [INFO] [EXEC] STREAM_CREATE stream_id=4 buy_price=80809.97000000 budget=625.00 qty=0.00773000
[10:45:55.307] [INFO] [EXEC] STREAM_CREATE stream_id=5 buy_price=80809.75000000 budget=625.00 qty=0.00773000
[10:45:55.307] [INFO] [EXEC] STREAM_CREATE stream_id=6 buy_price=80809.53000000 budget=625.00 qty=0.00773000
[10:45:55.307] [INFO] [EXEC] STREAM_CREATE stream_id=7 buy_price=80809.31000000 budget=625.00 qty=0.00773000
[10:45:55.307] [INFO] [EXEC] STREAM_CREATE stream_id=8 buy_price=80809.09000000 budget=625.00 qty=0.00773000
[10:45:55.307] [INFO] [EXEC] STREAM_CREATE_DONE count=8 budget=5000.00 step_ticks=22
[10:45:55.584] [INFO] [EXEC] STREAM_STATS_UI cycles=0 wins=0 losses=0 pnl=+0.000000 winrate=0.00%
[10:45:55.854] [INFO] [EXEC] LIVE ON
[10:45:55.854] [INFO] GUI_PERF tick_ms=0 logs_visible=True gui_log_mode=OFF append_skipped=0
[10:45:55.854] [INFO] [EXEC] WAIT READY
[10:45:55.854] [INFO] [HEALTH] state=DANGER
[10:45:55.854] [INFO] [EXEC] STREAM_MODE_ACTIVE_SKIP_SINGLE_ENTRY
[10:45:56.380] [INFO] [EXEC] STREAM_BUY_PLACED level_id=1 order_id=388365345
[10:45:56.381] [OK] [EXEC] PLACE BUY price=80810.63 qty=0.007730
[10:45:56.839] [WS] primary url=wss://stream.binance.com:9443/ws/btcu@bookTicker
[10:45:56.839] [WS] connecting primary
[10:45:56.854] [WS] connected
[10:45:56.854] [INFO] GUI_PERF tick_ms=0 logs_visible=True gui_log_mode=OFF append_skipped=0
[10:45:57.860] [INFO] [EXEC] STREAM_RECYCLED level_id=1
[10:45:57.862] [INFO] GUI_PERF tick_ms=0 logs_visible=True gui_log_mode=OFF append_skipped=0
[10:45:57.863] [INFO] [EXEC] STREAM_BUY_RECENTER old_price=80810.63 new_price=80814.42 distance_ticks=380
[10:45:58.121] [INFO] [EXEC] STREAM_BUY_PLACED level_id=1 order_id=388365410
[10:45:58.125] [OK] [EXEC] PLACE BUY price=80814.42 qty=0.007730
[10:45:59.121] [INFO] [EXEC] STREAM_BUY_PLACED level_id=2 order_id=388365437
[10:45:59.121] [INFO] GUI_PERF tick_ms=0 logs_visible=True gui_log_mode=OFF append_skipped=0
[10:45:59.121] [OK] [EXEC] PLACE BUY price=80810.41 qty=0.007730
[10:46:00.389] [INFO] [EXEC] STREAM_RECYCLED level_id=2
[10:46:00.389] [INFO] GUI_PERF tick_ms=0 logs_visible=True gui_log_mode=OFF append_skipped=0
[10:46:00.389] [INFO] [EXEC] STREAM_BUY_RECENTER old_price=80810.41 new_price=80814.41 distance_ticks=401
[10:46:00.660] [INFO] [EXEC] STREAM_BUY_PLACED level_id=2 order_id=388365524
[10:46:00.660] [OK] [EXEC] PLACE BUY price=80814.41 qty=0.007730
[10:46:00.660] [INFO] [EXEC] STREAM_STATS_UI cycles=0 wins=0 losses=0 pnl=+0.000000 winrate=0.00%
[10:46:01.636] [WARNING] [HEALTH] block spread_too_young lifetime=0
[10:46:01.636] [INFO] GUI_PERF tick_ms=0 logs_visible=True gui_log_mode=OFF append_skipped=0
[10:46:01.638] [WARNING] [HEALTH] unstable_spread lifetime=0
[10:46:01.638] [INFO] [EXEC] STREAM_MODE_ACTIVE_SKIP_SINGLE_ENTRY
[10:46:01.886] [INFO] [EXEC] STREAM_BUY_PLACED level_id=3 order_id=388365617
[10:46:01.886] [OK] [EXEC] PLACE BUY price=80810.19 qty=0.007730
[10:46:02.161] [INFO] GUI_LOGS OFF
[10:46:03.688] [INFO] [EXEC] STREAM_RECYCLED level_id=3
[10:46:03.688] [INFO] GUI_PERF tick_ms=0 logs_visible=False gui_log_mode=OFF append_skipped=0
[10:46:03.689] [INFO] [EXEC] STREAM_BUY_RECENTER old_price=80810.19 new_price=80814.92 distance_ticks=474
[10:46:03.948] [INFO] [EXEC] STREAM_BUY_PLACED level_id=3 order_id=388365736
[10:46:03.948] [OK] [EXEC] PLACE BUY price=80814.92 qty=0.007730
[10:46:04.903] [INFO] [EXEC] STREAM_RECYCLED level_id=1
[10:46:04.903] [INFO] GUI_PERF tick_ms=0 logs_visible=False gui_log_mode=OFF append_skipped=4
[10:46:04.903] [INFO] [EXEC] STREAM_BUY_RECENTER old_price=80814.42 new_price=80820.19 distance_ticks=578
[10:46:05.683] [INFO] [EXEC] STREAM_BUY_PLACED level_id=1 order_id=388365772
[10:46:05.683] [OK] [EXEC] PLACE BUY price=80820.19 qty=0.007730
[10:46:05.683] [INFO] [EXEC] STREAM_STATS_UI cycles=0 wins=0 losses=0 pnl=+0.000000 winrate=0.00%
[10:46:06.910] [INFO] [EXEC] STREAM_RECYCLED level_id=2
[10:46:06.911] [INFO] GUI_PERF tick_ms=0 logs_visible=False gui_log_mode=OFF append_skipped=9
[10:46:06.912] [INFO] [EXEC] STREAM_BUY_RECENTER old_price=80814.41 new_price=80820.20 distance_ticks=580
[10:46:07.159] [WARNING] [HEALTH] block spread_too_young lifetime=0
[10:46:07.159] [WARNING] [HEALTH] unstable_spread lifetime=0
[10:46:07.159] [INFO] [EXEC] STREAM_MODE_ACTIVE_SKIP_SINGLE_ENTRY
[10:46:07.423] [INFO] [EXEC] STREAM_BUY_PLACED level_id=2 order_id=388365941
[10:46:07.423] [OK] [EXEC] PLACE BUY price=80820.20 qty=0.007730
[10:46:08.662] [INFO] [EXEC] STREAM_RECYCLED level_id=1
[10:46:08.663] [INFO] GUI_PERF tick_ms=0 logs_visible=False gui_log_mode=OFF append_skipped=16
[10:46:08.664] [INFO] [EXEC] STREAM_BUY_RECENTER old_price=80820.19 new_price=80830.17 distance_ticks=999
[10:46:09.439] [INFO] [EXEC] STREAM_BUY_PLACED level_id=1 order_id=388366007
[10:46:09.439] [OK] [EXEC] PLACE BUY price=80830.17 qty=0.007730
[10:46:10.699] [INFO] [EXEC] STREAM_RECYCLED level_id=2
[10:46:10.700] [INFO] GUI_PERF tick_ms=0 logs_visible=False gui_log_mode=OFF append_skipped=20
[10:46:10.701] [INFO] [EXEC] STREAM_BUY_RECENTER old_price=80820.20 new_price=80830.17 distance_ticks=998
[10:46:11.223] [INFO] [EXEC] STREAM_BUY_PLACED level_id=2 order_id=388366056
[10:46:11.223] [OK] [EXEC] PLACE BUY price=80830.17 qty=0.007730
[10:46:11.223] [INFO] [EXEC] STREAM_STATS_UI cycles=0 wins=0 losses=0 pnl=+0.000000 winrate=0.00%
[10:46:12.221] [INFO] [EXEC] STREAM_RECYCLED level_id=1
[10:46:12.221] [INFO] GUI_PERF tick_ms=0 logs_visible=False gui_log_mode=OFF append_skipped=25
[10:46:12.228] [INFO] [EXEC] STREAM_BUY_RECENTER old_price=80830.17 new_price=80831.72 distance_ticks=156
[10:46:13.228] [WARNING] [HEALTH] block spread_too_young lifetime=0
[10:46:13.228] [INFO] GUI_PERF tick_ms=0 logs_visible=False gui_log_mode=OFF append_skipped=27
[10:46:13.228] [WARNING] [HEALTH] unstable_spread lifetime=0
[10:46:13.228] [INFO] [EXEC] STREAM_MODE_ACTIVE_SKIP_SINGLE_ENTRY
[10:46:13.495] [INFO] [EXEC] STREAM_BUY_PLACED level_id=1 order_id=388366279
[10:46:13.495] [OK] [EXEC] PLACE BUY price=80831.72 qty=0.007730
[10:46:15.242] [INFO] [EXEC] STREAM_RECYCLED level_id=1
[10:46:15.243] [INFO] GUI_PERF tick_ms=0 logs_visible=False gui_log_mode=OFF append_skipped=32
[10:46:15.243] [INFO] [EXEC] STREAM_BUY_RECENTER old_price=80831.72 new_price=80844.01 distance_ticks=1230
[10:46:16.025] [INFO] [EXEC] STREAM_BUY_PLACED level_id=1 order_id=388366408
[10:46:16.027] [OK] [EXEC] PLACE BUY price=80844.01 qty=0.007730
[10:46:16.759] [INFO] [EXEC] STREAM_BUY_FILLED level_id=1
[10:46:16.760] [INFO] GUI_PERF tick_ms=0 logs_visible=False gui_log_mode=OFF append_skipped=36
[10:46:16.760] [OK] [EXEC] CHUNK ADD qty=0.007730 entry=80844.01
[10:46:16.760] [INFO] [EXEC] CHUNK COUNT n=1
[10:46:16.761] [INFO] [EXEC] STREAM_TARGET_USED ticks=28 sell_price=80844.29
[10:46:17.024] [INFO] [EXEC] STREAM_SELL_PLACED stream_id=1 chunk_id=2161494293488 order_id=388366469 price=80844.29 qty=0.007730
[10:46:18.027] [INFO] [EXEC] STREAM_RECYCLED level_id=2
[10:46:18.027] [INFO] GUI_PERF tick_ms=0 logs_visible=False gui_log_mode=OFF append_skipped=41
[10:46:18.027] [INFO] [EXEC] STREAM_BUY_RECENTER old_price=80830.17 new_price=80833.99 distance_ticks=383
[10:46:18.559] [INFO] [EXEC] STREAM_SELL_STATUS stream_id=1 chunk_id=2161494293488 order_id=388366469 status=FILLED
[10:46:18.559] [INFO] [EXEC] STREAM_SELL_FILLED stream_id=1 chunk_id=2161494293488 order_id=388366469
[10:46:18.559] [OK] [EXEC] FIFO CLOSE qty=0.007730 entry=80844.01 exit=80844.29 pnl=+0.002164
[10:46:18.559] [INFO] [EXEC] STREAM_PNL stream_id=1 pnl=+0.002164
[10:46:18.559] [INFO] [EXEC] STREAM_RECYCLED level_id=1
[10:46:18.559] [INFO] [EXEC] STREAM_RECYCLED stream_id=1
[10:46:18.559] [WARNING] [HEALTH] block spread_too_young lifetime=0
[10:46:18.559] [WARNING] [HEALTH] unstable_spread lifetime=0
[10:46:18.559] [INFO] [EXEC] STREAM_MODE_ACTIVE_SKIP_SINGLE_ENTRY
[10:46:18.824] [INFO] [EXEC] STREAM_BUY_PLACED level_id=1 order_id=388366565
[10:46:18.824] [OK] [EXEC] PLACE BUY price=80844.01 qty=0.007730
[10:46:18.824] [INFO] [EXEC] STREAM_STATS_UI cycles=1 wins=1 losses=0 pnl=+0.002164 winrate=100.00%
[10:46:20.235] [INFO] [EXEC] STREAM_RECYCLED level_id=3
[10:46:20.235] [INFO] GUI_PERF tick_ms=0 logs_visible=False gui_log_mode=OFF append_skipped=55
[10:46:20.240] [INFO] [EXEC] STREAM_BUY_RECENTER old_price=80814.92 new_price=80844.01 distance_ticks=2910
[10:46:20.496] [INFO] [EXEC] STREAM_BUY_PLACED level_id=2 order_id=388366639
[10:46:20.496] [OK] [EXEC] PLACE BUY price=80833.99 qty=0.007730
[10:46:22.254] [INFO] [EXEC] STREAM_MODE_ACTIVE_SKIP_SINGLE_ENTRY
[10:46:22.254] [INFO] GUI_PERF tick_ms=0 logs_visible=False gui_log_mode=OFF append_skipped=59
[10:46:22.511] [INFO] [EXEC] STREAM_BUY_PLACED level_id=3 order_id=388366699
[10:46:22.511] [OK] [EXEC] PLACE BUY price=80844.01 qty=0.007730
[10:46:23.573] [INFO] [EXEC] STREAM_RECYCLED level_id=2
[10:46:23.573] [INFO] GUI_PERF tick_ms=0 logs_visible=False gui_log_mode=OFF append_skipped=62
[10:46:23.573] [INFO] [EXEC] STREAM_BUY_RECENTER old_price=80833.99 new_price=80844.30 distance_ticks=1032
[10:46:23.824] [INFO] [HEALTH] state=DANGER
[10:46:24.100] [INFO] [EXEC] STREAM_BUY_PLACED level_id=2 order_id=388366745
[10:46:24.102] [OK] [EXEC] PLACE BUY price=80844.30 qty=0.007730
[10:46:24.103] [INFO] [EXEC] STREAM_STATS_UI cycles=1 wins=1 losses=0 pnl=+0.002164 winrate=100.00%
[10:46:25.589] [INFO] [EXEC] STREAM_BUY_PLACED level_id=4 order_id=388366771
[10:46:25.589] [INFO] GUI_PERF tick_ms=0 logs_visible=False gui_log_mode=OFF append_skipped=68
[10:46:25.589] [OK] [EXEC] PLACE BUY price=80809.97 qty=0.007730
[10:46:28.158] [INFO] [EXEC] STREAM_RECYCLED level_id=4
[10:46:28.159] [INFO] GUI_PERF tick_ms=0 logs_visible=False gui_log_mode=OFF append_skipped=70
[10:46:28.159] [INFO] [EXEC] STREAM_BUY_RECENTER old_price=80809.97 new_price=80844.30 distance_ticks=3434
[10:46:28.159] [WARNING] [HEALTH] block spread_too_young lifetime=0
[10:46:28.160] [WARNING] [HEALTH] unstable_spread lifetime=0
[10:46:28.160] [INFO] [EXEC] STREAM_MODE_ACTIVE_SKIP_SINGLE_ENTRY
[10:46:28.405] [INFO] [EXEC] STREAM_BUY_PLACED level_id=4 order_id=388366884
[10:46:28.421] [OK] [EXEC] PLACE BUY price=80844.30 qty=0.007730
[10:46:29.389] [INFO] [EXEC] STREAM_RECYCLED level_id=1
[10:46:29.389] [INFO] GUI_PERF tick_ms=0 logs_visible=False gui_log_mode=OFF append_skipped=77
[10:46:29.389] [INFO] [EXEC] STREAM_BUY_RECENTER old_price=80844.01 new_price=80846.97 distance_ticks=297
[10:46:30.950] [INFO] [EXEC] STREAM_BUY_PLACED level_id=1 order_id=388366969
[10:46:30.952] [INFO] GUI_PERF tick_ms=0 logs_visible=False gui_log_mode=OFF append_skipped=79
[10:46:30.953] [OK] [EXEC] PLACE BUY price=80846.97 qty=0.007730
[10:46:30.954] [INFO] [EXEC] STREAM_STATS_UI cycles=1 wins=1 losses=0 pnl=+0.002164 winrate=100.00%
[10:46:32.123] [INFO] [EXEC] STREAM_RECYCLED level_id=1
[10:46:32.125] [INFO] GUI_PERF tick_ms=0 logs_visible=False gui_log_mode=OFF append_skipped=82
[10:46:32.125] [INFO] [EXEC] STREAM_BUY_RECENTER old_price=80846.97 new_price=80850.00 distance_ticks=304
[10:46:32.901] [WARNING] [HEALTH] block spread_too_young lifetime=0
[10:46:32.901] [WARNING] [HEALTH] unstable_spread lifetime=0
[10:46:32.901] [INFO] [EXEC] STREAM_MODE_ACTIVE_SKIP_SINGLE_ENTRY
[10:46:33.174] [INFO] [EXEC] STREAM_BUY_PLACED level_id=1 order_id=388367136
[10:46:33.174] [INFO] GUI_PERF tick_ms=0 logs_visible=False gui_log_mode=OFF append_skipped=87
[10:46:33.174] [OK] [EXEC] PLACE BUY price=80850.00 qty=0.007730
[10:46:34.375] [INFO] [EXEC] STREAM_RECYCLED level_id=2
[10:46:34.391] [INFO] GUI_PERF tick_ms=0 logs_visible=False gui_log_mode=OFF append_skipped=89
[10:46:34.391] [INFO] [EXEC] STREAM_BUY_RECENTER old_price=80844.30 new_price=80850.00 distance_ticks=571
[10:46:35.158] [INFO] [EXEC] STREAM_BUY_PLACED level_id=2 order_id=388367226
[10:46:35.158] [OK] [EXEC] PLACE BUY price=80850.00 qty=0.007730
[10:46:36.651] [INFO] [EXEC] STREAM_RECYCLED level_id=3
[10:46:36.667] [INFO] GUI_PERF tick_ms=0 logs_visible=False gui_log_mode=OFF append_skipped=93
[10:46:36.667] [INFO] [EXEC] STREAM_BUY_RECENTER old_price=80844.01 new_price=80850.21 distance_ticks=621
[10:46:36.933] [WARNING] [HEALTH] block spread_too_young lifetime=0
[10:46:36.933] [WARNING] [HEALTH] unstable_spread lifetime=0
[10:46:36.933] [INFO] [EXEC] STREAM_MODE_ACTIVE_SKIP_SINGLE_ENTRY
[10:46:37.214] [INFO] [EXEC] STREAM_BUY_PLACED level_id=3 order_id=388367300
[10:46:37.214] [OK] [EXEC] PLACE BUY price=80850.21 qty=0.007730
[10:46:37.214] [INFO] [EXEC] STREAM_STATS_UI cycles=1 wins=1 losses=0 pnl=+0.002164 winrate=100.00%
[10:46:39.232] [INFO] [EXEC] STREAM_RECYCLED level_id=4
[10:46:39.232] [INFO] GUI_PERF tick_ms=0 logs_visible=False gui_log_mode=OFF append_skipped=101
[10:46:39.232] [INFO] [EXEC] STREAM_BUY_RECENTER old_price=80844.30 new_price=80850.21 distance_ticks=592
[10:46:39.479] [INFO] [EXEC] STREAM_BUY_PLACED level_id=4 order_id=388367390
[10:46:39.479] [OK] [EXEC] PLACE BUY price=80850.21 qty=0.007730
[10:46:40.949] [INFO] [EXEC] STREAM_MODE_ACTIVE_SKIP_SINGLE_ENTRY
[10:46:40.949] [INFO] GUI_PERF tick_ms=0 logs_visible=False gui_log_mode=OFF append_skipped=105
[10:46:41.204] [INFO] [EXEC] STREAM_BUY_PLACED level_id=5 order_id=388367424
[10:46:41.204] [OK] [EXEC] PLACE BUY price=80809.75 qty=0.007730
[10:46:41.932] [INFO] [EXEC] STREAM_BUY_FILLED level_id=1
[10:46:41.932] [OK] [EXEC] CHUNK ADD qty=0.007730 entry=80850.00
[10:46:41.932] [INFO] [EXEC] CHUNK COUNT n=1
[10:46:41.932] [INFO] [EXEC] STREAM_TARGET_USED ticks=28 sell_price=80850.28
[10:46:42.187] [INFO] [EXEC] STREAM_SELL_PLACED stream_id=1 chunk_id=2161545263248 order_id=388367518 price=80850.28 qty=0.007730
[10:46:42.187] [INFO] GUI_PERF tick_ms=0 logs_visible=False gui_log_mode=OFF append_skipped=112
[10:46:42.449] [INFO] [EXEC] STREAM_BUY_FILLED level_id=2
[10:46:42.449] [OK] [EXEC] CHUNK ADD qty=0.007730 entry=80850.00
[10:46:42.449] [INFO] [EXEC] CHUNK COUNT n=2
[10:46:42.449] [INFO] [EXEC] STREAM_TARGET_USED ticks=28 sell_price=80850.28
[10:46:42.714] [INFO] [EXEC] STREAM_SELL_PLACED stream_id=2 chunk_id=2161494281392 order_id=388367557 price=80850.28 qty=0.007730
[10:46:42.985] [INFO] [EXEC] STREAM_BUY_FILLED level_id=3
[10:46:42.986] [OK] [EXEC] CHUNK ADD qty=0.007730 entry=80850.21
[10:46:42.986] [INFO] [EXEC] CHUNK COUNT n=3
[10:46:42.986] [INFO] [EXEC] STREAM_TARGET_USED ticks=28 sell_price=80850.49
[10:46:43.244] [INFO] [EXEC] STREAM_SELL_PLACED stream_id=3 chunk_id=2161545260224 order_id=388367589 price=80850.49 qty=0.007730
[10:46:43.244] [INFO] GUI_PERF tick_ms=0 logs_visible=False gui_log_mode=OFF append_skipped=122
[10:46:43.511] [INFO] [EXEC] STREAM_BUY_FILLED level_id=4
[10:46:43.511] [OK] [EXEC] CHUNK ADD qty=0.007730 entry=80850.21
[10:46:43.511] [INFO] [EXEC] CHUNK COUNT n=4
[10:46:43.511] [INFO] [EXEC] STREAM_TARGET_USED ticks=28 sell_price=80850.49
[10:46:43.778] [INFO] [EXEC] STREAM_SELL_PLACED stream_id=4 chunk_id=2161545264736 order_id=388367642 price=80850.49 qty=0.007730
[10:46:44.294] [INFO] [EXEC] STREAM_RECYCLED level_id=5
[10:46:44.296] [INFO] GUI_PERF tick_ms=0 logs_visible=False gui_log_mode=OFF append_skipped=128
[10:46:44.296] [INFO] [EXEC] STREAM_BUY_RECENTER old_price=80809.75 new_price=80843.19 distance_ticks=3345
[10:46:44.558] [INFO] [EXEC] STREAM_SELL_STATUS stream_id=1 chunk_id=2161545263248 order_id=388367518 status=FILLED
[10:46:44.558] [INFO] [EXEC] STREAM_SELL_FILLED stream_id=1 chunk_id=2161545263248 order_id=388367518
[10:46:44.558] [OK] [EXEC] FIFO CLOSE qty=0.007730 entry=80850.00 exit=80850.28 pnl=+0.002164
[10:46:44.558] [INFO] [EXEC] STREAM_PNL stream_id=1 pnl=+0.002164
[10:46:44.558] [INFO] [EXEC] STREAM_RECYCLED level_id=1
[10:46:44.558] [INFO] [EXEC] STREAM_RECYCLED stream_id=1
[10:46:44.855] [INFO] [EXEC] STREAM_SELL_STATUS stream_id=2 chunk_id=2161494281392 order_id=388367557 status=FILLED
[10:46:44.855] [INFO] [EXEC] STREAM_SELL_FILLED stream_id=2 chunk_id=2161494281392 order_id=388367557
[10:46:44.855] [OK] [EXEC] FIFO CLOSE qty=0.007730 entry=80850.00 exit=80850.28 pnl=+0.002164
[10:46:44.855] [INFO] [EXEC] STREAM_PNL stream_id=2 pnl=+0.002164
[10:46:44.855] [INFO] [EXEC] STREAM_RECYCLED level_id=2
[10:46:44.855] [INFO] [EXEC] STREAM_RECYCLED stream_id=2
[10:46:45.115] [INFO] [EXEC] STREAM_SELL_STATUS stream_id=3 chunk_id=2161545260224 order_id=388367589 status=FILLED
[10:46:45.116] [INFO] [EXEC] STREAM_SELL_FILLED stream_id=3 chunk_id=2161545260224 order_id=388367589
[10:46:45.116] [OK] [EXEC] FIFO CLOSE qty=0.007730 entry=80850.21 exit=80850.49 pnl=+0.002164
[10:46:45.116] [INFO] [EXEC] STREAM_PNL stream_id=3 pnl=+0.002164
[10:46:45.116] [INFO] [EXEC] STREAM_RECYCLED level_id=3
[10:46:45.117] [INFO] [EXEC] STREAM_RECYCLED stream_id=3
[10:46:45.379] [INFO] [EXEC] STREAM_SELL_STATUS stream_id=4 chunk_id=2161545264736 order_id=388367642 status=FILLED
[10:46:45.380] [INFO] GUI_PERF tick_ms=0 logs_visible=False gui_log_mode=OFF append_skipped=148
[10:46:45.380] [INFO] [EXEC] STREAM_SELL_FILLED stream_id=4 chunk_id=2161545264736 order_id=388367642
[10:46:45.380] [OK] [EXEC] FIFO CLOSE qty=0.007730 entry=80850.21 exit=80850.49 pnl=+0.002164
[10:46:45.380] [INFO] [EXEC] STREAM_PNL stream_id=4 pnl=+0.002164
[10:46:45.380] [INFO] [EXEC] STREAM_RECYCLED level_id=4
[10:46:45.380] [INFO] [EXEC] STREAM_RECYCLED stream_id=4
[10:46:45.381] [INFO] [HEALTH] state=GOOD
[10:46:45.637] [INFO] [EXEC] STREAM_BUY_PLACED level_id=1 order_id=388367760
[10:46:45.637] [OK] [EXEC] PLACE BUY price=80850.00 qty=0.007730
[10:46:45.637] [INFO] [EXEC] STREAM_STATS_UI cycles=5 wins=5 losses=0 pnl=+0.010822 winrate=100.00%
[10:46:46.715] [INFO] [EXEC] STREAM_RECYCLED level_id=1
[10:46:46.715] [INFO] GUI_PERF tick_ms=0 logs_visible=False gui_log_mode=OFF append_skipped=158
[10:46:46.715] [INFO] [EXEC] STREAM_BUY_RECENTER old_price=80850.00 new_price=80854.20 distance_ticks=421
[10:46:46.731] [INFO] [EXEC] STREAM_MODE_ACTIVE_SKIP_SINGLE_ENTRY
[10:46:46.995] [INFO] [EXEC] STREAM_BUY_PLACED level_id=1 order_id=388367835
[10:46:46.995] [OK] [EXEC] PLACE BUY price=80854.20 qty=0.007730
[10:46:47.714] [INFO] [HEALTH] state=GOOD
[10:46:47.979] [INFO] [EXEC] STREAM_BUY_PLACED level_id=2 order_id=388367919
[10:46:47.979] [INFO] GUI_PERF tick_ms=0 logs_visible=False gui_log_mode=OFF append_skipped=164
[10:46:47.979] [OK] [EXEC] PLACE BUY price=80850.00 qty=0.007730
[10:46:48.996] [INFO] [EXEC] STREAM_RECYCLED level_id=1
[10:46:48.996] [INFO] GUI_PERF tick_ms=0 logs_visible=False gui_log_mode=OFF append_skipped=166
[10:46:48.996] [INFO] [EXEC] STREAM_BUY_RECENTER old_price=80854.20 new_price=80859.60 distance_ticks=541
[10:46:49.511] [INFO] [EXEC] STREAM_BUY_PLACED level_id=1 order_id=388367948
[10:46:49.511] [OK] [EXEC] PLACE BUY price=80859.60 qty=0.007730
[10:46:51.048] [INFO] [EXEC] STREAM_RECYCLED level_id=2
[10:46:51.049] [INFO] GUI_PERF tick_ms=0 logs_visible=False gui_log_mode=OFF append_skipped=170
[10:46:51.050] [INFO] [EXEC] STREAM_BUY_RECENTER old_price=80850.00 new_price=80859.60 distance_ticks=961
[10:46:51.051] [INFO] [EXEC] STREAM_MODE_ACTIVE_SKIP_SINGLE_ENTRY
[10:46:51.307] [INFO] [EXEC] STREAM_BUY_PLACED level_id=2 order_id=388368077
[10:46:51.307] [OK] [EXEC] PLACE BUY price=80859.60 qty=0.007730
[10:46:51.307] [INFO] [EXEC] STREAM_STATS_UI cycles=5 wins=5 losses=0 pnl=+0.010822 winrate=100.00%
[10:46:51.996] [INFO] [EXEC] STREAM_BUY_FILLED level_id=1
[10:46:51.996] [OK] [EXEC] CHUNK ADD qty=0.007730 entry=80859.60
[10:46:51.996] [INFO] [EXEC] CHUNK COUNT n=1
[10:46:51.996] [INFO] [EXEC] STREAM_TARGET_USED ticks=28 sell_price=80859.88
[10:46:52.260] [INFO] [EXEC] STREAM_SELL_PLACED stream_id=1 chunk_id=2161545254176 order_id=388368186 price=80859.88 qty=0.007730
[10:46:52.260] [INFO] GUI_PERF tick_ms=0 logs_visible=False gui_log_mode=OFF append_skipped=180
[10:46:52.527] [INFO] [EXEC] STREAM_BUY_FILLED level_id=2
[10:46:52.527] [OK] [EXEC] CHUNK ADD qty=0.007730 entry=80859.60
[10:46:52.527] [INFO] [EXEC] CHUNK COUNT n=2
[10:46:52.527] [INFO] [EXEC] STREAM_TARGET_USED ticks=28 sell_price=80859.88
[10:46:52.793] [INFO] [EXEC] STREAM_SELL_PLACED stream_id=2 chunk_id=2161494293248 order_id=388368216 price=80859.88 qty=0.007730
[10:46:53.042] [INFO] [EXEC] STREAM_SELL_STATUS stream_id=1 chunk_id=2161545254176 order_id=388368186 status=NEW
[10:46:53.347] [INFO] [EXEC] STREAM_SELL_STATUS stream_id=2 chunk_id=2161494293248 order_id=388368216 status=NEW
[10:46:53.348] [INFO] GUI_PERF tick_ms=0 logs_visible=False gui_log_mode=OFF append_skipped=187
[10:46:53.348] [INFO] [EXEC] STREAM_REPAIR_SKIP reason=stream_owned_inventory
[10:46:53.348] [INFO] [EXEC] STREAM_GLOBAL_SELL_SKIP reason=exit_recovery_inventory_no_sell
[10:46:53.349] [INFO] [EXEC] STREAM_GLOBAL_SELL_SKIP reason=place_sell
[10:46:54.537] [INFO] [EXEC] STREAM_SELL_STATUS stream_id=1 chunk_id=2161545254176 order_id=388368186 status=NEW
[10:46:54.538] [INFO] GUI_PERF tick_ms=0 logs_visible=False gui_log_mode=OFF append_skipped=191
[10:46:54.792] [INFO] [EXEC] STREAM_SELL_STATUS stream_id=2 chunk_id=2161494293248 order_id=388368216 status=NEW
[10:46:54.807] [INFO] [EXEC] STREAM_REPAIR_SKIP reason=stream_owned_inventory
[10:46:56.183] [INFO] [EXEC] STREAM_SELL_STATUS stream_id=1 chunk_id=2161545254176 order_id=388368186 status=NEW
[10:46:56.183] [INFO] GUI_PERF tick_ms=0 logs_visible=False gui_log_mode=OFF append_skipped=194
[10:46:56.183] [WARNING] [EXEC] STREAM_SELL_TIMEOUT stream_id=1 chunk_id=2161545254176 order_id=388368186 age_ms=3722 timeout_ms=2800
[10:46:56.440] [INFO] [EXEC] STREAM_SELL_CANCEL_OLD stream_id=1 chunk_id=2161545254176 order_id=388368186
[10:46:56.440] [WARNING] [EXEC] STREAM_STOP_LOSS_EXIT stream_id=1 chunk_id=2161545254176 order_id=388368186 stop_price=80846.33 retry_count=0 retry_max=2
[10:46:57.461] [INFO] [EXEC] STREAM_SELL_STATUS stream_id=2 chunk_id=2161494293248 order_id=388368216 status=NEW
[10:46:57.461] [INFO] GUI_PERF tick_ms=0 logs_visible=False gui_log_mode=OFF append_skipped=198
[10:46:57.461] [WARNING] [EXEC] STREAM_SELL_TIMEOUT stream_id=2 chunk_id=2161494293248 order_id=388368216 age_ms=3722 timeout_ms=2800
[10:46:57.761] [INFO] [EXEC] STREAM_SELL_CANCEL_OLD stream_id=2 chunk_id=2161494293248 order_id=388368216
[10:46:57.761] [WARNING] [EXEC] STREAM_STOP_LOSS_EXIT stream_id=2 chunk_id=2161494293248 order_id=388368216 stop_price=80846.33 retry_count=0 retry_max=2
[10:46:58.042] [INFO] [EXEC] STREAM_REPAIR_SKIP reason=stream_owned_inventory
[10:46:58.042] [INFO] [EXEC] STREAM_GLOBAL_SELL_SKIP reason=exit_recovery_inventory_no_sell
[10:46:58.042] [INFO] [EXEC] STREAM_GLOBAL_SELL_SKIP reason=place_sell
[10:46:58.042] [INFO] [EXEC] STREAM_STATS_UI cycles=5 wins=5 losses=0 pnl=+0.010822 winrate=100.00%
[10:46:58.808] [INFO] [EXEC] STREAM_SELL_STATUS stream_id=1 chunk_id=2161545254176 order_id=388368285 status=FILLED
[10:46:58.808] [INFO] GUI_PERF tick_ms=0 logs_visible=False gui_log_mode=OFF append_skipped=206
[10:46:58.824] [INFO] [EXEC] STREAM_SELL_FILLED stream_id=1 chunk_id=2161545254176 order_id=388368285
[10:46:58.824] [OK] [EXEC] FIFO CLOSE qty=0.007730 entry=80859.60 exit=80846.33 pnl=-0.102577
[10:46:58.824] [INFO] [EXEC] STREAM_PNL stream_id=1 pnl=-0.102577
[10:46:58.824] [WARNING] [EXEC] STREAM_LOSS_COOLDOWN stream_id=1 cooldown_ms=6000
[10:46:58.824] [INFO] [EXEC] STREAM_RECYCLED level_id=1
[10:46:58.824] [INFO] [EXEC] STREAM_RECYCLED stream_id=1
[10:46:59.073] [INFO] [EXEC] STREAM_SELL_STATUS stream_id=2 chunk_id=2161494293248 order_id=388368305 status=FILLED
[10:46:59.089] [INFO] [EXEC] STREAM_SELL_FILLED stream_id=2 chunk_id=2161494293248 order_id=388368305
[10:46:59.091] [OK] [EXEC] FIFO CLOSE qty=0.007730 entry=80859.60 exit=80846.33 pnl=-0.102577
[10:46:59.092] [INFO] [EXEC] STREAM_PNL stream_id=2 pnl=-0.102577
[10:46:59.092] [WARNING] [EXEC] STREAM_LOSS_COOLDOWN stream_id=2 cooldown_ms=6000
[10:46:59.092] [INFO] [EXEC] STREAM_RECYCLED level_id=2
[10:46:59.092] [INFO] [EXEC] STREAM_RECYCLED stream_id=2
[10:46:59.093] [INFO] [HEALTH] state=DANGER
[10:46:59.094] [INFO] [EXEC] STREAM_MODE_ACTIVE_SKIP_SINGLE_ENTRY
[10:46:59.839] [INFO] [EXEC] STREAM_BUY_PLACED level_id=1 order_id=388368346
[10:46:59.839] [INFO] GUI_PERF tick_ms=0 logs_visible=False gui_log_mode=OFF append_skipped=222
[10:46:59.839] [OK] [EXEC] PLACE BUY price=80859.60 qty=0.007730
[10:47:00.563] [INFO] [EXEC] STREAM_BUY_FILLED level_id=1
[10:47:00.563] [OK] [EXEC] CHUNK ADD qty=0.007730 entry=80859.60
[10:47:00.563] [INFO] [EXEC] CHUNK COUNT n=1
[10:47:00.563] [INFO] [EXEC] STREAM_TARGET_USED ticks=28 sell_price=80859.88
[10:47:00.825] [INFO] [EXEC] STREAM_SELL_PLACED stream_id=1 chunk_id=2161545616304 order_id=388368400 price=80859.88 qty=0.007730
[10:47:01.152] [INFO] [EXEC] STREAM_SELL_STATUS stream_id=1 chunk_id=2161545616304 order_id=388368400 status=NEW
[10:47:01.152] [INFO] GUI_PERF tick_ms=0 logs_visible=False gui_log_mode=OFF append_skipped=229
[10:47:01.152] [INFO] [EXEC] STREAM_REPAIR_SKIP reason=stream_owned_inventory
[10:47:01.152] [INFO] [EXEC] STREAM_GLOBAL_SELL_SKIP reason=exit_recovery_inventory_no_sell
[10:47:01.152] [INFO] [EXEC] STREAM_GLOBAL_SELL_SKIP reason=place_sell
[10:47:02.090] [INFO] [EXEC] STREAM_SELL_STATUS stream_id=1 chunk_id=2161545616304 order_id=388368400 status=NEW
[10:47:02.105] [INFO] [EXEC] STREAM_REPAIR_SKIP reason=stream_owned_inventory
[10:47:02.871] [INFO] [EXEC] STREAM_SELL_STATUS stream_id=1 chunk_id=2161545616304 order_id=388368400 status=NEW
[10:47:02.871] [INFO] GUI_PERF tick_ms=0 logs_visible=False gui_log_mode=OFF append_skipped=235
[10:47:02.871] [INFO] [EXEC] STREAM_REPAIR_SKIP reason=stream_owned_inventory
[10:47:04.103] [INFO] [EXEC] STREAM_SELL_STATUS stream_id=1 chunk_id=2161545616304 order_id=388368400 status=NEW
[10:47:04.104] [INFO] GUI_PERF tick_ms=0 logs_visible=False gui_log_mode=OFF append_skipped=237
[10:47:04.105] [WARNING] [EXEC] STREAM_SELL_TIMEOUT stream_id=1 chunk_id=2161545616304 order_id=388368400 age_ms=3547 timeout_ms=2800
[10:47:04.360] [INFO] [EXEC] STREAM_SELL_CANCEL_OLD stream_id=1 chunk_id=2161545616304 order_id=388368400
[10:47:04.360] [WARNING] [EXEC] STREAM_STOP_LOSS_EXIT stream_id=1 chunk_id=2161545616304 order_id=388368400 stop_price=80842.00 retry_count=0 retry_max=2
[10:47:04.636] [INFO] [EXEC] STREAM_REPAIR_SKIP reason=stream_owned_inventory
[10:47:04.636] [INFO] [EXEC] STREAM_GLOBAL_SELL_SKIP reason=exit_recovery_inventory_no_sell
[10:47:04.636] [INFO] [EXEC] STREAM_GLOBAL_SELL_SKIP reason=place_sell
[10:47:04.636] [INFO] [EXEC] STREAM_STATS_UI cycles=7 wins=5 losses=2 pnl=-0.194332 winrate=71.43%
[10:47:05.433] [INFO] [EXEC] STREAM_SELL_STATUS stream_id=1 chunk_id=2161545616304 order_id=388368527 status=FILLED
[10:47:05.433] [INFO] GUI_PERF tick_ms=0 logs_visible=False gui_log_mode=OFF append_skipped=245
[10:47:05.433] [INFO] [EXEC] STREAM_SELL_FILLED stream_id=1 chunk_id=2161545616304 order_id=388368527
[10:47:05.433] [OK] [EXEC] FIFO CLOSE qty=0.007730 entry=80859.60 exit=80842.00 pnl=-0.136048
[10:47:05.433] [INFO] [EXEC] STREAM_PNL stream_id=1 pnl=-0.136048
[10:47:05.448] [WARNING] [EXEC] STREAM_LOSS_COOLDOWN stream_id=1 cooldown_ms=6000
[10:47:05.448] [INFO] [EXEC] STREAM_RECYCLED level_id=1
[10:47:05.448] [INFO] [EXEC] STREAM_RECYCLED stream_id=1
[10:47:05.448] [INFO] [HEALTH] state=DANGER
[10:47:05.448] [INFO] [EXEC] STREAM_MODE_ACTIVE_SKIP_SINGLE_ENTRY
[10:47:05.731] [INFO] [EXEC] STREAM_BUY_PLACED level_id=1 order_id=388368539
[10:47:05.731] [OK] [EXEC] PLACE BUY price=80859.60 qty=0.007730
[10:47:06.439] [INFO] [EXEC] STREAM_BUY_FILLED level_id=1
[10:47:06.439] [INFO] GUI_PERF tick_ms=0 logs_visible=False gui_log_mode=OFF append_skipped=256
[10:47:06.439] [OK] [EXEC] CHUNK ADD qty=0.007730 entry=80859.60
[10:47:06.439] [INFO] [EXEC] CHUNK COUNT n=1
[10:47:06.439] [INFO] [EXEC] STREAM_TARGET_USED ticks=28 sell_price=80859.88
[10:47:06.714] [INFO] [EXEC] STREAM_SELL_PLACED stream_id=1 chunk_id=2161494281344 order_id=388368579 price=80859.88 qty=0.007730
[10:47:06.964] [INFO] [EXEC] STREAM_SELL_STATUS stream_id=1 chunk_id=2161494281344 order_id=388368579 status=NEW
[10:47:06.964] [INFO] [EXEC] STREAM_REPAIR_SKIP reason=stream_owned_inventory
[10:47:07.962] [INFO] [EXEC] STREAM_SELL_STATUS stream_id=1 chunk_id=2161494281344 order_id=388368579 status=NEW
[10:47:07.964] [INFO] GUI_PERF tick_ms=0 logs_visible=False gui_log_mode=OFF append_skipped=263
[10:47:07.965] [INFO] [EXEC] STREAM_REPAIR_SKIP reason=stream_owned_inventory
[10:47:07.966] [INFO] [EXEC] STREAM_GLOBAL_SELL_SKIP reason=exit_recovery_inventory_no_sell
[10:47:07.967] [INFO] [EXEC] STREAM_GLOBAL_SELL_SKIP reason=place_sell
[10:47:08.733] [INFO] [EXEC] STREAM_SELL_STATUS stream_id=1 chunk_id=2161494281344 order_id=388368579 status=NEW
[10:47:08.735] [INFO] [EXEC] STREAM_REPAIR_SKIP reason=stream_owned_inventory
[10:47:09.471] [INFO] [EXEC] STREAM_SELL_STATUS stream_id=1 chunk_id=2161494281344 order_id=388368579 status=NEW
[10:47:09.471] [INFO] GUI_PERF tick_ms=0 logs_visible=False gui_log_mode=OFF append_skipped=269
[10:47:09.471] [WARNING] [EXEC] STREAM_SELL_TIMEOUT stream_id=1 chunk_id=2161494281344 order_id=388368579 age_ms=3041 timeout_ms=2800
[10:47:09.729] [INFO] [EXEC] STREAM_SELL_CANCEL_OLD stream_id=1 chunk_id=2161494281344 order_id=388368579
[10:47:09.745] [WARNING] [EXEC] STREAM_STOP_LOSS_EXIT stream_id=1 chunk_id=2161494281344 order_id=388368579 stop_price=80843.81 retry_count=0 retry_max=2
[10:47:10.012] [INFO] [EXEC] STREAM_REPAIR_SKIP reason=stream_owned_inventory
[10:47:10.012] [INFO] [EXEC] STREAM_STATS_UI cycles=8 wins=5 losses=3 pnl=-0.330380 winrate=62.50%
[10:47:10.761] [INFO] [EXEC] STREAM_SELL_STATUS stream_id=1 chunk_id=2161494281344 order_id=388368605 status=FILLED
[10:47:10.761] [INFO] GUI_PERF tick_ms=0 logs_visible=False gui_log_mode=OFF append_skipped=275
[10:47:10.761] [INFO] [EXEC] STREAM_SELL_FILLED stream_id=1 chunk_id=2161494281344 order_id=388368605
[10:47:10.761] [OK] [EXEC] FIFO CLOSE qty=0.007730 entry=80859.60 exit=80843.81 pnl=-0.122057
[10:47:10.761] [INFO] [EXEC] STREAM_PNL stream_id=1 pnl=-0.122057
[10:47:10.761] [WARNING] [EXEC] STREAM_LOSS_COOLDOWN stream_id=1 cooldown_ms=6000
[10:47:10.761] [INFO] [EXEC] STREAM_RECYCLED level_id=1
[10:47:10.761] [INFO] [EXEC] STREAM_RECYCLED stream_id=1
[10:47:10.761] [INFO] [HEALTH] state=DANGER
[10:47:10.761] [INFO] [EXEC] STREAM_MODE_ACTIVE_SKIP_SINGLE_ENTRY
[10:47:11.057] [INFO] [EXEC] STREAM_BUY_PLACED level_id=1 order_id=388368635
[10:47:11.057] [OK] [EXEC] PLACE BUY price=80859.60 qty=0.007730
[10:47:11.776] [INFO] [EXEC] STREAM_BUY_FILLED level_id=1
[10:47:11.776] [INFO] GUI_PERF tick_ms=0 logs_visible=False gui_log_mode=OFF append_skipped=286
[10:47:11.776] [OK] [EXEC] CHUNK ADD qty=0.007730 entry=80859.60
[10:47:11.776] [INFO] [EXEC] CHUNK COUNT n=1
[10:47:11.776] [INFO] [EXEC] STREAM_TARGET_USED ticks=28 sell_price=80859.88
[10:47:12.026] [INFO] [EXEC] STREAM_SELL_PLACED stream_id=1 chunk_id=2161545623024 order_id=388368656 price=80859.88 qty=0.007730
[10:47:12.287] [INFO] [EXEC] STREAM_SELL_STATUS stream_id=1 chunk_id=2161545623024 order_id=388368656 status=NEW
[10:47:12.287] [INFO] [EXEC] STREAM_REPAIR_SKIP reason=stream_owned_inventory
[10:47:12.287] [INFO] [EXEC] STREAM_GLOBAL_SELL_SKIP reason=exit_recovery_inventory_no_sell
[10:47:12.287] [INFO] [EXEC] STREAM_GLOBAL_SELL_SKIP reason=place_sell
[10:47:13.103] [INFO] [EXEC] STREAM_SELL_STATUS stream_id=1 chunk_id=2161545623024 order_id=388368656 status=NEW
[10:47:13.104] [INFO] GUI_PERF tick_ms=0 logs_visible=False gui_log_mode=OFF append_skipped=295
[10:47:13.104] [INFO] [EXEC] STREAM_REPAIR_SKIP reason=stream_owned_inventory
[10:47:13.841] [INFO] [EXEC] STREAM_SELL_STATUS stream_id=1 chunk_id=2161545623024 order_id=388368656 status=NEW
[10:47:13.841] [INFO] [EXEC] STREAM_REPAIR_SKIP reason=stream_owned_inventory
[10:47:14.590] [INFO] [EXEC] STREAM_SELL_STATUS stream_id=1 chunk_id=2161545623024 order_id=388368656 status=NEW
[10:47:14.590] [INFO] GUI_PERF tick_ms=0 logs_visible=False gui_log_mode=OFF append_skipped=299
[10:47:14.590] [WARNING] [EXEC] STREAM_SELL_TIMEOUT stream_id=1 chunk_id=2161545623024 order_id=388368656 age_ms=2827 timeout_ms=2800
[10:47:14.855] [INFO] [EXEC] STREAM_SELL_CANCEL_OLD stream_id=1 chunk_id=2161545623024 order_id=388368656
[10:47:14.855] [WARNING] [EXEC] STREAM_STOP_LOSS_EXIT stream_id=1 chunk_id=2161545623024 order_id=388368656 stop_price=80846.13 retry_count=0 retry_max=2
[10:47:15.144] [INFO] [EXEC] STREAM_REPAIR_SKIP reason=stream_owned_inventory
[10:47:15.144] [INFO] [EXEC] STREAM_GLOBAL_SELL_SKIP reason=exit_recovery_inventory_no_sell
[10:47:15.144] [INFO] [EXEC] STREAM_GLOBAL_SELL_SKIP reason=place_sell
[10:47:15.402] [INFO] [EXEC] STREAM_STATS_UI cycles=9 wins=5 losses=4 pnl=-0.452437 winrate=55.56%
[10:47:15.925] [INFO] [EXEC] STREAM_SELL_STATUS stream_id=1 chunk_id=2161545623024 order_id=388368745 status=FILLED
[10:47:15.926] [INFO] GUI_PERF tick_ms=0 logs_visible=False gui_log_mode=OFF append_skipped=307
[10:47:15.927] [INFO] [EXEC] STREAM_SELL_FILLED stream_id=1 chunk_id=2161545623024 order_id=388368745
[10:47:15.928] [OK] [EXEC] FIFO CLOSE qty=0.007730 entry=80859.60 exit=80846.13 pnl=-0.104123
[10:47:15.929] [INFO] [EXEC] STREAM_PNL stream_id=1 pnl=-0.104123
[10:47:15.929] [WARNING] [EXEC] STREAM_LOSS_COOLDOWN stream_id=1 cooldown_ms=6000
[10:47:15.930] [INFO] [EXEC] STREAM_RECYCLED level_id=1
[10:47:15.930] [INFO] [EXEC] STREAM_RECYCLED stream_id=1
[10:47:15.931] [INFO] [HEALTH] state=DANGER
[10:47:15.931] [INFO] [EXEC] STREAM_MODE_ACTIVE_SKIP_SINGLE_ENTRY
[10:47:16.199] [INFO] [EXEC] STREAM_BUY_PLACED level_id=1 order_id=388368764
[10:47:16.199] [OK] [EXEC] PLACE BUY price=80859.60 qty=0.007730
[10:47:16.926] [INFO] [EXEC] STREAM_BUY_FILLED level_id=1
[10:47:16.927] [INFO] GUI_PERF tick_ms=0 logs_visible=False gui_log_mode=OFF append_skipped=318
[10:47:16.928] [OK] [EXEC] CHUNK ADD qty=0.007730 entry=80859.60
[10:47:16.929] [INFO] [EXEC] CHUNK COUNT n=1
[10:47:16.930] [INFO] [EXEC] STREAM_TARGET_USED ticks=28 sell_price=80859.88
[10:47:17.205] [INFO] [EXEC] STREAM_SELL_PLACED stream_id=1 chunk_id=2161545258256 order_id=388368787 price=80859.88 qty=0.007730
[10:47:17.479] [INFO] [EXEC] STREAM_SELL_STATUS stream_id=1 chunk_id=2161545258256 order_id=388368787 status=NEW
[10:47:17.479] [INFO] [EXEC] STREAM_REPAIR_SKIP reason=stream_owned_inventory
[10:47:18.222] [INFO] [EXEC] STREAM_SELL_STATUS stream_id=1 chunk_id=2161545258256 order_id=388368787 status=NEW
[10:47:18.222] [INFO] GUI_PERF tick_ms=0 logs_visible=False gui_log_mode=OFF append_skipped=325
[10:47:18.222] [INFO] [EXEC] STREAM_REPAIR_SKIP reason=stream_owned_inventory
[10:47:18.222] [INFO] [EXEC] STREAM_GLOBAL_SELL_SKIP reason=exit_recovery_inventory_no_sell
[10:47:18.222] [INFO] [EXEC] STREAM_GLOBAL_SELL_SKIP reason=place_sell
[10:47:18.934] [INFO] [EXEC] STREAM_SELL_STATUS stream_id=1 chunk_id=2161545258256 order_id=388368787 status=NEW
[10:47:18.934] [INFO] [EXEC] STREAM_REPAIR_SKIP reason=stream_owned_inventory
[10:47:20.228] [INFO] [EXEC] STREAM_SELL_STATUS stream_id=1 chunk_id=2161545258256 order_id=388368787 status=FILLED
[10:47:20.228] [INFO] GUI_PERF tick_ms=0 logs_visible=False gui_log_mode=OFF append_skipped=331
[10:47:20.228] [INFO] [EXEC] STREAM_SELL_FILLED stream_id=1 chunk_id=2161545258256 order_id=388368787
[10:47:20.228] [OK] [EXEC] FIFO CLOSE qty=0.007730 entry=80859.60 exit=80859.88 pnl=+0.002164
[10:47:20.228] [INFO] [EXEC] STREAM_PNL stream_id=1 pnl=+0.002164
[10:47:20.228] [INFO] [EXEC] STREAM_RECYCLED level_id=1
[10:47:20.228] [INFO] [EXEC] STREAM_RECYCLED stream_id=1
[10:47:20.228] [WARNING] [HEALTH] block spread_too_young lifetime=0
[10:47:20.228] [WARNING] [HEALTH] unstable_spread lifetime=0
[10:47:20.233] [INFO] [EXEC] STREAM_MODE_ACTIVE_SKIP_SINGLE_ENTRY
[10:47:20.480] [INFO] [EXEC] STREAM_BUY_PLACED level_id=1 order_id=388368918
[10:47:20.496] [OK] [EXEC] PLACE BUY price=80859.60 qty=0.007730
[10:47:20.497] [INFO] [EXEC] STREAM_STATS_UI cycles=11 wins=6 losses=5 pnl=-0.554396 winrate=54.55%
[10:47:21.256] [INFO] [EXEC] STREAM_BUY_FILLED level_id=1
[10:47:21.257] [INFO] GUI_PERF tick_ms=0 logs_visible=False gui_log_mode=OFF append_skipped=343
[10:47:21.257] [OK] [EXEC] CHUNK ADD qty=0.007730 entry=80859.60
[10:47:21.257] [INFO] [EXEC] CHUNK COUNT n=1
[10:47:21.257] [INFO] [EXEC] STREAM_TARGET_USED ticks=28 sell_price=80859.88
[10:47:21.997] [INFO] [EXEC] STREAM_SELL_PLACED stream_id=1 chunk_id=2161545621632 order_id=388368977 price=80859.88 qty=0.007730
[10:47:22.259] [INFO] [EXEC] STREAM_SELL_STATUS stream_id=1 chunk_id=2161545621632 order_id=388368977 status=FILLED
[10:47:22.259] [INFO] GUI_PERF tick_ms=0 logs_visible=False gui_log_mode=OFF append_skipped=348
[10:47:22.259] [INFO] [EXEC] STREAM_SELL_FILLED stream_id=1 chunk_id=2161545621632 order_id=388368977
[10:47:22.260] [OK] [EXEC] FIFO CLOSE qty=0.007730 entry=80859.60 exit=80859.88 pnl=+0.002164
[10:47:22.260] [INFO] [EXEC] STREAM_PNL stream_id=1 pnl=+0.002164
[10:47:22.260] [INFO] [EXEC] STREAM_RECYCLED level_id=1
[10:47:22.260] [INFO] [EXEC] STREAM_RECYCLED stream_id=1
[10:47:22.527] [INFO] [EXEC] STREAM_BUY_PLACED level_id=1 order_id=388369032
[10:47:22.527] [OK] [EXEC] PLACE BUY price=80859.60 qty=0.007730
[10:47:23.249] [INFO] [EXEC] STREAM_BUY_FILLED level_id=1
[10:47:23.249] [OK] [EXEC] CHUNK ADD qty=0.007730 entry=80859.60
[10:47:23.249] [INFO] [EXEC] CHUNK COUNT n=1
[10:47:23.253] [INFO] [EXEC] STREAM_TARGET_USED ticks=28 sell_price=80859.88
[10:47:23.526] [INFO] [EXEC] STREAM_SELL_PLACED stream_id=1 chunk_id=2161545615488 order_id=388369081 price=80859.88 qty=0.007730
[10:47:23.526] [INFO] GUI_PERF tick_ms=0 logs_visible=False gui_log_mode=OFF append_skipped=360
[10:47:23.797] [INFO] [EXEC] STREAM_SELL_STATUS stream_id=1 chunk_id=2161545615488 order_id=388369081 status=NEW
[10:47:23.798] [INFO] [EXEC] STREAM_REPAIR_SKIP reason=stream_owned_inventory
[10:47:23.798] [INFO] [EXEC] STREAM_GLOBAL_SELL_SKIP reason=exit_recovery_inventory_no_sell
[10:47:23.798] [INFO] [EXEC] STREAM_GLOBAL_SELL_SKIP reason=place_sell
[10:47:24.511] [INFO] [EXEC] STREAM_SELL_STATUS stream_id=1 chunk_id=2161545615488 order_id=388369081 status=NEW
[10:47:24.511] [INFO] [EXEC] STREAM_REPAIR_SKIP reason=stream_owned_inventory
[10:47:25.248] [INFO] [EXEC] STREAM_SELL_STATUS stream_id=1 chunk_id=2161545615488 order_id=388369081 status=NEW
[10:47:25.254] [INFO] GUI_PERF tick_ms=0 logs_visible=False gui_log_mode=OFF append_skipped=367
[10:47:25.255] [INFO] [EXEC] STREAM_REPAIR_SKIP reason=stream_owned_inventory
[10:47:25.512] [INFO] [EXEC] STREAM_STATS_UI cycles=12 wins=7 losses=5 pnl=-0.552231 winrate=58.33%
[10:47:26.262] [INFO] [EXEC] STREAM_SELL_STATUS stream_id=1 chunk_id=2161545615488 order_id=388369081 status=NEW
[10:47:26.262] [INFO] GUI_PERF tick_ms=0 logs_visible=False gui_log_mode=OFF append_skipped=370
[10:47:26.262] [WARNING] [EXEC] STREAM_SELL_TIMEOUT stream_id=1 chunk_id=2161545615488 order_id=388369081 age_ms=3031 timeout_ms=2800
[10:47:26.527] [INFO] [EXEC] STREAM_SELL_CANCEL_OLD stream_id=1 chunk_id=2161545615488 order_id=388369081
[10:47:26.527] [WARNING] [EXEC] STREAM_STOP_LOSS_EXIT stream_id=1 chunk_id=2161545615488 order_id=388369081 stop_price=80855.28 retry_count=0 retry_max=2
[10:47:26.825] [INFO] [EXEC] STREAM_REPAIR_SKIP reason=stream_owned_inventory
[10:47:26.826] [INFO] [EXEC] STREAM_GLOBAL_SELL_SKIP reason=exit_recovery_inventory_no_sell
[10:47:26.826] [INFO] [EXEC] STREAM_GLOBAL_SELL_SKIP reason=place_sell
[10:47:27.543] [INFO] [EXEC] STREAM_SELL_STATUS stream_id=1 chunk_id=2161545615488 order_id=388369111 status=FILLED
[10:47:27.543] [INFO] GUI_PERF tick_ms=0 logs_visible=False gui_log_mode=OFF append_skipped=377
[10:47:27.543] [INFO] [EXEC] STREAM_SELL_FILLED stream_id=1 chunk_id=2161545615488 order_id=388369111
[10:47:27.543] [OK] [EXEC] FIFO CLOSE qty=0.007730 entry=80859.60 exit=80855.28 pnl=-0.033394
[10:47:27.543] [INFO] [EXEC] STREAM_PNL stream_id=1 pnl=-0.033394
[10:47:27.543] [WARNING] [EXEC] STREAM_LOSS_COOLDOWN stream_id=1 cooldown_ms=6000
[10:47:27.543] [INFO] [EXEC] STREAM_RECYCLED level_id=1
[10:47:27.543] [INFO] [EXEC] STREAM_RECYCLED stream_id=1
[10:47:27.543] [INFO] [HEALTH] state=DANGER
[10:47:27.543] [INFO] [EXEC] STREAM_MODE_ACTIVE_SKIP_SINGLE_ENTRY
[10:47:27.867] [INFO] [EXEC] STREAM_BUY_PLACED level_id=1 order_id=388369128
[10:47:27.869] [OK] [EXEC] PLACE BUY price=80859.60 qty=0.007730
[10:47:28.557] [INFO] [EXEC] STREAM_BUY_FILLED level_id=1
[10:47:28.557] [INFO] GUI_PERF tick_ms=0 logs_visible=False gui_log_mode=OFF append_skipped=388
[10:47:28.557] [OK] [EXEC] CHUNK ADD qty=0.007730 entry=80859.60
[10:47:28.557] [INFO] [EXEC] CHUNK COUNT n=1
[10:47:28.557] [INFO] [EXEC] STREAM_TARGET_USED ticks=28 sell_price=80859.88
[10:47:28.828] [INFO] [EXEC] STREAM_SELL_PLACED stream_id=1 chunk_id=2161545257680 order_id=388369161 price=80859.88 qty=0.007730
[10:47:29.089] [INFO] [EXEC] STREAM_SELL_STATUS stream_id=1 chunk_id=2161545257680 order_id=388369161 status=FILLED
[10:47:29.089] [INFO] [EXEC] STREAM_SELL_FILLED stream_id=1 chunk_id=2161545257680 order_id=388369161
[10:47:29.089] [OK] [EXEC] FIFO CLOSE qty=0.007730 entry=80859.60 exit=80859.88 pnl=+0.002164
[10:47:29.089] [INFO] [EXEC] STREAM_PNL stream_id=1 pnl=+0.002164
[10:47:29.089] [INFO] [EXEC] STREAM_RECYCLED level_id=1
[10:47:29.089] [INFO] [EXEC] STREAM_RECYCLED stream_id=1
[10:47:29.377] [INFO] [EXEC] STREAM_BUY_PLACED level_id=1 order_id=388369180
[10:47:29.378] [OK] [EXEC] PLACE BUY price=80859.60 qty=0.007730
[10:47:30.105] [INFO] [EXEC] STREAM_BUY_FILLED level_id=1
[10:47:30.106] [INFO] GUI_PERF tick_ms=0 logs_visible=False gui_log_mode=OFF append_skipped=401
[10:47:30.107] [OK] [EXEC] CHUNK ADD qty=0.007730 entry=80859.60
[10:47:30.108] [INFO] [EXEC] CHUNK COUNT n=1
[10:47:30.109] [INFO] [EXEC] STREAM_TARGET_USED ticks=28 sell_price=80859.88
[10:47:30.381] [INFO] [EXEC] STREAM_SELL_PLACED stream_id=1 chunk_id=2161545264016 order_id=388369235 price=80859.88 qty=0.007730
[10:47:30.636] [INFO] [EXEC] STREAM_SELL_STATUS stream_id=1 chunk_id=2161545264016 order_id=388369235 status=FILLED
[10:47:30.636] [INFO] [EXEC] STREAM_SELL_FILLED stream_id=1 chunk_id=2161545264016 order_id=388369235
[10:47:30.636] [OK] [EXEC] FIFO CLOSE qty=0.007730 entry=80859.60 exit=80859.88 pnl=+0.002164
[10:47:30.636] [INFO] [EXEC] STREAM_PNL stream_id=1 pnl=+0.002164
[10:47:30.636] [INFO] [EXEC] STREAM_RECYCLED level_id=1
[10:47:30.636] [INFO] [EXEC] STREAM_RECYCLED stream_id=1
[10:47:30.636] [WARNING] [HEALTH] block spread_too_young lifetime=0
[10:47:30.636] [WARNING] [HEALTH] unstable_spread lifetime=0
[10:47:30.902] [INFO] [EXEC] STREAM_BUY_PLACED level_id=1 order_id=388369266
[10:47:30.902] [OK] [EXEC] PLACE BUY price=80859.60 qty=0.007730
[10:47:30.902] [INFO] [EXEC] STREAM_STATS_UI cycles=15 wins=9 losses=6 pnl=-0.581296 winrate=60.00%
[10:47:31.746] [INFO] [EXEC] STREAM_BUY_FILLED level_id=1
[10:47:31.746] [INFO] GUI_PERF tick_ms=0 logs_visible=False gui_log_mode=OFF append_skipped=417
[10:47:31.746] [OK] [EXEC] CHUNK ADD qty=0.007730 entry=80859.60
[10:47:31.746] [INFO] [EXEC] CHUNK COUNT n=1
[10:47:31.746] [INFO] [EXEC] STREAM_TARGET_USED ticks=28 sell_price=80859.88
[10:47:32.027] [INFO] [EXEC] STREAM_SELL_PLACED stream_id=1 chunk_id=2161545618752 order_id=388369293 price=80859.88 qty=0.007730
[10:47:32.304] [INFO] [EXEC] STREAM_SELL_STATUS stream_id=1 chunk_id=2161545618752 order_id=388369293 status=FILLED
[10:47:32.305] [INFO] [EXEC] STREAM_SELL_FILLED stream_id=1 chunk_id=2161545618752 order_id=388369293
[10:47:32.306] [OK] [EXEC] FIFO CLOSE qty=0.007730 entry=80859.60 exit=80859.88 pnl=+0.002164
[10:47:32.306] [INFO] [EXEC] STREAM_PNL stream_id=1 pnl=+0.002164
[10:47:32.306] [INFO] [EXEC] STREAM_RECYCLED level_id=1
[10:47:32.307] [INFO] [EXEC] STREAM_RECYCLED stream_id=1
[10:47:32.308] [INFO] [EXEC] STREAM_MODE_ACTIVE_SKIP_SINGLE_ENTRY
[10:47:32.558] [INFO] [EXEC] STREAM_BUY_PLACED level_id=1 order_id=388369310
[10:47:32.558] [OK] [EXEC] PLACE BUY price=80859.60 qty=0.007730
[10:47:33.430] [INFO] [EXEC] STREAM_BUY_PLACED level_id=2 order_id=388369345
[10:47:33.430] [INFO] GUI_PERF tick_ms=0 logs_visible=False gui_log_mode=OFF append_skipped=431
[10:47:33.431] [OK] [EXEC] PLACE BUY price=80859.60 qty=0.007730
[10:47:34.667] [INFO] [EXEC] STREAM_BUY_PLACED level_id=3 order_id=388369408
[10:47:34.667] [INFO] GUI_PERF tick_ms=0 logs_visible=False gui_log_mode=OFF append_skipped=433
[10:47:34.667] [OK] [EXEC] PLACE BUY price=80850.21 qty=0.007730
[10:47:36.156] [INFO] [EXEC] STREAM_RECYCLED level_id=3
[10:47:36.156] [INFO] GUI_PERF tick_ms=0 logs_visible=False gui_log_mode=OFF append_skipped=435
[10:47:36.156] [INFO] [EXEC] STREAM_BUY_RECENTER old_price=80850.21 new_price=80859.90 distance_ticks=970
[10:47:36.156] [WARNING] [HEALTH] block spread_too_young lifetime=0
[10:47:36.156] [WARNING] [HEALTH] unstable_spread lifetime=0
[10:47:36.480] [INFO] [EXEC] STREAM_BUY_PLACED level_id=3 order_id=388369491
[10:47:36.480] [OK] [EXEC] PLACE BUY price=80859.90 qty=0.007730
[10:47:36.480] [INFO] [EXEC] STREAM_STATS_UI cycles=16 wins=10 losses=6 pnl=-0.579132 winrate=62.50%
[10:47:37.388] [INFO] [EXEC] STREAM_RECYCLED level_id=1
[10:47:37.388] [INFO] GUI_PERF tick_ms=0 logs_visible=False gui_log_mode=OFF append_skipped=442
[10:47:37.388] [INFO] [EXEC] STREAM_BUY_RECENTER old_price=80859.60 new_price=80863.79 distance_ticks=420
[10:47:37.985] [INFO] [EXEC] STREAM_BUY_FILLED level_id=3
[10:47:37.986] [OK] [EXEC] CHUNK ADD qty=0.007730 entry=80859.90
[10:47:37.986] [INFO] [EXEC] CHUNK COUNT n=1
[10:47:37.987] [INFO] [EXEC] STREAM_TARGET_USED ticks=28 sell_price=80860.18
[10:47:38.245] [INFO] [EXEC] STREAM_SELL_PLACED stream_id=3 chunk_id=2161545614000 order_id=388369573 price=80860.18 qty=0.007730
[10:47:38.511] [INFO] [EXEC] STREAM_SELL_STATUS stream_id=3 chunk_id=2161545614000 order_id=388369573 status=FILLED
[10:47:38.511] [INFO] GUI_PERF tick_ms=0 logs_visible=False gui_log_mode=OFF append_skipped=449
[10:47:38.511] [INFO] [EXEC] STREAM_SELL_FILLED stream_id=3 chunk_id=2161545614000 order_id=388369573
[10:47:38.511] [OK] [EXEC] FIFO CLOSE qty=0.007730 entry=80859.90 exit=80860.18 pnl=+0.002164
[10:47:38.511] [INFO] [EXEC] STREAM_PNL stream_id=3 pnl=+0.002164
[10:47:38.511] [INFO] [EXEC] STREAM_RECYCLED level_id=3
[10:47:38.511] [INFO] [EXEC] STREAM_RECYCLED stream_id=3
[10:47:38.511] [INFO] [EXEC] STREAM_MODE_ACTIVE_SKIP_SINGLE_ENTRY
[10:47:38.776] [INFO] [EXEC] STREAM_BUY_PLACED level_id=1 order_id=388369608
[10:47:38.776] [OK] [EXEC] PLACE BUY price=80863.79 qty=0.007730
[10:47:39.449] [INFO] [EXEC] STREAM_BUY_FILLED level_id=1
[10:47:39.449] [OK] [EXEC] CHUNK ADD qty=0.007730 entry=80863.79
[10:47:39.449] [INFO] [EXEC] CHUNK COUNT n=1
[10:47:39.449] [INFO] [EXEC] STREAM_TARGET_USED ticks=28 sell_price=80864.06
[10:47:39.729] [INFO] [EXEC] STREAM_SELL_PLACED stream_id=1 chunk_id=2161545260992 order_id=388369616 price=80864.06 qty=0.007730
[10:47:39.729] [INFO] GUI_PERF tick_ms=0 logs_visible=False gui_log_mode=OFF append_skipped=462
[10:47:39.990] [INFO] [EXEC] STREAM_BUY_FILLED level_id=2
[10:47:39.991] [OK] [EXEC] CHUNK ADD qty=0.007730 entry=80859.60
[10:47:39.991] [INFO] [EXEC] CHUNK COUNT n=2
[10:47:39.992] [INFO] [EXEC] STREAM_TARGET_USED ticks=28 sell_price=80859.88
[10:47:40.252] [INFO] [EXEC] STREAM_SELL_PLACED stream_id=2 chunk_id=2161494283120 order_id=388369629 price=80859.88 qty=0.007730
[10:47:40.507] [INFO] [EXEC] STREAM_SELL_STATUS stream_id=1 chunk_id=2161545260992 order_id=388369616 status=FILLED
[10:47:40.507] [INFO] [EXEC] STREAM_SELL_FILLED stream_id=1 chunk_id=2161545260992 order_id=388369616
[10:47:40.507] [OK] [EXEC] FIFO CLOSE qty=0.007730 entry=80863.79 exit=80864.06 pnl=+0.002087
[10:47:40.507] [INFO] [EXEC] STREAM_PNL stream_id=1 pnl=+0.002087
[10:47:40.507] [INFO] [EXEC] STREAM_RECYCLED level_id=1
[10:47:40.507] [INFO] [EXEC] STREAM_RECYCLED stream_id=1
[10:47:40.776] [INFO] [EXEC] STREAM_SELL_STATUS stream_id=2 chunk_id=2161494283120 order_id=388369629 status=FILLED
[10:47:40.776] [INFO] GUI_PERF tick_ms=0 logs_visible=False gui_log_mode=OFF append_skipped=474
[10:47:40.776] [INFO] [EXEC] STREAM_SELL_FILLED stream_id=2 chunk_id=2161494283120 order_id=388369629
[10:47:40.776] [OK] [EXEC] FIFO CLOSE qty=0.007730 entry=80859.60 exit=80859.88 pnl=+0.002164
[10:47:40.776] [INFO] [EXEC] STREAM_PNL stream_id=2 pnl=+0.002164
[10:47:40.776] [INFO] [EXEC] STREAM_RECYCLED level_id=2
[10:47:40.776] [INFO] [EXEC] STREAM_RECYCLED stream_id=2
[10:47:40.776] [WARNING] [HEALTH] block spread_too_young lifetime=0
[10:47:40.776] [WARNING] [HEALTH] unstable_spread lifetime=0
[10:47:41.058] [INFO] [EXEC] STREAM_BUY_PLACED level_id=1 order_id=388369637
[10:47:41.058] [OK] [EXEC] PLACE BUY price=80863.79 qty=0.007730
[10:47:41.745] [INFO] [EXEC] STREAM_BUY_FILLED level_id=1
[10:47:41.745] [OK] [EXEC] CHUNK ADD qty=0.007730 entry=80863.79
[10:47:41.745] [INFO] [EXEC] CHUNK COUNT n=1
[10:47:41.745] [INFO] [EXEC] STREAM_TARGET_USED ticks=28 sell_price=80864.06
[10:47:42.023] [INFO] [EXEC] STREAM_SELL_PLACED stream_id=1 chunk_id=2161545260992 order_id=388369655 price=80864.06 qty=0.007730
[10:47:42.024] [INFO] GUI_PERF tick_ms=0 logs_visible=False gui_log_mode=OFF append_skipped=488
[10:47:42.290] [INFO] [EXEC] STREAM_SELL_STATUS stream_id=1 chunk_id=2161545260992 order_id=388369655 status=FILLED
[10:47:42.290] [INFO] [EXEC] STREAM_SELL_FILLED stream_id=1 chunk_id=2161545260992 order_id=388369655
[10:47:42.290] [OK] [EXEC] FIFO CLOSE qty=0.007730 entry=80863.79 exit=80864.06 pnl=+0.002087
[10:47:42.290] [INFO] [EXEC] STREAM_PNL stream_id=1 pnl=+0.002087
[10:47:42.290] [INFO] [EXEC] STREAM_RECYCLED level_id=1
[10:47:42.290] [INFO] [EXEC] STREAM_RECYCLED stream_id=1
[10:47:42.290] [INFO] [EXEC] STREAM_MODE_ACTIVE_SKIP_SINGLE_ENTRY
[10:47:42.555] [INFO] [EXEC] STREAM_BUY_PLACED level_id=1 order_id=388369669
[10:47:42.557] [OK] [EXEC] PLACE BUY price=80863.79 qty=0.007730
[10:47:42.815] [INFO] [EXEC] STREAM_STATS_UI cycles=20 wins=14 losses=6 pnl=-0.570629 winrate=70.00%
[10:47:43.516] [INFO] [EXEC] STREAM_BUY_FILLED level_id=1
[10:47:43.517] [INFO] GUI_PERF tick_ms=0 logs_visible=False gui_log_mode=OFF append_skipped=499
[10:47:43.518] [OK] [EXEC] CHUNK ADD qty=0.007730 entry=80863.79
[10:47:43.519] [INFO] [EXEC] CHUNK COUNT n=1
[10:47:43.520] [INFO] [EXEC] STREAM_TARGET_USED ticks=28 sell_price=80864.06
[10:47:43.777] [INFO] [EXEC] STREAM_SELL_PLACED stream_id=1 chunk_id=2161545618368 order_id=388369683 price=80864.06 qty=0.007730
[10:47:44.059] [INFO] [EXEC] STREAM_SELL_STATUS stream_id=1 chunk_id=2161545618368 order_id=388369683 status=NEW
[10:47:44.059] [INFO] [EXEC] STREAM_REPAIR_SKIP reason=stream_owned_inventory
[10:47:44.059] [INFO] [EXEC] STREAM_GLOBAL_SELL_SKIP reason=exit_recovery_inventory_no_sell
[10:47:44.059] [INFO] [EXEC] STREAM_GLOBAL_SELL_SKIP reason=place_sell
[10:47:44.854] [INFO] [EXEC] STREAM_SELL_STATUS stream_id=1 chunk_id=2161545618368 order_id=388369683 status=NEW
[10:47:44.854] [INFO] GUI_PERF tick_ms=0 logs_visible=False gui_log_mode=OFF append_skipped=508
[10:47:44.854] [INFO] [EXEC] STREAM_REPAIR_SKIP reason=stream_owned_inventory
[10:47:45.599] [INFO] [EXEC] STREAM_SELL_STATUS stream_id=1 chunk_id=2161545618368 order_id=388369683 status=FILLED
[10:47:45.601] [INFO] [EXEC] STREAM_SELL_FILLED stream_id=1 chunk_id=2161545618368 order_id=388369683
[10:47:45.601] [OK] [EXEC] FIFO CLOSE qty=0.007730 entry=80863.79 exit=80864.06 pnl=+0.002087
[10:47:45.602] [INFO] [EXEC] STREAM_PNL stream_id=1 pnl=+0.002087
[10:47:45.603] [INFO] [EXEC] STREAM_RECYCLED level_id=1
[10:47:45.603] [INFO] [EXEC] STREAM_RECYCLED stream_id=1
[10:47:45.605] [WARNING] [HEALTH] block spread_too_young lifetime=0
[10:47:45.605] [WARNING] [HEALTH] unstable_spread lifetime=0
[10:47:45.871] [INFO] [EXEC] STREAM_BUY_PLACED level_id=1 order_id=388369732
[10:47:45.871] [INFO] GUI_PERF tick_ms=0 logs_visible=False gui_log_mode=OFF append_skipped=518
[10:47:45.871] [OK] [EXEC] PLACE BUY price=80863.79 qty=0.007730
[10:47:46.605] [INFO] [EXEC] STREAM_BUY_FILLED level_id=1
[10:47:46.605] [OK] [EXEC] CHUNK ADD qty=0.007730 entry=80863.79
[10:47:46.605] [INFO] [EXEC] CHUNK COUNT n=1
[10:47:46.605] [INFO] [EXEC] STREAM_TARGET_USED ticks=28 sell_price=80864.06
[10:47:46.902] [INFO] [EXEC] STREAM_SELL_PLACED stream_id=1 chunk_id=2161545621488 order_id=388369753 price=80864.06 qty=0.007730
[10:47:46.903] [INFO] GUI_PERF tick_ms=0 logs_visible=False gui_log_mode=OFF append_skipped=524
[10:47:47.161] [INFO] [EXEC] STREAM_SELL_STATUS stream_id=1 chunk_id=2161545621488 order_id=388369753 status=NEW
[10:47:47.161] [INFO] [EXEC] STREAM_REPAIR_SKIP reason=stream_owned_inventory
[10:47:47.161] [INFO] [EXEC] STREAM_GLOBAL_SELL_SKIP reason=exit_recovery_inventory_no_sell
[10:47:47.161] [INFO] [EXEC] STREAM_GLOBAL_SELL_SKIP reason=place_sell
[10:47:47.902] [INFO] [EXEC] STREAM_SELL_STATUS stream_id=1 chunk_id=2161545621488 order_id=388369753 status=NEW
[10:47:47.902] [INFO] [EXEC] STREAM_REPAIR_SKIP reason=stream_owned_inventory
[10:47:48.178] [INFO] [EXEC] STREAM_STATS_UI cycles=21 wins=15 losses=6 pnl=-0.568542 winrate=71.43%
[10:47:48.178] [INFO] GUI_PERF tick_ms=0 logs_visible=False gui_log_mode=OFF append_skipped=531
[10:47:48.661] [INFO] [EXEC] STREAM_SELL_STATUS stream_id=1 chunk_id=2161545621488 order_id=388369753 status=NEW
[10:47:48.663] [INFO] [EXEC] STREAM_REPAIR_SKIP reason=stream_owned_inventory
[10:47:49.511] [INFO] [EXEC] STREAM_SELL_STATUS stream_id=1 chunk_id=2161545621488 order_id=388369753 status=NEW
[10:47:49.512] [INFO] GUI_PERF tick_ms=0 logs_visible=False gui_log_mode=OFF append_skipped=534
[10:47:49.513] [WARNING] [EXEC] STREAM_SELL_TIMEOUT stream_id=1 chunk_id=2161545621488 order_id=388369753 age_ms=2888 timeout_ms=2800
[10:47:49.761] [INFO] [EXEC] STREAM_SELL_CANCEL_OLD stream_id=1 chunk_id=2161545621488 order_id=388369753
[10:47:49.776] [WARNING] [EXEC] STREAM_STOP_LOSS_EXIT stream_id=1 chunk_id=2161545621488 order_id=388369753 stop_price=80859.32 retry_count=0 retry_max=2
[10:47:50.074] [INFO] [EXEC] STREAM_REPAIR_SKIP reason=stream_owned_inventory
[10:47:50.075] [INFO] [EXEC] STREAM_GLOBAL_SELL_SKIP reason=exit_recovery_inventory_no_sell
[10:47:50.076] [INFO] [EXEC] STREAM_GLOBAL_SELL_SKIP reason=place_sell
[10:47:50.683] [INFO] [EXEC] STREAM_SELL_STATUS stream_id=1 chunk_id=2161545621488 order_id=388369782 status=FILLED
[10:47:50.683] [INFO] GUI_PERF tick_ms=0 logs_visible=False gui_log_mode=OFF append_skipped=541
[10:47:50.699] [INFO] [EXEC] STREAM_SELL_FILLED stream_id=1 chunk_id=2161545621488 order_id=388369782
[10:47:50.699] [OK] [EXEC] FIFO CLOSE qty=0.007730 entry=80863.79 exit=80859.32 pnl=-0.034553
[10:47:50.699] [INFO] [EXEC] STREAM_PNL stream_id=1 pnl=-0.034553
[10:47:50.699] [WARNING] [EXEC] STREAM_LOSS_COOLDOWN stream_id=1 cooldown_ms=6000
[10:47:50.699] [INFO] [EXEC] STREAM_RECYCLED level_id=1
[10:47:50.699] [INFO] [EXEC] STREAM_RECYCLED stream_id=1
[10:47:50.699] [INFO] [HEALTH] state=GOOD
[10:47:50.699] [INFO] [EXEC] STREAM_MODE_ACTIVE_SKIP_SINGLE_ENTRY
[10:47:50.996] [INFO] [EXEC] STREAM_BUY_PLACED level_id=1 order_id=388369785
[10:47:50.996] [OK] [EXEC] PLACE BUY price=80863.79 qty=0.007730
[10:47:51.711] [INFO] [EXEC] STREAM_BUY_FILLED level_id=1
[10:47:51.712] [INFO] GUI_PERF tick_ms=0 logs_visible=False gui_log_mode=OFF append_skipped=552
[10:47:51.713] [OK] [EXEC] CHUNK ADD qty=0.007730 entry=80863.79
[10:47:51.714] [INFO] [EXEC] CHUNK COUNT n=1
[10:47:51.714] [INFO] [EXEC] STREAM_TARGET_USED ticks=28 sell_price=80864.06
[10:47:51.965] [INFO] [EXEC] STREAM_SELL_PLACED stream_id=1 chunk_id=2161545263584 order_id=388369830 price=80864.06 qty=0.007730
[10:47:52.239] [INFO] [EXEC] STREAM_SELL_STATUS stream_id=1 chunk_id=2161545263584 order_id=388369830 status=NEW
[10:47:52.239] [INFO] [EXEC] STREAM_REPAIR_SKIP reason=stream_owned_inventory
[10:47:52.987] [INFO] [EXEC] STREAM_SELL_STATUS stream_id=1 chunk_id=2161545263584 order_id=388369830 status=FILLED
[10:47:52.987] [INFO] GUI_PERF tick_ms=0 logs_visible=False gui_log_mode=OFF append_skipped=559
[10:47:52.987] [INFO] [EXEC] STREAM_SELL_FILLED stream_id=1 chunk_id=2161545263584 order_id=388369830
[10:47:52.987] [OK] [EXEC] FIFO CLOSE qty=0.007730 entry=80863.79 exit=80864.06 pnl=+0.002087
[10:47:52.987] [INFO] [EXEC] STREAM_PNL stream_id=1 pnl=+0.002087
[10:47:52.987] [INFO] [EXEC] STREAM_RECYCLED level_id=1
[10:47:52.987] [INFO] [EXEC] STREAM_RECYCLED stream_id=1
[10:47:53.250] [INFO] [EXEC] STREAM_BUY_PLACED level_id=1 order_id=388369846
[10:47:53.250] [OK] [EXEC] PLACE BUY price=80863.79 qty=0.007730
[10:47:53.516] [INFO] [EXEC] STREAM_STATS_UI cycles=23 wins=16 losses=7 pnl=-0.601008 winrate=69.57%
[10:47:53.996] [INFO] [EXEC] STREAM_BUY_FILLED level_id=1
[10:47:53.996] [INFO] GUI_PERF tick_ms=0 logs_visible=False gui_log_mode=OFF append_skipped=568
[10:47:53.996] [OK] [EXEC] CHUNK ADD qty=0.007730 entry=80863.79
[10:47:53.996] [INFO] [EXEC] CHUNK COUNT n=1
[10:47:53.996] [INFO] [EXEC] STREAM_TARGET_USED ticks=28 sell_price=80864.06
[10:47:54.258] [INFO] [EXEC] STREAM_SELL_PLACED stream_id=1 chunk_id=2161494283120 order_id=388369869 price=80864.06 qty=0.007730
[10:47:54.527] [INFO] [EXEC] STREAM_SELL_STATUS stream_id=1 chunk_id=2161494283120 order_id=388369869 status=NEW
[10:47:54.527] [INFO] [EXEC] STREAM_REPAIR_SKIP reason=stream_owned_inventory
[10:47:54.527] [INFO] [EXEC] STREAM_GLOBAL_SELL_SKIP reason=exit_recovery_inventory_no_sell
[10:47:54.527] [INFO] [EXEC] STREAM_GLOBAL_SELL_SKIP reason=place_sell
[10:47:56.026] [INFO] [EXEC] STREAM_SELL_STATUS stream_id=1 chunk_id=2161494283120 order_id=388369869 status=FILLED
[10:47:56.042] [INFO] GUI_PERF tick_ms=0 logs_visible=False gui_log_mode=OFF append_skipped=577
[10:47:56.042] [INFO] [EXEC] STREAM_SELL_FILLED stream_id=1 chunk_id=2161494283120 order_id=388369869
[10:47:56.042] [OK] [EXEC] FIFO CLOSE qty=0.007730 entry=80863.79 exit=80864.06 pnl=+0.002087
[10:47:56.042] [INFO] [EXEC] STREAM_PNL stream_id=1 pnl=+0.002087
[10:47:56.042] [INFO] [EXEC] STREAM_RECYCLED level_id=1
[10:47:56.042] [INFO] [EXEC] STREAM_RECYCLED stream_id=1
[10:47:56.042] [INFO] [HEALTH] state=GOOD
[10:47:56.042] [INFO] [EXEC] STREAM_MODE_ACTIVE_SKIP_SINGLE_ENTRY
[10:47:56.322] [INFO] [EXEC] STREAM_BUY_PLACED level_id=1 order_id=388369886
[10:47:56.322] [OK] [EXEC] PLACE BUY price=80863.79 qty=0.007730
[10:47:57.347] [INFO] [EXEC] STREAM_BUY_PLACED level_id=2 order_id=388369888
[10:47:57.347] [INFO] GUI_PERF tick_ms=0 logs_visible=False gui_log_mode=OFF append_skipped=587
[10:47:57.347] [OK] [EXEC] PLACE BUY price=80859.60 qty=0.007730
[10:47:58.622] [INFO] [EXEC] STREAM_RECYCLED level_id=2
[10:47:58.622] [INFO] GUI_PERF tick_ms=0 logs_visible=False gui_log_mode=OFF append_skipped=589
[10:47:58.622] [INFO] [EXEC] STREAM_BUY_RECENTER old_price=80859.60 new_price=80863.78 distance_ticks=419
[10:47:58.887] [INFO] [EXEC] STREAM_BUY_PLACED level_id=2 order_id=388369891
[10:47:58.887] [OK] [EXEC] PLACE BUY price=80863.78 qty=0.007730
[10:47:59.155] [INFO] [EXEC] STREAM_STATS_UI cycles=24 wins=17 losses=7 pnl=-0.598920 winrate=70.83%
[10:48:00.161] [INFO] [EXEC] STREAM_BUY_PLACED level_id=3 order_id=388369893
[10:48:00.161] [INFO] GUI_PERF tick_ms=0 logs_visible=False gui_log_mode=OFF append_skipped=594
[10:48:00.161] [OK] [EXEC] PLACE BUY price=80859.90 qty=0.007730
[10:48:01.651] [INFO] [EXEC] STREAM_RECYCLED level_id=3
[10:48:01.651] [INFO] GUI_PERF tick_ms=0 logs_visible=False gui_log_mode=OFF append_skipped=596
[10:48:01.651] [INFO] [EXEC] STREAM_BUY_RECENTER old_price=80859.90 new_price=80863.78 distance_ticks=389
[10:48:01.651] [INFO] [EXEC] STREAM_MODE_ACTIVE_SKIP_SINGLE_ENTRY
[10:48:01.949] [INFO] [EXEC] STREAM_BUY_PLACED level_id=3 order_id=388369945
[10:48:01.949] [OK] [EXEC] PLACE BUY price=80863.78 qty=0.007730
[10:48:04.257] [WARNING] [HEALTH] block spread_too_young lifetime=0
[10:48:04.257] [INFO] GUI_PERF tick_ms=0 logs_visible=False gui_log_mode=OFF append_skipped=601
[10:48:04.257] [WARNING] [HEALTH] unstable_spread lifetime=0
[10:48:04.542] [INFO] [EXEC] STREAM_BUY_PLACED level_id=4 order_id=388370003
[10:48:04.542] [OK] [EXEC] PLACE BUY price=80850.21 qty=0.007730
[10:48:04.542] [INFO] [EXEC] STREAM_STATS_UI cycles=24 wins=17 losses=7 pnl=-0.598920 winrate=70.83%
[10:48:06.870] [INFO] [EXEC] STREAM_RECYCLED level_id=4
[10:48:06.870] [INFO] GUI_PERF tick_ms=0 logs_visible=False gui_log_mode=OFF append_skipped=606
[10:48:06.870] [INFO] [EXEC] STREAM_BUY_RECENTER old_price=80850.21 new_price=80863.79 distance_ticks=1359
[10:48:06.870] [INFO] [EXEC] STREAM_MODE_ACTIVE_SKIP_SINGLE_ENTRY
[10:48:07.184] [INFO] [EXEC] STREAM_BUY_PLACED level_id=4 order_id=388370014
[10:48:07.184] [OK] [EXEC] PLACE BUY price=80863.79 qty=0.007730
[10:48:09.073] [INFO] [EXEC] STREAM_BUY_PLACED level_id=5 order_id=388370065
[10:48:09.073] [INFO] GUI_PERF tick_ms=0 logs_visible=False gui_log_mode=OFF append_skipped=611
[10:48:09.073] [OK] [EXEC] PLACE BUY price=80843.19 qty=0.007730
[10:48:11.859] [INFO] [EXEC] STREAM_RECYCLED level_id=5
[10:48:11.860] [INFO] GUI_PERF tick_ms=0 logs_visible=False gui_log_mode=OFF append_skipped=613
[10:48:11.860] [INFO] [EXEC] STREAM_BUY_RECENTER old_price=80843.19 new_price=80863.79 distance_ticks=2061
[10:48:11.861] [INFO] [HEALTH] state=DANGER
[10:48:11.861] [INFO] [EXEC] STREAM_MODE_ACTIVE_SKIP_SINGLE_ENTRY
[10:48:12.123] [INFO] [EXEC] STREAM_BUY_PLACED level_id=5 order_id=388370126
[10:48:12.123] [OK] [EXEC] PLACE BUY price=80863.79 qty=0.007730
[10:48:12.123] [INFO] [EXEC] STREAM_STATS_UI cycles=24 wins=17 losses=7 pnl=-0.598920 winrate=70.83%
[10:48:12.746] [INFO] [EXEC] STREAM_BUY_FILLED level_id=1
[10:48:12.761] [OK] [EXEC] CHUNK ADD qty=0.007730 entry=80863.79
[10:48:12.761] [INFO] [EXEC] CHUNK COUNT n=1
[10:48:12.761] [INFO] [EXEC] STREAM_TARGET_USED ticks=28 sell_price=80864.06
[10:48:13.011] [INFO] [EXEC] STREAM_SELL_PLACED stream_id=1 chunk_id=2161545614816 order_id=388370143 price=80864.06 qty=0.007730
[10:48:13.011] [INFO] GUI_PERF tick_ms=0 logs_visible=False gui_log_mode=OFF append_skipped=624
[10:48:13.317] [INFO] [EXEC] STREAM_BUY_FILLED level_id=2
[10:48:13.317] [OK] [EXEC] CHUNK ADD qty=0.007730 entry=80863.78
[10:48:13.317] [INFO] [EXEC] CHUNK COUNT n=2
[10:48:13.317] [INFO] [EXEC] STREAM_TARGET_USED ticks=28 sell_price=80864.06
[10:48:13.584] [INFO] [EXEC] STREAM_SELL_PLACED stream_id=2 chunk_id=2161545615056 order_id=388370150 price=80864.06 qty=0.007730
[10:48:14.326] [INFO] [EXEC] STREAM_BUY_FILLED level_id=3
[10:48:14.327] [INFO] GUI_PERF tick_ms=0 logs_visible=False gui_log_mode=OFF append_skipped=630
[10:48:14.327] [OK] [EXEC] CHUNK ADD qty=0.007730 entry=80863.78
[10:48:14.327] [INFO] [EXEC] CHUNK COUNT n=3
[10:48:14.327] [INFO] [EXEC] STREAM_TARGET_USED ticks=28 sell_price=80864.06
[10:48:14.575] [INFO] [EXEC] STREAM_SELL_PLACED stream_id=3 chunk_id=2161545619040 order_id=388370199 price=80864.06 qty=0.007730
[10:48:14.839] [INFO] [EXEC] STREAM_BUY_FILLED level_id=4
[10:48:14.839] [OK] [EXEC] CHUNK ADD qty=0.007730 entry=80863.79
[10:48:14.839] [INFO] [EXEC] CHUNK COUNT n=4
[10:48:14.839] [INFO] [EXEC] STREAM_TARGET_USED ticks=28 sell_price=80864.06
[10:48:15.114] [INFO] [EXEC] STREAM_SELL_PLACED stream_id=4 chunk_id=2161545618320 order_id=388370244 price=80864.06 qty=0.007730
[10:48:15.374] [INFO] [EXEC] STREAM_BUY_FILLED level_id=5
[10:48:15.374] [INFO] GUI_PERF tick_ms=0 logs_visible=False gui_log_mode=OFF append_skipped=640
[10:48:15.374] [OK] [EXEC] CHUNK ADD qty=0.007730 entry=80863.79
[10:48:15.374] [INFO] [EXEC] CHUNK COUNT n=5
[10:48:15.374] [INFO] [EXEC] STREAM_TARGET_USED ticks=28 sell_price=80864.06
[10:48:15.637] [INFO] [EXEC] STREAM_SELL_PLACED stream_id=5 chunk_id=2161545623600 order_id=388370265 price=80864.06 qty=0.007730
[10:48:16.374] [INFO] [EXEC] STREAM_SELL_STATUS stream_id=1 chunk_id=2161545614816 order_id=388370143 status=FILLED
[10:48:16.374] [INFO] GUI_PERF tick_ms=0 logs_visible=False gui_log_mode=OFF append_skipped=645
[10:48:16.374] [INFO] [EXEC] STREAM_SELL_FILLED stream_id=1 chunk_id=2161545614816 order_id=388370143
[10:48:16.374] [OK] [EXEC] FIFO CLOSE qty=0.007730 entry=80863.79 exit=80864.06 pnl=+0.002087
[10:48:16.374] [INFO] [EXEC] STREAM_PNL stream_id=1 pnl=+0.002087
[10:48:16.390] [INFO] [EXEC] STREAM_RECYCLED level_id=1
[10:48:16.390] [INFO] [EXEC] STREAM_RECYCLED stream_id=1
[10:48:16.635] [INFO] [EXEC] STREAM_SELL_STATUS stream_id=2 chunk_id=2161545615056 order_id=388370150 status=FILLED
[10:48:16.635] [INFO] [EXEC] STREAM_SELL_FILLED stream_id=2 chunk_id=2161545615056 order_id=388370150
[10:48:16.651] [OK] [EXEC] FIFO CLOSE qty=0.007730 entry=80863.78 exit=80864.06 pnl=+0.002164
[10:48:16.651] [INFO] [EXEC] STREAM_PNL stream_id=2 pnl=+0.002164
[10:48:16.651] [INFO] [EXEC] STREAM_RECYCLED level_id=2
[10:48:16.651] [INFO] [EXEC] STREAM_RECYCLED stream_id=2
[10:48:16.901] [INFO] [EXEC] STREAM_SELL_STATUS stream_id=3 chunk_id=2161545619040 order_id=388370199 status=NEW
[10:48:17.158] [INFO] [EXEC] STREAM_SELL_STATUS stream_id=4 chunk_id=2161545618320 order_id=388370244 status=NEW
[10:48:17.429] [INFO] [EXEC] STREAM_SELL_STATUS stream_id=5 chunk_id=2161545623600 order_id=388370265 status=NEW
[10:48:17.430] [INFO] GUI_PERF tick_ms=0 logs_visible=False gui_log_mode=OFF append_skipped=659
[10:48:17.430] [INFO] [EXEC] STREAM_REPAIR_SKIP reason=stream_owned_inventory
[10:48:17.431] [INFO] [EXEC] STREAM_GLOBAL_SELL_SKIP reason=exit_recovery_inventory_no_sell
[10:48:17.431] [INFO] [EXEC] STREAM_GLOBAL_SELL_SKIP reason=place_sell
[10:48:17.431] [INFO] [EXEC] STREAM_STATS_UI cycles=26 wins=19 losses=7 pnl=-0.594669 winrate=73.08%
[10:48:18.276] [INFO] [EXEC] STREAM_SELL_STATUS stream_id=3 chunk_id=2161545619040 order_id=388370199 status=NEW
[10:48:18.277] [WARNING] [EXEC] STREAM_SELL_TIMEOUT stream_id=3 chunk_id=2161545619040 order_id=388370199 age_ms=5516 timeout_ms=2800
[10:48:18.542] [INFO] [EXEC] STREAM_SELL_CANCEL_OLD stream_id=3 chunk_id=2161545619040 order_id=388370199
[10:48:18.542] [INFO] GUI_PERF tick_ms=0 logs_visible=False gui_log_mode=OFF append_skipped=666
[10:48:18.542] [WARNING] [EXEC] STREAM_STOP_LOSS_EXIT stream_id=3 chunk_id=2161545619040 order_id=388370199 stop_price=80831.66 retry_count=0 retry_max=2
[10:48:19.058] [INFO] [EXEC] STREAM_SELL_STATUS stream_id=4 chunk_id=2161545618320 order_id=388370244 status=NEW
[10:48:19.058] [WARNING] [EXEC] STREAM_SELL_TIMEOUT stream_id=4 chunk_id=2161545618320 order_id=388370244 age_ms=5516 timeout_ms=2800
[10:48:19.344] [INFO] [EXEC] STREAM_SELL_CANCEL_OLD stream_id=4 chunk_id=2161545618320 order_id=388370244
[10:48:19.344] [WARNING] [EXEC] STREAM_STOP_LOSS_EXIT stream_id=4 chunk_id=2161545618320 order_id=388370244 stop_price=80831.66 retry_count=0 retry_max=2
[10:48:19.855] [INFO] [EXEC] STREAM_SELL_STATUS stream_id=5 chunk_id=2161545623600 order_id=388370265 status=NEW
[10:48:19.855] [INFO] GUI_PERF tick_ms=0 logs_visible=False gui_log_mode=OFF append_skipped=672
[10:48:19.855] [WARNING] [EXEC] STREAM_SELL_TIMEOUT stream_id=5 chunk_id=2161545623600 order_id=388370265 age_ms=5516 timeout_ms=2800
[10:48:20.126] [INFO] [EXEC] STREAM_SELL_CANCEL_OLD stream_id=5 chunk_id=2161545623600 order_id=388370265
[10:48:20.127] [WARNING] [EXEC] STREAM_STOP_LOSS_EXIT stream_id=5 chunk_id=2161545623600 order_id=388370265 stop_price=80831.66 retry_count=0 retry_max=2
[10:48:20.386] [INFO] [EXEC] STREAM_REPAIR_SKIP reason=stream_owned_inventory
[10:48:20.386] [INFO] [EXEC] STREAM_GLOBAL_SELL_SKIP reason=exit_recovery_inventory_no_sell
[10:48:20.386] [INFO] [EXEC] STREAM_GLOBAL_SELL_SKIP reason=place_sell
[10:48:21.357] [INFO] [EXEC] STREAM_SELL_STATUS stream_id=3 chunk_id=2161545619040 order_id=388370587 status=FILLED
[10:48:21.357] [INFO] GUI_PERF tick_ms=0 logs_visible=False gui_log_mode=OFF append_skipped=679
[10:48:21.357] [INFO] [EXEC] STREAM_SELL_FILLED stream_id=3 chunk_id=2161545619040 order_id=388370587
[10:48:21.357] [OK] [EXEC] FIFO CLOSE qty=0.007730 entry=80863.78 exit=80831.66 pnl=-0.248288
[10:48:21.357] [INFO] [EXEC] STREAM_PNL stream_id=3 pnl=-0.248288
[10:48:21.357] [WARNING] [EXEC] STREAM_LOSS_COOLDOWN stream_id=3 cooldown_ms=6000
[10:48:21.357] [INFO] [EXEC] STREAM_RECYCLED level_id=3
[10:48:21.357] [INFO] [EXEC] STREAM_RECYCLED stream_id=3
[10:48:21.620] [INFO] [EXEC] STREAM_SELL_STATUS stream_id=4 chunk_id=2161545618320 order_id=388370623 status=FILLED
[10:48:21.620] [INFO] [EXEC] STREAM_SELL_FILLED stream_id=4 chunk_id=2161545618320 order_id=388370623
[10:48:21.620] [OK] [EXEC] FIFO CLOSE qty=0.007730 entry=80863.79 exit=80831.66 pnl=-0.248365
[10:48:21.620] [INFO] [EXEC] STREAM_PNL stream_id=4 pnl=-0.248365
[10:48:21.620] [WARNING] [EXEC] STREAM_LOSS_COOLDOWN stream_id=4 cooldown_ms=6000
[10:48:21.620] [INFO] [EXEC] STREAM_RECYCLED level_id=4
[10:48:21.620] [INFO] [EXEC] STREAM_RECYCLED stream_id=4
[10:48:21.901] [INFO] [EXEC] STREAM_SELL_STATUS stream_id=5 chunk_id=2161545623600 order_id=388370640 status=FILLED
[10:48:21.901] [INFO] [EXEC] STREAM_SELL_FILLED stream_id=5 chunk_id=2161545623600 order_id=388370640
[10:48:21.901] [OK] [EXEC] FIFO CLOSE qty=0.007730 entry=80863.79 exit=80831.66 pnl=-0.248365
[10:48:21.901] [INFO] [EXEC] STREAM_PNL stream_id=5 pnl=-0.248365
[10:48:21.901] [WARNING] [EXEC] STREAM_LOSS_COOLDOWN stream_id=5 cooldown_ms=6000
[10:48:21.901] [INFO] [EXEC] STREAM_RECYCLED level_id=5
[10:48:21.901] [INFO] [EXEC] STREAM_RECYCLED stream_id=5
[10:48:21.901] [INFO] [HEALTH] state=DANGER
[10:48:21.901] [INFO] [EXEC] STREAM_MODE_ACTIVE_SKIP_SINGLE_ENTRY
[10:48:22.173] [INFO] [EXEC] STREAM_BUY_PLACED level_id=1 order_id=388370675
[10:48:22.173] [OK] [EXEC] PLACE BUY price=80863.79 qty=0.007730
[10:48:22.886] [INFO] [EXEC] STREAM_BUY_FILLED level_id=1
[10:48:22.886] [INFO] GUI_PERF tick_ms=0 logs_visible=False gui_log_mode=OFF append_skipped=704
[10:48:22.886] [OK] [EXEC] CHUNK ADD qty=0.007730 entry=80863.79
[10:48:22.886] [INFO] [EXEC] CHUNK COUNT n=1
[10:48:22.886] [INFO] [EXEC] STREAM_TARGET_USED ticks=28 sell_price=80864.06
[10:48:23.157] [INFO] [EXEC] STREAM_SELL_PLACED stream_id=1 chunk_id=2161545610880 order_id=388370756 price=80864.06 qty=0.007730
[10:48:23.432] [INFO] [EXEC] STREAM_SELL_STATUS stream_id=1 chunk_id=2161545610880 order_id=388370756 status=NEW
[10:48:23.432] [INFO] [EXEC] STREAM_REPAIR_SKIP reason=stream_owned_inventory
[10:48:23.432] [INFO] [EXEC] STREAM_GLOBAL_SELL_SKIP reason=exit_recovery_inventory_no_sell
[10:48:23.432] [INFO] [EXEC] STREAM_GLOBAL_SELL_SKIP reason=place_sell
[10:48:23.432] [INFO] [EXEC] STREAM_STATS_UI cycles=29 wins=19 losses=10 pnl=-1.339686 winrate=65.52%
[10:48:24.178] [INFO] [EXEC] STREAM_SELL_STATUS stream_id=1 chunk_id=2161545610880 order_id=388370756 status=NEW
[10:48:24.180] [INFO] GUI_PERF tick_ms=0 logs_visible=False gui_log_mode=OFF append_skipped=714
[10:48:24.181] [INFO] [EXEC] STREAM_REPAIR_SKIP reason=stream_owned_inventory
[10:48:24.952] [INFO] [EXEC] STREAM_SELL_STATUS stream_id=1 chunk_id=2161545610880 order_id=388370756 status=NEW
[10:48:24.953] [INFO] [EXEC] STREAM_REPAIR_SKIP reason=stream_owned_inventory
[10:48:25.762] [INFO] [EXEC] STREAM_SELL_STATUS stream_id=1 chunk_id=2161545610880 order_id=388370756 status=NEW
[10:48:25.762] [INFO] GUI_PERF tick_ms=0 logs_visible=False gui_log_mode=OFF append_skipped=718
[10:48:25.762] [WARNING] [EXEC] STREAM_SELL_TIMEOUT stream_id=1 chunk_id=2161545610880 order_id=388370756 age_ms=2869 timeout_ms=2800
[10:48:26.027] [INFO] [EXEC] STREAM_SELL_CANCEL_OLD stream_id=1 chunk_id=2161545610880 order_id=388370756
[10:48:26.027] [WARNING] [EXEC] STREAM_STOP_LOSS_EXIT stream_id=1 chunk_id=2161545610880 order_id=388370756 stop_price=80840.17 retry_count=0 retry_max=2
[10:48:26.307] [INFO] [EXEC] STREAM_REPAIR_SKIP reason=stream_owned_inventory
[10:48:26.307] [INFO] [EXEC] STREAM_GLOBAL_SELL_SKIP reason=exit_recovery_inventory_no_sell
[10:48:26.307] [INFO] [EXEC] STREAM_GLOBAL_SELL_SKIP reason=place_sell
[10:48:27.102] [INFO] [EXEC] STREAM_SELL_STATUS stream_id=1 chunk_id=2161545610880 order_id=388370795 status=FILLED
[10:48:27.103] [INFO] GUI_PERF tick_ms=0 logs_visible=False gui_log_mode=OFF append_skipped=725
[10:48:27.104] [INFO] [EXEC] STREAM_SELL_FILLED stream_id=1 chunk_id=2161545610880 order_id=388370795
[10:48:27.104] [OK] [EXEC] FIFO CLOSE qty=0.007730 entry=80863.79 exit=80840.17 pnl=-0.182583
[10:48:27.105] [INFO] [EXEC] STREAM_PNL stream_id=1 pnl=-0.182583
[10:48:27.106] [WARNING] [EXEC] STREAM_LOSS_COOLDOWN stream_id=1 cooldown_ms=6000
[10:48:27.106] [INFO] [EXEC] STREAM_RECYCLED level_id=1
[10:48:27.107] [INFO] [EXEC] STREAM_RECYCLED stream_id=1
[10:48:27.109] [WARNING] [HEALTH] block spread_too_young lifetime=0
[10:48:27.109] [WARNING] [HEALTH] unstable_spread lifetime=0
[10:48:27.110] [INFO] [EXEC] STREAM_MODE_ACTIVE_SKIP_SINGLE_ENTRY
[10:48:27.375] [INFO] [EXEC] STREAM_BUY_PLACED level_id=1 order_id=388370838
[10:48:27.375] [OK] [EXEC] PLACE BUY price=80863.79 qty=0.007730
[10:48:28.011] [INFO] [EXEC] STREAM_BUY_FILLED level_id=1
[10:48:28.011] [OK] [EXEC] CHUNK ADD qty=0.007730 entry=80863.79
[10:48:28.011] [INFO] [EXEC] CHUNK COUNT n=1
[10:48:28.011] [INFO] [EXEC] STREAM_TARGET_USED ticks=28 sell_price=80864.06
[10:48:28.295] [INFO] [EXEC] STREAM_SELL_PLACED stream_id=1 chunk_id=2161545263872 order_id=388370883 price=80864.06 qty=0.007730
[10:48:28.296] [INFO] GUI_PERF tick_ms=0 logs_visible=False gui_log_mode=OFF append_skipped=741
[10:48:28.574] [INFO] [EXEC] STREAM_SELL_STATUS stream_id=1 chunk_id=2161545263872 order_id=388370883 status=NEW
[10:48:28.574] [INFO] [EXEC] STREAM_REPAIR_SKIP reason=stream_owned_inventory
[10:48:28.574] [INFO] [EXEC] STREAM_STATS_UI cycles=30 wins=19 losses=11 pnl=-1.522269 winrate=63.33%
[10:48:29.292] [INFO] [EXEC] STREAM_SELL_STATUS stream_id=1 chunk_id=2161545263872 order_id=388370883 status=NEW
[10:48:29.292] [INFO] [EXEC] STREAM_REPAIR_SKIP reason=stream_owned_inventory
[10:48:29.308] [INFO] GUI_PERF tick_ms=0 logs_visible=False gui_log_mode=OFF append_skipped=746
[10:48:29.308] [INFO] [EXEC] STREAM_GLOBAL_SELL_SKIP reason=exit_recovery_inventory_no_sell
[10:48:29.308] [INFO] [EXEC] STREAM_GLOBAL_SELL_SKIP reason=place_sell
[10:48:30.089] [INFO] [EXEC] STREAM_SELL_STATUS stream_id=1 chunk_id=2161545263872 order_id=388370883 status=NEW
[10:48:30.089] [INFO] [EXEC] STREAM_REPAIR_SKIP reason=stream_owned_inventory
[10:48:30.855] [INFO] [EXEC] STREAM_SELL_STATUS stream_id=1 chunk_id=2161545263872 order_id=388370883 status=NEW
[10:48:30.855] [INFO] GUI_PERF tick_ms=0 logs_visible=False gui_log_mode=OFF append_skipped=751
[10:48:30.855] [WARNING] [EXEC] STREAM_SELL_TIMEOUT stream_id=1 chunk_id=2161545263872 order_id=388370883 age_ms=2812 timeout_ms=2800
[10:48:31.121] [INFO] [EXEC] STREAM_SELL_CANCEL_OLD stream_id=1 chunk_id=2161545263872 order_id=388370883
[10:48:31.121] [WARNING] [EXEC] STREAM_STOP_LOSS_EXIT stream_id=1 chunk_id=2161545263872 order_id=388370883 stop_price=80842.00 retry_count=0 retry_max=2
[10:48:31.385] [INFO] [EXEC] STREAM_REPAIR_SKIP reason=stream_owned_inventory
[10:48:32.371] [INFO] [EXEC] STREAM_SELL_STATUS stream_id=1 chunk_id=2161545263872 order_id=388370976 status=FILLED
[10:48:32.371] [INFO] GUI_PERF tick_ms=0 logs_visible=False gui_log_mode=OFF append_skipped=756
[10:48:32.371] [INFO] [EXEC] STREAM_SELL_FILLED stream_id=1 chunk_id=2161545263872 order_id=388370976
[10:48:32.371] [OK] [EXEC] FIFO CLOSE qty=0.007730 entry=80863.79 exit=80842.00 pnl=-0.168437
[10:48:32.371] [INFO] [EXEC] STREAM_PNL stream_id=1 pnl=-0.168437
[10:48:32.371] [WARNING] [EXEC] STREAM_LOSS_COOLDOWN stream_id=1 cooldown_ms=6000
[10:48:32.371] [INFO] [EXEC] STREAM_RECYCLED level_id=1
[10:48:32.371] [INFO] [EXEC] STREAM_RECYCLED stream_id=1
[10:48:32.371] [INFO] [HEALTH] state=GOOD
[10:48:32.371] [INFO] [EXEC] STREAM_MODE_ACTIVE_SKIP_SINGLE_ENTRY
[10:48:32.651] [INFO] [EXEC] STREAM_BUY_PLACED level_id=1 order_id=388371023
[10:48:32.651] [OK] [EXEC] PLACE BUY price=80863.79 qty=0.007730
[10:48:33.388] [INFO] [EXEC] STREAM_BUY_FILLED level_id=1
[10:48:33.388] [INFO] GUI_PERF tick_ms=0 logs_visible=False gui_log_mode=OFF append_skipped=767
[10:48:33.403] [OK] [EXEC] CHUNK ADD qty=0.007730 entry=80863.79
[10:48:33.403] [INFO] [EXEC] CHUNK COUNT n=1
[10:48:33.403] [INFO] [EXEC] STREAM_TARGET_USED ticks=28 sell_price=80864.06
[10:48:33.699] [INFO] [EXEC] STREAM_SELL_PLACED stream_id=1 chunk_id=2161545616016 order_id=388371042 price=80864.06 qty=0.007730
[10:48:34.002] [INFO] [EXEC] STREAM_SELL_STATUS stream_id=1 chunk_id=2161545616016 order_id=388371042 status=NEW
[10:48:34.002] [INFO] [EXEC] STREAM_REPAIR_SKIP reason=stream_owned_inventory
[10:48:34.002] [INFO] [EXEC] STREAM_GLOBAL_SELL_SKIP reason=exit_recovery_inventory_no_sell
[10:48:34.003] [INFO] [EXEC] STREAM_GLOBAL_SELL_SKIP reason=place_sell
[10:48:34.003] [INFO] [EXEC] STREAM_STATS_UI cycles=31 wins=19 losses=12 pnl=-1.690706 winrate=61.29%
[10:48:34.682] [INFO] [EXEC] STREAM_SELL_STATUS stream_id=1 chunk_id=2161545616016 order_id=388371042 status=NEW
[10:48:34.682] [INFO] GUI_PERF tick_ms=0 logs_visible=False gui_log_mode=OFF append_skipped=777
[10:48:34.682] [INFO] [EXEC] STREAM_REPAIR_SKIP reason=stream_owned_inventory
[10:48:35.404] [INFO] [EXEC] STREAM_SELL_STATUS stream_id=1 chunk_id=2161545616016 order_id=388371042 status=NEW
[10:48:35.404] [INFO] [EXEC] STREAM_REPAIR_SKIP reason=stream_owned_inventory
[10:48:36.156] [INFO] [EXEC] STREAM_SELL_STATUS stream_id=1 chunk_id=2161545616016 order_id=388371042 status=NEW
[10:48:36.160] [INFO] GUI_PERF tick_ms=0 logs_visible=False gui_log_mode=OFF append_skipped=781
[10:48:36.162] [INFO] [EXEC] STREAM_REPAIR_SKIP reason=stream_owned_inventory
[10:48:36.964] [INFO] [EXEC] STREAM_SELL_STATUS stream_id=1 chunk_id=2161545616016 order_id=388371042 status=NEW
[10:48:36.965] [WARNING] [EXEC] STREAM_SELL_TIMEOUT stream_id=1 chunk_id=2161545616016 order_id=388371042 age_ms=3540 timeout_ms=2800
[10:48:37.223] [INFO] [EXEC] STREAM_SELL_CANCEL_OLD stream_id=1 chunk_id=2161545616016 order_id=388371042
[10:48:37.223] [INFO] GUI_PERF tick_ms=0 logs_visible=False gui_log_mode=OFF append_skipped=785
[10:48:37.223] [WARNING] [EXEC] STREAM_STOP_LOSS_EXIT stream_id=1 chunk_id=2161545616016 order_id=388371042 stop_price=80834.19 retry_count=0 retry_max=2
[10:48:37.481] [INFO] [EXEC] STREAM_REPAIR_SKIP reason=stream_owned_inventory
[10:48:37.481] [INFO] [EXEC] STREAM_GLOBAL_SELL_SKIP reason=exit_recovery_inventory_no_sell
[10:48:37.481] [INFO] [EXEC] STREAM_GLOBAL_SELL_SKIP reason=place_sell
[10:48:38.466] [INFO] [EXEC] STREAM_SELL_STATUS stream_id=1 chunk_id=2161545616016 order_id=388371230 status=FILLED
[10:48:38.467] [INFO] GUI_PERF tick_ms=0 logs_visible=False gui_log_mode=OFF append_skipped=790
[10:48:38.468] [INFO] [EXEC] STREAM_SELL_FILLED stream_id=1 chunk_id=2161545616016 order_id=388371230
[10:48:38.469] [OK] [EXEC] FIFO CLOSE qty=0.007730 entry=80863.79 exit=80834.19 pnl=-0.228808
[10:48:38.470] [INFO] [EXEC] STREAM_PNL stream_id=1 pnl=-0.228808
[10:48:38.470] [WARNING] [EXEC] STREAM_LOSS_COOLDOWN stream_id=1 cooldown_ms=6000
[10:48:38.470] [INFO] [EXEC] STREAM_RECYCLED level_id=1
[10:48:38.471] [INFO] [EXEC] STREAM_RECYCLED stream_id=1
[10:48:38.471] [INFO] [HEALTH] state=GOOD
[10:48:38.472] [INFO] [EXEC] STREAM_MODE_ACTIVE_SKIP_SINGLE_ENTRY
[10:48:38.729] [INFO] [EXEC] STREAM_BUY_PLACED level_id=1 order_id=388371261
[10:48:38.729] [OK] [EXEC] PLACE BUY price=80863.79 qty=0.007730
[10:48:39.512] [INFO] [EXEC] STREAM_BUY_FILLED level_id=1
[10:48:39.512] [INFO] GUI_PERF tick_ms=0 logs_visible=False gui_log_mode=OFF append_skipped=801
[10:48:39.512] [OK] [EXEC] CHUNK ADD qty=0.007730 entry=80863.79
[10:48:39.512] [INFO] [EXEC] CHUNK COUNT n=1
[10:48:39.512] [INFO] [EXEC] STREAM_TARGET_USED ticks=28 sell_price=80864.06
[10:48:39.839] [INFO] [EXEC] STREAM_SELL_PLACED stream_id=1 chunk_id=2161545249712 order_id=388371309 price=80864.06 qty=0.007730
[10:48:40.089] [INFO] [EXEC] STREAM_SELL_STATUS stream_id=1 chunk_id=2161545249712 order_id=388371309 status=NEW
[10:48:40.089] [INFO] [EXEC] STREAM_REPAIR_SKIP reason=stream_owned_inventory
[10:48:40.089] [INFO] [EXEC] STREAM_GLOBAL_SELL_SKIP reason=exit_recovery_inventory_no_sell
[10:48:40.089] [INFO] [EXEC] STREAM_GLOBAL_SELL_SKIP reason=place_sell
[10:48:40.089] [INFO] [EXEC] STREAM_STATS_UI cycles=32 wins=19 losses=13 pnl=-1.919514 winrate=59.38%
[10:48:40.768] [INFO] [EXEC] STREAM_SELL_STATUS stream_id=1 chunk_id=2161545249712 order_id=388371309 status=NEW
[10:48:40.770] [INFO] GUI_PERF tick_ms=0 logs_visible=False gui_log_mode=OFF append_skipped=811
[10:48:40.771] [INFO] [EXEC] STREAM_REPAIR_SKIP reason=stream_owned_inventory
[10:48:41.543] [INFO] [EXEC] STREAM_SELL_STATUS stream_id=1 chunk_id=2161545249712 order_id=388371309 status=NEW
[10:48:41.543] [INFO] [EXEC] STREAM_REPAIR_SKIP reason=stream_owned_inventory
[10:48:42.276] [INFO] [EXEC] STREAM_SELL_STATUS stream_id=1 chunk_id=2161545249712 order_id=388371309 status=NEW
[10:48:42.291] [INFO] GUI_PERF tick_ms=0 logs_visible=False gui_log_mode=OFF append_skipped=815
[10:48:42.291] [INFO] [EXEC] STREAM_REPAIR_SKIP reason=stream_owned_inventory
[10:48:43.120] [INFO] [EXEC] STREAM_SELL_STATUS stream_id=1 chunk_id=2161545249712 order_id=388371309 status=NEW
[10:48:43.125] [WARNING] [EXEC] STREAM_SELL_TIMEOUT stream_id=1 chunk_id=2161545249712 order_id=388371309 age_ms=3598 timeout_ms=2800
[10:48:43.387] [INFO] [EXEC] STREAM_SELL_CANCEL_OLD stream_id=1 chunk_id=2161545249712 order_id=388371309
[10:48:43.388] [INFO] GUI_PERF tick_ms=0 logs_visible=False gui_log_mode=OFF append_skipped=819
[10:48:43.388] [WARNING] [EXEC] STREAM_STOP_LOSS_EXIT stream_id=1 chunk_id=2161545249712 order_id=388371309 stop_price=80834.00 retry_count=0 retry_max=2
[10:48:43.636] [INFO] [EXEC] STREAM_REPAIR_SKIP reason=stream_owned_inventory
[10:48:43.652] [INFO] [EXEC] STREAM_GLOBAL_SELL_SKIP reason=exit_recovery_inventory_no_sell
[10:48:43.652] [INFO] [EXEC] STREAM_GLOBAL_SELL_SKIP reason=place_sell
[10:48:44.291] [INFO] [EXEC] STREAM_SELL_STATUS stream_id=1 chunk_id=2161545249712 order_id=388371424 status=FILLED
[10:48:44.307] [INFO] [EXEC] STREAM_SELL_FILLED stream_id=1 chunk_id=2161545249712 order_id=388371424
[10:48:44.307] [OK] [EXEC] FIFO CLOSE qty=0.007730 entry=80863.79 exit=80834.00 pnl=-0.230277
[10:48:44.307] [INFO] [EXEC] STREAM_PNL stream_id=1 pnl=-0.230277
[10:48:44.307] [WARNING] [EXEC] STREAM_LOSS_COOLDOWN stream_id=1 cooldown_ms=6000
[10:48:44.307] [INFO] [EXEC] STREAM_RECYCLED level_id=1
[10:48:44.307] [INFO] [EXEC] STREAM_RECYCLED stream_id=1
[10:48:44.307] [INFO] [HEALTH] state=DANGER
[10:48:44.307] [INFO] [EXEC] STREAM_MODE_ACTIVE_SKIP_SINGLE_ENTRY
[10:48:44.605] [INFO] [EXEC] STREAM_BUY_PLACED level_id=1 order_id=388371455
[10:48:44.606] [INFO] GUI_PERF tick_ms=0 logs_visible=False gui_log_mode=OFF append_skipped=833
[10:48:44.607] [OK] [EXEC] PLACE BUY price=80863.79 qty=0.007730
[10:48:45.323] [INFO] [EXEC] STREAM_BUY_FILLED level_id=1
[10:48:45.323] [OK] [EXEC] CHUNK ADD qty=0.007730 entry=80863.79
[10:48:45.323] [INFO] [EXEC] CHUNK COUNT n=1
[10:48:45.323] [INFO] [EXEC] STREAM_TARGET_USED ticks=28 sell_price=80864.06
[10:48:45.604] [INFO] [EXEC] STREAM_SELL_PLACED stream_id=1 chunk_id=2161545620384 order_id=388371476 price=80864.06 qty=0.007730
[10:48:45.885] [INFO] [EXEC] STREAM_SELL_STATUS stream_id=1 chunk_id=2161545620384 order_id=388371476 status=NEW
[10:48:45.885] [INFO] GUI_PERF tick_ms=0 logs_visible=False gui_log_mode=OFF append_skipped=840
[10:48:45.885] [INFO] [EXEC] STREAM_REPAIR_SKIP reason=stream_owned_inventory
[10:48:46.598] [INFO] [EXEC] STREAM_SELL_STATUS stream_id=1 chunk_id=2161545620384 order_id=388371476 status=NEW
[10:48:46.599] [INFO] [EXEC] STREAM_REPAIR_SKIP reason=stream_owned_inventory
[10:48:46.599] [INFO] [EXEC] STREAM_GLOBAL_SELL_SKIP reason=exit_recovery_inventory_no_sell
[10:48:46.599] [INFO] [EXEC] STREAM_GLOBAL_SELL_SKIP reason=place_sell
[10:48:46.854] [INFO] [EXEC] STREAM_STATS_UI cycles=33 wins=19 losses=14 pnl=-2.149790 winrate=57.58%
[10:48:47.320] [INFO] [EXEC] STREAM_SELL_STATUS stream_id=1 chunk_id=2161545620384 order_id=388371476 status=NEW
[10:48:47.320] [INFO] GUI_PERF tick_ms=0 logs_visible=False gui_log_mode=OFF append_skipped=847
[10:48:47.320] [INFO] [EXEC] STREAM_REPAIR_SKIP reason=stream_owned_inventory
[10:48:48.074] [INFO] [EXEC] STREAM_SELL_STATUS stream_id=1 chunk_id=2161545620384 order_id=388371476 status=NEW
[10:48:48.089] [INFO] [EXEC] STREAM_REPAIR_SKIP reason=stream_owned_inventory
[10:48:48.840] [INFO] [EXEC] STREAM_SELL_STATUS stream_id=1 chunk_id=2161545620384 order_id=388371476 status=NEW
[10:48:48.840] [INFO] GUI_PERF tick_ms=0 logs_visible=False gui_log_mode=OFF append_skipped=851
[10:48:48.856] [WARNING] [EXEC] STREAM_SELL_TIMEOUT stream_id=1 chunk_id=2161545620384 order_id=388371476 age_ms=3530 timeout_ms=2800
[10:48:49.117] [INFO] [EXEC] STREAM_SELL_CANCEL_OLD stream_id=1 chunk_id=2161545620384 order_id=388371476
[10:48:49.117] [WARNING] [EXEC] STREAM_STOP_LOSS_EXIT stream_id=1 chunk_id=2161545620384 order_id=388371476 stop_price=80837.85 retry_count=0 retry_max=2
[10:48:49.377] [INFO] [EXEC] STREAM_REPAIR_SKIP reason=stream_owned_inventory
[10:48:49.377] [INFO] [EXEC] STREAM_GLOBAL_SELL_SKIP reason=exit_recovery_inventory_no_sell
[10:48:49.377] [INFO] [EXEC] STREAM_GLOBAL_SELL_SKIP reason=place_sell
[10:48:50.650] [INFO] [EXEC] STREAM_SELL_STATUS stream_id=1 chunk_id=2161545620384 order_id=388371547 status=FILLED
[10:48:50.651] [INFO] GUI_PERF tick_ms=0 logs_visible=False gui_log_mode=OFF append_skipped=858
[10:48:50.652] [INFO] [EXEC] STREAM_SELL_FILLED stream_id=1 chunk_id=2161545620384 order_id=388371547
[10:48:50.652] [OK] [EXEC] FIFO CLOSE qty=0.007730 entry=80863.79 exit=80837.85 pnl=-0.200516
[10:48:50.652] [INFO] [EXEC] STREAM_PNL stream_id=1 pnl=-0.200516
[10:48:50.653] [WARNING] [EXEC] STREAM_LOSS_COOLDOWN stream_id=1 cooldown_ms=6000
[10:48:50.653] [INFO] [EXEC] STREAM_RECYCLED level_id=1
[10:48:50.653] [INFO] [EXEC] STREAM_RECYCLED stream_id=1
[10:48:50.654] [WARNING] [HEALTH] block spread_too_young lifetime=0
[10:48:50.654] [WARNING] [HEALTH] unstable_spread lifetime=0
[10:48:50.654] [INFO] [EXEC] STREAM_MODE_ACTIVE_SKIP_SINGLE_ENTRY
[10:48:50.902] [INFO] [EXEC] STREAM_BUY_PLACED level_id=1 order_id=388371560
[10:48:50.902] [OK] [EXEC] PLACE BUY price=80863.79 qty=0.007730
[10:48:51.668] [INFO] [EXEC] STREAM_BUY_FILLED level_id=1
[10:48:51.668] [INFO] GUI_PERF tick_ms=0 logs_visible=False gui_log_mode=OFF append_skipped=870
[10:48:51.668] [OK] [EXEC] CHUNK ADD qty=0.007730 entry=80863.79
[10:48:51.668] [INFO] [EXEC] CHUNK COUNT n=1
[10:48:51.668] [INFO] [EXEC] STREAM_TARGET_USED ticks=28 sell_price=80864.06
[10:48:51.964] [INFO] [EXEC] STREAM_SELL_PLACED stream_id=1 chunk_id=2161545262672 order_id=388371575 price=80864.06 qty=0.007730
[10:48:52.229] [INFO] [EXEC] STREAM_SELL_STATUS stream_id=1 chunk_id=2161545262672 order_id=388371575 status=NEW
[10:48:52.231] [INFO] [EXEC] STREAM_REPAIR_SKIP reason=stream_owned_inventory
[10:48:52.231] [INFO] [EXEC] STREAM_GLOBAL_SELL_SKIP reason=exit_recovery_inventory_no_sell
[10:48:52.231] [INFO] [EXEC] STREAM_GLOBAL_SELL_SKIP reason=place_sell
[10:48:52.232] [INFO] [EXEC] STREAM_STATS_UI cycles=34 wins=19 losses=15 pnl=-2.350306 winrate=55.88%
[10:48:52.933] [INFO] [EXEC] STREAM_SELL_STATUS stream_id=1 chunk_id=2161545262672 order_id=388371575 status=NEW
[10:48:52.949] [INFO] GUI_PERF tick_ms=0 logs_visible=False gui_log_mode=OFF append_skipped=880
[10:48:52.949] [INFO] [EXEC] STREAM_REPAIR_SKIP reason=stream_owned_inventory
[10:48:53.719] [INFO] [EXEC] STREAM_SELL_STATUS stream_id=1 chunk_id=2161545262672 order_id=388371575 status=NEW
[10:48:53.721] [INFO] [EXEC] STREAM_REPAIR_SKIP reason=stream_owned_inventory
[10:48:54.471] [INFO] [EXEC] STREAM_SELL_STATUS stream_id=1 chunk_id=2161545262672 order_id=388371575 status=NEW
[10:48:54.471] [INFO] GUI_PERF tick_ms=0 logs_visible=False gui_log_mode=OFF append_skipped=884
[10:48:54.471] [INFO] [EXEC] STREAM_REPAIR_SKIP reason=stream_owned_inventory
[10:48:55.217] [INFO] [EXEC] STREAM_SELL_STATUS stream_id=1 chunk_id=2161545262672 order_id=388371575 status=NEW
[10:48:55.218] [WARNING] [EXEC] STREAM_SELL_TIMEOUT stream_id=1 chunk_id=2161545262672 order_id=388371575 age_ms=3541 timeout_ms=2800
[10:48:55.509] [INFO] [EXEC] STREAM_SELL_CANCEL_OLD stream_id=1 chunk_id=2161545262672 order_id=388371575
[10:48:55.510] [INFO] GUI_PERF tick_ms=0 logs_visible=False gui_log_mode=OFF append_skipped=888
[10:48:55.511] [WARNING] [EXEC] STREAM_STOP_LOSS_EXIT stream_id=1 chunk_id=2161545262672 order_id=388371575 stop_price=80837.74 retry_count=0 retry_max=2
[10:48:55.760] [INFO] [EXEC] STREAM_REPAIR_SKIP reason=stream_owned_inventory
[10:48:55.760] [INFO] [EXEC] STREAM_GLOBAL_SELL_SKIP reason=exit_recovery_inventory_no_sell
[10:48:55.760] [INFO] [EXEC] STREAM_GLOBAL_SELL_SKIP reason=place_sell
[10:48:56.949] [INFO] [EXEC] STREAM_SELL_STATUS stream_id=1 chunk_id=2161545262672 order_id=388371580 status=FILLED
[10:48:56.949] [INFO] GUI_PERF tick_ms=0 logs_visible=False gui_log_mode=OFF append_skipped=893
[10:48:56.949] [INFO] [EXEC] STREAM_SELL_FILLED stream_id=1 chunk_id=2161545262672 order_id=388371580
[10:48:56.949] [OK] [EXEC] FIFO CLOSE qty=0.007730 entry=80863.79 exit=80837.74 pnl=-0.201366
[10:48:56.949] [INFO] [EXEC] STREAM_PNL stream_id=1 pnl=-0.201366
[10:48:56.949] [WARNING] [EXEC] STREAM_LOSS_COOLDOWN stream_id=1 cooldown_ms=6000
[10:48:56.949] [INFO] [EXEC] STREAM_RECYCLED level_id=1
[10:48:56.949] [INFO] [EXEC] STREAM_RECYCLED stream_id=1
[10:48:56.949] [INFO] [HEALTH] state=GOOD
[10:48:56.949] [INFO] [EXEC] STREAM_MODE_ACTIVE_SKIP_SINGLE_ENTRY
[10:48:57.249] [INFO] [EXEC] STREAM_BUY_PLACED level_id=1 order_id=388371592
[10:48:57.251] [OK] [EXEC] PLACE BUY price=80863.79 qty=0.007730
[10:48:57.508] [INFO] [EXEC] STREAM_STATS_UI cycles=35 wins=19 losses=16 pnl=-2.551673 winrate=54.29%
[10:48:58.496] [INFO] [EXEC] STREAM_BUY_FILLED level_id=1
[10:48:58.496] [INFO] GUI_PERF tick_ms=0 logs_visible=False gui_log_mode=OFF append_skipped=905
[10:48:58.496] [OK] [EXEC] CHUNK ADD qty=0.007730 entry=80863.79
[10:48:58.496] [INFO] [EXEC] CHUNK COUNT n=1
[10:48:58.496] [INFO] [EXEC] STREAM_TARGET_USED ticks=28 sell_price=80864.06
[10:48:58.870] [INFO] [EXEC] STREAM_SELL_PLACED stream_id=1 chunk_id=2161545618416 order_id=388371618 price=80864.06 qty=0.007730
[10:48:59.222] [INFO] [EXEC] STREAM_SELL_STATUS stream_id=1 chunk_id=2161545618416 order_id=388371618 status=NEW
[10:48:59.222] [INFO] [EXEC] STREAM_REPAIR_SKIP reason=stream_owned_inventory
[10:48:59.222] [INFO] [EXEC] STREAM_GLOBAL_SELL_SKIP reason=exit_recovery_inventory_no_sell
[10:48:59.222] [INFO] [EXEC] STREAM_GLOBAL_SELL_SKIP reason=place_sell
[10:49:00.360] [INFO] [EXEC] STREAM_SELL_STATUS stream_id=1 chunk_id=2161545618416 order_id=388371618 status=NEW
[10:49:00.360] [INFO] GUI_PERF tick_ms=0 logs_visible=False gui_log_mode=OFF append_skipped=914
[10:49:00.360] [INFO] [EXEC] STREAM_REPAIR_SKIP reason=stream_owned_inventory
[10:49:01.141] [INFO] [EXEC] STREAM_SELL_STATUS stream_id=1 chunk_id=2161545618416 order_id=388371618 status=NEW
[10:49:01.142] [WARNING] [EXEC] STREAM_SELL_TIMEOUT stream_id=1 chunk_id=2161545618416 order_id=388371618 age_ms=3093 timeout_ms=2800
[10:49:01.402] [INFO] [EXEC] STREAM_SELL_CANCEL_OLD stream_id=1 chunk_id=2161545618416 order_id=388371618
[10:49:01.402] [INFO] GUI_PERF tick_ms=0 logs_visible=False gui_log_mode=OFF append_skipped=918
[10:49:01.402] [WARNING] [EXEC] STREAM_STOP_LOSS_EXIT stream_id=1 chunk_id=2161545618416 order_id=388371618 stop_price=80836.74 retry_count=0 retry_max=2
[10:49:01.684] [INFO] [EXEC] STREAM_REPAIR_SKIP reason=stream_owned_inventory
[10:49:02.699] [INFO] [EXEC] STREAM_STATS_UI cycles=35 wins=19 losses=16 pnl=-2.551673 winrate=54.29%
[10:49:02.699] [INFO] GUI_PERF tick_ms=0 logs_visible=False gui_log_mode=OFF append_skipped=921
[10:49:03.192] [INFO] [EXEC] STREAM_SELL_STATUS stream_id=1 chunk_id=2161545618416 order_id=388371674 status=FILLED
[10:49:03.192] [INFO] [EXEC] STREAM_SELL_FILLED stream_id=1 chunk_id=2161545618416 order_id=388371674
[10:49:03.192] [OK] [EXEC] FIFO CLOSE qty=0.007730 entry=80863.79 exit=80836.74 pnl=-0.209096
[10:49:03.192] [INFO] [EXEC] STREAM_PNL stream_id=1 pnl=-0.209096
[10:49:03.192] [WARNING] [EXEC] STREAM_LOSS_COOLDOWN stream_id=1 cooldown_ms=6000
[10:49:03.192] [INFO] [EXEC] STREAM_RECYCLED level_id=1
[10:49:03.192] [INFO] [EXEC] STREAM_RECYCLED stream_id=1
[10:49:03.192] [INFO] [HEALTH] state=DANGER
[10:49:03.207] [INFO] [EXEC] STREAM_MODE_ACTIVE_SKIP_SINGLE_ENTRY
[10:49:03.496] [INFO] [EXEC] STREAM_BUY_PLACED level_id=1 order_id=388371765
[10:49:03.496] [OK] [EXEC] PLACE BUY price=80863.79 qty=0.007730
[10:49:04.219] [INFO] [EXEC] STREAM_BUY_FILLED level_id=1
[10:49:04.219] [INFO] GUI_PERF tick_ms=0 logs_visible=False gui_log_mode=OFF append_skipped=933
[10:49:04.220] [OK] [EXEC] CHUNK ADD qty=0.007730 entry=80863.79
[10:49:04.220] [INFO] [EXEC] CHUNK COUNT n=1
[10:49:04.220] [INFO] [EXEC] STREAM_TARGET_USED ticks=28 sell_price=80864.06
[10:49:04.469] [INFO] [EXEC] STREAM_SELL_PLACED stream_id=1 chunk_id=2161545249808 order_id=388371794 price=80864.06 qty=0.007730
[10:49:04.739] [INFO] [EXEC] STREAM_SELL_STATUS stream_id=1 chunk_id=2161545249808 order_id=388371794 status=NEW
[10:49:04.740] [INFO] [EXEC] STREAM_REPAIR_SKIP reason=stream_owned_inventory
[10:49:04.740] [INFO] [EXEC] STREAM_GLOBAL_SELL_SKIP reason=exit_recovery_inventory_no_sell
[10:49:04.741] [INFO] [EXEC] STREAM_GLOBAL_SELL_SKIP reason=place_sell
[10:49:05.920] [INFO] [EXEC] STREAM_SELL_STATUS stream_id=1 chunk_id=2161545249808 order_id=388371794 status=NEW
[10:49:05.922] [INFO] GUI_PERF tick_ms=0 logs_visible=False gui_log_mode=OFF append_skipped=942
[10:49:05.923] [INFO] [EXEC] STREAM_REPAIR_SKIP reason=stream_owned_inventory
[10:49:06.700] [INFO] [EXEC] STREAM_SELL_STATUS stream_id=1 chunk_id=2161545249808 order_id=388371794 status=NEW
[10:49:06.700] [INFO] [EXEC] STREAM_REPAIR_SKIP reason=stream_owned_inventory
[10:49:07.590] [INFO] [EXEC] STREAM_SELL_STATUS stream_id=1 chunk_id=2161545249808 order_id=388371794 status=NEW
[10:49:07.590] [INFO] GUI_PERF tick_ms=0 logs_visible=False gui_log_mode=OFF append_skipped=946
[10:49:07.606] [WARNING] [EXEC] STREAM_SELL_TIMEOUT stream_id=1 chunk_id=2161545249808 order_id=388371794 age_ms=3393 timeout_ms=2800
[10:49:07.871] [INFO] [EXEC] STREAM_SELL_CANCEL_OLD stream_id=1 chunk_id=2161545249808 order_id=388371794
[10:49:07.871] [WARNING] [EXEC] STREAM_STOP_LOSS_EXIT stream_id=1 chunk_id=2161545249808 order_id=388371794 stop_price=80834.13 retry_count=0 retry_max=2
[10:49:08.143] [INFO] [EXEC] STREAM_REPAIR_SKIP reason=stream_owned_inventory
[10:49:08.143] [INFO] [EXEC] STREAM_GLOBAL_SELL_SKIP reason=exit_recovery_inventory_no_sell
[10:49:08.143] [INFO] [EXEC] STREAM_GLOBAL_SELL_SKIP reason=place_sell
[10:49:08.729] [INFO] [EXEC] STREAM_SELL_STATUS stream_id=1 chunk_id=2161545249808 order_id=388371862 status=FILLED
[10:49:08.729] [INFO] GUI_PERF tick_ms=0 logs_visible=False gui_log_mode=OFF append_skipped=953
[10:49:08.729] [INFO] [EXEC] STREAM_SELL_FILLED stream_id=1 chunk_id=2161545249808 order_id=388371862
[10:49:08.729] [OK] [EXEC] FIFO CLOSE qty=0.007730 entry=80863.79 exit=80834.13 pnl=-0.229272
[10:49:08.729] [INFO] [EXEC] STREAM_PNL stream_id=1 pnl=-0.229272
[10:49:08.729] [WARNING] [EXEC] STREAM_LOSS_COOLDOWN stream_id=1 cooldown_ms=6000
[10:49:08.729] [INFO] [EXEC] STREAM_RECYCLED level_id=1
[10:49:08.729] [INFO] [EXEC] STREAM_RECYCLED stream_id=1
[10:49:08.729] [INFO] [HEALTH] state=DANGER
[10:49:08.745] [INFO] [EXEC] STREAM_MODE_ACTIVE_SKIP_SINGLE_ENTRY
[10:49:09.042] [INFO] [EXEC] STREAM_BUY_PLACED level_id=1 order_id=388371918
[10:49:09.042] [OK] [EXEC] PLACE BUY price=80863.79 qty=0.007730
[10:49:09.337] [INFO] [EXEC] STREAM_STATS_UI cycles=37 wins=19 losses=18 pnl=-2.990041 winrate=51.35%
[10:49:09.729] [INFO] [EXEC] STREAM_BUY_FILLED level_id=1
[10:49:09.729] [INFO] GUI_PERF tick_ms=0 logs_visible=False gui_log_mode=OFF append_skipped=965
[10:49:09.729] [OK] [EXEC] CHUNK ADD qty=0.007730 entry=80863.79
[10:49:09.729] [INFO] [EXEC] CHUNK COUNT n=1
[10:49:09.729] [INFO] [EXEC] STREAM_TARGET_USED ticks=28 sell_price=80864.06
[10:49:09.996] [INFO] [EXEC] STREAM_SELL_PLACED stream_id=1 chunk_id=2161545614912 order_id=388371942 price=80864.06 qty=0.007730
[10:49:10.261] [INFO] [EXEC] STREAM_SELL_STATUS stream_id=1 chunk_id=2161545614912 order_id=388371942 status=NEW
[10:49:10.261] [INFO] [EXEC] STREAM_REPAIR_SKIP reason=stream_owned_inventory
[10:49:10.996] [INFO] [EXEC] STREAM_SELL_STATUS stream_id=1 chunk_id=2161545614912 order_id=388371942 status=NEW
[10:49:10.996] [INFO] GUI_PERF tick_ms=0 logs_visible=False gui_log_mode=OFF append_skipped=972
[10:49:10.996] [INFO] [EXEC] STREAM_REPAIR_SKIP reason=stream_owned_inventory
[10:49:10.996] [INFO] [EXEC] STREAM_GLOBAL_SELL_SKIP reason=exit_recovery_inventory_no_sell
[10:49:10.996] [INFO] [EXEC] STREAM_GLOBAL_SELL_SKIP reason=place_sell
[10:49:11.776] [INFO] [EXEC] STREAM_SELL_STATUS stream_id=1 chunk_id=2161545614912 order_id=388371942 status=NEW
[10:49:11.776] [INFO] [EXEC] STREAM_REPAIR_SKIP reason=stream_owned_inventory
[10:49:12.543] [INFO] [EXEC] STREAM_SELL_STATUS stream_id=1 chunk_id=2161545614912 order_id=388371942 status=NEW
[10:49:12.543] [INFO] GUI_PERF tick_ms=0 logs_visible=False gui_log_mode=OFF append_skipped=978
[10:49:12.543] [INFO] [EXEC] STREAM_REPAIR_SKIP reason=stream_owned_inventory
[10:49:13.260] [INFO] [EXEC] STREAM_SELL_STATUS stream_id=1 chunk_id=2161545614912 order_id=388371942 status=NEW
[10:49:13.261] [WARNING] [EXEC] STREAM_SELL_TIMEOUT stream_id=1 chunk_id=2161545614912 order_id=388371942 age_ms=3517 timeout_ms=2800
[10:49:13.543] [INFO] [EXEC] STREAM_SELL_CANCEL_OLD stream_id=1 chunk_id=2161545614912 order_id=388371942
[10:49:13.543] [INFO] GUI_PERF tick_ms=0 logs_visible=False gui_log_mode=OFF append_skipped=982
[10:49:13.543] [WARNING] [EXEC] STREAM_STOP_LOSS_EXIT stream_id=1 chunk_id=2161545614912 order_id=388371942 stop_price=80834.00 retry_count=0 retry_max=2
[10:49:13.840] [INFO] [EXEC] STREAM_REPAIR_SKIP reason=stream_owned_inventory
[10:49:13.840] [INFO] [EXEC] STREAM_GLOBAL_SELL_SKIP reason=exit_recovery_inventory_no_sell
[10:49:13.840] [INFO] [EXEC] STREAM_GLOBAL_SELL_SKIP reason=place_sell
[10:49:14.870] [INFO] [EXEC] STREAM_STATS_UI cycles=37 wins=19 losses=18 pnl=-2.990041 winrate=51.35%
[10:49:14.870] [INFO] GUI_PERF tick_ms=0 logs_visible=False gui_log_mode=OFF append_skipped=987
[10:49:15.319] [INFO] [EXEC] STREAM_SELL_STATUS stream_id=1 chunk_id=2161545614912 order_id=388372050 status=FILLED
[10:49:15.320] [INFO] [EXEC] STREAM_SELL_FILLED stream_id=1 chunk_id=2161545614912 order_id=388372050
[10:49:15.321] [OK] [EXEC] FIFO CLOSE qty=0.007730 entry=80863.79 exit=80834.00 pnl=-0.230277
[10:49:15.322] [INFO] [EXEC] STREAM_PNL stream_id=1 pnl=-0.230277
[10:49:15.323] [WARNING] [EXEC] STREAM_LOSS_COOLDOWN stream_id=1 cooldown_ms=6000
[10:49:15.323] [INFO] [EXEC] STREAM_RECYCLED level_id=1
[10:49:15.324] [INFO] [EXEC] STREAM_RECYCLED stream_id=1
[10:49:15.324] [WARNING] [HEALTH] block spread_too_young lifetime=0
[10:49:15.324] [WARNING] [HEALTH] unstable_spread lifetime=0
[10:49:15.324] [INFO] [EXEC] STREAM_MODE_ACTIVE_SKIP_SINGLE_ENTRY
[10:49:15.597] [INFO] [EXEC] STREAM_BUY_PLACED level_id=1 order_id=388372133
[10:49:15.597] [OK] [EXEC] PLACE BUY price=80863.79 qty=0.007730
[10:49:16.351] [INFO] [EXEC] STREAM_BUY_FILLED level_id=1
[10:49:16.351] [INFO] GUI_PERF tick_ms=0 logs_visible=False gui_log_mode=OFF append_skipped=1000
[10:49:16.351] [OK] [EXEC] CHUNK ADD qty=0.007730 entry=80863.79
[10:49:16.351] [INFO] [EXEC] CHUNK COUNT n=1
[10:49:16.351] [INFO] [EXEC] STREAM_TARGET_USED ticks=28 sell_price=80864.06
[10:49:16.604] [INFO] [EXEC] STREAM_SELL_PLACED stream_id=1 chunk_id=2161545258832 order_id=388372170 price=80864.06 qty=0.007730
[10:49:16.886] [INFO] [EXEC] STREAM_SELL_STATUS stream_id=1 chunk_id=2161545258832 order_id=388372170 status=NEW
[10:49:16.902] [INFO] [EXEC] STREAM_REPAIR_SKIP reason=stream_owned_inventory
[10:49:16.902] [INFO] [EXEC] STREAM_GLOBAL_SELL_SKIP reason=exit_recovery_inventory_no_sell
[10:49:16.902] [INFO] [EXEC] STREAM_GLOBAL_SELL_SKIP reason=place_sell
[10:49:17.652] [INFO] [EXEC] STREAM_SELL_STATUS stream_id=1 chunk_id=2161545258832 order_id=388372170 status=NEW
[10:49:17.652] [INFO] GUI_PERF tick_ms=0 logs_visible=False gui_log_mode=OFF append_skipped=1009
[10:49:17.652] [INFO] [EXEC] STREAM_REPAIR_SKIP reason=stream_owned_inventory
[10:49:18.433] [INFO] [EXEC] STREAM_SELL_STATUS stream_id=1 chunk_id=2161545258832 order_id=388372170 status=NEW
[10:49:18.433] [INFO] [EXEC] STREAM_REPAIR_SKIP reason=stream_owned_inventory
[10:49:19.171] [INFO] [EXEC] STREAM_SELL_STATUS stream_id=1 chunk_id=2161545258832 order_id=388372170 status=NEW
[10:49:19.171] [INFO] GUI_PERF tick_ms=0 logs_visible=False gui_log_mode=OFF append_skipped=1013
[10:49:19.171] [WARNING] [EXEC] STREAM_SELL_TIMEOUT stream_id=1 chunk_id=2161545258832 order_id=388372170 age_ms=2828 timeout_ms=2800
[10:49:19.496] [INFO] [EXEC] STREAM_SELL_CANCEL_OLD stream_id=1 chunk_id=2161545258832 order_id=388372170
[10:49:19.496] [WARNING] [EXEC] STREAM_STOP_LOSS_EXIT stream_id=1 chunk_id=2161545258832 order_id=388372170 stop_price=80830.22 retry_count=0 retry_max=2
[10:49:19.792] [INFO] [EXEC] STREAM_REPAIR_SKIP reason=stream_owned_inventory
[10:49:19.792] [INFO] [EXEC] STREAM_GLOBAL_SELL_SKIP reason=exit_recovery_inventory_no_sell
[10:49:19.792] [INFO] [EXEC] STREAM_GLOBAL_SELL_SKIP reason=place_sell
[10:49:20.351] [INFO] [EXEC] STREAM_STATS_UI cycles=38 wins=19 losses=19 pnl=-3.220318 winrate=50.00%
[10:49:20.351] [INFO] GUI_PERF tick_ms=0 logs_visible=False gui_log_mode=OFF append_skipped=1020
[10:49:20.698] [INFO] [EXEC] STREAM_SELL_STATUS stream_id=1 chunk_id=2161545258832 order_id=388372233 status=FILLED
[10:49:20.698] [INFO] [EXEC] STREAM_SELL_FILLED stream_id=1 chunk_id=2161545258832 order_id=388372233
[10:49:20.698] [OK] [EXEC] FIFO CLOSE qty=0.007730 entry=80863.79 exit=80830.22 pnl=-0.259496
[10:49:20.698] [INFO] [EXEC] STREAM_PNL stream_id=1 pnl=-0.259496
[10:49:20.714] [WARNING] [EXEC] STREAM_LOSS_COOLDOWN stream_id=1 cooldown_ms=6000
[10:49:20.714] [INFO] [EXEC] STREAM_RECYCLED level_id=1
[10:49:20.714] [INFO] [EXEC] STREAM_RECYCLED stream_id=1
[10:49:20.714] [INFO] [HEALTH] state=GOOD
[10:49:20.714] [INFO] [EXEC] STREAM_MODE_ACTIVE_SKIP_SINGLE_ENTRY
[10:49:21.005] [INFO] [EXEC] STREAM_BUY_PLACED level_id=1 order_id=388372268
[10:49:21.006] [OK] [EXEC] PLACE BUY price=80863.79 qty=0.007730
[10:49:21.738] [INFO] [EXEC] STREAM_BUY_FILLED level_id=1
[10:49:21.739] [INFO] GUI_PERF tick_ms=0 logs_visible=False gui_log_mode=OFF append_skipped=1032
[10:49:21.740] [OK] [EXEC] CHUNK ADD qty=0.007730 entry=80863.79
[10:49:21.741] [INFO] [EXEC] CHUNK COUNT n=1
[10:49:21.741] [INFO] [EXEC] STREAM_TARGET_USED ticks=28 sell_price=80864.06
[10:49:22.011] [INFO] [EXEC] STREAM_SELL_PLACED stream_id=1 chunk_id=2161545616496 order_id=388372284 price=80864.06 qty=0.007730
[10:49:22.275] [INFO] [EXEC] STREAM_SELL_STATUS stream_id=1 chunk_id=2161545616496 order_id=388372284 status=NEW
[10:49:22.275] [INFO] [EXEC] STREAM_REPAIR_SKIP reason=stream_owned_inventory
[10:49:22.996] [INFO] [EXEC] STREAM_SELL_STATUS stream_id=1 chunk_id=2161545616496 order_id=388372284 status=NEW
[10:49:22.996] [INFO] GUI_PERF tick_ms=0 logs_visible=False gui_log_mode=OFF append_skipped=1039
[10:49:22.996] [INFO] [EXEC] STREAM_REPAIR_SKIP reason=stream_owned_inventory
[10:49:22.996] [INFO] [EXEC] STREAM_GLOBAL_SELL_SKIP reason=exit_recovery_inventory_no_sell
[10:49:22.996] [INFO] [EXEC] STREAM_GLOBAL_SELL_SKIP reason=place_sell
[10:49:23.761] [INFO] [EXEC] STREAM_SELL_STATUS stream_id=1 chunk_id=2161545616496 order_id=388372284 status=NEW
[10:49:23.761] [INFO] [EXEC] STREAM_REPAIR_SKIP reason=stream_owned_inventory
[10:49:24.542] [INFO] [EXEC] STREAM_SELL_STATUS stream_id=1 chunk_id=2161545616496 order_id=388372284 status=NEW
[10:49:24.542] [INFO] GUI_PERF tick_ms=0 logs_visible=False gui_log_mode=OFF append_skipped=1045
[10:49:24.542] [INFO] [EXEC] STREAM_REPAIR_SKIP reason=stream_owned_inventory
[10:49:25.292] [INFO] [EXEC] STREAM_SELL_STATUS stream_id=1 chunk_id=2161545616496 order_id=388372284 status=NEW
[10:49:25.292] [WARNING] [EXEC] STREAM_SELL_TIMEOUT stream_id=1 chunk_id=2161545616496 order_id=388372284 age_ms=3548 timeout_ms=2800
[10:49:25.565] [INFO] [EXEC] STREAM_SELL_CANCEL_OLD stream_id=1 chunk_id=2161545616496 order_id=388372284
[10:49:25.566] [INFO] GUI_PERF tick_ms=0 logs_visible=False gui_log_mode=OFF append_skipped=1049
[10:49:25.566] [WARNING] [EXEC] STREAM_STOP_LOSS_EXIT stream_id=1 chunk_id=2161545616496 order_id=388372284 stop_price=80832.11 retry_count=0 retry_max=2
[10:49:25.823] [INFO] [EXEC] STREAM_REPAIR_SKIP reason=stream_owned_inventory
[10:49:25.823] [INFO] [EXEC] STREAM_GLOBAL_SELL_SKIP reason=exit_recovery_inventory_no_sell
[10:49:25.823] [INFO] [EXEC] STREAM_GLOBAL_SELL_SKIP reason=place_sell
[10:49:26.373] [INFO] [EXEC] STREAM_STATS_UI cycles=39 wins=19 losses=20 pnl=-3.479814 winrate=48.72%
[10:49:26.823] [INFO] [EXEC] STREAM_SELL_STATUS stream_id=1 chunk_id=2161545616496 order_id=388372386 status=FILLED
[10:49:26.823] [INFO] GUI_PERF tick_ms=0 logs_visible=False gui_log_mode=OFF append_skipped=1055
[10:49:26.823] [INFO] [EXEC] STREAM_SELL_FILLED stream_id=1 chunk_id=2161545616496 order_id=388372386
[10:49:26.823] [OK] [EXEC] FIFO CLOSE qty=0.007730 entry=80863.79 exit=80832.11 pnl=-0.244886
[10:49:26.823] [INFO] [EXEC] STREAM_PNL stream_id=1 pnl=-0.244886
[10:49:26.823] [WARNING] [EXEC] STREAM_LOSS_COOLDOWN stream_id=1 cooldown_ms=6000
[10:49:26.823] [INFO] [EXEC] STREAM_RECYCLED level_id=1
[10:49:26.823] [INFO] [EXEC] STREAM_RECYCLED stream_id=1
[10:49:26.823] [INFO] [HEALTH] state=DANGER
[10:49:26.823] [INFO] [EXEC] STREAM_MODE_ACTIVE_SKIP_SINGLE_ENTRY
[10:49:27.105] [INFO] [EXEC] STREAM_BUY_PLACED level_id=1 order_id=388372408
[10:49:27.105] [OK] [EXEC] PLACE BUY price=80863.79 qty=0.007730
[10:49:27.871] [INFO] [EXEC] STREAM_BUY_FILLED level_id=1
[10:49:27.871] [INFO] GUI_PERF tick_ms=0 logs_visible=False gui_log_mode=OFF append_skipped=1066
[10:49:27.871] [OK] [EXEC] CHUNK ADD qty=0.007730 entry=80863.79
[10:49:27.871] [INFO] [EXEC] CHUNK COUNT n=1
[10:49:27.871] [INFO] [EXEC] STREAM_TARGET_USED ticks=28 sell_price=80864.06
[10:49:28.158] [INFO] [EXEC] STREAM_SELL_PLACED stream_id=1 chunk_id=2161545257248 order_id=388372414 price=80864.06 qty=0.007730
[10:49:28.402] [INFO] [EXEC] STREAM_SELL_STATUS stream_id=1 chunk_id=2161545257248 order_id=388372414 status=NEW
[10:49:28.402] [INFO] [EXEC] STREAM_REPAIR_SKIP reason=stream_owned_inventory
[10:49:28.402] [INFO] [EXEC] STREAM_GLOBAL_SELL_SKIP reason=exit_recovery_inventory_no_sell
[10:49:28.417] [INFO] [EXEC] STREAM_GLOBAL_SELL_SKIP reason=place_sell
[10:49:29.089] [INFO] [EXEC] STREAM_SELL_STATUS stream_id=1 chunk_id=2161545257248 order_id=388372414 status=NEW
[10:49:29.089] [INFO] GUI_PERF tick_ms=0 logs_visible=False gui_log_mode=OFF append_skipped=1075
[10:49:29.106] [INFO] [EXEC] STREAM_REPAIR_SKIP reason=stream_owned_inventory
[10:49:29.854] [INFO] [EXEC] STREAM_SELL_STATUS stream_id=1 chunk_id=2161545257248 order_id=388372414 status=NEW
[10:49:29.854] [INFO] [EXEC] STREAM_REPAIR_SKIP reason=stream_owned_inventory
[10:49:30.632] [INFO] [EXEC] STREAM_SELL_STATUS stream_id=1 chunk_id=2161545257248 order_id=388372414 status=NEW
[10:49:30.633] [INFO] GUI_PERF tick_ms=0 logs_visible=False gui_log_mode=OFF append_skipped=1079
[10:49:30.635] [INFO] [EXEC] STREAM_REPAIR_SKIP reason=stream_owned_inventory
[10:49:31.604] [INFO] [EXEC] STREAM_SELL_STATUS stream_id=1 chunk_id=2161545257248 order_id=388372414 status=NEW
[10:49:31.604] [WARNING] [EXEC] STREAM_SELL_TIMEOUT stream_id=1 chunk_id=2161545257248 order_id=388372414 age_ms=3776 timeout_ms=2800
[10:49:32.355] [INFO] [EXEC] STREAM_SELL_CANCEL_OLD stream_id=1 chunk_id=2161545257248 order_id=388372414
[10:49:32.355] [INFO] GUI_PERF tick_ms=0 logs_visible=False gui_log_mode=OFF append_skipped=1083
[10:49:32.355] [WARNING] [EXEC] STREAM_STOP_LOSS_EXIT stream_id=1 chunk_id=2161545257248 order_id=388372414 stop_price=80831.25 retry_count=0 retry_max=2
[10:49:32.623] [INFO] [EXEC] STREAM_REPAIR_SKIP reason=stream_owned_inventory
[10:49:32.624] [INFO] [EXEC] STREAM_GLOBAL_SELL_SKIP reason=exit_recovery_inventory_no_sell
[10:49:32.625] [INFO] [EXEC] STREAM_GLOBAL_SELL_SKIP reason=place_sell
[10:49:32.880] [INFO] [EXEC] STREAM_STATS_UI cycles=40 wins=19 losses=21 pnl=-3.724700 winrate=47.50%
[10:49:33.178] [INFO] [EXEC] STREAM_SELL_STATUS stream_id=1 chunk_id=2161545257248 order_id=388372453 status=FILLED
[10:49:33.179] [INFO] [EXEC] STREAM_SELL_FILLED stream_id=1 chunk_id=2161545257248 order_id=388372453
[10:49:33.180] [OK] [EXEC] FIFO CLOSE qty=0.007730 entry=80863.79 exit=80831.25 pnl=-0.251534
[10:49:33.181] [INFO] [EXEC] STREAM_PNL stream_id=1 pnl=-0.251534
[10:49:33.182] [WARNING] [EXEC] STREAM_LOSS_COOLDOWN stream_id=1 cooldown_ms=6000
[10:49:33.182] [INFO] [EXEC] STREAM_RECYCLED level_id=1
[10:49:33.183] [INFO] [EXEC] STREAM_RECYCLED stream_id=1
[10:49:33.183] [INFO] [HEALTH] state=DANGER
[10:49:33.183] [INFO] [EXEC] STREAM_MODE_ACTIVE_SKIP_SINGLE_ENTRY
[10:49:33.442] [INFO] [EXEC] STREAM_BUY_PLACED level_id=1 order_id=388372455
[10:49:33.442] [INFO] GUI_PERF tick_ms=0 logs_visible=False gui_log_mode=OFF append_skipped=1098
[10:49:33.442] [OK] [EXEC] PLACE BUY price=80863.79 qty=0.007730
[10:49:34.199] [INFO] [EXEC] STREAM_BUY_FILLED level_id=1
[10:49:34.215] [OK] [EXEC] CHUNK ADD qty=0.007730 entry=80863.79
[10:49:34.215] [INFO] [EXEC] CHUNK COUNT n=1
[10:49:34.215] [INFO] [EXEC] STREAM_TARGET_USED ticks=28 sell_price=80864.06
[10:49:34.472] [INFO] [EXEC] STREAM_SELL_PLACED stream_id=1 chunk_id=2161545621728 order_id=388372485 price=80864.06 qty=0.007730
[10:49:34.473] [INFO] GUI_PERF tick_ms=0 logs_visible=False gui_log_mode=OFF append_skipped=1104
[10:49:34.730] [INFO] [EXEC] STREAM_SELL_STATUS stream_id=1 chunk_id=2161545621728 order_id=388372485 status=NEW
[10:49:34.730] [INFO] [EXEC] STREAM_REPAIR_SKIP reason=stream_owned_inventory
[10:49:35.479] [INFO] [EXEC] STREAM_SELL_STATUS stream_id=1 chunk_id=2161545621728 order_id=388372485 status=NEW
[10:49:35.479] [INFO] GUI_PERF tick_ms=0 logs_visible=False gui_log_mode=OFF append_skipped=1107
[10:49:35.495] [INFO] [EXEC] STREAM_REPAIR_SKIP reason=stream_owned_inventory
[10:49:35.495] [INFO] [EXEC] STREAM_GLOBAL_SELL_SKIP reason=exit_recovery_inventory_no_sell
[10:49:35.495] [INFO] [EXEC] STREAM_GLOBAL_SELL_SKIP reason=place_sell
[10:49:36.276] [INFO] [EXEC] STREAM_SELL_STATUS stream_id=1 chunk_id=2161545621728 order_id=388372485 status=NEW
[10:49:36.291] [INFO] [EXEC] STREAM_REPAIR_SKIP reason=stream_owned_inventory
[10:49:37.084] [INFO] [EXEC] STREAM_SELL_STATUS stream_id=1 chunk_id=2161545621728 order_id=388372485 status=NEW
[10:49:37.086] [INFO] GUI_PERF tick_ms=0 logs_visible=False gui_log_mode=OFF append_skipped=1113
[10:49:37.086] [WARNING] [EXEC] STREAM_SELL_TIMEOUT stream_id=1 chunk_id=2161545621728 order_id=388372485 age_ms=2860 timeout_ms=2800
[10:49:37.377] [INFO] [EXEC] STREAM_SELL_CANCEL_OLD stream_id=1 chunk_id=2161545621728 order_id=388372485
[10:49:37.377] [WARNING] [EXEC] STREAM_STOP_LOSS_EXIT stream_id=1 chunk_id=2161545621728 order_id=388372485 stop_price=80831.25 retry_count=0 retry_max=2
[10:49:37.668] [INFO] [EXEC] STREAM_REPAIR_SKIP reason=stream_owned_inventory
[10:49:37.933] [INFO] [EXEC] STREAM_STATS_UI cycles=41 wins=19 losses=22 pnl=-3.976235 winrate=46.34%
[10:49:38.617] [INFO] [EXEC] STREAM_SELL_STATUS stream_id=1 chunk_id=2161545621728 order_id=388372589 status=NEW
[10:49:38.618] [INFO] GUI_PERF tick_ms=0 logs_visible=False gui_log_mode=OFF append_skipped=1119
[10:49:38.618] [INFO] [EXEC] STREAM_REPAIR_SKIP reason=stream_owned_inventory
[10:49:38.619] [INFO] [EXEC] STREAM_GLOBAL_SELL_SKIP reason=exit_recovery_inventory_no_sell
[10:49:38.619] [INFO] [EXEC] STREAM_GLOBAL_SELL_SKIP reason=place_sell
[10:49:39.361] [INFO] [EXEC] STREAM_SELL_STATUS stream_id=1 chunk_id=2161545621728 order_id=388372589 status=NEW
[10:49:39.361] [INFO] [EXEC] STREAM_REPAIR_SKIP reason=stream_owned_inventory
[10:49:40.146] [INFO] [EXEC] STREAM_SELL_STATUS stream_id=1 chunk_id=2161545621728 order_id=388372589 status=NEW
[10:49:40.146] [INFO] GUI_PERF tick_ms=0 logs_visible=False gui_log_mode=OFF append_skipped=1125
[10:49:40.146] [WARNING] [EXEC] STREAM_SELL_TIMEOUT stream_id=1 chunk_id=2161545621728 order_id=388372589 age_ms=3046 timeout_ms=2800
[10:49:40.395] [INFO] [EXEC] STREAM_SELL_CANCEL_OLD stream_id=1 chunk_id=2161545621728 order_id=388372589
[10:49:40.411] [WARNING] [EXEC] STREAM_STOP_LOSS_EXIT stream_id=1 chunk_id=2161545621728 order_id=388372589 stop_price=80825.97 retry_count=0 retry_max=2
[10:49:40.679] [INFO] [EXEC] STREAM_REPAIR_SKIP reason=stream_owned_inventory
[10:49:41.393] [INFO] [EXEC] STREAM_SELL_STATUS stream_id=1 chunk_id=2161545621728 order_id=388372665 status=FILLED
[10:49:41.393] [INFO] GUI_PERF tick_ms=0 logs_visible=False gui_log_mode=OFF append_skipped=1130
[10:49:41.393] [INFO] [EXEC] STREAM_SELL_FILLED stream_id=1 chunk_id=2161545621728 order_id=388372665
[10:49:41.393] [OK] [EXEC] FIFO CLOSE qty=0.007730 entry=80863.79 exit=80825.97 pnl=-0.292349
[10:49:41.393] [INFO] [EXEC] STREAM_PNL stream_id=1 pnl=-0.292349
[10:49:41.393] [WARNING] [EXEC] STREAM_LOSS_COOLDOWN stream_id=1 cooldown_ms=6000
[10:49:41.393] [INFO] [EXEC] STREAM_RECYCLED level_id=1
[10:49:41.393] [INFO] [EXEC] STREAM_RECYCLED stream_id=1
[10:49:41.393] [INFO] [HEALTH] state=DANGER
[10:49:41.393] [INFO] [EXEC] STREAM_MODE_ACTIVE_SKIP_SINGLE_ENTRY
[10:49:41.684] [INFO] [EXEC] STREAM_BUY_PLACED level_id=1 order_id=388372680
[10:49:41.684] [OK] [EXEC] PLACE BUY price=80863.79 qty=0.007730
[10:49:42.408] [INFO] [EXEC] STREAM_BUY_FILLED level_id=1
[10:49:42.408] [INFO] GUI_PERF tick_ms=0 logs_visible=False gui_log_mode=OFF append_skipped=1141
[10:49:42.408] [OK] [EXEC] CHUNK ADD qty=0.007730 entry=80863.79
[10:49:42.424] [INFO] [EXEC] CHUNK COUNT n=1
[10:49:42.424] [INFO] [EXEC] STREAM_TARGET_USED ticks=28 sell_price=80864.06
[10:49:42.683] [INFO] [EXEC] STREAM_SELL_PLACED stream_id=1 chunk_id=2161545262816 order_id=388372720 price=80864.06 qty=0.007730
[10:49:42.948] [INFO] [EXEC] STREAM_SELL_STATUS stream_id=1 chunk_id=2161545262816 order_id=388372720 status=NEW
[10:49:42.948] [INFO] [EXEC] STREAM_REPAIR_SKIP reason=stream_owned_inventory
[10:49:42.948] [INFO] [EXEC] STREAM_GLOBAL_SELL_SKIP reason=exit_recovery_inventory_no_sell
[10:49:42.948] [INFO] [EXEC] STREAM_GLOBAL_SELL_SKIP reason=place_sell
[10:49:43.237] [INFO] [EXEC] STREAM_STATS_UI cycles=42 wins=19 losses=23 pnl=-4.268583 winrate=45.24%
[10:49:44.257] [INFO] [EXEC] STREAM_SELL_STATUS stream_id=1 chunk_id=2161545262816 order_id=388372720 status=NEW
[10:49:44.258] [INFO] GUI_PERF tick_ms=0 logs_visible=False gui_log_mode=OFF append_skipped=1151
[10:49:44.260] [INFO] [EXEC] STREAM_REPAIR_SKIP reason=stream_owned_inventory
[10:49:45.488] [INFO] [EXEC] STREAM_SELL_STATUS stream_id=1 chunk_id=2161545262816 order_id=388372720 status=NEW
[10:49:45.488] [INFO] GUI_PERF tick_ms=0 logs_visible=False gui_log_mode=OFF append_skipped=1153
[10:49:45.488] [WARNING] [EXEC] STREAM_SELL_TIMEOUT stream_id=1 chunk_id=2161545262816 order_id=388372720 age_ms=3057 timeout_ms=2800
[10:49:45.777] [INFO] [EXEC] STREAM_SELL_CANCEL_OLD stream_id=1 chunk_id=2161545262816 order_id=388372720
[10:49:45.777] [WARNING] [EXEC] STREAM_STOP_LOSS_EXIT stream_id=1 chunk_id=2161545262816 order_id=388372720 stop_price=80827.39 retry_count=0 retry_max=2
[10:49:46.043] [INFO] [EXEC] STREAM_REPAIR_SKIP reason=stream_owned_inventory
[10:49:46.043] [INFO] [EXEC] STREAM_GLOBAL_SELL_SKIP reason=exit_recovery_inventory_no_sell
[10:49:46.043] [INFO] [EXEC] STREAM_GLOBAL_SELL_SKIP reason=place_sell
[10:49:46.836] [INFO] [EXEC] STREAM_SELL_STATUS stream_id=1 chunk_id=2161545262816 order_id=388372812 status=NEW
[10:49:46.837] [INFO] GUI_PERF tick_ms=0 logs_visible=False gui_log_mode=OFF append_skipped=1160
[10:49:46.839] [INFO] [EXEC] STREAM_REPAIR_SKIP reason=stream_owned_inventory
[10:49:47.558] [INFO] [EXEC] STREAM_SELL_STATUS stream_id=1 chunk_id=2161545262816 order_id=388372812 status=NEW
[10:49:47.558] [INFO] [EXEC] STREAM_REPAIR_SKIP reason=stream_owned_inventory
[10:49:48.345] [INFO] [EXEC] STREAM_SELL_STATUS stream_id=1 chunk_id=2161545262816 order_id=388372812 status=NEW
[10:49:48.347] [INFO] GUI_PERF tick_ms=0 logs_visible=False gui_log_mode=OFF append_skipped=1164
[10:49:48.348] [WARNING] [EXEC] STREAM_SELL_TIMEOUT stream_id=1 chunk_id=2161545262816 order_id=388372812 age_ms=2824 timeout_ms=2800
[10:49:48.599] [INFO] [EXEC] STREAM_SELL_CANCEL_OLD stream_id=1 chunk_id=2161545262816 order_id=388372812
[10:49:48.599] [WARNING] [EXEC] STREAM_STOP_LOSS_EXIT stream_id=1 chunk_id=2161545262816 order_id=388372812 stop_price=80822.58 retry_count=0 retry_max=2
[10:49:48.871] [INFO] [EXEC] STREAM_REPAIR_SKIP reason=stream_owned_inventory
[10:49:48.871] [INFO] [EXEC] STREAM_GLOBAL_SELL_SKIP reason=exit_recovery_inventory_no_sell
[10:49:48.871] [INFO] [EXEC] STREAM_GLOBAL_SELL_SKIP reason=place_sell
[10:49:48.871] [INFO] [EXEC] STREAM_STATS_UI cycles=42 wins=19 losses=23 pnl=-4.268583 winrate=45.24%
[10:49:49.575] [INFO] [EXEC] STREAM_SELL_STATUS stream_id=1 chunk_id=2161545262816 order_id=388372908 status=FILLED
[10:49:49.575] [INFO] GUI_PERF tick_ms=0 logs_visible=False gui_log_mode=OFF append_skipped=1172
[10:49:49.575] [INFO] [EXEC] STREAM_SELL_FILLED stream_id=1 chunk_id=2161545262816 order_id=388372908
[10:49:49.576] [OK] [EXEC] FIFO CLOSE qty=0.007730 entry=80863.79 exit=80822.58 pnl=-0.318553
[10:49:49.576] [INFO] [EXEC] STREAM_PNL stream_id=1 pnl=-0.318553
[10:49:49.576] [WARNING] [EXEC] STREAM_LOSS_COOLDOWN stream_id=1 cooldown_ms=6000
[10:49:49.576] [INFO] [EXEC] STREAM_RECYCLED level_id=1
[10:49:49.576] [INFO] [EXEC] STREAM_RECYCLED stream_id=1
[10:49:49.577] [WARNING] [HEALTH] block spread_too_young lifetime=0
[10:49:49.577] [WARNING] [HEALTH] unstable_spread lifetime=0
[10:49:49.577] [INFO] [EXEC] STREAM_MODE_ACTIVE_SKIP_SINGLE_ENTRY
[10:49:49.840] [INFO] [EXEC] STREAM_BUY_PLACED level_id=1 order_id=388372971
[10:49:49.841] [OK] [EXEC] PLACE BUY price=80863.79 qty=0.007730
[10:49:50.855] [INFO] [EXEC] STREAM_BUY_FILLED level_id=1
[10:49:50.855] [INFO] GUI_PERF tick_ms=0 logs_visible=False gui_log_mode=OFF append_skipped=1184
[10:49:50.855] [OK] [EXEC] CHUNK ADD qty=0.007730 entry=80863.79
[10:49:50.855] [INFO] [EXEC] CHUNK COUNT n=1
[10:49:50.871] [INFO] [EXEC] STREAM_TARGET_USED ticks=28 sell_price=80864.06
[10:49:51.139] [INFO] [EXEC] STREAM_SELL_PLACED stream_id=1 chunk_id=2161494287872 order_id=388373012 price=80864.06 qty=0.007730
[10:49:51.417] [INFO] [EXEC] STREAM_SELL_STATUS stream_id=1 chunk_id=2161494287872 order_id=388373012 status=NEW
[10:49:51.417] [INFO] [EXEC] STREAM_REPAIR_SKIP reason=stream_owned_inventory
[10:49:51.417] [INFO] [EXEC] STREAM_GLOBAL_SELL_SKIP reason=exit_recovery_inventory_no_sell
[10:49:51.417] [INFO] [EXEC] STREAM_GLOBAL_SELL_SKIP reason=place_sell
[10:49:52.110] [INFO] [EXEC] STREAM_SELL_STATUS stream_id=1 chunk_id=2161494287872 order_id=388373012 status=NEW
[10:49:52.110] [INFO] GUI_PERF tick_ms=0 logs_visible=False gui_log_mode=OFF append_skipped=1193
[10:49:52.111] [INFO] [EXEC] STREAM_REPAIR_SKIP reason=stream_owned_inventory
[10:49:52.861] [INFO] [EXEC] STREAM_SELL_STATUS stream_id=1 chunk_id=2161494287872 order_id=388373012 status=NEW
[10:49:52.863] [INFO] [EXEC] STREAM_REPAIR_SKIP reason=stream_owned_inventory
[10:49:53.604] [INFO] [EXEC] STREAM_SELL_STATUS stream_id=1 chunk_id=2161494287872 order_id=388373012 status=NEW
[10:49:53.620] [INFO] GUI_PERF tick_ms=0 logs_visible=False gui_log_mode=OFF append_skipped=1197
[10:49:53.620] [INFO] [EXEC] STREAM_REPAIR_SKIP reason=stream_owned_inventory
[10:49:54.392] [INFO] [EXEC] STREAM_SELL_STATUS stream_id=1 chunk_id=2161494287872 order_id=388373012 status=NEW
[10:49:54.393] [WARNING] [EXEC] STREAM_SELL_TIMEOUT stream_id=1 chunk_id=2161494287872 order_id=388373012 age_ms=3500 timeout_ms=2800
[10:49:54.652] [INFO] [EXEC] STREAM_SELL_CANCEL_OLD stream_id=1 chunk_id=2161494287872 order_id=388373012
[10:49:54.652] [INFO] GUI_PERF tick_ms=0 logs_visible=False gui_log_mode=OFF append_skipped=1201
[10:49:54.652] [WARNING] [EXEC] STREAM_STOP_LOSS_EXIT stream_id=1 chunk_id=2161494287872 order_id=388373012 stop_price=80820.96 retry_count=0 retry_max=2
[10:49:54.919] [INFO] [EXEC] STREAM_REPAIR_SKIP reason=stream_owned_inventory
[10:49:54.920] [INFO] [EXEC] STREAM_GLOBAL_SELL_SKIP reason=exit_recovery_inventory_no_sell
[10:49:54.921] [INFO] [EXEC] STREAM_GLOBAL_SELL_SKIP reason=place_sell
[10:49:54.922] [INFO] [EXEC] STREAM_STATS_UI cycles=43 wins=19 losses=24 pnl=-4.587137 winrate=44.19%
[10:49:55.870] [INFO] [EXEC] STREAM_SELL_STATUS stream_id=1 chunk_id=2161494287872 order_id=388373075 status=FILLED
[10:49:55.870] [INFO] GUI_PERF tick_ms=0 logs_visible=False gui_log_mode=OFF append_skipped=1207
[10:49:55.870] [INFO] [EXEC] STREAM_SELL_FILLED stream_id=1 chunk_id=2161494287872 order_id=388373075
[10:49:55.870] [OK] [EXEC] FIFO CLOSE qty=0.007730 entry=80863.79 exit=80820.96 pnl=-0.331076
[10:49:55.870] [INFO] [EXEC] STREAM_PNL stream_id=1 pnl=-0.331076
[10:49:55.870] [WARNING] [EXEC] STREAM_LOSS_COOLDOWN stream_id=1 cooldown_ms=6000
[10:49:55.870] [INFO] [EXEC] STREAM_RECYCLED level_id=1
[10:49:55.870] [INFO] [EXEC] STREAM_RECYCLED stream_id=1
[10:49:55.870] [INFO] [HEALTH] state=DANGER
[10:49:55.870] [INFO] [EXEC] STREAM_MODE_ACTIVE_SKIP_SINGLE_ENTRY
[10:49:56.142] [INFO] [EXEC] STREAM_BUY_PLACED level_id=1 order_id=388373115
[10:49:56.143] [OK] [EXEC] PLACE BUY price=80863.79 qty=0.007730
[10:49:57.359] [INFO] [EXEC] STREAM_BUY_FILLED level_id=1
[10:49:57.359] [INFO] GUI_PERF tick_ms=0 logs_visible=False gui_log_mode=OFF append_skipped=1218
[10:49:57.359] [OK] [EXEC] CHUNK ADD qty=0.007730 entry=80863.79
[10:49:57.359] [INFO] [EXEC] CHUNK COUNT n=1
[10:49:57.375] [INFO] [EXEC] STREAM_TARGET_USED ticks=28 sell_price=80864.06
[10:49:58.104] [INFO] [EXEC] STREAM_SELL_PLACED stream_id=1 chunk_id=2161545618320 order_id=388373216 price=80864.06 qty=0.007730
[10:49:58.359] [INFO] [EXEC] STREAM_SELL_STATUS stream_id=1 chunk_id=2161545618320 order_id=388373216 status=NEW
[10:49:58.359] [INFO] GUI_PERF tick_ms=0 logs_visible=False gui_log_mode=OFF append_skipped=1223
[10:49:58.359] [INFO] [EXEC] STREAM_REPAIR_SKIP reason=stream_owned_inventory
[10:49:58.359] [INFO] [EXEC] STREAM_GLOBAL_SELL_SKIP reason=exit_recovery_inventory_no_sell
[10:49:58.359] [INFO] [EXEC] STREAM_GLOBAL_SELL_SKIP reason=place_sell
[10:49:59.361] [INFO] [EXEC] STREAM_SELL_STATUS stream_id=1 chunk_id=2161545618320 order_id=388373216 status=NEW
[10:49:59.361] [INFO] GUI_PERF tick_ms=0 logs_visible=False gui_log_mode=OFF append_skipped=1227
[10:49:59.361] [INFO] [EXEC] STREAM_REPAIR_SKIP reason=stream_owned_inventory
[10:49:59.902] [INFO] [EXEC] STREAM_SELL_STATUS stream_id=1 chunk_id=2161545618320 order_id=388373216 status=NEW
[10:49:59.902] [WARNING] [EXEC] STREAM_SELL_TIMEOUT stream_id=1 chunk_id=2161545618320 order_id=388373216 age_ms=2999 timeout_ms=2800
[10:50:00.167] [INFO] [EXEC] STREAM_SELL_CANCEL_OLD stream_id=1 chunk_id=2161545618320 order_id=388373216
[10:50:00.167] [WARNING] [EXEC] STREAM_STOP_LOSS_EXIT stream_id=1 chunk_id=2161545618320 order_id=388373216 stop_price=80811.13 retry_count=0 retry_max=2
[10:50:00.429] [INFO] [EXEC] STREAM_REPAIR_SKIP reason=stream_owned_inventory
[10:50:00.429] [INFO] GUI_PERF tick_ms=0 logs_visible=False gui_log_mode=OFF append_skipped=1233
[10:50:00.429] [INFO] [EXEC] STREAM_STATS_UI cycles=44 wins=19 losses=25 pnl=-4.918212 winrate=43.18%
[10:50:01.148] [INFO] [EXEC] STREAM_SELL_STATUS stream_id=1 chunk_id=2161545618320 order_id=388373319 status=FILLED
[10:50:01.149] [INFO] [EXEC] STREAM_SELL_FILLED stream_id=1 chunk_id=2161545618320 order_id=388373319
[10:50:01.149] [OK] [EXEC] FIFO CLOSE qty=0.007730 entry=80863.79 exit=80811.13 pnl=-0.407062
[10:50:01.149] [INFO] [EXEC] STREAM_PNL stream_id=1 pnl=-0.407062
[10:50:01.149] [WARNING] [EXEC] STREAM_LOSS_COOLDOWN stream_id=1 cooldown_ms=6000
[10:50:01.149] [INFO] [EXEC] STREAM_RECYCLED level_id=1
[10:50:01.150] [INFO] [EXEC] STREAM_RECYCLED stream_id=1
[10:50:01.150] [INFO] [HEALTH] state=DANGER
[10:50:01.150] [INFO] [EXEC] STREAM_MODE_ACTIVE_SKIP_SINGLE_ENTRY
[10:50:01.402] [INFO] [EXEC] STREAM_BUY_PLACED level_id=1 order_id=388373342
[10:50:01.402] [OK] [EXEC] PLACE BUY price=80863.79 qty=0.007730
[10:50:02.158] [INFO] [EXEC] STREAM_BUY_FILLED level_id=1
[10:50:02.158] [INFO] GUI_PERF tick_ms=0 logs_visible=False gui_log_mode=OFF append_skipped=1246
[10:50:02.158] [OK] [EXEC] CHUNK ADD qty=0.007730 entry=80863.79
[10:50:02.158] [INFO] [EXEC] CHUNK COUNT n=1
[10:50:02.158] [INFO] [EXEC] STREAM_TARGET_USED ticks=28 sell_price=80864.06
[10:50:02.422] [INFO] [EXEC] STREAM_SELL_PLACED stream_id=1 chunk_id=2161545256432 order_id=388373371 price=80864.06 qty=0.007730
[10:50:02.683] [INFO] [EXEC] STREAM_SELL_STATUS stream_id=1 chunk_id=2161545256432 order_id=388373371 status=NEW
[10:50:02.683] [INFO] [EXEC] STREAM_REPAIR_SKIP reason=stream_owned_inventory
[10:50:02.683] [INFO] [EXEC] STREAM_GLOBAL_SELL_SKIP reason=exit_recovery_inventory_no_sell
[10:50:02.683] [INFO] [EXEC] STREAM_GLOBAL_SELL_SKIP reason=place_sell
[10:50:03.433] [INFO] [EXEC] STREAM_SELL_STATUS stream_id=1 chunk_id=2161545256432 order_id=388373371 status=NEW
[10:50:03.449] [INFO] GUI_PERF tick_ms=0 logs_visible=False gui_log_mode=OFF append_skipped=1255
[10:50:03.449] [INFO] [EXEC] STREAM_REPAIR_SKIP reason=stream_owned_inventory
[10:50:04.206] [INFO] [EXEC] STREAM_SELL_STATUS stream_id=1 chunk_id=2161545256432 order_id=388373371 status=NEW
[10:50:04.206] [INFO] [EXEC] STREAM_REPAIR_SKIP reason=stream_owned_inventory
[10:50:04.979] [INFO] [EXEC] STREAM_SELL_STATUS stream_id=1 chunk_id=2161545256432 order_id=388373371 status=NEW
[10:50:04.979] [INFO] GUI_PERF tick_ms=0 logs_visible=False gui_log_mode=OFF append_skipped=1259
[10:50:04.979] [WARNING] [EXEC] STREAM_SELL_TIMEOUT stream_id=1 chunk_id=2161545256432 order_id=388373371 age_ms=2828 timeout_ms=2800
[10:50:05.249] [INFO] [EXEC] STREAM_SELL_CANCEL_OLD stream_id=1 chunk_id=2161545256432 order_id=388373371
[10:50:05.250] [WARNING] [EXEC] STREAM_STOP_LOSS_EXIT stream_id=1 chunk_id=2161545256432 order_id=388373371 stop_price=80813.21 retry_count=0 retry_max=2
[10:50:05.511] [INFO] [EXEC] STREAM_REPAIR_SKIP reason=stream_owned_inventory
[10:50:05.511] [INFO] [EXEC] STREAM_GLOBAL_SELL_SKIP reason=exit_recovery_inventory_no_sell
[10:50:05.511] [INFO] [EXEC] STREAM_GLOBAL_SELL_SKIP reason=place_sell
[10:50:05.772] [INFO] [EXEC] STREAM_STATS_UI cycles=45 wins=19 losses=26 pnl=-5.325274 winrate=42.22%
[10:50:06.254] [INFO] [EXEC] STREAM_SELL_STATUS stream_id=1 chunk_id=2161545256432 order_id=388373428 status=FILLED
[10:50:06.255] [INFO] GUI_PERF tick_ms=0 logs_visible=False gui_log_mode=OFF append_skipped=1267
[10:50:06.256] [INFO] [EXEC] STREAM_SELL_FILLED stream_id=1 chunk_id=2161545256432 order_id=388373428
[10:50:06.256] [OK] [EXEC] FIFO CLOSE qty=0.007730 entry=80863.79 exit=80813.21 pnl=-0.390983
[10:50:06.256] [INFO] [EXEC] STREAM_PNL stream_id=1 pnl=-0.390983
[10:50:06.256] [WARNING] [EXEC] STREAM_LOSS_COOLDOWN stream_id=1 cooldown_ms=6000
[10:50:06.256] [INFO] [EXEC] STREAM_RECYCLED level_id=1
[10:50:06.256] [INFO] [EXEC] STREAM_RECYCLED stream_id=1
[10:50:06.260] [INFO] [HEALTH] state=DANGER
[10:50:06.260] [INFO] [EXEC] STREAM_MODE_ACTIVE_SKIP_SINGLE_ENTRY
[10:50:06.511] [INFO] [EXEC] STREAM_BUY_PLACED level_id=1 order_id=388373444
[10:50:06.511] [OK] [EXEC] PLACE BUY price=80863.79 qty=0.007730
[10:50:07.276] [INFO] [EXEC] STREAM_BUY_FILLED level_id=1
[10:50:07.276] [INFO] GUI_PERF tick_ms=0 logs_visible=False gui_log_mode=OFF append_skipped=1278
[10:50:07.276] [OK] [EXEC] CHUNK ADD qty=0.007730 entry=80863.79
[10:50:07.276] [INFO] [EXEC] CHUNK COUNT n=1
[10:50:07.276] [INFO] [EXEC] STREAM_TARGET_USED ticks=28 sell_price=80864.06
[10:50:07.550] [INFO] [EXEC] STREAM_SELL_PLACED stream_id=1 chunk_id=2161545256288 order_id=388373454 price=80864.06 qty=0.007730
[10:50:07.808] [INFO] [EXEC] STREAM_SELL_STATUS stream_id=1 chunk_id=2161545256288 order_id=388373454 status=NEW
[10:50:07.808] [INFO] [EXEC] STREAM_REPAIR_SKIP reason=stream_owned_inventory
[10:50:08.823] [INFO] START_CLICK received enabled=True api_ready=True running=True
[10:50:08.823] [INFO] GUI_PERF tick_ms=0 logs_visible=False gui_log_mode=OFF append_skipped=1285
[10:50:09.177] [WARNING] cancel all requested
