[06:54:22.891] [OK] filters loaded
[06:54:34.841] [INFO] START_CLICK received enabled=True api_ready=True running=False
[06:54:34.841] [INFO] START_SETTINGS live_enabled=True guard_mode=FAST entry_mode=AGGRESSIVE exit_engine=True order_size=10000.0
[06:54:35.339] [EXCHANGE] symbol=BTCU base=BTC quote=U status=TRADING permissions=[]
[06:54:35.339] [OK] START
[06:54:35.355] [OK] START_OK runtime_started
[06:54:35.355] [INFO] [EXEC] LIVE ON
[06:54:35.355] [INFO] [EXEC] WAIT READY
[06:54:35.605] [WS] primary url=wss://stream.binance.com:9443/ws/btcu@bookTicker
[06:54:35.621] [WS] connecting primary
[06:54:36.170] [WS] connected
[06:54:36.952] [WARNING] [HEALTH] block spread_too_young lifetime=0
[06:54:36.957] [WARNING] [HEALTH] unstable_spread lifetime=0
[06:54:36.959] [WARNING] [EXEC] BLOCK_BUY reason=spread_too_young mode=FAST ws_age=219 spread=12.98 stable=1/1 mid_delta=0.00 bid_delta=0.00
[06:54:37.201] [WARNING] [HEALTH] block spread_too_young lifetime=249
[06:54:37.201] [WARNING] [HEALTH] unstable_bid delta_ticks=-311.00
[06:54:37.201] [WARNING] [HEALTH] negative_momentum ticks=-202.00
[06:54:37.201] [WARNING] [EXEC] BLOCK_BUY reason=bid_unstable mode=FAST ws_age=156 spread=15.16 stable=2/1 mid_delta=-202.00 bid_delta=-311.00
[06:54:37.201] [OK] [PLAN] HOT entry=81046.11 exit=81057.09 profit=1.354712 age=249ms
[06:54:37.451] [WARNING] [HEALTH] block spread_too_young lifetime=499
[06:54:37.451] [WARNING] [HEALTH] unstable_bid delta_ticks=-311.00
[06:54:37.451] [WARNING] [HEALTH] negative_momentum ticks=-215.00
[06:54:37.952] [WARNING] [HEALTH] block falling_market bid_ticks=30.00 mid_ticks=-44.50
[06:54:37.956] [WARNING] [HEALTH] negative_momentum ticks=-44.50
[06:54:37.958] [WARNING] [EXEC] BLOCK_BUY reason=mid_momentum_negative mode=FAST ws_age=234 spread=11.49 stable=4/1 mid_delta=-44.50 bid_delta=30.00
[06:54:38.715] [INFO] [EXEC] SELL ACCOUNTING RESET new_cycle
[06:54:38.715] [OK] [EXEC] BUY ORDER SENT orderId=384674619 price=81046.41 qty=0.123380
[06:54:38.715] [OK] [EXEC] PLACE BUY price=81046.41 qty=0.123380
[06:54:38.994] [OK] [SYNC] order filled detected
[06:54:38.994] [OK] [SYNC] BUY filled on exchange
[06:54:38.994] [OK] [EXEC] BUY FILL UPDATE delta=0.123380 avg=81045.66
[06:54:38.994] [OK] [EXEC] CHUNK ADD qty=0.123380 entry=81045.66
[06:54:38.994] [INFO] [EXEC] CHUNK COUNT n=1
[06:54:38.994] [OK] [EXEC] INVENTORY qty=0.123380
[06:54:38.994] [OK] [EXEC] SELL REQUIRED inventory=0.123380
[06:54:39.714] [INFO] [EXEC] SELL CHECK inventory=0.123380 reported=0.000000 remaining=0.123380 chunks=1
[06:54:39.730] [OK] [EXEC] PLACE SELL price=81045.69 qty=0.123380
[06:54:39.992] [OK] [EXEC] SELL ORDER SENT orderId=384674693
[06:54:40.576] [INFO] [EXEC] RECOVERY WAIT hard_sl_pending_recovery (exit_not_blocked)
[06:54:40.842] [OK] [PLAN] READY entry=81033.78 exit=81040.99 profit=0.889714 age=3624ms
[06:54:41.218] [INFO] [EXEC] RECOVERY WAIT hard_sl_pending_recovery (exit_not_blocked)
[06:54:45.356] [INFO] [EXEC] EXIT_STAGE stage=EXIT_CROSS age_ms=5360
[06:54:45.356] [INFO] [EXEC] EXIT_REPRICE reason=stage=EXIT_CROSS
[06:54:45.356] [WARNING] [EXEC] SELL TIMEOUT orderId=384674693
[06:54:45.356] [WARNING] [EXEC] CANCEL SELL orderId=384674693
[06:54:45.889] [INFO] [EXEC] SELL FINAL STATUS status=CANCELED orderId=384674693
[06:54:45.893] [INFO] [EXEC] SELL TIMEOUT check fast_exit
[06:54:45.895] [WARNING] [EXEC] FORCE EXIT hard_sl_triggered
[06:54:45.895] [ERROR] [EXEC] HARD SL triggered
[06:54:45.895] [WARNING] [EXEC] PANIC EXIT sl_mode
[06:54:46.168] [WARNING] [EXEC] FORCE EXIT price=81040.99
[06:54:46.168] [OK] [EXEC] PLACE SELL price=81040.99 qty=0.123380
[06:54:46.434] [WARNING] [EXEC] PANIC START price=81040.99
[06:54:46.434] [OK] [EXEC] SELL ORDER SENT orderId=384674714
[06:54:48.372] [OK] [EXEC] FIFO CLOSE qty=0.123380 entry=81045.66 exit=81040.99 pnl=-0.576456
[06:54:48.372] [INFO] [EXEC] CHUNK DRAINED
[06:54:48.372] [OK] [EXEC] REALIZED pnl=-0.576456
[06:54:48.387] [INFO] [EXEC] SELL ACCOUNTING RESET flat
[06:54:48.387] [OK] [EXEC] CYCLE CLOSED pnl=-0.576456
[06:54:48.387] [INFO] [EXEC] SESSION realized=-0.576456 wins=0 losses=1
[06:54:48.387] [OK] [EXEC] EXIT_FILLED
[06:54:48.387] [INFO] [EXEC] SELL ACCOUNTING RESET flat
[06:54:48.387] [INFO] [EXEC] CYCLE SKIP no_fifo_pnl
[06:54:48.387] [OK] [EXEC] SELL FILLED id=384674714
[06:54:48.387] [OK] [EXEC] SELL FILLED qty=0.123380 remaining=0.000000
[06:54:48.387] [INFO] [EXEC] SELL ACCOUNTING RESET inventory_drained
[06:54:48.387] [INFO] [EXEC] INVENTORY DRAINED epsilon_cleanup qty=0.000000
[06:54:48.387] [INFO] [EXEC] SELL ACCOUNTING RESET flat
[06:54:48.387] [INFO] [EXEC] CYCLE SKIP no_fifo_pnl
[06:54:48.481] [INFO] [HEALTH] state=GOOD
[06:54:48.481] [WARNING] [EXEC] BLOCK_BUY reason=cooldown_loss_cycle mode=FAST ws_age=92 spread=7.10 stable=1/1 mid_delta=0.00 bid_delta=0.00
[06:54:48.731] [WARNING] [HEALTH] block falling_market bid_ticks=-211.00 mid_ticks=-105.50
[06:54:48.731] [WARNING] [HEALTH] unstable_bid delta_ticks=-211.00
[06:54:48.731] [WARNING] [HEALTH] negative_momentum ticks=-105.50
[06:54:48.731] [WARNING] [EXEC] BLOCK_BUY reason=bid_unstable mode=FAST ws_age=172 spread=9.21 stable=2/1 mid_delta=-105.50 bid_delta=-211.00
[06:54:48.985] [WARNING] [HEALTH] block falling_market bid_ticks=-70.00 mid_ticks=-35.00
[06:54:48.986] [WARNING] [HEALTH] unstable_bid delta_ticks=-70.00
[06:54:48.990] [WARNING] [HEALTH] negative_momentum ticks=-35.00
[06:54:49.737] [INFO] [EXEC] SELL ACCOUNTING RESET new_cycle
[06:54:49.752] [OK] [EXEC] BUY ORDER SENT orderId=384674771 price=81033.78 qty=0.123400
[06:54:49.752] [OK] [EXEC] PLACE BUY price=81033.78 qty=0.123400
[06:54:51.253] [INFO] [EXEC] ENTRY_REPRICE reason=bid_moved_up old=81033.78 new=81034.62 count=1
[06:54:51.784] [OK] [EXEC] ENTRY_PLACE price=81034.62 qty=0.123400
[06:54:53.873] [OK] [SYNC] order filled detected
[06:54:53.873] [OK] [SYNC] BUY filled on exchange
[06:54:53.873] [OK] [EXEC] BUY FILL UPDATE delta=0.123400 avg=81034.62
[06:54:53.878] [OK] [EXEC] CHUNK ADD qty=0.123400 entry=81034.62
[06:54:53.878] [INFO] [EXEC] CHUNK COUNT n=1
[06:54:53.878] [OK] [EXEC] INVENTORY qty=0.123400
[06:54:53.878] [OK] [EXEC] SELL REQUIRED inventory=0.123400
[06:54:54.393] [INFO] [EXEC] SELL CHECK inventory=0.123400 reported=0.000000 remaining=0.123390 chunks=1
[06:54:54.409] [OK] [EXEC] PLACE SELL price=81040.99 qty=0.123390
[06:54:54.659] [OK] [EXEC] SELL ORDER SENT orderId=384674799
[06:54:54.991] [INFO] [EXEC] RECOVERY WAIT hard_sl_pending_recovery (exit_not_blocked)
[06:54:55.252] [INFO] [EXEC] SELL UPSIZE old=0.123390 new=0.123400
[06:54:55.252] [WARNING] [EXEC] SELL TIMEOUT orderId=384674799
[06:54:55.252] [WARNING] [EXEC] CANCEL SELL orderId=384674799
[06:54:55.784] [INFO] [EXEC] SELL FINAL STATUS status=CANCELED orderId=384674799
[06:54:55.784] [INFO] [EXEC] SELL TIMEOUT check fast_exit
[06:54:55.784] [WARNING] [EXEC] FORCE EXIT hard_sl_triggered
[06:54:55.784] [ERROR] [EXEC] HARD SL triggered
[06:54:55.784] [WARNING] [EXEC] PANIC EXIT sl_mode
[06:54:56.052] [WARNING] [EXEC] FORCE EXIT price=81039.98
[06:54:56.052] [OK] [EXEC] PLACE SELL price=81039.98 qty=0.123390
[06:54:56.315] [WARNING] [EXEC] PANIC START price=81039.98
[06:54:56.315] [OK] [EXEC] SELL ORDER SENT orderId=384674870
[06:54:57.142] [OK] [PLAN] HOT entry=81026.00 exit=81036.48 profit=1.293337 age=19934ms
[06:54:57.752] [OK] [PLAN] READY entry=81027.84 exit=81032.99 profit=0.635562 age=20534ms
[06:54:59.886] [OK] [PLAN] HOT entry=81022.13 exit=81032.54 profit=1.284802 age=604ms
[06:55:00.501] [WARNING] [EXEC] PANIC WAIT still_open orderId=384674870
[06:55:01.548] [WARNING] [EXEC] PANIC ESCALATE placed orderId=384675100 step=1
[06:55:02.392] [WARNING] [EXEC] SELL_QTY_CLAMP inventory=0.123400 free=0.000017 final=0.000017
[06:55:06.022] [WARNING] [EXEC] PANIC WAIT still_open orderId=384675100
[06:55:06.547] [OK] [EXEC] FIFO CLOSE qty=0.123390 entry=81034.62 exit=81019.45 pnl=-1.871826
[06:55:06.547] [INFO] [EXEC] CHUNK DRAINED
[06:55:06.547] [OK] [EXEC] REALIZED pnl=-1.871826
[06:55:06.547] [INFO] [EXEC] SELL ACCOUNTING RESET flat
[06:55:06.547] [OK] [EXEC] CYCLE CLOSED pnl=-1.871826
[06:55:06.547] [INFO] [EXEC] SESSION realized=-2.448282 wins=0 losses=2
[06:55:06.547] [INFO] [EXEC] SELL ACCOUNTING RESET flat
[06:55:06.547] [INFO] [EXEC] CYCLE SKIP no_fifo_pnl
[06:55:06.547] [OK] [EXEC] SELL FILLED id=384675100
[06:55:06.563] [OK] [EXEC] SELL FILLED qty=0.123390 remaining=0.000000
[06:55:06.563] [INFO] [EXEC] SELL ACCOUNTING RESET inventory_drained
[06:55:06.563] [INFO] [EXEC] INVENTORY DRAINED epsilon_cleanup qty=0.000000
[06:55:06.563] [INFO] [EXEC] SELL ACCOUNTING RESET flat
[06:55:06.563] [INFO] [EXEC] CYCLE SKIP no_fifo_pnl
[06:55:06.893] [INFO] [HEALTH] state=GOOD
[06:55:06.893] [WARNING] [EXEC] BLOCK_BUY reason=cooldown_loss_cycle mode=FAST ws_age=329 spread=9.47 stable=1/1 mid_delta=0.00 bid_delta=0.00
[06:55:07.006] [OK] [PLAN] READY entry=81017.52 exit=81024.99 profit=0.922022 age=113ms
[06:55:07.499] [INFO] [EXEC] SELL ACCOUNTING RESET new_cycle
[06:55:07.514] [OK] [EXEC] BUY ORDER SENT orderId=384675280 price=81017.52 qty=0.123430
[06:55:07.514] [OK] [EXEC] PLACE BUY price=81017.52 qty=0.123430
[06:55:07.780] [OK] [SYNC] order filled detected
[06:55:07.780] [OK] [SYNC] BUY filled on exchange
[06:55:07.780] [OK] [EXEC] BUY FILL UPDATE delta=0.123430 avg=81017.52
[06:55:07.780] [OK] [EXEC] CHUNK ADD qty=0.123430 entry=81017.52
[06:55:07.780] [INFO] [EXEC] CHUNK COUNT n=1
[06:55:07.780] [OK] [EXEC] INVENTORY qty=0.123430
[06:55:07.780] [OK] [EXEC] SELL REQUIRED inventory=0.123430
[06:55:08.006] [WARNING] [EXEC] SELL_QTY_CLAMP inventory=0.123430 free=0.000017 final=0.000017
[06:55:08.530] [INFO] [EXEC] SELL CHECK inventory=0.123430 reported=0.000000 remaining=0.123420 chunks=1
[06:55:08.530] [OK] [EXEC] PLACE SELL price=81024.03 qty=0.123420
[06:55:08.795] [OK] [EXEC] SELL ORDER SENT orderId=384675305
[06:55:08.795] [OK] [PLAN] HOT entry=81015.66 exit=81024.03 profit=1.033109 age=1113ms
[06:55:09.373] [INFO] [EXEC] RECOVERY WAIT hard_sl_pending_recovery (exit_not_blocked)
[06:55:09.639] [INFO] [EXEC] SELL UPSIZE old=0.123420 new=0.123430
[06:55:09.639] [WARNING] [EXEC] SELL TIMEOUT orderId=384675305
[06:55:09.639] [WARNING] [EXEC] CANCEL SELL orderId=384675305
[06:55:10.172] [INFO] [EXEC] SELL FINAL STATUS status=CANCELED orderId=384675305
[06:55:10.172] [INFO] [EXEC] SELL TIMEOUT check fast_exit
[06:55:10.172] [WARNING] [EXEC] FORCE EXIT hard_sl_triggered
[06:55:10.172] [ERROR] [EXEC] HARD SL triggered
[06:55:10.172] [WARNING] [EXEC] PANIC EXIT sl_mode
[06:55:10.438] [WARNING] [EXEC] FORCE EXIT price=81023.02
[06:55:10.438] [OK] [EXEC] PLACE SELL price=81023.02 qty=0.123420
[06:55:10.703] [WARNING] [EXEC] PANIC START price=81023.02
[06:55:10.703] [OK] [EXEC] SELL ORDER SENT orderId=384675350
[06:55:11.531] [OK] [PLAN] READY entry=81016.19 exit=81022.01 profit=0.718363 age=4372ms
[06:55:12.156] [WARNING] [EXEC] SELL_QTY_CLAMP inventory=0.123430 free=0.000027 final=0.000027
[06:55:13.939] [OK] [PLAN] HOT entry=81013.23 exit=81022.01 profit=1.083715 age=6779ms
[06:55:14.281] [WARNING] [EXEC] SELL_QTY_CLAMP inventory=0.123430 free=0.000027 final=0.000027
[06:55:14.546] [OK] [PLAN] READY entry=81015.48 exit=81022.01 profit=0.805998 age=7388ms
[06:55:14.907] [WARNING] [EXEC] SELL_QTY_CLAMP inventory=0.123430 free=0.000027 final=0.000027
[06:55:15.171] [WARNING] [EXEC] PANIC WAIT still_open orderId=384675350
[06:55:16.216] [WARNING] [EXEC] PANIC ESCALATE placed orderId=384675445 step=1
[06:55:17.765] [OK] [EXEC] FIFO CLOSE qty=0.006170 entry=81017.52 exit=81014.32 pnl=-0.019744
[06:55:17.765] [OK] [EXEC] REALIZED pnl=-0.019744
[06:55:17.765] [OK] [EXEC] SELL PARTIAL delta=0.006170
[06:55:17.765] [OK] [EXEC] INVENTORY remaining=0.117260
[06:55:17.781] [WARNING] [EXEC] PANIC PARTIAL filled=0.006170 remaining=0.117260
[06:55:20.561] [WARNING] [EXEC] PANIC WAIT still_open orderId=384675445
[06:55:21.608] [WARNING] [EXEC] PANIC ESCALATE placed orderId=384675567 step=2
[06:55:22.466] [OK] [SYNC] order filled detected
[06:55:22.466] [OK] [SYNC] SELL filled on exchange
[06:55:22.466] [OK] [EXEC] FIFO CLOSE qty=0.111090 entry=81017.52 exit=81010.03 pnl=-0.832591
[06:55:22.466] [OK] [EXEC] REALIZED pnl=-0.832591
[06:55:22.466] [WARNING] [EXEC] SELL ACCOUNTING STALE RESET
[06:55:22.466] [WARNING] [EXEC] SELL_QTY_CLAMP inventory=0.006170 free=0.000017 final=0.000017
[06:55:22.481] [INFO] [EXEC] EXIT RECOVERY inventory_no_sell qty=0.006170
[06:55:22.993] [WARNING] [EXEC] SELL_QTY_CLAMP inventory=0.006170 free=0.000017 final=0.000017
[06:55:22.993] [INFO] [EXEC] SELL CHECK inventory=0.006170 reported=0.000000 remaining=0.000017 chunks=1
[06:55:22.993] [INFO] [EXEC] SKIP MICRO SELL epsilon=0.000015
[06:55:22.993] [WARNING] [EXEC] SELL_QTY_CLAMP inventory=0.006170 free=0.000017 final=0.000017
[06:55:23.071] [INFO] [EXEC] EXIT RECOVERY inventory_no_sell qty=0.006170
[06:55:23.590] [WARNING] [EXEC] SELL_QTY_CLAMP inventory=0.006170 free=0.000017 final=0.000017
[06:55:23.590] [INFO] [EXEC] SELL CHECK inventory=0.006170 reported=0.000000 remaining=0.000017 chunks=1
[06:55:23.590] [INFO] [EXEC] SKIP MICRO SELL epsilon=0.000015
[06:55:23.590] [WARNING] [EXEC] SELL_QTY_CLAMP inventory=0.006170 free=0.000017 final=0.000017
[06:55:23.809] [INFO] [EXEC] EXIT RECOVERY inventory_no_sell qty=0.006170
[06:55:24.327] [WARNING] [EXEC] SELL_QTY_CLAMP inventory=0.006170 free=0.000017 final=0.000017
[06:55:24.327] [INFO] [EXEC] SELL CHECK inventory=0.006170 reported=0.000000 remaining=0.000017 chunks=1
[06:55:24.327] [INFO] [EXEC] SKIP MICRO SELL epsilon=0.000015
[06:55:24.327] [WARNING] [EXEC] SELL_QTY_CLAMP inventory=0.006170 free=0.000017 final=0.000017
[06:55:24.561] [INFO] [EXEC] EXIT RECOVERY inventory_no_sell qty=0.006170
[06:55:25.090] [WARNING] [EXEC] SELL_QTY_CLAMP inventory=0.006170 free=0.000017 final=0.000017
[06:55:25.091] [INFO] [EXEC] SELL CHECK inventory=0.006170 reported=0.000000 remaining=0.000017 chunks=1
[06:55:25.091] [INFO] [EXEC] SKIP MICRO SELL epsilon=0.000015
[06:55:25.091] [WARNING] [EXEC] SELL_QTY_CLAMP inventory=0.006170 free=0.000017 final=0.000017
[06:55:25.310] [INFO] [EXEC] EXIT RECOVERY inventory_no_sell qty=0.006170
[06:55:25.826] [WARNING] [EXEC] SELL_QTY_CLAMP inventory=0.006170 free=0.000017 final=0.000017
[06:55:25.826] [INFO] [EXEC] SELL CHECK inventory=0.006170 reported=0.000000 remaining=0.000017 chunks=1
[06:55:25.841] [INFO] [EXEC] SKIP MICRO SELL epsilon=0.000015
[06:55:25.841] [WARNING] [EXEC] SELL_QTY_CLAMP inventory=0.006170 free=0.000017 final=0.000017
[06:55:26.058] [INFO] [EXEC] EXIT RECOVERY inventory_no_sell qty=0.006170
[06:55:26.576] [WARNING] [EXEC] SELL_QTY_CLAMP inventory=0.006170 free=0.000017 final=0.000017
[06:55:26.576] [INFO] [EXEC] SELL CHECK inventory=0.006170 reported=0.000000 remaining=0.000017 chunks=1
[06:55:26.576] [INFO] [EXEC] SKIP MICRO SELL epsilon=0.000015
[06:55:26.576] [WARNING] [EXEC] SELL_QTY_CLAMP inventory=0.006170 free=0.000017 final=0.000017
[06:55:26.811] [INFO] [EXEC] EXIT RECOVERY inventory_no_sell qty=0.006170
[06:55:27.342] [WARNING] [EXEC] SELL_QTY_CLAMP inventory=0.006170 free=0.000017 final=0.000017
[06:55:27.342] [INFO] [EXEC] SELL CHECK inventory=0.006170 reported=0.000000 remaining=0.000017 chunks=1
[06:55:27.342] [INFO] [EXEC] SKIP MICRO SELL epsilon=0.000015
[06:55:27.342] [WARNING] [EXEC] SELL_QTY_CLAMP inventory=0.006170 free=0.000017 final=0.000017
[06:55:27.342] [OK] [PLAN] READY entry=81017.36 exit=81023.92 profit=0.809701 age=753ms
[06:55:27.561] [WARNING] [EXEC] SELL_QTY_CLAMP inventory=0.006170 free=0.000017 final=0.000017
[06:55:27.561] [INFO] [EXEC] EXIT RECOVERY inventory_no_sell qty=0.006170
[06:55:28.091] [WARNING] [EXEC] SELL_QTY_CLAMP inventory=0.006170 free=0.000017 final=0.000017
[06:55:28.091] [INFO] [EXEC] SELL CHECK inventory=0.006170 reported=0.000000 remaining=0.000017 chunks=1
[06:55:28.091] [INFO] [EXEC] SKIP MICRO SELL epsilon=0.000015
[06:55:28.091] [WARNING] [EXEC] SELL_QTY_CLAMP inventory=0.006170 free=0.000017 final=0.000017
[06:55:28.310] [INFO] [EXEC] EXIT RECOVERY inventory_no_sell qty=0.006170
[06:55:28.841] [WARNING] [EXEC] SELL_QTY_CLAMP inventory=0.006170 free=0.000017 final=0.000017
[06:55:28.841] [INFO] [EXEC] SELL CHECK inventory=0.006170 reported=0.000000 remaining=0.000017 chunks=1
[06:55:28.841] [INFO] [EXEC] SKIP MICRO SELL epsilon=0.000015
[06:55:28.841] [WARNING] [EXEC] SELL_QTY_CLAMP inventory=0.006170 free=0.000017 final=0.000017
[06:55:29.057] [INFO] [EXEC] EXIT RECOVERY inventory_no_sell qty=0.006170
[06:55:29.576] [WARNING] [EXEC] SELL_QTY_CLAMP inventory=0.006170 free=0.000017 final=0.000017
[06:55:29.576] [INFO] [EXEC] SELL CHECK inventory=0.006170 reported=0.000000 remaining=0.000017 chunks=1
[06:55:29.576] [INFO] [EXEC] SKIP MICRO SELL epsilon=0.000015
[06:55:29.576] [WARNING] [EXEC] SELL_QTY_CLAMP inventory=0.006170 free=0.000017 final=0.000017
[06:55:29.810] [INFO] [EXEC] EXIT RECOVERY inventory_no_sell qty=0.006170
[06:55:30.326] [WARNING] [EXEC] SELL_QTY_CLAMP inventory=0.006170 free=0.000017 final=0.000017
[06:55:30.326] [INFO] [EXEC] SELL CHECK inventory=0.006170 reported=0.000000 remaining=0.000017 chunks=1
[06:55:30.326] [INFO] [EXEC] SKIP MICRO SELL epsilon=0.000015
[06:55:30.326] [WARNING] [EXEC] SELL_QTY_CLAMP inventory=0.006170 free=0.000017 final=0.000017
[06:55:30.560] [INFO] [EXEC] EXIT RECOVERY inventory_no_sell qty=0.006170
[06:55:31.092] [WARNING] [EXEC] SELL_QTY_CLAMP inventory=0.006170 free=0.000017 final=0.000017
[06:55:31.092] [INFO] [EXEC] SELL CHECK inventory=0.006170 reported=0.000000 remaining=0.000017 chunks=1
[06:55:31.092] [INFO] [EXEC] SKIP MICRO SELL epsilon=0.000015
[06:55:31.092] [WARNING] [EXEC] SELL_QTY_CLAMP inventory=0.006170 free=0.000017 final=0.000017
[06:55:31.311] [INFO] [EXEC] EXIT RECOVERY inventory_no_sell qty=0.006170
[06:55:31.826] [WARNING] [EXEC] SELL_QTY_CLAMP inventory=0.006170 free=0.000017 final=0.000017
[06:55:31.826] [INFO] [EXEC] SELL CHECK inventory=0.006170 reported=0.000000 remaining=0.000017 chunks=1
[06:55:31.826] [INFO] [EXEC] SKIP MICRO SELL epsilon=0.000015
[06:55:31.826] [WARNING] [EXEC] SELL_QTY_CLAMP inventory=0.006170 free=0.000017 final=0.000017
[06:55:32.310] [INFO] [EXEC] EXIT RECOVERY inventory_no_sell qty=0.006170
[06:55:32.825] [WARNING] [EXEC] SELL_QTY_CLAMP inventory=0.006170 free=0.000017 final=0.000017
[06:55:32.825] [INFO] [EXEC] SELL CHECK inventory=0.006170 reported=0.000000 remaining=0.000017 chunks=1
[06:55:32.825] [INFO] [EXEC] SKIP MICRO SELL epsilon=0.000015
[06:55:32.825] [WARNING] [EXEC] SELL_QTY_CLAMP inventory=0.006170 free=0.000017 final=0.000017
[06:55:32.825] [OK] [PLAN] HOT entry=81014.31 exit=81023.24 profit=1.102230 age=6252ms
[06:55:33.070] [WARNING] [EXEC] SELL_QTY_CLAMP inventory=0.006170 free=0.000017 final=0.000017
[06:55:33.074] [INFO] [EXEC] EXIT RECOVERY inventory_no_sell qty=0.006170
[06:55:33.591] [WARNING] [EXEC] SELL_QTY_CLAMP inventory=0.006170 free=0.000017 final=0.000017
[06:55:33.591] [INFO] [EXEC] SELL CHECK inventory=0.006170 reported=0.000000 remaining=0.000017 chunks=1
[06:55:33.591] [INFO] [EXEC] SKIP MICRO SELL epsilon=0.000015
[06:55:33.591] [WARNING] [EXEC] SELL_QTY_CLAMP inventory=0.006170 free=0.000017 final=0.000017
[06:55:33.810] [INFO] [EXEC] EXIT RECOVERY inventory_no_sell qty=0.006170
[06:55:34.326] [WARNING] [EXEC] SELL_QTY_CLAMP inventory=0.006170 free=0.000017 final=0.000017
[06:55:34.326] [INFO] [EXEC] SELL CHECK inventory=0.006170 reported=0.000000 remaining=0.000017 chunks=1
[06:55:34.341] [INFO] [EXEC] SKIP MICRO SELL epsilon=0.000015
[06:55:34.341] [WARNING] [EXEC] SELL_QTY_CLAMP inventory=0.006170 free=0.000017 final=0.000017
[06:55:34.341] [OK] [PLAN] READY entry=81010.09 exit=81016.99 profit=0.851736 age=7752ms
[06:55:34.560] [WARNING] [EXEC] SELL_QTY_CLAMP inventory=0.006170 free=0.000017 final=0.000017
[06:55:34.560] [INFO] [EXEC] EXIT RECOVERY inventory_no_sell qty=0.006170
[06:55:35.090] [WARNING] [EXEC] SELL_QTY_CLAMP inventory=0.006170 free=0.000017 final=0.000017
[06:55:35.090] [INFO] [EXEC] SELL CHECK inventory=0.006170 reported=0.000000 remaining=0.000017 chunks=1
[06:55:35.090] [INFO] [EXEC] SKIP MICRO SELL epsilon=0.000015
[06:55:35.090] [WARNING] [EXEC] SELL_QTY_CLAMP inventory=0.006170 free=0.000017 final=0.000017
[06:55:35.324] [INFO] [EXEC] EXIT RECOVERY inventory_no_sell qty=0.006170
[06:55:35.840] [WARNING] [EXEC] SELL_QTY_CLAMP inventory=0.006170 free=0.000017 final=0.000017
[06:55:35.840] [INFO] [EXEC] SELL CHECK inventory=0.006170 reported=0.000000 remaining=0.000017 chunks=1
[06:55:35.840] [INFO] [EXEC] SKIP MICRO SELL epsilon=0.000015
[06:55:35.856] [WARNING] [EXEC] SELL_QTY_CLAMP inventory=0.006170 free=0.000017 final=0.000017
[06:55:36.076] [INFO] [EXEC] EXIT RECOVERY inventory_no_sell qty=0.006170
[06:55:36.591] [WARNING] [EXEC] SELL_QTY_CLAMP inventory=0.006170 free=0.000017 final=0.000017
[06:55:36.607] [INFO] [EXEC] SELL CHECK inventory=0.006170 reported=0.000000 remaining=0.000017 chunks=1
[06:55:36.607] [INFO] [EXEC] SKIP MICRO SELL epsilon=0.000015
[06:55:36.607] [WARNING] [EXEC] SELL_QTY_CLAMP inventory=0.006170 free=0.000017 final=0.000017
[06:55:36.607] [OK] [PLAN] HOT entry=81007.81 exit=81016.99 profit=1.133179 age=10018ms
[06:55:36.825] [WARNING] [EXEC] SELL_QTY_CLAMP inventory=0.006170 free=0.000017 final=0.000017
[06:55:36.825] [INFO] [EXEC] EXIT RECOVERY inventory_no_sell qty=0.006170
[06:55:37.341] [WARNING] [EXEC] SELL_QTY_CLAMP inventory=0.006170 free=0.000017 final=0.000017
[06:55:37.341] [INFO] [EXEC] SELL CHECK inventory=0.006170 reported=0.000000 remaining=0.000017 chunks=1
[06:55:37.341] [INFO] [EXEC] SKIP MICRO SELL epsilon=0.000015
[06:55:37.341] [WARNING] [EXEC] SELL_QTY_CLAMP inventory=0.006170 free=0.000017 final=0.000017
[06:55:37.357] [OK] [PLAN] READY entry=81010.67 exit=81016.99 profit=0.780141 age=10767ms
[06:55:37.576] [WARNING] [EXEC] SELL_QTY_CLAMP inventory=0.006170 free=0.000017 final=0.000017
[06:55:37.576] [INFO] [EXEC] EXIT RECOVERY inventory_no_sell qty=0.006170
[06:55:38.091] [WARNING] [EXEC] SELL_QTY_CLAMP inventory=0.006170 free=0.000017 final=0.000017
[06:55:38.091] [INFO] [EXEC] SELL CHECK inventory=0.006170 reported=0.000000 remaining=0.000017 chunks=1
[06:55:38.091] [INFO] [EXEC] SKIP MICRO SELL epsilon=0.000015
[06:55:38.091] [WARNING] [EXEC] SELL_QTY_CLAMP inventory=0.006170 free=0.000017 final=0.000017
[06:55:38.326] [INFO] [EXEC] EXIT RECOVERY inventory_no_sell qty=0.006170
[06:55:38.841] [WARNING] [EXEC] SELL_QTY_CLAMP inventory=0.006170 free=0.000017 final=0.000017
[06:55:38.841] [INFO] [EXEC] SELL CHECK inventory=0.006170 reported=0.000000 remaining=0.000017 chunks=1
[06:55:38.841] [INFO] [EXEC] SKIP MICRO SELL epsilon=0.000015
[06:55:38.841] [WARNING] [EXEC] SELL_QTY_CLAMP inventory=0.006170 free=0.000017 final=0.000017
[06:55:39.090] [INFO] [EXEC] EXIT RECOVERY inventory_no_sell qty=0.006170
[06:55:39.621] [WARNING] [EXEC] SELL_QTY_CLAMP inventory=0.006170 free=0.000017 final=0.000017
[06:55:39.621] [INFO] [EXEC] SELL CHECK inventory=0.006170 reported=0.000000 remaining=0.000017 chunks=1
[06:55:39.621] [INFO] [EXEC] SKIP MICRO SELL epsilon=0.000015
[06:55:39.621] [WARNING] [EXEC] SELL_QTY_CLAMP inventory=0.006170 free=0.000017 final=0.000017
[06:55:39.840] [INFO] [EXEC] EXIT RECOVERY inventory_no_sell qty=0.006170
[06:55:40.387] [WARNING] [EXEC] SELL_QTY_CLAMP inventory=0.006170 free=0.000017 final=0.000017
[06:55:40.387] [INFO] [EXEC] SELL CHECK inventory=0.006170 reported=0.000000 remaining=0.000017 chunks=1
[06:55:40.387] [INFO] [EXEC] SKIP MICRO SELL epsilon=0.000015
[06:55:40.403] [WARNING] [EXEC] SELL_QTY_CLAMP inventory=0.006170 free=0.000017 final=0.000017
[06:55:40.590] [INFO] [EXEC] EXIT RECOVERY inventory_no_sell qty=0.006170
[06:55:41.103] [WARNING] [EXEC] SELL_QTY_CLAMP inventory=0.006170 free=0.000017 final=0.000017
[06:55:41.103] [INFO] [EXEC] SELL CHECK inventory=0.006170 reported=0.000000 remaining=0.000017 chunks=1
[06:55:41.103] [INFO] [EXEC] SKIP MICRO SELL epsilon=0.000015
[06:55:41.103] [WARNING] [EXEC] SELL_QTY_CLAMP inventory=0.006170 free=0.000017 final=0.000017
[06:55:41.338] [INFO] [EXEC] EXIT RECOVERY inventory_no_sell qty=0.006170
[06:55:41.881] [WARNING] [EXEC] SELL_QTY_CLAMP inventory=0.006170 free=0.000017 final=0.000017
[06:55:41.888] [INFO] [EXEC] SELL CHECK inventory=0.006170 reported=0.000000 remaining=0.000017 chunks=1
[06:55:41.888] [INFO] [EXEC] SKIP MICRO SELL epsilon=0.000015
[06:55:41.893] [WARNING] [EXEC] SELL_QTY_CLAMP inventory=0.006170 free=0.000017 final=0.000017
[06:55:42.345] [INFO] [EXEC] EXIT RECOVERY inventory_no_sell qty=0.006170
[06:55:42.875] [WARNING] [EXEC] SELL_QTY_CLAMP inventory=0.006170 free=0.000017 final=0.000017
[06:55:42.880] [INFO] [EXEC] SELL CHECK inventory=0.006170 reported=0.000000 remaining=0.000017 chunks=1
[06:55:42.880] [INFO] [EXEC] SKIP MICRO SELL epsilon=0.000015
[06:55:42.880] [WARNING] [EXEC] SELL_QTY_CLAMP inventory=0.006170 free=0.000017 final=0.000017
[06:55:43.105] [INFO] [EXEC] EXIT RECOVERY inventory_no_sell qty=0.006170
[06:55:43.621] [WARNING] [EXEC] SELL_QTY_CLAMP inventory=0.006170 free=0.000017 final=0.000017
[06:55:43.637] [INFO] [EXEC] SELL CHECK inventory=0.006170 reported=0.000000 remaining=0.000017 chunks=1
[06:55:43.637] [INFO] [EXEC] SKIP MICRO SELL epsilon=0.000015
[06:55:43.637] [WARNING] [EXEC] SELL_QTY_CLAMP inventory=0.006170 free=0.000017 final=0.000017
[06:55:43.855] [INFO] [EXEC] EXIT RECOVERY inventory_no_sell qty=0.006170
[06:55:44.371] [WARNING] [EXEC] SELL_QTY_CLAMP inventory=0.006170 free=0.000017 final=0.000017
[06:55:44.371] [INFO] [EXEC] SELL CHECK inventory=0.006170 reported=0.000000 remaining=0.000017 chunks=1
[06:55:44.386] [INFO] [EXEC] SKIP MICRO SELL epsilon=0.000015
[06:55:44.386] [WARNING] [EXEC] SELL_QTY_CLAMP inventory=0.006170 free=0.000017 final=0.000017
[06:55:44.605] [INFO] [EXEC] EXIT RECOVERY inventory_no_sell qty=0.006170
[06:55:45.127] [WARNING] [EXEC] SELL_QTY_CLAMP inventory=0.006170 free=0.000017 final=0.000017
[06:55:45.127] [INFO] [EXEC] SELL CHECK inventory=0.006170 reported=0.000000 remaining=0.000017 chunks=1
[06:55:45.127] [INFO] [EXEC] SKIP MICRO SELL epsilon=0.000015
[06:55:45.127] [WARNING] [EXEC] SELL_QTY_CLAMP inventory=0.006170 free=0.000017 final=0.000017
[06:55:45.362] [INFO] [EXEC] EXIT RECOVERY inventory_no_sell qty=0.006170
[06:55:45.893] [WARNING] [EXEC] SELL_QTY_CLAMP inventory=0.006170 free=0.000017 final=0.000017
[06:55:45.893] [INFO] [EXEC] SELL CHECK inventory=0.006170 reported=0.000000 remaining=0.000017 chunks=1
[06:55:45.893] [INFO] [EXEC] SKIP MICRO SELL epsilon=0.000015
[06:55:45.893] [WARNING] [EXEC] SELL_QTY_CLAMP inventory=0.006170 free=0.000017 final=0.000017
[06:55:46.127] [INFO] [EXEC] EXIT RECOVERY inventory_no_sell qty=0.006170
[06:55:46.642] [WARNING] [EXEC] SELL_QTY_CLAMP inventory=0.006170 free=0.000017 final=0.000017
[06:55:46.642] [INFO] [EXEC] SELL CHECK inventory=0.006170 reported=0.000000 remaining=0.000017 chunks=1
[06:55:46.658] [INFO] [EXEC] SKIP MICRO SELL epsilon=0.000015
[06:55:46.658] [WARNING] [EXEC] SELL_QTY_CLAMP inventory=0.006170 free=0.000017 final=0.000017
[06:55:46.658] [OK] [PLAN] HOT entry=81006.59 exit=81016.48 profit=1.220822 age=20069ms
[06:55:46.873] [WARNING] [EXEC] SELL_QTY_CLAMP inventory=0.006170 free=0.000017 final=0.000017
[06:55:46.873] [INFO] [EXEC] EXIT RECOVERY inventory_no_sell qty=0.006170
[06:55:47.394] [WARNING] [EXEC] SELL_QTY_CLAMP inventory=0.006170 free=0.000017 final=0.000017
[06:55:47.394] [INFO] [EXEC] SELL CHECK inventory=0.006170 reported=0.000000 remaining=0.000017 chunks=1
[06:55:47.394] [INFO] [EXEC] SKIP MICRO SELL epsilon=0.000015
[06:55:47.394] [WARNING] [EXEC] SELL_QTY_CLAMP inventory=0.006170 free=0.000017 final=0.000017
[06:55:47.628] [INFO] [EXEC] EXIT RECOVERY inventory_no_sell qty=0.006170
[06:55:48.143] [WARNING] [EXEC] SELL_QTY_CLAMP inventory=0.006170 free=0.000017 final=0.000017
[06:55:48.143] [INFO] [EXEC] SELL CHECK inventory=0.006170 reported=0.000000 remaining=0.000017 chunks=1
[06:55:48.159] [INFO] [EXEC] SKIP MICRO SELL epsilon=0.000015
[06:55:48.159] [WARNING] [EXEC] SELL_QTY_CLAMP inventory=0.006170 free=0.000017 final=0.000017
[06:55:48.378] [INFO] [EXEC] EXIT RECOVERY inventory_no_sell qty=0.006170
[06:55:48.910] [WARNING] [EXEC] SELL_QTY_CLAMP inventory=0.006170 free=0.000017 final=0.000017
[06:55:48.910] [INFO] [EXEC] SELL CHECK inventory=0.006170 reported=0.000000 remaining=0.000017 chunks=1
[06:55:48.910] [INFO] [EXEC] SKIP MICRO SELL epsilon=0.000015
[06:55:48.910] [WARNING] [EXEC] SELL_QTY_CLAMP inventory=0.006170 free=0.000017 final=0.000017
[06:55:49.127] [INFO] [EXEC] EXIT RECOVERY inventory_no_sell qty=0.006170
[06:55:49.643] [WARNING] [EXEC] SELL_QTY_CLAMP inventory=0.006170 free=0.000017 final=0.000017
[06:55:49.643] [INFO] [EXEC] SELL CHECK inventory=0.006170 reported=0.000000 remaining=0.000017 chunks=1
[06:55:49.643] [INFO] [EXEC] SKIP MICRO SELL epsilon=0.000015
[06:55:49.643] [WARNING] [EXEC] SELL_QTY_CLAMP inventory=0.006170 free=0.000017 final=0.000017
[06:55:49.871] [INFO] [EXEC] EXIT RECOVERY inventory_no_sell qty=0.006170
[06:55:50.377] [WARNING] [EXEC] SELL_QTY_CLAMP inventory=0.006170 free=0.000017 final=0.000017
[06:55:50.393] [INFO] [EXEC] SELL CHECK inventory=0.006170 reported=0.000000 remaining=0.000017 chunks=1
[06:55:50.393] [INFO] [EXEC] SKIP MICRO SELL epsilon=0.000015
[06:55:50.393] [WARNING] [EXEC] SELL_QTY_CLAMP inventory=0.006170 free=0.000017 final=0.000017
[06:55:50.643] [INFO] [EXEC] EXIT RECOVERY inventory_no_sell qty=0.006170
[06:55:51.158] [WARNING] [EXEC] SELL_QTY_CLAMP inventory=0.006170 free=0.000017 final=0.000017
[06:55:51.174] [INFO] [EXEC] SELL CHECK inventory=0.006170 reported=0.000000 remaining=0.000017 chunks=1
[06:55:51.174] [INFO] [EXEC] SKIP MICRO SELL epsilon=0.000015
[06:55:51.174] [WARNING] [EXEC] SELL_QTY_CLAMP inventory=0.006170 free=0.000017 final=0.000017
[06:55:51.393] [INFO] [EXEC] EXIT RECOVERY inventory_no_sell qty=0.006170
[06:55:51.910] [WARNING] [EXEC] SELL_QTY_CLAMP inventory=0.006170 free=0.000017 final=0.000017
[06:55:51.910] [INFO] [EXEC] SELL CHECK inventory=0.006170 reported=0.000000 remaining=0.000017 chunks=1
[06:55:51.910] [INFO] [EXEC] SKIP MICRO SELL epsilon=0.000015
[06:55:51.910] [WARNING] [EXEC] SELL_QTY_CLAMP inventory=0.006170 free=0.000017 final=0.000017
[06:55:52.392] [INFO] [EXEC] EXIT RECOVERY inventory_no_sell qty=0.006170
[06:55:52.925] [WARNING] [EXEC] SELL_QTY_CLAMP inventory=0.006170 free=0.000017 final=0.000017
[06:55:52.925] [INFO] [EXEC] SELL CHECK inventory=0.006170 reported=0.000000 remaining=0.000017 chunks=1
[06:55:52.925] [INFO] [EXEC] SKIP MICRO SELL epsilon=0.000015
[06:55:52.925] [WARNING] [EXEC] SELL_QTY_CLAMP inventory=0.006170 free=0.000017 final=0.000017
[06:55:53.142] [INFO] [EXEC] EXIT RECOVERY inventory_no_sell qty=0.006170
[06:55:53.658] [WARNING] [EXEC] SELL_QTY_CLAMP inventory=0.006170 free=0.000017 final=0.000017
[06:55:53.674] [INFO] [EXEC] SELL CHECK inventory=0.006170 reported=0.000000 remaining=0.000017 chunks=1
[06:55:53.674] [INFO] [EXEC] SKIP MICRO SELL epsilon=0.000015
[06:55:53.674] [WARNING] [EXEC] SELL_QTY_CLAMP inventory=0.006170 free=0.000017 final=0.000017
[06:55:53.674] [OK] [PLAN] HOT entry=81006.59 exit=81014.59 profit=0.987520 age=750ms
[06:55:53.885] [WARNING] [EXEC] SELL_QTY_CLAMP inventory=0.006170 free=0.000017 final=0.000017
[06:55:53.887] [INFO] [EXEC] EXIT RECOVERY inventory_no_sell qty=0.006170
[06:55:54.408] [WARNING] [EXEC] SELL_QTY_CLAMP inventory=0.006170 free=0.000017 final=0.000017
[06:55:54.408] [INFO] [EXEC] SELL CHECK inventory=0.006170 reported=0.000000 remaining=0.000017 chunks=1
[06:55:54.408] [INFO] [EXEC] SKIP MICRO SELL epsilon=0.000015
[06:55:54.408] [WARNING] [EXEC] SELL_QTY_CLAMP inventory=0.006170 free=0.000017 final=0.000017
[06:55:54.642] [INFO] [EXEC] EXIT RECOVERY inventory_no_sell qty=0.006170
[06:55:55.157] [WARNING] [EXEC] SELL_QTY_CLAMP inventory=0.006170 free=0.000017 final=0.000017
[06:55:55.173] [INFO] [EXEC] SELL CHECK inventory=0.006170 reported=0.000000 remaining=0.000017 chunks=1
[06:55:55.173] [INFO] [EXEC] SKIP MICRO SELL epsilon=0.000015
[06:55:55.173] [WARNING] [EXEC] SELL_QTY_CLAMP inventory=0.006170 free=0.000017 final=0.000017
[06:55:55.392] [INFO] [EXEC] EXIT RECOVERY inventory_no_sell qty=0.006170
[06:55:55.924] [WARNING] [EXEC] SELL_QTY_CLAMP inventory=0.006170 free=0.000017 final=0.000017
[06:55:55.924] [INFO] [EXEC] SELL CHECK inventory=0.006170 reported=0.000000 remaining=0.000017 chunks=1
[06:55:55.924] [INFO] [EXEC] SKIP MICRO SELL epsilon=0.000015
[06:55:55.924] [WARNING] [EXEC] SELL_QTY_CLAMP inventory=0.006170 free=0.000017 final=0.000017
[06:55:56.142] [INFO] [EXEC] EXIT RECOVERY inventory_no_sell qty=0.006170
[06:55:56.657] [WARNING] [EXEC] SELL_QTY_CLAMP inventory=0.006170 free=0.000017 final=0.000017
[06:55:56.673] [INFO] [EXEC] SELL CHECK inventory=0.006170 reported=0.000000 remaining=0.000017 chunks=1
[06:55:56.673] [INFO] [EXEC] SKIP MICRO SELL epsilon=0.000015
[06:55:56.673] [WARNING] [EXEC] SELL_QTY_CLAMP inventory=0.006170 free=0.000017 final=0.000017
[06:55:56.893] [INFO] [EXEC] EXIT RECOVERY inventory_no_sell qty=0.006170
[06:55:57.407] [WARNING] [EXEC] SELL_QTY_CLAMP inventory=0.006170 free=0.000017 final=0.000017
[06:55:57.407] [INFO] [EXEC] SELL CHECK inventory=0.006170 reported=0.000000 remaining=0.000017 chunks=1
[06:55:57.423] [INFO] [EXEC] SKIP MICRO SELL epsilon=0.000015
[06:55:57.423] [WARNING] [EXEC] SELL_QTY_CLAMP inventory=0.006170 free=0.000017 final=0.000017
[06:55:57.642] [INFO] [EXEC] EXIT RECOVERY inventory_no_sell qty=0.006170
[06:55:58.157] [WARNING] [EXEC] SELL_QTY_CLAMP inventory=0.006170 free=0.000017 final=0.000017
[06:55:58.157] [INFO] [EXEC] SELL CHECK inventory=0.006170 reported=0.000000 remaining=0.000017 chunks=1
[06:55:58.157] [INFO] [EXEC] SKIP MICRO SELL epsilon=0.000015
[06:55:58.157] [WARNING] [EXEC] SELL_QTY_CLAMP inventory=0.006170 free=0.000017 final=0.000017
[06:55:58.392] [INFO] [EXEC] EXIT RECOVERY inventory_no_sell qty=0.006170
[06:55:58.909] [WARNING] [EXEC] SELL_QTY_CLAMP inventory=0.006170 free=0.000017 final=0.000017
[06:55:58.909] [INFO] [EXEC] SELL CHECK inventory=0.006170 reported=0.000000 remaining=0.000017 chunks=1
[06:55:58.909] [INFO] [EXEC] SKIP MICRO SELL epsilon=0.000015
[06:55:58.909] [WARNING] [EXEC] SELL_QTY_CLAMP inventory=0.006170 free=0.000017 final=0.000017
[06:55:59.141] [INFO] [EXEC] EXIT RECOVERY inventory_no_sell qty=0.006170
[06:55:59.657] [WARNING] [EXEC] SELL_QTY_CLAMP inventory=0.006170 free=0.000017 final=0.000017
[06:55:59.657] [INFO] [EXEC] SELL CHECK inventory=0.006170 reported=0.000000 remaining=0.000017 chunks=1
[06:55:59.657] [INFO] [EXEC] SKIP MICRO SELL epsilon=0.000015
[06:55:59.657] [WARNING] [EXEC] SELL_QTY_CLAMP inventory=0.006170 free=0.000017 final=0.000017
[06:55:59.886] [INFO] [EXEC] EXIT RECOVERY inventory_no_sell qty=0.006170
[06:56:00.389] [WARNING] [EXEC] SELL_QTY_CLAMP inventory=0.006170 free=0.000017 final=0.000017
[06:56:00.405] [INFO] [EXEC] SELL CHECK inventory=0.006170 reported=0.000000 remaining=0.000017 chunks=1
[06:56:00.405] [INFO] [EXEC] SKIP MICRO SELL epsilon=0.000015
[06:56:00.405] [WARNING] [EXEC] SELL_QTY_CLAMP inventory=0.006170 free=0.000017 final=0.000017
[06:56:00.639] [INFO] [EXEC] EXIT RECOVERY inventory_no_sell qty=0.006170
[06:56:01.171] [WARNING] [EXEC] SELL_QTY_CLAMP inventory=0.006170 free=0.000017 final=0.000017
[06:56:01.171] [INFO] [EXEC] SELL CHECK inventory=0.006170 reported=0.000000 remaining=0.000017 chunks=1
[06:56:01.171] [INFO] [EXEC] SKIP MICRO SELL epsilon=0.000015
[06:56:01.171] [WARNING] [EXEC] SELL_QTY_CLAMP inventory=0.006170 free=0.000017 final=0.000017
[06:56:01.405] [INFO] [EXEC] EXIT RECOVERY inventory_no_sell qty=0.006170
[06:56:01.975] [WARNING] [EXEC] SELL_QTY_CLAMP inventory=0.006170 free=0.000017 final=0.000017
[06:56:01.975] [INFO] [EXEC] SELL CHECK inventory=0.006170 reported=0.000000 remaining=0.000017 chunks=1
[06:56:01.981] [INFO] [EXEC] SKIP MICRO SELL epsilon=0.000015
[06:56:01.982] [WARNING] [EXEC] SELL_QTY_CLAMP inventory=0.006170 free=0.000017 final=0.000017
[06:56:01.982] [OK] [PLAN] READY entry=81011.00 exit=81016.99 profit=0.739406 age=766ms
[06:56:02.408] [WARNING] [EXEC] SELL_QTY_CLAMP inventory=0.006170 free=0.000017 final=0.000017
[06:56:02.408] [INFO] [EXEC] EXIT RECOVERY inventory_no_sell qty=0.006170
[06:56:02.923] [WARNING] [EXEC] SELL_QTY_CLAMP inventory=0.006170 free=0.000017 final=0.000017
[06:56:02.923] [INFO] [EXEC] SELL CHECK inventory=0.006170 reported=0.000000 remaining=0.000017 chunks=1
[06:56:02.923] [INFO] [EXEC] SKIP MICRO SELL epsilon=0.000015
[06:56:02.923] [WARNING] [EXEC] SELL_QTY_CLAMP inventory=0.006170 free=0.000017 final=0.000017
[06:56:03.158] [INFO] [EXEC] EXIT RECOVERY inventory_no_sell qty=0.006170
[06:56:03.674] [WARNING] [EXEC] SELL_QTY_CLAMP inventory=0.006170 free=0.000017 final=0.000017
[06:56:03.689] [INFO] [EXEC] SELL CHECK inventory=0.006170 reported=0.000000 remaining=0.000017 chunks=1
[06:56:03.689] [INFO] [EXEC] SKIP MICRO SELL epsilon=0.000015
[06:56:03.689] [WARNING] [EXEC] SELL_QTY_CLAMP inventory=0.006170 free=0.000017 final=0.000017
[06:56:03.908] [INFO] [EXEC] EXIT RECOVERY inventory_no_sell qty=0.006170
[06:56:04.438] [WARNING] [EXEC] SELL_QTY_CLAMP inventory=0.006170 free=0.000017 final=0.000017
[06:56:04.438] [INFO] [EXEC] SELL CHECK inventory=0.006170 reported=0.000000 remaining=0.000017 chunks=1
[06:56:04.438] [INFO] [EXEC] SKIP MICRO SELL epsilon=0.000015
[06:56:04.438] [WARNING] [EXEC] SELL_QTY_CLAMP inventory=0.006170 free=0.000017 final=0.000017
[06:56:04.453] [OK] [PLAN] READY entry=81011.00 exit=81016.99 profit=0.739406 age=750ms
[06:56:04.657] [WARNING] [EXEC] SELL_QTY_CLAMP inventory=0.006170 free=0.000017 final=0.000017
[06:56:04.657] [INFO] [EXEC] EXIT RECOVERY inventory_no_sell qty=0.006170
[06:56:05.187] [WARNING] [EXEC] SELL_QTY_CLAMP inventory=0.006170 free=0.000017 final=0.000017
[06:56:05.187] [INFO] [EXEC] SELL CHECK inventory=0.006170 reported=0.000000 remaining=0.000017 chunks=1
[06:56:05.187] [INFO] [EXEC] SKIP MICRO SELL epsilon=0.000015
[06:56:05.187] [WARNING] [EXEC] SELL_QTY_CLAMP inventory=0.006170 free=0.000017 final=0.000017
[06:56:05.406] [INFO] [EXEC] EXIT RECOVERY inventory_no_sell qty=0.006170
[06:56:05.923] [WARNING] [EXEC] SELL_QTY_CLAMP inventory=0.006170 free=0.000017 final=0.000017
[06:56:05.923] [INFO] [EXEC] SELL CHECK inventory=0.006170 reported=0.000000 remaining=0.000017 chunks=1
[06:56:05.923] [INFO] [EXEC] SKIP MICRO SELL epsilon=0.000015
[06:56:05.923] [WARNING] [EXEC] SELL_QTY_CLAMP inventory=0.006170 free=0.000017 final=0.000017
[06:56:06.156] [INFO] [EXEC] EXIT RECOVERY inventory_no_sell qty=0.006170
[06:56:06.688] [WARNING] [EXEC] SELL_QTY_CLAMP inventory=0.006170 free=0.000017 final=0.000017
[06:56:06.688] [INFO] [EXEC] SELL CHECK inventory=0.006170 reported=0.000000 remaining=0.000017 chunks=1
[06:56:06.703] [INFO] [EXEC] SKIP MICRO SELL epsilon=0.000015
[06:56:06.703] [WARNING] [EXEC] SELL_QTY_CLAMP inventory=0.006170 free=0.000017 final=0.000017
[06:56:06.907] [INFO] [EXEC] EXIT RECOVERY inventory_no_sell qty=0.006170
[06:56:07.437] [WARNING] [EXEC] SELL_QTY_CLAMP inventory=0.006170 free=0.000017 final=0.000017
[06:56:07.437] [INFO] [EXEC] SELL CHECK inventory=0.006170 reported=0.000000 remaining=0.000017 chunks=1
[06:56:07.437] [INFO] [EXEC] SKIP MICRO SELL epsilon=0.000015
[06:56:07.437] [WARNING] [EXEC] SELL_QTY_CLAMP inventory=0.006170 free=0.000017 final=0.000017
[06:56:07.453] [OK] [PLAN] READY entry=81004.93 exit=81011.27 profit=0.782610 age=751ms
[06:56:07.656] [WARNING] [EXEC] SELL_QTY_CLAMP inventory=0.006170 free=0.000017 final=0.000017
[06:56:07.656] [INFO] [EXEC] EXIT RECOVERY inventory_no_sell qty=0.006170
[06:56:08.172] [WARNING] [EXEC] SELL_QTY_CLAMP inventory=0.006170 free=0.000017 final=0.000017
[06:56:08.187] [INFO] [EXEC] SELL CHECK inventory=0.006170 reported=0.000000 remaining=0.000017 chunks=1
[06:56:08.187] [INFO] [EXEC] SKIP MICRO SELL epsilon=0.000015
[06:56:08.187] [WARNING] [EXEC] SELL_QTY_CLAMP inventory=0.006170 free=0.000017 final=0.000017
[06:56:08.406] [INFO] [EXEC] EXIT RECOVERY inventory_no_sell qty=0.006170
[06:56:08.937] [WARNING] [EXEC] SELL_QTY_CLAMP inventory=0.006170 free=0.000017 final=0.000017
[06:56:08.937] [INFO] [EXEC] SELL CHECK inventory=0.006170 reported=0.000000 remaining=0.000017 chunks=1
[06:56:08.937] [INFO] [EXEC] SKIP MICRO SELL epsilon=0.000015
[06:56:08.937] [WARNING] [EXEC] SELL_QTY_CLAMP inventory=0.006170 free=0.000017 final=0.000017
[06:56:09.155] [INFO] [EXEC] EXIT RECOVERY inventory_no_sell qty=0.006170
[06:56:09.687] [WARNING] [EXEC] SELL_QTY_CLAMP inventory=0.006170 free=0.000017 final=0.000017
[06:56:09.687] [INFO] [EXEC] SELL CHECK inventory=0.006170 reported=0.000000 remaining=0.000017 chunks=1
[06:56:09.687] [INFO] [EXEC] SKIP MICRO SELL epsilon=0.000015
[06:56:09.687] [WARNING] [EXEC] SELL_QTY_CLAMP inventory=0.006170 free=0.000017 final=0.000017
[06:56:09.687] [OK] [PLAN] READY entry=81003.00 exit=81009.75 profit=0.833287 age=749ms
[06:56:09.905] [WARNING] [EXEC] SELL_QTY_CLAMP inventory=0.006170 free=0.000017 final=0.000017
[06:56:09.905] [INFO] [EXEC] EXIT RECOVERY inventory_no_sell qty=0.006170
[06:56:10.421] [WARNING] [EXEC] SELL_QTY_CLAMP inventory=0.006170 free=0.000017 final=0.000017
[06:56:10.421] [INFO] [EXEC] SELL CHECK inventory=0.006170 reported=0.000000 remaining=0.000017 chunks=1
[06:56:10.421] [INFO] [EXEC] SKIP MICRO SELL epsilon=0.000015
[06:56:10.421] [WARNING] [EXEC] SELL_QTY_CLAMP inventory=0.006170 free=0.000017 final=0.000017
[06:56:10.656] [INFO] [EXEC] EXIT RECOVERY inventory_no_sell qty=0.006170
[06:56:11.171] [WARNING] [EXEC] SELL_QTY_CLAMP inventory=0.006170 free=0.000017 final=0.000017
[06:56:11.171] [INFO] [EXEC] SELL CHECK inventory=0.006170 reported=0.000000 remaining=0.000017 chunks=1
[06:56:11.171] [INFO] [EXEC] SKIP MICRO SELL epsilon=0.000015
[06:56:11.171] [WARNING] [EXEC] SELL_QTY_CLAMP inventory=0.006170 free=0.000017 final=0.000017
[06:56:11.406] [INFO] [EXEC] EXIT RECOVERY inventory_no_sell qty=0.006170
[06:56:11.923] [WARNING] [EXEC] SELL_QTY_CLAMP inventory=0.006170 free=0.000017 final=0.000017
[06:56:11.923] [INFO] [EXEC] SELL CHECK inventory=0.006170 reported=0.000000 remaining=0.000017 chunks=1
[06:56:11.923] [INFO] [EXEC] SKIP MICRO SELL epsilon=0.000015
[06:56:11.923] [WARNING] [EXEC] SELL_QTY_CLAMP inventory=0.006170 free=0.000017 final=0.000017
[06:56:12.406] [INFO] [EXEC] EXIT RECOVERY inventory_no_sell qty=0.006170
[06:56:12.922] [WARNING] [EXEC] SELL_QTY_CLAMP inventory=0.006170 free=0.000017 final=0.000017
[06:56:12.922] [INFO] [EXEC] SELL CHECK inventory=0.006170 reported=0.000000 remaining=0.000017 chunks=1
[06:56:12.922] [INFO] [EXEC] SKIP MICRO SELL epsilon=0.000015
[06:56:12.938] [WARNING] [EXEC] SELL_QTY_CLAMP inventory=0.006170 free=0.000017 final=0.000017
[06:56:12.938] [OK] [PLAN] HOT entry=80992.92 exit=81000.48 profit=0.933358 age=4000ms
[06:56:13.154] [WARNING] [EXEC] SELL_QTY_CLAMP inventory=0.006170 free=0.000017 final=0.000017
[06:56:13.154] [INFO] [EXEC] EXIT RECOVERY inventory_no_sell qty=0.006170
[06:56:13.686] [WARNING] [EXEC] SELL_QTY_CLAMP inventory=0.006170 free=0.000017 final=0.000017
[06:56:13.686] [INFO] [EXEC] SELL CHECK inventory=0.006170 reported=0.000000 remaining=0.000017 chunks=1
[06:56:13.686] [INFO] [EXEC] SKIP MICRO SELL epsilon=0.000015
[06:56:13.686] [WARNING] [EXEC] SELL_QTY_CLAMP inventory=0.006170 free=0.000017 final=0.000017
[06:56:13.907] [INFO] [EXEC] EXIT RECOVERY inventory_no_sell qty=0.006170
[06:56:14.419] [WARNING] [EXEC] SELL_QTY_CLAMP inventory=0.006170 free=0.000017 final=0.000017
[06:56:14.434] [INFO] [EXEC] SELL CHECK inventory=0.006170 reported=0.000000 remaining=0.000017 chunks=1
[06:56:14.434] [INFO] [EXEC] SKIP MICRO SELL epsilon=0.000015
[06:56:14.434] [WARNING] [EXEC] SELL_QTY_CLAMP inventory=0.006170 free=0.000017 final=0.000017
[06:56:14.653] [INFO] [EXEC] EXIT RECOVERY inventory_no_sell qty=0.006170
[06:56:15.170] [WARNING] [EXEC] SELL_QTY_CLAMP inventory=0.006170 free=0.000017 final=0.000017
[06:56:15.170] [INFO] [EXEC] SELL CHECK inventory=0.006170 reported=0.000000 remaining=0.000017 chunks=1
[06:56:15.170] [INFO] [EXEC] SKIP MICRO SELL epsilon=0.000015
[06:56:15.170] [WARNING] [EXEC] SELL_QTY_CLAMP inventory=0.006170 free=0.000017 final=0.000017
[06:56:15.420] [INFO] [EXEC] EXIT RECOVERY inventory_no_sell qty=0.006170
[06:56:15.938] [WARNING] [EXEC] SELL_QTY_CLAMP inventory=0.006170 free=0.000017 final=0.000017
[06:56:15.938] [INFO] [EXEC] SELL CHECK inventory=0.006170 reported=0.000000 remaining=0.000017 chunks=1
[06:56:15.938] [INFO] [EXEC] SKIP MICRO SELL epsilon=0.000015
[06:56:15.938] [WARNING] [EXEC] SELL_QTY_CLAMP inventory=0.006170 free=0.000017 final=0.000017
[06:56:15.938] [OK] [PLAN] READY entry=80990.47 exit=80997.75 profit=0.898862 age=767ms
[06:56:16.168] [WARNING] [EXEC] SELL_QTY_CLAMP inventory=0.006170 free=0.000017 final=0.000017
[06:56:16.168] [INFO] [EXEC] EXIT RECOVERY inventory_no_sell qty=0.006170
[06:56:16.699] [WARNING] [EXEC] SELL_QTY_CLAMP inventory=0.006170 free=0.000017 final=0.000017
[06:56:16.699] [INFO] [EXEC] SELL CHECK inventory=0.006170 reported=0.000000 remaining=0.000017 chunks=1
[06:56:16.699] [INFO] [EXEC] SKIP MICRO SELL epsilon=0.000015
[06:56:16.699] [WARNING] [EXEC] SELL_QTY_CLAMP inventory=0.006170 free=0.000017 final=0.000017
[06:56:16.922] [INFO] [EXEC] EXIT RECOVERY inventory_no_sell qty=0.006170
[06:56:17.450] [WARNING] [EXEC] SELL_QTY_CLAMP inventory=0.006170 free=0.000017 final=0.000017
[06:56:17.450] [INFO] [EXEC] SELL CHECK inventory=0.006170 reported=0.000000 remaining=0.000017 chunks=1
[06:56:17.450] [INFO] [EXEC] SKIP MICRO SELL epsilon=0.000015
[06:56:17.465] [WARNING] [EXEC] SELL_QTY_CLAMP inventory=0.006170 free=0.000017 final=0.000017
[06:56:17.465] [OK] [PLAN] HOT entry=80990.47 exit=80998.18 profit=0.951954 age=2269ms
[06:56:17.669] [WARNING] [EXEC] SELL_QTY_CLAMP inventory=0.006170 free=0.000017 final=0.000017
[06:56:17.669] [INFO] [EXEC] EXIT RECOVERY inventory_no_sell qty=0.006170
[06:56:18.201] [WARNING] [EXEC] SELL_QTY_CLAMP inventory=0.006170 free=0.000017 final=0.000017
[06:56:18.201] [INFO] [EXEC] SELL CHECK inventory=0.006170 reported=0.000000 remaining=0.000017 chunks=1
[06:56:18.201] [INFO] [EXEC] SKIP MICRO SELL epsilon=0.000015
[06:56:18.201] [WARNING] [EXEC] SELL_QTY_CLAMP inventory=0.006170 free=0.000017 final=0.000017
[06:56:18.420] [INFO] [EXEC] EXIT RECOVERY inventory_no_sell qty=0.006170
[06:56:18.937] [WARNING] [EXEC] SELL_QTY_CLAMP inventory=0.006170 free=0.000017 final=0.000017
[06:56:18.937] [INFO] [EXEC] SELL CHECK inventory=0.006170 reported=0.000000 remaining=0.000017 chunks=1
[06:56:18.937] [INFO] [EXEC] SKIP MICRO SELL epsilon=0.000015
[06:56:18.937] [WARNING] [EXEC] SELL_QTY_CLAMP inventory=0.006170 free=0.000017 final=0.000017
[06:56:19.170] [INFO] [EXEC] EXIT RECOVERY inventory_no_sell qty=0.006170
[06:56:19.701] [WARNING] [EXEC] SELL_QTY_CLAMP inventory=0.006170 free=0.000017 final=0.000017
[06:56:19.701] [INFO] [EXEC] SELL CHECK inventory=0.006170 reported=0.000000 remaining=0.000017 chunks=1
[06:56:19.701] [INFO] [EXEC] SKIP MICRO SELL epsilon=0.000015
[06:56:19.701] [WARNING] [EXEC] SELL_QTY_CLAMP inventory=0.006170 free=0.000017 final=0.000017
[06:56:19.921] [INFO] [EXEC] EXIT RECOVERY inventory_no_sell qty=0.006170
[06:56:20.436] [WARNING] [EXEC] SELL_QTY_CLAMP inventory=0.006170 free=0.000017 final=0.000017
[06:56:20.436] [INFO] [EXEC] SELL CHECK inventory=0.006170 reported=0.000000 remaining=0.000017 chunks=1
[06:56:20.436] [INFO] [EXEC] SKIP MICRO SELL epsilon=0.000015
[06:56:20.451] [WARNING] [EXEC] SELL_QTY_CLAMP inventory=0.006170 free=0.000017 final=0.000017
[06:56:20.670] [INFO] [EXEC] EXIT RECOVERY inventory_no_sell qty=0.006170
[06:56:21.186] [WARNING] [EXEC] SELL_QTY_CLAMP inventory=0.006170 free=0.000017 final=0.000017
[06:56:21.186] [INFO] [EXEC] SELL CHECK inventory=0.006170 reported=0.000000 remaining=0.000017 chunks=1
[06:56:21.201] [INFO] [EXEC] SKIP MICRO SELL epsilon=0.000015
[06:56:21.201] [WARNING] [EXEC] SELL_QTY_CLAMP inventory=0.006170 free=0.000017 final=0.000017
[06:56:21.420] [INFO] [EXEC] EXIT RECOVERY inventory_no_sell qty=0.006170
[06:56:21.937] [WARNING] [EXEC] SELL_QTY_CLAMP inventory=0.006170 free=0.000017 final=0.000017
[06:56:21.937] [INFO] [EXEC] SELL CHECK inventory=0.006170 reported=0.000000 remaining=0.000017 chunks=1
[06:56:21.953] [INFO] [EXEC] SKIP MICRO SELL epsilon=0.000015
[06:56:21.953] [WARNING] [EXEC] SELL_QTY_CLAMP inventory=0.006170 free=0.000017 final=0.000017
[06:56:22.420] [INFO] [EXEC] EXIT RECOVERY inventory_no_sell qty=0.006170
[06:56:22.937] [WARNING] [EXEC] SELL_QTY_CLAMP inventory=0.006170 free=0.000017 final=0.000017
[06:56:22.937] [INFO] [EXEC] SELL CHECK inventory=0.006170 reported=0.000000 remaining=0.000017 chunks=1
[06:56:22.952] [INFO] [EXEC] SKIP MICRO SELL epsilon=0.000015
[06:56:22.952] [WARNING] [EXEC] SELL_QTY_CLAMP inventory=0.006170 free=0.000017 final=0.000017
[06:56:22.958] [OK] [PLAN] HOT entry=81002.65 exit=81011.78 profit=1.127099 age=1000ms
[06:56:23.170] [WARNING] [EXEC] SELL_QTY_CLAMP inventory=0.006170 free=0.000017 final=0.000017
[06:56:23.170] [INFO] [EXEC] EXIT RECOVERY inventory_no_sell qty=0.006170
[06:56:23.701] [WARNING] [EXEC] SELL_QTY_CLAMP inventory=0.006170 free=0.000017 final=0.000017
[06:56:23.701] [INFO] [EXEC] SELL CHECK inventory=0.006170 reported=0.000000 remaining=0.000017 chunks=1
[06:56:23.701] [INFO] [EXEC] SKIP MICRO SELL epsilon=0.000015
[06:56:23.701] [WARNING] [EXEC] SELL_QTY_CLAMP inventory=0.006170 free=0.000017 final=0.000017
[06:56:23.936] [INFO] [EXEC] EXIT RECOVERY inventory_no_sell qty=0.006170
[06:56:24.466] [WARNING] [EXEC] SELL_QTY_CLAMP inventory=0.006170 free=0.000017 final=0.000017
[06:56:24.466] [INFO] [EXEC] SELL CHECK inventory=0.006170 reported=0.000000 remaining=0.000017 chunks=1
[06:56:24.466] [INFO] [EXEC] SKIP MICRO SELL epsilon=0.000015
[06:56:24.466] [WARNING] [EXEC] SELL_QTY_CLAMP inventory=0.006170 free=0.000017 final=0.000017
[06:56:24.685] [INFO] [EXEC] EXIT RECOVERY inventory_no_sell qty=0.006170
[06:56:25.201] [WARNING] [EXEC] SELL_QTY_CLAMP inventory=0.006170 free=0.000017 final=0.000017
[06:56:25.201] [INFO] [EXEC] SELL CHECK inventory=0.006170 reported=0.000000 remaining=0.000017 chunks=1
[06:56:25.201] [INFO] [EXEC] SKIP MICRO SELL epsilon=0.000015
[06:56:25.216] [WARNING] [EXEC] SELL_QTY_CLAMP inventory=0.006170 free=0.000017 final=0.000017
[06:56:25.435] [INFO] [EXEC] EXIT RECOVERY inventory_no_sell qty=0.006170
[06:56:25.964] [WARNING] [EXEC] SELL_QTY_CLAMP inventory=0.006170 free=0.000017 final=0.000017
[06:56:25.964] [INFO] [EXEC] SELL CHECK inventory=0.006170 reported=0.000000 remaining=0.000017 chunks=1
[06:56:25.970] [INFO] [EXEC] SKIP MICRO SELL epsilon=0.000015
[06:56:25.971] [WARNING] [EXEC] SELL_QTY_CLAMP inventory=0.006170 free=0.000017 final=0.000017
[06:56:26.184] [INFO] [EXEC] EXIT RECOVERY inventory_no_sell qty=0.006170
[06:56:26.700] [WARNING] [EXEC] SELL_QTY_CLAMP inventory=0.006170 free=0.000017 final=0.000017
[06:56:26.700] [INFO] [EXEC] SELL CHECK inventory=0.006170 reported=0.000000 remaining=0.000017 chunks=1
[06:56:26.715] [INFO] [EXEC] SKIP MICRO SELL epsilon=0.000015
[06:56:26.715] [WARNING] [EXEC] SELL_QTY_CLAMP inventory=0.006170 free=0.000017 final=0.000017
[06:56:26.942] [INFO] [EXEC] EXIT RECOVERY inventory_no_sell qty=0.006170
[06:56:27.450] [WARNING] [EXEC] SELL_QTY_CLAMP inventory=0.006170 free=0.000017 final=0.000017
[06:56:27.465] [INFO] [EXEC] SELL CHECK inventory=0.006170 reported=0.000000 remaining=0.000017 chunks=1
[06:56:27.465] [INFO] [EXEC] SKIP MICRO SELL epsilon=0.000015
[06:56:27.465] [WARNING] [EXEC] SELL_QTY_CLAMP inventory=0.006170 free=0.000017 final=0.000017
[06:56:27.684] [INFO] [EXEC] EXIT RECOVERY inventory_no_sell qty=0.006170
[06:56:28.200] [WARNING] [EXEC] SELL_QTY_CLAMP inventory=0.006170 free=0.000017 final=0.000017
[06:56:28.200] [INFO] [EXEC] SELL CHECK inventory=0.006170 reported=0.000000 remaining=0.000017 chunks=1
[06:56:28.200] [INFO] [EXEC] SKIP MICRO SELL epsilon=0.000015
[06:56:28.200] [WARNING] [EXEC] SELL_QTY_CLAMP inventory=0.006170 free=0.000017 final=0.000017
[06:56:28.434] [INFO] [EXEC] EXIT RECOVERY inventory_no_sell qty=0.006170
[06:56:28.957] [WARNING] [EXEC] SELL_QTY_CLAMP inventory=0.006170 free=0.000017 final=0.000017
[06:56:28.957] [INFO] [EXEC] SELL CHECK inventory=0.006170 reported=0.000000 remaining=0.000017 chunks=1
[06:56:28.957] [INFO] [EXEC] SKIP MICRO SELL epsilon=0.000015
[06:56:28.963] [WARNING] [EXEC] SELL_QTY_CLAMP inventory=0.006170 free=0.000017 final=0.000017
[06:56:29.184] [INFO] [EXEC] EXIT RECOVERY inventory_no_sell qty=0.006170
[06:56:29.700] [WARNING] [EXEC] SELL_QTY_CLAMP inventory=0.006170 free=0.000017 final=0.000017
[06:56:29.700] [INFO] [EXEC] SELL CHECK inventory=0.006170 reported=0.000000 remaining=0.000017 chunks=1
[06:56:29.715] [INFO] [EXEC] SKIP MICRO SELL epsilon=0.000015
[06:56:29.715] [WARNING] [EXEC] SELL_QTY_CLAMP inventory=0.006170 free=0.000017 final=0.000017
[06:56:29.943] [INFO] [EXEC] EXIT RECOVERY inventory_no_sell qty=0.006170
[06:56:30.481] [WARNING] [EXEC] SELL_QTY_CLAMP inventory=0.006170 free=0.000017 final=0.000017
[06:56:30.481] [INFO] [EXEC] SELL CHECK inventory=0.006170 reported=0.000000 remaining=0.000017 chunks=1
[06:56:30.481] [INFO] [EXEC] SKIP MICRO SELL epsilon=0.000015
[06:56:30.481] [WARNING] [EXEC] SELL_QTY_CLAMP inventory=0.006170 free=0.000017 final=0.000017
[06:56:30.684] [INFO] [EXEC] EXIT RECOVERY inventory_no_sell qty=0.006170
[06:56:31.216] [WARNING] [EXEC] SELL_QTY_CLAMP inventory=0.006170 free=0.000017 final=0.000017
[06:56:31.216] [INFO] [EXEC] SELL CHECK inventory=0.006170 reported=0.000000 remaining=0.000017 chunks=1
[06:56:31.216] [INFO] [EXEC] SKIP MICRO SELL epsilon=0.000015
[06:56:31.231] [WARNING] [EXEC] SELL_QTY_CLAMP inventory=0.006170 free=0.000017 final=0.000017
[06:56:31.450] [INFO] [EXEC] EXIT RECOVERY inventory_no_sell qty=0.006170
[06:56:31.978] [WARNING] [EXEC] SELL_QTY_CLAMP inventory=0.006170 free=0.000017 final=0.000017
[06:56:31.978] [INFO] [EXEC] SELL CHECK inventory=0.006170 reported=0.000000 remaining=0.000017 chunks=1
[06:56:31.986] [INFO] [EXEC] SKIP MICRO SELL epsilon=0.000015
[06:56:31.990] [WARNING] [EXEC] SELL_QTY_CLAMP inventory=0.006170 free=0.000017 final=0.000017
[06:56:32.448] [INFO] [EXEC] EXIT RECOVERY inventory_no_sell qty=0.006170
[06:56:32.978] [WARNING] [EXEC] SELL_QTY_CLAMP inventory=0.006170 free=0.000017 final=0.000017
[06:56:32.978] [INFO] [EXEC] SELL CHECK inventory=0.006170 reported=0.000000 remaining=0.000017 chunks=1
[06:56:32.984] [INFO] [EXEC] SKIP MICRO SELL epsilon=0.000015
[06:56:32.984] [WARNING] [EXEC] SELL_QTY_CLAMP inventory=0.006170 free=0.000017 final=0.000017
[06:56:33.198] [INFO] [EXEC] EXIT RECOVERY inventory_no_sell qty=0.006170
[06:56:33.745] [WARNING] [EXEC] SELL_QTY_CLAMP inventory=0.006170 free=0.000017 final=0.000017
[06:56:33.760] [INFO] [EXEC] SELL CHECK inventory=0.006170 reported=0.000000 remaining=0.000017 chunks=1
[06:56:33.760] [INFO] [EXEC] SKIP MICRO SELL epsilon=0.000015
[06:56:33.760] [WARNING] [EXEC] SELL_QTY_CLAMP inventory=0.006170 free=0.000017 final=0.000017
[06:56:33.957] [INFO] [EXEC] EXIT RECOVERY inventory_no_sell qty=0.006170
[06:56:34.481] [WARNING] [EXEC] SELL_QTY_CLAMP inventory=0.006170 free=0.000017 final=0.000017
[06:56:34.481] [INFO] [EXEC] SELL CHECK inventory=0.006170 reported=0.000000 remaining=0.000017 chunks=1
[06:56:34.481] [INFO] [EXEC] SKIP MICRO SELL epsilon=0.000015
[06:56:34.481] [WARNING] [EXEC] SELL_QTY_CLAMP inventory=0.006170 free=0.000017 final=0.000017
[06:56:34.699] [INFO] [EXEC] EXIT RECOVERY inventory_no_sell qty=0.006170
[06:56:35.214] [WARNING] [EXEC] SELL_QTY_CLAMP inventory=0.006170 free=0.000017 final=0.000017
[06:56:35.229] [INFO] [EXEC] SELL CHECK inventory=0.006170 reported=0.000000 remaining=0.000017 chunks=1
[06:56:35.229] [INFO] [EXEC] SKIP MICRO SELL epsilon=0.000015
[06:56:35.229] [WARNING] [EXEC] SELL_QTY_CLAMP inventory=0.006170 free=0.000017 final=0.000017
[06:56:35.448] [INFO] [EXEC] EXIT RECOVERY inventory_no_sell qty=0.006170
[06:56:35.971] [WARNING] [EXEC] SELL_QTY_CLAMP inventory=0.006170 free=0.000017 final=0.000017
[06:56:35.977] [INFO] [EXEC] SELL CHECK inventory=0.006170 reported=0.000000 remaining=0.000017 chunks=1
[06:56:35.977] [INFO] [EXEC] SKIP MICRO SELL epsilon=0.000015
[06:56:35.983] [WARNING] [EXEC] SELL_QTY_CLAMP inventory=0.006170 free=0.000017 final=0.000017
[06:56:36.199] [INFO] [EXEC] EXIT RECOVERY inventory_no_sell qty=0.006170
[06:56:36.730] [WARNING] [EXEC] SELL_QTY_CLAMP inventory=0.006170 free=0.000017 final=0.000017
[06:56:36.730] [INFO] [EXEC] SELL CHECK inventory=0.006170 reported=0.000000 remaining=0.000017 chunks=1
[06:56:36.730] [INFO] [EXEC] SKIP MICRO SELL epsilon=0.000015
[06:56:36.730] [WARNING] [EXEC] SELL_QTY_CLAMP inventory=0.006170 free=0.000017 final=0.000017
[06:56:36.952] [INFO] [EXEC] EXIT RECOVERY inventory_no_sell qty=0.006170
[06:56:37.456] [WARNING] [EXEC] SELL_QTY_CLAMP inventory=0.006170 free=0.000017 final=0.000017
[06:56:37.472] [INFO] [EXEC] SELL CHECK inventory=0.006170 reported=0.000000 remaining=0.000017 chunks=1
[06:56:37.472] [INFO] [EXEC] SKIP MICRO SELL epsilon=0.000015
[06:56:37.472] [WARNING] [EXEC] SELL_QTY_CLAMP inventory=0.006170 free=0.000017 final=0.000017
[06:56:37.706] [INFO] [EXEC] EXIT RECOVERY inventory_no_sell qty=0.006170
[06:56:38.221] [WARNING] [EXEC] SELL_QTY_CLAMP inventory=0.006170 free=0.000017 final=0.000017
[06:56:38.221] [INFO] [EXEC] SELL CHECK inventory=0.006170 reported=0.000000 remaining=0.000017 chunks=1
[06:56:38.221] [INFO] [EXEC] SKIP MICRO SELL epsilon=0.000015
[06:56:38.221] [WARNING] [EXEC] SELL_QTY_CLAMP inventory=0.006170 free=0.000017 final=0.000017
[06:56:38.455] [INFO] [EXEC] EXIT RECOVERY inventory_no_sell qty=0.006170
[06:56:38.977] [WARNING] [EXEC] SELL_QTY_CLAMP inventory=0.006170 free=0.000017 final=0.000017
[06:56:38.977] [INFO] [EXEC] SELL CHECK inventory=0.006170 reported=0.000000 remaining=0.000017 chunks=1
[06:56:38.983] [INFO] [EXEC] SKIP MICRO SELL epsilon=0.000015
[06:56:38.984] [WARNING] [EXEC] SELL_QTY_CLAMP inventory=0.006170 free=0.000017 final=0.000017
[06:56:39.206] [INFO] [EXEC] EXIT RECOVERY inventory_no_sell qty=0.006170
[06:56:39.737] [WARNING] [EXEC] SELL_QTY_CLAMP inventory=0.006170 free=0.000017 final=0.000017
[06:56:39.737] [INFO] [EXEC] SELL CHECK inventory=0.006170 reported=0.000000 remaining=0.000017 chunks=1
[06:56:39.737] [INFO] [EXEC] SKIP MICRO SELL epsilon=0.000015
[06:56:39.737] [WARNING] [EXEC] SELL_QTY_CLAMP inventory=0.006170 free=0.000017 final=0.000017
[06:56:39.957] [INFO] [EXEC] EXIT RECOVERY inventory_no_sell qty=0.006170
[06:56:40.487] [WARNING] [EXEC] SELL_QTY_CLAMP inventory=0.006170 free=0.000017 final=0.000017
[06:56:40.487] [INFO] [EXEC] SELL CHECK inventory=0.006170 reported=0.000000 remaining=0.000017 chunks=1
[06:56:40.487] [INFO] [EXEC] SKIP MICRO SELL epsilon=0.000015
[06:56:40.487] [WARNING] [EXEC] SELL_QTY_CLAMP inventory=0.006170 free=0.000017 final=0.000017
[06:56:40.706] [INFO] [EXEC] EXIT RECOVERY inventory_no_sell qty=0.006170
[06:56:41.221] [WARNING] [EXEC] SELL_QTY_CLAMP inventory=0.006170 free=0.000017 final=0.000017
[06:56:41.237] [INFO] [EXEC] SELL CHECK inventory=0.006170 reported=0.000000 remaining=0.000017 chunks=1
[06:56:41.237] [INFO] [EXEC] SKIP MICRO SELL epsilon=0.000015
[06:56:41.237] [WARNING] [EXEC] SELL_QTY_CLAMP inventory=0.006170 free=0.000017 final=0.000017
[06:56:41.456] [INFO] [EXEC] EXIT RECOVERY inventory_no_sell qty=0.006170
[06:56:41.992] [WARNING] [EXEC] SELL_QTY_CLAMP inventory=0.006170 free=0.000017 final=0.000017
[06:56:41.992] [INFO] [EXEC] SELL CHECK inventory=0.006170 reported=0.000000 remaining=0.000017 chunks=1
[06:56:41.992] [INFO] [EXEC] SKIP MICRO SELL epsilon=0.000015
[06:56:41.992] [WARNING] [EXEC] SELL_QTY_CLAMP inventory=0.006170 free=0.000017 final=0.000017
[06:56:42.456] [INFO] [EXEC] EXIT RECOVERY inventory_no_sell qty=0.006170
[06:56:42.977] [WARNING] [EXEC] SELL_QTY_CLAMP inventory=0.006170 free=0.000017 final=0.000017
[06:56:42.984] [INFO] [EXEC] SELL CHECK inventory=0.006170 reported=0.000000 remaining=0.000017 chunks=1
[06:56:42.984] [INFO] [EXEC] SKIP MICRO SELL epsilon=0.000015
[06:56:42.984] [WARNING] [EXEC] SELL_QTY_CLAMP inventory=0.006170 free=0.000017 final=0.000017
[06:56:43.204] [INFO] [EXEC] EXIT RECOVERY inventory_no_sell qty=0.006170
[06:56:43.735] [WARNING] [EXEC] SELL_QTY_CLAMP inventory=0.006170 free=0.000017 final=0.000017
[06:56:43.735] [INFO] [EXEC] SELL CHECK inventory=0.006170 reported=0.000000 remaining=0.000017 chunks=1
[06:56:43.735] [INFO] [EXEC] SKIP MICRO SELL epsilon=0.000015
[06:56:43.735] [WARNING] [EXEC] SELL_QTY_CLAMP inventory=0.006170 free=0.000017 final=0.000017
[06:56:43.955] [INFO] [EXEC] EXIT RECOVERY inventory_no_sell qty=0.006170
[06:56:44.471] [WARNING] [EXEC] SELL_QTY_CLAMP inventory=0.006170 free=0.000017 final=0.000017
[06:56:44.471] [INFO] [EXEC] SELL CHECK inventory=0.006170 reported=0.000000 remaining=0.000017 chunks=1
[06:56:44.487] [INFO] [EXEC] SKIP MICRO SELL epsilon=0.000015
[06:56:44.487] [WARNING] [EXEC] SELL_QTY_CLAMP inventory=0.006170 free=0.000017 final=0.000017
[06:56:44.705] [INFO] [EXEC] EXIT RECOVERY inventory_no_sell qty=0.006170
[06:56:45.221] [WARNING] [EXEC] SELL_QTY_CLAMP inventory=0.006170 free=0.000017 final=0.000017
[06:56:45.236] [INFO] [EXEC] SELL CHECK inventory=0.006170 reported=0.000000 remaining=0.000017 chunks=1
[06:56:45.236] [INFO] [EXEC] SKIP MICRO SELL epsilon=0.000015
[06:56:45.236] [WARNING] [EXEC] SELL_QTY_CLAMP inventory=0.006170 free=0.000017 final=0.000017
[06:56:45.455] [INFO] [EXEC] EXIT RECOVERY inventory_no_sell qty=0.006170
[06:56:45.991] [WARNING] [EXEC] SELL_QTY_CLAMP inventory=0.006170 free=0.000017 final=0.000017
[06:56:45.991] [INFO] [EXEC] SELL CHECK inventory=0.006170 reported=0.000000 remaining=0.000017 chunks=1
[06:56:45.991] [INFO] [EXEC] SKIP MICRO SELL epsilon=0.000015
[06:56:45.991] [WARNING] [EXEC] SELL_QTY_CLAMP inventory=0.006170 free=0.000017 final=0.000017
[06:56:46.204] [INFO] [EXEC] EXIT RECOVERY inventory_no_sell qty=0.006170
[06:56:46.719] [WARNING] [EXEC] SELL_QTY_CLAMP inventory=0.006170 free=0.000017 final=0.000017
[06:56:46.719] [INFO] [EXEC] SELL CHECK inventory=0.006170 reported=0.000000 remaining=0.000017 chunks=1
[06:56:46.719] [INFO] [EXEC] SKIP MICRO SELL epsilon=0.000015
[06:56:46.735] [WARNING] [EXEC] SELL_QTY_CLAMP inventory=0.006170 free=0.000017 final=0.000017
[06:56:46.956] [INFO] [EXEC] EXIT RECOVERY inventory_no_sell qty=0.006170
[06:56:47.470] [WARNING] [EXEC] SELL_QTY_CLAMP inventory=0.006170 free=0.000017 final=0.000017
[06:56:47.470] [INFO] [EXEC] SELL CHECK inventory=0.006170 reported=0.000000 remaining=0.000017 chunks=1
[06:56:47.470] [INFO] [EXEC] SKIP MICRO SELL epsilon=0.000015
[06:56:47.486] [WARNING] [EXEC] SELL_QTY_CLAMP inventory=0.006170 free=0.000017 final=0.000017
[06:56:47.705] [INFO] [EXEC] EXIT RECOVERY inventory_no_sell qty=0.006170
[06:56:48.251] [WARNING] [EXEC] SELL_QTY_CLAMP inventory=0.006170 free=0.000017 final=0.000017
[06:56:48.251] [INFO] [EXEC] SELL CHECK inventory=0.006170 reported=0.000000 remaining=0.000017 chunks=1
[06:56:48.251] [INFO] [EXEC] SKIP MICRO SELL epsilon=0.000015
[06:56:48.251] [WARNING] [EXEC] SELL_QTY_CLAMP inventory=0.006170 free=0.000017 final=0.000017
[06:56:48.454] [INFO] [EXEC] EXIT RECOVERY inventory_no_sell qty=0.006170
[06:56:48.982] [WARNING] [EXEC] SELL_QTY_CLAMP inventory=0.006170 free=0.000017 final=0.000017
[06:56:48.982] [INFO] [EXEC] SELL CHECK inventory=0.006170 reported=0.000000 remaining=0.000017 chunks=1
[06:56:48.989] [INFO] [EXEC] SKIP MICRO SELL epsilon=0.000015
[06:56:48.989] [WARNING] [EXEC] SELL_QTY_CLAMP inventory=0.006170 free=0.000017 final=0.000017
[06:56:49.204] [INFO] [EXEC] EXIT RECOVERY inventory_no_sell qty=0.006170
[06:56:49.719] [WARNING] [EXEC] SELL_QTY_CLAMP inventory=0.006170 free=0.000017 final=0.000017
[06:56:49.719] [INFO] [EXEC] SELL CHECK inventory=0.006170 reported=0.000000 remaining=0.000017 chunks=1
[06:56:49.719] [INFO] [EXEC] SKIP MICRO SELL epsilon=0.000015
[06:56:49.735] [WARNING] [EXEC] SELL_QTY_CLAMP inventory=0.006170 free=0.000017 final=0.000017
[06:56:49.956] [INFO] [EXEC] EXIT RECOVERY inventory_no_sell qty=0.006170
[06:56:50.470] [WARNING] [EXEC] SELL_QTY_CLAMP inventory=0.006170 free=0.000017 final=0.000017
[06:56:50.470] [INFO] [EXEC] SELL CHECK inventory=0.006170 reported=0.000000 remaining=0.000017 chunks=1
[06:56:50.485] [INFO] [EXEC] SKIP MICRO SELL epsilon=0.000015
[06:56:50.485] [WARNING] [EXEC] SELL_QTY_CLAMP inventory=0.006170 free=0.000017 final=0.000017
[06:56:50.704] [INFO] [EXEC] EXIT RECOVERY inventory_no_sell qty=0.006170
[06:56:51.218] [WARNING] [EXEC] SELL_QTY_CLAMP inventory=0.006170 free=0.000017 final=0.000017
[06:56:51.234] [INFO] [EXEC] SELL CHECK inventory=0.006170 reported=0.000000 remaining=0.000017 chunks=1
[06:56:51.234] [INFO] [EXEC] SKIP MICRO SELL epsilon=0.000015
[06:56:51.234] [WARNING] [EXEC] SELL_QTY_CLAMP inventory=0.006170 free=0.000017 final=0.000017
[06:56:51.452] [INFO] [EXEC] EXIT RECOVERY inventory_no_sell qty=0.006170
[06:56:51.984] [WARNING] [EXEC] SELL_QTY_CLAMP inventory=0.006170 free=0.000017 final=0.000017
[06:56:51.984] [INFO] [EXEC] SELL CHECK inventory=0.006170 reported=0.000000 remaining=0.000017 chunks=1
[06:56:51.988] [INFO] [EXEC] SKIP MICRO SELL epsilon=0.000015
[06:56:51.988] [WARNING] [EXEC] SELL_QTY_CLAMP inventory=0.006170 free=0.000017 final=0.000017
[06:56:52.452] [INFO] [EXEC] EXIT RECOVERY inventory_no_sell qty=0.006170
[06:56:52.976] [WARNING] [EXEC] SELL_QTY_CLAMP inventory=0.006170 free=0.000017 final=0.000017
[06:56:52.981] [INFO] [EXEC] SELL CHECK inventory=0.006170 reported=0.000000 remaining=0.000017 chunks=1
[06:56:52.982] [INFO] [EXEC] SKIP MICRO SELL epsilon=0.000015
[06:56:52.982] [WARNING] [EXEC] SELL_QTY_CLAMP inventory=0.006170 free=0.000017 final=0.000017
[06:56:53.202] [INFO] [EXEC] EXIT RECOVERY inventory_no_sell qty=0.006170
[06:56:53.733] [WARNING] [EXEC] SELL_QTY_CLAMP inventory=0.006170 free=0.000017 final=0.000017
[06:56:53.733] [INFO] [EXEC] SELL CHECK inventory=0.006170 reported=0.000000 remaining=0.000017 chunks=1
[06:56:53.733] [INFO] [EXEC] SKIP MICRO SELL epsilon=0.000015
[06:56:53.733] [WARNING] [EXEC] SELL_QTY_CLAMP inventory=0.006170 free=0.000017 final=0.000017
[06:56:53.955] [INFO] [EXEC] EXIT RECOVERY inventory_no_sell qty=0.006170
[06:56:54.483] [WARNING] [EXEC] SELL_QTY_CLAMP inventory=0.006170 free=0.000017 final=0.000017
[06:56:54.483] [INFO] [EXEC] SELL CHECK inventory=0.006170 reported=0.000000 remaining=0.000017 chunks=1
[06:56:54.483] [INFO] [EXEC] SKIP MICRO SELL epsilon=0.000015
[06:56:54.483] [WARNING] [EXEC] SELL_QTY_CLAMP inventory=0.006170 free=0.000017 final=0.000017
[06:56:54.702] [INFO] [EXEC] EXIT RECOVERY inventory_no_sell qty=0.006170
[06:56:55.234] [WARNING] [EXEC] SELL_QTY_CLAMP inventory=0.006170 free=0.000017 final=0.000017
[06:56:55.234] [INFO] [EXEC] SELL CHECK inventory=0.006170 reported=0.000000 remaining=0.000017 chunks=1
[06:56:55.234] [INFO] [EXEC] SKIP MICRO SELL epsilon=0.000015
[06:56:55.234] [WARNING] [EXEC] SELL_QTY_CLAMP inventory=0.006170 free=0.000017 final=0.000017
[06:56:55.453] [INFO] [EXEC] EXIT RECOVERY inventory_no_sell qty=0.006170
[06:56:55.976] [WARNING] [EXEC] SELL_QTY_CLAMP inventory=0.006170 free=0.000017 final=0.000017
[06:56:55.981] [INFO] [EXEC] SELL CHECK inventory=0.006170 reported=0.000000 remaining=0.000017 chunks=1
[06:56:55.981] [INFO] [EXEC] SKIP MICRO SELL epsilon=0.000015
[06:56:55.981] [WARNING] [EXEC] SELL_QTY_CLAMP inventory=0.006170 free=0.000017 final=0.000017
[06:56:56.204] [INFO] [EXEC] EXIT RECOVERY inventory_no_sell qty=0.006170
[06:56:56.736] [WARNING] [EXEC] SELL_QTY_CLAMP inventory=0.006170 free=0.000017 final=0.000017
[06:56:56.736] [INFO] [EXEC] SELL CHECK inventory=0.006170 reported=0.000000 remaining=0.000017 chunks=1
[06:56:56.736] [INFO] [EXEC] SKIP MICRO SELL epsilon=0.000015
[06:56:56.736] [WARNING] [EXEC] SELL_QTY_CLAMP inventory=0.006170 free=0.000017 final=0.000017
[06:56:56.955] [INFO] [EXEC] EXIT RECOVERY inventory_no_sell qty=0.006170
[06:56:57.501] [WARNING] [EXEC] SELL_QTY_CLAMP inventory=0.006170 free=0.000017 final=0.000017
[06:56:57.516] [INFO] [EXEC] SELL CHECK inventory=0.006170 reported=0.000000 remaining=0.000017 chunks=1
[06:56:57.516] [INFO] [EXEC] SKIP MICRO SELL epsilon=0.000015
[06:56:57.516] [WARNING] [EXEC] SELL_QTY_CLAMP inventory=0.006170 free=0.000017 final=0.000017
[06:56:57.704] [INFO] [EXEC] EXIT RECOVERY inventory_no_sell qty=0.006170
[06:56:58.219] [WARNING] [EXEC] SELL_QTY_CLAMP inventory=0.006170 free=0.000017 final=0.000017
[06:56:58.235] [INFO] [EXEC] SELL CHECK inventory=0.006170 reported=0.000000 remaining=0.000017 chunks=1
[06:56:58.235] [INFO] [EXEC] SKIP MICRO SELL epsilon=0.000015
[06:56:58.235] [WARNING] [EXEC] SELL_QTY_CLAMP inventory=0.006170 free=0.000017 final=0.000017
[06:56:58.453] [INFO] [EXEC] EXIT RECOVERY inventory_no_sell qty=0.006170
[06:56:59.005] [WARNING] [EXEC] SELL_QTY_CLAMP inventory=0.006170 free=0.000017 final=0.000017
[06:56:59.005] [INFO] [EXEC] SELL CHECK inventory=0.006170 reported=0.000000 remaining=0.000017 chunks=1
[06:56:59.005] [INFO] [EXEC] SKIP MICRO SELL epsilon=0.000015
[06:56:59.021] [WARNING] [EXEC] SELL_QTY_CLAMP inventory=0.006170 free=0.000017 final=0.000017
[06:56:59.203] [INFO] [EXEC] EXIT RECOVERY inventory_no_sell qty=0.006170
[06:56:59.719] [WARNING] [EXEC] SELL_QTY_CLAMP inventory=0.006170 free=0.000017 final=0.000017
[06:56:59.734] [INFO] [EXEC] SELL CHECK inventory=0.006170 reported=0.000000 remaining=0.000017 chunks=1
[06:56:59.734] [INFO] [EXEC] SKIP MICRO SELL epsilon=0.000015
[06:56:59.734] [WARNING] [EXEC] SELL_QTY_CLAMP inventory=0.006170 free=0.000017 final=0.000017
[06:56:59.954] [INFO] [EXEC] EXIT RECOVERY inventory_no_sell qty=0.006170
[06:57:00.484] [WARNING] [EXEC] SELL_QTY_CLAMP inventory=0.006170 free=0.000017 final=0.000017
[06:57:00.484] [INFO] [EXEC] SELL CHECK inventory=0.006170 reported=0.000000 remaining=0.000017 chunks=1
[06:57:00.484] [INFO] [EXEC] SKIP MICRO SELL epsilon=0.000015
[06:57:00.484] [WARNING] [EXEC] SELL_QTY_CLAMP inventory=0.006170 free=0.000017 final=0.000017
[06:57:00.703] [INFO] [EXEC] EXIT RECOVERY inventory_no_sell qty=0.006170
[06:57:01.218] [WARNING] [EXEC] SELL_QTY_CLAMP inventory=0.006170 free=0.000017 final=0.000017
[06:57:01.218] [INFO] [EXEC] SELL CHECK inventory=0.006170 reported=0.000000 remaining=0.000017 chunks=1
[06:57:01.234] [INFO] [EXEC] SKIP MICRO SELL epsilon=0.000015
[06:57:01.234] [WARNING] [EXEC] SELL_QTY_CLAMP inventory=0.006170 free=0.000017 final=0.000017
[06:57:01.453] [INFO] [EXEC] EXIT RECOVERY inventory_no_sell qty=0.006170
[06:57:01.988] [WARNING] [EXEC] SELL_QTY_CLAMP inventory=0.006170 free=0.000017 final=0.000017
[06:57:01.989] [INFO] [EXEC] SELL CHECK inventory=0.006170 reported=0.000000 remaining=0.000017 chunks=1
[06:57:01.993] [INFO] [EXEC] SKIP MICRO SELL epsilon=0.000015
[06:57:01.994] [WARNING] [EXEC] SELL_QTY_CLAMP inventory=0.006170 free=0.000017 final=0.000017
[06:57:02.453] [INFO] [EXEC] EXIT RECOVERY inventory_no_sell qty=0.006170
[06:57:02.981] [WARNING] [EXEC] SELL_QTY_CLAMP inventory=0.006170 free=0.000017 final=0.000017
[06:57:02.981] [INFO] [EXEC] SELL CHECK inventory=0.006170 reported=0.000000 remaining=0.000017 chunks=1
[06:57:02.986] [INFO] [EXEC] SKIP MICRO SELL epsilon=0.000015
[06:57:02.987] [WARNING] [EXEC] SELL_QTY_CLAMP inventory=0.006170 free=0.000017 final=0.000017
[06:57:03.202] [INFO] [EXEC] EXIT RECOVERY inventory_no_sell qty=0.006170
[06:57:03.717] [WARNING] [EXEC] SELL_QTY_CLAMP inventory=0.006170 free=0.000017 final=0.000017
[06:57:03.733] [INFO] [EXEC] SELL CHECK inventory=0.006170 reported=0.000000 remaining=0.000017 chunks=1
[06:57:03.733] [INFO] [EXEC] SKIP MICRO SELL epsilon=0.000015
[06:57:03.733] [WARNING] [EXEC] SELL_QTY_CLAMP inventory=0.006170 free=0.000017 final=0.000017
[06:57:03.953] [INFO] [EXEC] EXIT RECOVERY inventory_no_sell qty=0.006170
[06:57:04.468] [WARNING] [EXEC] SELL_QTY_CLAMP inventory=0.006170 free=0.000017 final=0.000017
[06:57:04.468] [INFO] [EXEC] SELL CHECK inventory=0.006170 reported=0.000000 remaining=0.000017 chunks=1
[06:57:04.484] [INFO] [EXEC] SKIP MICRO SELL epsilon=0.000015
[06:57:04.484] [WARNING] [EXEC] SELL_QTY_CLAMP inventory=0.006170 free=0.000017 final=0.000017
[06:57:04.484] [OK] [PLAN] HOT entry=80995.00 exit=81002.77 profit=0.959284 age=751ms
[06:57:04.703] [WARNING] [EXEC] SELL_QTY_CLAMP inventory=0.006170 free=0.000017 final=0.000017
[06:57:04.703] [INFO] [EXEC] EXIT RECOVERY inventory_no_sell qty=0.006170
[06:57:05.218] [WARNING] [EXEC] SELL_QTY_CLAMP inventory=0.006170 free=0.000017 final=0.000017
[06:57:05.234] [INFO] [EXEC] SELL CHECK inventory=0.006170 reported=0.000000 remaining=0.000017 chunks=1
[06:57:05.234] [INFO] [EXEC] SKIP MICRO SELL epsilon=0.000015
[06:57:05.234] [WARNING] [EXEC] SELL_QTY_CLAMP inventory=0.006170 free=0.000017 final=0.000017
[06:57:05.234] [OK] [PLAN] READY entry=80995.00 exit=81000.99 profit=0.739525 age=1501ms
[06:57:05.452] [WARNING] [EXEC] SELL_QTY_CLAMP inventory=0.006170 free=0.000017 final=0.000017
[06:57:05.452] [INFO] [EXEC] EXIT RECOVERY inventory_no_sell qty=0.006170
[06:57:05.972] [WARNING] [EXEC] SELL_QTY_CLAMP inventory=0.006170 free=0.000017 final=0.000017
[06:57:05.972] [INFO] [EXEC] SELL CHECK inventory=0.006170 reported=0.000000 remaining=0.000017 chunks=1
[06:57:05.972] [INFO] [EXEC] SKIP MICRO SELL epsilon=0.000015
[06:57:05.972] [WARNING] [EXEC] SELL_QTY_CLAMP inventory=0.006170 free=0.000017 final=0.000017
[06:57:06.200] [INFO] [EXEC] EXIT RECOVERY inventory_no_sell qty=0.006170
[06:57:06.716] [WARNING] [EXEC] SELL_QTY_CLAMP inventory=0.006170 free=0.000017 final=0.000017
[06:57:06.716] [INFO] [EXEC] SELL CHECK inventory=0.006170 reported=0.000000 remaining=0.000017 chunks=1
[06:57:06.716] [INFO] [EXEC] SKIP MICRO SELL epsilon=0.000015
[06:57:06.732] [WARNING] [EXEC] SELL_QTY_CLAMP inventory=0.006170 free=0.000017 final=0.000017
[06:57:06.954] [INFO] [EXEC] EXIT RECOVERY inventory_no_sell qty=0.006170
[06:57:07.483] [WARNING] [EXEC] SELL_QTY_CLAMP inventory=0.006170 free=0.000017 final=0.000017
[06:57:07.483] [INFO] [EXEC] SELL CHECK inventory=0.006170 reported=0.000000 remaining=0.000017 chunks=1
[06:57:07.483] [INFO] [EXEC] SKIP MICRO SELL epsilon=0.000015
[06:57:07.483] [WARNING] [EXEC] SELL_QTY_CLAMP inventory=0.006170 free=0.000017 final=0.000017
[06:57:07.702] [INFO] [EXEC] EXIT RECOVERY inventory_no_sell qty=0.006170
[06:57:08.218] [WARNING] [EXEC] SELL_QTY_CLAMP inventory=0.006170 free=0.000017 final=0.000017
[06:57:08.218] [INFO] [EXEC] SELL CHECK inventory=0.006170 reported=0.000000 remaining=0.000017 chunks=1
[06:57:08.233] [INFO] [EXEC] SKIP MICRO SELL epsilon=0.000015
[06:57:08.233] [WARNING] [EXEC] SELL_QTY_CLAMP inventory=0.006170 free=0.000017 final=0.000017
[06:57:08.452] [INFO] [EXEC] EXIT RECOVERY inventory_no_sell qty=0.006170
[06:57:08.989] [WARNING] [EXEC] SELL_QTY_CLAMP inventory=0.006170 free=0.000017 final=0.000017
[06:57:08.992] [INFO] [EXEC] SELL CHECK inventory=0.006170 reported=0.000000 remaining=0.000017 chunks=1
[06:57:08.993] [INFO] [EXEC] SKIP MICRO SELL epsilon=0.000015
[06:57:08.993] [WARNING] [EXEC] SELL_QTY_CLAMP inventory=0.006170 free=0.000017 final=0.000017
[06:57:09.201] [INFO] [EXEC] EXIT RECOVERY inventory_no_sell qty=0.006170
[06:57:09.732] [WARNING] [EXEC] SELL_QTY_CLAMP inventory=0.006170 free=0.000017 final=0.000017
[06:57:09.732] [INFO] [EXEC] SELL CHECK inventory=0.006170 reported=0.000000 remaining=0.000017 chunks=1
[06:57:09.732] [INFO] [EXEC] SKIP MICRO SELL epsilon=0.000015
[06:57:09.747] [WARNING] [EXEC] SELL_QTY_CLAMP inventory=0.006170 free=0.000017 final=0.000017
[06:57:09.953] [INFO] [EXEC] EXIT RECOVERY inventory_no_sell qty=0.006170
[06:57:10.467] [WARNING] [EXEC] SELL_QTY_CLAMP inventory=0.006170 free=0.000017 final=0.000017
[06:57:10.483] [INFO] [EXEC] SELL CHECK inventory=0.006170 reported=0.000000 remaining=0.000017 chunks=1
[06:57:10.483] [INFO] [EXEC] SKIP MICRO SELL epsilon=0.000015
[06:57:10.483] [WARNING] [EXEC] SELL_QTY_CLAMP inventory=0.006170 free=0.000017 final=0.000017
[06:57:10.701] [INFO] [EXEC] EXIT RECOVERY inventory_no_sell qty=0.006170
[06:57:11.215] [WARNING] [EXEC] SELL_QTY_CLAMP inventory=0.006170 free=0.000017 final=0.000017
[06:57:11.215] [INFO] [EXEC] SELL CHECK inventory=0.006170 reported=0.000000 remaining=0.000017 chunks=1
[06:57:11.231] [INFO] [EXEC] SKIP MICRO SELL epsilon=0.000015
[06:57:11.231] [WARNING] [EXEC] SELL_QTY_CLAMP inventory=0.006170 free=0.000017 final=0.000017
[06:57:11.449] [INFO] [EXEC] EXIT RECOVERY inventory_no_sell qty=0.006170
[06:57:11.972] [WARNING] [EXEC] SELL_QTY_CLAMP inventory=0.006170 free=0.000017 final=0.000017
[06:57:11.972] [INFO] [EXEC] SELL CHECK inventory=0.006170 reported=0.000000 remaining=0.000017 chunks=1
[06:57:11.978] [INFO] [EXEC] SKIP MICRO SELL epsilon=0.000015
[06:57:11.979] [WARNING] [EXEC] SELL_QTY_CLAMP inventory=0.006170 free=0.000017 final=0.000017
[06:57:12.450] [INFO] [EXEC] EXIT RECOVERY inventory_no_sell qty=0.006170
[06:57:12.973] [WARNING] [EXEC] SELL_QTY_CLAMP inventory=0.006170 free=0.000017 final=0.000017
[06:57:12.980] [INFO] [EXEC] SELL CHECK inventory=0.006170 reported=0.000000 remaining=0.000017 chunks=1
[06:57:12.980] [INFO] [EXEC] SKIP MICRO SELL epsilon=0.000015
[06:57:12.986] [WARNING] [EXEC] SELL_QTY_CLAMP inventory=0.006170 free=0.000017 final=0.000017
[06:57:13.201] [INFO] [EXEC] EXIT RECOVERY inventory_no_sell qty=0.006170
[06:57:13.717] [WARNING] [EXEC] SELL_QTY_CLAMP inventory=0.006170 free=0.000017 final=0.000017
[06:57:13.717] [INFO] [EXEC] SELL CHECK inventory=0.006170 reported=0.000000 remaining=0.000017 chunks=1
[06:57:13.717] [INFO] [EXEC] SKIP MICRO SELL epsilon=0.000015
[06:57:13.717] [WARNING] [EXEC] SELL_QTY_CLAMP inventory=0.006170 free=0.000017 final=0.000017
[06:57:13.953] [INFO] [EXEC] EXIT RECOVERY inventory_no_sell qty=0.006170
[06:57:14.467] [WARNING] [EXEC] SELL_QTY_CLAMP inventory=0.006170 free=0.000017 final=0.000017
[06:57:14.467] [INFO] [EXEC] SELL CHECK inventory=0.006170 reported=0.000000 remaining=0.000017 chunks=1
[06:57:14.467] [INFO] [EXEC] SKIP MICRO SELL epsilon=0.000015
[06:57:14.467] [WARNING] [EXEC] SELL_QTY_CLAMP inventory=0.006170 free=0.000017 final=0.000017
[06:57:14.701] [INFO] [EXEC] EXIT RECOVERY inventory_no_sell qty=0.006170
[06:57:15.217] [WARNING] [EXEC] SELL_QTY_CLAMP inventory=0.006170 free=0.000017 final=0.000017
[06:57:15.232] [INFO] [EXEC] SELL CHECK inventory=0.006170 reported=0.000000 remaining=0.000017 chunks=1
[06:57:15.232] [INFO] [EXEC] SKIP MICRO SELL epsilon=0.000015
[06:57:15.232] [WARNING] [EXEC] SELL_QTY_CLAMP inventory=0.006170 free=0.000017 final=0.000017
[06:57:15.451] [INFO] [EXEC] EXIT RECOVERY inventory_no_sell qty=0.006170
[06:57:15.985] [WARNING] [EXEC] SELL_QTY_CLAMP inventory=0.006170 free=0.000017 final=0.000017
[06:57:15.987] [INFO] [EXEC] SELL CHECK inventory=0.006170 reported=0.000000 remaining=0.000017 chunks=1
[06:57:15.987] [INFO] [EXEC] SKIP MICRO SELL epsilon=0.000015
[06:57:15.991] [WARNING] [EXEC] SELL_QTY_CLAMP inventory=0.006170 free=0.000017 final=0.000017
[06:57:16.201] [INFO] [EXEC] EXIT RECOVERY inventory_no_sell qty=0.006170
[06:57:16.732] [WARNING] [EXEC] SELL_QTY_CLAMP inventory=0.006170 free=0.000017 final=0.000017
[06:57:16.732] [INFO] [EXEC] SELL CHECK inventory=0.006170 reported=0.000000 remaining=0.000017 chunks=1
[06:57:16.732] [INFO] [EXEC] SKIP MICRO SELL epsilon=0.000015
[06:57:16.732] [WARNING] [EXEC] SELL_QTY_CLAMP inventory=0.006170 free=0.000017 final=0.000017
[06:57:16.952] [INFO] [EXEC] EXIT RECOVERY inventory_no_sell qty=0.006170
[06:57:17.483] [WARNING] [EXEC] SELL_QTY_CLAMP inventory=0.006170 free=0.000017 final=0.000017
[06:57:17.483] [INFO] [EXEC] SELL CHECK inventory=0.006170 reported=0.000000 remaining=0.000017 chunks=1
[06:57:17.483] [INFO] [EXEC] SKIP MICRO SELL epsilon=0.000015
[06:57:17.498] [WARNING] [EXEC] SELL_QTY_CLAMP inventory=0.006170 free=0.000017 final=0.000017
[06:57:17.701] [INFO] [EXEC] EXIT RECOVERY inventory_no_sell qty=0.006170
[06:57:18.232] [WARNING] [EXEC] SELL_QTY_CLAMP inventory=0.006170 free=0.000017 final=0.000017
[06:57:18.232] [INFO] [EXEC] SELL CHECK inventory=0.006170 reported=0.000000 remaining=0.000017 chunks=1
[06:57:18.232] [INFO] [EXEC] SKIP MICRO SELL epsilon=0.000015
[06:57:18.247] [WARNING] [EXEC] SELL_QTY_CLAMP inventory=0.006170 free=0.000017 final=0.000017
[06:57:18.450] [INFO] [EXEC] EXIT RECOVERY inventory_no_sell qty=0.006170
[06:57:18.979] [WARNING] [EXEC] SELL_QTY_CLAMP inventory=0.006170 free=0.000017 final=0.000017
[06:57:18.979] [INFO] [EXEC] SELL CHECK inventory=0.006170 reported=0.000000 remaining=0.000017 chunks=1
[06:57:18.984] [INFO] [EXEC] SKIP MICRO SELL epsilon=0.000015
[06:57:18.985] [WARNING] [EXEC] SELL_QTY_CLAMP inventory=0.006170 free=0.000017 final=0.000017
[06:57:19.201] [INFO] [EXEC] EXIT RECOVERY inventory_no_sell qty=0.006170
[06:57:19.732] [WARNING] [EXEC] SELL_QTY_CLAMP inventory=0.006170 free=0.000017 final=0.000017
[06:57:19.732] [INFO] [EXEC] SELL CHECK inventory=0.006170 reported=0.000000 remaining=0.000017 chunks=1
[06:57:19.732] [INFO] [EXEC] SKIP MICRO SELL epsilon=0.000015
[06:57:19.732] [WARNING] [EXEC] SELL_QTY_CLAMP inventory=0.006170 free=0.000017 final=0.000017
[06:57:19.732] [OK] [PLAN] READY entry=80993.79 exit=81000.99 profit=0.888912 age=751ms
[06:57:19.950] [WARNING] [EXEC] SELL_QTY_CLAMP inventory=0.006170 free=0.000017 final=0.000017
[06:57:19.958] [INFO] [EXEC] EXIT RECOVERY inventory_no_sell qty=0.006170
[06:57:20.482] [WARNING] [EXEC] SELL_QTY_CLAMP inventory=0.006170 free=0.000017 final=0.000017
[06:57:20.482] [INFO] [EXEC] SELL CHECK inventory=0.006170 reported=0.000000 remaining=0.000017 chunks=1
[06:57:20.482] [INFO] [EXEC] SKIP MICRO SELL epsilon=0.000015
[06:57:20.482] [WARNING] [EXEC] SELL_QTY_CLAMP inventory=0.006170 free=0.000017 final=0.000017
[06:57:20.700] [INFO] [EXEC] EXIT RECOVERY inventory_no_sell qty=0.006170
[06:57:21.215] [WARNING] [EXEC] SELL_QTY_CLAMP inventory=0.006170 free=0.000017 final=0.000017
[06:57:21.215] [INFO] [EXEC] SELL CHECK inventory=0.006170 reported=0.000000 remaining=0.000017 chunks=1
[06:57:21.215] [INFO] [EXEC] SKIP MICRO SELL epsilon=0.000015
[06:57:21.215] [WARNING] [EXEC] SELL_QTY_CLAMP inventory=0.006170 free=0.000017 final=0.000017
[06:57:21.450] [INFO] [EXEC] EXIT RECOVERY inventory_no_sell qty=0.006170
[06:57:21.979] [WARNING] [EXEC] SELL_QTY_CLAMP inventory=0.006170 free=0.000017 final=0.000017
[06:57:21.986] [INFO] [EXEC] SELL CHECK inventory=0.006170 reported=0.000000 remaining=0.000017 chunks=1
[06:57:21.991] [INFO] [EXEC] SKIP MICRO SELL epsilon=0.000015
[06:57:21.993] [WARNING] [EXEC] SELL_QTY_CLAMP inventory=0.006170 free=0.000017 final=0.000017
[06:57:22.451] [INFO] [EXEC] EXIT RECOVERY inventory_no_sell qty=0.006170
[06:57:22.970] [WARNING] [EXEC] SELL_QTY_CLAMP inventory=0.006170 free=0.000017 final=0.000017
[06:57:22.970] [INFO] [EXEC] SELL CHECK inventory=0.006170 reported=0.000000 remaining=0.000017 chunks=1
[06:57:22.977] [INFO] [EXEC] SKIP MICRO SELL epsilon=0.000015
[06:57:22.977] [WARNING] [EXEC] SELL_QTY_CLAMP inventory=0.006170 free=0.000017 final=0.000017
[06:57:23.199] [INFO] [EXEC] EXIT RECOVERY inventory_no_sell qty=0.006170
[06:57:23.715] [WARNING] [EXEC] SELL_QTY_CLAMP inventory=0.006170 free=0.000017 final=0.000017
[06:57:23.715] [INFO] [EXEC] SELL CHECK inventory=0.006170 reported=0.000000 remaining=0.000017 chunks=1
[06:57:23.731] [INFO] [EXEC] SKIP MICRO SELL epsilon=0.000015
[06:57:23.731] [WARNING] [EXEC] SELL_QTY_CLAMP inventory=0.006170 free=0.000017 final=0.000017
[06:57:23.952] [INFO] [EXEC] EXIT RECOVERY inventory_no_sell qty=0.006170
[06:57:24.479] [WARNING] [EXEC] SELL_QTY_CLAMP inventory=0.006170 free=0.000017 final=0.000017
[06:57:24.479] [INFO] [EXEC] SELL CHECK inventory=0.006170 reported=0.000000 remaining=0.000017 chunks=1
[06:57:24.479] [INFO] [EXEC] SKIP MICRO SELL epsilon=0.000015
[06:57:24.479] [WARNING] [EXEC] SELL_QTY_CLAMP inventory=0.006170 free=0.000017 final=0.000017
[06:57:24.698] [INFO] [EXEC] EXIT RECOVERY inventory_no_sell qty=0.006170
[06:57:25.214] [WARNING] [EXEC] SELL_QTY_CLAMP inventory=0.006170 free=0.000017 final=0.000017
[06:57:25.214] [INFO] [EXEC] SELL CHECK inventory=0.006170 reported=0.000000 remaining=0.000017 chunks=1
[06:57:25.230] [INFO] [EXEC] SKIP MICRO SELL epsilon=0.000015
[06:57:25.230] [WARNING] [EXEC] SELL_QTY_CLAMP inventory=0.006170 free=0.000017 final=0.000017
[06:57:25.448] [INFO] [EXEC] EXIT RECOVERY inventory_no_sell qty=0.006170
[06:57:25.977] [WARNING] [EXEC] SELL_QTY_CLAMP inventory=0.006170 free=0.000017 final=0.000017
[06:57:25.978] [INFO] [EXEC] SELL CHECK inventory=0.006170 reported=0.000000 remaining=0.000017 chunks=1
[06:57:25.978] [INFO] [EXEC] SKIP MICRO SELL epsilon=0.000015
[06:57:25.983] [WARNING] [EXEC] SELL_QTY_CLAMP inventory=0.006170 free=0.000017 final=0.000017
[06:57:25.984] [OK] [PLAN] HOT entry=80990.53 exit=81000.61 profit=1.244578 age=750ms
[06:57:26.200] [WARNING] [EXEC] SELL_QTY_CLAMP inventory=0.006170 free=0.000017 final=0.000017
[06:57:26.200] [INFO] [EXEC] EXIT RECOVERY inventory_no_sell qty=0.006170
[06:57:26.715] [WARNING] [EXEC] SELL_QTY_CLAMP inventory=0.006170 free=0.000017 final=0.000017
[06:57:26.715] [INFO] [EXEC] SELL CHECK inventory=0.006170 reported=0.000000 remaining=0.000017 chunks=1
[06:57:26.715] [INFO] [EXEC] SKIP MICRO SELL epsilon=0.000015
[06:57:26.715] [WARNING] [EXEC] SELL_QTY_CLAMP inventory=0.006170 free=0.000017 final=0.000017
[06:57:26.956] [INFO] [EXEC] EXIT RECOVERY inventory_no_sell qty=0.006170
[06:57:27.480] [WARNING] [EXEC] SELL_QTY_CLAMP inventory=0.006170 free=0.000017 final=0.000017
[06:57:27.480] [INFO] [EXEC] SELL CHECK inventory=0.006170 reported=0.000000 remaining=0.000017 chunks=1
[06:57:27.480] [INFO] [EXEC] SKIP MICRO SELL epsilon=0.000015
[06:57:27.480] [WARNING] [EXEC] SELL_QTY_CLAMP inventory=0.006170 free=0.000017 final=0.000017
[06:57:27.699] [INFO] [EXEC] EXIT RECOVERY inventory_no_sell qty=0.006170
[06:57:28.215] [WARNING] [EXEC] SELL_QTY_CLAMP inventory=0.006170 free=0.000017 final=0.000017
[06:57:28.215] [INFO] [EXEC] SELL CHECK inventory=0.006170 reported=0.000000 remaining=0.000017 chunks=1
[06:57:28.231] [INFO] [EXEC] SKIP MICRO SELL epsilon=0.000015
[06:57:28.231] [WARNING] [EXEC] SELL_QTY_CLAMP inventory=0.006170 free=0.000017 final=0.000017
[06:57:28.450] [INFO] [EXEC] EXIT RECOVERY inventory_no_sell qty=0.006170
[06:57:28.990] [WARNING] [EXEC] SELL_QTY_CLAMP inventory=0.006170 free=0.000017 final=0.000017
[06:57:28.991] [INFO] [EXEC] SELL CHECK inventory=0.006170 reported=0.000000 remaining=0.000017 chunks=1
[06:57:28.991] [INFO] [EXEC] SKIP MICRO SELL epsilon=0.000015
[06:57:28.991] [WARNING] [EXEC] SELL_QTY_CLAMP inventory=0.006170 free=0.000017 final=0.000017
[06:57:29.198] [INFO] [EXEC] EXIT RECOVERY inventory_no_sell qty=0.006170
[06:57:29.714] [WARNING] [EXEC] SELL_QTY_CLAMP inventory=0.006170 free=0.000017 final=0.000017
[06:57:29.714] [INFO] [EXEC] SELL CHECK inventory=0.006170 reported=0.000000 remaining=0.000017 chunks=1
[06:57:29.714] [INFO] [EXEC] SKIP MICRO SELL epsilon=0.000015
[06:57:29.714] [WARNING] [EXEC] SELL_QTY_CLAMP inventory=0.006170 free=0.000017 final=0.000017
[06:57:29.957] [INFO] [EXEC] EXIT RECOVERY inventory_no_sell qty=0.006170
[06:57:30.472] [WARNING] [EXEC] SELL_QTY_CLAMP inventory=0.006170 free=0.000017 final=0.000017
[06:57:30.472] [INFO] [EXEC] SELL CHECK inventory=0.006170 reported=0.000000 remaining=0.000017 chunks=1
[06:57:30.472] [INFO] [EXEC] SKIP MICRO SELL epsilon=0.000015
[06:57:30.472] [WARNING] [EXEC] SELL_QTY_CLAMP inventory=0.006170 free=0.000017 final=0.000017
[06:57:30.706] [INFO] [EXEC] EXIT RECOVERY inventory_no_sell qty=0.006170
[06:57:31.222] [WARNING] [EXEC] SELL_QTY_CLAMP inventory=0.006170 free=0.000017 final=0.000017
[06:57:31.222] [INFO] [EXEC] SELL CHECK inventory=0.006170 reported=0.000000 remaining=0.000017 chunks=1
[06:57:31.237] [INFO] [EXEC] SKIP MICRO SELL epsilon=0.000015
[06:57:31.237] [WARNING] [EXEC] SELL_QTY_CLAMP inventory=0.006170 free=0.000017 final=0.000017
[06:57:31.456] [INFO] [EXEC] EXIT RECOVERY inventory_no_sell qty=0.006170
[06:57:32.009] [WARNING] [EXEC] SELL_QTY_CLAMP inventory=0.006170 free=0.000017 final=0.000017
[06:57:32.024] [INFO] [EXEC] SELL CHECK inventory=0.006170 reported=0.000000 remaining=0.000017 chunks=1
[06:57:32.024] [INFO] [EXEC] SKIP MICRO SELL epsilon=0.000015
[06:57:32.024] [WARNING] [EXEC] SELL_QTY_CLAMP inventory=0.006170 free=0.000017 final=0.000017
[06:57:32.456] [INFO] [EXEC] EXIT RECOVERY inventory_no_sell qty=0.006170
[06:57:32.985] [WARNING] [EXEC] SELL_QTY_CLAMP inventory=0.006170 free=0.000017 final=0.000017
[06:57:32.986] [INFO] [EXEC] SELL CHECK inventory=0.006170 reported=0.000000 remaining=0.000017 chunks=1
[06:57:32.989] [INFO] [EXEC] SKIP MICRO SELL epsilon=0.000015
[06:57:32.990] [WARNING] [EXEC] SELL_QTY_CLAMP inventory=0.006170 free=0.000017 final=0.000017
[06:57:33.206] [INFO] [EXEC] EXIT RECOVERY inventory_no_sell qty=0.006170
[06:57:33.768] [WARNING] [EXEC] SELL_QTY_CLAMP inventory=0.006170 free=0.000017 final=0.000017
[06:57:33.768] [INFO] [EXEC] SELL CHECK inventory=0.006170 reported=0.000000 remaining=0.000017 chunks=1
[06:57:33.768] [INFO] [EXEC] SKIP MICRO SELL epsilon=0.000015
[06:57:33.768] [WARNING] [EXEC] SELL_QTY_CLAMP inventory=0.006170 free=0.000017 final=0.000017
[06:57:33.955] [INFO] [EXEC] EXIT RECOVERY inventory_no_sell qty=0.006170
[06:57:34.471] [WARNING] [EXEC] SELL_QTY_CLAMP inventory=0.006170 free=0.000017 final=0.000017
[06:57:34.487] [INFO] [EXEC] SELL CHECK inventory=0.006170 reported=0.000000 remaining=0.000017 chunks=1
[06:57:34.487] [INFO] [EXEC] SKIP MICRO SELL epsilon=0.000015
[06:57:34.487] [WARNING] [EXEC] SELL_QTY_CLAMP inventory=0.006170 free=0.000017 final=0.000017
[06:57:34.706] [INFO] [EXEC] EXIT RECOVERY inventory_no_sell qty=0.006170
[06:57:35.237] [WARNING] [EXEC] SELL_QTY_CLAMP inventory=0.006170 free=0.000017 final=0.000017
[06:57:35.237] [INFO] [EXEC] SELL CHECK inventory=0.006170 reported=0.000000 remaining=0.000017 chunks=1
[06:57:35.237] [INFO] [EXEC] SKIP MICRO SELL epsilon=0.000015
[06:57:35.237] [WARNING] [EXEC] SELL_QTY_CLAMP inventory=0.006170 free=0.000017 final=0.000017
[06:57:35.455] [INFO] [EXEC] EXIT RECOVERY inventory_no_sell qty=0.006170
[06:57:36.007] [WARNING] [EXEC] SELL_QTY_CLAMP inventory=0.006170 free=0.000017 final=0.000017
[06:57:36.007] [INFO] [EXEC] SELL CHECK inventory=0.006170 reported=0.000000 remaining=0.000017 chunks=1
[06:57:36.007] [INFO] [EXEC] SKIP MICRO SELL epsilon=0.000015
[06:57:36.022] [WARNING] [EXEC] SELL_QTY_CLAMP inventory=0.006170 free=0.000017 final=0.000017
[06:57:36.205] [INFO] [EXEC] EXIT RECOVERY inventory_no_sell qty=0.006170
[06:57:36.720] [WARNING] [EXEC] SELL_QTY_CLAMP inventory=0.006170 free=0.000017 final=0.000017
[06:57:36.720] [INFO] [EXEC] SELL CHECK inventory=0.006170 reported=0.000000 remaining=0.000017 chunks=1
[06:57:36.736] [INFO] [EXEC] SKIP MICRO SELL epsilon=0.000015
[06:57:36.736] [WARNING] [EXEC] SELL_QTY_CLAMP inventory=0.006170 free=0.000017 final=0.000017
[06:57:36.957] [INFO] [EXEC] EXIT RECOVERY inventory_no_sell qty=0.006170
[06:57:37.486] [WARNING] [EXEC] SELL_QTY_CLAMP inventory=0.006170 free=0.000017 final=0.000017
[06:57:37.501] [INFO] [EXEC] SELL CHECK inventory=0.006170 reported=0.000000 remaining=0.000017 chunks=1
[06:57:37.501] [INFO] [EXEC] SKIP MICRO SELL epsilon=0.000015
[06:57:37.501] [WARNING] [EXEC] SELL_QTY_CLAMP inventory=0.006170 free=0.000017 final=0.000017
[06:57:37.705] [INFO] [EXEC] EXIT RECOVERY inventory_no_sell qty=0.006170
[06:57:38.236] [WARNING] [EXEC] SELL_QTY_CLAMP inventory=0.006170 free=0.000017 final=0.000017
[06:57:38.236] [INFO] [EXEC] SELL CHECK inventory=0.006170 reported=0.000000 remaining=0.000017 chunks=1
[06:57:38.236] [INFO] [EXEC] SKIP MICRO SELL epsilon=0.000015
[06:57:38.236] [WARNING] [EXEC] SELL_QTY_CLAMP inventory=0.006170 free=0.000017 final=0.000017
[06:57:38.455] [INFO] [EXEC] EXIT RECOVERY inventory_no_sell qty=0.006170
[06:57:38.976] [WARNING] [EXEC] SELL_QTY_CLAMP inventory=0.006170 free=0.000017 final=0.000017
[06:57:38.982] [INFO] [EXEC] SELL CHECK inventory=0.006170 reported=0.000000 remaining=0.000017 chunks=1
[06:57:38.983] [INFO] [EXEC] SKIP MICRO SELL epsilon=0.000015
[06:57:38.983] [WARNING] [EXEC] SELL_QTY_CLAMP inventory=0.006170 free=0.000017 final=0.000017
[06:57:39.204] [INFO] [EXEC] EXIT RECOVERY inventory_no_sell qty=0.006170
[06:57:39.767] [WARNING] [EXEC] SELL_QTY_CLAMP inventory=0.006170 free=0.000017 final=0.000017
[06:57:39.767] [INFO] [EXEC] SELL CHECK inventory=0.006170 reported=0.000000 remaining=0.000017 chunks=1
[06:57:39.767] [INFO] [EXEC] SKIP MICRO SELL epsilon=0.000015
[06:57:39.767] [WARNING] [EXEC] SELL_QTY_CLAMP inventory=0.006170 free=0.000017 final=0.000017
[06:57:39.956] [INFO] [EXEC] EXIT RECOVERY inventory_no_sell qty=0.006170
[06:57:40.486] [WARNING] [EXEC] SELL_QTY_CLAMP inventory=0.006170 free=0.000017 final=0.000017
[06:57:40.486] [INFO] [EXEC] SELL CHECK inventory=0.006170 reported=0.000000 remaining=0.000017 chunks=1
[06:57:40.486] [INFO] [EXEC] SKIP MICRO SELL epsilon=0.000015
[06:57:40.486] [WARNING] [EXEC] SELL_QTY_CLAMP inventory=0.006170 free=0.000017 final=0.000017
[06:57:40.705] [INFO] [EXEC] EXIT RECOVERY inventory_no_sell qty=0.006170
[06:57:41.234] [WARNING] [EXEC] SELL_QTY_CLAMP inventory=0.006170 free=0.000017 final=0.000017
[06:57:41.234] [INFO] [EXEC] SELL CHECK inventory=0.006170 reported=0.000000 remaining=0.000017 chunks=1
[06:57:41.234] [INFO] [EXEC] SKIP MICRO SELL epsilon=0.000015
[06:57:41.234] [WARNING] [EXEC] SELL_QTY_CLAMP inventory=0.006170 free=0.000017 final=0.000017
[06:57:41.453] [INFO] [EXEC] EXIT RECOVERY inventory_no_sell qty=0.006170
[06:57:42.007] [WARNING] [EXEC] SELL_QTY_CLAMP inventory=0.006170 free=0.000017 final=0.000017
[06:57:42.007] [INFO] [EXEC] SELL CHECK inventory=0.006170 reported=0.000000 remaining=0.000017 chunks=1
[06:57:42.007] [INFO] [EXEC] SKIP MICRO SELL epsilon=0.000015
[06:57:42.007] [WARNING] [EXEC] SELL_QTY_CLAMP inventory=0.006170 free=0.000017 final=0.000017
[06:57:42.452] [INFO] [EXEC] EXIT RECOVERY inventory_no_sell qty=0.006170
[06:57:42.991] [WARNING] [EXEC] SELL_QTY_CLAMP inventory=0.006170 free=0.000017 final=0.000017
[06:57:42.991] [INFO] [EXEC] SELL CHECK inventory=0.006170 reported=0.000000 remaining=0.000017 chunks=1
[06:57:42.991] [INFO] [EXEC] SKIP MICRO SELL epsilon=0.000015
[06:57:42.991] [WARNING] [EXEC] SELL_QTY_CLAMP inventory=0.006170 free=0.000017 final=0.000017
[06:57:43.202] [INFO] [EXEC] EXIT RECOVERY inventory_no_sell qty=0.006170
[06:57:43.733] [WARNING] [EXEC] SELL_QTY_CLAMP inventory=0.006170 free=0.000017 final=0.000017
[06:57:43.733] [INFO] [EXEC] SELL CHECK inventory=0.006170 reported=0.000000 remaining=0.000017 chunks=1
[06:57:43.733] [INFO] [EXEC] SKIP MICRO SELL epsilon=0.000015
[06:57:43.733] [WARNING] [EXEC] SELL_QTY_CLAMP inventory=0.006170 free=0.000017 final=0.000017
[06:57:43.955] [INFO] [EXEC] EXIT RECOVERY inventory_no_sell qty=0.006170
[06:57:44.517] [WARNING] [EXEC] SELL_QTY_CLAMP inventory=0.006170 free=0.000017 final=0.000017
[06:57:44.517] [INFO] [EXEC] SELL CHECK inventory=0.006170 reported=0.000000 remaining=0.000017 chunks=1
[06:57:44.517] [INFO] [EXEC] SKIP MICRO SELL epsilon=0.000015
[06:57:44.517] [WARNING] [EXEC] SELL_QTY_CLAMP inventory=0.006170 free=0.000017 final=0.000017
[06:57:44.705] [INFO] [EXEC] EXIT RECOVERY inventory_no_sell qty=0.006170
[06:57:45.268] [WARNING] [EXEC] SELL_QTY_CLAMP inventory=0.006170 free=0.000017 final=0.000017
[06:57:45.268] [INFO] [EXEC] SELL CHECK inventory=0.006170 reported=0.000000 remaining=0.000017 chunks=1
[06:57:45.283] [INFO] [EXEC] SKIP MICRO SELL epsilon=0.000015
[06:57:45.283] [WARNING] [EXEC] SELL_QTY_CLAMP inventory=0.006170 free=0.000017 final=0.000017
[06:57:45.455] [INFO] [EXEC] EXIT RECOVERY inventory_no_sell qty=0.006170
[06:57:46.007] [WARNING] [EXEC] SELL_QTY_CLAMP inventory=0.006170 free=0.000017 final=0.000017
[06:57:46.007] [INFO] [EXEC] SELL CHECK inventory=0.006170 reported=0.000000 remaining=0.000017 chunks=1
[06:57:46.007] [INFO] [EXEC] SKIP MICRO SELL epsilon=0.000015
[06:57:46.007] [WARNING] [EXEC] SELL_QTY_CLAMP inventory=0.006170 free=0.000017 final=0.000017
[06:57:46.204] [INFO] [EXEC] EXIT RECOVERY inventory_no_sell qty=0.006170
[06:57:46.766] [WARNING] [EXEC] SELL_QTY_CLAMP inventory=0.006170 free=0.000017 final=0.000017
[06:57:46.766] [INFO] [EXEC] SELL CHECK inventory=0.006170 reported=0.000000 remaining=0.000017 chunks=1
[06:57:46.766] [INFO] [EXEC] SKIP MICRO SELL epsilon=0.000015
[06:57:46.766] [WARNING] [EXEC] SELL_QTY_CLAMP inventory=0.006170 free=0.000017 final=0.000017
[06:57:46.955] [INFO] [EXEC] EXIT RECOVERY inventory_no_sell qty=0.006170
[06:57:47.548] [WARNING] [EXEC] SELL_QTY_CLAMP inventory=0.006170 free=0.000017 final=0.000017
[06:57:47.548] [INFO] [EXEC] SELL CHECK inventory=0.006170 reported=0.000000 remaining=0.000017 chunks=1
[06:57:47.548] [INFO] [EXEC] SKIP MICRO SELL epsilon=0.000015
[06:57:47.548] [WARNING] [EXEC] SELL_QTY_CLAMP inventory=0.006170 free=0.000017 final=0.000017
[06:57:47.704] [INFO] [EXEC] EXIT RECOVERY inventory_no_sell qty=0.006170
[06:57:48.235] [WARNING] [EXEC] SELL_QTY_CLAMP inventory=0.006170 free=0.000017 final=0.000017
[06:57:48.235] [INFO] [EXEC] SELL CHECK inventory=0.006170 reported=0.000000 remaining=0.000017 chunks=1
[06:57:48.251] [INFO] [EXEC] SKIP MICRO SELL epsilon=0.000015
[06:57:48.251] [WARNING] [EXEC] SELL_QTY_CLAMP inventory=0.006170 free=0.000017 final=0.000017
[06:57:48.454] [INFO] [EXEC] EXIT RECOVERY inventory_no_sell qty=0.006170
[06:57:49.006] [WARNING] [EXEC] SELL_QTY_CLAMP inventory=0.006170 free=0.000017 final=0.000017
[06:57:49.006] [INFO] [EXEC] SELL CHECK inventory=0.006170 reported=0.000000 remaining=0.000017 chunks=1
[06:57:49.006] [INFO] [EXEC] SKIP MICRO SELL epsilon=0.000015
[06:57:49.006] [WARNING] [EXEC] SELL_QTY_CLAMP inventory=0.006170 free=0.000017 final=0.000017
[06:57:49.204] [INFO] [EXEC] EXIT RECOVERY inventory_no_sell qty=0.006170
[06:57:49.798] [WARNING] [EXEC] SELL_QTY_CLAMP inventory=0.006170 free=0.000017 final=0.000017
[06:57:49.798] [INFO] [EXEC] SELL CHECK inventory=0.006170 reported=0.000000 remaining=0.000017 chunks=1
[06:57:49.798] [INFO] [EXEC] SKIP MICRO SELL epsilon=0.000015
[06:57:49.798] [WARNING] [EXEC] SELL_QTY_CLAMP inventory=0.006170 free=0.000017 final=0.000017
[06:57:49.954] [INFO] [EXEC] EXIT RECOVERY inventory_no_sell qty=0.006170
[06:57:50.516] [WARNING] [EXEC] SELL_QTY_CLAMP inventory=0.006170 free=0.000017 final=0.000017
[06:57:50.516] [INFO] [EXEC] SELL CHECK inventory=0.006170 reported=0.000000 remaining=0.000017 chunks=1
[06:57:50.531] [INFO] [EXEC] SKIP MICRO SELL epsilon=0.000015
[06:57:50.531] [WARNING] [EXEC] SELL_QTY_CLAMP inventory=0.006170 free=0.000017 final=0.000017
[06:57:50.703] [INFO] [EXEC] EXIT RECOVERY inventory_no_sell qty=0.006170
[06:57:51.251] [WARNING] [EXEC] SELL_QTY_CLAMP inventory=0.006170 free=0.000017 final=0.000017
[06:57:51.266] [INFO] [EXEC] SELL CHECK inventory=0.006170 reported=0.000000 remaining=0.000017 chunks=1
[06:57:51.266] [INFO] [EXEC] SKIP MICRO SELL epsilon=0.000015
[06:57:51.266] [WARNING] [EXEC] SELL_QTY_CLAMP inventory=0.006170 free=0.000017 final=0.000017
[06:57:51.454] [INFO] [EXEC] EXIT RECOVERY inventory_no_sell qty=0.006170
[06:57:52.036] [WARNING] [EXEC] SELL_QTY_CLAMP inventory=0.006170 free=0.000017 final=0.000017
[06:57:52.036] [INFO] [EXEC] SELL CHECK inventory=0.006170 reported=0.000000 remaining=0.000017 chunks=1
[06:57:52.052] [INFO] [EXEC] SKIP MICRO SELL epsilon=0.000015
[06:57:52.052] [WARNING] [EXEC] SELL_QTY_CLAMP inventory=0.006170 free=0.000017 final=0.000017
[06:57:52.470] [INFO] [EXEC] EXIT RECOVERY inventory_no_sell qty=0.006170
[06:57:53.005] [WARNING] [EXEC] SELL_QTY_CLAMP inventory=0.006170 free=0.000017 final=0.000017
[06:57:53.005] [INFO] [EXEC] SELL CHECK inventory=0.006170 reported=0.000000 remaining=0.000017 chunks=1
[06:57:53.005] [INFO] [EXEC] SKIP MICRO SELL epsilon=0.000015
[06:57:53.005] [WARNING] [EXEC] SELL_QTY_CLAMP inventory=0.006170 free=0.000017 final=0.000017
[06:57:53.218] [INFO] [EXEC] EXIT RECOVERY inventory_no_sell qty=0.006170
[06:57:53.780] [WARNING] [EXEC] SELL_QTY_CLAMP inventory=0.006170 free=0.000017 final=0.000017
[06:57:53.780] [INFO] [EXEC] SELL CHECK inventory=0.006170 reported=0.000000 remaining=0.000017 chunks=1
[06:57:53.780] [INFO] [EXEC] SKIP MICRO SELL epsilon=0.000015
[06:57:53.780] [WARNING] [EXEC] SELL_QTY_CLAMP inventory=0.006170 free=0.000017 final=0.000017
[06:57:53.973] [INFO] [EXEC] EXIT RECOVERY inventory_no_sell qty=0.006170
[06:57:54.515] [WARNING] [EXEC] SELL_QTY_CLAMP inventory=0.006170 free=0.000017 final=0.000017
[06:57:54.515] [INFO] [EXEC] SELL CHECK inventory=0.006170 reported=0.000000 remaining=0.000017 chunks=1
[06:57:54.530] [INFO] [EXEC] SKIP MICRO SELL epsilon=0.000015
[06:57:54.530] [WARNING] [EXEC] SELL_QTY_CLAMP inventory=0.006170 free=0.000017 final=0.000017
[06:57:54.734] [INFO] [EXEC] EXIT RECOVERY inventory_no_sell qty=0.006170
[06:57:55.281] [WARNING] [EXEC] SELL_QTY_CLAMP inventory=0.006170 free=0.000017 final=0.000017
[06:57:55.281] [INFO] [EXEC] SELL CHECK inventory=0.006170 reported=0.000000 remaining=0.000017 chunks=1
[06:57:55.281] [INFO] [EXEC] SKIP MICRO SELL epsilon=0.000015
[06:57:55.281] [WARNING] [EXEC] SELL_QTY_CLAMP inventory=0.006170 free=0.000017 final=0.000017
[06:57:55.484] [INFO] [EXEC] EXIT RECOVERY inventory_no_sell qty=0.006170
[06:57:56.028] [WARNING] [EXEC] SELL_QTY_CLAMP inventory=0.006170 free=0.000017 final=0.000017
[06:57:56.028] [INFO] [EXEC] SELL CHECK inventory=0.006170 reported=0.000000 remaining=0.000017 chunks=1
[06:57:56.028] [INFO] [EXEC] SKIP MICRO SELL epsilon=0.000015
[06:57:56.043] [WARNING] [EXEC] SELL_QTY_CLAMP inventory=0.006170 free=0.000017 final=0.000017
[06:57:56.232] [INFO] [EXEC] EXIT RECOVERY inventory_no_sell qty=0.006170
[06:57:56.748] [WARNING] [EXEC] SELL_QTY_CLAMP inventory=0.006170 free=0.000017 final=0.000017
[06:57:56.764] [INFO] [EXEC] SELL CHECK inventory=0.006170 reported=0.000000 remaining=0.000017 chunks=1
[06:57:56.764] [INFO] [EXEC] SKIP MICRO SELL epsilon=0.000015
[06:57:56.764] [WARNING] [EXEC] SELL_QTY_CLAMP inventory=0.006170 free=0.000017 final=0.000017
[06:57:56.764] [OK] [PLAN] READY entry=81001.12 exit=81007.41 profit=0.776501 age=748ms
[06:57:56.982] [WARNING] [EXEC] SELL_QTY_CLAMP inventory=0.006170 free=0.000017 final=0.000017
[06:57:56.986] [INFO] [EXEC] EXIT RECOVERY inventory_no_sell qty=0.006170
[06:57:57.545] [WARNING] [EXEC] SELL_QTY_CLAMP inventory=0.006170 free=0.000017 final=0.000017
[06:57:57.561] [INFO] [EXEC] SELL CHECK inventory=0.006170 reported=0.000000 remaining=0.000017 chunks=1
[06:57:57.561] [INFO] [EXEC] SKIP MICRO SELL epsilon=0.000015
[06:57:57.561] [WARNING] [EXEC] SELL_QTY_CLAMP inventory=0.006170 free=0.000017 final=0.000017
[06:57:57.733] [INFO] [EXEC] EXIT RECOVERY inventory_no_sell qty=0.006170
[06:57:58.294] [WARNING] [EXEC] SELL_QTY_CLAMP inventory=0.006170 free=0.000017 final=0.000017
[06:57:58.294] [INFO] [EXEC] SELL CHECK inventory=0.006170 reported=0.000000 remaining=0.000017 chunks=1
[06:57:58.309] [INFO] [EXEC] SKIP MICRO SELL epsilon=0.000015
[06:57:58.309] [WARNING] [EXEC] SELL_QTY_CLAMP inventory=0.006170 free=0.000017 final=0.000017
[06:57:58.481] [INFO] [EXEC] EXIT RECOVERY inventory_no_sell qty=0.006170
[06:57:58.996] [WARNING] [EXEC] SELL_QTY_CLAMP inventory=0.006170 free=0.000017 final=0.000017
[06:57:59.012] [INFO] [EXEC] SELL CHECK inventory=0.006170 reported=0.000000 remaining=0.000017 chunks=1
[06:57:59.012] [INFO] [EXEC] SKIP MICRO SELL epsilon=0.000015
[06:57:59.012] [WARNING] [EXEC] SELL_QTY_CLAMP inventory=0.006170 free=0.000017 final=0.000017
[06:57:59.233] [INFO] [EXEC] EXIT RECOVERY inventory_no_sell qty=0.006170
[06:57:59.812] [WARNING] [EXEC] SELL_QTY_CLAMP inventory=0.006170 free=0.000017 final=0.000017
[06:57:59.812] [INFO] [EXEC] SELL CHECK inventory=0.006170 reported=0.000000 remaining=0.000017 chunks=1
[06:57:59.812] [INFO] [EXEC] SKIP MICRO SELL epsilon=0.000015
[06:57:59.812] [WARNING] [EXEC] SELL_QTY_CLAMP inventory=0.006170 free=0.000017 final=0.000017
[06:57:59.988] [INFO] [EXEC] EXIT RECOVERY inventory_no_sell qty=0.006170
[06:58:00.529] [WARNING] [EXEC] SELL_QTY_CLAMP inventory=0.006170 free=0.000017 final=0.000017
[06:58:00.545] [INFO] [EXEC] SELL CHECK inventory=0.006170 reported=0.000000 remaining=0.000017 chunks=1
[06:58:00.545] [INFO] [EXEC] SKIP MICRO SELL epsilon=0.000015
[06:58:00.545] [WARNING] [EXEC] SELL_QTY_CLAMP inventory=0.006170 free=0.000017 final=0.000017
[06:58:00.732] [INFO] [EXEC] EXIT RECOVERY inventory_no_sell qty=0.006170
[06:58:01.249] [WARNING] [EXEC] SELL_QTY_CLAMP inventory=0.006170 free=0.000017 final=0.000017
[06:58:01.249] [INFO] [EXEC] SELL CHECK inventory=0.006170 reported=0.000000 remaining=0.000017 chunks=1
[06:58:01.249] [INFO] [EXEC] SKIP MICRO SELL epsilon=0.000015
[06:58:01.249] [WARNING] [EXEC] SELL_QTY_CLAMP inventory=0.006170 free=0.000017 final=0.000017
[06:58:01.484] [INFO] [EXEC] EXIT RECOVERY inventory_no_sell qty=0.006170
[06:58:02.011] [WARNING] [EXEC] SELL_QTY_CLAMP inventory=0.006170 free=0.000017 final=0.000017
[06:58:02.011] [INFO] [EXEC] SELL CHECK inventory=0.006170 reported=0.000000 remaining=0.000017 chunks=1
[06:58:02.011] [INFO] [EXEC] SKIP MICRO SELL epsilon=0.000015
[06:58:02.027] [WARNING] [EXEC] SELL_QTY_CLAMP inventory=0.006170 free=0.000017 final=0.000017
[06:58:02.514] [INFO] [EXEC] EXIT RECOVERY inventory_no_sell qty=0.006170
[06:58:03.056] [WARNING] [EXEC] SELL_QTY_CLAMP inventory=0.006170 free=0.000017 final=0.000017
[06:58:03.060] [INFO] [EXEC] SELL CHECK inventory=0.006170 reported=0.000000 remaining=0.000017 chunks=1
[06:58:03.064] [INFO] [EXEC] SKIP MICRO SELL epsilon=0.000015
[06:58:03.068] [WARNING] [EXEC] SELL_QTY_CLAMP inventory=0.006170 free=0.000017 final=0.000017
[06:58:03.279] [INFO] [EXEC] EXIT RECOVERY inventory_no_sell qty=0.006170
[06:58:03.810] [WARNING] [EXEC] SELL_QTY_CLAMP inventory=0.006170 free=0.000017 final=0.000017
[06:58:03.810] [INFO] [EXEC] SELL CHECK inventory=0.006170 reported=0.000000 remaining=0.000017 chunks=1
[06:58:03.810] [INFO] [EXEC] SKIP MICRO SELL epsilon=0.000015
[06:58:03.826] [WARNING] [EXEC] SELL_QTY_CLAMP inventory=0.006170 free=0.000017 final=0.000017
[06:58:04.027] [INFO] [EXEC] EXIT RECOVERY inventory_no_sell qty=0.006170
[06:58:04.545] [WARNING] [EXEC] SELL_QTY_CLAMP inventory=0.006170 free=0.000017 final=0.000017
[06:58:04.545] [INFO] [EXEC] SELL CHECK inventory=0.006170 reported=0.000000 remaining=0.000017 chunks=1
[06:58:04.545] [INFO] [EXEC] SKIP MICRO SELL epsilon=0.000015
[06:58:04.545] [WARNING] [EXEC] SELL_QTY_CLAMP inventory=0.006170 free=0.000017 final=0.000017
[06:58:04.780] [INFO] [EXEC] EXIT RECOVERY inventory_no_sell qty=0.006170
[06:58:05.342] [WARNING] [EXEC] SELL_QTY_CLAMP inventory=0.006170 free=0.000017 final=0.000017
[06:58:05.342] [INFO] [EXEC] SELL CHECK inventory=0.006170 reported=0.000000 remaining=0.000017 chunks=1
[06:58:05.342] [INFO] [EXEC] SKIP MICRO SELL epsilon=0.000015
[06:58:05.342] [WARNING] [EXEC] SELL_QTY_CLAMP inventory=0.006170 free=0.000017 final=0.000017
[06:58:05.545] [INFO] [EXEC] EXIT RECOVERY inventory_no_sell qty=0.006170
[06:58:06.108] [WARNING] [EXEC] SELL_QTY_CLAMP inventory=0.006170 free=0.000017 final=0.000017
[06:58:06.108] [INFO] [EXEC] SELL CHECK inventory=0.006170 reported=0.000000 remaining=0.000017 chunks=1
[06:58:06.108] [INFO] [EXEC] SKIP MICRO SELL epsilon=0.000015
[06:58:06.108] [WARNING] [EXEC] SELL_QTY_CLAMP inventory=0.006170 free=0.000017 final=0.000017
[06:58:06.295] [INFO] [EXEC] EXIT RECOVERY inventory_no_sell qty=0.006170
[06:58:06.827] [WARNING] [EXEC] SELL_QTY_CLAMP inventory=0.006170 free=0.000017 final=0.000017
[06:58:06.827] [INFO] [EXEC] SELL CHECK inventory=0.006170 reported=0.000000 remaining=0.000017 chunks=1
[06:58:06.827] [INFO] [EXEC] SKIP MICRO SELL epsilon=0.000015
[06:58:06.827] [WARNING] [EXEC] SELL_QTY_CLAMP inventory=0.006170 free=0.000017 final=0.000017
[06:58:07.042] [INFO] [EXEC] EXIT RECOVERY inventory_no_sell qty=0.006170
[06:58:07.561] [WARNING] [EXEC] SELL_QTY_CLAMP inventory=0.006170 free=0.000017 final=0.000017
[06:58:07.561] [INFO] [EXEC] SELL CHECK inventory=0.006170 reported=0.000000 remaining=0.000017 chunks=1
[06:58:07.561] [INFO] [EXEC] SKIP MICRO SELL epsilon=0.000015
[06:58:07.561] [WARNING] [EXEC] SELL_QTY_CLAMP inventory=0.006170 free=0.000017 final=0.000017
[06:58:07.795] [INFO] [EXEC] EXIT RECOVERY inventory_no_sell qty=0.006170
[06:58:08.342] [WARNING] [EXEC] SELL_QTY_CLAMP inventory=0.006170 free=0.000017 final=0.000017
[06:58:08.342] [INFO] [EXEC] SELL CHECK inventory=0.006170 reported=0.000000 remaining=0.000017 chunks=1
[06:58:08.342] [INFO] [EXEC] SKIP MICRO SELL epsilon=0.000015
[06:58:08.342] [WARNING] [EXEC] SELL_QTY_CLAMP inventory=0.006170 free=0.000017 final=0.000017
[06:58:08.545] [INFO] [EXEC] EXIT RECOVERY inventory_no_sell qty=0.006170
[06:58:09.092] [WARNING] [EXEC] SELL_QTY_CLAMP inventory=0.006170 free=0.000017 final=0.000017
[06:58:09.092] [INFO] [EXEC] SELL CHECK inventory=0.006170 reported=0.000000 remaining=0.000017 chunks=1
[06:58:09.092] [INFO] [EXEC] SKIP MICRO SELL epsilon=0.000015
[06:58:09.092] [WARNING] [EXEC] SELL_QTY_CLAMP inventory=0.006170 free=0.000017 final=0.000017
[06:58:09.295] [INFO] [EXEC] EXIT RECOVERY inventory_no_sell qty=0.006170
[06:58:09.826] [WARNING] [EXEC] SELL_QTY_CLAMP inventory=0.006170 free=0.000017 final=0.000017
[06:58:09.826] [INFO] [EXEC] SELL CHECK inventory=0.006170 reported=0.000000 remaining=0.000017 chunks=1
[06:58:09.842] [INFO] [EXEC] SKIP MICRO SELL epsilon=0.000015
[06:58:09.842] [WARNING] [EXEC] SELL_QTY_CLAMP inventory=0.006170 free=0.000017 final=0.000017
[06:58:10.041] [INFO] [EXEC] EXIT RECOVERY inventory_no_sell qty=0.006170
[06:58:10.560] [WARNING] [EXEC] SELL_QTY_CLAMP inventory=0.006170 free=0.000017 final=0.000017
[06:58:10.560] [INFO] [EXEC] SELL CHECK inventory=0.006170 reported=0.000000 remaining=0.000017 chunks=1
[06:58:10.560] [INFO] [EXEC] SKIP MICRO SELL epsilon=0.000015
[06:58:10.560] [WARNING] [EXEC] SELL_QTY_CLAMP inventory=0.006170 free=0.000017 final=0.000017
[06:58:10.795] [INFO] [EXEC] EXIT RECOVERY inventory_no_sell qty=0.006170
[06:58:11.326] [WARNING] [EXEC] SELL_QTY_CLAMP inventory=0.006170 free=0.000017 final=0.000017
[06:58:11.326] [INFO] [EXEC] SELL CHECK inventory=0.006170 reported=0.000000 remaining=0.000017 chunks=1
[06:58:11.326] [INFO] [EXEC] SKIP MICRO SELL epsilon=0.000015
[06:58:11.326] [WARNING] [EXEC] SELL_QTY_CLAMP inventory=0.006170 free=0.000017 final=0.000017
[06:58:11.544] [INFO] [EXEC] EXIT RECOVERY inventory_no_sell qty=0.006170
[06:58:12.076] [WARNING] [EXEC] SELL_QTY_CLAMP inventory=0.006170 free=0.000017 final=0.000017
[06:58:12.076] [INFO] [EXEC] SELL CHECK inventory=0.006170 reported=0.000000 remaining=0.000017 chunks=1
[06:58:12.076] [INFO] [EXEC] SKIP MICRO SELL epsilon=0.000015
[06:58:12.082] [WARNING] [EXEC] SELL_QTY_CLAMP inventory=0.006170 free=0.000017 final=0.000017
[06:58:12.542] [INFO] [EXEC] EXIT RECOVERY inventory_no_sell qty=0.006170
[06:58:13.083] [WARNING] [EXEC] SELL_QTY_CLAMP inventory=0.006170 free=0.000017 final=0.000017
[06:58:13.083] [INFO] [EXEC] SELL CHECK inventory=0.006170 reported=0.000000 remaining=0.000017 chunks=1
[06:58:13.083] [INFO] [EXEC] SKIP MICRO SELL epsilon=0.000015
[06:58:13.089] [WARNING] [EXEC] SELL_QTY_CLAMP inventory=0.006170 free=0.000017 final=0.000017
[06:58:13.292] [INFO] [EXEC] EXIT RECOVERY inventory_no_sell qty=0.006170
[06:58:13.808] [WARNING] [EXEC] SELL_QTY_CLAMP inventory=0.006170 free=0.000017 final=0.000017
[06:58:13.808] [INFO] [EXEC] SELL CHECK inventory=0.006170 reported=0.000000 remaining=0.000017 chunks=1
[06:58:13.823] [INFO] [EXEC] SKIP MICRO SELL epsilon=0.000015
[06:58:13.823] [WARNING] [EXEC] SELL_QTY_CLAMP inventory=0.006170 free=0.000017 final=0.000017
[06:58:14.054] [INFO] [EXEC] EXIT RECOVERY inventory_no_sell qty=0.006170
[06:58:14.573] [WARNING] [EXEC] SELL_QTY_CLAMP inventory=0.006170 free=0.000017 final=0.000017
[06:58:14.573] [INFO] [EXEC] SELL CHECK inventory=0.006170 reported=0.000000 remaining=0.000017 chunks=1
[06:58:14.573] [INFO] [EXEC] SKIP MICRO SELL epsilon=0.000015
[06:58:14.573] [WARNING] [EXEC] SELL_QTY_CLAMP inventory=0.006170 free=0.000017 final=0.000017
[06:58:14.792] [INFO] [EXEC] EXIT RECOVERY inventory_no_sell qty=0.006170
[06:58:15.324] [WARNING] [EXEC] SELL_QTY_CLAMP inventory=0.006170 free=0.000017 final=0.000017
[06:58:15.340] [INFO] [EXEC] SELL CHECK inventory=0.006170 reported=0.000000 remaining=0.000017 chunks=1
[06:58:15.340] [INFO] [EXEC] SKIP MICRO SELL epsilon=0.000015
[06:58:15.340] [WARNING] [EXEC] SELL_QTY_CLAMP inventory=0.006170 free=0.000017 final=0.000017
[06:58:15.543] [INFO] [EXEC] EXIT RECOVERY inventory_no_sell qty=0.006170
[06:58:16.090] [WARNING] [EXEC] SELL_QTY_CLAMP inventory=0.006170 free=0.000017 final=0.000017
[06:58:16.090] [INFO] [EXEC] SELL CHECK inventory=0.006170 reported=0.000000 remaining=0.000017 chunks=1
[06:58:16.105] [INFO] [EXEC] SKIP MICRO SELL epsilon=0.000015
[06:58:16.105] [WARNING] [EXEC] SELL_QTY_CLAMP inventory=0.006170 free=0.000017 final=0.000017
[06:58:16.293] [INFO] [EXEC] EXIT RECOVERY inventory_no_sell qty=0.006170
[06:58:16.808] [WARNING] [EXEC] SELL_QTY_CLAMP inventory=0.006170 free=0.000017 final=0.000017
[06:58:16.824] [INFO] [EXEC] SELL CHECK inventory=0.006170 reported=0.000000 remaining=0.000017 chunks=1
[06:58:16.824] [INFO] [EXEC] SKIP MICRO SELL epsilon=0.000015
[06:58:16.824] [WARNING] [EXEC] SELL_QTY_CLAMP inventory=0.006170 free=0.000017 final=0.000017
[06:58:17.056] [INFO] [EXEC] EXIT RECOVERY inventory_no_sell qty=0.006170
[06:58:17.574] [WARNING] [EXEC] SELL_QTY_CLAMP inventory=0.006170 free=0.000017 final=0.000017
[06:58:17.574] [INFO] [EXEC] SELL CHECK inventory=0.006170 reported=0.000000 remaining=0.000017 chunks=1
[06:58:17.590] [INFO] [EXEC] SKIP MICRO SELL epsilon=0.000015
[06:58:17.590] [WARNING] [EXEC] SELL_QTY_CLAMP inventory=0.006170 free=0.000017 final=0.000017
[06:58:17.793] [INFO] [EXEC] EXIT RECOVERY inventory_no_sell qty=0.006170
[06:58:18.341] [WARNING] [EXEC] SELL_QTY_CLAMP inventory=0.006170 free=0.000017 final=0.000017
[06:58:18.341] [INFO] [EXEC] SELL CHECK inventory=0.006170 reported=0.000000 remaining=0.000017 chunks=1
[06:58:18.341] [INFO] [EXEC] SKIP MICRO SELL epsilon=0.000015
[06:58:18.341] [WARNING] [EXEC] SELL_QTY_CLAMP inventory=0.006170 free=0.000017 final=0.000017
[06:58:18.544] [INFO] [EXEC] EXIT RECOVERY inventory_no_sell qty=0.006170
[06:58:19.082] [WARNING] [EXEC] SELL_QTY_CLAMP inventory=0.006170 free=0.000017 final=0.000017
[06:58:19.083] [INFO] [EXEC] SELL CHECK inventory=0.006170 reported=0.000000 remaining=0.000017 chunks=1
[06:58:19.089] [INFO] [EXEC] SKIP MICRO SELL epsilon=0.000015
[06:58:19.089] [WARNING] [EXEC] SELL_QTY_CLAMP inventory=0.006170 free=0.000017 final=0.000017
[06:58:19.292] [INFO] [EXEC] EXIT RECOVERY inventory_no_sell qty=0.006170
[06:58:19.824] [WARNING] [EXEC] SELL_QTY_CLAMP inventory=0.006170 free=0.000017 final=0.000017
[06:58:19.824] [INFO] [EXEC] SELL CHECK inventory=0.006170 reported=0.000000 remaining=0.000017 chunks=1
[06:58:19.824] [INFO] [EXEC] SKIP MICRO SELL epsilon=0.000015
[06:58:19.839] [WARNING] [EXEC] SELL_QTY_CLAMP inventory=0.006170 free=0.000017 final=0.000017
[06:58:20.056] [INFO] [EXEC] EXIT RECOVERY inventory_no_sell qty=0.006170
[06:58:20.590] [WARNING] [EXEC] SELL_QTY_CLAMP inventory=0.006170 free=0.000017 final=0.000017
[06:58:20.590] [INFO] [EXEC] SELL CHECK inventory=0.006170 reported=0.000000 remaining=0.000017 chunks=1
[06:58:20.590] [INFO] [EXEC] SKIP MICRO SELL epsilon=0.000015
[06:58:20.590] [WARNING] [EXEC] SELL_QTY_CLAMP inventory=0.006170 free=0.000017 final=0.000017
[06:58:20.794] [INFO] [EXEC] EXIT RECOVERY inventory_no_sell qty=0.006170
[06:58:21.340] [WARNING] [EXEC] SELL_QTY_CLAMP inventory=0.006170 free=0.000017 final=0.000017
[06:58:21.340] [INFO] [EXEC] SELL CHECK inventory=0.006170 reported=0.000000 remaining=0.000017 chunks=1
[06:58:21.340] [INFO] [EXEC] SKIP MICRO SELL epsilon=0.000015
[06:58:21.356] [WARNING] [EXEC] SELL_QTY_CLAMP inventory=0.006170 free=0.000017 final=0.000017
[06:58:21.544] [INFO] [EXEC] EXIT RECOVERY inventory_no_sell qty=0.006170
[06:58:22.106] [WARNING] [EXEC] SELL_QTY_CLAMP inventory=0.006170 free=0.000017 final=0.000017
[06:58:22.106] [INFO] [EXEC] SELL CHECK inventory=0.006170 reported=0.000000 remaining=0.000017 chunks=1
[06:58:22.106] [INFO] [EXEC] SKIP MICRO SELL epsilon=0.000015
[06:58:22.106] [WARNING] [EXEC] SELL_QTY_CLAMP inventory=0.006170 free=0.000017 final=0.000017
[06:58:22.543] [INFO] [EXEC] EXIT RECOVERY inventory_no_sell qty=0.006170
[06:58:23.084] [WARNING] [EXEC] SELL_QTY_CLAMP inventory=0.006170 free=0.000017 final=0.000017
[06:58:23.087] [INFO] [EXEC] SELL CHECK inventory=0.006170 reported=0.000000 remaining=0.000017 chunks=1
[06:58:23.088] [INFO] [EXEC] SKIP MICRO SELL epsilon=0.000015
[06:58:23.088] [WARNING] [EXEC] SELL_QTY_CLAMP inventory=0.006170 free=0.000017 final=0.000017
[06:58:23.291] [INFO] [EXEC] EXIT RECOVERY inventory_no_sell qty=0.006170
[06:58:23.822] [WARNING] [EXEC] SELL_QTY_CLAMP inventory=0.006170 free=0.000017 final=0.000017
[06:58:23.822] [INFO] [EXEC] SELL CHECK inventory=0.006170 reported=0.000000 remaining=0.000017 chunks=1
[06:58:23.822] [INFO] [EXEC] SKIP MICRO SELL epsilon=0.000015
[06:58:23.822] [WARNING] [EXEC] SELL_QTY_CLAMP inventory=0.006170 free=0.000017 final=0.000017
[06:58:24.055] [INFO] [EXEC] EXIT RECOVERY inventory_no_sell qty=0.006170
[06:58:24.590] [WARNING] [EXEC] SELL_QTY_CLAMP inventory=0.006170 free=0.000017 final=0.000017
[06:58:24.590] [INFO] [EXEC] SELL CHECK inventory=0.006170 reported=0.000000 remaining=0.000017 chunks=1
[06:58:24.590] [INFO] [EXEC] SKIP MICRO SELL epsilon=0.000015
[06:58:24.606] [WARNING] [EXEC] SELL_QTY_CLAMP inventory=0.006170 free=0.000017 final=0.000017
[06:58:24.793] [INFO] [EXEC] EXIT RECOVERY inventory_no_sell qty=0.006170
[06:58:25.316] [WARNING] [EXEC] SELL_QTY_CLAMP inventory=0.006170 free=0.000017 final=0.000017
[06:58:25.316] [INFO] [EXEC] SELL CHECK inventory=0.006170 reported=0.000000 remaining=0.000017 chunks=1
[06:58:25.316] [INFO] [EXEC] SKIP MICRO SELL epsilon=0.000015
[06:58:25.316] [WARNING] [EXEC] SELL_QTY_CLAMP inventory=0.006170 free=0.000017 final=0.000017
[06:58:25.550] [INFO] [EXEC] EXIT RECOVERY inventory_no_sell qty=0.006170
[06:58:26.082] [WARNING] [EXEC] SELL_QTY_CLAMP inventory=0.006170 free=0.000017 final=0.000017
[06:58:26.087] [INFO] [EXEC] SELL CHECK inventory=0.006170 reported=0.000000 remaining=0.000017 chunks=1
[06:58:26.089] [INFO] [EXEC] SKIP MICRO SELL epsilon=0.000015
[06:58:26.089] [WARNING] [EXEC] SELL_QTY_CLAMP inventory=0.006170 free=0.000017 final=0.000017
[06:58:26.298] [INFO] [EXEC] EXIT RECOVERY inventory_no_sell qty=0.006170
[06:58:26.829] [WARNING] [EXEC] SELL_QTY_CLAMP inventory=0.006170 free=0.000017 final=0.000017
[06:58:26.844] [INFO] [EXEC] SELL CHECK inventory=0.006170 reported=0.000000 remaining=0.000017 chunks=1
[06:58:26.844] [INFO] [EXEC] SKIP MICRO SELL epsilon=0.000015
[06:58:26.844] [WARNING] [EXEC] SELL_QTY_CLAMP inventory=0.006170 free=0.000017 final=0.000017
[06:58:27.055] [INFO] [EXEC] EXIT RECOVERY inventory_no_sell qty=0.006170
[06:58:27.580] [WARNING] [EXEC] SELL_QTY_CLAMP inventory=0.006170 free=0.000017 final=0.000017
[06:58:27.580] [INFO] [EXEC] SELL CHECK inventory=0.006170 reported=0.000000 remaining=0.000017 chunks=1
[06:58:27.580] [INFO] [EXEC] SKIP MICRO SELL epsilon=0.000015
[06:58:27.580] [WARNING] [EXEC] SELL_QTY_CLAMP inventory=0.006170 free=0.000017 final=0.000017
[06:58:27.580] [OK] [PLAN] HOT entry=81004.85 exit=81022.10 profit=2.129340 age=757ms
[06:58:27.799] [WARNING] [EXEC] SELL_QTY_CLAMP inventory=0.006170 free=0.000017 final=0.000017
[06:58:27.799] [INFO] [EXEC] EXIT RECOVERY inventory_no_sell qty=0.006170
[06:58:28.331] [WARNING] [EXEC] SELL_QTY_CLAMP inventory=0.006170 free=0.000017 final=0.000017
[06:58:28.331] [INFO] [EXEC] SELL CHECK inventory=0.006170 reported=0.000000 remaining=0.000017 chunks=1
[06:58:28.331] [INFO] [EXEC] SKIP MICRO SELL epsilon=0.000015
[06:58:28.331] [WARNING] [EXEC] SELL_QTY_CLAMP inventory=0.006170 free=0.000017 final=0.000017
[06:58:28.549] [INFO] [EXEC] EXIT RECOVERY inventory_no_sell qty=0.006170
[06:58:29.090] [WARNING] [EXEC] SELL_QTY_CLAMP inventory=0.006170 free=0.000017 final=0.000017
[06:58:29.095] [INFO] [EXEC] SELL CHECK inventory=0.006170 reported=0.000000 remaining=0.000017 chunks=1
[06:58:29.095] [INFO] [EXEC] SKIP MICRO SELL epsilon=0.000015
[06:58:29.095] [WARNING] [EXEC] SELL_QTY_CLAMP inventory=0.006170 free=0.000017 final=0.000017
[06:58:29.095] [OK] [PLAN] READY entry=81013.53 exit=81018.57 profit=0.622087 age=2251ms
[06:58:29.298] [WARNING] [EXEC] SELL_QTY_CLAMP inventory=0.006170 free=0.000017 final=0.000017
[06:58:29.298] [INFO] [EXEC] EXIT RECOVERY inventory_no_sell qty=0.006170
[06:58:29.814] [WARNING] [EXEC] SELL_QTY_CLAMP inventory=0.006170 free=0.000017 final=0.000017
[06:58:29.830] [INFO] [EXEC] SELL CHECK inventory=0.006170 reported=0.000000 remaining=0.000017 chunks=1
[06:58:29.830] [INFO] [EXEC] SKIP MICRO SELL epsilon=0.000015
[06:58:29.830] [WARNING] [EXEC] SELL_QTY_CLAMP inventory=0.006170 free=0.000017 final=0.000017
[06:58:30.054] [INFO] [EXEC] EXIT RECOVERY inventory_no_sell qty=0.006170
[06:58:30.596] [WARNING] [EXEC] SELL_QTY_CLAMP inventory=0.006170 free=0.000017 final=0.000017
[06:58:30.612] [INFO] [EXEC] SELL CHECK inventory=0.006170 reported=0.000000 remaining=0.000017 chunks=1
[06:58:30.612] [INFO] [EXEC] SKIP MICRO SELL epsilon=0.000015
[06:58:30.612] [WARNING] [EXEC] SELL_QTY_CLAMP inventory=0.006170 free=0.000017 final=0.000017
[06:58:30.799] [INFO] [EXEC] EXIT RECOVERY inventory_no_sell qty=0.006170
[06:58:31.346] [WARNING] [EXEC] SELL_QTY_CLAMP inventory=0.006170 free=0.000017 final=0.000017
[06:58:31.362] [INFO] [EXEC] SELL CHECK inventory=0.006170 reported=0.000000 remaining=0.000017 chunks=1
[06:58:31.362] [INFO] [EXEC] SKIP MICRO SELL epsilon=0.000015
[06:58:31.362] [WARNING] [EXEC] SELL_QTY_CLAMP inventory=0.006170 free=0.000017 final=0.000017
[06:58:31.549] [INFO] [EXEC] EXIT RECOVERY inventory_no_sell qty=0.006170
[06:58:32.079] [WARNING] [EXEC] SELL_QTY_CLAMP inventory=0.006170 free=0.000017 final=0.000017
[06:58:32.081] [INFO] [EXEC] SELL CHECK inventory=0.006170 reported=0.000000 remaining=0.000017 chunks=1
[06:58:32.087] [INFO] [EXEC] SKIP MICRO SELL epsilon=0.000015
[06:58:32.088] [WARNING] [EXEC] SELL_QTY_CLAMP inventory=0.006170 free=0.000017 final=0.000017
[06:58:32.547] [INFO] [EXEC] EXIT RECOVERY inventory_no_sell qty=0.006170
[06:58:33.087] [WARNING] [EXEC] SELL_QTY_CLAMP inventory=0.006170 free=0.000017 final=0.000017
[06:58:33.089] [INFO] [EXEC] SELL CHECK inventory=0.006170 reported=0.000000 remaining=0.000017 chunks=1
[06:58:33.089] [INFO] [EXEC] SKIP MICRO SELL epsilon=0.000015
[06:58:33.093] [WARNING] [EXEC] SELL_QTY_CLAMP inventory=0.006170 free=0.000017 final=0.000017
[06:58:33.297] [INFO] [EXEC] EXIT RECOVERY inventory_no_sell qty=0.006170
[06:58:33.812] [WARNING] [EXEC] SELL_QTY_CLAMP inventory=0.006170 free=0.000017 final=0.000017
[06:58:33.828] [INFO] [EXEC] SELL CHECK inventory=0.006170 reported=0.000000 remaining=0.000017 chunks=1
[06:58:33.828] [INFO] [EXEC] SKIP MICRO SELL epsilon=0.000015
[06:58:33.828] [WARNING] [EXEC] SELL_QTY_CLAMP inventory=0.006170 free=0.000017 final=0.000017
[06:58:34.054] [INFO] [EXEC] EXIT RECOVERY inventory_no_sell qty=0.006170
[06:58:34.578] [WARNING] [EXEC] SELL_QTY_CLAMP inventory=0.006170 free=0.000017 final=0.000017
[06:58:34.578] [INFO] [EXEC] SELL CHECK inventory=0.006170 reported=0.000000 remaining=0.000017 chunks=1
[06:58:34.578] [INFO] [EXEC] SKIP MICRO SELL epsilon=0.000015
[06:58:34.578] [WARNING] [EXEC] SELL_QTY_CLAMP inventory=0.006170 free=0.000017 final=0.000017
[06:58:34.578] [OK] [PLAN] READY entry=81011.78 exit=81018.54 profit=0.834387 age=757ms
[06:58:34.796] [WARNING] [EXEC] SELL_QTY_CLAMP inventory=0.006170 free=0.000017 final=0.000017
[06:58:34.796] [INFO] [EXEC] EXIT RECOVERY inventory_no_sell qty=0.006170
[06:58:35.314] [WARNING] [EXEC] SELL_QTY_CLAMP inventory=0.006170 free=0.000017 final=0.000017
[06:58:35.314] [INFO] [EXEC] SELL CHECK inventory=0.006170 reported=0.000000 remaining=0.000017 chunks=1
[06:58:35.314] [INFO] [EXEC] SKIP MICRO SELL epsilon=0.000015
[06:58:35.314] [WARNING] [EXEC] SELL_QTY_CLAMP inventory=0.006170 free=0.000017 final=0.000017
[06:58:35.549] [INFO] [EXEC] EXIT RECOVERY inventory_no_sell qty=0.006170
[06:58:36.074] [WARNING] [EXEC] SELL_QTY_CLAMP inventory=0.006170 free=0.000017 final=0.000017
[06:58:36.074] [INFO] [EXEC] SELL CHECK inventory=0.006170 reported=0.000000 remaining=0.000017 chunks=1
[06:58:36.079] [INFO] [EXEC] SKIP MICRO SELL epsilon=0.000015
[06:58:36.079] [WARNING] [EXEC] SELL_QTY_CLAMP inventory=0.006170 free=0.000017 final=0.000017
[06:58:36.297] [INFO] [EXEC] EXIT RECOVERY inventory_no_sell qty=0.006170
[06:58:36.853] [WARNING] [EXEC] SELL_QTY_CLAMP inventory=0.006170 free=0.000017 final=0.000017
[06:58:36.853] [INFO] [EXEC] SELL CHECK inventory=0.006170 reported=0.000000 remaining=0.000017 chunks=1
[06:58:36.857] [INFO] [EXEC] SKIP MICRO SELL epsilon=0.000015
[06:58:36.857] [WARNING] [EXEC] SELL_QTY_CLAMP inventory=0.006170 free=0.000017 final=0.000017
[06:58:36.857] [OK] [PLAN] READY entry=81013.11 exit=81018.31 profit=0.641836 age=748ms
[06:58:37.053] [WARNING] [EXEC] SELL_QTY_CLAMP inventory=0.006170 free=0.000017 final=0.000017
[06:58:37.060] [INFO] [EXEC] EXIT RECOVERY inventory_no_sell qty=0.006170
[06:58:37.609] [WARNING] [EXEC] SELL_QTY_CLAMP inventory=0.006170 free=0.000017 final=0.000017
[06:58:37.609] [INFO] [EXEC] SELL CHECK inventory=0.006170 reported=0.000000 remaining=0.000017 chunks=1
[06:58:37.609] [INFO] [EXEC] SKIP MICRO SELL epsilon=0.000015
[06:58:37.609] [WARNING] [EXEC] SELL_QTY_CLAMP inventory=0.006170 free=0.000017 final=0.000017
[06:58:37.812] [INFO] [EXEC] EXIT RECOVERY inventory_no_sell qty=0.006170
[06:58:38.329] [WARNING] [EXEC] SELL_QTY_CLAMP inventory=0.006170 free=0.000017 final=0.000017
[06:58:38.329] [INFO] [EXEC] SELL CHECK inventory=0.006170 reported=0.000000 remaining=0.000017 chunks=1
[06:58:38.345] [INFO] [EXEC] SKIP MICRO SELL epsilon=0.000015
[06:58:38.345] [WARNING] [EXEC] SELL_QTY_CLAMP inventory=0.006170 free=0.000017 final=0.000017
[06:58:38.579] [INFO] [EXEC] EXIT RECOVERY inventory_no_sell qty=0.006170
[06:58:39.111] [WARNING] [EXEC] SELL_QTY_CLAMP inventory=0.006170 free=0.000017 final=0.000017
[06:58:39.111] [INFO] [EXEC] SELL CHECK inventory=0.006170 reported=0.000000 remaining=0.000017 chunks=1
[06:58:39.126] [INFO] [EXEC] SKIP MICRO SELL epsilon=0.000015
[06:58:39.126] [WARNING] [EXEC] SELL_QTY_CLAMP inventory=0.006170 free=0.000017 final=0.000017
[06:58:39.329] [INFO] [EXEC] EXIT RECOVERY inventory_no_sell qty=0.006170
[06:58:39.864] [WARNING] [EXEC] SELL_QTY_CLAMP inventory=0.006170 free=0.000017 final=0.000017
[06:58:39.872] [INFO] [EXEC] SELL CHECK inventory=0.006170 reported=0.000000 remaining=0.000017 chunks=1
[06:58:39.872] [INFO] [EXEC] SKIP MICRO SELL epsilon=0.000015
[06:58:39.876] [WARNING] [EXEC] SELL_QTY_CLAMP inventory=0.006170 free=0.000017 final=0.000017
[06:58:40.081] [INFO] [EXEC] EXIT RECOVERY inventory_no_sell qty=0.006170
[06:58:40.626] [WARNING] [EXEC] SELL_QTY_CLAMP inventory=0.006170 free=0.000017 final=0.000017
[06:58:40.626] [INFO] [EXEC] SELL CHECK inventory=0.006170 reported=0.000000 remaining=0.000017 chunks=1
[06:58:40.626] [INFO] [EXEC] SKIP MICRO SELL epsilon=0.000015
[06:58:40.641] [WARNING] [EXEC] SELL_QTY_CLAMP inventory=0.006170 free=0.000017 final=0.000017
[06:58:40.829] [INFO] [EXEC] EXIT RECOVERY inventory_no_sell qty=0.006170
[06:58:41.376] [WARNING] [EXEC] SELL_QTY_CLAMP inventory=0.006170 free=0.000017 final=0.000017
[06:58:41.376] [INFO] [EXEC] SELL CHECK inventory=0.006170 reported=0.000000 remaining=0.000017 chunks=1
[06:58:41.392] [INFO] [EXEC] SKIP MICRO SELL epsilon=0.000015
[06:58:41.392] [WARNING] [EXEC] SELL_QTY_CLAMP inventory=0.006170 free=0.000017 final=0.000017
[06:58:41.579] [INFO] [EXEC] EXIT RECOVERY inventory_no_sell qty=0.006170
[06:58:42.111] [WARNING] [EXEC] SELL_QTY_CLAMP inventory=0.006170 free=0.000017 final=0.000017
[06:58:42.111] [INFO] [EXEC] SELL CHECK inventory=0.006170 reported=0.000000 remaining=0.000017 chunks=1
[06:58:42.111] [INFO] [EXEC] SKIP MICRO SELL epsilon=0.000015
[06:58:42.126] [WARNING] [EXEC] SELL_QTY_CLAMP inventory=0.006170 free=0.000017 final=0.000017
[06:58:42.579] [INFO] [EXEC] EXIT RECOVERY inventory_no_sell qty=0.006170
[06:58:43.125] [WARNING] [EXEC] SELL_QTY_CLAMP inventory=0.006170 free=0.000017 final=0.000017
[06:58:43.141] [INFO] [EXEC] SELL CHECK inventory=0.006170 reported=0.000000 remaining=0.000017 chunks=1
[06:58:43.141] [INFO] [EXEC] SKIP MICRO SELL epsilon=0.000015
[06:58:43.141] [WARNING] [EXEC] SELL_QTY_CLAMP inventory=0.006170 free=0.000017 final=0.000017
[06:58:43.328] [INFO] [EXEC] EXIT RECOVERY inventory_no_sell qty=0.006170
[06:58:43.850] [WARNING] [EXEC] SELL_QTY_CLAMP inventory=0.006170 free=0.000017 final=0.000017
[06:58:43.856] [INFO] [EXEC] SELL CHECK inventory=0.006170 reported=0.000000 remaining=0.000017 chunks=1
[06:58:43.856] [INFO] [EXEC] SKIP MICRO SELL epsilon=0.000015
[06:58:43.856] [WARNING] [EXEC] SELL_QTY_CLAMP inventory=0.006170 free=0.000017 final=0.000017
[06:58:44.087] [INFO] [EXEC] EXIT RECOVERY inventory_no_sell qty=0.006170
[06:58:44.608] [WARNING] [EXEC] SELL_QTY_CLAMP inventory=0.006170 free=0.000017 final=0.000017
[06:58:44.608] [INFO] [EXEC] SELL CHECK inventory=0.006170 reported=0.000000 remaining=0.000017 chunks=1
[06:58:44.608] [INFO] [EXEC] SKIP MICRO SELL epsilon=0.000015
[06:58:44.608] [WARNING] [EXEC] SELL_QTY_CLAMP inventory=0.006170 free=0.000017 final=0.000017
[06:58:44.827] [INFO] [EXEC] EXIT RECOVERY inventory_no_sell qty=0.006170
[06:58:45.344] [WARNING] [EXEC] SELL_QTY_CLAMP inventory=0.006170 free=0.000017 final=0.000017
[06:58:45.344] [INFO] [EXEC] SELL CHECK inventory=0.006170 reported=0.000000 remaining=0.000017 chunks=1
[06:58:45.344] [INFO] [EXEC] SKIP MICRO SELL epsilon=0.000015
[06:58:45.344] [WARNING] [EXEC] SELL_QTY_CLAMP inventory=0.006170 free=0.000017 final=0.000017
[06:58:45.579] [INFO] [EXEC] EXIT RECOVERY inventory_no_sell qty=0.006170
[06:58:46.094] [WARNING] [EXEC] SELL_QTY_CLAMP inventory=0.006170 free=0.000017 final=0.000017
[06:58:46.094] [INFO] [EXEC] SELL CHECK inventory=0.006170 reported=0.000000 remaining=0.000017 chunks=1
[06:58:46.094] [INFO] [EXEC] SKIP MICRO SELL epsilon=0.000015
[06:58:46.110] [WARNING] [EXEC] SELL_QTY_CLAMP inventory=0.006170 free=0.000017 final=0.000017
[06:58:46.328] [INFO] [EXEC] EXIT RECOVERY inventory_no_sell qty=0.006170
[06:58:46.869] [WARNING] [EXEC] SELL_QTY_CLAMP inventory=0.006170 free=0.000017 final=0.000017
[06:58:46.869] [INFO] [EXEC] SELL CHECK inventory=0.006170 reported=0.000000 remaining=0.000017 chunks=1
[06:58:46.869] [INFO] [EXEC] SKIP MICRO SELL epsilon=0.000015
[06:58:46.869] [WARNING] [EXEC] SELL_QTY_CLAMP inventory=0.006170 free=0.000017 final=0.000017
[06:58:47.080] [INFO] [EXEC] EXIT RECOVERY inventory_no_sell qty=0.006170
[06:58:47.594] [WARNING] [EXEC] SELL_QTY_CLAMP inventory=0.006170 free=0.000017 final=0.000017
[06:58:47.610] [INFO] [EXEC] SELL CHECK inventory=0.006170 reported=0.000000 remaining=0.000017 chunks=1
[06:58:47.610] [INFO] [EXEC] SKIP MICRO SELL epsilon=0.000015
[06:58:47.610] [WARNING] [EXEC] SELL_QTY_CLAMP inventory=0.006170 free=0.000017 final=0.000017
[06:58:47.829] [INFO] [EXEC] EXIT RECOVERY inventory_no_sell qty=0.006170
[06:58:48.360] [WARNING] [EXEC] SELL_QTY_CLAMP inventory=0.006170 free=0.000017 final=0.000017
[06:58:48.360] [INFO] [EXEC] SELL CHECK inventory=0.006170 reported=0.000000 remaining=0.000017 chunks=1
[06:58:48.360] [INFO] [EXEC] SKIP MICRO SELL epsilon=0.000015
[06:58:48.360] [WARNING] [EXEC] SELL_QTY_CLAMP inventory=0.006170 free=0.000017 final=0.000017
[06:58:48.579] [INFO] [EXEC] EXIT RECOVERY inventory_no_sell qty=0.006170
[06:58:49.124] [WARNING] [EXEC] SELL_QTY_CLAMP inventory=0.006170 free=0.000017 final=0.000017
[06:58:49.124] [INFO] [EXEC] SELL CHECK inventory=0.006170 reported=0.000000 remaining=0.000017 chunks=1
[06:58:49.124] [INFO] [EXEC] SKIP MICRO SELL epsilon=0.000015
[06:58:49.139] [WARNING] [EXEC] SELL_QTY_CLAMP inventory=0.006170 free=0.000017 final=0.000017
[06:58:49.327] [INFO] [EXEC] EXIT RECOVERY inventory_no_sell qty=0.006170
[06:58:49.863] [WARNING] [EXEC] SELL_QTY_CLAMP inventory=0.006170 free=0.000017 final=0.000017
[06:58:49.864] [INFO] [EXEC] SELL CHECK inventory=0.006170 reported=0.000000 remaining=0.000017 chunks=1
[06:58:49.868] [INFO] [EXEC] SKIP MICRO SELL epsilon=0.000015
[06:58:49.869] [WARNING] [EXEC] SELL_QTY_CLAMP inventory=0.006170 free=0.000017 final=0.000017
[06:58:50.086] [INFO] [EXEC] EXIT RECOVERY inventory_no_sell qty=0.006170
[06:58:50.607] [WARNING] [EXEC] SELL_QTY_CLAMP inventory=0.006170 free=0.000017 final=0.000017
[06:58:50.607] [INFO] [EXEC] SELL CHECK inventory=0.006170 reported=0.000000 remaining=0.000017 chunks=1
[06:58:50.607] [INFO] [EXEC] SKIP MICRO SELL epsilon=0.000015
[06:58:50.607] [WARNING] [EXEC] SELL_QTY_CLAMP inventory=0.006170 free=0.000017 final=0.000017
[06:58:50.826] [INFO] [EXEC] EXIT RECOVERY inventory_no_sell qty=0.006170
[06:58:51.372] [WARNING] [EXEC] SELL_QTY_CLAMP inventory=0.006170 free=0.000017 final=0.000017
[06:58:51.372] [INFO] [EXEC] SELL CHECK inventory=0.006170 reported=0.000000 remaining=0.000017 chunks=1
[06:58:51.372] [INFO] [EXEC] SKIP MICRO SELL epsilon=0.000015
[06:58:51.372] [WARNING] [EXEC] SELL_QTY_CLAMP inventory=0.006170 free=0.000017 final=0.000017
[06:58:51.575] [INFO] [EXEC] EXIT RECOVERY inventory_no_sell qty=0.006170
[06:58:52.092] [WARNING] [EXEC] SELL_QTY_CLAMP inventory=0.006170 free=0.000017 final=0.000017
[06:58:52.092] [INFO] [EXEC] SELL CHECK inventory=0.006170 reported=0.000000 remaining=0.000017 chunks=1
[06:58:52.108] [INFO] [EXEC] SKIP MICRO SELL epsilon=0.000015
[06:58:52.108] [WARNING] [EXEC] SELL_QTY_CLAMP inventory=0.006170 free=0.000017 final=0.000017
[06:58:52.576] [INFO] [EXEC] EXIT RECOVERY inventory_no_sell qty=0.006170
[06:58:53.091] [WARNING] [EXEC] SELL_QTY_CLAMP inventory=0.006170 free=0.000017 final=0.000017
[06:58:53.091] [INFO] [EXEC] SELL CHECK inventory=0.006170 reported=0.000000 remaining=0.000017 chunks=1
[06:58:53.091] [INFO] [EXEC] SKIP MICRO SELL epsilon=0.000015
[06:58:53.107] [WARNING] [EXEC] SELL_QTY_CLAMP inventory=0.006170 free=0.000017 final=0.000017
[06:58:53.326] [INFO] [EXEC] EXIT RECOVERY inventory_no_sell qty=0.006170
[06:58:53.877] [WARNING] [EXEC] SELL_QTY_CLAMP inventory=0.006170 free=0.000017 final=0.000017
[06:58:53.883] [INFO] [EXEC] SELL CHECK inventory=0.006170 reported=0.000000 remaining=0.000017 chunks=1
[06:58:53.883] [INFO] [EXEC] SKIP MICRO SELL epsilon=0.000015
[06:58:53.889] [WARNING] [EXEC] SELL_QTY_CLAMP inventory=0.006170 free=0.000017 final=0.000017
[06:58:54.085] [INFO] [EXEC] EXIT RECOVERY inventory_no_sell qty=0.006170
[06:58:54.607] [WARNING] [EXEC] SELL_QTY_CLAMP inventory=0.006170 free=0.000017 final=0.000017
[06:58:54.607] [INFO] [EXEC] SELL CHECK inventory=0.006170 reported=0.000000 remaining=0.000017 chunks=1
[06:58:54.607] [INFO] [EXEC] SKIP MICRO SELL epsilon=0.000015
[06:58:54.607] [WARNING] [EXEC] SELL_QTY_CLAMP inventory=0.006170 free=0.000017 final=0.000017
[06:58:54.825] [INFO] [EXEC] EXIT RECOVERY inventory_no_sell qty=0.006170
[06:58:55.358] [WARNING] [EXEC] SELL_QTY_CLAMP inventory=0.006170 free=0.000017 final=0.000017
[06:58:55.358] [INFO] [EXEC] SELL CHECK inventory=0.006170 reported=0.000000 remaining=0.000017 chunks=1
[06:58:55.358] [INFO] [EXEC] SKIP MICRO SELL epsilon=0.000015
[06:58:55.374] [WARNING] [EXEC] SELL_QTY_CLAMP inventory=0.006170 free=0.000017 final=0.000017
[06:58:55.577] [INFO] [EXEC] EXIT RECOVERY inventory_no_sell qty=0.006170
[06:58:56.108] [WARNING] [EXEC] SELL_QTY_CLAMP inventory=0.006170 free=0.000017 final=0.000017
[06:58:56.108] [INFO] [EXEC] SELL CHECK inventory=0.006170 reported=0.000000 remaining=0.000017 chunks=1
[06:58:56.108] [INFO] [EXEC] SKIP MICRO SELL epsilon=0.000015
[06:58:56.108] [WARNING] [EXEC] SELL_QTY_CLAMP inventory=0.006170 free=0.000017 final=0.000017
[06:58:56.327] [INFO] [EXEC] EXIT RECOVERY inventory_no_sell qty=0.006170
[06:58:56.860] [WARNING] [EXEC] SELL_QTY_CLAMP inventory=0.006170 free=0.000017 final=0.000017
[06:58:56.861] [INFO] [EXEC] SELL CHECK inventory=0.006170 reported=0.000000 remaining=0.000017 chunks=1
[06:58:56.861] [INFO] [EXEC] SKIP MICRO SELL epsilon=0.000015
[06:58:56.861] [WARNING] [EXEC] SELL_QTY_CLAMP inventory=0.006170 free=0.000017 final=0.000017
[06:58:57.078] [INFO] [EXEC] EXIT RECOVERY inventory_no_sell qty=0.006170
[06:58:57.639] [WARNING] [EXEC] SELL_QTY_CLAMP inventory=0.006170 free=0.000017 final=0.000017
[06:58:57.639] [INFO] [EXEC] SELL CHECK inventory=0.006170 reported=0.000000 remaining=0.000017 chunks=1
[06:58:57.639] [INFO] [EXEC] SKIP MICRO SELL epsilon=0.000015
[06:58:57.639] [WARNING] [EXEC] SELL_QTY_CLAMP inventory=0.006170 free=0.000017 final=0.000017
[06:58:57.827] [INFO] [EXEC] EXIT RECOVERY inventory_no_sell qty=0.006170
[06:58:58.343] [WARNING] [EXEC] SELL_QTY_CLAMP inventory=0.006170 free=0.000017 final=0.000017
[06:58:58.343] [INFO] [EXEC] SELL CHECK inventory=0.006170 reported=0.000000 remaining=0.000017 chunks=1
[06:58:58.358] [INFO] [EXEC] SKIP MICRO SELL epsilon=0.000015
[06:58:58.358] [WARNING] [EXEC] SELL_QTY_CLAMP inventory=0.006170 free=0.000017 final=0.000017
[06:58:58.577] [INFO] [EXEC] EXIT RECOVERY inventory_no_sell qty=0.006170
[06:58:59.264] [WARNING] [EXEC] SELL_QTY_CLAMP inventory=0.006170 free=0.000017 final=0.000017
[06:58:59.280] [INFO] [EXEC] SELL CHECK inventory=0.006170 reported=0.000000 remaining=0.000017 chunks=1
[06:58:59.280] [INFO] [EXEC] SKIP MICRO SELL epsilon=0.000015
[06:58:59.280] [WARNING] [EXEC] SELL_QTY_CLAMP inventory=0.006170 free=0.000017 final=0.000017
[06:58:59.327] [INFO] [EXEC] EXIT RECOVERY inventory_no_sell qty=0.006170
[06:58:59.864] [WARNING] [EXEC] SELL_QTY_CLAMP inventory=0.006170 free=0.000017 final=0.000017
[06:58:59.867] [INFO] [EXEC] SELL CHECK inventory=0.006170 reported=0.000000 remaining=0.000017 chunks=1
[06:58:59.868] [INFO] [EXEC] SKIP MICRO SELL epsilon=0.000015
[06:58:59.868] [WARNING] [EXEC] SELL_QTY_CLAMP inventory=0.006170 free=0.000017 final=0.000017
[06:59:00.084] [INFO] [EXEC] EXIT RECOVERY inventory_no_sell qty=0.006170
[06:59:00.637] [WARNING] [EXEC] SELL_QTY_CLAMP inventory=0.006170 free=0.000017 final=0.000017
[06:59:00.637] [INFO] [EXEC] SELL CHECK inventory=0.006170 reported=0.000000 remaining=0.000017 chunks=1
[06:59:00.637] [INFO] [EXEC] SKIP MICRO SELL epsilon=0.000015
[06:59:00.653] [WARNING] [EXEC] SELL_QTY_CLAMP inventory=0.006170 free=0.000017 final=0.000017
[06:59:00.653] [OK] [PLAN] HOT entry=81011.01 exit=81022.36 profit=1.401044 age=756ms
[06:59:00.824] [WARNING] [EXEC] SELL_QTY_CLAMP inventory=0.006170 free=0.000017 final=0.000017
[06:59:00.824] [INFO] [EXEC] EXIT RECOVERY inventory_no_sell qty=0.006170
[06:59:01.358] [WARNING] [EXEC] SELL_QTY_CLAMP inventory=0.006170 free=0.000017 final=0.000017
[06:59:01.358] [INFO] [EXEC] SELL CHECK inventory=0.006170 reported=0.000000 remaining=0.000017 chunks=1
[06:59:01.358] [INFO] [EXEC] SKIP MICRO SELL epsilon=0.000015
[06:59:01.358] [WARNING] [EXEC] SELL_QTY_CLAMP inventory=0.006170 free=0.000017 final=0.000017
[06:59:01.576] [INFO] [EXEC] EXIT RECOVERY inventory_no_sell qty=0.006170
[06:59:02.123] [WARNING] [EXEC] SELL_QTY_CLAMP inventory=0.006170 free=0.000017 final=0.000017
[06:59:02.123] [INFO] [EXEC] SELL CHECK inventory=0.006170 reported=0.000000 remaining=0.000017 chunks=1
[06:59:02.123] [INFO] [EXEC] SKIP MICRO SELL epsilon=0.000015
[06:59:02.123] [WARNING] [EXEC] SELL_QTY_CLAMP inventory=0.006170 free=0.000017 final=0.000017
[06:59:02.576] [INFO] [EXEC] EXIT RECOVERY inventory_no_sell qty=0.006170
[06:59:03.123] [WARNING] [EXEC] SELL_QTY_CLAMP inventory=0.006170 free=0.000017 final=0.000017
[06:59:03.123] [INFO] [EXEC] SELL CHECK inventory=0.006170 reported=0.000000 remaining=0.000017 chunks=1
[06:59:03.123] [INFO] [EXEC] SKIP MICRO SELL epsilon=0.000015
[06:59:03.123] [WARNING] [EXEC] SELL_QTY_CLAMP inventory=0.006170 free=0.000017 final=0.000017
[06:59:03.326] [INFO] [EXEC] EXIT RECOVERY inventory_no_sell qty=0.006170
[06:59:03.881] [WARNING] [EXEC] SELL_QTY_CLAMP inventory=0.006170 free=0.000017 final=0.000017
[06:59:03.882] [INFO] [EXEC] SELL CHECK inventory=0.006170 reported=0.000000 remaining=0.000017 chunks=1
[06:59:03.888] [INFO] [EXEC] SKIP MICRO SELL epsilon=0.000015
[06:59:03.889] [WARNING] [EXEC] SELL_QTY_CLAMP inventory=0.006170 free=0.000017 final=0.000017
[06:59:04.076] [INFO] [EXEC] EXIT RECOVERY inventory_no_sell qty=0.006170
[06:59:04.592] [WARNING] [EXEC] SELL_QTY_CLAMP inventory=0.006170 free=0.000017 final=0.000017
[06:59:04.592] [INFO] [EXEC] SELL CHECK inventory=0.006170 reported=0.000000 remaining=0.000017 chunks=1
[06:59:04.592] [INFO] [EXEC] SKIP MICRO SELL epsilon=0.000015
[06:59:04.592] [WARNING] [EXEC] SELL_QTY_CLAMP inventory=0.006170 free=0.000017 final=0.000017
[06:59:04.592] [OK] [PLAN] READY entry=81016.39 exit=81022.36 profit=0.736877 age=4748ms
[06:59:04.826] [WARNING] [EXEC] SELL_QTY_CLAMP inventory=0.006170 free=0.000017 final=0.000017
[06:59:04.826] [INFO] [EXEC] EXIT RECOVERY inventory_no_sell qty=0.006170
[06:59:05.342] [WARNING] [EXEC] SELL_QTY_CLAMP inventory=0.006170 free=0.000017 final=0.000017
[06:59:05.342] [INFO] [EXEC] SELL CHECK inventory=0.006170 reported=0.000000 remaining=0.000017 chunks=1
[06:59:05.342] [INFO] [EXEC] SKIP MICRO SELL epsilon=0.000015
[06:59:05.357] [WARNING] [EXEC] SELL_QTY_CLAMP inventory=0.006170 free=0.000017 final=0.000017
[06:59:05.576] [INFO] [EXEC] EXIT RECOVERY inventory_no_sell qty=0.006170
[06:59:06.122] [WARNING] [EXEC] SELL_QTY_CLAMP inventory=0.006170 free=0.000017 final=0.000017
[06:59:06.122] [INFO] [EXEC] SELL CHECK inventory=0.006170 reported=0.000000 remaining=0.000017 chunks=1
[06:59:06.122] [INFO] [EXEC] SKIP MICRO SELL epsilon=0.000015
[06:59:06.122] [WARNING] [EXEC] SELL_QTY_CLAMP inventory=0.006170 free=0.000017 final=0.000017
[06:59:06.325] [INFO] [EXEC] EXIT RECOVERY inventory_no_sell qty=0.006170
[06:59:06.857] [WARNING] [EXEC] SELL_QTY_CLAMP inventory=0.006170 free=0.000017 final=0.000017
[06:59:06.859] [INFO] [EXEC] SELL CHECK inventory=0.006170 reported=0.000000 remaining=0.000017 chunks=1
[06:59:06.861] [INFO] [EXEC] SKIP MICRO SELL epsilon=0.000015
[06:59:06.861] [WARNING] [EXEC] SELL_QTY_CLAMP inventory=0.006170 free=0.000017 final=0.000017
[06:59:07.083] [INFO] [EXEC] EXIT RECOVERY inventory_no_sell qty=0.006170
[06:59:07.606] [WARNING] [EXEC] SELL_QTY_CLAMP inventory=0.006170 free=0.000017 final=0.000017
[06:59:07.622] [INFO] [EXEC] SELL CHECK inventory=0.006170 reported=0.000000 remaining=0.000017 chunks=1
[06:59:07.622] [INFO] [EXEC] SKIP MICRO SELL epsilon=0.000015
[06:59:07.622] [WARNING] [EXEC] SELL_QTY_CLAMP inventory=0.006170 free=0.000017 final=0.000017
[06:59:07.825] [INFO] [EXEC] EXIT RECOVERY inventory_no_sell qty=0.006170
[06:59:08.357] [WARNING] [EXEC] SELL_QTY_CLAMP inventory=0.006170 free=0.000017 final=0.000017
[06:59:08.357] [INFO] [EXEC] SELL CHECK inventory=0.006170 reported=0.000000 remaining=0.000017 chunks=1
[06:59:08.372] [INFO] [EXEC] SKIP MICRO SELL epsilon=0.000015
[06:59:08.372] [WARNING] [EXEC] SELL_QTY_CLAMP inventory=0.006170 free=0.000017 final=0.000017
[06:59:08.575] [INFO] [EXEC] EXIT RECOVERY inventory_no_sell qty=0.006170
[06:59:09.090] [WARNING] [EXEC] SELL_QTY_CLAMP inventory=0.006170 free=0.000017 final=0.000017
[06:59:09.106] [INFO] [EXEC] SELL CHECK inventory=0.006170 reported=0.000000 remaining=0.000017 chunks=1
[06:59:09.106] [INFO] [EXEC] SKIP MICRO SELL epsilon=0.000015
[06:59:09.106] [WARNING] [EXEC] SELL_QTY_CLAMP inventory=0.006170 free=0.000017 final=0.000017
[06:59:09.324] [INFO] [EXEC] EXIT RECOVERY inventory_no_sell qty=0.006170
[06:59:09.873] [WARNING] [EXEC] SELL_QTY_CLAMP inventory=0.006170 free=0.000017 final=0.000017
[06:59:09.875] [INFO] [EXEC] SELL CHECK inventory=0.006170 reported=0.000000 remaining=0.000017 chunks=1
[06:59:09.875] [INFO] [EXEC] SKIP MICRO SELL epsilon=0.000015
[06:59:09.880] [WARNING] [EXEC] SELL_QTY_CLAMP inventory=0.006170 free=0.000017 final=0.000017
[06:59:10.083] [INFO] [EXEC] EXIT RECOVERY inventory_no_sell qty=0.006170
[06:59:10.621] [WARNING] [EXEC] SELL_QTY_CLAMP inventory=0.006170 free=0.000017 final=0.000017
[06:59:10.621] [INFO] [EXEC] SELL CHECK inventory=0.006170 reported=0.000000 remaining=0.000017 chunks=1
[06:59:10.621] [INFO] [EXEC] SKIP MICRO SELL epsilon=0.000015
[06:59:10.621] [WARNING] [EXEC] SELL_QTY_CLAMP inventory=0.006170 free=0.000017 final=0.000017
[06:59:10.824] [INFO] [EXEC] EXIT RECOVERY inventory_no_sell qty=0.006170
[06:59:11.354] [WARNING] [EXEC] SELL_QTY_CLAMP inventory=0.006170 free=0.000017 final=0.000017
[06:59:11.354] [INFO] [EXEC] SELL CHECK inventory=0.006170 reported=0.000000 remaining=0.000017 chunks=1
[06:59:11.354] [INFO] [EXEC] SKIP MICRO SELL epsilon=0.000015
[06:59:11.354] [WARNING] [EXEC] SELL_QTY_CLAMP inventory=0.006170 free=0.000017 final=0.000017
[06:59:11.573] [INFO] [EXEC] EXIT RECOVERY inventory_no_sell qty=0.006170
[06:59:12.106] [WARNING] [EXEC] SELL_QTY_CLAMP inventory=0.006170 free=0.000017 final=0.000017
[06:59:12.106] [INFO] [EXEC] SELL CHECK inventory=0.006170 reported=0.000000 remaining=0.000017 chunks=1
[06:59:12.106] [INFO] [EXEC] SKIP MICRO SELL epsilon=0.000015
[06:59:12.106] [WARNING] [EXEC] SELL_QTY_CLAMP inventory=0.006170 free=0.000017 final=0.000017
[06:59:12.575] [INFO] [EXEC] EXIT RECOVERY inventory_no_sell qty=0.006170
[06:59:13.091] [WARNING] [EXEC] SELL_QTY_CLAMP inventory=0.006170 free=0.000017 final=0.000017
[06:59:13.091] [INFO] [EXEC] SELL CHECK inventory=0.006170 reported=0.000000 remaining=0.000017 chunks=1
[06:59:13.091] [INFO] [EXEC] SKIP MICRO SELL epsilon=0.000015
[06:59:13.091] [WARNING] [EXEC] SELL_QTY_CLAMP inventory=0.006170 free=0.000017 final=0.000017
[06:59:13.326] [INFO] [EXEC] EXIT RECOVERY inventory_no_sell qty=0.006170
[06:59:13.841] [WARNING] [EXEC] SELL_QTY_CLAMP inventory=0.006170 free=0.000017 final=0.000017
[06:59:13.841] [INFO] [EXEC] SELL CHECK inventory=0.006170 reported=0.000000 remaining=0.000017 chunks=1
[06:59:13.841] [INFO] [EXEC] SKIP MICRO SELL epsilon=0.000015
[06:59:13.841] [WARNING] [EXEC] SELL_QTY_CLAMP inventory=0.006170 free=0.000017 final=0.000017
[06:59:14.083] [INFO] [EXEC] EXIT RECOVERY inventory_no_sell qty=0.006170
[06:59:14.620] [WARNING] [EXEC] SELL_QTY_CLAMP inventory=0.006170 free=0.000017 final=0.000017
[06:59:14.620] [INFO] [EXEC] SELL CHECK inventory=0.006170 reported=0.000000 remaining=0.000017 chunks=1
[06:59:14.620] [INFO] [EXEC] SKIP MICRO SELL epsilon=0.000015
[06:59:14.620] [WARNING] [EXEC] SELL_QTY_CLAMP inventory=0.006170 free=0.000017 final=0.000017
[06:59:14.824] [INFO] [EXEC] EXIT RECOVERY inventory_no_sell qty=0.006170
[06:59:15.356] [WARNING] [EXEC] SELL_QTY_CLAMP inventory=0.006170 free=0.000017 final=0.000017
[06:59:15.356] [INFO] [EXEC] SELL CHECK inventory=0.006170 reported=0.000000 remaining=0.000017 chunks=1
[06:59:15.356] [INFO] [EXEC] SKIP MICRO SELL epsilon=0.000015
[06:59:15.356] [WARNING] [EXEC] SELL_QTY_CLAMP inventory=0.006170 free=0.000017 final=0.000017
[06:59:15.575] [INFO] [EXEC] EXIT RECOVERY inventory_no_sell qty=0.006170
[06:59:16.106] [WARNING] [EXEC] SELL_QTY_CLAMP inventory=0.006170 free=0.000017 final=0.000017
[06:59:16.106] [INFO] [EXEC] SELL CHECK inventory=0.006170 reported=0.000000 remaining=0.000017 chunks=1
[06:59:16.122] [INFO] [EXEC] SKIP MICRO SELL epsilon=0.000015
[06:59:16.122] [WARNING] [EXEC] SELL_QTY_CLAMP inventory=0.006170 free=0.000017 final=0.000017
[06:59:16.325] [INFO] [EXEC] EXIT RECOVERY inventory_no_sell qty=0.006170
[06:59:16.881] [WARNING] [EXEC] SELL_QTY_CLAMP inventory=0.006170 free=0.000017 final=0.000017
[06:59:16.887] [INFO] [EXEC] SELL CHECK inventory=0.006170 reported=0.000000 remaining=0.000017 chunks=1
[06:59:16.887] [INFO] [EXEC] SKIP MICRO SELL epsilon=0.000015
[06:59:16.887] [WARNING] [EXEC] SELL_QTY_CLAMP inventory=0.006170 free=0.000017 final=0.000017
[06:59:17.082] [INFO] [EXEC] EXIT RECOVERY inventory_no_sell qty=0.006170
[06:59:17.603] [WARNING] [EXEC] SELL_QTY_CLAMP inventory=0.006170 free=0.000017 final=0.000017
[06:59:17.603] [INFO] [EXEC] SELL CHECK inventory=0.006170 reported=0.000000 remaining=0.000017 chunks=1
[06:59:17.603] [INFO] [EXEC] SKIP MICRO SELL epsilon=0.000015
[06:59:17.603] [WARNING] [EXEC] SELL_QTY_CLAMP inventory=0.006170 free=0.000017 final=0.000017
[06:59:17.822] [INFO] [EXEC] EXIT RECOVERY inventory_no_sell qty=0.006170
[06:59:18.347] [WARNING] [EXEC] SELL_QTY_CLAMP inventory=0.006170 free=0.000017 final=0.000017
[06:59:18.362] [INFO] [EXEC] SELL CHECK inventory=0.006170 reported=0.000000 remaining=0.000017 chunks=1
[06:59:18.362] [INFO] [EXEC] SKIP MICRO SELL epsilon=0.000015
[06:59:18.362] [WARNING] [EXEC] SELL_QTY_CLAMP inventory=0.006170 free=0.000017 final=0.000017
[06:59:18.581] [INFO] [EXEC] EXIT RECOVERY inventory_no_sell qty=0.006170
[06:59:19.143] [WARNING] [EXEC] SELL_QTY_CLAMP inventory=0.006170 free=0.000017 final=0.000017
[06:59:19.143] [INFO] [EXEC] SELL CHECK inventory=0.006170 reported=0.000000 remaining=0.000017 chunks=1
[06:59:19.143] [INFO] [EXEC] SKIP MICRO SELL epsilon=0.000015
[06:59:19.143] [WARNING] [EXEC] SELL_QTY_CLAMP inventory=0.006170 free=0.000017 final=0.000017
[06:59:19.331] [INFO] [EXEC] EXIT RECOVERY inventory_no_sell qty=0.006170
[06:59:19.854] [WARNING] [EXEC] SELL_QTY_CLAMP inventory=0.006170 free=0.000017 final=0.000017
[06:59:19.859] [INFO] [EXEC] SELL CHECK inventory=0.006170 reported=0.000000 remaining=0.000017 chunks=1
[06:59:19.859] [INFO] [EXEC] SKIP MICRO SELL epsilon=0.000015
[06:59:19.859] [WARNING] [EXEC] SELL_QTY_CLAMP inventory=0.006170 free=0.000017 final=0.000017
[06:59:20.083] [INFO] [EXEC] EXIT RECOVERY inventory_no_sell qty=0.006170
[06:59:20.612] [WARNING] [EXEC] SELL_QTY_CLAMP inventory=0.006170 free=0.000017 final=0.000017
[06:59:20.612] [INFO] [EXEC] SELL CHECK inventory=0.006170 reported=0.000000 remaining=0.000017 chunks=1
[06:59:20.612] [INFO] [EXEC] SKIP MICRO SELL epsilon=0.000015
[06:59:20.612] [WARNING] [EXEC] SELL_QTY_CLAMP inventory=0.006170 free=0.000017 final=0.000017
[06:59:20.831] [INFO] [EXEC] EXIT RECOVERY inventory_no_sell qty=0.006170
[06:59:21.362] [WARNING] [EXEC] SELL_QTY_CLAMP inventory=0.006170 free=0.000017 final=0.000017
[06:59:21.362] [INFO] [EXEC] SELL CHECK inventory=0.006170 reported=0.000000 remaining=0.000017 chunks=1
[06:59:21.362] [INFO] [EXEC] SKIP MICRO SELL epsilon=0.000015
[06:59:21.362] [WARNING] [EXEC] SELL_QTY_CLAMP inventory=0.006170 free=0.000017 final=0.000017
[06:59:21.581] [INFO] [EXEC] EXIT RECOVERY inventory_no_sell qty=0.006170
[06:59:22.112] [WARNING] [EXEC] SELL_QTY_CLAMP inventory=0.006170 free=0.000017 final=0.000017
[06:59:22.112] [INFO] [EXEC] SELL CHECK inventory=0.006170 reported=0.000000 remaining=0.000017 chunks=1
[06:59:22.112] [INFO] [EXEC] SKIP MICRO SELL epsilon=0.000015
[06:59:22.112] [WARNING] [EXEC] SELL_QTY_CLAMP inventory=0.006170 free=0.000017 final=0.000017
[06:59:22.112] [OK] [PLAN] READY entry=81002.32 exit=81007.43 profit=0.630830 age=750ms
[06:59:22.581] [WARNING] [EXEC] SELL_QTY_CLAMP inventory=0.006170 free=0.000017 final=0.000017
[06:59:22.581] [INFO] [EXEC] EXIT RECOVERY inventory_no_sell qty=0.006170
[06:59:23.127] [WARNING] [EXEC] SELL_QTY_CLAMP inventory=0.006170 free=0.000017 final=0.000017
[06:59:23.127] [INFO] [EXEC] SELL CHECK inventory=0.006170 reported=0.000000 remaining=0.000017 chunks=1
[06:59:23.127] [INFO] [EXEC] SKIP MICRO SELL epsilon=0.000015
[06:59:23.127] [WARNING] [EXEC] SELL_QTY_CLAMP inventory=0.006170 free=0.000017 final=0.000017
[06:59:23.330] [INFO] [EXEC] EXIT RECOVERY inventory_no_sell qty=0.006170
[06:59:23.880] [WARNING] [EXEC] SELL_QTY_CLAMP inventory=0.006170 free=0.000017 final=0.000017
[06:59:23.880] [INFO] [EXEC] SELL CHECK inventory=0.006170 reported=0.000000 remaining=0.000017 chunks=1
[06:59:23.885] [INFO] [EXEC] SKIP MICRO SELL epsilon=0.000015
[06:59:23.885] [WARNING] [EXEC] SELL_QTY_CLAMP inventory=0.006170 free=0.000017 final=0.000017
[06:59:24.073] [INFO] [EXEC] EXIT RECOVERY inventory_no_sell qty=0.006170
[06:59:24.595] [WARNING] [EXEC] SELL_QTY_CLAMP inventory=0.006170 free=0.000017 final=0.000017
[06:59:24.595] [INFO] [EXEC] SELL CHECK inventory=0.006170 reported=0.000000 remaining=0.000017 chunks=1
[06:59:24.611] [INFO] [EXEC] SKIP MICRO SELL epsilon=0.000015
[06:59:24.611] [WARNING] [EXEC] SELL_QTY_CLAMP inventory=0.006170 free=0.000017 final=0.000017
[06:59:24.611] [OK] [PLAN] HOT entry=80998.48 exit=81009.00 profit=1.298694 age=743ms
[06:59:24.830] [WARNING] [EXEC] SELL_QTY_CLAMP inventory=0.006170 free=0.000017 final=0.000017
[06:59:24.830] [INFO] [EXEC] EXIT RECOVERY inventory_no_sell qty=0.006170
[06:59:25.361] [WARNING] [EXEC] SELL_QTY_CLAMP inventory=0.006170 free=0.000017 final=0.000017
[06:59:25.361] [INFO] [EXEC] SELL CHECK inventory=0.006170 reported=0.000000 remaining=0.000017 chunks=1
[06:59:25.377] [INFO] [EXEC] SKIP MICRO SELL epsilon=0.000015
[06:59:25.377] [WARNING] [EXEC] SELL_QTY_CLAMP inventory=0.006170 free=0.000017 final=0.000017
[06:59:25.580] [INFO] [EXEC] EXIT RECOVERY inventory_no_sell qty=0.006170
[06:59:26.096] [WARNING] [EXEC] SELL_QTY_CLAMP inventory=0.006170 free=0.000017 final=0.000017
[06:59:26.096] [INFO] [EXEC] SELL CHECK inventory=0.006170 reported=0.000000 remaining=0.000017 chunks=1
[06:59:26.111] [INFO] [EXEC] SKIP MICRO SELL epsilon=0.000015
[06:59:26.111] [WARNING] [EXEC] SELL_QTY_CLAMP inventory=0.006170 free=0.000017 final=0.000017
[06:59:26.330] [INFO] [EXEC] EXIT RECOVERY inventory_no_sell qty=0.006170
[06:59:26.857] [WARNING] [EXEC] SELL_QTY_CLAMP inventory=0.006170 free=0.000017 final=0.000017
[06:59:26.858] [INFO] [EXEC] SELL CHECK inventory=0.006170 reported=0.000000 remaining=0.000017 chunks=1
[06:59:26.858] [INFO] [EXEC] SKIP MICRO SELL epsilon=0.000015
[06:59:26.864] [WARNING] [EXEC] SELL_QTY_CLAMP inventory=0.006170 free=0.000017 final=0.000017
[06:59:27.074] [INFO] [EXEC] EXIT RECOVERY inventory_no_sell qty=0.006170
[06:59:27.594] [WARNING] [EXEC] SELL_QTY_CLAMP inventory=0.006170 free=0.000017 final=0.000017
[06:59:27.610] [INFO] [EXEC] SELL CHECK inventory=0.006170 reported=0.000000 remaining=0.000017 chunks=1
[06:59:27.610] [INFO] [EXEC] SKIP MICRO SELL epsilon=0.000015
[06:59:27.610] [WARNING] [EXEC] SELL_QTY_CLAMP inventory=0.006170 free=0.000017 final=0.000017
[06:59:27.828] [INFO] [EXEC] EXIT RECOVERY inventory_no_sell qty=0.006170
[06:59:28.343] [WARNING] [EXEC] SELL_QTY_CLAMP inventory=0.006170 free=0.000017 final=0.000017
[06:59:28.343] [INFO] [EXEC] SELL CHECK inventory=0.006170 reported=0.000000 remaining=0.000017 chunks=1
[06:59:28.343] [INFO] [EXEC] SKIP MICRO SELL epsilon=0.000015
[06:59:28.343] [WARNING] [EXEC] SELL_QTY_CLAMP inventory=0.006170 free=0.000017 final=0.000017
[06:59:28.577] [INFO] [EXEC] EXIT RECOVERY inventory_no_sell qty=0.006170
[06:59:29.095] [WARNING] [EXEC] SELL_QTY_CLAMP inventory=0.006170 free=0.000017 final=0.000017
[06:59:29.111] [INFO] [EXEC] SELL CHECK inventory=0.006170 reported=0.000000 remaining=0.000017 chunks=1
[06:59:29.111] [INFO] [EXEC] SKIP MICRO SELL epsilon=0.000015
[06:59:29.111] [WARNING] [EXEC] SELL_QTY_CLAMP inventory=0.006170 free=0.000017 final=0.000017
[06:59:29.329] [INFO] [EXEC] EXIT RECOVERY inventory_no_sell qty=0.006170
[06:59:29.853] [WARNING] [EXEC] SELL_QTY_CLAMP inventory=0.006170 free=0.000017 final=0.000017
[06:59:29.856] [INFO] [EXEC] SELL CHECK inventory=0.006170 reported=0.000000 remaining=0.000017 chunks=1
[06:59:29.857] [INFO] [EXEC] SKIP MICRO SELL epsilon=0.000015
[06:59:29.857] [WARNING] [EXEC] SELL_QTY_CLAMP inventory=0.006170 free=0.000017 final=0.000017
[06:59:30.082] [INFO] [EXEC] EXIT RECOVERY inventory_no_sell qty=0.006170
[06:59:30.609] [WARNING] [EXEC] SELL_QTY_CLAMP inventory=0.006170 free=0.000017 final=0.000017
[06:59:30.609] [INFO] [EXEC] SELL CHECK inventory=0.006170 reported=0.000000 remaining=0.000017 chunks=1
[06:59:30.609] [INFO] [EXEC] SKIP MICRO SELL epsilon=0.000015
[06:59:30.609] [WARNING] [EXEC] SELL_QTY_CLAMP inventory=0.006170 free=0.000017 final=0.000017
[06:59:30.828] [INFO] [EXEC] EXIT RECOVERY inventory_no_sell qty=0.006170
[06:59:31.345] [WARNING] [EXEC] SELL_QTY_CLAMP inventory=0.006170 free=0.000017 final=0.000017
[06:59:31.360] [INFO] [EXEC] SELL CHECK inventory=0.006170 reported=0.000000 remaining=0.000017 chunks=1
[06:59:31.360] [INFO] [EXEC] SKIP MICRO SELL epsilon=0.000015
[06:59:31.360] [WARNING] [EXEC] SELL_QTY_CLAMP inventory=0.006170 free=0.000017 final=0.000017
[06:59:31.579] [INFO] [EXEC] EXIT RECOVERY inventory_no_sell qty=0.006170
[06:59:32.095] [WARNING] [EXEC] SELL_QTY_CLAMP inventory=0.006170 free=0.000017 final=0.000017
[06:59:32.095] [INFO] [EXEC] SELL CHECK inventory=0.006170 reported=0.000000 remaining=0.000017 chunks=1
[06:59:32.095] [INFO] [EXEC] SKIP MICRO SELL epsilon=0.000015
[06:59:32.111] [WARNING] [EXEC] SELL_QTY_CLAMP inventory=0.006170 free=0.000017 final=0.000017
[06:59:32.580] [INFO] [EXEC] EXIT RECOVERY inventory_no_sell qty=0.006170
[06:59:33.109] [WARNING] [EXEC] SELL_QTY_CLAMP inventory=0.006170 free=0.000017 final=0.000017
[06:59:33.109] [INFO] [EXEC] SELL CHECK inventory=0.006170 reported=0.000000 remaining=0.000017 chunks=1
[06:59:33.109] [INFO] [EXEC] SKIP MICRO SELL epsilon=0.000015
[06:59:33.124] [WARNING] [EXEC] SELL_QTY_CLAMP inventory=0.006170 free=0.000017 final=0.000017
[06:59:33.328] [INFO] [EXEC] EXIT RECOVERY inventory_no_sell qty=0.006170
[06:59:33.856] [WARNING] [EXEC] SELL_QTY_CLAMP inventory=0.006170 free=0.000017 final=0.000017
[06:59:33.857] [INFO] [EXEC] SELL CHECK inventory=0.006170 reported=0.000000 remaining=0.000017 chunks=1
[06:59:33.857] [INFO] [EXEC] SKIP MICRO SELL epsilon=0.000015
[06:59:33.862] [WARNING] [EXEC] SELL_QTY_CLAMP inventory=0.006170 free=0.000017 final=0.000017
[06:59:34.080] [INFO] [EXEC] EXIT RECOVERY inventory_no_sell qty=0.006170
[06:59:34.595] [WARNING] [EXEC] SELL_QTY_CLAMP inventory=0.006170 free=0.000017 final=0.000017
[06:59:34.595] [INFO] [EXEC] SELL CHECK inventory=0.006170 reported=0.000000 remaining=0.000017 chunks=1
[06:59:34.595] [INFO] [EXEC] SKIP MICRO SELL epsilon=0.000015
[06:59:34.595] [WARNING] [EXEC] SELL_QTY_CLAMP inventory=0.006170 free=0.000017 final=0.000017
[06:59:34.829] [INFO] [EXEC] EXIT RECOVERY inventory_no_sell qty=0.006170
[06:59:35.345] [WARNING] [EXEC] SELL_QTY_CLAMP inventory=0.006170 free=0.000017 final=0.000017
[06:59:35.345] [INFO] [EXEC] SELL CHECK inventory=0.006170 reported=0.000000 remaining=0.000017 chunks=1
[06:59:35.360] [INFO] [EXEC] SKIP MICRO SELL epsilon=0.000015
[06:59:35.360] [WARNING] [EXEC] SELL_QTY_CLAMP inventory=0.006170 free=0.000017 final=0.000017
[06:59:35.579] [INFO] [EXEC] EXIT RECOVERY inventory_no_sell qty=0.006170
[06:59:36.126] [WARNING] [EXEC] SELL_QTY_CLAMP inventory=0.006170 free=0.000017 final=0.000017
[06:59:36.126] [INFO] [EXEC] SELL CHECK inventory=0.006170 reported=0.000000 remaining=0.000017 chunks=1
[06:59:36.126] [INFO] [EXEC] SKIP MICRO SELL epsilon=0.000015
[06:59:36.126] [WARNING] [EXEC] SELL_QTY_CLAMP inventory=0.006170 free=0.000017 final=0.000017
[06:59:36.329] [INFO] [EXEC] EXIT RECOVERY inventory_no_sell qty=0.006170
[06:59:36.892] [WARNING] [EXEC] SELL_QTY_CLAMP inventory=0.006170 free=0.000017 final=0.000017
[06:59:36.892] [INFO] [EXEC] SELL CHECK inventory=0.006170 reported=0.000000 remaining=0.000017 chunks=1
[06:59:36.908] [INFO] [EXEC] SKIP MICRO SELL epsilon=0.000015
[06:59:36.908] [WARNING] [EXEC] SELL_QTY_CLAMP inventory=0.006170 free=0.000017 final=0.000017
[06:59:37.078] [INFO] [EXEC] EXIT RECOVERY inventory_no_sell qty=0.006170
[06:59:37.594] [WARNING] [EXEC] SELL_QTY_CLAMP inventory=0.006170 free=0.000017 final=0.000017
[06:59:37.594] [INFO] [EXEC] SELL CHECK inventory=0.006170 reported=0.000000 remaining=0.000017 chunks=1
[06:59:37.594] [INFO] [EXEC] SKIP MICRO SELL epsilon=0.000015
[06:59:37.610] [WARNING] [EXEC] SELL_QTY_CLAMP inventory=0.006170 free=0.000017 final=0.000017
[06:59:37.829] [INFO] [EXEC] EXIT RECOVERY inventory_no_sell qty=0.006170
[06:59:38.344] [WARNING] [EXEC] SELL_QTY_CLAMP inventory=0.006170 free=0.000017 final=0.000017
[06:59:38.344] [INFO] [EXEC] SELL CHECK inventory=0.006170 reported=0.000000 remaining=0.000017 chunks=1
[06:59:38.360] [INFO] [EXEC] SKIP MICRO SELL epsilon=0.000015
[06:59:38.360] [WARNING] [EXEC] SELL_QTY_CLAMP inventory=0.006170 free=0.000017 final=0.000017
[06:59:38.578] [INFO] [EXEC] EXIT RECOVERY inventory_no_sell qty=0.006170
[06:59:39.110] [WARNING] [EXEC] SELL_QTY_CLAMP inventory=0.006170 free=0.000017 final=0.000017
[06:59:39.125] [INFO] [EXEC] SELL CHECK inventory=0.006170 reported=0.000000 remaining=0.000017 chunks=1
[06:59:39.125] [INFO] [EXEC] SKIP MICRO SELL epsilon=0.000015
[06:59:39.125] [WARNING] [EXEC] SELL_QTY_CLAMP inventory=0.006170 free=0.000017 final=0.000017
[06:59:39.328] [INFO] [EXEC] EXIT RECOVERY inventory_no_sell qty=0.006170
[06:59:39.852] [WARNING] [EXEC] SELL_QTY_CLAMP inventory=0.006170 free=0.000017 final=0.000017
[06:59:39.856] [INFO] [EXEC] SELL CHECK inventory=0.006170 reported=0.000000 remaining=0.000017 chunks=1
[06:59:39.856] [INFO] [EXEC] SKIP MICRO SELL epsilon=0.000015
[06:59:39.856] [WARNING] [EXEC] SELL_QTY_CLAMP inventory=0.006170 free=0.000017 final=0.000017
[06:59:40.073] [INFO] [EXEC] EXIT RECOVERY inventory_no_sell qty=0.006170
[06:59:40.594] [WARNING] [EXEC] SELL_QTY_CLAMP inventory=0.006170 free=0.000017 final=0.000017
[06:59:40.594] [INFO] [EXEC] SELL CHECK inventory=0.006170 reported=0.000000 remaining=0.000017 chunks=1
[06:59:40.594] [INFO] [EXEC] SKIP MICRO SELL epsilon=0.000015
[06:59:40.594] [WARNING] [EXEC] SELL_QTY_CLAMP inventory=0.006170 free=0.000017 final=0.000017
[06:59:40.829] [INFO] [EXEC] EXIT RECOVERY inventory_no_sell qty=0.006170
[06:59:41.344] [WARNING] [EXEC] SELL_QTY_CLAMP inventory=0.006170 free=0.000017 final=0.000017
[06:59:41.344] [INFO] [EXEC] SELL CHECK inventory=0.006170 reported=0.000000 remaining=0.000017 chunks=1
[06:59:41.359] [INFO] [EXEC] SKIP MICRO SELL epsilon=0.000015
[06:59:41.359] [WARNING] [EXEC] SELL_QTY_CLAMP inventory=0.006170 free=0.000017 final=0.000017
[06:59:41.578] [INFO] [EXEC] EXIT RECOVERY inventory_no_sell qty=0.006170
[06:59:42.093] [WARNING] [EXEC] SELL_QTY_CLAMP inventory=0.006170 free=0.000017 final=0.000017
[06:59:42.108] [INFO] [EXEC] SELL CHECK inventory=0.006170 reported=0.000000 remaining=0.000017 chunks=1
[06:59:42.108] [INFO] [EXEC] SKIP MICRO SELL epsilon=0.000015
[06:59:42.108] [WARNING] [EXEC] SELL_QTY_CLAMP inventory=0.006170 free=0.000017 final=0.000017
[06:59:42.577] [INFO] [EXEC] EXIT RECOVERY inventory_no_sell qty=0.006170
[06:59:43.094] [WARNING] [EXEC] SELL_QTY_CLAMP inventory=0.006170 free=0.000017 final=0.000017
[06:59:43.094] [INFO] [EXEC] SELL CHECK inventory=0.006170 reported=0.000000 remaining=0.000017 chunks=1
[06:59:43.094] [INFO] [EXEC] SKIP MICRO SELL epsilon=0.000015
[06:59:43.094] [WARNING] [EXEC] SELL_QTY_CLAMP inventory=0.006170 free=0.000017 final=0.000017
[06:59:43.328] [INFO] [EXEC] EXIT RECOVERY inventory_no_sell qty=0.006170
[06:59:43.852] [WARNING] [EXEC] SELL_QTY_CLAMP inventory=0.006170 free=0.000017 final=0.000017
[06:59:43.855] [INFO] [EXEC] SELL CHECK inventory=0.006170 reported=0.000000 remaining=0.000017 chunks=1
[06:59:43.855] [INFO] [EXEC] SKIP MICRO SELL epsilon=0.000015
[06:59:43.855] [WARNING] [EXEC] SELL_QTY_CLAMP inventory=0.006170 free=0.000017 final=0.000017
[06:59:44.085] [INFO] [EXEC] EXIT RECOVERY inventory_no_sell qty=0.006170
[06:59:44.623] [WARNING] [EXEC] SELL_QTY_CLAMP inventory=0.006170 free=0.000017 final=0.000017
[06:59:44.623] [INFO] [EXEC] SELL CHECK inventory=0.006170 reported=0.000000 remaining=0.000017 chunks=1
[06:59:44.623] [INFO] [EXEC] SKIP MICRO SELL epsilon=0.000015
[06:59:44.623] [WARNING] [EXEC] SELL_QTY_CLAMP inventory=0.006170 free=0.000017 final=0.000017
[06:59:44.826] [INFO] [EXEC] EXIT RECOVERY inventory_no_sell qty=0.006170
[06:59:45.372] [WARNING] [EXEC] SELL_QTY_CLAMP inventory=0.006170 free=0.000017 final=0.000017
[06:59:45.372] [INFO] [EXEC] SELL CHECK inventory=0.006170 reported=0.000000 remaining=0.000017 chunks=1
[06:59:45.372] [INFO] [EXEC] SKIP MICRO SELL epsilon=0.000015
[06:59:45.372] [WARNING] [EXEC] SELL_QTY_CLAMP inventory=0.006170 free=0.000017 final=0.000017
[06:59:45.575] [INFO] [EXEC] EXIT RECOVERY inventory_no_sell qty=0.006170
[06:59:46.124] [WARNING] [EXEC] SELL_QTY_CLAMP inventory=0.006170 free=0.000017 final=0.000017
[06:59:46.124] [INFO] [EXEC] SELL CHECK inventory=0.006170 reported=0.000000 remaining=0.000017 chunks=1
[06:59:46.124] [INFO] [EXEC] SKIP MICRO SELL epsilon=0.000015
[06:59:46.124] [WARNING] [EXEC] SELL_QTY_CLAMP inventory=0.006170 free=0.000017 final=0.000017
[06:59:46.328] [INFO] [EXEC] EXIT RECOVERY inventory_no_sell qty=0.006170
[06:59:46.884] [WARNING] [EXEC] SELL_QTY_CLAMP inventory=0.006170 free=0.000017 final=0.000017
[06:59:46.884] [INFO] [EXEC] SELL CHECK inventory=0.006170 reported=0.000000 remaining=0.000017 chunks=1
[06:59:46.889] [INFO] [EXEC] SKIP MICRO SELL epsilon=0.000015
[06:59:46.889] [WARNING] [EXEC] SELL_QTY_CLAMP inventory=0.006170 free=0.000017 final=0.000017
[06:59:47.072] [INFO] [EXEC] EXIT RECOVERY inventory_no_sell qty=0.006170
[06:59:47.593] [WARNING] [EXEC] SELL_QTY_CLAMP inventory=0.006170 free=0.000017 final=0.000017
[06:59:47.593] [INFO] [EXEC] SELL CHECK inventory=0.006170 reported=0.000000 remaining=0.000017 chunks=1
[06:59:47.593] [INFO] [EXEC] SKIP MICRO SELL epsilon=0.000015
[06:59:47.608] [WARNING] [EXEC] SELL_QTY_CLAMP inventory=0.006170 free=0.000017 final=0.000017
[06:59:47.827] [INFO] [EXEC] EXIT RECOVERY inventory_no_sell qty=0.006170
[06:59:48.343] [WARNING] [EXEC] SELL_QTY_CLAMP inventory=0.006170 free=0.000017 final=0.000017
[06:59:48.358] [INFO] [EXEC] SELL CHECK inventory=0.006170 reported=0.000000 remaining=0.000017 chunks=1
[06:59:48.358] [INFO] [EXEC] SKIP MICRO SELL epsilon=0.000015
[06:59:48.358] [WARNING] [EXEC] SELL_QTY_CLAMP inventory=0.006170 free=0.000017 final=0.000017
[06:59:48.577] [INFO] [EXEC] EXIT RECOVERY inventory_no_sell qty=0.006170
[06:59:49.109] [WARNING] [EXEC] SELL_QTY_CLAMP inventory=0.006170 free=0.000017 final=0.000017
[06:59:49.109] [INFO] [EXEC] SELL CHECK inventory=0.006170 reported=0.000000 remaining=0.000017 chunks=1
[06:59:49.109] [INFO] [EXEC] SKIP MICRO SELL epsilon=0.000015
[06:59:49.109] [WARNING] [EXEC] SELL_QTY_CLAMP inventory=0.006170 free=0.000017 final=0.000017
[06:59:49.327] [INFO] [EXEC] EXIT RECOVERY inventory_no_sell qty=0.006170
[06:59:49.843] [WARNING] [EXEC] SELL_QTY_CLAMP inventory=0.006170 free=0.000017 final=0.000017
[06:59:49.858] [INFO] [EXEC] SELL CHECK inventory=0.006170 reported=0.000000 remaining=0.000017 chunks=1
[06:59:49.860] [INFO] [EXEC] SKIP MICRO SELL epsilon=0.000015
[06:59:49.862] [WARNING] [EXEC] SELL_QTY_CLAMP inventory=0.006170 free=0.000017 final=0.000017
[06:59:50.079] [INFO] [EXEC] EXIT RECOVERY inventory_no_sell qty=0.006170
[06:59:50.608] [WARNING] [EXEC] SELL_QTY_CLAMP inventory=0.006170 free=0.000017 final=0.000017
[06:59:50.608] [INFO] [EXEC] SELL CHECK inventory=0.006170 reported=0.000000 remaining=0.000017 chunks=1
[06:59:50.624] [INFO] [EXEC] SKIP MICRO SELL epsilon=0.000015
[06:59:50.624] [WARNING] [EXEC] SELL_QTY_CLAMP inventory=0.006170 free=0.000017 final=0.000017
[06:59:50.827] [INFO] [EXEC] EXIT RECOVERY inventory_no_sell qty=0.006170
[06:59:51.358] [WARNING] [EXEC] SELL_QTY_CLAMP inventory=0.006170 free=0.000017 final=0.000017
[06:59:51.358] [INFO] [EXEC] SELL CHECK inventory=0.006170 reported=0.000000 remaining=0.000017 chunks=1
[06:59:51.374] [INFO] [EXEC] SKIP MICRO SELL epsilon=0.000015
[06:59:51.374] [WARNING] [EXEC] SELL_QTY_CLAMP inventory=0.006170 free=0.000017 final=0.000017
[06:59:51.577] [INFO] [EXEC] EXIT RECOVERY inventory_no_sell qty=0.006170
[06:59:52.139] [WARNING] [EXEC] SELL_QTY_CLAMP inventory=0.006170 free=0.000017 final=0.000017
[06:59:52.139] [INFO] [EXEC] SELL CHECK inventory=0.006170 reported=0.000000 remaining=0.000017 chunks=1
[06:59:52.139] [INFO] [EXEC] SKIP MICRO SELL epsilon=0.000015
[06:59:52.154] [WARNING] [EXEC] SELL_QTY_CLAMP inventory=0.006170 free=0.000017 final=0.000017
[06:59:52.576] [INFO] [EXEC] EXIT RECOVERY inventory_no_sell qty=0.006170
[06:59:53.155] [WARNING] [EXEC] SELL_QTY_CLAMP inventory=0.006170 free=0.000017 final=0.000017
[06:59:53.155] [INFO] [EXEC] SELL CHECK inventory=0.006170 reported=0.000000 remaining=0.000017 chunks=1
[06:59:53.171] [INFO] [EXEC] SKIP MICRO SELL epsilon=0.000015
[06:59:53.171] [WARNING] [EXEC] SELL_QTY_CLAMP inventory=0.006170 free=0.000017 final=0.000017
[06:59:53.327] [INFO] [EXEC] EXIT RECOVERY inventory_no_sell qty=0.006170
[06:59:53.904] [WARNING] [EXEC] SELL_QTY_CLAMP inventory=0.006170 free=0.000017 final=0.000017
[06:59:53.904] [INFO] [EXEC] SELL CHECK inventory=0.006170 reported=0.000000 remaining=0.000017 chunks=1
[06:59:53.904] [INFO] [EXEC] SKIP MICRO SELL epsilon=0.000015
[06:59:53.904] [WARNING] [EXEC] SELL_QTY_CLAMP inventory=0.006170 free=0.000017 final=0.000017
[06:59:54.083] [INFO] [EXEC] EXIT RECOVERY inventory_no_sell qty=0.006170
[06:59:54.621] [WARNING] [EXEC] SELL_QTY_CLAMP inventory=0.006170 free=0.000017 final=0.000017
[06:59:54.621] [INFO] [EXEC] SELL CHECK inventory=0.006170 reported=0.000000 remaining=0.000017 chunks=1
[06:59:54.621] [INFO] [EXEC] SKIP MICRO SELL epsilon=0.000015
[06:59:54.621] [WARNING] [EXEC] SELL_QTY_CLAMP inventory=0.006170 free=0.000017 final=0.000017
[06:59:54.824] [INFO] [EXEC] EXIT RECOVERY inventory_no_sell qty=0.006170
[06:59:55.373] [WARNING] [EXEC] SELL_QTY_CLAMP inventory=0.006170 free=0.000017 final=0.000017
[06:59:55.373] [INFO] [EXEC] SELL CHECK inventory=0.006170 reported=0.000000 remaining=0.000017 chunks=1
[06:59:55.373] [INFO] [EXEC] SKIP MICRO SELL epsilon=0.000015
[06:59:55.373] [WARNING] [EXEC] SELL_QTY_CLAMP inventory=0.006170 free=0.000017 final=0.000017
[06:59:55.577] [INFO] [EXEC] EXIT RECOVERY inventory_no_sell qty=0.006170
[06:59:56.108] [WARNING] [EXEC] SELL_QTY_CLAMP inventory=0.006170 free=0.000017 final=0.000017
[06:59:56.108] [INFO] [EXEC] SELL CHECK inventory=0.006170 reported=0.000000 remaining=0.000017 chunks=1
[06:59:56.108] [INFO] [EXEC] SKIP MICRO SELL epsilon=0.000015
[06:59:56.108] [WARNING] [EXEC] SELL_QTY_CLAMP inventory=0.006170 free=0.000017 final=0.000017
[06:59:56.327] [INFO] [EXEC] EXIT RECOVERY inventory_no_sell qty=0.006170
[06:59:56.881] [WARNING] [EXEC] SELL_QTY_CLAMP inventory=0.006170 free=0.000017 final=0.000017
[06:59:56.883] [INFO] [EXEC] SELL CHECK inventory=0.006170 reported=0.000000 remaining=0.000017 chunks=1
[06:59:56.883] [INFO] [EXEC] SKIP MICRO SELL epsilon=0.000015
[06:59:56.888] [WARNING] [EXEC] SELL_QTY_CLAMP inventory=0.006170 free=0.000017 final=0.000017
[06:59:57.084] [INFO] [EXEC] EXIT RECOVERY inventory_no_sell qty=0.006170
[06:59:57.747] [WARNING] [EXEC] SELL_QTY_CLAMP inventory=0.006170 free=0.000017 final=0.000017
[06:59:57.747] [INFO] [EXEC] SELL CHECK inventory=0.006170 reported=0.000000 remaining=0.000017 chunks=1
[06:59:57.747] [INFO] [EXEC] SKIP MICRO SELL epsilon=0.000015
[06:59:57.747] [WARNING] [EXEC] SELL_QTY_CLAMP inventory=0.006170 free=0.000017 final=0.000017
[06:59:57.825] [INFO] [EXEC] EXIT RECOVERY inventory_no_sell qty=0.006170
[06:59:58.357] [WARNING] [EXEC] SELL_QTY_CLAMP inventory=0.006170 free=0.000017 final=0.000017
[06:59:58.357] [INFO] [EXEC] SELL CHECK inventory=0.006170 reported=0.000000 remaining=0.000017 chunks=1
[06:59:58.357] [INFO] [EXEC] SKIP MICRO SELL epsilon=0.000015
[06:59:58.357] [WARNING] [EXEC] SELL_QTY_CLAMP inventory=0.006170 free=0.000017 final=0.000017
[06:59:58.576] [INFO] [EXEC] EXIT RECOVERY inventory_no_sell qty=0.006170
[06:59:59.091] [WARNING] [EXEC] SELL_QTY_CLAMP inventory=0.006170 free=0.000017 final=0.000017
[06:59:59.091] [INFO] [EXEC] SELL CHECK inventory=0.006170 reported=0.000000 remaining=0.000017 chunks=1
[06:59:59.091] [INFO] [EXEC] SKIP MICRO SELL epsilon=0.000015
[06:59:59.107] [WARNING] [EXEC] SELL_QTY_CLAMP inventory=0.006170 free=0.000017 final=0.000017
[06:59:59.341] [INFO] [EXEC] EXIT RECOVERY inventory_no_sell qty=0.006170
[06:59:59.876] [WARNING] [EXEC] SELL_QTY_CLAMP inventory=0.006170 free=0.000017 final=0.000017
[06:59:59.880] [INFO] [EXEC] SELL CHECK inventory=0.006170 reported=0.000000 remaining=0.000017 chunks=1
[06:59:59.881] [INFO] [EXEC] SKIP MICRO SELL epsilon=0.000015
[06:59:59.881] [WARNING] [EXEC] SELL_QTY_CLAMP inventory=0.006170 free=0.000017 final=0.000017
[07:00:00.089] [INFO] [EXEC] EXIT RECOVERY inventory_no_sell qty=0.006170
[07:00:00.823] [WARNING] [EXEC] SELL_QTY_CLAMP inventory=0.006170 free=0.000017 final=0.000017
[07:00:00.823] [INFO] [EXEC] SELL CHECK inventory=0.006170 reported=0.000000 remaining=0.000017 chunks=1
[07:00:00.839] [INFO] [EXEC] SKIP MICRO SELL epsilon=0.000015
[07:00:00.839] [WARNING] [EXEC] SELL_QTY_CLAMP inventory=0.006170 free=0.000017 final=0.000017
[07:00:01.091] [INFO] [EXEC] EXIT RECOVERY inventory_no_sell qty=0.006170
[07:00:01.606] [WARNING] [EXEC] SELL_QTY_CLAMP inventory=0.006170 free=0.000017 final=0.000017
[07:00:01.606] [INFO] [EXEC] SELL CHECK inventory=0.006170 reported=0.000000 remaining=0.000017 chunks=1
[07:00:01.606] [INFO] [EXEC] SKIP MICRO SELL epsilon=0.000015
[07:00:01.622] [WARNING] [EXEC] SELL_QTY_CLAMP inventory=0.006170 free=0.000017 final=0.000017
[07:00:01.622] [OK] [PLAN] READY entry=80985.63 exit=80992.78 profit=0.882811 age=1002ms
[07:00:01.952] [WARNING] [EXEC] SELL_QTY_CLAMP inventory=0.006170 free=0.000017 final=0.000017
[07:00:01.958] [INFO] [EXEC] EXIT RECOVERY inventory_no_sell qty=0.006170
[07:00:02.481] [WARNING] [EXEC] SELL_QTY_CLAMP inventory=0.006170 free=0.000017 final=0.000017
[07:00:02.481] [INFO] [EXEC] SELL CHECK inventory=0.006170 reported=0.000000 remaining=0.000017 chunks=1
[07:00:02.481] [INFO] [EXEC] SKIP MICRO SELL epsilon=0.000015
[07:00:02.481] [WARNING] [EXEC] SELL_QTY_CLAMP inventory=0.006170 free=0.000017 final=0.000017
[07:00:02.606] [INFO] [EXEC] EXIT RECOVERY inventory_no_sell qty=0.006170
[07:00:03.138] [WARNING] [EXEC] SELL_QTY_CLAMP inventory=0.006170 free=0.000017 final=0.000017
[07:00:03.138] [INFO] [EXEC] SELL CHECK inventory=0.006170 reported=0.000000 remaining=0.000017 chunks=1
[07:00:03.138] [INFO] [EXEC] SKIP MICRO SELL epsilon=0.000015
[07:00:03.138] [WARNING] [EXEC] SELL_QTY_CLAMP inventory=0.006170 free=0.000017 final=0.000017
[07:00:03.357] [INFO] [EXEC] EXIT RECOVERY inventory_no_sell qty=0.006170
[07:00:03.896] [WARNING] [EXEC] SELL_QTY_CLAMP inventory=0.006170 free=0.000017 final=0.000017
[07:00:03.896] [INFO] [EXEC] SELL CHECK inventory=0.006170 reported=0.000000 remaining=0.000017 chunks=1
[07:00:03.911] [INFO] [EXEC] SKIP MICRO SELL epsilon=0.000015
[07:00:03.911] [WARNING] [EXEC] SELL_QTY_CLAMP inventory=0.006170 free=0.000017 final=0.000017
[07:00:04.106] [INFO] [EXEC] EXIT RECOVERY inventory_no_sell qty=0.006170
[07:00:04.684] [WARNING] [EXEC] SELL_QTY_CLAMP inventory=0.006170 free=0.000017 final=0.000017
[07:00:04.684] [INFO] [EXEC] SELL CHECK inventory=0.006170 reported=0.000000 remaining=0.000017 chunks=1
[07:00:04.684] [INFO] [EXEC] SKIP MICRO SELL epsilon=0.000015
[07:00:04.684] [WARNING] [EXEC] SELL_QTY_CLAMP inventory=0.006170 free=0.000017 final=0.000017
[07:00:04.856] [INFO] [EXEC] EXIT RECOVERY inventory_no_sell qty=0.006170
[07:00:05.388] [WARNING] [EXEC] SELL_QTY_CLAMP inventory=0.006170 free=0.000017 final=0.000017
[07:00:05.388] [INFO] [EXEC] SELL CHECK inventory=0.006170 reported=0.000000 remaining=0.000017 chunks=1
[07:00:05.388] [INFO] [EXEC] SKIP MICRO SELL epsilon=0.000015
[07:00:05.388] [WARNING] [EXEC] SELL_QTY_CLAMP inventory=0.006170 free=0.000017 final=0.000017
[07:00:05.388] [OK] [PLAN] HOT entry=80995.01 exit=81003.80 profit=1.085213 age=750ms
[07:00:05.622] [WARNING] [EXEC] SELL_QTY_CLAMP inventory=0.006170 free=0.000017 final=0.000017
[07:00:05.622] [INFO] [EXEC] EXIT RECOVERY inventory_no_sell qty=0.006170
[07:00:06.151] [WARNING] [EXEC] SELL_QTY_CLAMP inventory=0.006170 free=0.000017 final=0.000017
[07:00:06.151] [INFO] [EXEC] SELL CHECK inventory=0.006170 reported=0.000000 remaining=0.000017 chunks=1
[07:00:06.151] [INFO] [EXEC] SKIP MICRO SELL epsilon=0.000015
[07:00:06.151] [WARNING] [EXEC] SELL_QTY_CLAMP inventory=0.006170 free=0.000017 final=0.000017
[07:00:06.151] [OK] [PLAN] READY entry=80996.06 exit=81001.32 profit=0.649400 age=1516ms
[07:00:06.370] [WARNING] [EXEC] SELL_QTY_CLAMP inventory=0.006170 free=0.000017 final=0.000017
[07:00:06.370] [INFO] [EXEC] EXIT RECOVERY inventory_no_sell qty=0.006170
[07:00:06.895] [WARNING] [EXEC] SELL_QTY_CLAMP inventory=0.006170 free=0.000017 final=0.000017
[07:00:06.895] [INFO] [EXEC] SELL CHECK inventory=0.006170 reported=0.000000 remaining=0.000017 chunks=1
[07:00:06.895] [INFO] [EXEC] SKIP MICRO SELL epsilon=0.000015
[07:00:06.895] [WARNING] [EXEC] SELL_QTY_CLAMP inventory=0.006170 free=0.000017 final=0.000017
[07:00:06.895] [OK] [PLAN] HOT entry=80997.12 exit=81008.99 profit=1.465470 age=2264ms
[07:00:07.122] [WARNING] [EXEC] SELL_QTY_CLAMP inventory=0.006170 free=0.000017 final=0.000017
[07:00:07.122] [INFO] [EXEC] EXIT RECOVERY inventory_no_sell qty=0.006170
[07:00:07.653] [WARNING] [EXEC] SELL_QTY_CLAMP inventory=0.006170 free=0.000017 final=0.000017
[07:00:07.653] [INFO] [EXEC] SELL CHECK inventory=0.006170 reported=0.000000 remaining=0.000017 chunks=1
[07:00:07.653] [INFO] [EXEC] SKIP MICRO SELL epsilon=0.000015
[07:00:07.653] [WARNING] [EXEC] SELL_QTY_CLAMP inventory=0.006170 free=0.000017 final=0.000017
[07:00:07.881] [INFO] [EXEC] EXIT RECOVERY inventory_no_sell qty=0.006170
[07:00:08.418] [WARNING] [EXEC] SELL_QTY_CLAMP inventory=0.006170 free=0.000017 final=0.000017
[07:00:08.418] [INFO] [EXEC] SELL CHECK inventory=0.006170 reported=0.000000 remaining=0.000017 chunks=1
[07:00:08.418] [INFO] [EXEC] SKIP MICRO SELL epsilon=0.000015
[07:00:08.418] [WARNING] [EXEC] SELL_QTY_CLAMP inventory=0.006170 free=0.000017 final=0.000017
[07:00:08.637] [INFO] [EXEC] EXIT RECOVERY inventory_no_sell qty=0.006170
[07:00:09.169] [WARNING] [EXEC] SELL_QTY_CLAMP inventory=0.006170 free=0.000017 final=0.000017
[07:00:09.169] [INFO] [EXEC] SELL CHECK inventory=0.006170 reported=0.000000 remaining=0.000017 chunks=1
[07:00:09.169] [INFO] [EXEC] SKIP MICRO SELL epsilon=0.000015
[07:00:09.169] [WARNING] [EXEC] SELL_QTY_CLAMP inventory=0.006170 free=0.000017 final=0.000017
[07:00:09.387] [INFO] [EXEC] EXIT RECOVERY inventory_no_sell qty=0.006170
[07:00:09.911] [WARNING] [EXEC] SELL_QTY_CLAMP inventory=0.006170 free=0.000017 final=0.000017
[07:00:09.911] [INFO] [EXEC] SELL CHECK inventory=0.006170 reported=0.000000 remaining=0.000017 chunks=1
[07:00:09.911] [INFO] [EXEC] SKIP MICRO SELL epsilon=0.000015
[07:00:09.911] [WARNING] [EXEC] SELL_QTY_CLAMP inventory=0.006170 free=0.000017 final=0.000017
[07:00:10.137] [INFO] [EXEC] EXIT RECOVERY inventory_no_sell qty=0.006170
[07:00:10.653] [WARNING] [EXEC] SELL_QTY_CLAMP inventory=0.006170 free=0.000017 final=0.000017
[07:00:10.668] [INFO] [EXEC] SELL CHECK inventory=0.006170 reported=0.000000 remaining=0.000017 chunks=1
[07:00:10.668] [INFO] [EXEC] SKIP MICRO SELL epsilon=0.000015
[07:00:10.668] [WARNING] [EXEC] SELL_QTY_CLAMP inventory=0.006170 free=0.000017 final=0.000017
[07:00:10.668] [OK] [PLAN] READY entry=80981.01 exit=80988.10 profit=0.875473 age=750ms
[07:00:10.886] [WARNING] [EXEC] SELL_QTY_CLAMP inventory=0.006170 free=0.000017 final=0.000017
[07:00:10.888] [INFO] [EXEC] EXIT RECOVERY inventory_no_sell qty=0.006170
[07:00:11.402] [WARNING] [EXEC] SELL_QTY_CLAMP inventory=0.006170 free=0.000017 final=0.000017
[07:00:11.402] [INFO] [EXEC] SELL CHECK inventory=0.006170 reported=0.000000 remaining=0.000017 chunks=1
[07:00:11.418] [INFO] [EXEC] SKIP MICRO SELL epsilon=0.000015
[07:00:11.418] [WARNING] [EXEC] SELL_QTY_CLAMP inventory=0.006170 free=0.000017 final=0.000017
[07:00:11.418] [OK] [PLAN] HOT entry=80981.01 exit=80988.76 profit=0.956970 age=1501ms
[07:00:11.637] [WARNING] [EXEC] SELL_QTY_CLAMP inventory=0.006170 free=0.000017 final=0.000017
[07:00:11.637] [INFO] [EXEC] EXIT RECOVERY inventory_no_sell qty=0.006170
[07:00:12.168] [WARNING] [EXEC] SELL_QTY_CLAMP inventory=0.006170 free=0.000017 final=0.000017
[07:00:12.168] [INFO] [EXEC] SELL CHECK inventory=0.006170 reported=0.000000 remaining=0.000017 chunks=1
[07:00:12.168] [INFO] [EXEC] SKIP MICRO SELL epsilon=0.000015
[07:00:12.168] [WARNING] [EXEC] SELL_QTY_CLAMP inventory=0.006170 free=0.000017 final=0.000017
[07:00:12.168] [OK] [PLAN] READY entry=80981.01 exit=80988.43 profit=0.916222 age=2250ms
[07:00:12.637] [WARNING] [EXEC] SELL_QTY_CLAMP inventory=0.006170 free=0.000017 final=0.000017
[07:00:12.637] [INFO] [EXEC] EXIT RECOVERY inventory_no_sell qty=0.006170
[07:00:13.159] [WARNING] [EXEC] SELL_QTY_CLAMP inventory=0.006170 free=0.000017 final=0.000017
[07:00:13.159] [INFO] [EXEC] SELL CHECK inventory=0.006170 reported=0.000000 remaining=0.000017 chunks=1
[07:00:13.159] [INFO] [EXEC] SKIP MICRO SELL epsilon=0.000015
[07:00:13.159] [WARNING] [EXEC] SELL_QTY_CLAMP inventory=0.006170 free=0.000017 final=0.000017
[07:00:13.393] [INFO] [EXEC] EXIT RECOVERY inventory_no_sell qty=0.006170
[07:00:13.925] [WARNING] [EXEC] SELL_QTY_CLAMP inventory=0.006170 free=0.000017 final=0.000017
[07:00:13.925] [INFO] [EXEC] SELL CHECK inventory=0.006170 reported=0.000000 remaining=0.000017 chunks=1
[07:00:13.925] [INFO] [EXEC] SKIP MICRO SELL epsilon=0.000015
[07:00:13.925] [WARNING] [EXEC] SELL_QTY_CLAMP inventory=0.006170 free=0.000017 final=0.000017
[07:00:13.925] [OK] [PLAN] HOT entry=80981.01 exit=80988.52 profit=0.927335 age=4006ms
[07:00:14.144] [WARNING] [EXEC] SELL_QTY_CLAMP inventory=0.006170 free=0.000017 final=0.000017
[07:00:14.144] [INFO] [EXEC] EXIT RECOVERY inventory_no_sell qty=0.006170
[07:00:14.675] [WARNING] [EXEC] SELL_QTY_CLAMP inventory=0.006170 free=0.000017 final=0.000017
[07:00:14.675] [INFO] [EXEC] SELL CHECK inventory=0.006170 reported=0.000000 remaining=0.000017 chunks=1
[07:00:14.675] [INFO] [EXEC] SKIP MICRO SELL epsilon=0.000015
[07:00:14.675] [WARNING] [EXEC] SELL_QTY_CLAMP inventory=0.006170 free=0.000017 final=0.000017
[07:00:14.675] [OK] [PLAN] READY entry=80981.01 exit=80988.02 profit=0.865595 age=4757ms
[07:00:14.885] [WARNING] [EXEC] SELL_QTY_CLAMP inventory=0.006170 free=0.000017 final=0.000017
[07:00:14.886] [INFO] [EXEC] EXIT RECOVERY inventory_no_sell qty=0.006170
[07:00:15.409] [WARNING] [EXEC] SELL_QTY_CLAMP inventory=0.006170 free=0.000017 final=0.000017
[07:00:15.409] [INFO] [EXEC] SELL CHECK inventory=0.006170 reported=0.000000 remaining=0.000017 chunks=1
[07:00:15.409] [INFO] [EXEC] SKIP MICRO SELL epsilon=0.000015
[07:00:15.424] [WARNING] [EXEC] SELL_QTY_CLAMP inventory=0.006170 free=0.000017 final=0.000017
[07:00:15.643] [INFO] [EXEC] EXIT RECOVERY inventory_no_sell qty=0.006170
[07:00:16.659] [WARNING] [EXEC] SELL_QTY_CLAMP inventory=0.006170 free=0.000017 final=0.000017
[07:00:16.659] [INFO] [EXEC] SELL CHECK inventory=0.006170 reported=0.000000 remaining=0.000017 chunks=1
[07:00:16.659] [INFO] [EXEC] SKIP MICRO SELL epsilon=0.000015
[07:00:16.659] [WARNING] [EXEC] SELL_QTY_CLAMP inventory=0.006170 free=0.000017 final=0.000017
[07:00:16.887] [INFO] [EXEC] EXIT RECOVERY inventory_no_sell qty=0.006170
[07:00:17.440] [WARNING] [EXEC] SELL_QTY_CLAMP inventory=0.006170 free=0.000017 final=0.000017
[07:00:17.440] [INFO] [EXEC] SELL CHECK inventory=0.006170 reported=0.000000 remaining=0.000017 chunks=1
[07:00:17.440] [INFO] [EXEC] SKIP MICRO SELL epsilon=0.000015
[07:00:17.440] [WARNING] [EXEC] SELL_QTY_CLAMP inventory=0.006170 free=0.000017 final=0.000017
[07:00:17.659] [INFO] [EXEC] EXIT RECOVERY inventory_no_sell qty=0.006170
[07:00:18.190] [WARNING] [EXEC] SELL_QTY_CLAMP inventory=0.006170 free=0.000017 final=0.000017
[07:00:18.190] [INFO] [EXEC] SELL CHECK inventory=0.006170 reported=0.000000 remaining=0.000017 chunks=1
[07:00:18.190] [INFO] [EXEC] SKIP MICRO SELL epsilon=0.000015
[07:00:18.190] [WARNING] [EXEC] SELL_QTY_CLAMP inventory=0.006170 free=0.000017 final=0.000017
[07:00:18.409] [INFO] [EXEC] EXIT RECOVERY inventory_no_sell qty=0.006170
[07:00:18.923] [WARNING] [EXEC] SELL_QTY_CLAMP inventory=0.006170 free=0.000017 final=0.000017
[07:00:18.923] [INFO] [EXEC] SELL CHECK inventory=0.006170 reported=0.000000 remaining=0.000017 chunks=1
[07:00:18.923] [INFO] [EXEC] SKIP MICRO SELL epsilon=0.000015
[07:00:18.923] [WARNING] [EXEC] SELL_QTY_CLAMP inventory=0.006170 free=0.000017 final=0.000017
[07:00:19.159] [INFO] [EXEC] EXIT RECOVERY inventory_no_sell qty=0.006170
[07:00:19.690] [WARNING] [EXEC] SELL_QTY_CLAMP inventory=0.006170 free=0.000017 final=0.000017
[07:00:19.690] [INFO] [EXEC] SELL CHECK inventory=0.006170 reported=0.000000 remaining=0.000017 chunks=1
[07:00:19.690] [INFO] [EXEC] SKIP MICRO SELL epsilon=0.000015
[07:00:19.690] [WARNING] [EXEC] SELL_QTY_CLAMP inventory=0.006170 free=0.000017 final=0.000017
[07:00:19.909] [INFO] [EXEC] EXIT RECOVERY inventory_no_sell qty=0.006170
[07:00:20.424] [WARNING] [EXEC] SELL_QTY_CLAMP inventory=0.006170 free=0.000017 final=0.000017
[07:00:20.424] [INFO] [EXEC] SELL CHECK inventory=0.006170 reported=0.000000 remaining=0.000017 chunks=1
[07:00:20.439] [INFO] [EXEC] SKIP MICRO SELL epsilon=0.000015
[07:00:20.439] [WARNING] [EXEC] SELL_QTY_CLAMP inventory=0.006170 free=0.000017 final=0.000017
[07:00:20.658] [INFO] [EXEC] EXIT RECOVERY inventory_no_sell qty=0.006170
[07:00:21.205] [WARNING] [EXEC] SELL_QTY_CLAMP inventory=0.006170 free=0.000017 final=0.000017
[07:00:21.221] [INFO] [EXEC] SELL CHECK inventory=0.006170 reported=0.000000 remaining=0.000017 chunks=1
[07:00:21.221] [INFO] [EXEC] SKIP MICRO SELL epsilon=0.000015
[07:00:21.221] [WARNING] [EXEC] SELL_QTY_CLAMP inventory=0.006170 free=0.000017 final=0.000017
[07:00:21.221] [OK] [PLAN] HOT entry=80998.43 exit=81006.35 profit=0.977724 age=749ms
[07:00:21.408] [WARNING] [EXEC] SELL_QTY_CLAMP inventory=0.006170 free=0.000017 final=0.000017
[07:00:21.408] [INFO] [EXEC] EXIT RECOVERY inventory_no_sell qty=0.006170
[07:00:21.992] [WARNING] [EXEC] SELL_QTY_CLAMP inventory=0.006170 free=0.000017 final=0.000017
[07:00:21.992] [INFO] [EXEC] SELL CHECK inventory=0.006170 reported=0.000000 remaining=0.000017 chunks=1
[07:00:21.992] [INFO] [EXEC] SKIP MICRO SELL epsilon=0.000015
[07:00:21.992] [WARNING] [EXEC] SELL_QTY_CLAMP inventory=0.006170 free=0.000017 final=0.000017
[07:00:22.408] [INFO] [EXEC] EXIT RECOVERY inventory_no_sell qty=0.006170
[07:00:22.924] [WARNING] [EXEC] SELL_QTY_CLAMP inventory=0.006170 free=0.000017 final=0.000017
[07:00:22.940] [INFO] [EXEC] SELL CHECK inventory=0.006170 reported=0.000000 remaining=0.000017 chunks=1
[07:00:22.940] [INFO] [EXEC] SKIP MICRO SELL epsilon=0.000015
[07:00:22.940] [WARNING] [EXEC] SELL_QTY_CLAMP inventory=0.006170 free=0.000017 final=0.000017
[07:00:23.158] [INFO] [EXEC] EXIT RECOVERY inventory_no_sell qty=0.006170
[07:00:23.673] [WARNING] [EXEC] SELL_QTY_CLAMP inventory=0.006170 free=0.000017 final=0.000017
[07:00:23.689] [INFO] [EXEC] SELL CHECK inventory=0.006170 reported=0.000000 remaining=0.000017 chunks=1
[07:00:23.689] [INFO] [EXEC] SKIP MICRO SELL epsilon=0.000015
[07:00:23.689] [WARNING] [EXEC] SELL_QTY_CLAMP inventory=0.006170 free=0.000017 final=0.000017
[07:00:23.909] [INFO] [EXEC] EXIT RECOVERY inventory_no_sell qty=0.006170
[07:00:24.455] [WARNING] [EXEC] SELL_QTY_CLAMP inventory=0.006170 free=0.000017 final=0.000017
[07:00:24.455] [INFO] [EXEC] SELL CHECK inventory=0.006170 reported=0.000000 remaining=0.000017 chunks=1
[07:00:24.455] [INFO] [EXEC] SKIP MICRO SELL epsilon=0.000015
[07:00:24.455] [WARNING] [EXEC] SELL_QTY_CLAMP inventory=0.006170 free=0.000017 final=0.000017
[07:00:24.658] [INFO] [EXEC] EXIT RECOVERY inventory_no_sell qty=0.006170
[07:00:25.174] [WARNING] [EXEC] SELL_QTY_CLAMP inventory=0.006170 free=0.000017 final=0.000017
[07:00:25.174] [INFO] [EXEC] SELL CHECK inventory=0.006170 reported=0.000000 remaining=0.000017 chunks=1
[07:00:25.174] [INFO] [EXEC] SKIP MICRO SELL epsilon=0.000015
[07:00:25.174] [WARNING] [EXEC] SELL_QTY_CLAMP inventory=0.006170 free=0.000017 final=0.000017
[07:00:25.408] [INFO] [EXEC] EXIT RECOVERY inventory_no_sell qty=0.006170
[07:00:25.924] [WARNING] [EXEC] SELL_QTY_CLAMP inventory=0.006170 free=0.000017 final=0.000017
[07:00:25.924] [INFO] [EXEC] SELL CHECK inventory=0.006170 reported=0.000000 remaining=0.000017 chunks=1
[07:00:25.924] [INFO] [EXEC] SKIP MICRO SELL epsilon=0.000015
[07:00:25.940] [WARNING] [EXEC] SELL_QTY_CLAMP inventory=0.006170 free=0.000017 final=0.000017
[07:00:26.158] [INFO] [EXEC] EXIT RECOVERY inventory_no_sell qty=0.006170
[07:00:26.673] [WARNING] [EXEC] SELL_QTY_CLAMP inventory=0.006170 free=0.000017 final=0.000017
[07:00:26.673] [INFO] [EXEC] SELL CHECK inventory=0.006170 reported=0.000000 remaining=0.000017 chunks=1
[07:00:26.673] [INFO] [EXEC] SKIP MICRO SELL epsilon=0.000015
[07:00:26.689] [WARNING] [EXEC] SELL_QTY_CLAMP inventory=0.006170 free=0.000017 final=0.000017
[07:00:26.908] [INFO] [EXEC] EXIT RECOVERY inventory_no_sell qty=0.006170
[07:00:27.423] [WARNING] [EXEC] SELL_QTY_CLAMP inventory=0.006170 free=0.000017 final=0.000017
[07:00:27.438] [INFO] [EXEC] SELL CHECK inventory=0.006170 reported=0.000000 remaining=0.000017 chunks=1
[07:00:27.438] [INFO] [EXEC] SKIP MICRO SELL epsilon=0.000015
[07:00:27.438] [WARNING] [EXEC] SELL_QTY_CLAMP inventory=0.006170 free=0.000017 final=0.000017
[07:00:27.657] [INFO] [EXEC] EXIT RECOVERY inventory_no_sell qty=0.006170
[07:00:28.205] [WARNING] [EXEC] SELL_QTY_CLAMP inventory=0.006170 free=0.000017 final=0.000017
[07:00:28.205] [INFO] [EXEC] SELL CHECK inventory=0.006170 reported=0.000000 remaining=0.000017 chunks=1
[07:00:28.205] [INFO] [EXEC] SKIP MICRO SELL epsilon=0.000015
[07:00:28.205] [WARNING] [EXEC] SELL_QTY_CLAMP inventory=0.006170 free=0.000017 final=0.000017
[07:00:28.408] [INFO] [EXEC] EXIT RECOVERY inventory_no_sell qty=0.006170
[07:00:28.924] [WARNING] [EXEC] SELL_QTY_CLAMP inventory=0.006170 free=0.000017 final=0.000017
[07:00:28.924] [INFO] [EXEC] SELL CHECK inventory=0.006170 reported=0.000000 remaining=0.000017 chunks=1
[07:00:28.924] [INFO] [EXEC] SKIP MICRO SELL epsilon=0.000015
[07:00:28.939] [WARNING] [EXEC] SELL_QTY_CLAMP inventory=0.006170 free=0.000017 final=0.000017
[07:00:29.157] [INFO] [EXEC] EXIT RECOVERY inventory_no_sell qty=0.006170
[07:00:29.672] [WARNING] [EXEC] SELL_QTY_CLAMP inventory=0.006170 free=0.000017 final=0.000017
[07:00:29.688] [INFO] [EXEC] SELL CHECK inventory=0.006170 reported=0.000000 remaining=0.000017 chunks=1
[07:00:29.688] [INFO] [EXEC] SKIP MICRO SELL epsilon=0.000015
[07:00:29.688] [WARNING] [EXEC] SELL_QTY_CLAMP inventory=0.006170 free=0.000017 final=0.000017
[07:00:29.908] [INFO] [EXEC] EXIT RECOVERY inventory_no_sell qty=0.006170
[07:00:30.437] [WARNING] [EXEC] SELL_QTY_CLAMP inventory=0.006170 free=0.000017 final=0.000017
[07:00:30.437] [INFO] [EXEC] SELL CHECK inventory=0.006170 reported=0.000000 remaining=0.000017 chunks=1
[07:00:30.437] [INFO] [EXEC] SKIP MICRO SELL epsilon=0.000015
[07:00:30.437] [WARNING] [EXEC] SELL_QTY_CLAMP inventory=0.006170 free=0.000017 final=0.000017
[07:00:30.656] [INFO] [EXEC] EXIT RECOVERY inventory_no_sell qty=0.006170
[07:00:31.656] [WARNING] [EXEC] SELL_QTY_CLAMP inventory=0.006170 free=0.000017 final=0.000017
[07:00:31.656] [INFO] [EXEC] SELL CHECK inventory=0.006170 reported=0.000000 remaining=0.000017 chunks=1
[07:00:31.656] [INFO] [EXEC] SKIP MICRO SELL epsilon=0.000015
[07:00:31.656] [WARNING] [EXEC] SELL_QTY_CLAMP inventory=0.006170 free=0.000017 final=0.000017
[07:00:31.969] [INFO] [EXEC] EXIT RECOVERY inventory_no_sell qty=0.006170
[07:00:32.976] [WARNING] [EXEC] SELL_QTY_CLAMP inventory=0.006170 free=0.000017 final=0.000017
[07:00:32.976] [INFO] [EXEC] SELL CHECK inventory=0.006170 reported=0.000000 remaining=0.000017 chunks=1
[07:00:32.981] [INFO] [EXEC] SKIP MICRO SELL epsilon=0.000015
[07:00:32.981] [WARNING] [EXEC] SELL_QTY_CLAMP inventory=0.006170 free=0.000017 final=0.000017
[07:00:33.157] [INFO] [EXEC] EXIT RECOVERY inventory_no_sell qty=0.006170
[07:00:33.672] [WARNING] [EXEC] SELL_QTY_CLAMP inventory=0.006170 free=0.000017 final=0.000017
[07:00:33.688] [INFO] [EXEC] SELL CHECK inventory=0.006170 reported=0.000000 remaining=0.000017 chunks=1
[07:00:33.688] [INFO] [EXEC] SKIP MICRO SELL epsilon=0.000015
[07:00:33.688] [WARNING] [EXEC] SELL_QTY_CLAMP inventory=0.006170 free=0.000017 final=0.000017
[07:00:33.908] [INFO] [EXEC] EXIT RECOVERY inventory_no_sell qty=0.006170
[07:00:34.453] [WARNING] [EXEC] SELL_QTY_CLAMP inventory=0.006170 free=0.000017 final=0.000017
[07:00:34.453] [INFO] [EXEC] SELL CHECK inventory=0.006170 reported=0.000000 remaining=0.000017 chunks=1
[07:00:34.453] [INFO] [EXEC] SKIP MICRO SELL epsilon=0.000015
[07:00:34.453] [WARNING] [EXEC] SELL_QTY_CLAMP inventory=0.006170 free=0.000017 final=0.000017
[07:00:34.656] [INFO] [EXEC] EXIT RECOVERY inventory_no_sell qty=0.006170
[07:00:35.203] [WARNING] [EXEC] SELL_QTY_CLAMP inventory=0.006170 free=0.000017 final=0.000017
[07:00:35.203] [INFO] [EXEC] SELL CHECK inventory=0.006170 reported=0.000000 remaining=0.000017 chunks=1
[07:00:35.219] [INFO] [EXEC] SKIP MICRO SELL epsilon=0.000015
[07:00:35.219] [WARNING] [EXEC] SELL_QTY_CLAMP inventory=0.006170 free=0.000017 final=0.000017
[07:00:35.422] [INFO] [EXEC] EXIT RECOVERY inventory_no_sell qty=0.006170
[07:00:35.939] [WARNING] [EXEC] SELL_QTY_CLAMP inventory=0.006170 free=0.000017 final=0.000017
[07:00:35.954] [INFO] [EXEC] SELL CHECK inventory=0.006170 reported=0.000000 remaining=0.000017 chunks=1
[07:00:35.954] [INFO] [EXEC] SKIP MICRO SELL epsilon=0.000015
[07:00:35.954] [WARNING] [EXEC] SELL_QTY_CLAMP inventory=0.006170 free=0.000017 final=0.000017
[07:00:36.171] [INFO] [EXEC] EXIT RECOVERY inventory_no_sell qty=0.006170
[07:00:36.687] [WARNING] [EXEC] SELL_QTY_CLAMP inventory=0.006170 free=0.000017 final=0.000017
[07:00:36.702] [INFO] [EXEC] SELL CHECK inventory=0.006170 reported=0.000000 remaining=0.000017 chunks=1
[07:00:36.702] [INFO] [EXEC] SKIP MICRO SELL epsilon=0.000015
[07:00:36.702] [WARNING] [EXEC] SELL_QTY_CLAMP inventory=0.006170 free=0.000017 final=0.000017
[07:00:36.923] [INFO] [EXEC] EXIT RECOVERY inventory_no_sell qty=0.006170
[07:00:37.453] [WARNING] [EXEC] SELL_QTY_CLAMP inventory=0.006170 free=0.000017 final=0.000017
[07:00:37.453] [INFO] [EXEC] SELL CHECK inventory=0.006170 reported=0.000000 remaining=0.000017 chunks=1
[07:00:37.453] [INFO] [EXEC] SKIP MICRO SELL epsilon=0.000015
[07:00:37.453] [WARNING] [EXEC] SELL_QTY_CLAMP inventory=0.006170 free=0.000017 final=0.000017
[07:00:37.672] [INFO] [EXEC] EXIT RECOVERY inventory_no_sell qty=0.006170
[07:00:38.187] [WARNING] [EXEC] SELL_QTY_CLAMP inventory=0.006170 free=0.000017 final=0.000017
[07:00:38.187] [INFO] [EXEC] SELL CHECK inventory=0.006170 reported=0.000000 remaining=0.000017 chunks=1
[07:00:38.203] [INFO] [EXEC] SKIP MICRO SELL epsilon=0.000015
[07:00:38.203] [WARNING] [EXEC] SELL_QTY_CLAMP inventory=0.006170 free=0.000017 final=0.000017
[07:00:38.422] [INFO] [EXEC] EXIT RECOVERY inventory_no_sell qty=0.006170
[07:00:38.938] [WARNING] [EXEC] SELL_QTY_CLAMP inventory=0.006170 free=0.000017 final=0.000017
[07:00:38.938] [INFO] [EXEC] SELL CHECK inventory=0.006170 reported=0.000000 remaining=0.000017 chunks=1
[07:00:38.953] [INFO] [EXEC] SKIP MICRO SELL epsilon=0.000015
[07:00:38.959] [WARNING] [EXEC] SELL_QTY_CLAMP inventory=0.006170 free=0.000017 final=0.000017
[07:00:38.960] [OK] [PLAN] READY entry=80987.51 exit=80993.81 profit=0.777861 age=750ms
[07:00:39.172] [WARNING] [EXEC] SELL_QTY_CLAMP inventory=0.006170 free=0.000017 final=0.000017
[07:00:39.172] [INFO] [EXEC] EXIT RECOVERY inventory_no_sell qty=0.006170
[07:00:39.734] [WARNING] [EXEC] SELL_QTY_CLAMP inventory=0.006170 free=0.000017 final=0.000017
[07:00:39.734] [INFO] [EXEC] SELL CHECK inventory=0.006170 reported=0.000000 remaining=0.000017 chunks=1
[07:00:39.734] [INFO] [EXEC] SKIP MICRO SELL epsilon=0.000015
[07:00:39.734] [WARNING] [EXEC] SELL_QTY_CLAMP inventory=0.006170 free=0.000017 final=0.000017
[07:00:39.920] [INFO] [EXEC] EXIT RECOVERY inventory_no_sell qty=0.006170
[07:00:40.437] [WARNING] [EXEC] SELL_QTY_CLAMP inventory=0.006170 free=0.000017 final=0.000017
[07:00:40.452] [INFO] [EXEC] SELL CHECK inventory=0.006170 reported=0.000000 remaining=0.000017 chunks=1
[07:00:40.452] [INFO] [EXEC] SKIP MICRO SELL epsilon=0.000015
[07:00:40.452] [WARNING] [EXEC] SELL_QTY_CLAMP inventory=0.006170 free=0.000017 final=0.000017
[07:00:40.671] [INFO] [EXEC] EXIT RECOVERY inventory_no_sell qty=0.006170
[07:00:41.186] [WARNING] [EXEC] SELL_QTY_CLAMP inventory=0.006170 free=0.000017 final=0.000017
[07:00:41.201] [INFO] [EXEC] SELL CHECK inventory=0.006170 reported=0.000000 remaining=0.000017 chunks=1
[07:00:41.201] [INFO] [EXEC] SKIP MICRO SELL epsilon=0.000015
[07:00:41.201] [WARNING] [EXEC] SELL_QTY_CLAMP inventory=0.006170 free=0.000017 final=0.000017
[07:00:41.420] [INFO] [EXEC] EXIT RECOVERY inventory_no_sell qty=0.006170
[07:00:41.954] [WARNING] [EXEC] SELL_QTY_CLAMP inventory=0.006170 free=0.000017 final=0.000017
[07:00:41.954] [INFO] [EXEC] SELL CHECK inventory=0.006170 reported=0.000000 remaining=0.000017 chunks=1
[07:00:41.958] [INFO] [EXEC] SKIP MICRO SELL epsilon=0.000015
[07:00:41.959] [WARNING] [EXEC] SELL_QTY_CLAMP inventory=0.006170 free=0.000017 final=0.000017
[07:00:42.421] [INFO] [EXEC] EXIT RECOVERY inventory_no_sell qty=0.006170
[07:00:42.959] [WARNING] [EXEC] SELL_QTY_CLAMP inventory=0.006170 free=0.000017 final=0.000017
[07:00:42.960] [INFO] [EXEC] SELL CHECK inventory=0.006170 reported=0.000000 remaining=0.000017 chunks=1
[07:00:42.966] [INFO] [EXEC] SKIP MICRO SELL epsilon=0.000015
[07:00:42.966] [WARNING] [EXEC] SELL_QTY_CLAMP inventory=0.006170 free=0.000017 final=0.000017
[07:00:43.171] [INFO] [EXEC] EXIT RECOVERY inventory_no_sell qty=0.006170
[07:00:43.702] [WARNING] [EXEC] SELL_QTY_CLAMP inventory=0.006170 free=0.000017 final=0.000017
[07:00:43.702] [INFO] [EXEC] SELL CHECK inventory=0.006170 reported=0.000000 remaining=0.000017 chunks=1
[07:00:43.702] [INFO] [EXEC] SKIP MICRO SELL epsilon=0.000015
[07:00:43.702] [WARNING] [EXEC] SELL_QTY_CLAMP inventory=0.006170 free=0.000017 final=0.000017
[07:00:43.922] [INFO] [EXEC] EXIT RECOVERY inventory_no_sell qty=0.006170
[07:00:44.922] [WARNING] [EXEC] SELL_QTY_CLAMP inventory=0.006170 free=0.000017 final=0.000017
[07:00:44.922] [INFO] [EXEC] SELL CHECK inventory=0.006170 reported=0.000000 remaining=0.000017 chunks=1
[07:00:44.922] [INFO] [EXEC] SKIP MICRO SELL epsilon=0.000015
[07:00:44.922] [WARNING] [EXEC] SELL_QTY_CLAMP inventory=0.006170 free=0.000017 final=0.000017
[07:00:45.171] [INFO] [EXEC] EXIT RECOVERY inventory_no_sell qty=0.006170
[07:00:45.702] [INFO] [EXEC] SELL CHECK inventory=0.006170 reported=0.000000 remaining=0.006160 chunks=1
[07:00:45.702] [OK] [EXEC] PLACE SELL price=81017.55 qty=0.006160
[07:00:45.972] [OK] [EXEC] SELL ORDER SENT orderId=384683870
[07:00:50.083] [WARNING] [EXEC] BLOCK reason=balance_low
[07:00:51.590] [WARNING] [EXEC] PANIC WAIT still_open orderId=384683870
[07:00:52.638] [WARNING] [EXEC] PANIC ESCALATE placed orderId=384684099 step=1
[07:00:53.592] [OK] [SYNC] order filled detected
[07:00:53.592] [OK] [SYNC] SELL filled on exchange
[07:00:53.592] [OK] [EXEC] FIFO CLOSE qty=0.006160 entry=81017.52 exit=80986.82 pnl=-0.189112
[07:00:53.607] [INFO] [EXEC] CHUNK DRAINED
[07:00:53.607] [OK] [EXEC] REALIZED pnl=-0.189112
[07:00:53.607] [INFO] [EXEC] SELL ACCOUNTING RESET flat
[07:00:53.607] [OK] [EXEC] CYCLE CLOSED pnl=-1.041447
[07:00:53.607] [INFO] [EXEC] SESSION realized=-3.489729 wins=0 losses=3
[07:00:57.945] [WARNING] [EXEC] BLOCK reason=balance_low
[07:12:36.063] [INFO] START_CLICK received enabled=True api_ready=True running=True
[07:12:36.356] [WARNING] cancel all requested
[07:12:36.356] [WARNING] [EXEC] BALANCE_EXTERNAL_BTC free=0.000007 locked=0.469000
[07:12:36.356] [INFO] [EXEC] SELL ACCOUNTING RESET reconcile_stop
[07:12:36.356] [INFO] [EXEC] RECONCILE_FLAT reason=inventory_empty_safe_qty_zero
[07:12:36.372] [WARNING] STOP
