[11:32:08.085] [OK] filters loaded
[11:32:08.087] [INFO] GUI_PERF tick_ms=0 logs_visible=False gui_log_mode=OFF append_skipped=0
[11:32:08.464] [INFO] [EXEC] STREAM_OWNERSHIP_SUMMARY streams_total=0 wait_buy=0 buy_placed=0 sell_active=0 exiting=0 recycle=0 chunks_total=0 stream_chunks=0 orphan_chunks=0 inventory_qty=0.000000 stream_inventory_qty=0.000000 orphan_inventory_qty=0.000000
[11:32:08.479] [INFO] [EXEC] STREAM_STATS_UI cycles=0 wins=0 losses=0 pnl=+0.000000 winrate=0.00%
[11:32:10.079] [INFO] [EXEC] STREAM_OWNERSHIP_SUMMARY streams_total=0 wait_buy=0 buy_placed=0 sell_active=0 exiting=0 recycle=0 chunks_total=0 stream_chunks=0 orphan_chunks=0 inventory_qty=0.000000 stream_inventory_qty=0.000000 orphan_inventory_qty=0.000000
[11:32:10.082] [INFO] GUI_PERF tick_ms=0 logs_visible=False gui_log_mode=OFF append_skipped=3
[11:32:10.240] [INFO] START_CLICK received enabled=True api_ready=True running=False
[11:32:10.241] [INFO] START_SETTINGS live_enabled=True guard_mode=FAST entry_mode=AGGRESSIVE exit_engine=True order_size=15.0
[11:32:10.242] [INFO] START_PROFILE_STREAM order_size=15.0 min_spread_ticks=8 guard_mode=FAST entry_mode=AGGRESSIVE stream_sell_timeout_ms=2800 stream_target_ticks=28
[11:32:10.242] [INFO] SETTINGS_MERGE_PRESERVE existing_values=true missing_added=0
[11:32:10.747] [EXCHANGE] symbol=BTCU base=BTC quote=U status=TRADING permissions=[]
[11:32:10.750] [OK] START
[11:32:10.751] [OK] START_OK runtime_started
[11:32:10.751] [INFO] [EXEC] STREAM_CONVEYOR_ACTIVE count=20
[11:32:10.752] [INFO] [EXEC] STREAM_MULTI_MODE count=20
[11:32:10.752] [INFO] [EXEC] STREAM_CONVEYOR_ACTIVE count=20 range_ticks=100 step_ticks=5
[11:32:10.752] [INFO] [EXEC] STREAM_BUDGET_SOURCE source=order_size_u order_size_u=15.00
[11:32:10.753] [INFO] [EXEC] STREAM_CREATE stream_id=1 buy_price=79336.86000000 budget=15.00 qty=0.00018000
[11:32:10.753] [INFO] [EXEC] STREAM_WAIT_START stream_id=1 start_at_ms=1778758330752
[11:32:10.753] [INFO] [EXEC] STREAM_CREATE stream_id=2 buy_price=79336.81000000 budget=15.00 qty=0.00018000
[11:32:10.754] [INFO] [EXEC] STREAM_WAIT_START stream_id=2 start_at_ms=1778758331052
[11:32:10.754] [INFO] [EXEC] STREAM_CREATE stream_id=3 buy_price=79336.76000000 budget=15.00 qty=0.00018000
[11:32:10.755] [INFO] [EXEC] STREAM_WAIT_START stream_id=3 start_at_ms=1778758331352
[11:32:10.755] [INFO] [EXEC] STREAM_CREATE stream_id=4 buy_price=79336.71000000 budget=15.00 qty=0.00018000
[11:32:10.755] [INFO] [EXEC] STREAM_WAIT_START stream_id=4 start_at_ms=1778758331652
[11:32:10.756] [INFO] [EXEC] STREAM_CREATE stream_id=5 buy_price=79336.66000000 budget=15.00 qty=0.00018000
[11:32:10.756] [INFO] [EXEC] STREAM_WAIT_START stream_id=5 start_at_ms=1778758331952
[11:32:10.756] [INFO] [EXEC] STREAM_CREATE stream_id=6 buy_price=79336.61000000 budget=15.00 qty=0.00018000
[11:32:10.757] [INFO] [EXEC] STREAM_WAIT_START stream_id=6 start_at_ms=1778758332252
[11:32:10.757] [INFO] [EXEC] STREAM_CREATE stream_id=7 buy_price=79336.56000000 budget=15.00 qty=0.00018000
[11:32:10.757] [INFO] [EXEC] STREAM_WAIT_START stream_id=7 start_at_ms=1778758332552
[11:32:10.757] [INFO] [EXEC] STREAM_CREATE stream_id=8 buy_price=79336.51000000 budget=15.00 qty=0.00018000
[11:32:10.758] [INFO] [EXEC] STREAM_WAIT_START stream_id=8 start_at_ms=1778758332852
[11:32:10.758] [INFO] [EXEC] STREAM_CREATE stream_id=9 buy_price=79336.46000000 budget=15.00 qty=0.00018000
[11:32:10.758] [INFO] [EXEC] STREAM_WAIT_START stream_id=9 start_at_ms=1778758333152
[11:32:10.759] [INFO] [EXEC] STREAM_CREATE stream_id=10 buy_price=79336.41000000 budget=15.00 qty=0.00018000
[11:32:10.759] [INFO] [EXEC] STREAM_WAIT_START stream_id=10 start_at_ms=1778758333452
[11:32:10.759] [INFO] [EXEC] STREAM_CREATE stream_id=11 buy_price=79336.36000000 budget=15.00 qty=0.00018000
[11:32:10.759] [INFO] [EXEC] STREAM_WAIT_START stream_id=11 start_at_ms=1778758333752
[11:32:10.760] [INFO] [EXEC] STREAM_CREATE stream_id=12 buy_price=79336.31000000 budget=15.00 qty=0.00018000
[11:32:10.760] [INFO] [EXEC] STREAM_WAIT_START stream_id=12 start_at_ms=1778758334052
[11:32:10.760] [INFO] [EXEC] STREAM_CREATE stream_id=13 buy_price=79336.26000000 budget=15.00 qty=0.00018000
[11:32:10.761] [INFO] [EXEC] STREAM_WAIT_START stream_id=13 start_at_ms=1778758334352
[11:32:10.761] [INFO] [EXEC] STREAM_CREATE stream_id=14 buy_price=79336.21000000 budget=15.00 qty=0.00018000
[11:32:10.761] [INFO] [EXEC] STREAM_WAIT_START stream_id=14 start_at_ms=1778758334652
[11:32:10.762] [INFO] [EXEC] STREAM_CREATE stream_id=15 buy_price=79336.16000000 budget=15.00 qty=0.00018000
[11:32:10.762] [INFO] [EXEC] STREAM_WAIT_START stream_id=15 start_at_ms=1778758334952
[11:32:10.763] [INFO] [EXEC] STREAM_CREATE stream_id=16 buy_price=79336.11000000 budget=15.00 qty=0.00018000
[11:32:10.763] [INFO] [EXEC] STREAM_WAIT_START stream_id=16 start_at_ms=1778758335252
[11:32:10.763] [INFO] [EXEC] STREAM_CREATE stream_id=17 buy_price=79336.06000000 budget=15.00 qty=0.00018000
[11:32:10.763] [INFO] [EXEC] STREAM_WAIT_START stream_id=17 start_at_ms=1778758335552
[11:32:10.764] [INFO] [EXEC] STREAM_CREATE stream_id=18 buy_price=79336.01000000 budget=15.00 qty=0.00018000
[11:32:10.764] [INFO] [EXEC] STREAM_WAIT_START stream_id=18 start_at_ms=1778758335852
[11:32:10.764] [INFO] [EXEC] STREAM_CREATE stream_id=19 buy_price=79335.96000000 budget=15.00 qty=0.00018000
[11:32:10.765] [INFO] [EXEC] STREAM_WAIT_START stream_id=19 start_at_ms=1778758336152
[11:32:10.765] [INFO] [EXEC] STREAM_CREATE stream_id=20 buy_price=79335.91000000 budget=15.00 qty=0.00018000
[11:32:10.765] [INFO] [EXEC] STREAM_WAIT_START stream_id=20 start_at_ms=1778758336452
[11:32:10.765] [INFO] [EXEC] STREAM_ACTIVATED stream_id=1 at_ms=1778758330752
[11:32:10.766] [INFO] [EXEC] STREAM_CREATE_DONE count=20 budget_per_level=15.00 step_ticks=5
[11:32:11.491] [INFO] [EXEC] LIVE ON
[11:32:11.492] [INFO] GUI_PERF tick_ms=0 logs_visible=False gui_log_mode=OFF append_skipped=57
[11:32:11.493] [INFO] [EXEC] WAIT READY
[11:32:11.494] [WARNING] [HEALTH] block spread_too_young lifetime=0
[11:32:11.494] [WARNING] [HEALTH] unstable_spread lifetime=0
[11:32:11.495] [INFO] [EXEC] STREAM_SHUTDOWN_STATE active=false reason=runtime_tick
[11:32:11.495] [INFO] [EXEC] STREAM_MODE_ACTIVE_SKIP_SINGLE_ENTRY
[11:32:11.495] [INFO] [EXEC] STREAM_ACTIVATED stream_id=2 at_ms=1778758331490
[11:32:11.495] [INFO] [EXEC] STREAM_ACTIVATED stream_id=3 at_ms=1778758331490
[11:32:11.496] [INFO] [EXEC] STREAM_SWARM_STATE wait_start=17 wait_buy=3 buy_placed=0 sell_active=0 recycle=0 active_buys=0 active_sells=0
[11:32:11.496] [INFO] [EXEC] STREAM_BUY_CAPACITY active_buys=0 active_sells=0 waiting_streams=3 max_active_buys=10 free_buy_slots=10 batch_size=1
[11:32:12.022] [INFO] [EXEC] STREAM_BUY_PLACED level_id=1 order_id=391904527
[11:32:12.023] [OK] [EXEC] PLACE BUY price=79336.86 qty=0.000180
[11:32:12.024] [INFO] [EXEC] STREAM_PLACEMENT_TICK active_buys=1 active_sells=0 waiting_streams=3 free_buy_slots=10 placed=1
[11:32:12.025] [INFO] [EXEC] STREAM_CONCURRENCY_STATE buys=1 sells=0 waiting=3 inventory_u=0.00 exposure_u=0.00 buy_allowed=true reason=none
[11:32:12.026] [WS] primary url=wss://stream.binance.com:9443/ws/btcu@bookTicker
[11:32:12.028] [WS] connecting primary
[11:32:12.030] [WS] connected
[11:32:12.669] [INFO] [EXEC] STREAM_BUY_FILLED level_id=1
[11:32:12.670] [INFO] GUI_PERF tick_ms=0 logs_visible=False gui_log_mode=OFF append_skipped=74
[11:32:12.671] [INFO] [EXEC] STREAM_SIGNAL_BUY_FILL stream_id=1 fill_price=79336.86000000 effect=log_only
[11:32:12.671] [OK] [EXEC] CHUNK ADD qty=0.000180 entry=79336.86
[11:32:12.672] [INFO] [EXEC] CHUNK COUNT n=1
[11:32:12.673] [INFO] [EXEC] STREAM_TARGET_USED ticks=28 sell_price=79337.14
[11:32:12.937] [INFO] [EXEC] STREAM_CHUNK_OWNED stream_id=1 chunk_id=2497471401664 qty=0.000180
[11:32:12.937] [INFO] [EXEC] STREAM_SELL_OWNED stream_id=1 chunk_id=2497471401664 order_id=391904588
[11:32:12.937] [INFO] [EXEC] STREAM_SELL_PLACED stream_id=1 chunk_id=2497471401664 order_id=391904588 price=79337.14 qty=0.000180
[11:32:13.198] [INFO] [EXEC] STREAM_EXIT_RETRY_STATUS stream_id=1 chunk_id=2497471401664 order_id=391904588 status=NEW
[11:32:13.198] [INFO] [EXEC] STREAM_OWNERSHIP_AUDIT stream_id=1 state=SELL_PLACED buy_order_id=0 sell_order_id=391904588 chunk_id=2497471401664 chunk_qty=0.000180 buy_live=false sell_live=true chunk_live=true
[11:32:13.198] [INFO] [EXEC] STREAM_OWNERSHIP_AUDIT stream_id=2 state=WAIT_BUY buy_order_id=0 sell_order_id=0 chunk_id=0 chunk_qty=0.000000 buy_live=false sell_live=false chunk_live=false
[11:32:13.199] [INFO] [EXEC] STREAM_OWNERSHIP_AUDIT stream_id=3 state=WAIT_BUY buy_order_id=0 sell_order_id=0 chunk_id=0 chunk_qty=0.000000 buy_live=false sell_live=false chunk_live=false
[11:32:13.199] [INFO] [EXEC] STREAM_OWNERSHIP_AUDIT stream_id=4 state=WAIT_START buy_order_id=0 sell_order_id=0 chunk_id=0 chunk_qty=0.000000 buy_live=false sell_live=false chunk_live=false
[11:32:13.199] [INFO] [EXEC] STREAM_OWNERSHIP_AUDIT stream_id=5 state=WAIT_START buy_order_id=0 sell_order_id=0 chunk_id=0 chunk_qty=0.000000 buy_live=false sell_live=false chunk_live=false
[11:32:13.199] [INFO] [EXEC] STREAM_OWNERSHIP_AUDIT stream_id=6 state=WAIT_START buy_order_id=0 sell_order_id=0 chunk_id=0 chunk_qty=0.000000 buy_live=false sell_live=false chunk_live=false
[11:32:13.199] [INFO] [EXEC] STREAM_OWNERSHIP_AUDIT stream_id=7 state=WAIT_START buy_order_id=0 sell_order_id=0 chunk_id=0 chunk_qty=0.000000 buy_live=false sell_live=false chunk_live=false
[11:32:13.199] [INFO] [EXEC] STREAM_OWNERSHIP_AUDIT stream_id=8 state=WAIT_START buy_order_id=0 sell_order_id=0 chunk_id=0 chunk_qty=0.000000 buy_live=false sell_live=false chunk_live=false
[11:32:13.199] [INFO] [EXEC] STREAM_OWNERSHIP_AUDIT stream_id=9 state=WAIT_START buy_order_id=0 sell_order_id=0 chunk_id=0 chunk_qty=0.000000 buy_live=false sell_live=false chunk_live=false
[11:32:13.199] [INFO] [EXEC] STREAM_OWNERSHIP_AUDIT stream_id=10 state=WAIT_START buy_order_id=0 sell_order_id=0 chunk_id=0 chunk_qty=0.000000 buy_live=false sell_live=false chunk_live=false
[11:32:13.200] [INFO] [EXEC] STREAM_OWNERSHIP_AUDIT stream_id=11 state=WAIT_START buy_order_id=0 sell_order_id=0 chunk_id=0 chunk_qty=0.000000 buy_live=false sell_live=false chunk_live=false
[11:32:13.200] [INFO] [EXEC] STREAM_OWNERSHIP_AUDIT stream_id=12 state=WAIT_START buy_order_id=0 sell_order_id=0 chunk_id=0 chunk_qty=0.000000 buy_live=false sell_live=false chunk_live=false
[11:32:13.200] [INFO] [EXEC] STREAM_OWNERSHIP_AUDIT stream_id=13 state=WAIT_START buy_order_id=0 sell_order_id=0 chunk_id=0 chunk_qty=0.000000 buy_live=false sell_live=false chunk_live=false
[11:32:13.200] [INFO] [EXEC] STREAM_OWNERSHIP_AUDIT stream_id=14 state=WAIT_START buy_order_id=0 sell_order_id=0 chunk_id=0 chunk_qty=0.000000 buy_live=false sell_live=false chunk_live=false
[11:32:13.200] [INFO] [EXEC] STREAM_OWNERSHIP_AUDIT stream_id=15 state=WAIT_START buy_order_id=0 sell_order_id=0 chunk_id=0 chunk_qty=0.000000 buy_live=false sell_live=false chunk_live=false
[11:32:13.200] [INFO] [EXEC] STREAM_OWNERSHIP_AUDIT stream_id=16 state=WAIT_START buy_order_id=0 sell_order_id=0 chunk_id=0 chunk_qty=0.000000 buy_live=false sell_live=false chunk_live=false
[11:32:13.201] [INFO] [EXEC] STREAM_OWNERSHIP_AUDIT stream_id=17 state=WAIT_START buy_order_id=0 sell_order_id=0 chunk_id=0 chunk_qty=0.000000 buy_live=false sell_live=false chunk_live=false
[11:32:13.201] [INFO] [EXEC] STREAM_OWNERSHIP_AUDIT stream_id=18 state=WAIT_START buy_order_id=0 sell_order_id=0 chunk_id=0 chunk_qty=0.000000 buy_live=false sell_live=false chunk_live=false
[11:32:13.201] [INFO] [EXEC] STREAM_OWNERSHIP_AUDIT stream_id=19 state=WAIT_START buy_order_id=0 sell_order_id=0 chunk_id=0 chunk_qty=0.000000 buy_live=false sell_live=false chunk_live=false
[11:32:13.201] [INFO] [EXEC] STREAM_OWNERSHIP_AUDIT stream_id=20 state=WAIT_START buy_order_id=0 sell_order_id=0 chunk_id=0 chunk_qty=0.000000 buy_live=false sell_live=false chunk_live=false
[11:32:13.201] [ERROR] [EXEC] STREAM_STATE_MISMATCH reason=stream_inventory_qty_mismatch inventory_qty=0.000180 stream_chunks=0
[11:32:13.201] [INFO] [EXEC] STREAM_OWNERSHIP_SUMMARY streams_total=20 wait_buy=2 buy_placed=0 sell_active=1 exiting=0 recycle=0 chunks_total=1 stream_chunks=0 orphan_chunks=1 inventory_qty=0.000180 stream_inventory_qty=0.000000 orphan_inventory_qty=0.000180
[11:32:13.202] [INFO] [EXEC] STREAM_REPAIR_SKIP reason=stream_owned_inventory
[11:32:13.202] [WARNING] [EXEC] STATE REPAIR reason=inventory_cannot_be_flat
[11:32:13.202] [ERROR] [EXEC] STREAM_OWNERSHIP_MISMATCH reason=qty_without_stream_chunks qty=0.000180
[11:32:13.202] [INFO] [EXEC] STREAM_GLOBAL_SMART_EXIT_BLOCKED reason=stream_owned_inventory qty=0.000180 trigger=exit_recovery_inventory_no_sell
[11:32:13.202] [ERROR] [EXEC] STREAM_OWNERSHIP_MISMATCH reason=qty_without_stream_chunks qty=0.000180
[11:32:13.202] [INFO] [EXEC] STREAM_GLOBAL_SMART_EXIT_BLOCKED reason=stream_owned_inventory qty=0.000180 trigger=place_sell
[11:32:14.075] [INFO] [EXEC] STREAM_EXIT_RETRY_STATUS stream_id=1 chunk_id=2497471401664 order_id=391904588 status=FILLED
[11:32:14.076] [INFO] GUI_PERF tick_ms=0 logs_visible=False gui_log_mode=OFF append_skipped=111
[11:32:14.076] [INFO] [EXEC] STREAM_EXIT_RETRY_FILLED stream_id=1 chunk_id=2497471401664 order_id=391904588
[11:32:14.076] [OK] [EXEC] FIFO CLOSE qty=0.000180 entry=79336.86 exit=79337.14 pnl=+0.000050
[11:32:14.077] [INFO] [EXEC] STREAM_PNL stream_id=1 pnl=+0.000050
[11:32:14.077] [INFO] [EXEC] STREAM_RECYCLE_DELAY_APPLIED stream_id=1 delay_ms=300
[11:32:14.077] [INFO] [EXEC] STREAM_SIGNAL_SELL_FILL stream_id=1 timestamp=1778758334077 effect=log_only
[11:32:14.077] [INFO] [EXEC] STREAM_RECYCLED level_id=1 recycle_delay_ms=300
[11:32:14.077] [INFO] [EXEC] STREAM_LIFECYCLE_AUDIT stream_id=1 state=FILLED has_buy_order=false has_sell_order=false has_chunk=false action=recycle
[11:32:14.077] [INFO] [EXEC] STREAM_RUNTIME_TICK_CONTINUED_AFTER_EXIT stream_id=1
[11:32:14.078] [WARNING] [EXEC] STATE REPAIR reason=zero_inventory_not_flat
[11:32:14.078] [INFO] [EXEC] STREAM_SHUTDOWN_STATE active=false reason=runtime_tick
[11:32:14.078] [INFO] [EXEC] STREAM_ACTIVATED stream_id=4 at_ms=1778758333819
[11:32:14.078] [INFO] [EXEC] STREAM_ACTIVATED stream_id=5 at_ms=1778758333819
[11:32:14.078] [INFO] [EXEC] STREAM_ACTIVATED stream_id=6 at_ms=1778758333819
[11:32:14.078] [INFO] [EXEC] STREAM_ACTIVATED stream_id=7 at_ms=1778758333819
[11:32:14.078] [INFO] [EXEC] STREAM_ACTIVATED stream_id=8 at_ms=1778758333819
[11:32:14.078] [INFO] [EXEC] STREAM_ACTIVATED stream_id=9 at_ms=1778758333819
[11:32:14.078] [INFO] [EXEC] STREAM_ACTIVATED stream_id=10 at_ms=1778758333819
[11:32:14.079] [INFO] [EXEC] STREAM_ACTIVATED stream_id=11 at_ms=1778758333819
[11:32:14.079] [INFO] [EXEC] STREAM_SWARM_STATE wait_start=9 wait_buy=10 buy_placed=0 sell_active=0 recycle=1 active_buys=0 active_sells=0
[11:32:14.079] [INFO] [EXEC] STREAM_BUY_CAPACITY active_buys=0 active_sells=0 waiting_streams=10 max_active_buys=10 free_buy_slots=10 batch_size=1
[11:32:14.339] [INFO] [EXEC] STREAM_BUY_PLACED level_id=2 order_id=391904667
[11:32:14.339] [OK] [EXEC] PLACE BUY price=79336.81 qty=0.000180
[11:32:14.339] [INFO] [EXEC] STREAM_PLACEMENT_TICK active_buys=1 active_sells=0 waiting_streams=10 free_buy_slots=10 placed=1
[11:32:14.339] [INFO] [EXEC] STREAM_CONCURRENCY_STATE buys=1 sells=0 waiting=10 inventory_u=0.00 exposure_u=0.00 buy_allowed=true reason=none
[11:32:14.340] [INFO] [EXEC] STREAM_STATS_UI cycles=1 wins=1 losses=0 pnl=+0.000050 winrate=100.00%
[11:32:15.344] [INFO] [EXEC] STREAM_BUY_RESET_TO_WAIT stream_id=2 reason=BUY_RECENTER_CANCELED
[11:32:15.346] [INFO] GUI_PERF tick_ms=0 logs_visible=False gui_log_mode=OFF append_skipped=137
[11:32:15.346] [INFO] [EXEC] STREAM_BUY_RECENTER old_price=79336.81 new_price=79341.23 distance_ticks=443
[11:32:15.347] [INFO] [EXEC] STREAM_OWNERSHIP_AUDIT stream_id=1 state=RECYCLE_COOLDOWN buy_order_id=0 sell_order_id=0 chunk_id=0 chunk_qty=0.000000 buy_live=false sell_live=false chunk_live=false
[11:32:15.347] [INFO] [EXEC] STREAM_OWNERSHIP_AUDIT stream_id=2 state=WAIT_BUY buy_order_id=0 sell_order_id=0 chunk_id=0 chunk_qty=0.000000 buy_live=false sell_live=false chunk_live=false
[11:32:15.347] [INFO] [EXEC] STREAM_OWNERSHIP_AUDIT stream_id=3 state=WAIT_BUY buy_order_id=0 sell_order_id=0 chunk_id=0 chunk_qty=0.000000 buy_live=false sell_live=false chunk_live=false
[11:32:15.347] [INFO] [EXEC] STREAM_OWNERSHIP_AUDIT stream_id=4 state=WAIT_BUY buy_order_id=0 sell_order_id=0 chunk_id=0 chunk_qty=0.000000 buy_live=false sell_live=false chunk_live=false
[11:32:15.348] [INFO] [EXEC] STREAM_OWNERSHIP_AUDIT stream_id=5 state=WAIT_BUY buy_order_id=0 sell_order_id=0 chunk_id=0 chunk_qty=0.000000 buy_live=false sell_live=false chunk_live=false
[11:32:15.348] [INFO] [EXEC] STREAM_OWNERSHIP_AUDIT stream_id=6 state=WAIT_BUY buy_order_id=0 sell_order_id=0 chunk_id=0 chunk_qty=0.000000 buy_live=false sell_live=false chunk_live=false
[11:32:15.348] [INFO] [EXEC] STREAM_OWNERSHIP_AUDIT stream_id=7 state=WAIT_BUY buy_order_id=0 sell_order_id=0 chunk_id=0 chunk_qty=0.000000 buy_live=false sell_live=false chunk_live=false
[11:32:15.348] [INFO] [EXEC] STREAM_OWNERSHIP_AUDIT stream_id=8 state=WAIT_BUY buy_order_id=0 sell_order_id=0 chunk_id=0 chunk_qty=0.000000 buy_live=false sell_live=false chunk_live=false
[11:32:15.348] [INFO] [EXEC] STREAM_OWNERSHIP_AUDIT stream_id=9 state=WAIT_BUY buy_order_id=0 sell_order_id=0 chunk_id=0 chunk_qty=0.000000 buy_live=false sell_live=false chunk_live=false
[11:32:15.348] [INFO] [EXEC] STREAM_OWNERSHIP_AUDIT stream_id=10 state=WAIT_BUY buy_order_id=0 sell_order_id=0 chunk_id=0 chunk_qty=0.000000 buy_live=false sell_live=false chunk_live=false
[11:32:15.349] [INFO] [EXEC] STREAM_OWNERSHIP_AUDIT stream_id=11 state=WAIT_BUY buy_order_id=0 sell_order_id=0 chunk_id=0 chunk_qty=0.000000 buy_live=false sell_live=false chunk_live=false
[11:32:15.349] [INFO] [EXEC] STREAM_OWNERSHIP_AUDIT stream_id=12 state=WAIT_START buy_order_id=0 sell_order_id=0 chunk_id=0 chunk_qty=0.000000 buy_live=false sell_live=false chunk_live=false
[11:32:15.349] [INFO] [EXEC] STREAM_OWNERSHIP_AUDIT stream_id=13 state=WAIT_START buy_order_id=0 sell_order_id=0 chunk_id=0 chunk_qty=0.000000 buy_live=false sell_live=false chunk_live=false
[11:32:15.349] [INFO] [EXEC] STREAM_OWNERSHIP_AUDIT stream_id=14 state=WAIT_START buy_order_id=0 sell_order_id=0 chunk_id=0 chunk_qty=0.000000 buy_live=false sell_live=false chunk_live=false
[11:32:15.349] [INFO] [EXEC] STREAM_OWNERSHIP_AUDIT stream_id=15 state=WAIT_START buy_order_id=0 sell_order_id=0 chunk_id=0 chunk_qty=0.000000 buy_live=false sell_live=false chunk_live=false
[11:32:15.350] [INFO] [EXEC] STREAM_OWNERSHIP_AUDIT stream_id=16 state=WAIT_START buy_order_id=0 sell_order_id=0 chunk_id=0 chunk_qty=0.000000 buy_live=false sell_live=false chunk_live=false
[11:32:15.350] [INFO] [EXEC] STREAM_OWNERSHIP_AUDIT stream_id=17 state=WAIT_START buy_order_id=0 sell_order_id=0 chunk_id=0 chunk_qty=0.000000 buy_live=false sell_live=false chunk_live=false
[11:32:15.350] [INFO] [EXEC] STREAM_OWNERSHIP_AUDIT stream_id=18 state=WAIT_START buy_order_id=0 sell_order_id=0 chunk_id=0 chunk_qty=0.000000 buy_live=false sell_live=false chunk_live=false
[11:32:15.350] [INFO] [EXEC] STREAM_OWNERSHIP_AUDIT stream_id=19 state=WAIT_START buy_order_id=0 sell_order_id=0 chunk_id=0 chunk_qty=0.000000 buy_live=false sell_live=false chunk_live=false
[11:32:15.350] [INFO] [EXEC] STREAM_OWNERSHIP_AUDIT stream_id=20 state=WAIT_START buy_order_id=0 sell_order_id=0 chunk_id=0 chunk_qty=0.000000 buy_live=false sell_live=false chunk_live=false
[11:32:15.351] [INFO] [EXEC] STREAM_OWNERSHIP_SUMMARY streams_total=20 wait_buy=10 buy_placed=0 sell_active=0 exiting=0 recycle=1 chunks_total=0 stream_chunks=0 orphan_chunks=0 inventory_qty=0.000000 stream_inventory_qty=0.000000 orphan_inventory_qty=0.000000
[11:32:15.352] [INFO] [EXEC] STREAM_ACTIVATED stream_id=12 at_ms=1778758334823
[11:32:15.352] [INFO] [EXEC] STREAM_ACTIVATED stream_id=13 at_ms=1778758334823
[11:32:15.352] [INFO] [EXEC] STREAM_ACTIVATED stream_id=14 at_ms=1778758334823
[11:32:15.353] [INFO] [EXEC] STREAM_RECYCLE_READY stream_id=1 at_ms=1778758334823
[11:32:15.353] [INFO] [EXEC] STREAM_SWARM_STATE wait_start=6 wait_buy=14 buy_placed=0 sell_active=0 recycle=0 active_buys=0 active_sells=0
[11:32:15.353] [INFO] [EXEC] STREAM_BUY_CAPACITY active_buys=0 active_sells=0 waiting_streams=14 max_active_buys=10 free_buy_slots=10 batch_size=1
[11:32:15.612] [INFO] [EXEC] STREAM_BUY_PLACED level_id=1 order_id=391904716
[11:32:15.613] [OK] [EXEC] PLACE BUY price=79336.86 qty=0.000180
[11:32:15.613] [INFO] [EXEC] STREAM_PLACEMENT_TICK active_buys=1 active_sells=0 waiting_streams=14 free_buy_slots=10 placed=1
[11:32:15.613] [INFO] [EXEC] STREAM_CONCURRENCY_STATE buys=1 sells=0 waiting=14 inventory_u=0.00 exposure_u=0.00 buy_allowed=true reason=none
[11:32:16.336] [INFO] [EXEC] STREAM_MODE_ACTIVE_SKIP_SINGLE_ENTRY
[11:32:16.338] [INFO] [EXEC] STREAM_ACTIVATED stream_id=15 at_ms=1778758336071
[11:32:16.338] [INFO] [EXEC] STREAM_ACTIVATED stream_id=16 at_ms=1778758336071
[11:32:16.339] [INFO] [EXEC] STREAM_ACTIVATED stream_id=17 at_ms=1778758336071
[11:32:16.340] [INFO] [EXEC] STREAM_ACTIVATED stream_id=18 at_ms=1778758336071
[11:32:16.341] [INFO] [EXEC] STREAM_SWARM_STATE wait_start=2 wait_buy=17 buy_placed=1 sell_active=0 recycle=0 active_buys=1 active_sells=0
[11:32:16.342] [INFO] [EXEC] STREAM_BUY_CAPACITY active_buys=1 active_sells=0 waiting_streams=17 max_active_buys=10 free_buy_slots=9 batch_size=1
[11:32:17.090] [INFO] [EXEC] STREAM_BUY_PLACED level_id=2 order_id=391904736
[11:32:17.091] [INFO] GUI_PERF tick_ms=0 logs_visible=False gui_log_mode=OFF append_skipped=177
[11:32:17.092] [OK] [EXEC] PLACE BUY price=79341.23 qty=0.000180
[11:32:17.093] [INFO] [EXEC] STREAM_PLACEMENT_TICK active_buys=2 active_sells=0 waiting_streams=17 free_buy_slots=9 placed=1
[11:32:17.094] [INFO] [EXEC] STREAM_CONCURRENCY_STATE buys=2 sells=0 waiting=17 inventory_u=0.00 exposure_u=0.00 buy_allowed=true reason=none
[11:32:19.333] [INFO] [EXEC] STREAM_BUY_RESET_TO_WAIT stream_id=1 reason=BUY_RECENTER_CANCELED
[11:32:19.334] [INFO] GUI_PERF tick_ms=0 logs_visible=False gui_log_mode=OFF append_skipped=181
[11:32:19.335] [INFO] [EXEC] STREAM_BUY_RECENTER old_price=79336.86 new_price=79341.22 distance_ticks=437
[11:32:19.598] [INFO] [EXEC] STREAM_BUY_FILLED level_id=2
[11:32:19.599] [INFO] [EXEC] STREAM_SIGNAL_BUY_FILL stream_id=2 fill_price=79341.23000000 effect=log_only
[11:32:19.599] [OK] [EXEC] CHUNK ADD qty=0.000180 entry=79341.23
[11:32:19.599] [INFO] [EXEC] CHUNK COUNT n=1
[11:32:19.600] [INFO] [EXEC] STREAM_TARGET_USED ticks=28 sell_price=79341.51
[11:32:19.860] [INFO] [EXEC] STREAM_CHUNK_OWNED stream_id=2 chunk_id=2497471402432 qty=0.000180
[11:32:19.860] [INFO] [EXEC] STREAM_SELL_OWNED stream_id=2 chunk_id=2497471402432 order_id=391904808
[11:32:19.861] [INFO] [EXEC] STREAM_SELL_PLACED stream_id=2 chunk_id=2497471402432 order_id=391904808 price=79341.51 qty=0.000180
[11:32:20.157] [INFO] [EXEC] STREAM_EXIT_RETRY_STATUS stream_id=2 chunk_id=2497471402432 order_id=391904808 status=NEW
[11:32:20.159] [INFO] [EXEC] STREAM_OWNERSHIP_AUDIT stream_id=1 state=WAIT_BUY buy_order_id=0 sell_order_id=0 chunk_id=0 chunk_qty=0.000000 buy_live=false sell_live=false chunk_live=false
[11:32:20.159] [INFO] [EXEC] STREAM_OWNERSHIP_AUDIT stream_id=2 state=SELL_PLACED buy_order_id=0 sell_order_id=391904808 chunk_id=2497471402432 chunk_qty=0.000180 buy_live=false sell_live=true chunk_live=true
[11:32:20.160] [INFO] [EXEC] STREAM_OWNERSHIP_AUDIT stream_id=3 state=WAIT_BUY buy_order_id=0 sell_order_id=0 chunk_id=0 chunk_qty=0.000000 buy_live=false sell_live=false chunk_live=false
[11:32:20.161] [INFO] [EXEC] STREAM_OWNERSHIP_AUDIT stream_id=4 state=WAIT_BUY buy_order_id=0 sell_order_id=0 chunk_id=0 chunk_qty=0.000000 buy_live=false sell_live=false chunk_live=false
[11:32:20.162] [INFO] [EXEC] STREAM_OWNERSHIP_AUDIT stream_id=5 state=WAIT_BUY buy_order_id=0 sell_order_id=0 chunk_id=0 chunk_qty=0.000000 buy_live=false sell_live=false chunk_live=false
[11:32:20.163] [INFO] [EXEC] STREAM_OWNERSHIP_AUDIT stream_id=6 state=WAIT_BUY buy_order_id=0 sell_order_id=0 chunk_id=0 chunk_qty=0.000000 buy_live=false sell_live=false chunk_live=false
[11:32:20.164] [INFO] [EXEC] STREAM_OWNERSHIP_AUDIT stream_id=7 state=WAIT_BUY buy_order_id=0 sell_order_id=0 chunk_id=0 chunk_qty=0.000000 buy_live=false sell_live=false chunk_live=false
[11:32:20.165] [INFO] [EXEC] STREAM_OWNERSHIP_AUDIT stream_id=8 state=WAIT_BUY buy_order_id=0 sell_order_id=0 chunk_id=0 chunk_qty=0.000000 buy_live=false sell_live=false chunk_live=false
[11:32:20.165] [INFO] [EXEC] STREAM_OWNERSHIP_AUDIT stream_id=9 state=WAIT_BUY buy_order_id=0 sell_order_id=0 chunk_id=0 chunk_qty=0.000000 buy_live=false sell_live=false chunk_live=false
[11:32:20.166] [INFO] [EXEC] STREAM_OWNERSHIP_AUDIT stream_id=10 state=WAIT_BUY buy_order_id=0 sell_order_id=0 chunk_id=0 chunk_qty=0.000000 buy_live=false sell_live=false chunk_live=false
[11:32:20.166] [INFO] [EXEC] STREAM_OWNERSHIP_AUDIT stream_id=11 state=WAIT_BUY buy_order_id=0 sell_order_id=0 chunk_id=0 chunk_qty=0.000000 buy_live=false sell_live=false chunk_live=false
[11:32:20.167] [INFO] [EXEC] STREAM_OWNERSHIP_AUDIT stream_id=12 state=WAIT_BUY buy_order_id=0 sell_order_id=0 chunk_id=0 chunk_qty=0.000000 buy_live=false sell_live=false chunk_live=false
[11:32:20.167] [INFO] [EXEC] STREAM_OWNERSHIP_AUDIT stream_id=13 state=WAIT_BUY buy_order_id=0 sell_order_id=0 chunk_id=0 chunk_qty=0.000000 buy_live=false sell_live=false chunk_live=false
[11:32:20.168] [INFO] [EXEC] STREAM_OWNERSHIP_AUDIT stream_id=14 state=WAIT_BUY buy_order_id=0 sell_order_id=0 chunk_id=0 chunk_qty=0.000000 buy_live=false sell_live=false chunk_live=false
[11:32:20.169] [INFO] [EXEC] STREAM_OWNERSHIP_AUDIT stream_id=15 state=WAIT_BUY buy_order_id=0 sell_order_id=0 chunk_id=0 chunk_qty=0.000000 buy_live=false sell_live=false chunk_live=false
[11:32:20.169] [INFO] [EXEC] STREAM_OWNERSHIP_AUDIT stream_id=16 state=WAIT_BUY buy_order_id=0 sell_order_id=0 chunk_id=0 chunk_qty=0.000000 buy_live=false sell_live=false chunk_live=false
[11:32:20.170] [INFO] [EXEC] STREAM_OWNERSHIP_AUDIT stream_id=17 state=WAIT_BUY buy_order_id=0 sell_order_id=0 chunk_id=0 chunk_qty=0.000000 buy_live=false sell_live=false chunk_live=false
[11:32:20.171] [INFO] [EXEC] STREAM_OWNERSHIP_AUDIT stream_id=18 state=WAIT_BUY buy_order_id=0 sell_order_id=0 chunk_id=0 chunk_qty=0.000000 buy_live=false sell_live=false chunk_live=false
[11:32:20.171] [INFO] [EXEC] STREAM_OWNERSHIP_AUDIT stream_id=19 state=WAIT_START buy_order_id=0 sell_order_id=0 chunk_id=0 chunk_qty=0.000000 buy_live=false sell_live=false chunk_live=false
[11:32:20.172] [INFO] [EXEC] STREAM_OWNERSHIP_AUDIT stream_id=20 state=WAIT_START buy_order_id=0 sell_order_id=0 chunk_id=0 chunk_qty=0.000000 buy_live=false sell_live=false chunk_live=false
[11:32:20.172] [ERROR] [EXEC] STREAM_STATE_MISMATCH reason=stream_inventory_qty_mismatch inventory_qty=0.000180 stream_chunks=0
[11:32:20.173] [INFO] [EXEC] STREAM_OWNERSHIP_SUMMARY streams_total=20 wait_buy=17 buy_placed=0 sell_active=1 exiting=0 recycle=0 chunks_total=1 stream_chunks=0 orphan_chunks=1 inventory_qty=0.000180 stream_inventory_qty=0.000000 orphan_inventory_qty=0.000180
[11:32:20.174] [INFO] [EXEC] STREAM_REPAIR_SKIP reason=stream_owned_inventory
[11:32:20.174] [WARNING] [EXEC] STATE REPAIR reason=inventory_cannot_be_flat
[11:32:20.174] [ERROR] [EXEC] STREAM_OWNERSHIP_MISMATCH reason=qty_without_stream_chunks qty=0.000180
[11:32:20.175] [INFO] [EXEC] STREAM_GLOBAL_SMART_EXIT_BLOCKED reason=stream_owned_inventory qty=0.000180 trigger=exit_recovery_inventory_no_sell
[11:32:20.175] [ERROR] [EXEC] STREAM_OWNERSHIP_MISMATCH reason=qty_without_stream_chunks qty=0.000180
[11:32:20.175] [INFO] [EXEC] STREAM_GLOBAL_SMART_EXIT_BLOCKED reason=stream_owned_inventory qty=0.000180 trigger=place_sell
[11:32:20.176] [INFO] [EXEC] STREAM_STATS_UI cycles=1 wins=1 losses=0 pnl=+0.000050 winrate=100.00%
[11:32:21.613] [INFO] [EXEC] STREAM_EXIT_RETRY_STATUS stream_id=2 chunk_id=2497471402432 order_id=391904808 status=NEW
[11:32:21.614] [INFO] GUI_PERF tick_ms=0 logs_visible=False gui_log_mode=OFF append_skipped=221
[11:32:21.615] [WARNING] [EXEC] STREAM_SELL_TIMEOUT stream_id=2 chunk_id=2497471402432 order_id=391904808 age_ms=3493 timeout_ms=2800
[11:32:21.874] [INFO] [EXEC] STREAM_SELL_CANCEL_OLD stream_id=2 chunk_id=2497471402432 order_id=391904808
[11:32:21.874] [INFO] [EXEC] STREAM_STOP_LOSS_BLOCKED_RETRY_AVAILABLE retry_count=0 retry_max=2 stream_id=2 chunk_id=2497471402432 order_id=391904808
[11:32:21.874] [WARNING] [EXEC] STREAM_EXIT_RETRY_PLACED stream_id=2 chunk_id=2497471402432 order_id=pending qty=0.000180 price=79341.33 retry_count=1
[11:32:22.620] [INFO] [EXEC] STREAM_OWNERSHIP_AUDIT stream_id=1 state=WAIT_BUY buy_order_id=0 sell_order_id=0 chunk_id=0 chunk_qty=0.000000 buy_live=false sell_live=false chunk_live=false
[11:32:22.621] [INFO] GUI_PERF tick_ms=0 logs_visible=False gui_log_mode=OFF append_skipped=226
[11:32:22.622] [INFO] [EXEC] STREAM_OWNERSHIP_AUDIT stream_id=2 state=SELL_PLACED buy_order_id=0 sell_order_id=391904906 chunk_id=2497471402432 chunk_qty=0.000180 buy_live=false sell_live=true chunk_live=true
[11:32:22.624] [INFO] [EXEC] STREAM_OWNERSHIP_AUDIT stream_id=3 state=WAIT_BUY buy_order_id=0 sell_order_id=0 chunk_id=0 chunk_qty=0.000000 buy_live=false sell_live=false chunk_live=false
[11:32:22.624] [INFO] [EXEC] STREAM_OWNERSHIP_AUDIT stream_id=4 state=WAIT_BUY buy_order_id=0 sell_order_id=0 chunk_id=0 chunk_qty=0.000000 buy_live=false sell_live=false chunk_live=false
[11:32:22.625] [INFO] [EXEC] STREAM_OWNERSHIP_AUDIT stream_id=5 state=WAIT_BUY buy_order_id=0 sell_order_id=0 chunk_id=0 chunk_qty=0.000000 buy_live=false sell_live=false chunk_live=false
[11:32:22.626] [INFO] [EXEC] STREAM_OWNERSHIP_AUDIT stream_id=6 state=WAIT_BUY buy_order_id=0 sell_order_id=0 chunk_id=0 chunk_qty=0.000000 buy_live=false sell_live=false chunk_live=false
[11:32:22.627] [INFO] [EXEC] STREAM_OWNERSHIP_AUDIT stream_id=7 state=WAIT_BUY buy_order_id=0 sell_order_id=0 chunk_id=0 chunk_qty=0.000000 buy_live=false sell_live=false chunk_live=false
[11:32:22.627] [INFO] [EXEC] STREAM_OWNERSHIP_AUDIT stream_id=8 state=WAIT_BUY buy_order_id=0 sell_order_id=0 chunk_id=0 chunk_qty=0.000000 buy_live=false sell_live=false chunk_live=false
[11:32:22.628] [INFO] [EXEC] STREAM_OWNERSHIP_AUDIT stream_id=9 state=WAIT_BUY buy_order_id=0 sell_order_id=0 chunk_id=0 chunk_qty=0.000000 buy_live=false sell_live=false chunk_live=false
[11:32:22.629] [INFO] [EXEC] STREAM_OWNERSHIP_AUDIT stream_id=10 state=WAIT_BUY buy_order_id=0 sell_order_id=0 chunk_id=0 chunk_qty=0.000000 buy_live=false sell_live=false chunk_live=false
[11:32:22.630] [INFO] [EXEC] STREAM_OWNERSHIP_AUDIT stream_id=11 state=WAIT_BUY buy_order_id=0 sell_order_id=0 chunk_id=0 chunk_qty=0.000000 buy_live=false sell_live=false chunk_live=false
[11:32:22.630] [INFO] [EXEC] STREAM_OWNERSHIP_AUDIT stream_id=12 state=WAIT_BUY buy_order_id=0 sell_order_id=0 chunk_id=0 chunk_qty=0.000000 buy_live=false sell_live=false chunk_live=false
[11:32:22.631] [INFO] [EXEC] STREAM_OWNERSHIP_AUDIT stream_id=13 state=WAIT_BUY buy_order_id=0 sell_order_id=0 chunk_id=0 chunk_qty=0.000000 buy_live=false sell_live=false chunk_live=false
[11:32:22.631] [INFO] [EXEC] STREAM_OWNERSHIP_AUDIT stream_id=14 state=WAIT_BUY buy_order_id=0 sell_order_id=0 chunk_id=0 chunk_qty=0.000000 buy_live=false sell_live=false chunk_live=false
[11:32:22.632] [INFO] [EXEC] STREAM_OWNERSHIP_AUDIT stream_id=15 state=WAIT_BUY buy_order_id=0 sell_order_id=0 chunk_id=0 chunk_qty=0.000000 buy_live=false sell_live=false chunk_live=false
[11:32:22.632] [INFO] [EXEC] STREAM_OWNERSHIP_AUDIT stream_id=16 state=WAIT_BUY buy_order_id=0 sell_order_id=0 chunk_id=0 chunk_qty=0.000000 buy_live=false sell_live=false chunk_live=false
[11:32:22.633] [INFO] [EXEC] STREAM_OWNERSHIP_AUDIT stream_id=17 state=WAIT_BUY buy_order_id=0 sell_order_id=0 chunk_id=0 chunk_qty=0.000000 buy_live=false sell_live=false chunk_live=false
[11:32:22.633] [INFO] [EXEC] STREAM_OWNERSHIP_AUDIT stream_id=18 state=WAIT_BUY buy_order_id=0 sell_order_id=0 chunk_id=0 chunk_qty=0.000000 buy_live=false sell_live=false chunk_live=false
[11:32:22.634] [INFO] [EXEC] STREAM_OWNERSHIP_AUDIT stream_id=19 state=WAIT_START buy_order_id=0 sell_order_id=0 chunk_id=0 chunk_qty=0.000000 buy_live=false sell_live=false chunk_live=false
[11:32:22.634] [INFO] [EXEC] STREAM_OWNERSHIP_AUDIT stream_id=20 state=WAIT_START buy_order_id=0 sell_order_id=0 chunk_id=0 chunk_qty=0.000000 buy_live=false sell_live=false chunk_live=false
[11:32:22.635] [ERROR] [EXEC] STREAM_STATE_MISMATCH reason=stream_inventory_qty_mismatch inventory_qty=0.000180 stream_chunks=0
[11:32:22.635] [INFO] [EXEC] STREAM_OWNERSHIP_SUMMARY streams_total=20 wait_buy=17 buy_placed=0 sell_active=1 exiting=0 recycle=0 chunks_total=1 stream_chunks=0 orphan_chunks=1 inventory_qty=0.000180 stream_inventory_qty=0.000000 orphan_inventory_qty=0.000180
[11:32:22.637] [ERROR] [EXEC] STREAM_OWNERSHIP_MISMATCH reason=qty_without_stream_chunks qty=0.000180
[11:32:23.415] [INFO] [EXEC] STREAM_EXIT_RETRY_STATUS stream_id=2 chunk_id=2497471402432 order_id=391904906 status=NEW
[11:32:23.416] [INFO] [EXEC] STREAM_OWNERSHIP_AUDIT stream_id=1 state=WAIT_BUY buy_order_id=0 sell_order_id=0 chunk_id=0 chunk_qty=0.000000 buy_live=false sell_live=false chunk_live=false
[11:32:23.417] [INFO] [EXEC] STREAM_OWNERSHIP_AUDIT stream_id=2 state=SELL_PLACED buy_order_id=0 sell_order_id=391904906 chunk_id=2497471402432 chunk_qty=0.000180 buy_live=false sell_live=true chunk_live=true
[11:32:23.418] [INFO] [EXEC] STREAM_OWNERSHIP_AUDIT stream_id=3 state=WAIT_BUY buy_order_id=0 sell_order_id=0 chunk_id=0 chunk_qty=0.000000 buy_live=false sell_live=false chunk_live=false
[11:32:23.419] [INFO] [EXEC] STREAM_OWNERSHIP_AUDIT stream_id=4 state=WAIT_BUY buy_order_id=0 sell_order_id=0 chunk_id=0 chunk_qty=0.000000 buy_live=false sell_live=false chunk_live=false
[11:32:23.420] [INFO] [EXEC] STREAM_OWNERSHIP_AUDIT stream_id=5 state=WAIT_BUY buy_order_id=0 sell_order_id=0 chunk_id=0 chunk_qty=0.000000 buy_live=false sell_live=false chunk_live=false
[11:32:23.421] [INFO] [EXEC] STREAM_OWNERSHIP_AUDIT stream_id=6 state=WAIT_BUY buy_order_id=0 sell_order_id=0 chunk_id=0 chunk_qty=0.000000 buy_live=false sell_live=false chunk_live=false
[11:32:23.422] [INFO] [EXEC] STREAM_OWNERSHIP_AUDIT stream_id=7 state=WAIT_BUY buy_order_id=0 sell_order_id=0 chunk_id=0 chunk_qty=0.000000 buy_live=false sell_live=false chunk_live=false
[11:32:23.422] [INFO] [EXEC] STREAM_OWNERSHIP_AUDIT stream_id=8 state=WAIT_BUY buy_order_id=0 sell_order_id=0 chunk_id=0 chunk_qty=0.000000 buy_live=false sell_live=false chunk_live=false
[11:32:23.423] [INFO] [EXEC] STREAM_OWNERSHIP_AUDIT stream_id=9 state=WAIT_BUY buy_order_id=0 sell_order_id=0 chunk_id=0 chunk_qty=0.000000 buy_live=false sell_live=false chunk_live=false
[11:32:23.424] [INFO] [EXEC] STREAM_OWNERSHIP_AUDIT stream_id=10 state=WAIT_BUY buy_order_id=0 sell_order_id=0 chunk_id=0 chunk_qty=0.000000 buy_live=false sell_live=false chunk_live=false
[11:32:23.424] [INFO] [EXEC] STREAM_OWNERSHIP_AUDIT stream_id=11 state=WAIT_BUY buy_order_id=0 sell_order_id=0 chunk_id=0 chunk_qty=0.000000 buy_live=false sell_live=false chunk_live=false
[11:32:23.425] [INFO] [EXEC] STREAM_OWNERSHIP_AUDIT stream_id=12 state=WAIT_BUY buy_order_id=0 sell_order_id=0 chunk_id=0 chunk_qty=0.000000 buy_live=false sell_live=false chunk_live=false
[11:32:23.425] [INFO] [EXEC] STREAM_OWNERSHIP_AUDIT stream_id=13 state=WAIT_BUY buy_order_id=0 sell_order_id=0 chunk_id=0 chunk_qty=0.000000 buy_live=false sell_live=false chunk_live=false
[11:32:23.426] [INFO] [EXEC] STREAM_OWNERSHIP_AUDIT stream_id=14 state=WAIT_BUY buy_order_id=0 sell_order_id=0 chunk_id=0 chunk_qty=0.000000 buy_live=false sell_live=false chunk_live=false
[11:32:23.426] [INFO] [EXEC] STREAM_OWNERSHIP_AUDIT stream_id=15 state=WAIT_BUY buy_order_id=0 sell_order_id=0 chunk_id=0 chunk_qty=0.000000 buy_live=false sell_live=false chunk_live=false
[11:32:23.427] [INFO] [EXEC] STREAM_OWNERSHIP_AUDIT stream_id=16 state=WAIT_BUY buy_order_id=0 sell_order_id=0 chunk_id=0 chunk_qty=0.000000 buy_live=false sell_live=false chunk_live=false
[11:32:23.427] [INFO] [EXEC] STREAM_OWNERSHIP_AUDIT stream_id=17 state=WAIT_BUY buy_order_id=0 sell_order_id=0 chunk_id=0 chunk_qty=0.000000 buy_live=false sell_live=false chunk_live=false
[11:32:23.427] [INFO] [EXEC] STREAM_OWNERSHIP_AUDIT stream_id=18 state=WAIT_BUY buy_order_id=0 sell_order_id=0 chunk_id=0 chunk_qty=0.000000 buy_live=false sell_live=false chunk_live=false
[11:32:23.428] [INFO] [EXEC] STREAM_OWNERSHIP_AUDIT stream_id=19 state=WAIT_START buy_order_id=0 sell_order_id=0 chunk_id=0 chunk_qty=0.000000 buy_live=false sell_live=false chunk_live=false
[11:32:23.428] [INFO] [EXEC] STREAM_OWNERSHIP_AUDIT stream_id=20 state=WAIT_START buy_order_id=0 sell_order_id=0 chunk_id=0 chunk_qty=0.000000 buy_live=false sell_live=false chunk_live=false
[11:32:23.428] [ERROR] [EXEC] STREAM_STATE_MISMATCH reason=stream_inventory_qty_mismatch inventory_qty=0.000180 stream_chunks=0
[11:32:23.429] [INFO] [EXEC] STREAM_OWNERSHIP_SUMMARY streams_total=20 wait_buy=17 buy_placed=0 sell_active=1 exiting=0 recycle=0 chunks_total=1 stream_chunks=0 orphan_chunks=1 inventory_qty=0.000180 stream_inventory_qty=0.000000 orphan_inventory_qty=0.000180
[11:32:23.429] [INFO] [EXEC] STREAM_REPAIR_SKIP reason=stream_owned_inventory
[11:32:23.430] [ERROR] [EXEC] STREAM_OWNERSHIP_MISMATCH reason=qty_without_stream_chunks qty=0.000180
[11:32:23.430] [INFO] [EXEC] STREAM_GLOBAL_SMART_EXIT_BLOCKED reason=stream_owned_inventory qty=0.000180 trigger=exit_recovery_inventory_no_sell
[11:32:23.430] [ERROR] [EXEC] STREAM_OWNERSHIP_MISMATCH reason=qty_without_stream_chunks qty=0.000180
[11:32:23.431] [INFO] [EXEC] STREAM_GLOBAL_SMART_EXIT_BLOCKED reason=stream_owned_inventory qty=0.000180 trigger=place_sell
[11:32:24.129] [INFO] [EXEC] STREAM_EXIT_RETRY_STATUS stream_id=2 chunk_id=2497471402432 order_id=391904906 status=NEW
[11:32:24.130] [INFO] GUI_PERF tick_ms=0 logs_visible=False gui_log_mode=OFF append_skipped=277
[11:32:24.132] [ERROR] [EXEC] STREAM_OWNERSHIP_MISMATCH reason=qty_without_stream_chunks qty=0.000180
[11:32:25.376] [INFO] [EXEC] STREAM_EXIT_RETRY_STATUS stream_id=2 chunk_id=2497471402432 order_id=391904906 status=NEW
[11:32:25.377] [INFO] GUI_PERF tick_ms=0 logs_visible=False gui_log_mode=OFF append_skipped=279
[11:32:25.377] [WARNING] [EXEC] STREAM_SELL_TIMEOUT stream_id=2 chunk_id=2497471402432 order_id=391904906 age_ms=3770 timeout_ms=2800
[11:32:25.636] [INFO] [EXEC] STREAM_SELL_CANCEL_OLD stream_id=2 chunk_id=2497471402432 order_id=391904906
[11:32:25.637] [INFO] [EXEC] STREAM_STOP_LOSS_BLOCKED_RETRY_AVAILABLE retry_count=1 retry_max=2 stream_id=2 chunk_id=2497471402432 order_id=391904906
[11:32:25.638] [WARNING] [EXEC] STREAM_EXIT_RETRY_PLACED stream_id=2 chunk_id=2497471402432 order_id=pending qty=0.000180 price=79341.33 retry_count=2
[11:32:26.375] [INFO] [EXEC] STREAM_OWNERSHIP_AUDIT stream_id=1 state=WAIT_BUY buy_order_id=0 sell_order_id=0 chunk_id=0 chunk_qty=0.000000 buy_live=false sell_live=false chunk_live=false
[11:32:26.375] [INFO] [EXEC] STREAM_OWNERSHIP_AUDIT stream_id=2 state=SELL_PLACED buy_order_id=0 sell_order_id=391905016 chunk_id=2497471402432 chunk_qty=0.000180 buy_live=false sell_live=true chunk_live=true
[11:32:26.376] [INFO] [EXEC] STREAM_OWNERSHIP_AUDIT stream_id=3 state=WAIT_BUY buy_order_id=0 sell_order_id=0 chunk_id=0 chunk_qty=0.000000 buy_live=false sell_live=false chunk_live=false
[11:32:26.377] [INFO] GUI_PERF tick_ms=0 logs_visible=False gui_log_mode=OFF append_skipped=286
[11:32:26.378] [INFO] [EXEC] STREAM_OWNERSHIP_AUDIT stream_id=4 state=WAIT_BUY buy_order_id=0 sell_order_id=0 chunk_id=0 chunk_qty=0.000000 buy_live=false sell_live=false chunk_live=false
[11:32:26.378] [INFO] [EXEC] STREAM_OWNERSHIP_AUDIT stream_id=5 state=WAIT_BUY buy_order_id=0 sell_order_id=0 chunk_id=0 chunk_qty=0.000000 buy_live=false sell_live=false chunk_live=false
[11:32:26.379] [INFO] [EXEC] STREAM_OWNERSHIP_AUDIT stream_id=6 state=WAIT_BUY buy_order_id=0 sell_order_id=0 chunk_id=0 chunk_qty=0.000000 buy_live=false sell_live=false chunk_live=false
[11:32:26.379] [INFO] [EXEC] STREAM_OWNERSHIP_AUDIT stream_id=7 state=WAIT_BUY buy_order_id=0 sell_order_id=0 chunk_id=0 chunk_qty=0.000000 buy_live=false sell_live=false chunk_live=false
[11:32:26.379] [INFO] [EXEC] STREAM_OWNERSHIP_AUDIT stream_id=8 state=WAIT_BUY buy_order_id=0 sell_order_id=0 chunk_id=0 chunk_qty=0.000000 buy_live=false sell_live=false chunk_live=false
[11:32:26.380] [INFO] [EXEC] STREAM_OWNERSHIP_AUDIT stream_id=9 state=WAIT_BUY buy_order_id=0 sell_order_id=0 chunk_id=0 chunk_qty=0.000000 buy_live=false sell_live=false chunk_live=false
[11:32:26.380] [INFO] [EXEC] STREAM_OWNERSHIP_AUDIT stream_id=10 state=WAIT_BUY buy_order_id=0 sell_order_id=0 chunk_id=0 chunk_qty=0.000000 buy_live=false sell_live=false chunk_live=false
[11:32:26.380] [INFO] [EXEC] STREAM_OWNERSHIP_AUDIT stream_id=11 state=WAIT_BUY buy_order_id=0 sell_order_id=0 chunk_id=0 chunk_qty=0.000000 buy_live=false sell_live=false chunk_live=false
[11:32:26.381] [INFO] [EXEC] STREAM_OWNERSHIP_AUDIT stream_id=12 state=WAIT_BUY buy_order_id=0 sell_order_id=0 chunk_id=0 chunk_qty=0.000000 buy_live=false sell_live=false chunk_live=false
[11:32:26.381] [INFO] [EXEC] STREAM_OWNERSHIP_AUDIT stream_id=13 state=WAIT_BUY buy_order_id=0 sell_order_id=0 chunk_id=0 chunk_qty=0.000000 buy_live=false sell_live=false chunk_live=false
[11:32:26.381] [INFO] [EXEC] STREAM_OWNERSHIP_AUDIT stream_id=14 state=WAIT_BUY buy_order_id=0 sell_order_id=0 chunk_id=0 chunk_qty=0.000000 buy_live=false sell_live=false chunk_live=false
[11:32:26.381] [INFO] [EXEC] STREAM_OWNERSHIP_AUDIT stream_id=15 state=WAIT_BUY buy_order_id=0 sell_order_id=0 chunk_id=0 chunk_qty=0.000000 buy_live=false sell_live=false chunk_live=false
[11:32:26.382] [INFO] [EXEC] STREAM_OWNERSHIP_AUDIT stream_id=16 state=WAIT_BUY buy_order_id=0 sell_order_id=0 chunk_id=0 chunk_qty=0.000000 buy_live=false sell_live=false chunk_live=false
[11:32:26.382] [INFO] [EXEC] STREAM_OWNERSHIP_AUDIT stream_id=17 state=WAIT_BUY buy_order_id=0 sell_order_id=0 chunk_id=0 chunk_qty=0.000000 buy_live=false sell_live=false chunk_live=false
[11:32:26.382] [INFO] [EXEC] STREAM_OWNERSHIP_AUDIT stream_id=18 state=WAIT_BUY buy_order_id=0 sell_order_id=0 chunk_id=0 chunk_qty=0.000000 buy_live=false sell_live=false chunk_live=false
[11:32:26.382] [INFO] [EXEC] STREAM_OWNERSHIP_AUDIT stream_id=19 state=WAIT_START buy_order_id=0 sell_order_id=0 chunk_id=0 chunk_qty=0.000000 buy_live=false sell_live=false chunk_live=false
[11:32:26.383] [INFO] [EXEC] STREAM_OWNERSHIP_AUDIT stream_id=20 state=WAIT_START buy_order_id=0 sell_order_id=0 chunk_id=0 chunk_qty=0.000000 buy_live=false sell_live=false chunk_live=false
[11:32:26.383] [ERROR] [EXEC] STREAM_STATE_MISMATCH reason=stream_inventory_qty_mismatch inventory_qty=0.000180 stream_chunks=0
[11:32:26.383] [INFO] [EXEC] STREAM_OWNERSHIP_SUMMARY streams_total=20 wait_buy=17 buy_placed=0 sell_active=1 exiting=0 recycle=0 chunks_total=1 stream_chunks=0 orphan_chunks=1 inventory_qty=0.000180 stream_inventory_qty=0.000000 orphan_inventory_qty=0.000180
[11:32:26.384] [INFO] [EXEC] STREAM_REPAIR_SKIP reason=stream_owned_inventory
[11:32:26.385] [ERROR] [EXEC] STREAM_OWNERSHIP_MISMATCH reason=qty_without_stream_chunks qty=0.000180
[11:32:26.385] [INFO] [EXEC] STREAM_GLOBAL_SMART_EXIT_BLOCKED reason=stream_owned_inventory qty=0.000180 trigger=exit_recovery_inventory_no_sell
[11:32:26.385] [ERROR] [EXEC] STREAM_OWNERSHIP_MISMATCH reason=qty_without_stream_chunks qty=0.000180
[11:32:26.386] [INFO] [EXEC] STREAM_GLOBAL_SMART_EXIT_BLOCKED reason=stream_owned_inventory qty=0.000180 trigger=place_sell
[11:32:26.646] [INFO] [EXEC] STREAM_STATS_UI cycles=1 wins=1 losses=0 pnl=+0.000050 winrate=100.00%
[11:32:27.128] [INFO] [EXEC] STREAM_EXIT_RETRY_STATUS stream_id=2 chunk_id=2497471402432 order_id=391905016 status=NEW
[11:32:27.130] [INFO] [EXEC] STREAM_OWNERSHIP_AUDIT stream_id=1 state=WAIT_BUY buy_order_id=0 sell_order_id=0 chunk_id=0 chunk_qty=0.000000 buy_live=false sell_live=false chunk_live=false
[11:32:27.131] [INFO] [EXEC] STREAM_OWNERSHIP_AUDIT stream_id=2 state=SELL_PLACED buy_order_id=0 sell_order_id=391905016 chunk_id=2497471402432 chunk_qty=0.000180 buy_live=false sell_live=true chunk_live=true
[11:32:27.132] [INFO] [EXEC] STREAM_OWNERSHIP_AUDIT stream_id=3 state=WAIT_BUY buy_order_id=0 sell_order_id=0 chunk_id=0 chunk_qty=0.000000 buy_live=false sell_live=false chunk_live=false
[11:32:27.132] [INFO] [EXEC] STREAM_OWNERSHIP_AUDIT stream_id=4 state=WAIT_BUY buy_order_id=0 sell_order_id=0 chunk_id=0 chunk_qty=0.000000 buy_live=false sell_live=false chunk_live=false
[11:32:27.133] [INFO] [EXEC] STREAM_OWNERSHIP_AUDIT stream_id=5 state=WAIT_BUY buy_order_id=0 sell_order_id=0 chunk_id=0 chunk_qty=0.000000 buy_live=false sell_live=false chunk_live=false
[11:32:27.134] [INFO] [EXEC] STREAM_OWNERSHIP_AUDIT stream_id=6 state=WAIT_BUY buy_order_id=0 sell_order_id=0 chunk_id=0 chunk_qty=0.000000 buy_live=false sell_live=false chunk_live=false
[11:32:27.136] [INFO] [EXEC] STREAM_OWNERSHIP_AUDIT stream_id=7 state=WAIT_BUY buy_order_id=0 sell_order_id=0 chunk_id=0 chunk_qty=0.000000 buy_live=false sell_live=false chunk_live=false
[11:32:27.136] [INFO] [EXEC] STREAM_OWNERSHIP_AUDIT stream_id=8 state=WAIT_BUY buy_order_id=0 sell_order_id=0 chunk_id=0 chunk_qty=0.000000 buy_live=false sell_live=false chunk_live=false
[11:32:27.137] [INFO] [EXEC] STREAM_OWNERSHIP_AUDIT stream_id=9 state=WAIT_BUY buy_order_id=0 sell_order_id=0 chunk_id=0 chunk_qty=0.000000 buy_live=false sell_live=false chunk_live=false
[11:32:27.138] [INFO] [EXEC] STREAM_OWNERSHIP_AUDIT stream_id=10 state=WAIT_BUY buy_order_id=0 sell_order_id=0 chunk_id=0 chunk_qty=0.000000 buy_live=false sell_live=false chunk_live=false
[11:32:27.139] [INFO] [EXEC] STREAM_OWNERSHIP_AUDIT stream_id=11 state=WAIT_BUY buy_order_id=0 sell_order_id=0 chunk_id=0 chunk_qty=0.000000 buy_live=false sell_live=false chunk_live=false
[11:32:27.140] [INFO] [EXEC] STREAM_OWNERSHIP_AUDIT stream_id=12 state=WAIT_BUY buy_order_id=0 sell_order_id=0 chunk_id=0 chunk_qty=0.000000 buy_live=false sell_live=false chunk_live=false
[11:32:27.140] [INFO] [EXEC] STREAM_OWNERSHIP_AUDIT stream_id=13 state=WAIT_BUY buy_order_id=0 sell_order_id=0 chunk_id=0 chunk_qty=0.000000 buy_live=false sell_live=false chunk_live=false
[11:32:27.142] [INFO] [EXEC] STREAM_OWNERSHIP_AUDIT stream_id=14 state=WAIT_BUY buy_order_id=0 sell_order_id=0 chunk_id=0 chunk_qty=0.000000 buy_live=false sell_live=false chunk_live=false
[11:32:27.143] [INFO] [EXEC] STREAM_OWNERSHIP_AUDIT stream_id=15 state=WAIT_BUY buy_order_id=0 sell_order_id=0 chunk_id=0 chunk_qty=0.000000 buy_live=false sell_live=false chunk_live=false
[11:32:27.143] [INFO] [EXEC] STREAM_OWNERSHIP_AUDIT stream_id=16 state=WAIT_BUY buy_order_id=0 sell_order_id=0 chunk_id=0 chunk_qty=0.000000 buy_live=false sell_live=false chunk_live=false
[11:32:27.144] [INFO] [EXEC] STREAM_OWNERSHIP_AUDIT stream_id=17 state=WAIT_BUY buy_order_id=0 sell_order_id=0 chunk_id=0 chunk_qty=0.000000 buy_live=false sell_live=false chunk_live=false
[11:32:27.144] [INFO] [EXEC] STREAM_OWNERSHIP_AUDIT stream_id=18 state=WAIT_BUY buy_order_id=0 sell_order_id=0 chunk_id=0 chunk_qty=0.000000 buy_live=false sell_live=false chunk_live=false
[11:32:27.145] [INFO] [EXEC] STREAM_OWNERSHIP_AUDIT stream_id=19 state=WAIT_START buy_order_id=0 sell_order_id=0 chunk_id=0 chunk_qty=0.000000 buy_live=false sell_live=false chunk_live=false
[11:32:27.146] [INFO] [EXEC] STREAM_OWNERSHIP_AUDIT stream_id=20 state=WAIT_START buy_order_id=0 sell_order_id=0 chunk_id=0 chunk_qty=0.000000 buy_live=false sell_live=false chunk_live=false
[11:32:27.146] [ERROR] [EXEC] STREAM_STATE_MISMATCH reason=stream_inventory_qty_mismatch inventory_qty=0.000180 stream_chunks=0
[11:32:27.146] [INFO] [EXEC] STREAM_OWNERSHIP_SUMMARY streams_total=20 wait_buy=17 buy_placed=0 sell_active=1 exiting=0 recycle=0 chunks_total=1 stream_chunks=0 orphan_chunks=1 inventory_qty=0.000180 stream_inventory_qty=0.000000 orphan_inventory_qty=0.000180
[11:32:27.147] [ERROR] [EXEC] STREAM_OWNERSHIP_MISMATCH reason=qty_without_stream_chunks qty=0.000180
[11:32:27.891] [INFO] [EXEC] STREAM_EXIT_RETRY_STATUS stream_id=2 chunk_id=2497471402432 order_id=391905016 status=NEW
[11:32:27.892] [INFO] GUI_PERF tick_ms=0 logs_visible=False gui_log_mode=OFF append_skipped=336
[11:32:27.894] [ERROR] [EXEC] STREAM_OWNERSHIP_MISMATCH reason=qty_without_stream_chunks qty=0.000180
[11:32:28.637] [INFO] [EXEC] STREAM_EXIT_RETRY_STATUS stream_id=2 chunk_id=2497471402432 order_id=391905016 status=NEW
[11:32:28.637] [WARNING] [EXEC] STREAM_SELL_TIMEOUT stream_id=2 chunk_id=2497471402432 order_id=391905016 age_ms=3254 timeout_ms=2800
[11:32:28.893] [INFO] [EXEC] STREAM_SELL_CANCEL_OLD stream_id=2 chunk_id=2497471402432 order_id=391905016
[11:32:28.894] [INFO] GUI_PERF tick_ms=0 logs_visible=False gui_log_mode=OFF append_skipped=340
[11:32:28.894] [WARNING] [EXEC] STREAM_STOP_LOSS_EXIT stream_id=2 chunk_id=2497471402432 order_id=391905016 stop_price=79339.03 retry_count=2 retry_max=2
[11:32:28.894] [WARNING] [EXEC] STREAM_EXIT_ISOLATED stream_id=2 chunk_id=2497471402432 action=stop_loss_exit
[11:32:29.152] [WARNING] [EXEC] STREAM_EXIT_RETRY_PLACED stream_id=2 chunk_id=2497471402432 order_id=391905133 qty=0.000180 price=79339.03
[11:32:29.152] [INFO] [EXEC] STREAM_OWNERSHIP_AUDIT stream_id=1 state=WAIT_BUY buy_order_id=0 sell_order_id=0 chunk_id=0 chunk_qty=0.000000 buy_live=false sell_live=false chunk_live=false
[11:32:29.153] [INFO] [EXEC] STREAM_OWNERSHIP_AUDIT stream_id=2 state=EXITING buy_order_id=0 sell_order_id=391905133 chunk_id=2497471402432 chunk_qty=0.000180 buy_live=false sell_live=true chunk_live=true
[11:32:29.153] [INFO] [EXEC] STREAM_OWNERSHIP_AUDIT stream_id=3 state=WAIT_BUY buy_order_id=0 sell_order_id=0 chunk_id=0 chunk_qty=0.000000 buy_live=false sell_live=false chunk_live=false
[11:32:29.153] [INFO] [EXEC] STREAM_OWNERSHIP_AUDIT stream_id=4 state=WAIT_BUY buy_order_id=0 sell_order_id=0 chunk_id=0 chunk_qty=0.000000 buy_live=false sell_live=false chunk_live=false
[11:32:29.153] [INFO] [EXEC] STREAM_OWNERSHIP_AUDIT stream_id=5 state=WAIT_BUY buy_order_id=0 sell_order_id=0 chunk_id=0 chunk_qty=0.000000 buy_live=false sell_live=false chunk_live=false
[11:32:29.153] [INFO] [EXEC] STREAM_OWNERSHIP_AUDIT stream_id=6 state=WAIT_BUY buy_order_id=0 sell_order_id=0 chunk_id=0 chunk_qty=0.000000 buy_live=false sell_live=false chunk_live=false
[11:32:29.153] [INFO] [EXEC] STREAM_OWNERSHIP_AUDIT stream_id=7 state=WAIT_BUY buy_order_id=0 sell_order_id=0 chunk_id=0 chunk_qty=0.000000 buy_live=false sell_live=false chunk_live=false
[11:32:29.153] [INFO] [EXEC] STREAM_OWNERSHIP_AUDIT stream_id=8 state=WAIT_BUY buy_order_id=0 sell_order_id=0 chunk_id=0 chunk_qty=0.000000 buy_live=false sell_live=false chunk_live=false
[11:32:29.153] [INFO] [EXEC] STREAM_OWNERSHIP_AUDIT stream_id=9 state=WAIT_BUY buy_order_id=0 sell_order_id=0 chunk_id=0 chunk_qty=0.000000 buy_live=false sell_live=false chunk_live=false
[11:32:29.153] [INFO] [EXEC] STREAM_OWNERSHIP_AUDIT stream_id=10 state=WAIT_BUY buy_order_id=0 sell_order_id=0 chunk_id=0 chunk_qty=0.000000 buy_live=false sell_live=false chunk_live=false
[11:32:29.154] [INFO] [EXEC] STREAM_OWNERSHIP_AUDIT stream_id=11 state=WAIT_BUY buy_order_id=0 sell_order_id=0 chunk_id=0 chunk_qty=0.000000 buy_live=false sell_live=false chunk_live=false
[11:32:29.154] [INFO] [EXEC] STREAM_OWNERSHIP_AUDIT stream_id=12 state=WAIT_BUY buy_order_id=0 sell_order_id=0 chunk_id=0 chunk_qty=0.000000 buy_live=false sell_live=false chunk_live=false
[11:32:29.154] [INFO] [EXEC] STREAM_OWNERSHIP_AUDIT stream_id=13 state=WAIT_BUY buy_order_id=0 sell_order_id=0 chunk_id=0 chunk_qty=0.000000 buy_live=false sell_live=false chunk_live=false
[11:32:29.154] [INFO] [EXEC] STREAM_OWNERSHIP_AUDIT stream_id=14 state=WAIT_BUY buy_order_id=0 sell_order_id=0 chunk_id=0 chunk_qty=0.000000 buy_live=false sell_live=false chunk_live=false
[11:32:29.155] [INFO] [EXEC] STREAM_OWNERSHIP_AUDIT stream_id=15 state=WAIT_BUY buy_order_id=0 sell_order_id=0 chunk_id=0 chunk_qty=0.000000 buy_live=false sell_live=false chunk_live=false
[11:32:29.155] [INFO] [EXEC] STREAM_OWNERSHIP_AUDIT stream_id=16 state=WAIT_BUY buy_order_id=0 sell_order_id=0 chunk_id=0 chunk_qty=0.000000 buy_live=false sell_live=false chunk_live=false
[11:32:29.155] [INFO] [EXEC] STREAM_OWNERSHIP_AUDIT stream_id=17 state=WAIT_BUY buy_order_id=0 sell_order_id=0 chunk_id=0 chunk_qty=0.000000 buy_live=false sell_live=false chunk_live=false
[11:32:29.156] [INFO] [EXEC] STREAM_OWNERSHIP_AUDIT stream_id=18 state=WAIT_BUY buy_order_id=0 sell_order_id=0 chunk_id=0 chunk_qty=0.000000 buy_live=false sell_live=false chunk_live=false
[11:32:29.156] [INFO] [EXEC] STREAM_OWNERSHIP_AUDIT stream_id=19 state=WAIT_START buy_order_id=0 sell_order_id=0 chunk_id=0 chunk_qty=0.000000 buy_live=false sell_live=false chunk_live=false
[11:32:29.156] [INFO] [EXEC] STREAM_OWNERSHIP_AUDIT stream_id=20 state=WAIT_START buy_order_id=0 sell_order_id=0 chunk_id=0 chunk_qty=0.000000 buy_live=false sell_live=false chunk_live=false
[11:32:29.156] [ERROR] [EXEC] STREAM_STATE_MISMATCH reason=stream_inventory_qty_mismatch inventory_qty=0.000180 stream_chunks=0
[11:32:29.156] [INFO] [EXEC] STREAM_OWNERSHIP_SUMMARY streams_total=20 wait_buy=17 buy_placed=0 sell_active=0 exiting=1 recycle=0 chunks_total=1 stream_chunks=0 orphan_chunks=1 inventory_qty=0.000180 stream_inventory_qty=0.000000 orphan_inventory_qty=0.000180
[11:32:29.156] [INFO] [EXEC] STREAM_REPAIR_SKIP reason=stream_owned_inventory
[11:32:29.156] [ERROR] [EXEC] STREAM_OWNERSHIP_MISMATCH reason=qty_without_stream_chunks qty=0.000180
[11:32:29.157] [INFO] [EXEC] STREAM_GLOBAL_SMART_EXIT_BLOCKED reason=stream_owned_inventory qty=0.000180 trigger=exit_recovery_inventory_no_sell
[11:32:29.157] [ERROR] [EXEC] STREAM_OWNERSHIP_MISMATCH reason=qty_without_stream_chunks qty=0.000180
[11:32:29.157] [INFO] [EXEC] STREAM_GLOBAL_SMART_EXIT_BLOCKED reason=stream_owned_inventory qty=0.000180 trigger=place_sell
[11:32:29.680] [INFO] [EXEC] STREAM_EXIT_RETRY_STATUS stream_id=2 chunk_id=2497471402432 order_id=391905133 status=NEW
[11:32:29.680] [ERROR] [EXEC] STREAM_OWNERSHIP_MISMATCH reason=qty_without_stream_chunks qty=0.000180
[11:32:30.435] [INFO] [EXEC] STREAM_EXIT_RETRY_STATUS stream_id=2 chunk_id=2497471402432 order_id=391905133 status=NEW
[11:32:30.435] [INFO] GUI_PERF tick_ms=0 logs_visible=False gui_log_mode=OFF append_skipped=373
[11:32:30.435] [INFO] [EXEC] STREAM_OWNERSHIP_AUDIT stream_id=1 state=WAIT_BUY buy_order_id=0 sell_order_id=0 chunk_id=0 chunk_qty=0.000000 buy_live=false sell_live=false chunk_live=false
[11:32:30.436] [INFO] [EXEC] STREAM_OWNERSHIP_AUDIT stream_id=2 state=SELL_PLACED buy_order_id=0 sell_order_id=391905133 chunk_id=2497471402432 chunk_qty=0.000180 buy_live=false sell_live=true chunk_live=true
[11:32:30.436] [INFO] [EXEC] STREAM_OWNERSHIP_AUDIT stream_id=3 state=WAIT_BUY buy_order_id=0 sell_order_id=0 chunk_id=0 chunk_qty=0.000000 buy_live=false sell_live=false chunk_live=false
[11:32:30.436] [INFO] [EXEC] STREAM_OWNERSHIP_AUDIT stream_id=4 state=WAIT_BUY buy_order_id=0 sell_order_id=0 chunk_id=0 chunk_qty=0.000000 buy_live=false sell_live=false chunk_live=false
[11:32:30.436] [INFO] [EXEC] STREAM_OWNERSHIP_AUDIT stream_id=5 state=WAIT_BUY buy_order_id=0 sell_order_id=0 chunk_id=0 chunk_qty=0.000000 buy_live=false sell_live=false chunk_live=false
[11:32:30.436] [INFO] [EXEC] STREAM_OWNERSHIP_AUDIT stream_id=6 state=WAIT_BUY buy_order_id=0 sell_order_id=0 chunk_id=0 chunk_qty=0.000000 buy_live=false sell_live=false chunk_live=false
[11:32:30.436] [INFO] [EXEC] STREAM_OWNERSHIP_AUDIT stream_id=7 state=WAIT_BUY buy_order_id=0 sell_order_id=0 chunk_id=0 chunk_qty=0.000000 buy_live=false sell_live=false chunk_live=false
[11:32:30.436] [INFO] [EXEC] STREAM_OWNERSHIP_AUDIT stream_id=8 state=WAIT_BUY buy_order_id=0 sell_order_id=0 chunk_id=0 chunk_qty=0.000000 buy_live=false sell_live=false chunk_live=false
[11:32:30.436] [INFO] [EXEC] STREAM_OWNERSHIP_AUDIT stream_id=9 state=WAIT_BUY buy_order_id=0 sell_order_id=0 chunk_id=0 chunk_qty=0.000000 buy_live=false sell_live=false chunk_live=false
[11:32:30.437] [INFO] [EXEC] STREAM_OWNERSHIP_AUDIT stream_id=10 state=WAIT_BUY buy_order_id=0 sell_order_id=0 chunk_id=0 chunk_qty=0.000000 buy_live=false sell_live=false chunk_live=false
[11:32:30.437] [INFO] [EXEC] STREAM_OWNERSHIP_AUDIT stream_id=11 state=WAIT_BUY buy_order_id=0 sell_order_id=0 chunk_id=0 chunk_qty=0.000000 buy_live=false sell_live=false chunk_live=false
[11:32:30.437] [INFO] [EXEC] STREAM_OWNERSHIP_AUDIT stream_id=12 state=WAIT_BUY buy_order_id=0 sell_order_id=0 chunk_id=0 chunk_qty=0.000000 buy_live=false sell_live=false chunk_live=false
[11:32:30.437] [INFO] [EXEC] STREAM_OWNERSHIP_AUDIT stream_id=13 state=WAIT_BUY buy_order_id=0 sell_order_id=0 chunk_id=0 chunk_qty=0.000000 buy_live=false sell_live=false chunk_live=false
[11:32:30.437] [INFO] [EXEC] STREAM_OWNERSHIP_AUDIT stream_id=14 state=WAIT_BUY buy_order_id=0 sell_order_id=0 chunk_id=0 chunk_qty=0.000000 buy_live=false sell_live=false chunk_live=false
[11:32:30.437] [INFO] [EXEC] STREAM_OWNERSHIP_AUDIT stream_id=15 state=WAIT_BUY buy_order_id=0 sell_order_id=0 chunk_id=0 chunk_qty=0.000000 buy_live=false sell_live=false chunk_live=false
[11:32:30.437] [INFO] [EXEC] STREAM_OWNERSHIP_AUDIT stream_id=16 state=WAIT_BUY buy_order_id=0 sell_order_id=0 chunk_id=0 chunk_qty=0.000000 buy_live=false sell_live=false chunk_live=false
[11:32:30.438] [INFO] [EXEC] STREAM_OWNERSHIP_AUDIT stream_id=17 state=WAIT_BUY buy_order_id=0 sell_order_id=0 chunk_id=0 chunk_qty=0.000000 buy_live=false sell_live=false chunk_live=false
[11:32:30.438] [INFO] [EXEC] STREAM_OWNERSHIP_AUDIT stream_id=18 state=WAIT_BUY buy_order_id=0 sell_order_id=0 chunk_id=0 chunk_qty=0.000000 buy_live=false sell_live=false chunk_live=false
[11:32:30.438] [INFO] [EXEC] STREAM_OWNERSHIP_AUDIT stream_id=19 state=WAIT_START buy_order_id=0 sell_order_id=0 chunk_id=0 chunk_qty=0.000000 buy_live=false sell_live=false chunk_live=false
[11:32:30.438] [INFO] [EXEC] STREAM_OWNERSHIP_AUDIT stream_id=20 state=WAIT_START buy_order_id=0 sell_order_id=0 chunk_id=0 chunk_qty=0.000000 buy_live=false sell_live=false chunk_live=false
[11:32:30.438] [ERROR] [EXEC] STREAM_STATE_MISMATCH reason=stream_inventory_qty_mismatch inventory_qty=0.000180 stream_chunks=0
[11:32:30.438] [INFO] [EXEC] STREAM_OWNERSHIP_SUMMARY streams_total=20 wait_buy=17 buy_placed=0 sell_active=1 exiting=0 recycle=0 chunks_total=1 stream_chunks=0 orphan_chunks=1 inventory_qty=0.000180 stream_inventory_qty=0.000000 orphan_inventory_qty=0.000180
[11:32:30.439] [ERROR] [EXEC] STREAM_OWNERSHIP_MISMATCH reason=qty_without_stream_chunks qty=0.000180
[11:32:31.312] [INFO] [EXEC] STREAM_EXIT_RETRY_STATUS stream_id=2 chunk_id=2497471402432 order_id=391905133 status=NEW
[11:32:31.314] [ERROR] [EXEC] STREAM_OWNERSHIP_MISMATCH reason=qty_without_stream_chunks qty=0.000180
[11:32:31.952] [INFO] [EXEC] STREAM_EXIT_RETRY_STATUS stream_id=2 chunk_id=2497471402432 order_id=391905133 status=NEW
[11:32:31.953] [INFO] GUI_PERF tick_ms=0 logs_visible=False gui_log_mode=OFF append_skipped=399
[11:32:31.954] [WARNING] [EXEC] STREAM_SELL_TIMEOUT stream_id=2 chunk_id=2497471402432 order_id=391905133 age_ms=3322 timeout_ms=2800
[11:32:32.217] [INFO] [EXEC] STREAM_SELL_CANCEL_OLD stream_id=2 chunk_id=2497471402432 order_id=391905133
[11:32:32.218] [ERROR] [EXEC] STREAM_EXIT_STUCK stream_id=2 chunk_id=2497471402432 order_id=391905133
[11:32:32.218] [WARNING] [EXEC] STREAM_EXIT_ISOLATED stream_id=2 chunk_id=2497471402432 action=force_sell_reprice
[11:32:32.218] [INFO] [EXEC] STREAM_OWNERSHIP_AUDIT stream_id=1 state=WAIT_BUY buy_order_id=0 sell_order_id=0 chunk_id=0 chunk_qty=0.000000 buy_live=false sell_live=false chunk_live=false
[11:32:32.219] [INFO] [EXEC] STREAM_OWNERSHIP_AUDIT stream_id=2 state=SELL_PLACED buy_order_id=0 sell_order_id=391905133 chunk_id=2497471402432 chunk_qty=0.000180 buy_live=false sell_live=true chunk_live=true
[11:32:32.219] [INFO] [EXEC] STREAM_OWNERSHIP_AUDIT stream_id=3 state=WAIT_BUY buy_order_id=0 sell_order_id=0 chunk_id=0 chunk_qty=0.000000 buy_live=false sell_live=false chunk_live=false
[11:32:32.219] [INFO] [EXEC] STREAM_OWNERSHIP_AUDIT stream_id=4 state=WAIT_BUY buy_order_id=0 sell_order_id=0 chunk_id=0 chunk_qty=0.000000 buy_live=false sell_live=false chunk_live=false
[11:32:32.220] [INFO] [EXEC] STREAM_OWNERSHIP_AUDIT stream_id=5 state=WAIT_BUY buy_order_id=0 sell_order_id=0 chunk_id=0 chunk_qty=0.000000 buy_live=false sell_live=false chunk_live=false
[11:32:32.220] [INFO] [EXEC] STREAM_OWNERSHIP_AUDIT stream_id=6 state=WAIT_BUY buy_order_id=0 sell_order_id=0 chunk_id=0 chunk_qty=0.000000 buy_live=false sell_live=false chunk_live=false
[11:32:32.220] [INFO] [EXEC] STREAM_OWNERSHIP_AUDIT stream_id=7 state=WAIT_BUY buy_order_id=0 sell_order_id=0 chunk_id=0 chunk_qty=0.000000 buy_live=false sell_live=false chunk_live=false
[11:32:32.220] [INFO] [EXEC] STREAM_OWNERSHIP_AUDIT stream_id=8 state=WAIT_BUY buy_order_id=0 sell_order_id=0 chunk_id=0 chunk_qty=0.000000 buy_live=false sell_live=false chunk_live=false
[11:32:32.221] [INFO] [EXEC] STREAM_OWNERSHIP_AUDIT stream_id=9 state=WAIT_BUY buy_order_id=0 sell_order_id=0 chunk_id=0 chunk_qty=0.000000 buy_live=false sell_live=false chunk_live=false
[11:32:32.221] [INFO] [EXEC] STREAM_OWNERSHIP_AUDIT stream_id=10 state=WAIT_BUY buy_order_id=0 sell_order_id=0 chunk_id=0 chunk_qty=0.000000 buy_live=false sell_live=false chunk_live=false
[11:32:32.221] [INFO] [EXEC] STREAM_OWNERSHIP_AUDIT stream_id=11 state=WAIT_BUY buy_order_id=0 sell_order_id=0 chunk_id=0 chunk_qty=0.000000 buy_live=false sell_live=false chunk_live=false
[11:32:32.221] [INFO] [EXEC] STREAM_OWNERSHIP_AUDIT stream_id=12 state=WAIT_BUY buy_order_id=0 sell_order_id=0 chunk_id=0 chunk_qty=0.000000 buy_live=false sell_live=false chunk_live=false
[11:32:32.222] [INFO] [EXEC] STREAM_OWNERSHIP_AUDIT stream_id=13 state=WAIT_BUY buy_order_id=0 sell_order_id=0 chunk_id=0 chunk_qty=0.000000 buy_live=false sell_live=false chunk_live=false
[11:32:32.222] [INFO] [EXEC] STREAM_OWNERSHIP_AUDIT stream_id=14 state=WAIT_BUY buy_order_id=0 sell_order_id=0 chunk_id=0 chunk_qty=0.000000 buy_live=false sell_live=false chunk_live=false
[11:32:32.222] [INFO] [EXEC] STREAM_OWNERSHIP_AUDIT stream_id=15 state=WAIT_BUY buy_order_id=0 sell_order_id=0 chunk_id=0 chunk_qty=0.000000 buy_live=false sell_live=false chunk_live=false
[11:32:32.223] [INFO] [EXEC] STREAM_OWNERSHIP_AUDIT stream_id=16 state=WAIT_BUY buy_order_id=0 sell_order_id=0 chunk_id=0 chunk_qty=0.000000 buy_live=false sell_live=false chunk_live=false
[11:32:32.223] [INFO] [EXEC] STREAM_OWNERSHIP_AUDIT stream_id=17 state=WAIT_BUY buy_order_id=0 sell_order_id=0 chunk_id=0 chunk_qty=0.000000 buy_live=false sell_live=false chunk_live=false
[11:32:32.223] [INFO] [EXEC] STREAM_OWNERSHIP_AUDIT stream_id=18 state=WAIT_BUY buy_order_id=0 sell_order_id=0 chunk_id=0 chunk_qty=0.000000 buy_live=false sell_live=false chunk_live=false
[11:32:32.224] [INFO] [EXEC] STREAM_OWNERSHIP_AUDIT stream_id=19 state=WAIT_START buy_order_id=0 sell_order_id=0 chunk_id=0 chunk_qty=0.000000 buy_live=false sell_live=false chunk_live=false
[11:32:32.224] [INFO] [EXEC] STREAM_OWNERSHIP_AUDIT stream_id=20 state=WAIT_START buy_order_id=0 sell_order_id=0 chunk_id=0 chunk_qty=0.000000 buy_live=false sell_live=false chunk_live=false
[11:32:32.224] [ERROR] [EXEC] STREAM_STATE_MISMATCH reason=stream_inventory_qty_mismatch inventory_qty=0.000180 stream_chunks=0
[11:32:32.225] [INFO] [EXEC] STREAM_OWNERSHIP_SUMMARY streams_total=20 wait_buy=17 buy_placed=0 sell_active=1 exiting=0 recycle=0 chunks_total=1 stream_chunks=0 orphan_chunks=1 inventory_qty=0.000180 stream_inventory_qty=0.000000 orphan_inventory_qty=0.000180
[11:32:32.225] [ERROR] [EXEC] STREAM_OWNERSHIP_MISMATCH reason=qty_without_stream_chunks qty=0.000180
[11:32:32.226] [INFO] [EXEC] EXIT RECOVERY inventory_no_sell qty=0.000180
[11:32:32.226] [ERROR] [EXEC] STREAM_OWNERSHIP_MISMATCH reason=qty_without_stream_chunks qty=0.000180
[11:32:32.781] [INFO] [EXEC] SELL CHECK inventory=0.000180 reported=0.000000 remaining=0.000180 chunks=1
[11:32:32.781] [INFO] [EXEC] PLACE_SELL_SOURCE source=plan price=79341.25
[11:32:32.782] [OK] [EXEC] PLACE SELL price=79341.25 qty=0.000180
[11:32:33.039] [WARNING] [EXEC] SELL_HOLD_RECOVERY_START orderId=391905312 entry=79341.23 floor=79341.25 ask=79319.70
[11:32:33.041] [INFO] GUI_PERF tick_ms=0 logs_visible=False gui_log_mode=OFF append_skipped=432
[11:32:33.042] [OK] [EXEC] SELL ORDER SENT orderId=391905312
[11:32:33.046] [OK] [PLAN] READY entry=79310.42 exit=79319.69 profit=0.001669 age=3322ms
[11:32:33.047] [INFO] [EXEC] STREAM_STATS_UI cycles=1 wins=1 losses=0 pnl=+0.000050 winrate=100.00%
[11:32:33.729] [INFO] [EXEC] STREAM_OWNERSHIP_AUDIT stream_id=1 state=WAIT_BUY buy_order_id=0 sell_order_id=0 chunk_id=0 chunk_qty=0.000000 buy_live=false sell_live=false chunk_live=false
[11:32:33.729] [INFO] [EXEC] STREAM_OWNERSHIP_AUDIT stream_id=2 state=SELL_PLACED buy_order_id=0 sell_order_id=391905133 chunk_id=2497471402432 chunk_qty=0.000180 buy_live=false sell_live=true chunk_live=true
[11:32:33.730] [INFO] [EXEC] STREAM_OWNERSHIP_AUDIT stream_id=3 state=WAIT_BUY buy_order_id=0 sell_order_id=0 chunk_id=0 chunk_qty=0.000000 buy_live=false sell_live=false chunk_live=false
[11:32:33.731] [INFO] [EXEC] STREAM_OWNERSHIP_AUDIT stream_id=4 state=WAIT_BUY buy_order_id=0 sell_order_id=0 chunk_id=0 chunk_qty=0.000000 buy_live=false sell_live=false chunk_live=false
[11:32:33.732] [INFO] [EXEC] STREAM_OWNERSHIP_AUDIT stream_id=5 state=WAIT_BUY buy_order_id=0 sell_order_id=0 chunk_id=0 chunk_qty=0.000000 buy_live=false sell_live=false chunk_live=false
[11:32:33.733] [INFO] [EXEC] STREAM_OWNERSHIP_AUDIT stream_id=6 state=WAIT_BUY buy_order_id=0 sell_order_id=0 chunk_id=0 chunk_qty=0.000000 buy_live=false sell_live=false chunk_live=false
[11:32:33.733] [INFO] [EXEC] STREAM_OWNERSHIP_AUDIT stream_id=7 state=WAIT_BUY buy_order_id=0 sell_order_id=0 chunk_id=0 chunk_qty=0.000000 buy_live=false sell_live=false chunk_live=false
[11:32:33.734] [INFO] [EXEC] STREAM_OWNERSHIP_AUDIT stream_id=8 state=WAIT_BUY buy_order_id=0 sell_order_id=0 chunk_id=0 chunk_qty=0.000000 buy_live=false sell_live=false chunk_live=false
[11:32:33.734] [INFO] [EXEC] STREAM_OWNERSHIP_AUDIT stream_id=9 state=WAIT_BUY buy_order_id=0 sell_order_id=0 chunk_id=0 chunk_qty=0.000000 buy_live=false sell_live=false chunk_live=false
[11:32:33.735] [INFO] [EXEC] STREAM_OWNERSHIP_AUDIT stream_id=10 state=WAIT_BUY buy_order_id=0 sell_order_id=0 chunk_id=0 chunk_qty=0.000000 buy_live=false sell_live=false chunk_live=false
[11:32:33.735] [INFO] [EXEC] STREAM_OWNERSHIP_AUDIT stream_id=11 state=WAIT_BUY buy_order_id=0 sell_order_id=0 chunk_id=0 chunk_qty=0.000000 buy_live=false sell_live=false chunk_live=false
[11:32:33.736] [INFO] [EXEC] STREAM_OWNERSHIP_AUDIT stream_id=12 state=WAIT_BUY buy_order_id=0 sell_order_id=0 chunk_id=0 chunk_qty=0.000000 buy_live=false sell_live=false chunk_live=false
[11:32:33.736] [INFO] [EXEC] STREAM_OWNERSHIP_AUDIT stream_id=13 state=WAIT_BUY buy_order_id=0 sell_order_id=0 chunk_id=0 chunk_qty=0.000000 buy_live=false sell_live=false chunk_live=false
[11:32:33.736] [INFO] [EXEC] STREAM_OWNERSHIP_AUDIT stream_id=14 state=WAIT_BUY buy_order_id=0 sell_order_id=0 chunk_id=0 chunk_qty=0.000000 buy_live=false sell_live=false chunk_live=false
[11:32:33.737] [INFO] [EXEC] STREAM_OWNERSHIP_AUDIT stream_id=15 state=WAIT_BUY buy_order_id=0 sell_order_id=0 chunk_id=0 chunk_qty=0.000000 buy_live=false sell_live=false chunk_live=false
[11:32:33.737] [INFO] [EXEC] STREAM_OWNERSHIP_AUDIT stream_id=16 state=WAIT_BUY buy_order_id=0 sell_order_id=0 chunk_id=0 chunk_qty=0.000000 buy_live=false sell_live=false chunk_live=false
[11:32:33.738] [INFO] [EXEC] STREAM_OWNERSHIP_AUDIT stream_id=17 state=WAIT_BUY buy_order_id=0 sell_order_id=0 chunk_id=0 chunk_qty=0.000000 buy_live=false sell_live=false chunk_live=false
[11:32:33.738] [INFO] [EXEC] STREAM_OWNERSHIP_AUDIT stream_id=18 state=WAIT_BUY buy_order_id=0 sell_order_id=0 chunk_id=0 chunk_qty=0.000000 buy_live=false sell_live=false chunk_live=false
[11:32:33.739] [INFO] [EXEC] STREAM_OWNERSHIP_AUDIT stream_id=19 state=WAIT_START buy_order_id=0 sell_order_id=0 chunk_id=0 chunk_qty=0.000000 buy_live=false sell_live=false chunk_live=false
[11:32:33.739] [INFO] [EXEC] STREAM_OWNERSHIP_AUDIT stream_id=20 state=WAIT_START buy_order_id=0 sell_order_id=0 chunk_id=0 chunk_qty=0.000000 buy_live=false sell_live=false chunk_live=false
[11:32:33.739] [ERROR] [EXEC] STREAM_STATE_MISMATCH reason=stream_inventory_qty_mismatch inventory_qty=0.000180 stream_chunks=0
[11:32:33.740] [INFO] [EXEC] STREAM_OWNERSHIP_SUMMARY streams_total=20 wait_buy=17 buy_placed=0 sell_active=1 exiting=0 recycle=0 chunks_total=1 stream_chunks=0 orphan_chunks=1 inventory_qty=0.000180 stream_inventory_qty=0.000000 orphan_inventory_qty=0.000180
[11:32:34.984] [INFO] [EXEC] SELL_WATCHDOG_SYNC orderId=391905312 status=NEW
[11:32:34.984] [INFO] GUI_PERF tick_ms=0 logs_visible=False gui_log_mode=OFF append_skipped=458
[11:32:34.985] [INFO] [EXEC] SELL_WATCHDOG_FAR_IGNORE orderId=391905312 reason=protected_sell dist_ticks=3455
[11:32:35.717] [INFO] [EXEC] STREAM_OWNERSHIP_AUDIT stream_id=1 state=WAIT_BUY buy_order_id=0 sell_order_id=0 chunk_id=0 chunk_qty=0.000000 buy_live=false sell_live=false chunk_live=false
[11:32:35.721] [INFO] [EXEC] STREAM_OWNERSHIP_AUDIT stream_id=2 state=SELL_PLACED buy_order_id=0 sell_order_id=391905133 chunk_id=2497471402432 chunk_qty=0.000180 buy_live=false sell_live=true chunk_live=true
[11:32:35.722] [INFO] [EXEC] STREAM_OWNERSHIP_AUDIT stream_id=3 state=WAIT_BUY buy_order_id=0 sell_order_id=0 chunk_id=0 chunk_qty=0.000000 buy_live=false sell_live=false chunk_live=false
[11:32:35.723] [INFO] [EXEC] STREAM_OWNERSHIP_AUDIT stream_id=4 state=WAIT_BUY buy_order_id=0 sell_order_id=0 chunk_id=0 chunk_qty=0.000000 buy_live=false sell_live=false chunk_live=false
[11:32:35.724] [INFO] [EXEC] STREAM_OWNERSHIP_AUDIT stream_id=5 state=WAIT_BUY buy_order_id=0 sell_order_id=0 chunk_id=0 chunk_qty=0.000000 buy_live=false sell_live=false chunk_live=false
[11:32:35.725] [INFO] [EXEC] STREAM_OWNERSHIP_AUDIT stream_id=6 state=WAIT_BUY buy_order_id=0 sell_order_id=0 chunk_id=0 chunk_qty=0.000000 buy_live=false sell_live=false chunk_live=false
[11:32:35.726] [INFO] [EXEC] STREAM_OWNERSHIP_AUDIT stream_id=7 state=WAIT_BUY buy_order_id=0 sell_order_id=0 chunk_id=0 chunk_qty=0.000000 buy_live=false sell_live=false chunk_live=false
[11:32:35.727] [INFO] [EXEC] STREAM_OWNERSHIP_AUDIT stream_id=8 state=WAIT_BUY buy_order_id=0 sell_order_id=0 chunk_id=0 chunk_qty=0.000000 buy_live=false sell_live=false chunk_live=false
[11:32:35.728] [INFO] [EXEC] STREAM_OWNERSHIP_AUDIT stream_id=9 state=WAIT_BUY buy_order_id=0 sell_order_id=0 chunk_id=0 chunk_qty=0.000000 buy_live=false sell_live=false chunk_live=false
[11:32:35.729] [INFO] [EXEC] STREAM_OWNERSHIP_AUDIT stream_id=10 state=WAIT_BUY buy_order_id=0 sell_order_id=0 chunk_id=0 chunk_qty=0.000000 buy_live=false sell_live=false chunk_live=false
[11:32:35.729] [INFO] [EXEC] STREAM_OWNERSHIP_AUDIT stream_id=11 state=WAIT_BUY buy_order_id=0 sell_order_id=0 chunk_id=0 chunk_qty=0.000000 buy_live=false sell_live=false chunk_live=false
[11:32:35.730] [INFO] [EXEC] STREAM_OWNERSHIP_AUDIT stream_id=12 state=WAIT_BUY buy_order_id=0 sell_order_id=0 chunk_id=0 chunk_qty=0.000000 buy_live=false sell_live=false chunk_live=false
[11:32:35.731] [INFO] [EXEC] STREAM_OWNERSHIP_AUDIT stream_id=13 state=WAIT_BUY buy_order_id=0 sell_order_id=0 chunk_id=0 chunk_qty=0.000000 buy_live=false sell_live=false chunk_live=false
[11:32:35.733] [INFO] [EXEC] STREAM_OWNERSHIP_AUDIT stream_id=14 state=WAIT_BUY buy_order_id=0 sell_order_id=0 chunk_id=0 chunk_qty=0.000000 buy_live=false sell_live=false chunk_live=false
[11:32:35.734] [INFO] [EXEC] STREAM_OWNERSHIP_AUDIT stream_id=15 state=WAIT_BUY buy_order_id=0 sell_order_id=0 chunk_id=0 chunk_qty=0.000000 buy_live=false sell_live=false chunk_live=false
[11:32:35.735] [INFO] [EXEC] STREAM_OWNERSHIP_AUDIT stream_id=16 state=WAIT_BUY buy_order_id=0 sell_order_id=0 chunk_id=0 chunk_qty=0.000000 buy_live=false sell_live=false chunk_live=false
[11:32:35.736] [INFO] [EXEC] STREAM_OWNERSHIP_AUDIT stream_id=17 state=WAIT_BUY buy_order_id=0 sell_order_id=0 chunk_id=0 chunk_qty=0.000000 buy_live=false sell_live=false chunk_live=false
[11:32:35.736] [INFO] [EXEC] STREAM_OWNERSHIP_AUDIT stream_id=18 state=WAIT_BUY buy_order_id=0 sell_order_id=0 chunk_id=0 chunk_qty=0.000000 buy_live=false sell_live=false chunk_live=false
[11:32:35.737] [INFO] [EXEC] STREAM_OWNERSHIP_AUDIT stream_id=19 state=WAIT_START buy_order_id=0 sell_order_id=0 chunk_id=0 chunk_qty=0.000000 buy_live=false sell_live=false chunk_live=false
[11:32:35.738] [INFO] [EXEC] STREAM_OWNERSHIP_AUDIT stream_id=20 state=WAIT_START buy_order_id=0 sell_order_id=0 chunk_id=0 chunk_qty=0.000000 buy_live=false sell_live=false chunk_live=false
[11:32:35.739] [ERROR] [EXEC] STREAM_STATE_MISMATCH reason=stream_inventory_qty_mismatch inventory_qty=0.000180 stream_chunks=0
[11:32:35.740] [INFO] [EXEC] STREAM_OWNERSHIP_SUMMARY streams_total=20 wait_buy=17 buy_placed=0 sell_active=1 exiting=0 recycle=0 chunks_total=1 stream_chunks=0 orphan_chunks=1 inventory_qty=0.000180 stream_inventory_qty=0.000000 orphan_inventory_qty=0.000180
[11:32:35.999] [INFO] [EXEC] SELL_WATCHDOG_SYNC orderId=391905312 status=NEW
[11:32:36.000] [INFO] GUI_PERF tick_ms=0 logs_visible=False gui_log_mode=OFF append_skipped=482
[11:32:37.792] [INFO] [EXEC] STREAM_STATS_UI cycles=1 wins=1 losses=0 pnl=+0.000050 winrate=100.00%
[11:32:37.792] [INFO] GUI_PERF tick_ms=0 logs_visible=False gui_log_mode=OFF append_skipped=483
[11:32:38.004] [INFO] [EXEC] STREAM_OWNERSHIP_AUDIT stream_id=1 state=WAIT_BUY buy_order_id=0 sell_order_id=0 chunk_id=0 chunk_qty=0.000000 buy_live=false sell_live=false chunk_live=false
[11:32:38.005] [INFO] [EXEC] STREAM_OWNERSHIP_AUDIT stream_id=2 state=SELL_PLACED buy_order_id=0 sell_order_id=391905133 chunk_id=2497471402432 chunk_qty=0.000180 buy_live=false sell_live=true chunk_live=true
[11:32:38.006] [INFO] [EXEC] STREAM_OWNERSHIP_AUDIT stream_id=3 state=WAIT_BUY buy_order_id=0 sell_order_id=0 chunk_id=0 chunk_qty=0.000000 buy_live=false sell_live=false chunk_live=false
[11:32:38.007] [INFO] [EXEC] STREAM_OWNERSHIP_AUDIT stream_id=4 state=WAIT_BUY buy_order_id=0 sell_order_id=0 chunk_id=0 chunk_qty=0.000000 buy_live=false sell_live=false chunk_live=false
[11:32:38.008] [INFO] [EXEC] STREAM_OWNERSHIP_AUDIT stream_id=5 state=WAIT_BUY buy_order_id=0 sell_order_id=0 chunk_id=0 chunk_qty=0.000000 buy_live=false sell_live=false chunk_live=false
[11:32:38.009] [INFO] [EXEC] STREAM_OWNERSHIP_AUDIT stream_id=6 state=WAIT_BUY buy_order_id=0 sell_order_id=0 chunk_id=0 chunk_qty=0.000000 buy_live=false sell_live=false chunk_live=false
[11:32:38.009] [INFO] [EXEC] STREAM_OWNERSHIP_AUDIT stream_id=7 state=WAIT_BUY buy_order_id=0 sell_order_id=0 chunk_id=0 chunk_qty=0.000000 buy_live=false sell_live=false chunk_live=false
[11:32:38.010] [INFO] [EXEC] STREAM_OWNERSHIP_AUDIT stream_id=8 state=WAIT_BUY buy_order_id=0 sell_order_id=0 chunk_id=0 chunk_qty=0.000000 buy_live=false sell_live=false chunk_live=false
[11:32:38.011] [INFO] [EXEC] STREAM_OWNERSHIP_AUDIT stream_id=9 state=WAIT_BUY buy_order_id=0 sell_order_id=0 chunk_id=0 chunk_qty=0.000000 buy_live=false sell_live=false chunk_live=false
[11:32:38.011] [INFO] [EXEC] STREAM_OWNERSHIP_AUDIT stream_id=10 state=WAIT_BUY buy_order_id=0 sell_order_id=0 chunk_id=0 chunk_qty=0.000000 buy_live=false sell_live=false chunk_live=false
[11:32:38.012] [INFO] [EXEC] STREAM_OWNERSHIP_AUDIT stream_id=11 state=WAIT_BUY buy_order_id=0 sell_order_id=0 chunk_id=0 chunk_qty=0.000000 buy_live=false sell_live=false chunk_live=false
[11:32:38.013] [INFO] [EXEC] STREAM_OWNERSHIP_AUDIT stream_id=12 state=WAIT_BUY buy_order_id=0 sell_order_id=0 chunk_id=0 chunk_qty=0.000000 buy_live=false sell_live=false chunk_live=false
[11:32:38.013] [INFO] [EXEC] STREAM_OWNERSHIP_AUDIT stream_id=13 state=WAIT_BUY buy_order_id=0 sell_order_id=0 chunk_id=0 chunk_qty=0.000000 buy_live=false sell_live=false chunk_live=false
[11:32:38.014] [INFO] [EXEC] STREAM_OWNERSHIP_AUDIT stream_id=14 state=WAIT_BUY buy_order_id=0 sell_order_id=0 chunk_id=0 chunk_qty=0.000000 buy_live=false sell_live=false chunk_live=false
[11:32:38.015] [INFO] [EXEC] STREAM_OWNERSHIP_AUDIT stream_id=15 state=WAIT_BUY buy_order_id=0 sell_order_id=0 chunk_id=0 chunk_qty=0.000000 buy_live=false sell_live=false chunk_live=false
[11:32:38.015] [INFO] [EXEC] STREAM_OWNERSHIP_AUDIT stream_id=16 state=WAIT_BUY buy_order_id=0 sell_order_id=0 chunk_id=0 chunk_qty=0.000000 buy_live=false sell_live=false chunk_live=false
[11:32:38.016] [INFO] [EXEC] STREAM_OWNERSHIP_AUDIT stream_id=17 state=WAIT_BUY buy_order_id=0 sell_order_id=0 chunk_id=0 chunk_qty=0.000000 buy_live=false sell_live=false chunk_live=false
[11:32:38.016] [INFO] [EXEC] STREAM_OWNERSHIP_AUDIT stream_id=18 state=WAIT_BUY buy_order_id=0 sell_order_id=0 chunk_id=0 chunk_qty=0.000000 buy_live=false sell_live=false chunk_live=false
[11:32:38.017] [INFO] [EXEC] STREAM_OWNERSHIP_AUDIT stream_id=19 state=WAIT_START buy_order_id=0 sell_order_id=0 chunk_id=0 chunk_qty=0.000000 buy_live=false sell_live=false chunk_live=false
[11:32:38.017] [INFO] [EXEC] STREAM_OWNERSHIP_AUDIT stream_id=20 state=WAIT_START buy_order_id=0 sell_order_id=0 chunk_id=0 chunk_qty=0.000000 buy_live=false sell_live=false chunk_live=false
[11:32:38.017] [ERROR] [EXEC] STREAM_STATE_MISMATCH reason=stream_inventory_qty_mismatch inventory_qty=0.000180 stream_chunks=0
[11:32:38.018] [INFO] [EXEC] STREAM_OWNERSHIP_SUMMARY streams_total=20 wait_buy=17 buy_placed=0 sell_active=1 exiting=0 recycle=0 chunks_total=1 stream_chunks=0 orphan_chunks=1 inventory_qty=0.000180 stream_inventory_qty=0.000000 orphan_inventory_qty=0.000180
[11:32:38.282] [INFO] [EXEC] SELL_WATCHDOG_SYNC orderId=391905312 status=NEW
[11:32:39.273] [INFO] [EXEC] HOLD_PROTECTED_SKIP_EXIT_ESCALATION reason=force_flat_after_ms orderId=391905312 hold_age=5977 soft=5000 hard=12000
[11:32:39.275] [INFO] GUI_PERF tick_ms=0 logs_visible=False gui_log_mode=OFF append_skipped=507
[11:32:40.026] [INFO] [EXEC] STREAM_OWNERSHIP_AUDIT stream_id=1 state=WAIT_BUY buy_order_id=0 sell_order_id=0 chunk_id=0 chunk_qty=0.000000 buy_live=false sell_live=false chunk_live=false
[11:32:40.027] [INFO] [EXEC] STREAM_OWNERSHIP_AUDIT stream_id=2 state=SELL_PLACED buy_order_id=0 sell_order_id=391905133 chunk_id=2497471402432 chunk_qty=0.000180 buy_live=false sell_live=true chunk_live=true
[11:32:40.028] [INFO] [EXEC] STREAM_OWNERSHIP_AUDIT stream_id=3 state=WAIT_BUY buy_order_id=0 sell_order_id=0 chunk_id=0 chunk_qty=0.000000 buy_live=false sell_live=false chunk_live=false
[11:32:40.028] [INFO] [EXEC] STREAM_OWNERSHIP_AUDIT stream_id=4 state=WAIT_BUY buy_order_id=0 sell_order_id=0 chunk_id=0 chunk_qty=0.000000 buy_live=false sell_live=false chunk_live=false
[11:32:40.029] [INFO] [EXEC] STREAM_OWNERSHIP_AUDIT stream_id=5 state=WAIT_BUY buy_order_id=0 sell_order_id=0 chunk_id=0 chunk_qty=0.000000 buy_live=false sell_live=false chunk_live=false
[11:32:40.030] [INFO] [EXEC] STREAM_OWNERSHIP_AUDIT stream_id=6 state=WAIT_BUY buy_order_id=0 sell_order_id=0 chunk_id=0 chunk_qty=0.000000 buy_live=false sell_live=false chunk_live=false
[11:32:40.030] [INFO] [EXEC] STREAM_OWNERSHIP_AUDIT stream_id=7 state=WAIT_BUY buy_order_id=0 sell_order_id=0 chunk_id=0 chunk_qty=0.000000 buy_live=false sell_live=false chunk_live=false
[11:32:40.030] [INFO] [EXEC] STREAM_OWNERSHIP_AUDIT stream_id=8 state=WAIT_BUY buy_order_id=0 sell_order_id=0 chunk_id=0 chunk_qty=0.000000 buy_live=false sell_live=false chunk_live=false
[11:32:40.031] [INFO] [EXEC] STREAM_OWNERSHIP_AUDIT stream_id=9 state=WAIT_BUY buy_order_id=0 sell_order_id=0 chunk_id=0 chunk_qty=0.000000 buy_live=false sell_live=false chunk_live=false
[11:32:40.031] [INFO] [EXEC] STREAM_OWNERSHIP_AUDIT stream_id=10 state=WAIT_BUY buy_order_id=0 sell_order_id=0 chunk_id=0 chunk_qty=0.000000 buy_live=false sell_live=false chunk_live=false
[11:32:40.031] [INFO] [EXEC] STREAM_OWNERSHIP_AUDIT stream_id=11 state=WAIT_BUY buy_order_id=0 sell_order_id=0 chunk_id=0 chunk_qty=0.000000 buy_live=false sell_live=false chunk_live=false
[11:32:40.031] [INFO] [EXEC] STREAM_OWNERSHIP_AUDIT stream_id=12 state=WAIT_BUY buy_order_id=0 sell_order_id=0 chunk_id=0 chunk_qty=0.000000 buy_live=false sell_live=false chunk_live=false
[11:32:40.032] [INFO] [EXEC] STREAM_OWNERSHIP_AUDIT stream_id=13 state=WAIT_BUY buy_order_id=0 sell_order_id=0 chunk_id=0 chunk_qty=0.000000 buy_live=false sell_live=false chunk_live=false
[11:32:40.032] [INFO] [EXEC] STREAM_OWNERSHIP_AUDIT stream_id=14 state=WAIT_BUY buy_order_id=0 sell_order_id=0 chunk_id=0 chunk_qty=0.000000 buy_live=false sell_live=false chunk_live=false
[11:32:40.032] [INFO] [EXEC] STREAM_OWNERSHIP_AUDIT stream_id=15 state=WAIT_BUY buy_order_id=0 sell_order_id=0 chunk_id=0 chunk_qty=0.000000 buy_live=false sell_live=false chunk_live=false
[11:32:40.033] [INFO] [EXEC] STREAM_OWNERSHIP_AUDIT stream_id=16 state=WAIT_BUY buy_order_id=0 sell_order_id=0 chunk_id=0 chunk_qty=0.000000 buy_live=false sell_live=false chunk_live=false
[11:32:40.033] [INFO] [EXEC] STREAM_OWNERSHIP_AUDIT stream_id=17 state=WAIT_BUY buy_order_id=0 sell_order_id=0 chunk_id=0 chunk_qty=0.000000 buy_live=false sell_live=false chunk_live=false
[11:32:40.033] [INFO] [EXEC] STREAM_OWNERSHIP_AUDIT stream_id=18 state=WAIT_BUY buy_order_id=0 sell_order_id=0 chunk_id=0 chunk_qty=0.000000 buy_live=false sell_live=false chunk_live=false
[11:32:40.034] [INFO] [EXEC] STREAM_OWNERSHIP_AUDIT stream_id=19 state=WAIT_START buy_order_id=0 sell_order_id=0 chunk_id=0 chunk_qty=0.000000 buy_live=false sell_live=false chunk_live=false
[11:32:40.034] [INFO] [EXEC] STREAM_OWNERSHIP_AUDIT stream_id=20 state=WAIT_START buy_order_id=0 sell_order_id=0 chunk_id=0 chunk_qty=0.000000 buy_live=false sell_live=false chunk_live=false
[11:32:40.034] [ERROR] [EXEC] STREAM_STATE_MISMATCH reason=stream_inventory_qty_mismatch inventory_qty=0.000180 stream_chunks=0
[11:32:40.035] [INFO] [EXEC] STREAM_OWNERSHIP_SUMMARY streams_total=20 wait_buy=17 buy_placed=0 sell_active=1 exiting=0 recycle=0 chunks_total=1 stream_chunks=0 orphan_chunks=1 inventory_qty=0.000180 stream_inventory_qty=0.000000 orphan_inventory_qty=0.000180
[11:32:40.296] [INFO] [EXEC] SELL_WATCHDOG_SYNC orderId=391905312 status=NEW
[11:32:40.297] [INFO] GUI_PERF tick_ms=0 logs_visible=False gui_log_mode=OFF append_skipped=530
[11:32:40.298] [WARNING] [EXEC] SMART_EXIT_ACTIVE
[11:32:40.298] [WARNING] [EXEC] SMART_EXIT_BREAK_HOLD reason=too_far age=6996 dist_ticks=4750
[11:32:40.833] [WARNING] [EXEC] TAKER_EXIT_TRIGGER reason=smart_break_hold_too_far age=7254 qty=0.000180
[11:32:40.833] [WARNING] [EXEC] SMART_EXIT_TO_TAKER reason=smart_break_hold_too_far
[11:32:40.834] [WARNING] [EXEC] TAKER_EXIT_CANCEL_MAKER orderId=391905312
[11:32:41.611] [INFO] [EXEC] PLACE_SELL_SOURCE source=taker price=79286.05
[11:32:41.612] [INFO] GUI_PERF tick_ms=0 logs_visible=False gui_log_mode=OFF append_skipped=536
[11:32:41.873] [WARNING] [EXEC] TAKER_EXIT_ORDER_SENT id=391905691 price=79286.05 qty=0.000180
[11:32:42.391] [WARNING] [SYNC] desync fixed
[11:32:42.562] [INFO] [EXEC] STREAM_OWNERSHIP_AUDIT stream_id=1 state=WAIT_BUY buy_order_id=0 sell_order_id=0 chunk_id=0 chunk_qty=0.000000 buy_live=false sell_live=false chunk_live=false
[11:32:42.563] [INFO] [EXEC] STREAM_OWNERSHIP_AUDIT stream_id=2 state=SELL_PLACED buy_order_id=0 sell_order_id=391905133 chunk_id=2497471402432 chunk_qty=0.000180 buy_live=false sell_live=true chunk_live=true
[11:32:42.564] [INFO] [EXEC] STREAM_OWNERSHIP_AUDIT stream_id=3 state=WAIT_BUY buy_order_id=0 sell_order_id=0 chunk_id=0 chunk_qty=0.000000 buy_live=false sell_live=false chunk_live=false
[11:32:42.565] [INFO] [EXEC] STREAM_OWNERSHIP_AUDIT stream_id=4 state=WAIT_BUY buy_order_id=0 sell_order_id=0 chunk_id=0 chunk_qty=0.000000 buy_live=false sell_live=false chunk_live=false
[11:32:42.566] [INFO] [EXEC] STREAM_OWNERSHIP_AUDIT stream_id=5 state=WAIT_BUY buy_order_id=0 sell_order_id=0 chunk_id=0 chunk_qty=0.000000 buy_live=false sell_live=false chunk_live=false
[11:32:42.567] [INFO] [EXEC] STREAM_OWNERSHIP_AUDIT stream_id=6 state=WAIT_BUY buy_order_id=0 sell_order_id=0 chunk_id=0 chunk_qty=0.000000 buy_live=false sell_live=false chunk_live=false
[11:32:42.567] [INFO] [EXEC] STREAM_OWNERSHIP_AUDIT stream_id=7 state=WAIT_BUY buy_order_id=0 sell_order_id=0 chunk_id=0 chunk_qty=0.000000 buy_live=false sell_live=false chunk_live=false
[11:32:42.568] [INFO] [EXEC] STREAM_OWNERSHIP_AUDIT stream_id=8 state=WAIT_BUY buy_order_id=0 sell_order_id=0 chunk_id=0 chunk_qty=0.000000 buy_live=false sell_live=false chunk_live=false
[11:32:42.569] [INFO] [EXEC] STREAM_OWNERSHIP_AUDIT stream_id=9 state=WAIT_BUY buy_order_id=0 sell_order_id=0 chunk_id=0 chunk_qty=0.000000 buy_live=false sell_live=false chunk_live=false
[11:32:42.570] [INFO] [EXEC] STREAM_OWNERSHIP_AUDIT stream_id=10 state=WAIT_BUY buy_order_id=0 sell_order_id=0 chunk_id=0 chunk_qty=0.000000 buy_live=false sell_live=false chunk_live=false
[11:32:42.571] [INFO] [EXEC] STREAM_OWNERSHIP_AUDIT stream_id=11 state=WAIT_BUY buy_order_id=0 sell_order_id=0 chunk_id=0 chunk_qty=0.000000 buy_live=false sell_live=false chunk_live=false
[11:32:42.571] [INFO] [EXEC] STREAM_OWNERSHIP_AUDIT stream_id=12 state=WAIT_BUY buy_order_id=0 sell_order_id=0 chunk_id=0 chunk_qty=0.000000 buy_live=false sell_live=false chunk_live=false
[11:32:42.572] [INFO] [EXEC] STREAM_OWNERSHIP_AUDIT stream_id=13 state=WAIT_BUY buy_order_id=0 sell_order_id=0 chunk_id=0 chunk_qty=0.000000 buy_live=false sell_live=false chunk_live=false
[11:32:42.573] [INFO] [EXEC] STREAM_OWNERSHIP_AUDIT stream_id=14 state=WAIT_BUY buy_order_id=0 sell_order_id=0 chunk_id=0 chunk_qty=0.000000 buy_live=false sell_live=false chunk_live=false
[11:32:42.573] [INFO] [EXEC] STREAM_OWNERSHIP_AUDIT stream_id=15 state=WAIT_BUY buy_order_id=0 sell_order_id=0 chunk_id=0 chunk_qty=0.000000 buy_live=false sell_live=false chunk_live=false
[11:32:42.574] [INFO] [EXEC] STREAM_OWNERSHIP_AUDIT stream_id=16 state=WAIT_BUY buy_order_id=0 sell_order_id=0 chunk_id=0 chunk_qty=0.000000 buy_live=false sell_live=false chunk_live=false
[11:32:42.574] [INFO] [EXEC] STREAM_OWNERSHIP_AUDIT stream_id=17 state=WAIT_BUY buy_order_id=0 sell_order_id=0 chunk_id=0 chunk_qty=0.000000 buy_live=false sell_live=false chunk_live=false
[11:32:42.575] [INFO] [EXEC] STREAM_OWNERSHIP_AUDIT stream_id=18 state=WAIT_BUY buy_order_id=0 sell_order_id=0 chunk_id=0 chunk_qty=0.000000 buy_live=false sell_live=false chunk_live=false
[11:32:42.575] [INFO] [EXEC] STREAM_OWNERSHIP_AUDIT stream_id=19 state=WAIT_START buy_order_id=0 sell_order_id=0 chunk_id=0 chunk_qty=0.000000 buy_live=false sell_live=false chunk_live=false
[11:32:42.576] [INFO] [EXEC] STREAM_OWNERSHIP_AUDIT stream_id=20 state=WAIT_START buy_order_id=0 sell_order_id=0 chunk_id=0 chunk_qty=0.000000 buy_live=false sell_live=false chunk_live=false
[11:32:42.576] [ERROR] [EXEC] STREAM_STATE_MISMATCH reason=stream_inventory_qty_mismatch inventory_qty=0.000180 stream_chunks=0
[11:32:42.577] [INFO] [EXEC] STREAM_OWNERSHIP_SUMMARY streams_total=20 wait_buy=17 buy_placed=0 sell_active=1 exiting=0 recycle=0 chunks_total=1 stream_chunks=0 orphan_chunks=1 inventory_qty=0.000180 stream_inventory_qty=0.000000 orphan_inventory_qty=0.000180
[11:32:42.578] [ERROR] [EXEC] STREAM_OWNERSHIP_MISMATCH reason=qty_without_stream_chunks qty=0.000180
[11:32:42.579] [WARNING] [EXEC] SMART_EXIT_ORPHAN_INVENTORY qty=0.000180
[11:32:42.580] [ERROR] [EXEC] STREAM_OWNERSHIP_MISMATCH reason=qty_without_stream_chunks qty=0.000180
[11:32:42.580] [WARNING] [EXEC] SMART_EXIT_PANIC_RETRY reason=inventory_no_sell attempt=1
[11:32:42.581] [ERROR] [EXEC] STREAM_OWNERSHIP_MISMATCH reason=qty_without_stream_chunks qty=0.000180
[11:32:42.582] [WARNING] [EXEC] EXIT_FAIL reason=smart_exit_inventory_no_sell force_exit
[11:32:42.582] [ERROR] [EXEC] STREAM_OWNERSHIP_MISMATCH reason=qty_without_stream_chunks qty=0.000180
[11:32:42.583] [WARNING] [EXEC] PANIC EXIT smart_exit_inventory_no_sell
[11:32:42.846] [WARNING] [EXEC] FORCE EXIT price=79293.88
[11:32:42.846] [INFO] GUI_PERF tick_ms=0 logs_visible=False gui_log_mode=OFF append_skipped=569
[11:32:42.847] [INFO] [EXEC] PLACE_SELL_SOURCE source=panic price=79293.88
[11:32:42.847] [OK] [EXEC] PLACE SELL price=79293.88 qty=0.000180
[11:32:43.105] [WARNING] [EXEC] PANIC START price=79293.88
[11:32:43.106] [OK] [EXEC] SELL ORDER SENT orderId=391905737
[11:32:43.936] [INFO] [EXEC] STREAM_STATS_UI cycles=1 wins=1 losses=0 pnl=+0.000050 winrate=100.00%
[11:32:43.936] [INFO] GUI_PERF tick_ms=0 logs_visible=False gui_log_mode=OFF append_skipped=574
[11:32:44.064] [INFO] [EXEC] STREAM_OWNERSHIP_AUDIT stream_id=1 state=WAIT_BUY buy_order_id=0 sell_order_id=0 chunk_id=0 chunk_qty=0.000000 buy_live=false sell_live=false chunk_live=false
[11:32:44.065] [INFO] [EXEC] STREAM_OWNERSHIP_AUDIT stream_id=2 state=SELL_PLACED buy_order_id=0 sell_order_id=391905133 chunk_id=2497471402432 chunk_qty=0.000180 buy_live=false sell_live=true chunk_live=true
[11:32:44.066] [INFO] [EXEC] STREAM_OWNERSHIP_AUDIT stream_id=3 state=WAIT_BUY buy_order_id=0 sell_order_id=0 chunk_id=0 chunk_qty=0.000000 buy_live=false sell_live=false chunk_live=false
[11:32:44.067] [INFO] [EXEC] STREAM_OWNERSHIP_AUDIT stream_id=4 state=WAIT_BUY buy_order_id=0 sell_order_id=0 chunk_id=0 chunk_qty=0.000000 buy_live=false sell_live=false chunk_live=false
[11:32:44.068] [INFO] [EXEC] STREAM_OWNERSHIP_AUDIT stream_id=5 state=WAIT_BUY buy_order_id=0 sell_order_id=0 chunk_id=0 chunk_qty=0.000000 buy_live=false sell_live=false chunk_live=false
[11:32:44.069] [INFO] [EXEC] STREAM_OWNERSHIP_AUDIT stream_id=6 state=WAIT_BUY buy_order_id=0 sell_order_id=0 chunk_id=0 chunk_qty=0.000000 buy_live=false sell_live=false chunk_live=false
[11:32:44.070] [INFO] [EXEC] STREAM_OWNERSHIP_AUDIT stream_id=7 state=WAIT_BUY buy_order_id=0 sell_order_id=0 chunk_id=0 chunk_qty=0.000000 buy_live=false sell_live=false chunk_live=false
[11:32:44.071] [INFO] [EXEC] STREAM_OWNERSHIP_AUDIT stream_id=8 state=WAIT_BUY buy_order_id=0 sell_order_id=0 chunk_id=0 chunk_qty=0.000000 buy_live=false sell_live=false chunk_live=false
[11:32:44.071] [INFO] [EXEC] STREAM_OWNERSHIP_AUDIT stream_id=9 state=WAIT_BUY buy_order_id=0 sell_order_id=0 chunk_id=0 chunk_qty=0.000000 buy_live=false sell_live=false chunk_live=false
[11:32:44.072] [INFO] [EXEC] STREAM_OWNERSHIP_AUDIT stream_id=10 state=WAIT_BUY buy_order_id=0 sell_order_id=0 chunk_id=0 chunk_qty=0.000000 buy_live=false sell_live=false chunk_live=false
[11:32:44.073] [INFO] [EXEC] STREAM_OWNERSHIP_AUDIT stream_id=11 state=WAIT_BUY buy_order_id=0 sell_order_id=0 chunk_id=0 chunk_qty=0.000000 buy_live=false sell_live=false chunk_live=false
[11:32:44.074] [INFO] [EXEC] STREAM_OWNERSHIP_AUDIT stream_id=12 state=WAIT_BUY buy_order_id=0 sell_order_id=0 chunk_id=0 chunk_qty=0.000000 buy_live=false sell_live=false chunk_live=false
[11:32:44.074] [INFO] [EXEC] STREAM_OWNERSHIP_AUDIT stream_id=13 state=WAIT_BUY buy_order_id=0 sell_order_id=0 chunk_id=0 chunk_qty=0.000000 buy_live=false sell_live=false chunk_live=false
[11:32:44.075] [INFO] [EXEC] STREAM_OWNERSHIP_AUDIT stream_id=14 state=WAIT_BUY buy_order_id=0 sell_order_id=0 chunk_id=0 chunk_qty=0.000000 buy_live=false sell_live=false chunk_live=false
[11:32:44.076] [INFO] [EXEC] STREAM_OWNERSHIP_AUDIT stream_id=15 state=WAIT_BUY buy_order_id=0 sell_order_id=0 chunk_id=0 chunk_qty=0.000000 buy_live=false sell_live=false chunk_live=false
[11:32:44.077] [INFO] [EXEC] STREAM_OWNERSHIP_AUDIT stream_id=16 state=WAIT_BUY buy_order_id=0 sell_order_id=0 chunk_id=0 chunk_qty=0.000000 buy_live=false sell_live=false chunk_live=false
[11:32:44.077] [INFO] [EXEC] STREAM_OWNERSHIP_AUDIT stream_id=17 state=WAIT_BUY buy_order_id=0 sell_order_id=0 chunk_id=0 chunk_qty=0.000000 buy_live=false sell_live=false chunk_live=false
[11:32:44.078] [INFO] [EXEC] STREAM_OWNERSHIP_AUDIT stream_id=18 state=WAIT_BUY buy_order_id=0 sell_order_id=0 chunk_id=0 chunk_qty=0.000000 buy_live=false sell_live=false chunk_live=false
[11:32:44.079] [INFO] [EXEC] STREAM_OWNERSHIP_AUDIT stream_id=19 state=WAIT_START buy_order_id=0 sell_order_id=0 chunk_id=0 chunk_qty=0.000000 buy_live=false sell_live=false chunk_live=false
[11:32:44.079] [INFO] [EXEC] STREAM_OWNERSHIP_AUDIT stream_id=20 state=WAIT_START buy_order_id=0 sell_order_id=0 chunk_id=0 chunk_qty=0.000000 buy_live=false sell_live=false chunk_live=false
[11:32:44.080] [ERROR] [EXEC] STREAM_STATE_MISMATCH reason=stream_inventory_qty_mismatch inventory_qty=0.000180 stream_chunks=0
[11:32:44.081] [INFO] [EXEC] STREAM_OWNERSHIP_SUMMARY streams_total=20 wait_buy=17 buy_placed=0 sell_active=1 exiting=0 recycle=0 chunks_total=1 stream_chunks=0 orphan_chunks=1 inventory_qty=0.000180 stream_inventory_qty=0.000000 orphan_inventory_qty=0.000180
[11:32:44.340] [INFO] [EXEC] SMART_EXIT_PANIC_STATUS id=391905737 status=NEW filled=0.000000 remaining=0.000180 age=1500
[11:32:44.342] [WARNING] [EXEC] SMART_EXIT_PANIC_TIMEOUT_CANCEL id=391905737 age=1500 max=1200
[11:32:44.602] [ERROR] [EXEC] STREAM_OWNERSHIP_MISMATCH reason=qty_without_stream_chunks qty=0.000180
[11:32:44.603] [WARNING] [EXEC] SMART_EXIT_PANIC_RETRY reason=panic_timeout attempt=3
[11:32:44.604] [ERROR] [EXEC] STREAM_OWNERSHIP_MISMATCH reason=qty_without_stream_chunks qty=0.000180
[11:32:44.605] [WARNING] [EXEC] EXIT_FAIL reason=smart_exit_panic_timeout force_exit
[11:32:44.606] [ERROR] [EXEC] STREAM_OWNERSHIP_MISMATCH reason=qty_without_stream_chunks qty=0.000180
[11:32:44.607] [WARNING] [EXEC] PANIC EXIT smart_exit_panic_timeout
[11:32:44.870] [WARNING] [EXEC] FORCE EXIT price=79290.96
[11:32:44.871] [INFO] [EXEC] PLACE_SELL_SOURCE source=panic price=79290.96
[11:32:44.871] [OK] [EXEC] PLACE SELL price=79290.96 qty=0.000180
[11:32:45.130] [WARNING] [EXEC] PANIC START price=79290.96
[11:32:45.131] [INFO] GUI_PERF tick_ms=0 logs_visible=False gui_log_mode=OFF append_skipped=608
[11:32:45.132] [OK] [EXEC] SELL ORDER SENT orderId=391905834
[11:32:45.658] [OK] [SYNC] order filled detected
[11:32:45.660] [OK] [SYNC] SELL filled on exchange
[11:32:45.661] [OK] [EXEC] FIFO CLOSE qty=0.000180 entry=79341.23 exit=79293.61 pnl=-0.008572
[11:32:45.662] [INFO] [EXEC] CHUNK DRAINED
[11:32:45.663] [OK] [EXEC] REALIZED pnl=-0.008572
[11:32:45.663] [OK] [EXEC] SMART_EXIT_DONE_FLAT
[11:32:45.664] [INFO] [EXEC] SELL ACCOUNTING RESET flat
[11:32:45.665] [OK] [EXEC] CYCLE CLOSED pnl=-0.008572
[11:32:45.665] [INFO] [EXEC] SESSION realized=-0.008572 wins=0 losses=1
[11:32:45.848] [INFO] [EXEC] STREAM_OWNERSHIP_AUDIT stream_id=1 state=WAIT_BUY buy_order_id=0 sell_order_id=0 chunk_id=0 chunk_qty=0.000000 buy_live=false sell_live=false chunk_live=false
[11:32:45.848] [INFO] [EXEC] STREAM_OWNERSHIP_AUDIT stream_id=2 state=SELL_PLACED buy_order_id=0 sell_order_id=391905133 chunk_id=2497471402432 chunk_qty=0.000000 buy_live=false sell_live=true chunk_live=false
[11:32:45.849] [INFO] [EXEC] STREAM_OWNERSHIP_AUDIT stream_id=3 state=WAIT_BUY buy_order_id=0 sell_order_id=0 chunk_id=0 chunk_qty=0.000000 buy_live=false sell_live=false chunk_live=false
[11:32:45.849] [INFO] [EXEC] STREAM_OWNERSHIP_AUDIT stream_id=4 state=WAIT_BUY buy_order_id=0 sell_order_id=0 chunk_id=0 chunk_qty=0.000000 buy_live=false sell_live=false chunk_live=false
[11:32:45.849] [INFO] [EXEC] STREAM_OWNERSHIP_AUDIT stream_id=5 state=WAIT_BUY buy_order_id=0 sell_order_id=0 chunk_id=0 chunk_qty=0.000000 buy_live=false sell_live=false chunk_live=false
[11:32:45.850] [INFO] [EXEC] STREAM_OWNERSHIP_AUDIT stream_id=6 state=WAIT_BUY buy_order_id=0 sell_order_id=0 chunk_id=0 chunk_qty=0.000000 buy_live=false sell_live=false chunk_live=false
[11:32:45.850] [INFO] [EXEC] STREAM_OWNERSHIP_AUDIT stream_id=7 state=WAIT_BUY buy_order_id=0 sell_order_id=0 chunk_id=0 chunk_qty=0.000000 buy_live=false sell_live=false chunk_live=false
[11:32:45.850] [INFO] [EXEC] STREAM_OWNERSHIP_AUDIT stream_id=8 state=WAIT_BUY buy_order_id=0 sell_order_id=0 chunk_id=0 chunk_qty=0.000000 buy_live=false sell_live=false chunk_live=false
[11:32:45.851] [INFO] [EXEC] STREAM_OWNERSHIP_AUDIT stream_id=9 state=WAIT_BUY buy_order_id=0 sell_order_id=0 chunk_id=0 chunk_qty=0.000000 buy_live=false sell_live=false chunk_live=false
[11:32:45.851] [INFO] [EXEC] STREAM_OWNERSHIP_AUDIT stream_id=10 state=WAIT_BUY buy_order_id=0 sell_order_id=0 chunk_id=0 chunk_qty=0.000000 buy_live=false sell_live=false chunk_live=false
[11:32:45.851] [INFO] [EXEC] STREAM_OWNERSHIP_AUDIT stream_id=11 state=WAIT_BUY buy_order_id=0 sell_order_id=0 chunk_id=0 chunk_qty=0.000000 buy_live=false sell_live=false chunk_live=false
[11:32:45.852] [INFO] [EXEC] STREAM_OWNERSHIP_AUDIT stream_id=12 state=WAIT_BUY buy_order_id=0 sell_order_id=0 chunk_id=0 chunk_qty=0.000000 buy_live=false sell_live=false chunk_live=false
[11:32:45.852] [INFO] [EXEC] STREAM_OWNERSHIP_AUDIT stream_id=13 state=WAIT_BUY buy_order_id=0 sell_order_id=0 chunk_id=0 chunk_qty=0.000000 buy_live=false sell_live=false chunk_live=false
[11:32:45.852] [INFO] [EXEC] STREAM_OWNERSHIP_AUDIT stream_id=14 state=WAIT_BUY buy_order_id=0 sell_order_id=0 chunk_id=0 chunk_qty=0.000000 buy_live=false sell_live=false chunk_live=false
[11:32:45.852] [INFO] [EXEC] STREAM_OWNERSHIP_AUDIT stream_id=15 state=WAIT_BUY buy_order_id=0 sell_order_id=0 chunk_id=0 chunk_qty=0.000000 buy_live=false sell_live=false chunk_live=false
[11:32:45.853] [INFO] [EXEC] STREAM_OWNERSHIP_AUDIT stream_id=16 state=WAIT_BUY buy_order_id=0 sell_order_id=0 chunk_id=0 chunk_qty=0.000000 buy_live=false sell_live=false chunk_live=false
[11:32:45.853] [INFO] [EXEC] STREAM_OWNERSHIP_AUDIT stream_id=17 state=WAIT_BUY buy_order_id=0 sell_order_id=0 chunk_id=0 chunk_qty=0.000000 buy_live=false sell_live=false chunk_live=false
[11:32:45.853] [INFO] [EXEC] STREAM_OWNERSHIP_AUDIT stream_id=18 state=WAIT_BUY buy_order_id=0 sell_order_id=0 chunk_id=0 chunk_qty=0.000000 buy_live=false sell_live=false chunk_live=false
[11:32:45.854] [INFO] [EXEC] STREAM_OWNERSHIP_AUDIT stream_id=19 state=WAIT_START buy_order_id=0 sell_order_id=0 chunk_id=0 chunk_qty=0.000000 buy_live=false sell_live=false chunk_live=false
[11:32:45.854] [INFO] [EXEC] STREAM_OWNERSHIP_AUDIT stream_id=20 state=WAIT_START buy_order_id=0 sell_order_id=0 chunk_id=0 chunk_qty=0.000000 buy_live=false sell_live=false chunk_live=false
[11:32:45.854] [INFO] [EXEC] STREAM_OWNERSHIP_SUMMARY streams_total=20 wait_buy=17 buy_placed=0 sell_active=1 exiting=0 recycle=0 chunks_total=0 stream_chunks=0 orphan_chunks=0 inventory_qty=0.000000 stream_inventory_qty=0.000000 orphan_inventory_qty=0.000000
[11:32:45.855] [WARNING] [HEALTH] block spread_too_young lifetime=0
[11:32:45.855] [WARNING] [HEALTH] unstable_spread lifetime=0
[11:32:45.856] [INFO] [EXEC] STREAM_SHUTDOWN_STATE active=false reason=runtime_tick
[11:32:45.856] [INFO] [EXEC] STREAM_MODE_ACTIVE_SKIP_SINGLE_ENTRY
[11:32:45.856] [INFO] [EXEC] STREAM_ACTIVATED stream_id=19 at_ms=1778758365848
[11:32:45.856] [INFO] [EXEC] STREAM_ACTIVATED stream_id=20 at_ms=1778758365848
[11:32:45.857] [INFO] [EXEC] STREAM_SWARM_STATE wait_start=0 wait_buy=19 buy_placed=0 sell_active=1 recycle=0 active_buys=0 active_sells=1
[11:32:45.857] [INFO] [EXEC] STREAM_BUY_CAPACITY active_buys=0 active_sells=1 waiting_streams=19 max_active_buys=10 free_buy_slots=10 batch_size=1
[11:32:46.120] [INFO] [EXEC] STREAM_BUY_PLACED level_id=1 order_id=391905878
[11:32:46.121] [OK] [EXEC] PLACE BUY price=79341.22 qty=0.000180
[11:32:46.122] [INFO] [EXEC] STREAM_PLACEMENT_TICK active_buys=1 active_sells=1 waiting_streams=19 free_buy_slots=10 placed=1
[11:32:46.123] [INFO] [EXEC] STREAM_CONCURRENCY_STATE buys=1 sells=1 waiting=19 inventory_u=0.00 exposure_u=0.00 buy_allowed=true reason=none
[11:32:46.859] [INFO] [EXEC] STREAM_BUY_FILLED level_id=1
[11:32:46.859] [INFO] GUI_PERF tick_ms=0 logs_visible=False gui_log_mode=OFF append_skipped=652
[11:32:46.860] [INFO] [EXEC] STREAM_SIGNAL_BUY_FILL stream_id=1 fill_price=79341.22000000 effect=log_only
[11:32:46.860] [OK] [EXEC] CHUNK ADD qty=0.000180 entry=79341.22
[11:32:46.861] [INFO] [EXEC] CHUNK COUNT n=1
[11:32:46.861] [INFO] [EXEC] STREAM_TARGET_USED ticks=28 sell_price=79341.50
[11:32:47.123] [INFO] [EXEC] STREAM_CHUNK_OWNED stream_id=1 chunk_id=2497470692480 qty=0.000180
[11:32:47.124] [INFO] [EXEC] STREAM_SELL_OWNED stream_id=1 chunk_id=2497470692480 order_id=391905881
[11:32:47.125] [INFO] [EXEC] STREAM_SELL_PLACED stream_id=1 chunk_id=2497470692480 order_id=391905881 price=79341.50 qty=0.000180
[11:32:47.386] [INFO] [EXEC] STREAM_EXIT_RETRY_STATUS stream_id=1 chunk_id=2497470692480 order_id=391905881 status=NEW
[11:32:47.387] [INFO] [EXEC] STREAM_REPAIR_SKIP reason=stream_owned_inventory
[11:32:47.387] [WARNING] [EXEC] STATE REPAIR reason=inventory_cannot_be_flat
[11:32:47.387] [ERROR] [EXEC] STREAM_OWNERSHIP_MISMATCH reason=qty_without_stream_chunks qty=0.000180
[11:32:47.387] [INFO] [EXEC] STREAM_GLOBAL_SMART_EXIT_BLOCKED reason=stream_owned_inventory qty=0.000180 trigger=exit_recovery_inventory_no_sell
[11:32:47.387] [ERROR] [EXEC] STREAM_OWNERSHIP_MISMATCH reason=qty_without_stream_chunks qty=0.000180
[11:32:47.388] [INFO] [EXEC] STREAM_GLOBAL_SMART_EXIT_BLOCKED reason=stream_owned_inventory qty=0.000180 trigger=place_sell
[11:32:48.139] [INFO] [EXEC] STREAM_EXIT_RETRY_STATUS stream_id=1 chunk_id=2497470692480 order_id=391905881 status=NEW
[11:32:48.140] [INFO] GUI_PERF tick_ms=0 logs_visible=False gui_log_mode=OFF append_skipped=667
[11:32:48.140] [INFO] [EXEC] STREAM_OWNERSHIP_AUDIT stream_id=1 state=SELL_PLACED buy_order_id=0 sell_order_id=391905881 chunk_id=2497470692480 chunk_qty=0.000180 buy_live=false sell_live=true chunk_live=true
[11:32:48.140] [INFO] [EXEC] STREAM_OWNERSHIP_AUDIT stream_id=2 state=SELL_PLACED buy_order_id=0 sell_order_id=391905133 chunk_id=2497471402432 chunk_qty=0.000000 buy_live=false sell_live=true chunk_live=false
[11:32:48.141] [INFO] [EXEC] STREAM_OWNERSHIP_AUDIT stream_id=3 state=WAIT_BUY buy_order_id=0 sell_order_id=0 chunk_id=0 chunk_qty=0.000000 buy_live=false sell_live=false chunk_live=false
[11:32:48.141] [INFO] [EXEC] STREAM_OWNERSHIP_AUDIT stream_id=4 state=WAIT_BUY buy_order_id=0 sell_order_id=0 chunk_id=0 chunk_qty=0.000000 buy_live=false sell_live=false chunk_live=false
[11:32:48.141] [INFO] [EXEC] STREAM_OWNERSHIP_AUDIT stream_id=5 state=WAIT_BUY buy_order_id=0 sell_order_id=0 chunk_id=0 chunk_qty=0.000000 buy_live=false sell_live=false chunk_live=false
[11:32:48.141] [INFO] [EXEC] STREAM_OWNERSHIP_AUDIT stream_id=6 state=WAIT_BUY buy_order_id=0 sell_order_id=0 chunk_id=0 chunk_qty=0.000000 buy_live=false sell_live=false chunk_live=false
[11:32:48.142] [INFO] [EXEC] STREAM_OWNERSHIP_AUDIT stream_id=7 state=WAIT_BUY buy_order_id=0 sell_order_id=0 chunk_id=0 chunk_qty=0.000000 buy_live=false sell_live=false chunk_live=false
[11:32:48.142] [INFO] [EXEC] STREAM_OWNERSHIP_AUDIT stream_id=8 state=WAIT_BUY buy_order_id=0 sell_order_id=0 chunk_id=0 chunk_qty=0.000000 buy_live=false sell_live=false chunk_live=false
[11:32:48.142] [INFO] [EXEC] STREAM_OWNERSHIP_AUDIT stream_id=9 state=WAIT_BUY buy_order_id=0 sell_order_id=0 chunk_id=0 chunk_qty=0.000000 buy_live=false sell_live=false chunk_live=false
[11:32:48.143] [INFO] [EXEC] STREAM_OWNERSHIP_AUDIT stream_id=10 state=WAIT_BUY buy_order_id=0 sell_order_id=0 chunk_id=0 chunk_qty=0.000000 buy_live=false sell_live=false chunk_live=false
[11:32:48.143] [INFO] [EXEC] STREAM_OWNERSHIP_AUDIT stream_id=11 state=WAIT_BUY buy_order_id=0 sell_order_id=0 chunk_id=0 chunk_qty=0.000000 buy_live=false sell_live=false chunk_live=false
[11:32:48.143] [INFO] [EXEC] STREAM_OWNERSHIP_AUDIT stream_id=12 state=WAIT_BUY buy_order_id=0 sell_order_id=0 chunk_id=0 chunk_qty=0.000000 buy_live=false sell_live=false chunk_live=false
[11:32:48.143] [INFO] [EXEC] STREAM_OWNERSHIP_AUDIT stream_id=13 state=WAIT_BUY buy_order_id=0 sell_order_id=0 chunk_id=0 chunk_qty=0.000000 buy_live=false sell_live=false chunk_live=false
[11:32:48.143] [INFO] [EXEC] STREAM_OWNERSHIP_AUDIT stream_id=14 state=WAIT_BUY buy_order_id=0 sell_order_id=0 chunk_id=0 chunk_qty=0.000000 buy_live=false sell_live=false chunk_live=false
[11:32:48.144] [INFO] [EXEC] STREAM_OWNERSHIP_AUDIT stream_id=15 state=WAIT_BUY buy_order_id=0 sell_order_id=0 chunk_id=0 chunk_qty=0.000000 buy_live=false sell_live=false chunk_live=false
[11:32:48.144] [INFO] [EXEC] STREAM_OWNERSHIP_AUDIT stream_id=16 state=WAIT_BUY buy_order_id=0 sell_order_id=0 chunk_id=0 chunk_qty=0.000000 buy_live=false sell_live=false chunk_live=false
[11:32:48.144] [INFO] [EXEC] STREAM_OWNERSHIP_AUDIT stream_id=17 state=WAIT_BUY buy_order_id=0 sell_order_id=0 chunk_id=0 chunk_qty=0.000000 buy_live=false sell_live=false chunk_live=false
[11:32:48.144] [INFO] [EXEC] STREAM_OWNERSHIP_AUDIT stream_id=18 state=WAIT_BUY buy_order_id=0 sell_order_id=0 chunk_id=0 chunk_qty=0.000000 buy_live=false sell_live=false chunk_live=false
[11:32:48.145] [INFO] [EXEC] STREAM_OWNERSHIP_AUDIT stream_id=19 state=WAIT_BUY buy_order_id=0 sell_order_id=0 chunk_id=0 chunk_qty=0.000000 buy_live=false sell_live=false chunk_live=false
[11:32:48.145] [INFO] [EXEC] STREAM_OWNERSHIP_AUDIT stream_id=20 state=WAIT_BUY buy_order_id=0 sell_order_id=0 chunk_id=0 chunk_qty=0.000000 buy_live=false sell_live=false chunk_live=false
[11:32:48.145] [ERROR] [EXEC] STREAM_STATE_MISMATCH reason=stream_inventory_qty_mismatch inventory_qty=0.000180 stream_chunks=0
[11:32:48.146] [INFO] [EXEC] STREAM_OWNERSHIP_SUMMARY streams_total=20 wait_buy=18 buy_placed=0 sell_active=2 exiting=0 recycle=0 chunks_total=1 stream_chunks=0 orphan_chunks=1 inventory_qty=0.000180 stream_inventory_qty=0.000000 orphan_inventory_qty=0.000180
[11:32:48.146] [ERROR] [EXEC] STREAM_OWNERSHIP_MISMATCH reason=qty_without_stream_chunks qty=0.000180
[11:32:49.662] [INFO] [EXEC] STREAM_EXIT_RETRY_STATUS stream_id=1 chunk_id=2497470692480 order_id=391905881 status=NEW
[11:32:49.663] [INFO] GUI_PERF tick_ms=0 logs_visible=False gui_log_mode=OFF append_skipped=691
[11:32:49.663] [INFO] [EXEC] STREAM_OWNERSHIP_AUDIT stream_id=1 state=SELL_PLACED buy_order_id=0 sell_order_id=391905881 chunk_id=2497470692480 chunk_qty=0.000180 buy_live=false sell_live=true chunk_live=true
[11:32:49.664] [INFO] [EXEC] STREAM_OWNERSHIP_AUDIT stream_id=2 state=SELL_PLACED buy_order_id=0 sell_order_id=391905133 chunk_id=2497471402432 chunk_qty=0.000000 buy_live=false sell_live=true chunk_live=false
[11:32:49.664] [INFO] [EXEC] STREAM_OWNERSHIP_AUDIT stream_id=3 state=WAIT_BUY buy_order_id=0 sell_order_id=0 chunk_id=0 chunk_qty=0.000000 buy_live=false sell_live=false chunk_live=false
[11:32:49.664] [INFO] [EXEC] STREAM_OWNERSHIP_AUDIT stream_id=4 state=WAIT_BUY buy_order_id=0 sell_order_id=0 chunk_id=0 chunk_qty=0.000000 buy_live=false sell_live=false chunk_live=false
[11:32:49.665] [INFO] [EXEC] STREAM_OWNERSHIP_AUDIT stream_id=5 state=WAIT_BUY buy_order_id=0 sell_order_id=0 chunk_id=0 chunk_qty=0.000000 buy_live=false sell_live=false chunk_live=false
[11:32:49.665] [INFO] [EXEC] STREAM_OWNERSHIP_AUDIT stream_id=6 state=WAIT_BUY buy_order_id=0 sell_order_id=0 chunk_id=0 chunk_qty=0.000000 buy_live=false sell_live=false chunk_live=false
[11:32:49.666] [INFO] [EXEC] STREAM_OWNERSHIP_AUDIT stream_id=7 state=WAIT_BUY buy_order_id=0 sell_order_id=0 chunk_id=0 chunk_qty=0.000000 buy_live=false sell_live=false chunk_live=false
[11:32:49.666] [INFO] [EXEC] STREAM_OWNERSHIP_AUDIT stream_id=8 state=WAIT_BUY buy_order_id=0 sell_order_id=0 chunk_id=0 chunk_qty=0.000000 buy_live=false sell_live=false chunk_live=false
[11:32:49.666] [INFO] [EXEC] STREAM_OWNERSHIP_AUDIT stream_id=9 state=WAIT_BUY buy_order_id=0 sell_order_id=0 chunk_id=0 chunk_qty=0.000000 buy_live=false sell_live=false chunk_live=false
[11:32:49.667] [INFO] [EXEC] STREAM_OWNERSHIP_AUDIT stream_id=10 state=WAIT_BUY buy_order_id=0 sell_order_id=0 chunk_id=0 chunk_qty=0.000000 buy_live=false sell_live=false chunk_live=false
[11:32:49.667] [INFO] [EXEC] STREAM_OWNERSHIP_AUDIT stream_id=11 state=WAIT_BUY buy_order_id=0 sell_order_id=0 chunk_id=0 chunk_qty=0.000000 buy_live=false sell_live=false chunk_live=false
[11:32:49.667] [INFO] [EXEC] STREAM_OWNERSHIP_AUDIT stream_id=12 state=WAIT_BUY buy_order_id=0 sell_order_id=0 chunk_id=0 chunk_qty=0.000000 buy_live=false sell_live=false chunk_live=false
[11:32:49.667] [INFO] [EXEC] STREAM_OWNERSHIP_AUDIT stream_id=13 state=WAIT_BUY buy_order_id=0 sell_order_id=0 chunk_id=0 chunk_qty=0.000000 buy_live=false sell_live=false chunk_live=false
[11:32:49.668] [INFO] [EXEC] STREAM_OWNERSHIP_AUDIT stream_id=14 state=WAIT_BUY buy_order_id=0 sell_order_id=0 chunk_id=0 chunk_qty=0.000000 buy_live=false sell_live=false chunk_live=false
[11:32:49.668] [INFO] [EXEC] STREAM_OWNERSHIP_AUDIT stream_id=15 state=WAIT_BUY buy_order_id=0 sell_order_id=0 chunk_id=0 chunk_qty=0.000000 buy_live=false sell_live=false chunk_live=false
[11:32:49.668] [INFO] [EXEC] STREAM_OWNERSHIP_AUDIT stream_id=16 state=WAIT_BUY buy_order_id=0 sell_order_id=0 chunk_id=0 chunk_qty=0.000000 buy_live=false sell_live=false chunk_live=false
[11:32:49.669] [INFO] [EXEC] STREAM_OWNERSHIP_AUDIT stream_id=17 state=WAIT_BUY buy_order_id=0 sell_order_id=0 chunk_id=0 chunk_qty=0.000000 buy_live=false sell_live=false chunk_live=false
[11:32:49.669] [INFO] [EXEC] STREAM_OWNERSHIP_AUDIT stream_id=18 state=WAIT_BUY buy_order_id=0 sell_order_id=0 chunk_id=0 chunk_qty=0.000000 buy_live=false sell_live=false chunk_live=false
[11:32:49.669] [INFO] [EXEC] STREAM_OWNERSHIP_AUDIT stream_id=19 state=WAIT_BUY buy_order_id=0 sell_order_id=0 chunk_id=0 chunk_qty=0.000000 buy_live=false sell_live=false chunk_live=false
[11:32:49.670] [INFO] [EXEC] STREAM_OWNERSHIP_AUDIT stream_id=20 state=WAIT_BUY buy_order_id=0 sell_order_id=0 chunk_id=0 chunk_qty=0.000000 buy_live=false sell_live=false chunk_live=false
[11:32:49.670] [ERROR] [EXEC] STREAM_STATE_MISMATCH reason=stream_inventory_qty_mismatch inventory_qty=0.000180 stream_chunks=0
[11:32:49.670] [INFO] [EXEC] STREAM_OWNERSHIP_SUMMARY streams_total=20 wait_buy=18 buy_placed=0 sell_active=2 exiting=0 recycle=0 chunks_total=1 stream_chunks=0 orphan_chunks=1 inventory_qty=0.000180 stream_inventory_qty=0.000000 orphan_inventory_qty=0.000180
[11:32:49.671] [ERROR] [EXEC] STREAM_OWNERSHIP_MISMATCH reason=qty_without_stream_chunks qty=0.000180
[11:32:49.928] [INFO] [EXEC] STREAM_STATS_UI cycles=1 wins=1 losses=0 pnl=+0.000050 winrate=100.00%
[11:32:50.400] [INFO] [EXEC] STREAM_EXIT_RETRY_STATUS stream_id=1 chunk_id=2497470692480 order_id=391905881 status=NEW
[11:32:50.401] [WARNING] [EXEC] STREAM_SELL_TIMEOUT stream_id=1 chunk_id=2497470692480 order_id=391905881 age_ms=3542 timeout_ms=2800
[11:32:50.665] [INFO] [EXEC] STREAM_SELL_CANCEL_OLD stream_id=1 chunk_id=2497470692480 order_id=391905881
[11:32:50.665] [INFO] GUI_PERF tick_ms=0 logs_visible=False gui_log_mode=OFF append_skipped=718
[11:32:50.666] [INFO] [EXEC] STREAM_STOP_LOSS_BLOCKED_RETRY_AVAILABLE retry_count=0 retry_max=2 stream_id=1 chunk_id=2497470692480 order_id=391905881
[11:32:50.666] [WARNING] [EXEC] STREAM_EXIT_RETRY_PLACED stream_id=1 chunk_id=2497470692480 order_id=pending qty=0.000180 price=79341.32 retry_count=1
[11:32:50.924] [INFO] [EXEC] STREAM_REPAIR_SKIP reason=stream_owned_inventory
[11:32:50.925] [ERROR] [EXEC] STREAM_OWNERSHIP_MISMATCH reason=qty_without_stream_chunks qty=0.000180
[11:32:50.925] [INFO] [EXEC] STREAM_GLOBAL_SMART_EXIT_BLOCKED reason=stream_owned_inventory qty=0.000180 trigger=exit_recovery_inventory_no_sell
[11:32:50.925] [ERROR] [EXEC] STREAM_OWNERSHIP_MISMATCH reason=qty_without_stream_chunks qty=0.000180
[11:32:50.926] [INFO] [EXEC] STREAM_GLOBAL_SMART_EXIT_BLOCKED reason=stream_owned_inventory qty=0.000180 trigger=place_sell
[11:32:51.661] [INFO] [EXEC] STREAM_EXIT_RETRY_STATUS stream_id=1 chunk_id=2497470692480 order_id=391906059 status=NEW
[11:32:51.662] [INFO] [EXEC] STREAM_OWNERSHIP_AUDIT stream_id=1 state=SELL_PLACED buy_order_id=0 sell_order_id=391906059 chunk_id=2497470692480 chunk_qty=0.000180 buy_live=false sell_live=true chunk_live=true
[11:32:51.662] [INFO] [EXEC] STREAM_OWNERSHIP_AUDIT stream_id=2 state=SELL_PLACED buy_order_id=0 sell_order_id=391905133 chunk_id=2497471402432 chunk_qty=0.000000 buy_live=false sell_live=true chunk_live=false
[11:32:51.662] [INFO] [EXEC] STREAM_OWNERSHIP_AUDIT stream_id=3 state=WAIT_BUY buy_order_id=0 sell_order_id=0 chunk_id=0 chunk_qty=0.000000 buy_live=false sell_live=false chunk_live=false
[11:32:51.663] [INFO] [EXEC] STREAM_OWNERSHIP_AUDIT stream_id=4 state=WAIT_BUY buy_order_id=0 sell_order_id=0 chunk_id=0 chunk_qty=0.000000 buy_live=false sell_live=false chunk_live=false
[11:32:51.663] [INFO] [EXEC] STREAM_OWNERSHIP_AUDIT stream_id=5 state=WAIT_BUY buy_order_id=0 sell_order_id=0 chunk_id=0 chunk_qty=0.000000 buy_live=false sell_live=false chunk_live=false
[11:32:51.663] [INFO] [EXEC] STREAM_OWNERSHIP_AUDIT stream_id=6 state=WAIT_BUY buy_order_id=0 sell_order_id=0 chunk_id=0 chunk_qty=0.000000 buy_live=false sell_live=false chunk_live=false
[11:32:51.663] [INFO] [EXEC] STREAM_OWNERSHIP_AUDIT stream_id=7 state=WAIT_BUY buy_order_id=0 sell_order_id=0 chunk_id=0 chunk_qty=0.000000 buy_live=false sell_live=false chunk_live=false
[11:32:51.664] [INFO] [EXEC] STREAM_OWNERSHIP_AUDIT stream_id=8 state=WAIT_BUY buy_order_id=0 sell_order_id=0 chunk_id=0 chunk_qty=0.000000 buy_live=false sell_live=false chunk_live=false
[11:32:51.664] [INFO] [EXEC] STREAM_OWNERSHIP_AUDIT stream_id=9 state=WAIT_BUY buy_order_id=0 sell_order_id=0 chunk_id=0 chunk_qty=0.000000 buy_live=false sell_live=false chunk_live=false
[11:32:51.664] [INFO] [EXEC] STREAM_OWNERSHIP_AUDIT stream_id=10 state=WAIT_BUY buy_order_id=0 sell_order_id=0 chunk_id=0 chunk_qty=0.000000 buy_live=false sell_live=false chunk_live=false
[11:32:51.665] [INFO] GUI_PERF tick_ms=0 logs_visible=False gui_log_mode=OFF append_skipped=736
[11:32:51.665] [INFO] [EXEC] STREAM_OWNERSHIP_AUDIT stream_id=11 state=WAIT_BUY buy_order_id=0 sell_order_id=0 chunk_id=0 chunk_qty=0.000000 buy_live=false sell_live=false chunk_live=false
[11:32:51.665] [INFO] [EXEC] STREAM_OWNERSHIP_AUDIT stream_id=12 state=WAIT_BUY buy_order_id=0 sell_order_id=0 chunk_id=0 chunk_qty=0.000000 buy_live=false sell_live=false chunk_live=false
[11:32:51.666] [INFO] [EXEC] STREAM_OWNERSHIP_AUDIT stream_id=13 state=WAIT_BUY buy_order_id=0 sell_order_id=0 chunk_id=0 chunk_qty=0.000000 buy_live=false sell_live=false chunk_live=false
[11:32:51.666] [INFO] [EXEC] STREAM_OWNERSHIP_AUDIT stream_id=14 state=WAIT_BUY buy_order_id=0 sell_order_id=0 chunk_id=0 chunk_qty=0.000000 buy_live=false sell_live=false chunk_live=false
[11:32:51.666] [INFO] [EXEC] STREAM_OWNERSHIP_AUDIT stream_id=15 state=WAIT_BUY buy_order_id=0 sell_order_id=0 chunk_id=0 chunk_qty=0.000000 buy_live=false sell_live=false chunk_live=false
[11:32:51.667] [INFO] [EXEC] STREAM_OWNERSHIP_AUDIT stream_id=16 state=WAIT_BUY buy_order_id=0 sell_order_id=0 chunk_id=0 chunk_qty=0.000000 buy_live=false sell_live=false chunk_live=false
[11:32:51.667] [INFO] [EXEC] STREAM_OWNERSHIP_AUDIT stream_id=17 state=WAIT_BUY buy_order_id=0 sell_order_id=0 chunk_id=0 chunk_qty=0.000000 buy_live=false sell_live=false chunk_live=false
[11:32:51.667] [INFO] [EXEC] STREAM_OWNERSHIP_AUDIT stream_id=18 state=WAIT_BUY buy_order_id=0 sell_order_id=0 chunk_id=0 chunk_qty=0.000000 buy_live=false sell_live=false chunk_live=false
[11:32:51.667] [INFO] [EXEC] STREAM_OWNERSHIP_AUDIT stream_id=19 state=WAIT_BUY buy_order_id=0 sell_order_id=0 chunk_id=0 chunk_qty=0.000000 buy_live=false sell_live=false chunk_live=false
[11:32:51.668] [INFO] [EXEC] STREAM_OWNERSHIP_AUDIT stream_id=20 state=WAIT_BUY buy_order_id=0 sell_order_id=0 chunk_id=0 chunk_qty=0.000000 buy_live=false sell_live=false chunk_live=false
[11:32:51.668] [ERROR] [EXEC] STREAM_STATE_MISMATCH reason=stream_inventory_qty_mismatch inventory_qty=0.000180 stream_chunks=0
[11:32:51.668] [INFO] [EXEC] STREAM_OWNERSHIP_SUMMARY streams_total=20 wait_buy=18 buy_placed=0 sell_active=2 exiting=0 recycle=0 chunks_total=1 stream_chunks=0 orphan_chunks=1 inventory_qty=0.000180 stream_inventory_qty=0.000000 orphan_inventory_qty=0.000180
[11:32:51.669] [ERROR] [EXEC] STREAM_OWNERSHIP_MISMATCH reason=qty_without_stream_chunks qty=0.000180
[11:32:52.434] [INFO] [EXEC] STREAM_EXIT_RETRY_STATUS stream_id=1 chunk_id=2497470692480 order_id=391906059 status=NEW
[11:32:52.437] [ERROR] [EXEC] STREAM_OWNERSHIP_MISMATCH reason=qty_without_stream_chunks qty=0.000180
[11:32:53.195] [INFO] [EXEC] STREAM_EXIT_RETRY_STATUS stream_id=1 chunk_id=2497470692480 order_id=391906059 status=NEW
[11:32:53.196] [INFO] GUI_PERF tick_ms=0 logs_visible=False gui_log_mode=OFF append_skipped=752
[11:32:53.196] [INFO] [EXEC] STREAM_OWNERSHIP_AUDIT stream_id=1 state=SELL_PLACED buy_order_id=0 sell_order_id=391906059 chunk_id=2497470692480 chunk_qty=0.000180 buy_live=false sell_live=true chunk_live=true
[11:32:53.197] [INFO] [EXEC] STREAM_OWNERSHIP_AUDIT stream_id=2 state=SELL_PLACED buy_order_id=0 sell_order_id=391905133 chunk_id=2497471402432 chunk_qty=0.000000 buy_live=false sell_live=true chunk_live=false
[11:32:53.197] [INFO] [EXEC] STREAM_OWNERSHIP_AUDIT stream_id=3 state=WAIT_BUY buy_order_id=0 sell_order_id=0 chunk_id=0 chunk_qty=0.000000 buy_live=false sell_live=false chunk_live=false
[11:32:53.197] [INFO] [EXEC] STREAM_OWNERSHIP_AUDIT stream_id=4 state=WAIT_BUY buy_order_id=0 sell_order_id=0 chunk_id=0 chunk_qty=0.000000 buy_live=false sell_live=false chunk_live=false
[11:32:53.198] [INFO] [EXEC] STREAM_OWNERSHIP_AUDIT stream_id=5 state=WAIT_BUY buy_order_id=0 sell_order_id=0 chunk_id=0 chunk_qty=0.000000 buy_live=false sell_live=false chunk_live=false
[11:32:53.198] [INFO] [EXEC] STREAM_OWNERSHIP_AUDIT stream_id=6 state=WAIT_BUY buy_order_id=0 sell_order_id=0 chunk_id=0 chunk_qty=0.000000 buy_live=false sell_live=false chunk_live=false
[11:32:53.198] [INFO] [EXEC] STREAM_OWNERSHIP_AUDIT stream_id=7 state=WAIT_BUY buy_order_id=0 sell_order_id=0 chunk_id=0 chunk_qty=0.000000 buy_live=false sell_live=false chunk_live=false
[11:32:53.199] [INFO] [EXEC] STREAM_OWNERSHIP_AUDIT stream_id=8 state=WAIT_BUY buy_order_id=0 sell_order_id=0 chunk_id=0 chunk_qty=0.000000 buy_live=false sell_live=false chunk_live=false
[11:32:53.199] [INFO] [EXEC] STREAM_OWNERSHIP_AUDIT stream_id=9 state=WAIT_BUY buy_order_id=0 sell_order_id=0 chunk_id=0 chunk_qty=0.000000 buy_live=false sell_live=false chunk_live=false
[11:32:53.199] [INFO] [EXEC] STREAM_OWNERSHIP_AUDIT stream_id=10 state=WAIT_BUY buy_order_id=0 sell_order_id=0 chunk_id=0 chunk_qty=0.000000 buy_live=false sell_live=false chunk_live=false
[11:32:53.200] [INFO] [EXEC] STREAM_OWNERSHIP_AUDIT stream_id=11 state=WAIT_BUY buy_order_id=0 sell_order_id=0 chunk_id=0 chunk_qty=0.000000 buy_live=false sell_live=false chunk_live=false
[11:32:53.200] [INFO] [EXEC] STREAM_OWNERSHIP_AUDIT stream_id=12 state=WAIT_BUY buy_order_id=0 sell_order_id=0 chunk_id=0 chunk_qty=0.000000 buy_live=false sell_live=false chunk_live=false
[11:32:53.200] [INFO] [EXEC] STREAM_OWNERSHIP_AUDIT stream_id=13 state=WAIT_BUY buy_order_id=0 sell_order_id=0 chunk_id=0 chunk_qty=0.000000 buy_live=false sell_live=false chunk_live=false
[11:32:53.201] [INFO] [EXEC] STREAM_OWNERSHIP_AUDIT stream_id=14 state=WAIT_BUY buy_order_id=0 sell_order_id=0 chunk_id=0 chunk_qty=0.000000 buy_live=false sell_live=false chunk_live=false
[11:32:53.201] [INFO] [EXEC] STREAM_OWNERSHIP_AUDIT stream_id=15 state=WAIT_BUY buy_order_id=0 sell_order_id=0 chunk_id=0 chunk_qty=0.000000 buy_live=false sell_live=false chunk_live=false
[11:32:53.201] [INFO] [EXEC] STREAM_OWNERSHIP_AUDIT stream_id=16 state=WAIT_BUY buy_order_id=0 sell_order_id=0 chunk_id=0 chunk_qty=0.000000 buy_live=false sell_live=false chunk_live=false
[11:32:53.201] [INFO] [EXEC] STREAM_OWNERSHIP_AUDIT stream_id=17 state=WAIT_BUY buy_order_id=0 sell_order_id=0 chunk_id=0 chunk_qty=0.000000 buy_live=false sell_live=false chunk_live=false
[11:32:53.202] [INFO] [EXEC] STREAM_OWNERSHIP_AUDIT stream_id=18 state=WAIT_BUY buy_order_id=0 sell_order_id=0 chunk_id=0 chunk_qty=0.000000 buy_live=false sell_live=false chunk_live=false
[11:32:53.202] [INFO] [EXEC] STREAM_OWNERSHIP_AUDIT stream_id=19 state=WAIT_BUY buy_order_id=0 sell_order_id=0 chunk_id=0 chunk_qty=0.000000 buy_live=false sell_live=false chunk_live=false
[11:32:53.202] [INFO] [EXEC] STREAM_OWNERSHIP_AUDIT stream_id=20 state=WAIT_BUY buy_order_id=0 sell_order_id=0 chunk_id=0 chunk_qty=0.000000 buy_live=false sell_live=false chunk_live=false
[11:32:53.203] [ERROR] [EXEC] STREAM_STATE_MISMATCH reason=stream_inventory_qty_mismatch inventory_qty=0.000180 stream_chunks=0
[11:32:53.203] [INFO] [EXEC] STREAM_OWNERSHIP_SUMMARY streams_total=20 wait_buy=18 buy_placed=0 sell_active=2 exiting=0 recycle=0 chunks_total=1 stream_chunks=0 orphan_chunks=1 inventory_qty=0.000180 stream_inventory_qty=0.000000 orphan_inventory_qty=0.000180
[11:32:53.204] [ERROR] [EXEC] STREAM_OWNERSHIP_MISMATCH reason=qty_without_stream_chunks qty=0.000180
[11:32:53.947] [INFO] [EXEC] STREAM_EXIT_RETRY_STATUS stream_id=1 chunk_id=2497470692480 order_id=391906059 status=NEW
[11:32:53.948] [WARNING] [EXEC] STREAM_SELL_TIMEOUT stream_id=1 chunk_id=2497470692480 order_id=391906059 age_ms=3545 timeout_ms=2800
[11:32:54.212] [INFO] [EXEC] STREAM_SELL_CANCEL_OLD stream_id=1 chunk_id=2497470692480 order_id=391906059
[11:32:54.214] [INFO] GUI_PERF tick_ms=0 logs_visible=False gui_log_mode=OFF append_skipped=778
[11:32:54.215] [INFO] [EXEC] STREAM_STOP_LOSS_BLOCKED_RETRY_AVAILABLE retry_count=1 retry_max=2 stream_id=1 chunk_id=2497470692480 order_id=391906059
[11:32:54.216] [WARNING] [EXEC] STREAM_EXIT_RETRY_PLACED stream_id=1 chunk_id=2497470692480 order_id=pending qty=0.000180 price=79341.32 retry_count=2
[11:32:54.475] [INFO] [EXEC] STREAM_REPAIR_SKIP reason=stream_owned_inventory
[11:32:54.475] [ERROR] [EXEC] STREAM_OWNERSHIP_MISMATCH reason=qty_without_stream_chunks qty=0.000180
[11:32:54.476] [INFO] [EXEC] STREAM_GLOBAL_SMART_EXIT_BLOCKED reason=stream_owned_inventory qty=0.000180 trigger=exit_recovery_inventory_no_sell
[11:32:54.476] [ERROR] [EXEC] STREAM_OWNERSHIP_MISMATCH reason=qty_without_stream_chunks qty=0.000180
[11:32:54.477] [INFO] [EXEC] STREAM_GLOBAL_SMART_EXIT_BLOCKED reason=stream_owned_inventory qty=0.000180 trigger=place_sell
[11:32:55.081] [INFO] [EXEC] STREAM_STATS_UI cycles=1 wins=1 losses=0 pnl=+0.000050 winrate=100.00%
[11:32:55.342] [INFO] [EXEC] STREAM_EXIT_RETRY_STATUS stream_id=1 chunk_id=2497470692480 order_id=391906172 status=NEW
[11:32:55.343] [INFO] GUI_PERF tick_ms=0 logs_visible=False gui_log_mode=OFF append_skipped=787
[11:32:55.344] [INFO] [EXEC] STREAM_OWNERSHIP_AUDIT stream_id=1 state=SELL_PLACED buy_order_id=0 sell_order_id=391906172 chunk_id=2497470692480 chunk_qty=0.000180 buy_live=false sell_live=true chunk_live=true
[11:32:55.345] [INFO] [EXEC] STREAM_OWNERSHIP_AUDIT stream_id=2 state=SELL_PLACED buy_order_id=0 sell_order_id=391905133 chunk_id=2497471402432 chunk_qty=0.000000 buy_live=false sell_live=true chunk_live=false
[11:32:55.346] [INFO] [EXEC] STREAM_OWNERSHIP_AUDIT stream_id=3 state=WAIT_BUY buy_order_id=0 sell_order_id=0 chunk_id=0 chunk_qty=0.000000 buy_live=false sell_live=false chunk_live=false
[11:32:55.347] [INFO] [EXEC] STREAM_OWNERSHIP_AUDIT stream_id=4 state=WAIT_BUY buy_order_id=0 sell_order_id=0 chunk_id=0 chunk_qty=0.000000 buy_live=false sell_live=false chunk_live=false
[11:32:55.348] [INFO] [EXEC] STREAM_OWNERSHIP_AUDIT stream_id=5 state=WAIT_BUY buy_order_id=0 sell_order_id=0 chunk_id=0 chunk_qty=0.000000 buy_live=false sell_live=false chunk_live=false
[11:32:55.349] [INFO] [EXEC] STREAM_OWNERSHIP_AUDIT stream_id=6 state=WAIT_BUY buy_order_id=0 sell_order_id=0 chunk_id=0 chunk_qty=0.000000 buy_live=false sell_live=false chunk_live=false
[11:32:55.349] [INFO] [EXEC] STREAM_OWNERSHIP_AUDIT stream_id=7 state=WAIT_BUY buy_order_id=0 sell_order_id=0 chunk_id=0 chunk_qty=0.000000 buy_live=false sell_live=false chunk_live=false
[11:32:55.350] [INFO] [EXEC] STREAM_OWNERSHIP_AUDIT stream_id=8 state=WAIT_BUY buy_order_id=0 sell_order_id=0 chunk_id=0 chunk_qty=0.000000 buy_live=false sell_live=false chunk_live=false
[11:32:55.351] [INFO] [EXEC] STREAM_OWNERSHIP_AUDIT stream_id=9 state=WAIT_BUY buy_order_id=0 sell_order_id=0 chunk_id=0 chunk_qty=0.000000 buy_live=false sell_live=false chunk_live=false
[11:32:55.351] [INFO] [EXEC] STREAM_OWNERSHIP_AUDIT stream_id=10 state=WAIT_BUY buy_order_id=0 sell_order_id=0 chunk_id=0 chunk_qty=0.000000 buy_live=false sell_live=false chunk_live=false
[11:32:55.352] [INFO] [EXEC] STREAM_OWNERSHIP_AUDIT stream_id=11 state=WAIT_BUY buy_order_id=0 sell_order_id=0 chunk_id=0 chunk_qty=0.000000 buy_live=false sell_live=false chunk_live=false
[11:32:55.352] [INFO] [EXEC] STREAM_OWNERSHIP_AUDIT stream_id=12 state=WAIT_BUY buy_order_id=0 sell_order_id=0 chunk_id=0 chunk_qty=0.000000 buy_live=false sell_live=false chunk_live=false
[11:32:55.353] [INFO] [EXEC] STREAM_OWNERSHIP_AUDIT stream_id=13 state=WAIT_BUY buy_order_id=0 sell_order_id=0 chunk_id=0 chunk_qty=0.000000 buy_live=false sell_live=false chunk_live=false
[11:32:55.353] [INFO] [EXEC] STREAM_OWNERSHIP_AUDIT stream_id=14 state=WAIT_BUY buy_order_id=0 sell_order_id=0 chunk_id=0 chunk_qty=0.000000 buy_live=false sell_live=false chunk_live=false
[11:32:55.354] [INFO] [EXEC] STREAM_OWNERSHIP_AUDIT stream_id=15 state=WAIT_BUY buy_order_id=0 sell_order_id=0 chunk_id=0 chunk_qty=0.000000 buy_live=false sell_live=false chunk_live=false
[11:32:55.354] [INFO] [EXEC] STREAM_OWNERSHIP_AUDIT stream_id=16 state=WAIT_BUY buy_order_id=0 sell_order_id=0 chunk_id=0 chunk_qty=0.000000 buy_live=false sell_live=false chunk_live=false
[11:32:55.355] [INFO] [EXEC] STREAM_OWNERSHIP_AUDIT stream_id=17 state=WAIT_BUY buy_order_id=0 sell_order_id=0 chunk_id=0 chunk_qty=0.000000 buy_live=false sell_live=false chunk_live=false
[11:32:55.355] [INFO] [EXEC] STREAM_OWNERSHIP_AUDIT stream_id=18 state=WAIT_BUY buy_order_id=0 sell_order_id=0 chunk_id=0 chunk_qty=0.000000 buy_live=false sell_live=false chunk_live=false
[11:32:55.355] [INFO] [EXEC] STREAM_OWNERSHIP_AUDIT stream_id=19 state=WAIT_BUY buy_order_id=0 sell_order_id=0 chunk_id=0 chunk_qty=0.000000 buy_live=false sell_live=false chunk_live=false
[11:32:55.355] [INFO] [EXEC] STREAM_OWNERSHIP_AUDIT stream_id=20 state=WAIT_BUY buy_order_id=0 sell_order_id=0 chunk_id=0 chunk_qty=0.000000 buy_live=false sell_live=false chunk_live=false
[11:32:55.356] [ERROR] [EXEC] STREAM_STATE_MISMATCH reason=stream_inventory_qty_mismatch inventory_qty=0.000180 stream_chunks=0
[11:32:55.356] [INFO] [EXEC] STREAM_OWNERSHIP_SUMMARY streams_total=20 wait_buy=18 buy_placed=0 sell_active=2 exiting=0 recycle=0 chunks_total=1 stream_chunks=0 orphan_chunks=1 inventory_qty=0.000180 stream_inventory_qty=0.000000 orphan_inventory_qty=0.000180
[11:32:55.357] [ERROR] [EXEC] STREAM_OWNERSHIP_MISMATCH reason=qty_without_stream_chunks qty=0.000180
[11:32:55.960] [INFO] [EXEC] STREAM_EXIT_RETRY_STATUS stream_id=1 chunk_id=2497470692480 order_id=391906172 status=NEW
[11:32:55.962] [ERROR] [EXEC] STREAM_OWNERSHIP_MISMATCH reason=qty_without_stream_chunks qty=0.000180
[11:32:56.709] [INFO] [EXEC] STREAM_EXIT_RETRY_STATUS stream_id=1 chunk_id=2497470692480 order_id=391906172 status=NEW
[11:32:56.710] [INFO] GUI_PERF tick_ms=0 logs_visible=False gui_log_mode=OFF append_skipped=813
[11:32:56.712] [ERROR] [EXEC] STREAM_OWNERSHIP_MISMATCH reason=qty_without_stream_chunks qty=0.000180
[11:32:57.454] [INFO] [EXEC] STREAM_EXIT_RETRY_STATUS stream_id=1 chunk_id=2497470692480 order_id=391906172 status=NEW
[11:32:57.455] [WARNING] [EXEC] STREAM_SELL_TIMEOUT stream_id=1 chunk_id=2497470692480 order_id=391906172 age_ms=3506 timeout_ms=2800
[11:32:57.718] [INFO] [EXEC] STREAM_SELL_CANCEL_OLD stream_id=1 chunk_id=2497470692480 order_id=391906172
[11:32:57.718] [INFO] GUI_PERF tick_ms=0 logs_visible=False gui_log_mode=OFF append_skipped=817
[11:32:57.719] [WARNING] [EXEC] STREAM_STOP_LOSS_EXIT stream_id=1 chunk_id=2497470692480 order_id=391906172 stop_price=79339.02 retry_count=2 retry_max=2
[11:32:57.719] [WARNING] [EXEC] STREAM_EXIT_ISOLATED stream_id=1 chunk_id=2497470692480 action=stop_loss_exit
[11:32:57.978] [WARNING] [EXEC] STREAM_EXIT_RETRY_PLACED stream_id=1 chunk_id=2497470692480 order_id=391906307 qty=0.000180 price=79339.02
[11:32:57.978] [INFO] [EXEC] STREAM_OWNERSHIP_AUDIT stream_id=1 state=EXITING buy_order_id=0 sell_order_id=391906307 chunk_id=2497470692480 chunk_qty=0.000180 buy_live=false sell_live=true chunk_live=true
[11:32:57.978] [INFO] [EXEC] STREAM_OWNERSHIP_AUDIT stream_id=2 state=SELL_PLACED buy_order_id=0 sell_order_id=391905133 chunk_id=2497471402432 chunk_qty=0.000000 buy_live=false sell_live=true chunk_live=false
[11:32:57.979] [INFO] [EXEC] STREAM_OWNERSHIP_AUDIT stream_id=3 state=WAIT_BUY buy_order_id=0 sell_order_id=0 chunk_id=0 chunk_qty=0.000000 buy_live=false sell_live=false chunk_live=false
[11:32:57.979] [INFO] [EXEC] STREAM_OWNERSHIP_AUDIT stream_id=4 state=WAIT_BUY buy_order_id=0 sell_order_id=0 chunk_id=0 chunk_qty=0.000000 buy_live=false sell_live=false chunk_live=false
[11:32:57.979] [INFO] [EXEC] STREAM_OWNERSHIP_AUDIT stream_id=5 state=WAIT_BUY buy_order_id=0 sell_order_id=0 chunk_id=0 chunk_qty=0.000000 buy_live=false sell_live=false chunk_live=false
[11:32:57.980] [INFO] [EXEC] STREAM_OWNERSHIP_AUDIT stream_id=6 state=WAIT_BUY buy_order_id=0 sell_order_id=0 chunk_id=0 chunk_qty=0.000000 buy_live=false sell_live=false chunk_live=false
[11:32:57.980] [INFO] [EXEC] STREAM_OWNERSHIP_AUDIT stream_id=7 state=WAIT_BUY buy_order_id=0 sell_order_id=0 chunk_id=0 chunk_qty=0.000000 buy_live=false sell_live=false chunk_live=false
[11:32:57.980] [INFO] [EXEC] STREAM_OWNERSHIP_AUDIT stream_id=8 state=WAIT_BUY buy_order_id=0 sell_order_id=0 chunk_id=0 chunk_qty=0.000000 buy_live=false sell_live=false chunk_live=false
[11:32:57.980] [INFO] [EXEC] STREAM_OWNERSHIP_AUDIT stream_id=9 state=WAIT_BUY buy_order_id=0 sell_order_id=0 chunk_id=0 chunk_qty=0.000000 buy_live=false sell_live=false chunk_live=false
[11:32:57.981] [INFO] [EXEC] STREAM_OWNERSHIP_AUDIT stream_id=10 state=WAIT_BUY buy_order_id=0 sell_order_id=0 chunk_id=0 chunk_qty=0.000000 buy_live=false sell_live=false chunk_live=false
[11:32:57.981] [INFO] [EXEC] STREAM_OWNERSHIP_AUDIT stream_id=11 state=WAIT_BUY buy_order_id=0 sell_order_id=0 chunk_id=0 chunk_qty=0.000000 buy_live=false sell_live=false chunk_live=false
[11:32:57.981] [INFO] [EXEC] STREAM_OWNERSHIP_AUDIT stream_id=12 state=WAIT_BUY buy_order_id=0 sell_order_id=0 chunk_id=0 chunk_qty=0.000000 buy_live=false sell_live=false chunk_live=false
[11:32:57.981] [INFO] [EXEC] STREAM_OWNERSHIP_AUDIT stream_id=13 state=WAIT_BUY buy_order_id=0 sell_order_id=0 chunk_id=0 chunk_qty=0.000000 buy_live=false sell_live=false chunk_live=false
[11:32:57.982] [INFO] [EXEC] STREAM_OWNERSHIP_AUDIT stream_id=14 state=WAIT_BUY buy_order_id=0 sell_order_id=0 chunk_id=0 chunk_qty=0.000000 buy_live=false sell_live=false chunk_live=false
[11:32:57.982] [INFO] [EXEC] STREAM_OWNERSHIP_AUDIT stream_id=15 state=WAIT_BUY buy_order_id=0 sell_order_id=0 chunk_id=0 chunk_qty=0.000000 buy_live=false sell_live=false chunk_live=false
[11:32:57.982] [INFO] [EXEC] STREAM_OWNERSHIP_AUDIT stream_id=16 state=WAIT_BUY buy_order_id=0 sell_order_id=0 chunk_id=0 chunk_qty=0.000000 buy_live=false sell_live=false chunk_live=false
[11:32:57.983] [INFO] [EXEC] STREAM_OWNERSHIP_AUDIT stream_id=17 state=WAIT_BUY buy_order_id=0 sell_order_id=0 chunk_id=0 chunk_qty=0.000000 buy_live=false sell_live=false chunk_live=false
[11:32:57.983] [INFO] [EXEC] STREAM_OWNERSHIP_AUDIT stream_id=18 state=WAIT_BUY buy_order_id=0 sell_order_id=0 chunk_id=0 chunk_qty=0.000000 buy_live=false sell_live=false chunk_live=false
[11:32:57.983] [INFO] [EXEC] STREAM_OWNERSHIP_AUDIT stream_id=19 state=WAIT_BUY buy_order_id=0 sell_order_id=0 chunk_id=0 chunk_qty=0.000000 buy_live=false sell_live=false chunk_live=false
[11:32:57.983] [INFO] [EXEC] STREAM_OWNERSHIP_AUDIT stream_id=20 state=WAIT_BUY buy_order_id=0 sell_order_id=0 chunk_id=0 chunk_qty=0.000000 buy_live=false sell_live=false chunk_live=false
[11:32:57.984] [ERROR] [EXEC] STREAM_STATE_MISMATCH reason=stream_inventory_qty_mismatch inventory_qty=0.000180 stream_chunks=0
[11:32:57.984] [INFO] [EXEC] STREAM_OWNERSHIP_SUMMARY streams_total=20 wait_buy=18 buy_placed=0 sell_active=1 exiting=1 recycle=0 chunks_total=1 stream_chunks=0 orphan_chunks=1 inventory_qty=0.000180 stream_inventory_qty=0.000000 orphan_inventory_qty=0.000180
[11:32:57.985] [INFO] [EXEC] STREAM_REPAIR_SKIP reason=stream_owned_inventory
[11:32:57.985] [ERROR] [EXEC] STREAM_OWNERSHIP_MISMATCH reason=qty_without_stream_chunks qty=0.000180
[11:32:57.985] [INFO] [EXEC] STREAM_GLOBAL_SMART_EXIT_BLOCKED reason=stream_owned_inventory qty=0.000180 trigger=exit_recovery_inventory_no_sell
[11:32:57.986] [ERROR] [EXEC] STREAM_OWNERSHIP_MISMATCH reason=qty_without_stream_chunks qty=0.000180
[11:32:57.986] [INFO] [EXEC] STREAM_GLOBAL_SMART_EXIT_BLOCKED reason=stream_owned_inventory qty=0.000180 trigger=place_sell
[11:32:58.699] [INFO] [EXEC] STREAM_EXIT_RETRY_STATUS stream_id=1 chunk_id=2497470692480 order_id=391906307 status=NEW
[11:32:58.701] [ERROR] [EXEC] STREAM_OWNERSHIP_MISMATCH reason=qty_without_stream_chunks qty=0.000180
[11:32:59.448] [INFO] [EXEC] STREAM_EXIT_RETRY_STATUS stream_id=1 chunk_id=2497470692480 order_id=391906307 status=NEW
[11:32:59.450] [INFO] GUI_PERF tick_ms=0 logs_visible=False gui_log_mode=OFF append_skipped=850
[11:32:59.451] [INFO] [EXEC] STREAM_OWNERSHIP_AUDIT stream_id=1 state=SELL_PLACED buy_order_id=0 sell_order_id=391906307 chunk_id=2497470692480 chunk_qty=0.000180 buy_live=false sell_live=true chunk_live=true
[11:32:59.452] [INFO] [EXEC] STREAM_OWNERSHIP_AUDIT stream_id=2 state=SELL_PLACED buy_order_id=0 sell_order_id=391905133 chunk_id=2497471402432 chunk_qty=0.000000 buy_live=false sell_live=true chunk_live=false
[11:32:59.453] [INFO] [EXEC] STREAM_OWNERSHIP_AUDIT stream_id=3 state=WAIT_BUY buy_order_id=0 sell_order_id=0 chunk_id=0 chunk_qty=0.000000 buy_live=false sell_live=false chunk_live=false
[11:32:59.454] [INFO] [EXEC] STREAM_OWNERSHIP_AUDIT stream_id=4 state=WAIT_BUY buy_order_id=0 sell_order_id=0 chunk_id=0 chunk_qty=0.000000 buy_live=false sell_live=false chunk_live=false
[11:32:59.455] [INFO] [EXEC] STREAM_OWNERSHIP_AUDIT stream_id=5 state=WAIT_BUY buy_order_id=0 sell_order_id=0 chunk_id=0 chunk_qty=0.000000 buy_live=false sell_live=false chunk_live=false
[11:32:59.455] [INFO] [EXEC] STREAM_OWNERSHIP_AUDIT stream_id=6 state=WAIT_BUY buy_order_id=0 sell_order_id=0 chunk_id=0 chunk_qty=0.000000 buy_live=false sell_live=false chunk_live=false
[11:32:59.456] [INFO] [EXEC] STREAM_OWNERSHIP_AUDIT stream_id=7 state=WAIT_BUY buy_order_id=0 sell_order_id=0 chunk_id=0 chunk_qty=0.000000 buy_live=false sell_live=false chunk_live=false
[11:32:59.457] [INFO] [EXEC] STREAM_OWNERSHIP_AUDIT stream_id=8 state=WAIT_BUY buy_order_id=0 sell_order_id=0 chunk_id=0 chunk_qty=0.000000 buy_live=false sell_live=false chunk_live=false
[11:32:59.458] [INFO] [EXEC] STREAM_OWNERSHIP_AUDIT stream_id=9 state=WAIT_BUY buy_order_id=0 sell_order_id=0 chunk_id=0 chunk_qty=0.000000 buy_live=false sell_live=false chunk_live=false
[11:32:59.458] [INFO] [EXEC] STREAM_OWNERSHIP_AUDIT stream_id=10 state=WAIT_BUY buy_order_id=0 sell_order_id=0 chunk_id=0 chunk_qty=0.000000 buy_live=false sell_live=false chunk_live=false
[11:32:59.459] [INFO] [EXEC] STREAM_OWNERSHIP_AUDIT stream_id=11 state=WAIT_BUY buy_order_id=0 sell_order_id=0 chunk_id=0 chunk_qty=0.000000 buy_live=false sell_live=false chunk_live=false
[11:32:59.459] [INFO] [EXEC] STREAM_OWNERSHIP_AUDIT stream_id=12 state=WAIT_BUY buy_order_id=0 sell_order_id=0 chunk_id=0 chunk_qty=0.000000 buy_live=false sell_live=false chunk_live=false
[11:32:59.460] [INFO] [EXEC] STREAM_OWNERSHIP_AUDIT stream_id=13 state=WAIT_BUY buy_order_id=0 sell_order_id=0 chunk_id=0 chunk_qty=0.000000 buy_live=false sell_live=false chunk_live=false
[11:32:59.460] [INFO] [EXEC] STREAM_OWNERSHIP_AUDIT stream_id=14 state=WAIT_BUY buy_order_id=0 sell_order_id=0 chunk_id=0 chunk_qty=0.000000 buy_live=false sell_live=false chunk_live=false
[11:32:59.461] [INFO] [EXEC] STREAM_OWNERSHIP_AUDIT stream_id=15 state=WAIT_BUY buy_order_id=0 sell_order_id=0 chunk_id=0 chunk_qty=0.000000 buy_live=false sell_live=false chunk_live=false
[11:32:59.461] [INFO] [EXEC] STREAM_OWNERSHIP_AUDIT stream_id=16 state=WAIT_BUY buy_order_id=0 sell_order_id=0 chunk_id=0 chunk_qty=0.000000 buy_live=false sell_live=false chunk_live=false
[11:32:59.461] [INFO] [EXEC] STREAM_OWNERSHIP_AUDIT stream_id=17 state=WAIT_BUY buy_order_id=0 sell_order_id=0 chunk_id=0 chunk_qty=0.000000 buy_live=false sell_live=false chunk_live=false
[11:32:59.462] [INFO] [EXEC] STREAM_OWNERSHIP_AUDIT stream_id=18 state=WAIT_BUY buy_order_id=0 sell_order_id=0 chunk_id=0 chunk_qty=0.000000 buy_live=false sell_live=false chunk_live=false
[11:32:59.462] [INFO] [EXEC] STREAM_OWNERSHIP_AUDIT stream_id=19 state=WAIT_BUY buy_order_id=0 sell_order_id=0 chunk_id=0 chunk_qty=0.000000 buy_live=false sell_live=false chunk_live=false
[11:32:59.462] [INFO] [EXEC] STREAM_OWNERSHIP_AUDIT stream_id=20 state=WAIT_BUY buy_order_id=0 sell_order_id=0 chunk_id=0 chunk_qty=0.000000 buy_live=false sell_live=false chunk_live=false
[11:32:59.463] [ERROR] [EXEC] STREAM_STATE_MISMATCH reason=stream_inventory_qty_mismatch inventory_qty=0.000180 stream_chunks=0
[11:32:59.463] [INFO] [EXEC] STREAM_OWNERSHIP_SUMMARY streams_total=20 wait_buy=18 buy_placed=0 sell_active=2 exiting=0 recycle=0 chunks_total=1 stream_chunks=0 orphan_chunks=1 inventory_qty=0.000180 stream_inventory_qty=0.000000 orphan_inventory_qty=0.000180
[11:32:59.465] [ERROR] [EXEC] STREAM_OWNERSHIP_MISMATCH reason=qty_without_stream_chunks qty=0.000180
[11:33:00.204] [INFO] [EXEC] STREAM_EXIT_RETRY_STATUS stream_id=1 chunk_id=2497470692480 order_id=391906307 status=NEW
[11:33:00.206] [ERROR] [EXEC] STREAM_OWNERSHIP_MISMATCH reason=qty_without_stream_chunks qty=0.000180
[11:33:00.976] [INFO] [EXEC] STREAM_EXIT_RETRY_STATUS stream_id=1 chunk_id=2497470692480 order_id=391906307 status=NEW
[11:33:00.977] [INFO] GUI_PERF tick_ms=0 logs_visible=False gui_log_mode=OFF append_skipped=876
[11:33:00.978] [WARNING] [EXEC] STREAM_SELL_TIMEOUT stream_id=1 chunk_id=2497470692480 order_id=391906307 age_ms=3513 timeout_ms=2800
[11:33:01.239] [INFO] [EXEC] STREAM_SELL_CANCEL_OLD stream_id=1 chunk_id=2497470692480 order_id=391906307
[11:33:01.240] [ERROR] [EXEC] STREAM_EXIT_STUCK stream_id=1 chunk_id=2497470692480 order_id=391906307
[11:33:01.241] [WARNING] [EXEC] STREAM_EXIT_ISOLATED stream_id=1 chunk_id=2497470692480 action=force_sell_reprice
[11:33:01.242] [INFO] [EXEC] STREAM_OWNERSHIP_AUDIT stream_id=1 state=SELL_PLACED buy_order_id=0 sell_order_id=391906307 chunk_id=2497470692480 chunk_qty=0.000180 buy_live=false sell_live=true chunk_live=true
[11:33:01.243] [INFO] [EXEC] STREAM_OWNERSHIP_AUDIT stream_id=2 state=SELL_PLACED buy_order_id=0 sell_order_id=391905133 chunk_id=2497471402432 chunk_qty=0.000000 buy_live=false sell_live=true chunk_live=false
[11:33:01.243] [INFO] [EXEC] STREAM_OWNERSHIP_AUDIT stream_id=3 state=WAIT_BUY buy_order_id=0 sell_order_id=0 chunk_id=0 chunk_qty=0.000000 buy_live=false sell_live=false chunk_live=false
[11:33:01.244] [INFO] [EXEC] STREAM_OWNERSHIP_AUDIT stream_id=4 state=WAIT_BUY buy_order_id=0 sell_order_id=0 chunk_id=0 chunk_qty=0.000000 buy_live=false sell_live=false chunk_live=false
[11:33:01.244] [INFO] [EXEC] STREAM_OWNERSHIP_AUDIT stream_id=5 state=WAIT_BUY buy_order_id=0 sell_order_id=0 chunk_id=0 chunk_qty=0.000000 buy_live=false sell_live=false chunk_live=false
[11:33:01.245] [INFO] [EXEC] STREAM_OWNERSHIP_AUDIT stream_id=6 state=WAIT_BUY buy_order_id=0 sell_order_id=0 chunk_id=0 chunk_qty=0.000000 buy_live=false sell_live=false chunk_live=false
[11:33:01.245] [INFO] [EXEC] STREAM_OWNERSHIP_AUDIT stream_id=7 state=WAIT_BUY buy_order_id=0 sell_order_id=0 chunk_id=0 chunk_qty=0.000000 buy_live=false sell_live=false chunk_live=false
[11:33:01.245] [INFO] [EXEC] STREAM_OWNERSHIP_AUDIT stream_id=8 state=WAIT_BUY buy_order_id=0 sell_order_id=0 chunk_id=0 chunk_qty=0.000000 buy_live=false sell_live=false chunk_live=false
[11:33:01.245] [INFO] [EXEC] STREAM_OWNERSHIP_AUDIT stream_id=9 state=WAIT_BUY buy_order_id=0 sell_order_id=0 chunk_id=0 chunk_qty=0.000000 buy_live=false sell_live=false chunk_live=false
[11:33:01.246] [INFO] [EXEC] STREAM_OWNERSHIP_AUDIT stream_id=10 state=WAIT_BUY buy_order_id=0 sell_order_id=0 chunk_id=0 chunk_qty=0.000000 buy_live=false sell_live=false chunk_live=false
[11:33:01.246] [INFO] [EXEC] STREAM_OWNERSHIP_AUDIT stream_id=11 state=WAIT_BUY buy_order_id=0 sell_order_id=0 chunk_id=0 chunk_qty=0.000000 buy_live=false sell_live=false chunk_live=false
[11:33:01.246] [INFO] [EXEC] STREAM_OWNERSHIP_AUDIT stream_id=12 state=WAIT_BUY buy_order_id=0 sell_order_id=0 chunk_id=0 chunk_qty=0.000000 buy_live=false sell_live=false chunk_live=false
[11:33:01.247] [INFO] [EXEC] STREAM_OWNERSHIP_AUDIT stream_id=13 state=WAIT_BUY buy_order_id=0 sell_order_id=0 chunk_id=0 chunk_qty=0.000000 buy_live=false sell_live=false chunk_live=false
[11:33:01.247] [INFO] [EXEC] STREAM_OWNERSHIP_AUDIT stream_id=14 state=WAIT_BUY buy_order_id=0 sell_order_id=0 chunk_id=0 chunk_qty=0.000000 buy_live=false sell_live=false chunk_live=false
[11:33:01.247] [INFO] [EXEC] STREAM_OWNERSHIP_AUDIT stream_id=15 state=WAIT_BUY buy_order_id=0 sell_order_id=0 chunk_id=0 chunk_qty=0.000000 buy_live=false sell_live=false chunk_live=false
[11:33:01.248] [INFO] [EXEC] STREAM_OWNERSHIP_AUDIT stream_id=16 state=WAIT_BUY buy_order_id=0 sell_order_id=0 chunk_id=0 chunk_qty=0.000000 buy_live=false sell_live=false chunk_live=false
[11:33:01.248] [INFO] [EXEC] STREAM_OWNERSHIP_AUDIT stream_id=17 state=WAIT_BUY buy_order_id=0 sell_order_id=0 chunk_id=0 chunk_qty=0.000000 buy_live=false sell_live=false chunk_live=false
[11:33:01.248] [INFO] [EXEC] STREAM_OWNERSHIP_AUDIT stream_id=18 state=WAIT_BUY buy_order_id=0 sell_order_id=0 chunk_id=0 chunk_qty=0.000000 buy_live=false sell_live=false chunk_live=false
[11:33:01.249] [INFO] [EXEC] STREAM_OWNERSHIP_AUDIT stream_id=19 state=WAIT_BUY buy_order_id=0 sell_order_id=0 chunk_id=0 chunk_qty=0.000000 buy_live=false sell_live=false chunk_live=false
[11:33:01.249] [INFO] [EXEC] STREAM_OWNERSHIP_AUDIT stream_id=20 state=WAIT_BUY buy_order_id=0 sell_order_id=0 chunk_id=0 chunk_qty=0.000000 buy_live=false sell_live=false chunk_live=false
[11:33:01.249] [ERROR] [EXEC] STREAM_STATE_MISMATCH reason=stream_inventory_qty_mismatch inventory_qty=0.000180 stream_chunks=0
[11:33:01.250] [INFO] [EXEC] STREAM_OWNERSHIP_SUMMARY streams_total=20 wait_buy=18 buy_placed=0 sell_active=2 exiting=0 recycle=0 chunks_total=1 stream_chunks=0 orphan_chunks=1 inventory_qty=0.000180 stream_inventory_qty=0.000000 orphan_inventory_qty=0.000180
[11:33:01.250] [ERROR] [EXEC] STREAM_OWNERSHIP_MISMATCH reason=qty_without_stream_chunks qty=0.000180
[11:33:01.251] [INFO] [EXEC] EXIT RECOVERY inventory_no_sell qty=0.000180
[11:33:01.251] [ERROR] [EXEC] STREAM_OWNERSHIP_MISMATCH reason=qty_without_stream_chunks qty=0.000180
[11:33:01.771] [INFO] [EXEC] SELL CHECK inventory=0.000180 reported=0.000000 remaining=0.000180 chunks=1
[11:33:01.773] [INFO] [EXEC] PLACE_SELL_SOURCE source=plan price=79341.24
[11:33:01.774] [OK] [EXEC] PLACE SELL price=79341.24 qty=0.000180
[11:33:02.034] [OK] [EXEC] SELL ORDER SENT orderId=391906430
[11:33:02.035] [INFO] GUI_PERF tick_ms=0 logs_visible=False gui_log_mode=OFF append_skipped=909
[11:33:02.037] [INFO] [EXEC] STREAM_STATS_UI cycles=1 wins=1 losses=0 pnl=+0.000050 winrate=100.00%
[11:33:02.990] [INFO] [EXEC] STREAM_OWNERSHIP_AUDIT stream_id=1 state=SELL_PLACED buy_order_id=0 sell_order_id=391906307 chunk_id=2497470692480 chunk_qty=0.000180 buy_live=false sell_live=true chunk_live=true
[11:33:02.991] [INFO] [EXEC] STREAM_OWNERSHIP_AUDIT stream_id=2 state=SELL_PLACED buy_order_id=0 sell_order_id=391905133 chunk_id=2497471402432 chunk_qty=0.000000 buy_live=false sell_live=true chunk_live=false
[11:33:02.992] [INFO] [EXEC] STREAM_OWNERSHIP_AUDIT stream_id=3 state=WAIT_BUY buy_order_id=0 sell_order_id=0 chunk_id=0 chunk_qty=0.000000 buy_live=false sell_live=false chunk_live=false
[11:33:02.992] [INFO] [EXEC] STREAM_OWNERSHIP_AUDIT stream_id=4 state=WAIT_BUY buy_order_id=0 sell_order_id=0 chunk_id=0 chunk_qty=0.000000 buy_live=false sell_live=false chunk_live=false
[11:33:02.992] [INFO] [EXEC] STREAM_OWNERSHIP_AUDIT stream_id=5 state=WAIT_BUY buy_order_id=0 sell_order_id=0 chunk_id=0 chunk_qty=0.000000 buy_live=false sell_live=false chunk_live=false
[11:33:02.993] [INFO] [EXEC] STREAM_OWNERSHIP_AUDIT stream_id=6 state=WAIT_BUY buy_order_id=0 sell_order_id=0 chunk_id=0 chunk_qty=0.000000 buy_live=false sell_live=false chunk_live=false
[11:33:02.993] [INFO] [EXEC] STREAM_OWNERSHIP_AUDIT stream_id=7 state=WAIT_BUY buy_order_id=0 sell_order_id=0 chunk_id=0 chunk_qty=0.000000 buy_live=false sell_live=false chunk_live=false
[11:33:02.994] [INFO] [EXEC] STREAM_OWNERSHIP_AUDIT stream_id=8 state=WAIT_BUY buy_order_id=0 sell_order_id=0 chunk_id=0 chunk_qty=0.000000 buy_live=false sell_live=false chunk_live=false
[11:33:02.994] [INFO] [EXEC] STREAM_OWNERSHIP_AUDIT stream_id=9 state=WAIT_BUY buy_order_id=0 sell_order_id=0 chunk_id=0 chunk_qty=0.000000 buy_live=false sell_live=false chunk_live=false
[11:33:02.994] [INFO] [EXEC] STREAM_OWNERSHIP_AUDIT stream_id=10 state=WAIT_BUY buy_order_id=0 sell_order_id=0 chunk_id=0 chunk_qty=0.000000 buy_live=false sell_live=false chunk_live=false
[11:33:02.995] [INFO] [EXEC] STREAM_OWNERSHIP_AUDIT stream_id=11 state=WAIT_BUY buy_order_id=0 sell_order_id=0 chunk_id=0 chunk_qty=0.000000 buy_live=false sell_live=false chunk_live=false
[11:33:02.995] [INFO] [EXEC] STREAM_OWNERSHIP_AUDIT stream_id=12 state=WAIT_BUY buy_order_id=0 sell_order_id=0 chunk_id=0 chunk_qty=0.000000 buy_live=false sell_live=false chunk_live=false
[11:33:02.995] [INFO] [EXEC] STREAM_OWNERSHIP_AUDIT stream_id=13 state=WAIT_BUY buy_order_id=0 sell_order_id=0 chunk_id=0 chunk_qty=0.000000 buy_live=false sell_live=false chunk_live=false
[11:33:02.996] [INFO] [EXEC] STREAM_OWNERSHIP_AUDIT stream_id=14 state=WAIT_BUY buy_order_id=0 sell_order_id=0 chunk_id=0 chunk_qty=0.000000 buy_live=false sell_live=false chunk_live=false
[11:33:02.996] [INFO] [EXEC] STREAM_OWNERSHIP_AUDIT stream_id=15 state=WAIT_BUY buy_order_id=0 sell_order_id=0 chunk_id=0 chunk_qty=0.000000 buy_live=false sell_live=false chunk_live=false
[11:33:02.996] [INFO] [EXEC] STREAM_OWNERSHIP_AUDIT stream_id=16 state=WAIT_BUY buy_order_id=0 sell_order_id=0 chunk_id=0 chunk_qty=0.000000 buy_live=false sell_live=false chunk_live=false
[11:33:02.997] [INFO] [EXEC] STREAM_OWNERSHIP_AUDIT stream_id=17 state=WAIT_BUY buy_order_id=0 sell_order_id=0 chunk_id=0 chunk_qty=0.000000 buy_live=false sell_live=false chunk_live=false
[11:33:02.997] [INFO] [EXEC] STREAM_OWNERSHIP_AUDIT stream_id=18 state=WAIT_BUY buy_order_id=0 sell_order_id=0 chunk_id=0 chunk_qty=0.000000 buy_live=false sell_live=false chunk_live=false
[11:33:02.997] [INFO] [EXEC] STREAM_OWNERSHIP_AUDIT stream_id=19 state=WAIT_BUY buy_order_id=0 sell_order_id=0 chunk_id=0 chunk_qty=0.000000 buy_live=false sell_live=false chunk_live=false
[11:33:02.997] [INFO] [EXEC] STREAM_OWNERSHIP_AUDIT stream_id=20 state=WAIT_BUY buy_order_id=0 sell_order_id=0 chunk_id=0 chunk_qty=0.000000 buy_live=false sell_live=false chunk_live=false
[11:33:02.998] [ERROR] [EXEC] STREAM_STATE_MISMATCH reason=stream_inventory_qty_mismatch inventory_qty=0.000180 stream_chunks=0
[11:33:02.998] [INFO] [EXEC] STREAM_OWNERSHIP_SUMMARY streams_total=20 wait_buy=18 buy_placed=0 sell_active=2 exiting=0 recycle=0 chunks_total=1 stream_chunks=0 orphan_chunks=1 inventory_qty=0.000180 stream_inventory_qty=0.000000 orphan_inventory_qty=0.000180
[11:33:04.253] [INFO] [EXEC] SELL_WATCHDOG_SYNC orderId=391906430 status=NEW
[11:33:04.254] [INFO] GUI_PERF tick_ms=0 logs_visible=False gui_log_mode=OFF append_skipped=933
[11:33:04.255] [INFO] [EXEC] SELL_WATCHDOG_FAR_IGNORE orderId=391906430 reason=protected_sell dist_ticks=4476
[11:33:04.992] [INFO] [EXEC] STREAM_OWNERSHIP_AUDIT stream_id=1 state=SELL_PLACED buy_order_id=0 sell_order_id=391906307 chunk_id=2497470692480 chunk_qty=0.000180 buy_live=false sell_live=true chunk_live=true
[11:33:04.993] [INFO] [EXEC] STREAM_OWNERSHIP_AUDIT stream_id=2 state=SELL_PLACED buy_order_id=0 sell_order_id=391905133 chunk_id=2497471402432 chunk_qty=0.000000 buy_live=false sell_live=true chunk_live=false
[11:33:04.995] [INFO] [EXEC] STREAM_OWNERSHIP_AUDIT stream_id=3 state=WAIT_BUY buy_order_id=0 sell_order_id=0 chunk_id=0 chunk_qty=0.000000 buy_live=false sell_live=false chunk_live=false
[11:33:04.996] [INFO] [EXEC] STREAM_OWNERSHIP_AUDIT stream_id=4 state=WAIT_BUY buy_order_id=0 sell_order_id=0 chunk_id=0 chunk_qty=0.000000 buy_live=false sell_live=false chunk_live=false
[11:33:04.996] [INFO] [EXEC] STREAM_OWNERSHIP_AUDIT stream_id=5 state=WAIT_BUY buy_order_id=0 sell_order_id=0 chunk_id=0 chunk_qty=0.000000 buy_live=false sell_live=false chunk_live=false
[11:33:04.997] [INFO] [EXEC] STREAM_OWNERSHIP_AUDIT stream_id=6 state=WAIT_BUY buy_order_id=0 sell_order_id=0 chunk_id=0 chunk_qty=0.000000 buy_live=false sell_live=false chunk_live=false
[11:33:04.998] [INFO] [EXEC] STREAM_OWNERSHIP_AUDIT stream_id=7 state=WAIT_BUY buy_order_id=0 sell_order_id=0 chunk_id=0 chunk_qty=0.000000 buy_live=false sell_live=false chunk_live=false
[11:33:04.998] [INFO] [EXEC] STREAM_OWNERSHIP_AUDIT stream_id=8 state=WAIT_BUY buy_order_id=0 sell_order_id=0 chunk_id=0 chunk_qty=0.000000 buy_live=false sell_live=false chunk_live=false
[11:33:04.998] [INFO] [EXEC] STREAM_OWNERSHIP_AUDIT stream_id=9 state=WAIT_BUY buy_order_id=0 sell_order_id=0 chunk_id=0 chunk_qty=0.000000 buy_live=false sell_live=false chunk_live=false
[11:33:04.999] [INFO] [EXEC] STREAM_OWNERSHIP_AUDIT stream_id=10 state=WAIT_BUY buy_order_id=0 sell_order_id=0 chunk_id=0 chunk_qty=0.000000 buy_live=false sell_live=false chunk_live=false
[11:33:04.999] [INFO] [EXEC] STREAM_OWNERSHIP_AUDIT stream_id=11 state=WAIT_BUY buy_order_id=0 sell_order_id=0 chunk_id=0 chunk_qty=0.000000 buy_live=false sell_live=false chunk_live=false
[11:33:05.000] [INFO] [EXEC] STREAM_OWNERSHIP_AUDIT stream_id=12 state=WAIT_BUY buy_order_id=0 sell_order_id=0 chunk_id=0 chunk_qty=0.000000 buy_live=false sell_live=false chunk_live=false
[11:33:05.001] [INFO] [EXEC] STREAM_OWNERSHIP_AUDIT stream_id=13 state=WAIT_BUY buy_order_id=0 sell_order_id=0 chunk_id=0 chunk_qty=0.000000 buy_live=false sell_live=false chunk_live=false
[11:33:05.001] [INFO] [EXEC] STREAM_OWNERSHIP_AUDIT stream_id=14 state=WAIT_BUY buy_order_id=0 sell_order_id=0 chunk_id=0 chunk_qty=0.000000 buy_live=false sell_live=false chunk_live=false
[11:33:05.002] [INFO] [EXEC] STREAM_OWNERSHIP_AUDIT stream_id=15 state=WAIT_BUY buy_order_id=0 sell_order_id=0 chunk_id=0 chunk_qty=0.000000 buy_live=false sell_live=false chunk_live=false
[11:33:05.003] [INFO] [EXEC] STREAM_OWNERSHIP_AUDIT stream_id=16 state=WAIT_BUY buy_order_id=0 sell_order_id=0 chunk_id=0 chunk_qty=0.000000 buy_live=false sell_live=false chunk_live=false
[11:33:05.004] [INFO] [EXEC] STREAM_OWNERSHIP_AUDIT stream_id=17 state=WAIT_BUY buy_order_id=0 sell_order_id=0 chunk_id=0 chunk_qty=0.000000 buy_live=false sell_live=false chunk_live=false
[11:33:05.004] [INFO] [EXEC] STREAM_OWNERSHIP_AUDIT stream_id=18 state=WAIT_BUY buy_order_id=0 sell_order_id=0 chunk_id=0 chunk_qty=0.000000 buy_live=false sell_live=false chunk_live=false
[11:33:05.005] [INFO] [EXEC] STREAM_OWNERSHIP_AUDIT stream_id=19 state=WAIT_BUY buy_order_id=0 sell_order_id=0 chunk_id=0 chunk_qty=0.000000 buy_live=false sell_live=false chunk_live=false
[11:33:05.006] [INFO] [EXEC] STREAM_OWNERSHIP_AUDIT stream_id=20 state=WAIT_BUY buy_order_id=0 sell_order_id=0 chunk_id=0 chunk_qty=0.000000 buy_live=false sell_live=false chunk_live=false
[11:33:05.007] [ERROR] [EXEC] STREAM_STATE_MISMATCH reason=stream_inventory_qty_mismatch inventory_qty=0.000180 stream_chunks=0
[11:33:05.008] [INFO] [EXEC] STREAM_OWNERSHIP_SUMMARY streams_total=20 wait_buy=18 buy_placed=0 sell_active=2 exiting=0 recycle=0 chunks_total=1 stream_chunks=0 orphan_chunks=1 inventory_qty=0.000180 stream_inventory_qty=0.000000 orphan_inventory_qty=0.000180
[11:33:05.278] [INFO] [EXEC] SELL_WATCHDOG_SYNC orderId=391906430 status=NEW
[11:33:05.279] [INFO] GUI_PERF tick_ms=0 logs_visible=False gui_log_mode=OFF append_skipped=957
[11:33:06.249] [INFO] [EXEC] HOLD_PROTECTED_SKIP_EXIT_ESCALATION reason=force_flat_after_ms orderId=391906430 hold_age=4217 soft=5000 hard=12000
[11:33:07.090] [INFO] [EXEC] STREAM_OWNERSHIP_AUDIT stream_id=1 state=SELL_PLACED buy_order_id=0 sell_order_id=391906307 chunk_id=2497470692480 chunk_qty=0.000180 buy_live=false sell_live=true chunk_live=true
[11:33:07.091] [INFO] GUI_PERF tick_ms=0 logs_visible=False gui_log_mode=OFF append_skipped=959
[11:33:07.092] [INFO] [EXEC] STREAM_OWNERSHIP_AUDIT stream_id=2 state=SELL_PLACED buy_order_id=0 sell_order_id=391905133 chunk_id=2497471402432 chunk_qty=0.000000 buy_live=false sell_live=true chunk_live=false
[11:33:07.093] [INFO] [EXEC] STREAM_OWNERSHIP_AUDIT stream_id=3 state=WAIT_BUY buy_order_id=0 sell_order_id=0 chunk_id=0 chunk_qty=0.000000 buy_live=false sell_live=false chunk_live=false
[11:33:07.094] [INFO] [EXEC] STREAM_OWNERSHIP_AUDIT stream_id=4 state=WAIT_BUY buy_order_id=0 sell_order_id=0 chunk_id=0 chunk_qty=0.000000 buy_live=false sell_live=false chunk_live=false
[11:33:07.095] [INFO] [EXEC] STREAM_OWNERSHIP_AUDIT stream_id=5 state=WAIT_BUY buy_order_id=0 sell_order_id=0 chunk_id=0 chunk_qty=0.000000 buy_live=false sell_live=false chunk_live=false
[11:33:07.096] [INFO] [EXEC] STREAM_OWNERSHIP_AUDIT stream_id=6 state=WAIT_BUY buy_order_id=0 sell_order_id=0 chunk_id=0 chunk_qty=0.000000 buy_live=false sell_live=false chunk_live=false
[11:33:07.096] [INFO] [EXEC] STREAM_OWNERSHIP_AUDIT stream_id=7 state=WAIT_BUY buy_order_id=0 sell_order_id=0 chunk_id=0 chunk_qty=0.000000 buy_live=false sell_live=false chunk_live=false
[11:33:07.097] [INFO] [EXEC] STREAM_OWNERSHIP_AUDIT stream_id=8 state=WAIT_BUY buy_order_id=0 sell_order_id=0 chunk_id=0 chunk_qty=0.000000 buy_live=false sell_live=false chunk_live=false
[11:33:07.098] [INFO] [EXEC] STREAM_OWNERSHIP_AUDIT stream_id=9 state=WAIT_BUY buy_order_id=0 sell_order_id=0 chunk_id=0 chunk_qty=0.000000 buy_live=false sell_live=false chunk_live=false
[11:33:07.099] [INFO] [EXEC] STREAM_OWNERSHIP_AUDIT stream_id=10 state=WAIT_BUY buy_order_id=0 sell_order_id=0 chunk_id=0 chunk_qty=0.000000 buy_live=false sell_live=false chunk_live=false
[11:33:07.100] [INFO] [EXEC] STREAM_OWNERSHIP_AUDIT stream_id=11 state=WAIT_BUY buy_order_id=0 sell_order_id=0 chunk_id=0 chunk_qty=0.000000 buy_live=false sell_live=false chunk_live=false
[11:33:07.101] [INFO] [EXEC] STREAM_OWNERSHIP_AUDIT stream_id=12 state=WAIT_BUY buy_order_id=0 sell_order_id=0 chunk_id=0 chunk_qty=0.000000 buy_live=false sell_live=false chunk_live=false
[11:33:07.102] [INFO] [EXEC] STREAM_OWNERSHIP_AUDIT stream_id=13 state=WAIT_BUY buy_order_id=0 sell_order_id=0 chunk_id=0 chunk_qty=0.000000 buy_live=false sell_live=false chunk_live=false
[11:33:07.103] [INFO] [EXEC] STREAM_OWNERSHIP_AUDIT stream_id=14 state=WAIT_BUY buy_order_id=0 sell_order_id=0 chunk_id=0 chunk_qty=0.000000 buy_live=false sell_live=false chunk_live=false
[11:33:07.103] [INFO] [EXEC] STREAM_OWNERSHIP_AUDIT stream_id=15 state=WAIT_BUY buy_order_id=0 sell_order_id=0 chunk_id=0 chunk_qty=0.000000 buy_live=false sell_live=false chunk_live=false
[11:33:07.104] [INFO] [EXEC] STREAM_OWNERSHIP_AUDIT stream_id=16 state=WAIT_BUY buy_order_id=0 sell_order_id=0 chunk_id=0 chunk_qty=0.000000 buy_live=false sell_live=false chunk_live=false
[11:33:07.104] [INFO] [EXEC] STREAM_OWNERSHIP_AUDIT stream_id=17 state=WAIT_BUY buy_order_id=0 sell_order_id=0 chunk_id=0 chunk_qty=0.000000 buy_live=false sell_live=false chunk_live=false
[11:33:07.104] [INFO] [EXEC] STREAM_OWNERSHIP_AUDIT stream_id=18 state=WAIT_BUY buy_order_id=0 sell_order_id=0 chunk_id=0 chunk_qty=0.000000 buy_live=false sell_live=false chunk_live=false
[11:33:07.105] [INFO] [EXEC] STREAM_OWNERSHIP_AUDIT stream_id=19 state=WAIT_BUY buy_order_id=0 sell_order_id=0 chunk_id=0 chunk_qty=0.000000 buy_live=false sell_live=false chunk_live=false
[11:33:07.105] [INFO] [EXEC] STREAM_OWNERSHIP_AUDIT stream_id=20 state=WAIT_BUY buy_order_id=0 sell_order_id=0 chunk_id=0 chunk_qty=0.000000 buy_live=false sell_live=false chunk_live=false
[11:33:07.106] [ERROR] [EXEC] STREAM_STATE_MISMATCH reason=stream_inventory_qty_mismatch inventory_qty=0.000180 stream_chunks=0
[11:33:07.106] [INFO] [EXEC] STREAM_OWNERSHIP_SUMMARY streams_total=20 wait_buy=18 buy_placed=0 sell_active=2 exiting=0 recycle=0 chunks_total=1 stream_chunks=0 orphan_chunks=1 inventory_qty=0.000180 stream_inventory_qty=0.000000 orphan_inventory_qty=0.000180
[11:33:07.367] [INFO] [EXEC] SELL_WATCHDOG_SYNC orderId=391906430 status=NEW
[11:33:07.368] [WARNING] [EXEC] SMART_EXIT_ACTIVE
[11:33:07.369] [WARNING] [EXEC] SMART_EXIT_BREAK_HOLD reason=too_far age=5334 dist_ticks=4815
[11:33:07.891] [WARNING] [EXEC] SMART_EXIT_TO_PANIC reason=taker_trigger_failed_after_break_hold
[11:33:07.891] [ERROR] [EXEC] STREAM_OWNERSHIP_MISMATCH reason=qty_without_stream_chunks qty=0.000180
[11:33:07.891] [INFO] [EXEC] STREAM_STATS_UI cycles=1 wins=1 losses=0 pnl=+0.000050 winrate=100.00%
[11:33:08.408] [WARNING] [SYNC] desync fixed
[11:33:08.409] [INFO] GUI_PERF tick_ms=0 logs_visible=False gui_log_mode=OFF append_skipped=987
[11:33:08.492] [ERROR] [EXEC] STREAM_OWNERSHIP_MISMATCH reason=qty_without_stream_chunks qty=0.000180
[11:33:08.494] [WARNING] [EXEC] SMART_EXIT_ORPHAN_INVENTORY qty=0.000180
[11:33:08.495] [ERROR] [EXEC] STREAM_OWNERSHIP_MISMATCH reason=qty_without_stream_chunks qty=0.000180
[11:33:08.496] [WARNING] [EXEC] SMART_EXIT_PANIC_RETRY reason=inventory_no_sell attempt=5
[11:33:08.497] [ERROR] [EXEC] STREAM_OWNERSHIP_MISMATCH reason=qty_without_stream_chunks qty=0.000180
[11:33:08.498] [WARNING] [EXEC] EXIT_FAIL reason=smart_exit_inventory_no_sell force_exit
[11:33:08.498] [ERROR] [EXEC] STREAM_OWNERSHIP_MISMATCH reason=qty_without_stream_chunks qty=0.000180
[11:33:08.499] [WARNING] [EXEC] PANIC EXIT smart_exit_inventory_no_sell
[11:33:08.774] [WARNING] [EXEC] FORCE EXIT price=79290.63
[11:33:08.775] [INFO] [EXEC] PLACE_SELL_SOURCE source=panic price=79290.63
[11:33:08.776] [OK] [EXEC] PLACE SELL price=79290.63 qty=0.000180
[11:33:09.038] [WARNING] [EXEC] PANIC START price=79290.63
[11:33:09.040] [OK] [EXEC] SELL ORDER SENT orderId=391906662
[11:33:09.556] [OK] [SYNC] order filled detected
[11:33:09.557] [INFO] GUI_PERF tick_ms=0 logs_visible=False gui_log_mode=OFF append_skipped=1001
[11:33:09.558] [OK] [SYNC] SELL filled on exchange
[11:33:09.559] [OK] [EXEC] FIFO CLOSE qty=0.000180 entry=79341.22 exit=79290.63 pnl=-0.009106
[11:33:09.561] [INFO] [EXEC] CHUNK DRAINED
[11:33:09.562] [OK] [EXEC] REALIZED pnl=-0.009106
[11:33:09.562] [OK] [EXEC] SMART_EXIT_DONE_FLAT
[11:33:09.563] [INFO] [EXEC] SELL ACCOUNTING RESET flat
[11:33:09.564] [OK] [EXEC] CYCLE CLOSED pnl=-0.009106
[11:33:09.564] [INFO] [EXEC] SESSION realized=-0.017678 wins=0 losses=2
[11:33:09.738] [INFO] [EXEC] STREAM_OWNERSHIP_AUDIT stream_id=1 state=SELL_PLACED buy_order_id=0 sell_order_id=391906307 chunk_id=2497470692480 chunk_qty=0.000000 buy_live=false sell_live=true chunk_live=false
[11:33:09.739] [INFO] [EXEC] STREAM_OWNERSHIP_AUDIT stream_id=2 state=SELL_PLACED buy_order_id=0 sell_order_id=391905133 chunk_id=2497471402432 chunk_qty=0.000000 buy_live=false sell_live=true chunk_live=false
[11:33:09.740] [INFO] [EXEC] STREAM_OWNERSHIP_AUDIT stream_id=3 state=WAIT_BUY buy_order_id=0 sell_order_id=0 chunk_id=0 chunk_qty=0.000000 buy_live=false sell_live=false chunk_live=false
[11:33:09.741] [INFO] [EXEC] STREAM_OWNERSHIP_AUDIT stream_id=4 state=WAIT_BUY buy_order_id=0 sell_order_id=0 chunk_id=0 chunk_qty=0.000000 buy_live=false sell_live=false chunk_live=false
[11:33:09.742] [INFO] [EXEC] STREAM_OWNERSHIP_AUDIT stream_id=5 state=WAIT_BUY buy_order_id=0 sell_order_id=0 chunk_id=0 chunk_qty=0.000000 buy_live=false sell_live=false chunk_live=false
[11:33:09.742] [INFO] [EXEC] STREAM_OWNERSHIP_AUDIT stream_id=6 state=WAIT_BUY buy_order_id=0 sell_order_id=0 chunk_id=0 chunk_qty=0.000000 buy_live=false sell_live=false chunk_live=false
[11:33:09.743] [INFO] [EXEC] STREAM_OWNERSHIP_AUDIT stream_id=7 state=WAIT_BUY buy_order_id=0 sell_order_id=0 chunk_id=0 chunk_qty=0.000000 buy_live=false sell_live=false chunk_live=false
[11:33:09.743] [INFO] [EXEC] STREAM_OWNERSHIP_AUDIT stream_id=8 state=WAIT_BUY buy_order_id=0 sell_order_id=0 chunk_id=0 chunk_qty=0.000000 buy_live=false sell_live=false chunk_live=false
[11:33:09.744] [INFO] [EXEC] STREAM_OWNERSHIP_AUDIT stream_id=9 state=WAIT_BUY buy_order_id=0 sell_order_id=0 chunk_id=0 chunk_qty=0.000000 buy_live=false sell_live=false chunk_live=false
[11:33:09.744] [INFO] [EXEC] STREAM_OWNERSHIP_AUDIT stream_id=10 state=WAIT_BUY buy_order_id=0 sell_order_id=0 chunk_id=0 chunk_qty=0.000000 buy_live=false sell_live=false chunk_live=false
[11:33:09.745] [INFO] [EXEC] STREAM_OWNERSHIP_AUDIT stream_id=11 state=WAIT_BUY buy_order_id=0 sell_order_id=0 chunk_id=0 chunk_qty=0.000000 buy_live=false sell_live=false chunk_live=false
[11:33:09.745] [INFO] [EXEC] STREAM_OWNERSHIP_AUDIT stream_id=12 state=WAIT_BUY buy_order_id=0 sell_order_id=0 chunk_id=0 chunk_qty=0.000000 buy_live=false sell_live=false chunk_live=false
[11:33:09.745] [INFO] [EXEC] STREAM_OWNERSHIP_AUDIT stream_id=13 state=WAIT_BUY buy_order_id=0 sell_order_id=0 chunk_id=0 chunk_qty=0.000000 buy_live=false sell_live=false chunk_live=false
[11:33:09.746] [INFO] [EXEC] STREAM_OWNERSHIP_AUDIT stream_id=14 state=WAIT_BUY buy_order_id=0 sell_order_id=0 chunk_id=0 chunk_qty=0.000000 buy_live=false sell_live=false chunk_live=false
[11:33:09.746] [INFO] [EXEC] STREAM_OWNERSHIP_AUDIT stream_id=15 state=WAIT_BUY buy_order_id=0 sell_order_id=0 chunk_id=0 chunk_qty=0.000000 buy_live=false sell_live=false chunk_live=false
[11:33:09.746] [INFO] [EXEC] STREAM_OWNERSHIP_AUDIT stream_id=16 state=WAIT_BUY buy_order_id=0 sell_order_id=0 chunk_id=0 chunk_qty=0.000000 buy_live=false sell_live=false chunk_live=false
[11:33:09.747] [INFO] [EXEC] STREAM_OWNERSHIP_AUDIT stream_id=17 state=WAIT_BUY buy_order_id=0 sell_order_id=0 chunk_id=0 chunk_qty=0.000000 buy_live=false sell_live=false chunk_live=false
[11:33:09.748] [INFO] [EXEC] STREAM_OWNERSHIP_AUDIT stream_id=18 state=WAIT_BUY buy_order_id=0 sell_order_id=0 chunk_id=0 chunk_qty=0.000000 buy_live=false sell_live=false chunk_live=false
[11:33:09.748] [INFO] [EXEC] STREAM_OWNERSHIP_AUDIT stream_id=19 state=WAIT_BUY buy_order_id=0 sell_order_id=0 chunk_id=0 chunk_qty=0.000000 buy_live=false sell_live=false chunk_live=false
[11:33:09.749] [INFO] [EXEC] STREAM_OWNERSHIP_AUDIT stream_id=20 state=WAIT_BUY buy_order_id=0 sell_order_id=0 chunk_id=0 chunk_qty=0.000000 buy_live=false sell_live=false chunk_live=false
[11:33:09.749] [INFO] [EXEC] STREAM_OWNERSHIP_SUMMARY streams_total=20 wait_buy=18 buy_placed=0 sell_active=2 exiting=0 recycle=0 chunks_total=0 stream_chunks=0 orphan_chunks=0 inventory_qty=0.000000 stream_inventory_qty=0.000000 orphan_inventory_qty=0.000000
[11:33:09.749] [INFO] [HEALTH] state=DANGER
[11:33:09.750] [INFO] [EXEC] STREAM_SHUTDOWN_STATE active=false reason=runtime_tick
[11:33:09.750] [INFO] [EXEC] STREAM_MODE_ACTIVE_SKIP_SINGLE_ENTRY
[11:33:09.750] [INFO] [EXEC] STREAM_SWARM_STATE wait_start=0 wait_buy=18 buy_placed=0 sell_active=2 recycle=0 active_buys=0 active_sells=2
[11:33:09.751] [INFO] [EXEC] STREAM_BUY_CAPACITY active_buys=0 active_sells=2 waiting_streams=18 max_active_buys=10 free_buy_slots=10 batch_size=1
[11:33:10.008] [INFO] [EXEC] STREAM_BUY_PLACED level_id=3 order_id=391906698
[11:33:10.009] [OK] [EXEC] PLACE BUY price=79336.76 qty=0.000180
[11:33:10.010] [INFO] [EXEC] STREAM_PLACEMENT_TICK active_buys=1 active_sells=2 waiting_streams=18 free_buy_slots=10 placed=1
[11:33:10.011] [INFO] [EXEC] STREAM_CONCURRENCY_STATE buys=1 sells=2 waiting=18 inventory_u=0.00 exposure_u=0.00 buy_allowed=true reason=none
[11:33:10.750] [INFO] [EXEC] STREAM_BUY_FILLED level_id=3
[11:33:10.752] [INFO] GUI_PERF tick_ms=0 logs_visible=False gui_log_mode=OFF append_skipped=1040
[11:33:10.753] [INFO] [EXEC] STREAM_SIGNAL_BUY_FILL stream_id=3 fill_price=79336.76000000 effect=log_only
[11:33:10.754] [OK] [EXEC] CHUNK ADD qty=0.000180 entry=79336.76
[11:33:10.755] [INFO] [EXEC] CHUNK COUNT n=1
[11:33:10.756] [INFO] [EXEC] STREAM_TARGET_USED ticks=28 sell_price=79337.04
[11:33:11.019] [INFO] [EXEC] STREAM_CHUNK_OWNED stream_id=3 chunk_id=2497470677504 qty=0.000180
[11:33:11.020] [INFO] [EXEC] STREAM_SELL_OWNED stream_id=3 chunk_id=2497470677504 order_id=391906709
[11:33:11.020] [INFO] [EXEC] STREAM_SELL_PLACED stream_id=3 chunk_id=2497470677504 order_id=391906709 price=79337.04 qty=0.000180
[11:33:11.309] [INFO] [EXEC] STREAM_EXIT_RETRY_STATUS stream_id=3 chunk_id=2497470677504 order_id=391906709 status=NEW
[11:33:11.311] [INFO] [EXEC] STREAM_REPAIR_SKIP reason=stream_owned_inventory
[11:33:11.312] [WARNING] [EXEC] STATE REPAIR reason=inventory_cannot_be_flat
[11:33:11.313] [ERROR] [EXEC] STREAM_OWNERSHIP_MISMATCH reason=qty_without_stream_chunks qty=0.000180
[11:33:11.314] [INFO] [EXEC] STREAM_GLOBAL_SMART_EXIT_BLOCKED reason=stream_owned_inventory qty=0.000180 trigger=exit_recovery_inventory_no_sell
[11:33:11.315] [ERROR] [EXEC] STREAM_OWNERSHIP_MISMATCH reason=qty_without_stream_chunks qty=0.000180
[11:33:11.316] [INFO] [EXEC] STREAM_GLOBAL_SMART_EXIT_BLOCKED reason=stream_owned_inventory qty=0.000180 trigger=place_sell
[11:33:12.007] [INFO] [EXEC] STREAM_EXIT_RETRY_STATUS stream_id=3 chunk_id=2497470677504 order_id=391906709 status=NEW
[11:33:12.008] [INFO] GUI_PERF tick_ms=0 logs_visible=False gui_log_mode=OFF append_skipped=1055
[11:33:12.009] [INFO] [EXEC] STREAM_OWNERSHIP_AUDIT stream_id=1 state=SELL_PLACED buy_order_id=0 sell_order_id=391906307 chunk_id=2497470692480 chunk_qty=0.000000 buy_live=false sell_live=true chunk_live=false
[11:33:12.010] [INFO] [EXEC] STREAM_OWNERSHIP_AUDIT stream_id=2 state=SELL_PLACED buy_order_id=0 sell_order_id=391905133 chunk_id=2497471402432 chunk_qty=0.000000 buy_live=false sell_live=true chunk_live=false
[11:33:12.011] [INFO] [EXEC] STREAM_OWNERSHIP_AUDIT stream_id=3 state=SELL_PLACED buy_order_id=0 sell_order_id=391906709 chunk_id=2497470677504 chunk_qty=0.000180 buy_live=false sell_live=true chunk_live=true
[11:33:12.011] [INFO] [EXEC] STREAM_OWNERSHIP_AUDIT stream_id=4 state=WAIT_BUY buy_order_id=0 sell_order_id=0 chunk_id=0 chunk_qty=0.000000 buy_live=false sell_live=false chunk_live=false
[11:33:12.012] [INFO] [EXEC] STREAM_OWNERSHIP_AUDIT stream_id=5 state=WAIT_BUY buy_order_id=0 sell_order_id=0 chunk_id=0 chunk_qty=0.000000 buy_live=false sell_live=false chunk_live=false
[11:33:12.012] [INFO] [EXEC] STREAM_OWNERSHIP_AUDIT stream_id=6 state=WAIT_BUY buy_order_id=0 sell_order_id=0 chunk_id=0 chunk_qty=0.000000 buy_live=false sell_live=false chunk_live=false
[11:33:12.012] [INFO] [EXEC] STREAM_OWNERSHIP_AUDIT stream_id=7 state=WAIT_BUY buy_order_id=0 sell_order_id=0 chunk_id=0 chunk_qty=0.000000 buy_live=false sell_live=false chunk_live=false
[11:33:12.013] [INFO] [EXEC] STREAM_OWNERSHIP_AUDIT stream_id=8 state=WAIT_BUY buy_order_id=0 sell_order_id=0 chunk_id=0 chunk_qty=0.000000 buy_live=false sell_live=false chunk_live=false
[11:33:12.013] [INFO] [EXEC] STREAM_OWNERSHIP_AUDIT stream_id=9 state=WAIT_BUY buy_order_id=0 sell_order_id=0 chunk_id=0 chunk_qty=0.000000 buy_live=false sell_live=false chunk_live=false
[11:33:12.013] [INFO] [EXEC] STREAM_OWNERSHIP_AUDIT stream_id=10 state=WAIT_BUY buy_order_id=0 sell_order_id=0 chunk_id=0 chunk_qty=0.000000 buy_live=false sell_live=false chunk_live=false
[11:33:12.013] [INFO] [EXEC] STREAM_OWNERSHIP_AUDIT stream_id=11 state=WAIT_BUY buy_order_id=0 sell_order_id=0 chunk_id=0 chunk_qty=0.000000 buy_live=false sell_live=false chunk_live=false
[11:33:12.014] [INFO] [EXEC] STREAM_OWNERSHIP_AUDIT stream_id=12 state=WAIT_BUY buy_order_id=0 sell_order_id=0 chunk_id=0 chunk_qty=0.000000 buy_live=false sell_live=false chunk_live=false
[11:33:12.014] [INFO] [EXEC] STREAM_OWNERSHIP_AUDIT stream_id=13 state=WAIT_BUY buy_order_id=0 sell_order_id=0 chunk_id=0 chunk_qty=0.000000 buy_live=false sell_live=false chunk_live=false
[11:33:12.014] [INFO] [EXEC] STREAM_OWNERSHIP_AUDIT stream_id=14 state=WAIT_BUY buy_order_id=0 sell_order_id=0 chunk_id=0 chunk_qty=0.000000 buy_live=false sell_live=false chunk_live=false
[11:33:12.014] [INFO] [EXEC] STREAM_OWNERSHIP_AUDIT stream_id=15 state=WAIT_BUY buy_order_id=0 sell_order_id=0 chunk_id=0 chunk_qty=0.000000 buy_live=false sell_live=false chunk_live=false
[11:33:12.015] [INFO] [EXEC] STREAM_OWNERSHIP_AUDIT stream_id=16 state=WAIT_BUY buy_order_id=0 sell_order_id=0 chunk_id=0 chunk_qty=0.000000 buy_live=false sell_live=false chunk_live=false
[11:33:12.015] [INFO] [EXEC] STREAM_OWNERSHIP_AUDIT stream_id=17 state=WAIT_BUY buy_order_id=0 sell_order_id=0 chunk_id=0 chunk_qty=0.000000 buy_live=false sell_live=false chunk_live=false
[11:33:12.015] [INFO] [EXEC] STREAM_OWNERSHIP_AUDIT stream_id=18 state=WAIT_BUY buy_order_id=0 sell_order_id=0 chunk_id=0 chunk_qty=0.000000 buy_live=false sell_live=false chunk_live=false
[11:33:12.015] [INFO] [EXEC] STREAM_OWNERSHIP_AUDIT stream_id=19 state=WAIT_BUY buy_order_id=0 sell_order_id=0 chunk_id=0 chunk_qty=0.000000 buy_live=false sell_live=false chunk_live=false
[11:33:12.016] [INFO] [EXEC] STREAM_OWNERSHIP_AUDIT stream_id=20 state=WAIT_BUY buy_order_id=0 sell_order_id=0 chunk_id=0 chunk_qty=0.000000 buy_live=false sell_live=false chunk_live=false
[11:33:12.016] [ERROR] [EXEC] STREAM_STATE_MISMATCH reason=stream_inventory_qty_mismatch inventory_qty=0.000180 stream_chunks=0
[11:33:12.016] [INFO] [EXEC] STREAM_OWNERSHIP_SUMMARY streams_total=20 wait_buy=17 buy_placed=0 sell_active=3 exiting=0 recycle=0 chunks_total=1 stream_chunks=0 orphan_chunks=1 inventory_qty=0.000180 stream_inventory_qty=0.000000 orphan_inventory_qty=0.000180
[11:33:12.017] [ERROR] [EXEC] STREAM_OWNERSHIP_MISMATCH reason=qty_without_stream_chunks qty=0.000180
[11:33:12.746] [INFO] [EXEC] STREAM_EXIT_RETRY_STATUS stream_id=3 chunk_id=2497470677504 order_id=391906709 status=NEW
[11:33:12.749] [ERROR] [EXEC] STREAM_OWNERSHIP_MISMATCH reason=qty_without_stream_chunks qty=0.000180
[11:33:13.480] [INFO] [EXEC] STREAM_STATS_UI cycles=1 wins=1 losses=0 pnl=+0.000050 winrate=100.00%
[11:33:13.480] [INFO] GUI_PERF tick_ms=0 logs_visible=False gui_log_mode=OFF append_skipped=1081
[11:33:13.998] [INFO] [EXEC] STREAM_EXIT_RETRY_STATUS stream_id=3 chunk_id=2497470677504 order_id=391906709 status=NEW
[11:33:13.999] [WARNING] [EXEC] STREAM_SELL_TIMEOUT stream_id=3 chunk_id=2497470677504 order_id=391906709 age_ms=3251 timeout_ms=2800
[11:33:14.257] [INFO] [EXEC] STREAM_SELL_CANCEL_OLD stream_id=3 chunk_id=2497470677504 order_id=391906709
[11:33:14.259] [INFO] [EXEC] STREAM_STOP_LOSS_BLOCKED_RETRY_AVAILABLE retry_count=0 retry_max=2 stream_id=3 chunk_id=2497470677504 order_id=391906709
[11:33:14.259] [WARNING] [EXEC] STREAM_EXIT_RETRY_PLACED stream_id=3 chunk_id=2497470677504 order_id=pending qty=0.000180 price=79336.86 retry_count=1
[11:33:14.519] [INFO] [EXEC] STREAM_OWNERSHIP_AUDIT stream_id=1 state=SELL_PLACED buy_order_id=0 sell_order_id=391906307 chunk_id=2497470692480 chunk_qty=0.000000 buy_live=false sell_live=true chunk_live=false
[11:33:14.520] [INFO] GUI_PERF tick_ms=0 logs_visible=False gui_log_mode=OFF append_skipped=1087
[11:33:14.520] [INFO] [EXEC] STREAM_OWNERSHIP_AUDIT stream_id=2 state=SELL_PLACED buy_order_id=0 sell_order_id=391905133 chunk_id=2497471402432 chunk_qty=0.000000 buy_live=false sell_live=true chunk_live=false
[11:33:14.520] [INFO] [EXEC] STREAM_OWNERSHIP_AUDIT stream_id=3 state=SELL_PLACED buy_order_id=0 sell_order_id=391907025 chunk_id=2497470677504 chunk_qty=0.000180 buy_live=false sell_live=true chunk_live=true
[11:33:14.521] [INFO] [EXEC] STREAM_OWNERSHIP_AUDIT stream_id=4 state=WAIT_BUY buy_order_id=0 sell_order_id=0 chunk_id=0 chunk_qty=0.000000 buy_live=false sell_live=false chunk_live=false
[11:33:14.521] [INFO] [EXEC] STREAM_OWNERSHIP_AUDIT stream_id=5 state=WAIT_BUY buy_order_id=0 sell_order_id=0 chunk_id=0 chunk_qty=0.000000 buy_live=false sell_live=false chunk_live=false
[11:33:14.521] [INFO] [EXEC] STREAM_OWNERSHIP_AUDIT stream_id=6 state=WAIT_BUY buy_order_id=0 sell_order_id=0 chunk_id=0 chunk_qty=0.000000 buy_live=false sell_live=false chunk_live=false
[11:33:14.522] [INFO] [EXEC] STREAM_OWNERSHIP_AUDIT stream_id=7 state=WAIT_BUY buy_order_id=0 sell_order_id=0 chunk_id=0 chunk_qty=0.000000 buy_live=false sell_live=false chunk_live=false
[11:33:14.522] [INFO] [EXEC] STREAM_OWNERSHIP_AUDIT stream_id=8 state=WAIT_BUY buy_order_id=0 sell_order_id=0 chunk_id=0 chunk_qty=0.000000 buy_live=false sell_live=false chunk_live=false
[11:33:14.522] [INFO] [EXEC] STREAM_OWNERSHIP_AUDIT stream_id=9 state=WAIT_BUY buy_order_id=0 sell_order_id=0 chunk_id=0 chunk_qty=0.000000 buy_live=false sell_live=false chunk_live=false
[11:33:14.522] [INFO] [EXEC] STREAM_OWNERSHIP_AUDIT stream_id=10 state=WAIT_BUY buy_order_id=0 sell_order_id=0 chunk_id=0 chunk_qty=0.000000 buy_live=false sell_live=false chunk_live=false
[11:33:14.523] [INFO] [EXEC] STREAM_OWNERSHIP_AUDIT stream_id=11 state=WAIT_BUY buy_order_id=0 sell_order_id=0 chunk_id=0 chunk_qty=0.000000 buy_live=false sell_live=false chunk_live=false
[11:33:14.523] [INFO] [EXEC] STREAM_OWNERSHIP_AUDIT stream_id=12 state=WAIT_BUY buy_order_id=0 sell_order_id=0 chunk_id=0 chunk_qty=0.000000 buy_live=false sell_live=false chunk_live=false
[11:33:14.523] [INFO] [EXEC] STREAM_OWNERSHIP_AUDIT stream_id=13 state=WAIT_BUY buy_order_id=0 sell_order_id=0 chunk_id=0 chunk_qty=0.000000 buy_live=false sell_live=false chunk_live=false
[11:33:14.524] [INFO] [EXEC] STREAM_OWNERSHIP_AUDIT stream_id=14 state=WAIT_BUY buy_order_id=0 sell_order_id=0 chunk_id=0 chunk_qty=0.000000 buy_live=false sell_live=false chunk_live=false
[11:33:14.524] [INFO] [EXEC] STREAM_OWNERSHIP_AUDIT stream_id=15 state=WAIT_BUY buy_order_id=0 sell_order_id=0 chunk_id=0 chunk_qty=0.000000 buy_live=false sell_live=false chunk_live=false
[11:33:14.525] [INFO] [EXEC] STREAM_OWNERSHIP_AUDIT stream_id=16 state=WAIT_BUY buy_order_id=0 sell_order_id=0 chunk_id=0 chunk_qty=0.000000 buy_live=false sell_live=false chunk_live=false
[11:33:14.525] [INFO] [EXEC] STREAM_OWNERSHIP_AUDIT stream_id=17 state=WAIT_BUY buy_order_id=0 sell_order_id=0 chunk_id=0 chunk_qty=0.000000 buy_live=false sell_live=false chunk_live=false
[11:33:14.525] [INFO] [EXEC] STREAM_OWNERSHIP_AUDIT stream_id=18 state=WAIT_BUY buy_order_id=0 sell_order_id=0 chunk_id=0 chunk_qty=0.000000 buy_live=false sell_live=false chunk_live=false
[11:33:14.526] [INFO] [EXEC] STREAM_OWNERSHIP_AUDIT stream_id=19 state=WAIT_BUY buy_order_id=0 sell_order_id=0 chunk_id=0 chunk_qty=0.000000 buy_live=false sell_live=false chunk_live=false
[11:33:14.526] [INFO] [EXEC] STREAM_OWNERSHIP_AUDIT stream_id=20 state=WAIT_BUY buy_order_id=0 sell_order_id=0 chunk_id=0 chunk_qty=0.000000 buy_live=false sell_live=false chunk_live=false
[11:33:14.526] [ERROR] [EXEC] STREAM_STATE_MISMATCH reason=stream_inventory_qty_mismatch inventory_qty=0.000180 stream_chunks=0
[11:33:14.526] [INFO] [EXEC] STREAM_OWNERSHIP_SUMMARY streams_total=20 wait_buy=17 buy_placed=0 sell_active=3 exiting=0 recycle=0 chunks_total=1 stream_chunks=0 orphan_chunks=1 inventory_qty=0.000180 stream_inventory_qty=0.000000 orphan_inventory_qty=0.000180
[11:33:14.527] [INFO] [EXEC] STREAM_REPAIR_SKIP reason=stream_owned_inventory
[11:33:14.527] [ERROR] [EXEC] STREAM_OWNERSHIP_MISMATCH reason=qty_without_stream_chunks qty=0.000180
[11:33:14.528] [INFO] [EXEC] STREAM_GLOBAL_SMART_EXIT_BLOCKED reason=stream_owned_inventory qty=0.000180 trigger=exit_recovery_inventory_no_sell
[11:33:14.528] [ERROR] [EXEC] STREAM_OWNERSHIP_MISMATCH reason=qty_without_stream_chunks qty=0.000180
[11:33:14.528] [INFO] [EXEC] STREAM_GLOBAL_SMART_EXIT_BLOCKED reason=stream_owned_inventory qty=0.000180 trigger=place_sell
[11:33:15.258] [INFO] [EXEC] STREAM_EXIT_RETRY_STATUS stream_id=3 chunk_id=2497470677504 order_id=391907025 status=NEW
[11:33:15.260] [ERROR] [EXEC] STREAM_OWNERSHIP_MISMATCH reason=qty_without_stream_chunks qty=0.000180
[11:33:16.004] [INFO] [EXEC] STREAM_EXIT_RETRY_STATUS stream_id=3 chunk_id=2497470677504 order_id=391907025 status=NEW
[11:33:16.006] [INFO] GUI_PERF tick_ms=0 logs_visible=False gui_log_mode=OFF append_skipped=1116
[11:33:16.007] [INFO] [EXEC] STREAM_OWNERSHIP_AUDIT stream_id=1 state=SELL_PLACED buy_order_id=0 sell_order_id=391906307 chunk_id=2497470692480 chunk_qty=0.000000 buy_live=false sell_live=true chunk_live=false
[11:33:16.008] [INFO] [EXEC] STREAM_OWNERSHIP_AUDIT stream_id=2 state=SELL_PLACED buy_order_id=0 sell_order_id=391905133 chunk_id=2497471402432 chunk_qty=0.000000 buy_live=false sell_live=true chunk_live=false
[11:33:16.009] [INFO] [EXEC] STREAM_OWNERSHIP_AUDIT stream_id=3 state=SELL_PLACED buy_order_id=0 sell_order_id=391907025 chunk_id=2497470677504 chunk_qty=0.000180 buy_live=false sell_live=true chunk_live=true
[11:33:16.010] [INFO] [EXEC] STREAM_OWNERSHIP_AUDIT stream_id=4 state=WAIT_BUY buy_order_id=0 sell_order_id=0 chunk_id=0 chunk_qty=0.000000 buy_live=false sell_live=false chunk_live=false
[11:33:16.011] [INFO] [EXEC] STREAM_OWNERSHIP_AUDIT stream_id=5 state=WAIT_BUY buy_order_id=0 sell_order_id=0 chunk_id=0 chunk_qty=0.000000 buy_live=false sell_live=false chunk_live=false
[11:33:16.011] [INFO] [EXEC] STREAM_OWNERSHIP_AUDIT stream_id=6 state=WAIT_BUY buy_order_id=0 sell_order_id=0 chunk_id=0 chunk_qty=0.000000 buy_live=false sell_live=false chunk_live=false
[11:33:16.013] [INFO] [EXEC] STREAM_OWNERSHIP_AUDIT stream_id=7 state=WAIT_BUY buy_order_id=0 sell_order_id=0 chunk_id=0 chunk_qty=0.000000 buy_live=false sell_live=false chunk_live=false
[11:33:16.014] [INFO] [EXEC] STREAM_OWNERSHIP_AUDIT stream_id=8 state=WAIT_BUY buy_order_id=0 sell_order_id=0 chunk_id=0 chunk_qty=0.000000 buy_live=false sell_live=false chunk_live=false
[11:33:16.014] [INFO] [EXEC] STREAM_OWNERSHIP_AUDIT stream_id=9 state=WAIT_BUY buy_order_id=0 sell_order_id=0 chunk_id=0 chunk_qty=0.000000 buy_live=false sell_live=false chunk_live=false
[11:33:16.015] [INFO] [EXEC] STREAM_OWNERSHIP_AUDIT stream_id=10 state=WAIT_BUY buy_order_id=0 sell_order_id=0 chunk_id=0 chunk_qty=0.000000 buy_live=false sell_live=false chunk_live=false
[11:33:16.016] [INFO] [EXEC] STREAM_OWNERSHIP_AUDIT stream_id=11 state=WAIT_BUY buy_order_id=0 sell_order_id=0 chunk_id=0 chunk_qty=0.000000 buy_live=false sell_live=false chunk_live=false
[11:33:16.017] [INFO] [EXEC] STREAM_OWNERSHIP_AUDIT stream_id=12 state=WAIT_BUY buy_order_id=0 sell_order_id=0 chunk_id=0 chunk_qty=0.000000 buy_live=false sell_live=false chunk_live=false
[11:33:16.018] [INFO] [EXEC] STREAM_OWNERSHIP_AUDIT stream_id=13 state=WAIT_BUY buy_order_id=0 sell_order_id=0 chunk_id=0 chunk_qty=0.000000 buy_live=false sell_live=false chunk_live=false
[11:33:16.018] [INFO] [EXEC] STREAM_OWNERSHIP_AUDIT stream_id=14 state=WAIT_BUY buy_order_id=0 sell_order_id=0 chunk_id=0 chunk_qty=0.000000 buy_live=false sell_live=false chunk_live=false
[11:33:16.018] [INFO] [EXEC] STREAM_OWNERSHIP_AUDIT stream_id=15 state=WAIT_BUY buy_order_id=0 sell_order_id=0 chunk_id=0 chunk_qty=0.000000 buy_live=false sell_live=false chunk_live=false
[11:33:16.020] [INFO] [EXEC] STREAM_OWNERSHIP_AUDIT stream_id=16 state=WAIT_BUY buy_order_id=0 sell_order_id=0 chunk_id=0 chunk_qty=0.000000 buy_live=false sell_live=false chunk_live=false
[11:33:16.020] [INFO] [EXEC] STREAM_OWNERSHIP_AUDIT stream_id=17 state=WAIT_BUY buy_order_id=0 sell_order_id=0 chunk_id=0 chunk_qty=0.000000 buy_live=false sell_live=false chunk_live=false
[11:33:16.020] [INFO] [EXEC] STREAM_OWNERSHIP_AUDIT stream_id=18 state=WAIT_BUY buy_order_id=0 sell_order_id=0 chunk_id=0 chunk_qty=0.000000 buy_live=false sell_live=false chunk_live=false
[11:33:16.020] [INFO] [EXEC] STREAM_OWNERSHIP_AUDIT stream_id=19 state=WAIT_BUY buy_order_id=0 sell_order_id=0 chunk_id=0 chunk_qty=0.000000 buy_live=false sell_live=false chunk_live=false
[11:33:16.020] [INFO] [EXEC] STREAM_OWNERSHIP_AUDIT stream_id=20 state=WAIT_BUY buy_order_id=0 sell_order_id=0 chunk_id=0 chunk_qty=0.000000 buy_live=false sell_live=false chunk_live=false
[11:33:16.021] [ERROR] [EXEC] STREAM_STATE_MISMATCH reason=stream_inventory_qty_mismatch inventory_qty=0.000180 stream_chunks=0
[11:33:16.021] [INFO] [EXEC] STREAM_OWNERSHIP_SUMMARY streams_total=20 wait_buy=17 buy_placed=0 sell_active=3 exiting=0 recycle=0 chunks_total=1 stream_chunks=0 orphan_chunks=1 inventory_qty=0.000180 stream_inventory_qty=0.000000 orphan_inventory_qty=0.000180
[11:33:16.022] [ERROR] [EXEC] STREAM_OWNERSHIP_MISMATCH reason=qty_without_stream_chunks qty=0.000180
[11:33:16.753] [INFO] [EXEC] STREAM_EXIT_RETRY_STATUS stream_id=3 chunk_id=2497470677504 order_id=391907025 status=NEW
[11:33:16.755] [ERROR] [EXEC] STREAM_OWNERSHIP_MISMATCH reason=qty_without_stream_chunks qty=0.000180
[11:33:17.504] [INFO] [EXEC] STREAM_EXIT_RETRY_STATUS stream_id=3 chunk_id=2497470677504 order_id=391907025 status=NEW
[11:33:17.505] [INFO] GUI_PERF tick_ms=0 logs_visible=False gui_log_mode=OFF append_skipped=1142
[11:33:17.506] [WARNING] [EXEC] STREAM_SELL_TIMEOUT stream_id=3 chunk_id=2497470677504 order_id=391907025 age_ms=3501 timeout_ms=2800
[11:33:17.765] [INFO] [EXEC] STREAM_SELL_CANCEL_OLD stream_id=3 chunk_id=2497470677504 order_id=391907025
[11:33:17.766] [INFO] [EXEC] STREAM_STOP_LOSS_BLOCKED_RETRY_AVAILABLE retry_count=1 retry_max=2 stream_id=3 chunk_id=2497470677504 order_id=391907025
[11:33:17.767] [WARNING] [EXEC] STREAM_EXIT_RETRY_PLACED stream_id=3 chunk_id=2497470677504 order_id=pending qty=0.000180 price=79336.86 retry_count=2
[11:33:18.025] [INFO] [EXEC] STREAM_REPAIR_SKIP reason=stream_owned_inventory
[11:33:18.026] [ERROR] [EXEC] STREAM_OWNERSHIP_MISMATCH reason=qty_without_stream_chunks qty=0.000180
[11:33:18.027] [INFO] [EXEC] STREAM_GLOBAL_SMART_EXIT_BLOCKED reason=stream_owned_inventory qty=0.000180 trigger=exit_recovery_inventory_no_sell
[11:33:18.027] [ERROR] [EXEC] STREAM_OWNERSHIP_MISMATCH reason=qty_without_stream_chunks qty=0.000180
[11:33:18.027] [INFO] [EXEC] STREAM_GLOBAL_SMART_EXIT_BLOCKED reason=stream_owned_inventory qty=0.000180 trigger=place_sell
[11:33:18.758] [INFO] [EXEC] STREAM_EXIT_RETRY_STATUS stream_id=3 chunk_id=2497470677504 order_id=391907211 status=NEW
[11:33:18.760] [INFO] GUI_PERF tick_ms=0 logs_visible=False gui_log_mode=OFF append_skipped=1152
[11:33:18.761] [INFO] [EXEC] STREAM_OWNERSHIP_AUDIT stream_id=1 state=SELL_PLACED buy_order_id=0 sell_order_id=391906307 chunk_id=2497470692480 chunk_qty=0.000000 buy_live=false sell_live=true chunk_live=false
[11:33:18.762] [INFO] [EXEC] STREAM_OWNERSHIP_AUDIT stream_id=2 state=SELL_PLACED buy_order_id=0 sell_order_id=391905133 chunk_id=2497471402432 chunk_qty=0.000000 buy_live=false sell_live=true chunk_live=false
[11:33:18.763] [INFO] [EXEC] STREAM_OWNERSHIP_AUDIT stream_id=3 state=SELL_PLACED buy_order_id=0 sell_order_id=391907211 chunk_id=2497470677504 chunk_qty=0.000180 buy_live=false sell_live=true chunk_live=true
[11:33:18.764] [INFO] [EXEC] STREAM_OWNERSHIP_AUDIT stream_id=4 state=WAIT_BUY buy_order_id=0 sell_order_id=0 chunk_id=0 chunk_qty=0.000000 buy_live=false sell_live=false chunk_live=false
[11:33:18.764] [INFO] [EXEC] STREAM_OWNERSHIP_AUDIT stream_id=5 state=WAIT_BUY buy_order_id=0 sell_order_id=0 chunk_id=0 chunk_qty=0.000000 buy_live=false sell_live=false chunk_live=false
[11:33:18.765] [INFO] [EXEC] STREAM_OWNERSHIP_AUDIT stream_id=6 state=WAIT_BUY buy_order_id=0 sell_order_id=0 chunk_id=0 chunk_qty=0.000000 buy_live=false sell_live=false chunk_live=false
[11:33:18.766] [INFO] [EXEC] STREAM_OWNERSHIP_AUDIT stream_id=7 state=WAIT_BUY buy_order_id=0 sell_order_id=0 chunk_id=0 chunk_qty=0.000000 buy_live=false sell_live=false chunk_live=false
[11:33:18.767] [INFO] [EXEC] STREAM_OWNERSHIP_AUDIT stream_id=8 state=WAIT_BUY buy_order_id=0 sell_order_id=0 chunk_id=0 chunk_qty=0.000000 buy_live=false sell_live=false chunk_live=false
[11:33:18.768] [INFO] [EXEC] STREAM_OWNERSHIP_AUDIT stream_id=9 state=WAIT_BUY buy_order_id=0 sell_order_id=0 chunk_id=0 chunk_qty=0.000000 buy_live=false sell_live=false chunk_live=false
[11:33:18.769] [INFO] [EXEC] STREAM_OWNERSHIP_AUDIT stream_id=10 state=WAIT_BUY buy_order_id=0 sell_order_id=0 chunk_id=0 chunk_qty=0.000000 buy_live=false sell_live=false chunk_live=false
[11:33:18.769] [INFO] [EXEC] STREAM_OWNERSHIP_AUDIT stream_id=11 state=WAIT_BUY buy_order_id=0 sell_order_id=0 chunk_id=0 chunk_qty=0.000000 buy_live=false sell_live=false chunk_live=false
[11:33:18.770] [INFO] [EXEC] STREAM_OWNERSHIP_AUDIT stream_id=12 state=WAIT_BUY buy_order_id=0 sell_order_id=0 chunk_id=0 chunk_qty=0.000000 buy_live=false sell_live=false chunk_live=false
[11:33:18.771] [INFO] [EXEC] STREAM_OWNERSHIP_AUDIT stream_id=13 state=WAIT_BUY buy_order_id=0 sell_order_id=0 chunk_id=0 chunk_qty=0.000000 buy_live=false sell_live=false chunk_live=false
[11:33:18.771] [INFO] [EXEC] STREAM_OWNERSHIP_AUDIT stream_id=14 state=WAIT_BUY buy_order_id=0 sell_order_id=0 chunk_id=0 chunk_qty=0.000000 buy_live=false sell_live=false chunk_live=false
[11:33:18.772] [INFO] [EXEC] STREAM_OWNERSHIP_AUDIT stream_id=15 state=WAIT_BUY buy_order_id=0 sell_order_id=0 chunk_id=0 chunk_qty=0.000000 buy_live=false sell_live=false chunk_live=false
[11:33:18.772] [INFO] [EXEC] STREAM_OWNERSHIP_AUDIT stream_id=16 state=WAIT_BUY buy_order_id=0 sell_order_id=0 chunk_id=0 chunk_qty=0.000000 buy_live=false sell_live=false chunk_live=false
[11:33:18.773] [INFO] [EXEC] STREAM_OWNERSHIP_AUDIT stream_id=17 state=WAIT_BUY buy_order_id=0 sell_order_id=0 chunk_id=0 chunk_qty=0.000000 buy_live=false sell_live=false chunk_live=false
[11:33:18.774] [INFO] [EXEC] STREAM_OWNERSHIP_AUDIT stream_id=18 state=WAIT_BUY buy_order_id=0 sell_order_id=0 chunk_id=0 chunk_qty=0.000000 buy_live=false sell_live=false chunk_live=false
[11:33:18.775] [INFO] [EXEC] STREAM_OWNERSHIP_AUDIT stream_id=19 state=WAIT_BUY buy_order_id=0 sell_order_id=0 chunk_id=0 chunk_qty=0.000000 buy_live=false sell_live=false chunk_live=false
[11:33:18.775] [INFO] [EXEC] STREAM_OWNERSHIP_AUDIT stream_id=20 state=WAIT_BUY buy_order_id=0 sell_order_id=0 chunk_id=0 chunk_qty=0.000000 buy_live=false sell_live=false chunk_live=false
[11:33:18.776] [ERROR] [EXEC] STREAM_STATE_MISMATCH reason=stream_inventory_qty_mismatch inventory_qty=0.000180 stream_chunks=0
[11:33:18.776] [INFO] [EXEC] STREAM_OWNERSHIP_SUMMARY streams_total=20 wait_buy=17 buy_placed=0 sell_active=3 exiting=0 recycle=0 chunks_total=1 stream_chunks=0 orphan_chunks=1 inventory_qty=0.000180 stream_inventory_qty=0.000000 orphan_inventory_qty=0.000180
[11:33:18.777] [ERROR] [EXEC] STREAM_OWNERSHIP_MISMATCH reason=qty_without_stream_chunks qty=0.000180
[11:33:18.778] [INFO] [EXEC] STREAM_STATS_UI cycles=1 wins=1 losses=0 pnl=+0.000050 winrate=100.00%
[11:33:19.594] [INFO] [EXEC] STREAM_EXIT_RETRY_STATUS stream_id=3 chunk_id=2497470677504 order_id=391907211 status=NEW
[11:33:19.596] [ERROR] [EXEC] STREAM_OWNERSHIP_MISMATCH reason=qty_without_stream_chunks qty=0.000180
[11:33:21.242] [INFO] [EXEC] STREAM_EXIT_RETRY_STATUS stream_id=3 chunk_id=2497470677504 order_id=391907211 status=NEW
[11:33:21.243] [INFO] GUI_PERF tick_ms=0 logs_visible=False gui_log_mode=OFF append_skipped=1179
[11:33:21.243] [WARNING] [EXEC] STREAM_SELL_TIMEOUT stream_id=3 chunk_id=2497470677504 order_id=391907211 age_ms=3259 timeout_ms=2800
[11:33:21.987] [INFO] [EXEC] STREAM_SELL_CANCEL_OLD stream_id=3 chunk_id=2497470677504 order_id=391907211
[11:33:21.989] [WARNING] [EXEC] STREAM_STOP_LOSS_EXIT stream_id=3 chunk_id=2497470677504 order_id=391907211 stop_price=79334.56 retry_count=2 retry_max=2
[11:33:21.989] [WARNING] [EXEC] STREAM_EXIT_ISOLATED stream_id=3 chunk_id=2497470677504 action=stop_loss_exit
[11:33:22.251] [WARNING] [EXEC] STREAM_EXIT_RETRY_PLACED stream_id=3 chunk_id=2497470677504 order_id=391907369 qty=0.000180 price=79334.56
[11:33:22.252] [INFO] GUI_PERF tick_ms=0 logs_visible=False gui_log_mode=OFF append_skipped=1184
[11:33:22.252] [INFO] [EXEC] STREAM_OWNERSHIP_AUDIT stream_id=1 state=SELL_PLACED buy_order_id=0 sell_order_id=391906307 chunk_id=2497470692480 chunk_qty=0.000000 buy_live=false sell_live=true chunk_live=false
[11:33:22.253] [INFO] [EXEC] STREAM_OWNERSHIP_AUDIT stream_id=2 state=SELL_PLACED buy_order_id=0 sell_order_id=391905133 chunk_id=2497471402432 chunk_qty=0.000000 buy_live=false sell_live=true chunk_live=false
[11:33:22.253] [INFO] [EXEC] STREAM_OWNERSHIP_AUDIT stream_id=3 state=EXITING buy_order_id=0 sell_order_id=391907369 chunk_id=2497470677504 chunk_qty=0.000180 buy_live=false sell_live=true chunk_live=true
[11:33:22.253] [INFO] [EXEC] STREAM_OWNERSHIP_AUDIT stream_id=4 state=WAIT_BUY buy_order_id=0 sell_order_id=0 chunk_id=0 chunk_qty=0.000000 buy_live=false sell_live=false chunk_live=false
[11:33:22.253] [INFO] [EXEC] STREAM_OWNERSHIP_AUDIT stream_id=5 state=WAIT_BUY buy_order_id=0 sell_order_id=0 chunk_id=0 chunk_qty=0.000000 buy_live=false sell_live=false chunk_live=false
[11:33:22.254] [INFO] [EXEC] STREAM_OWNERSHIP_AUDIT stream_id=6 state=WAIT_BUY buy_order_id=0 sell_order_id=0 chunk_id=0 chunk_qty=0.000000 buy_live=false sell_live=false chunk_live=false
[11:33:22.254] [INFO] [EXEC] STREAM_OWNERSHIP_AUDIT stream_id=7 state=WAIT_BUY buy_order_id=0 sell_order_id=0 chunk_id=0 chunk_qty=0.000000 buy_live=false sell_live=false chunk_live=false
[11:33:22.254] [INFO] [EXEC] STREAM_OWNERSHIP_AUDIT stream_id=8 state=WAIT_BUY buy_order_id=0 sell_order_id=0 chunk_id=0 chunk_qty=0.000000 buy_live=false sell_live=false chunk_live=false
[11:33:22.255] [INFO] [EXEC] STREAM_OWNERSHIP_AUDIT stream_id=9 state=WAIT_BUY buy_order_id=0 sell_order_id=0 chunk_id=0 chunk_qty=0.000000 buy_live=false sell_live=false chunk_live=false
[11:33:22.255] [INFO] [EXEC] STREAM_OWNERSHIP_AUDIT stream_id=10 state=WAIT_BUY buy_order_id=0 sell_order_id=0 chunk_id=0 chunk_qty=0.000000 buy_live=false sell_live=false chunk_live=false
[11:33:22.255] [INFO] [EXEC] STREAM_OWNERSHIP_AUDIT stream_id=11 state=WAIT_BUY buy_order_id=0 sell_order_id=0 chunk_id=0 chunk_qty=0.000000 buy_live=false sell_live=false chunk_live=false
[11:33:22.255] [INFO] [EXEC] STREAM_OWNERSHIP_AUDIT stream_id=12 state=WAIT_BUY buy_order_id=0 sell_order_id=0 chunk_id=0 chunk_qty=0.000000 buy_live=false sell_live=false chunk_live=false
[11:33:22.256] [INFO] [EXEC] STREAM_OWNERSHIP_AUDIT stream_id=13 state=WAIT_BUY buy_order_id=0 sell_order_id=0 chunk_id=0 chunk_qty=0.000000 buy_live=false sell_live=false chunk_live=false
[11:33:22.256] [INFO] [EXEC] STREAM_OWNERSHIP_AUDIT stream_id=14 state=WAIT_BUY buy_order_id=0 sell_order_id=0 chunk_id=0 chunk_qty=0.000000 buy_live=false sell_live=false chunk_live=false
[11:33:22.256] [INFO] [EXEC] STREAM_OWNERSHIP_AUDIT stream_id=15 state=WAIT_BUY buy_order_id=0 sell_order_id=0 chunk_id=0 chunk_qty=0.000000 buy_live=false sell_live=false chunk_live=false
[11:33:22.256] [INFO] [EXEC] STREAM_OWNERSHIP_AUDIT stream_id=16 state=WAIT_BUY buy_order_id=0 sell_order_id=0 chunk_id=0 chunk_qty=0.000000 buy_live=false sell_live=false chunk_live=false
[11:33:22.257] [INFO] [EXEC] STREAM_OWNERSHIP_AUDIT stream_id=17 state=WAIT_BUY buy_order_id=0 sell_order_id=0 chunk_id=0 chunk_qty=0.000000 buy_live=false sell_live=false chunk_live=false
[11:33:22.257] [INFO] [EXEC] STREAM_OWNERSHIP_AUDIT stream_id=18 state=WAIT_BUY buy_order_id=0 sell_order_id=0 chunk_id=0 chunk_qty=0.000000 buy_live=false sell_live=false chunk_live=false
[11:33:22.257] [INFO] [EXEC] STREAM_OWNERSHIP_AUDIT stream_id=19 state=WAIT_BUY buy_order_id=0 sell_order_id=0 chunk_id=0 chunk_qty=0.000000 buy_live=false sell_live=false chunk_live=false
[11:33:22.257] [INFO] [EXEC] STREAM_OWNERSHIP_AUDIT stream_id=20 state=WAIT_BUY buy_order_id=0 sell_order_id=0 chunk_id=0 chunk_qty=0.000000 buy_live=false sell_live=false chunk_live=false
[11:33:22.258] [ERROR] [EXEC] STREAM_STATE_MISMATCH reason=stream_inventory_qty_mismatch inventory_qty=0.000180 stream_chunks=0
[11:33:22.258] [INFO] [EXEC] STREAM_OWNERSHIP_SUMMARY streams_total=20 wait_buy=17 buy_placed=0 sell_active=2 exiting=1 recycle=0 chunks_total=1 stream_chunks=0 orphan_chunks=1 inventory_qty=0.000180 stream_inventory_qty=0.000000 orphan_inventory_qty=0.000180
[11:33:22.258] [INFO] [EXEC] STREAM_REPAIR_SKIP reason=stream_owned_inventory
[11:33:22.259] [ERROR] [EXEC] STREAM_OWNERSHIP_MISMATCH reason=qty_without_stream_chunks qty=0.000180
[11:33:22.259] [INFO] [EXEC] STREAM_GLOBAL_SMART_EXIT_BLOCKED reason=stream_owned_inventory qty=0.000180 trigger=exit_recovery_inventory_no_sell
[11:33:22.259] [ERROR] [EXEC] STREAM_OWNERSHIP_MISMATCH reason=qty_without_stream_chunks qty=0.000180
[11:33:22.260] [INFO] [EXEC] STREAM_GLOBAL_SMART_EXIT_BLOCKED reason=stream_owned_inventory qty=0.000180 trigger=place_sell
[11:33:23.290] [INFO] [EXEC] STREAM_EXIT_RETRY_STATUS stream_id=3 chunk_id=2497470677504 order_id=391907369 status=NEW
[11:33:23.291] [INFO] GUI_PERF tick_ms=0 logs_visible=False gui_log_mode=OFF append_skipped=1212
[11:33:23.292] [INFO] [EXEC] STREAM_OWNERSHIP_AUDIT stream_id=1 state=SELL_PLACED buy_order_id=0 sell_order_id=391906307 chunk_id=2497470692480 chunk_qty=0.000000 buy_live=false sell_live=true chunk_live=false
[11:33:23.293] [INFO] [EXEC] STREAM_OWNERSHIP_AUDIT stream_id=2 state=SELL_PLACED buy_order_id=0 sell_order_id=391905133 chunk_id=2497471402432 chunk_qty=0.000000 buy_live=false sell_live=true chunk_live=false
[11:33:23.294] [INFO] [EXEC] STREAM_OWNERSHIP_AUDIT stream_id=3 state=SELL_PLACED buy_order_id=0 sell_order_id=391907369 chunk_id=2497470677504 chunk_qty=0.000180 buy_live=false sell_live=true chunk_live=true
[11:33:23.295] [INFO] [EXEC] STREAM_OWNERSHIP_AUDIT stream_id=4 state=WAIT_BUY buy_order_id=0 sell_order_id=0 chunk_id=0 chunk_qty=0.000000 buy_live=false sell_live=false chunk_live=false
[11:33:23.295] [INFO] [EXEC] STREAM_OWNERSHIP_AUDIT stream_id=5 state=WAIT_BUY buy_order_id=0 sell_order_id=0 chunk_id=0 chunk_qty=0.000000 buy_live=false sell_live=false chunk_live=false
[11:33:23.296] [INFO] [EXEC] STREAM_OWNERSHIP_AUDIT stream_id=6 state=WAIT_BUY buy_order_id=0 sell_order_id=0 chunk_id=0 chunk_qty=0.000000 buy_live=false sell_live=false chunk_live=false
[11:33:23.297] [INFO] [EXEC] STREAM_OWNERSHIP_AUDIT stream_id=7 state=WAIT_BUY buy_order_id=0 sell_order_id=0 chunk_id=0 chunk_qty=0.000000 buy_live=false sell_live=false chunk_live=false
[11:33:23.298] [INFO] [EXEC] STREAM_OWNERSHIP_AUDIT stream_id=8 state=WAIT_BUY buy_order_id=0 sell_order_id=0 chunk_id=0 chunk_qty=0.000000 buy_live=false sell_live=false chunk_live=false
[11:33:23.298] [INFO] [EXEC] STREAM_OWNERSHIP_AUDIT stream_id=9 state=WAIT_BUY buy_order_id=0 sell_order_id=0 chunk_id=0 chunk_qty=0.000000 buy_live=false sell_live=false chunk_live=false
[11:33:23.299] [INFO] [EXEC] STREAM_OWNERSHIP_AUDIT stream_id=10 state=WAIT_BUY buy_order_id=0 sell_order_id=0 chunk_id=0 chunk_qty=0.000000 buy_live=false sell_live=false chunk_live=false
[11:33:23.299] [INFO] [EXEC] STREAM_OWNERSHIP_AUDIT stream_id=11 state=WAIT_BUY buy_order_id=0 sell_order_id=0 chunk_id=0 chunk_qty=0.000000 buy_live=false sell_live=false chunk_live=false
[11:33:23.300] [INFO] [EXEC] STREAM_OWNERSHIP_AUDIT stream_id=12 state=WAIT_BUY buy_order_id=0 sell_order_id=0 chunk_id=0 chunk_qty=0.000000 buy_live=false sell_live=false chunk_live=false
[11:33:23.301] [INFO] [EXEC] STREAM_OWNERSHIP_AUDIT stream_id=13 state=WAIT_BUY buy_order_id=0 sell_order_id=0 chunk_id=0 chunk_qty=0.000000 buy_live=false sell_live=false chunk_live=false
[11:33:23.301] [INFO] [EXEC] STREAM_OWNERSHIP_AUDIT stream_id=14 state=WAIT_BUY buy_order_id=0 sell_order_id=0 chunk_id=0 chunk_qty=0.000000 buy_live=false sell_live=false chunk_live=false
[11:33:23.302] [INFO] [EXEC] STREAM_OWNERSHIP_AUDIT stream_id=15 state=WAIT_BUY buy_order_id=0 sell_order_id=0 chunk_id=0 chunk_qty=0.000000 buy_live=false sell_live=false chunk_live=false
[11:33:23.302] [INFO] [EXEC] STREAM_OWNERSHIP_AUDIT stream_id=16 state=WAIT_BUY buy_order_id=0 sell_order_id=0 chunk_id=0 chunk_qty=0.000000 buy_live=false sell_live=false chunk_live=false
[11:33:23.302] [INFO] [EXEC] STREAM_OWNERSHIP_AUDIT stream_id=17 state=WAIT_BUY buy_order_id=0 sell_order_id=0 chunk_id=0 chunk_qty=0.000000 buy_live=false sell_live=false chunk_live=false
[11:33:23.303] [INFO] [EXEC] STREAM_OWNERSHIP_AUDIT stream_id=18 state=WAIT_BUY buy_order_id=0 sell_order_id=0 chunk_id=0 chunk_qty=0.000000 buy_live=false sell_live=false chunk_live=false
[11:33:23.303] [INFO] [EXEC] STREAM_OWNERSHIP_AUDIT stream_id=19 state=WAIT_BUY buy_order_id=0 sell_order_id=0 chunk_id=0 chunk_qty=0.000000 buy_live=false sell_live=false chunk_live=false
[11:33:23.303] [INFO] [EXEC] STREAM_OWNERSHIP_AUDIT stream_id=20 state=WAIT_BUY buy_order_id=0 sell_order_id=0 chunk_id=0 chunk_qty=0.000000 buy_live=false sell_live=false chunk_live=false
[11:33:23.304] [ERROR] [EXEC] STREAM_STATE_MISMATCH reason=stream_inventory_qty_mismatch inventory_qty=0.000180 stream_chunks=0
[11:33:23.304] [INFO] [EXEC] STREAM_OWNERSHIP_SUMMARY streams_total=20 wait_buy=17 buy_placed=0 sell_active=3 exiting=0 recycle=0 chunks_total=1 stream_chunks=0 orphan_chunks=1 inventory_qty=0.000180 stream_inventory_qty=0.000000 orphan_inventory_qty=0.000180
[11:33:23.305] [ERROR] [EXEC] STREAM_OWNERSHIP_MISMATCH reason=qty_without_stream_chunks qty=0.000180
[11:33:24.060] [INFO] [EXEC] STREAM_EXIT_RETRY_STATUS stream_id=3 chunk_id=2497470677504 order_id=391907369 status=NEW
[11:33:24.061] [WARNING] [EXEC] STREAM_SELL_TIMEOUT stream_id=3 chunk_id=2497470677504 order_id=391907369 age_ms=3301 timeout_ms=2800
[11:33:24.322] [INFO] [EXEC] STREAM_SELL_CANCEL_OLD stream_id=3 chunk_id=2497470677504 order_id=391907369
[11:33:24.323] [INFO] GUI_PERF tick_ms=0 logs_visible=False gui_log_mode=OFF append_skipped=1238
[11:33:24.323] [ERROR] [EXEC] STREAM_EXIT_STUCK stream_id=3 chunk_id=2497470677504 order_id=391907369
[11:33:24.323] [WARNING] [EXEC] STREAM_EXIT_ISOLATED stream_id=3 chunk_id=2497470677504 action=force_sell_reprice
[11:33:24.324] [ERROR] [EXEC] STREAM_OWNERSHIP_MISMATCH reason=qty_without_stream_chunks qty=0.000180
[11:33:24.324] [INFO] [EXEC] EXIT RECOVERY inventory_no_sell qty=0.000180
[11:33:24.325] [ERROR] [EXEC] STREAM_OWNERSHIP_MISMATCH reason=qty_without_stream_chunks qty=0.000180
[11:33:24.841] [INFO] [EXEC] SELL CHECK inventory=0.000180 reported=0.000000 remaining=0.000180 chunks=1
[11:33:24.841] [INFO] [EXEC] PLACE_SELL_SOURCE source=plan price=79336.78
[11:33:24.842] [OK] [EXEC] PLACE SELL price=79336.78 qty=0.000180
[11:33:25.101] [OK] [EXEC] SELL ORDER SENT orderId=391907446
[11:33:25.107] [INFO] [EXEC] STREAM_STATS_UI cycles=1 wins=1 losses=0 pnl=+0.000050 winrate=100.00%
[11:33:26.551] [INFO] [EXEC] STREAM_OWNERSHIP_AUDIT stream_id=1 state=SELL_PLACED buy_order_id=0 sell_order_id=391906307 chunk_id=2497470692480 chunk_qty=0.000000 buy_live=false sell_live=true chunk_live=false
[11:33:26.552] [INFO] GUI_PERF tick_ms=0 logs_visible=False gui_log_mode=OFF append_skipped=1249
[11:33:26.553] [INFO] [EXEC] STREAM_OWNERSHIP_AUDIT stream_id=2 state=SELL_PLACED buy_order_id=0 sell_order_id=391905133 chunk_id=2497471402432 chunk_qty=0.000000 buy_live=false sell_live=true chunk_live=false
[11:33:26.554] [INFO] [EXEC] STREAM_OWNERSHIP_AUDIT stream_id=3 state=SELL_PLACED buy_order_id=0 sell_order_id=391907369 chunk_id=2497470677504 chunk_qty=0.000180 buy_live=false sell_live=true chunk_live=true
[11:33:26.555] [INFO] [EXEC] STREAM_OWNERSHIP_AUDIT stream_id=4 state=WAIT_BUY buy_order_id=0 sell_order_id=0 chunk_id=0 chunk_qty=0.000000 buy_live=false sell_live=false chunk_live=false
[11:33:26.555] [INFO] [EXEC] STREAM_OWNERSHIP_AUDIT stream_id=5 state=WAIT_BUY buy_order_id=0 sell_order_id=0 chunk_id=0 chunk_qty=0.000000 buy_live=false sell_live=false chunk_live=false
[11:33:26.556] [INFO] [EXEC] STREAM_OWNERSHIP_AUDIT stream_id=6 state=WAIT_BUY buy_order_id=0 sell_order_id=0 chunk_id=0 chunk_qty=0.000000 buy_live=false sell_live=false chunk_live=false
[11:33:26.556] [INFO] [EXEC] STREAM_OWNERSHIP_AUDIT stream_id=7 state=WAIT_BUY buy_order_id=0 sell_order_id=0 chunk_id=0 chunk_qty=0.000000 buy_live=false sell_live=false chunk_live=false
[11:33:26.557] [INFO] [EXEC] STREAM_OWNERSHIP_AUDIT stream_id=8 state=WAIT_BUY buy_order_id=0 sell_order_id=0 chunk_id=0 chunk_qty=0.000000 buy_live=false sell_live=false chunk_live=false
[11:33:26.558] [INFO] [EXEC] STREAM_OWNERSHIP_AUDIT stream_id=9 state=WAIT_BUY buy_order_id=0 sell_order_id=0 chunk_id=0 chunk_qty=0.000000 buy_live=false sell_live=false chunk_live=false
[11:33:26.558] [INFO] [EXEC] STREAM_OWNERSHIP_AUDIT stream_id=10 state=WAIT_BUY buy_order_id=0 sell_order_id=0 chunk_id=0 chunk_qty=0.000000 buy_live=false sell_live=false chunk_live=false
[11:33:26.559] [INFO] [EXEC] STREAM_OWNERSHIP_AUDIT stream_id=11 state=WAIT_BUY buy_order_id=0 sell_order_id=0 chunk_id=0 chunk_qty=0.000000 buy_live=false sell_live=false chunk_live=false
[11:33:26.559] [INFO] [EXEC] STREAM_OWNERSHIP_AUDIT stream_id=12 state=WAIT_BUY buy_order_id=0 sell_order_id=0 chunk_id=0 chunk_qty=0.000000 buy_live=false sell_live=false chunk_live=false
[11:33:26.559] [INFO] [EXEC] STREAM_OWNERSHIP_AUDIT stream_id=13 state=WAIT_BUY buy_order_id=0 sell_order_id=0 chunk_id=0 chunk_qty=0.000000 buy_live=false sell_live=false chunk_live=false
[11:33:26.560] [INFO] [EXEC] STREAM_OWNERSHIP_AUDIT stream_id=14 state=WAIT_BUY buy_order_id=0 sell_order_id=0 chunk_id=0 chunk_qty=0.000000 buy_live=false sell_live=false chunk_live=false
[11:33:26.560] [INFO] [EXEC] STREAM_OWNERSHIP_AUDIT stream_id=15 state=WAIT_BUY buy_order_id=0 sell_order_id=0 chunk_id=0 chunk_qty=0.000000 buy_live=false sell_live=false chunk_live=false
[11:33:26.560] [INFO] [EXEC] STREAM_OWNERSHIP_AUDIT stream_id=16 state=WAIT_BUY buy_order_id=0 sell_order_id=0 chunk_id=0 chunk_qty=0.000000 buy_live=false sell_live=false chunk_live=false
[11:33:26.561] [INFO] [EXEC] STREAM_OWNERSHIP_AUDIT stream_id=17 state=WAIT_BUY buy_order_id=0 sell_order_id=0 chunk_id=0 chunk_qty=0.000000 buy_live=false sell_live=false chunk_live=false
[11:33:26.561] [INFO] [EXEC] STREAM_OWNERSHIP_AUDIT stream_id=18 state=WAIT_BUY buy_order_id=0 sell_order_id=0 chunk_id=0 chunk_qty=0.000000 buy_live=false sell_live=false chunk_live=false
[11:33:26.561] [INFO] [EXEC] STREAM_OWNERSHIP_AUDIT stream_id=19 state=WAIT_BUY buy_order_id=0 sell_order_id=0 chunk_id=0 chunk_qty=0.000000 buy_live=false sell_live=false chunk_live=false
[11:33:26.561] [INFO] [EXEC] STREAM_OWNERSHIP_AUDIT stream_id=20 state=WAIT_BUY buy_order_id=0 sell_order_id=0 chunk_id=0 chunk_qty=0.000000 buy_live=false sell_live=false chunk_live=false
[11:33:26.562] [ERROR] [EXEC] STREAM_STATE_MISMATCH reason=stream_inventory_qty_mismatch inventory_qty=0.000180 stream_chunks=0
[11:33:26.562] [INFO] [EXEC] STREAM_OWNERSHIP_SUMMARY streams_total=20 wait_buy=17 buy_placed=0 sell_active=3 exiting=0 recycle=0 chunks_total=1 stream_chunks=0 orphan_chunks=1 inventory_qty=0.000180 stream_inventory_qty=0.000000 orphan_inventory_qty=0.000180
[11:33:26.822] [INFO] [EXEC] HOLD_PROTECTED_SKIP_EXIT_ESCALATION reason=force_flat_after_ms orderId=391907446 hold_age=1722 soft=5000 hard=12000
[11:33:27.810] [INFO] [EXEC] SELL_WATCHDOG_SYNC orderId=391907446 status=NEW
[11:33:27.811] [INFO] GUI_PERF tick_ms=0 logs_visible=False gui_log_mode=OFF append_skipped=1272
[11:33:27.811] [INFO] [EXEC] SELL_WATCHDOG_FAR_IGNORE orderId=391907446 reason=protected_sell dist_ticks=2738
[11:33:28.573] [INFO] [EXEC] STREAM_OWNERSHIP_AUDIT stream_id=1 state=SELL_PLACED buy_order_id=0 sell_order_id=391906307 chunk_id=2497470692480 chunk_qty=0.000000 buy_live=false sell_live=true chunk_live=false
[11:33:28.574] [INFO] [EXEC] STREAM_OWNERSHIP_AUDIT stream_id=2 state=SELL_PLACED buy_order_id=0 sell_order_id=391905133 chunk_id=2497471402432 chunk_qty=0.000000 buy_live=false sell_live=true chunk_live=false
[11:33:28.576] [INFO] [EXEC] STREAM_OWNERSHIP_AUDIT stream_id=3 state=SELL_PLACED buy_order_id=0 sell_order_id=391907369 chunk_id=2497470677504 chunk_qty=0.000180 buy_live=false sell_live=true chunk_live=true
[11:33:28.577] [INFO] [EXEC] STREAM_OWNERSHIP_AUDIT stream_id=4 state=WAIT_BUY buy_order_id=0 sell_order_id=0 chunk_id=0 chunk_qty=0.000000 buy_live=false sell_live=false chunk_live=false
[11:33:28.578] [INFO] [EXEC] STREAM_OWNERSHIP_AUDIT stream_id=5 state=WAIT_BUY buy_order_id=0 sell_order_id=0 chunk_id=0 chunk_qty=0.000000 buy_live=false sell_live=false chunk_live=false
[11:33:28.579] [INFO] [EXEC] STREAM_OWNERSHIP_AUDIT stream_id=6 state=WAIT_BUY buy_order_id=0 sell_order_id=0 chunk_id=0 chunk_qty=0.000000 buy_live=false sell_live=false chunk_live=false
[11:33:28.580] [INFO] [EXEC] STREAM_OWNERSHIP_AUDIT stream_id=7 state=WAIT_BUY buy_order_id=0 sell_order_id=0 chunk_id=0 chunk_qty=0.000000 buy_live=false sell_live=false chunk_live=false
[11:33:28.580] [INFO] [EXEC] STREAM_OWNERSHIP_AUDIT stream_id=8 state=WAIT_BUY buy_order_id=0 sell_order_id=0 chunk_id=0 chunk_qty=0.000000 buy_live=false sell_live=false chunk_live=false
[11:33:28.581] [INFO] [EXEC] STREAM_OWNERSHIP_AUDIT stream_id=9 state=WAIT_BUY buy_order_id=0 sell_order_id=0 chunk_id=0 chunk_qty=0.000000 buy_live=false sell_live=false chunk_live=false
[11:33:28.582] [INFO] [EXEC] STREAM_OWNERSHIP_AUDIT stream_id=10 state=WAIT_BUY buy_order_id=0 sell_order_id=0 chunk_id=0 chunk_qty=0.000000 buy_live=false sell_live=false chunk_live=false
[11:33:28.582] [INFO] [EXEC] STREAM_OWNERSHIP_AUDIT stream_id=11 state=WAIT_BUY buy_order_id=0 sell_order_id=0 chunk_id=0 chunk_qty=0.000000 buy_live=false sell_live=false chunk_live=false
[11:33:28.583] [INFO] [EXEC] STREAM_OWNERSHIP_AUDIT stream_id=12 state=WAIT_BUY buy_order_id=0 sell_order_id=0 chunk_id=0 chunk_qty=0.000000 buy_live=false sell_live=false chunk_live=false
[11:33:28.583] [INFO] [EXEC] STREAM_OWNERSHIP_AUDIT stream_id=13 state=WAIT_BUY buy_order_id=0 sell_order_id=0 chunk_id=0 chunk_qty=0.000000 buy_live=false sell_live=false chunk_live=false
[11:33:28.584] [INFO] [EXEC] STREAM_OWNERSHIP_AUDIT stream_id=14 state=WAIT_BUY buy_order_id=0 sell_order_id=0 chunk_id=0 chunk_qty=0.000000 buy_live=false sell_live=false chunk_live=false
[11:33:28.585] [INFO] [EXEC] STREAM_OWNERSHIP_AUDIT stream_id=15 state=WAIT_BUY buy_order_id=0 sell_order_id=0 chunk_id=0 chunk_qty=0.000000 buy_live=false sell_live=false chunk_live=false
[11:33:28.585] [INFO] [EXEC] STREAM_OWNERSHIP_AUDIT stream_id=16 state=WAIT_BUY buy_order_id=0 sell_order_id=0 chunk_id=0 chunk_qty=0.000000 buy_live=false sell_live=false chunk_live=false
[11:33:28.586] [INFO] [EXEC] STREAM_OWNERSHIP_AUDIT stream_id=17 state=WAIT_BUY buy_order_id=0 sell_order_id=0 chunk_id=0 chunk_qty=0.000000 buy_live=false sell_live=false chunk_live=false
[11:33:28.586] [INFO] [EXEC] STREAM_OWNERSHIP_AUDIT stream_id=18 state=WAIT_BUY buy_order_id=0 sell_order_id=0 chunk_id=0 chunk_qty=0.000000 buy_live=false sell_live=false chunk_live=false
[11:33:28.587] [INFO] [EXEC] STREAM_OWNERSHIP_AUDIT stream_id=19 state=WAIT_BUY buy_order_id=0 sell_order_id=0 chunk_id=0 chunk_qty=0.000000 buy_live=false sell_live=false chunk_live=false
[11:33:28.587] [INFO] [EXEC] STREAM_OWNERSHIP_AUDIT stream_id=20 state=WAIT_BUY buy_order_id=0 sell_order_id=0 chunk_id=0 chunk_qty=0.000000 buy_live=false sell_live=false chunk_live=false
[11:33:28.588] [ERROR] [EXEC] STREAM_STATE_MISMATCH reason=stream_inventory_qty_mismatch inventory_qty=0.000180 stream_chunks=0
[11:33:28.588] [INFO] [EXEC] STREAM_OWNERSHIP_SUMMARY streams_total=20 wait_buy=17 buy_placed=0 sell_active=3 exiting=0 recycle=0 chunks_total=1 stream_chunks=0 orphan_chunks=1 inventory_qty=0.000180 stream_inventory_qty=0.000000 orphan_inventory_qty=0.000180
[11:33:28.852] [INFO] [EXEC] SELL_WATCHDOG_SYNC orderId=391907446 status=NEW
[11:33:28.852] [INFO] GUI_PERF tick_ms=0 logs_visible=False gui_log_mode=OFF append_skipped=1296
[11:33:29.579] [INFO] [EXEC] STREAM_STATS_UI cycles=1 wins=1 losses=0 pnl=+0.000050 winrate=100.00%
[11:33:29.845] [INFO] [EXEC] HOLD_PROTECTED_SKIP_EXIT_ESCALATION reason=force_flat_after_ms orderId=391907446 hold_age=4742 soft=5000 hard=12000
[11:33:30.588] [INFO] [EXEC] STREAM_OWNERSHIP_AUDIT stream_id=1 state=SELL_PLACED buy_order_id=0 sell_order_id=391906307 chunk_id=2497470692480 chunk_qty=0.000000 buy_live=false sell_live=true chunk_live=false
[11:33:30.589] [INFO] GUI_PERF tick_ms=0 logs_visible=False gui_log_mode=OFF append_skipped=1299
[11:33:30.590] [INFO] [EXEC] STREAM_OWNERSHIP_AUDIT stream_id=2 state=SELL_PLACED buy_order_id=0 sell_order_id=391905133 chunk_id=2497471402432 chunk_qty=0.000000 buy_live=false sell_live=true chunk_live=false
[11:33:30.591] [INFO] [EXEC] STREAM_OWNERSHIP_AUDIT stream_id=3 state=SELL_PLACED buy_order_id=0 sell_order_id=391907369 chunk_id=2497470677504 chunk_qty=0.000180 buy_live=false sell_live=true chunk_live=true
[11:33:30.592] [INFO] [EXEC] STREAM_OWNERSHIP_AUDIT stream_id=4 state=WAIT_BUY buy_order_id=0 sell_order_id=0 chunk_id=0 chunk_qty=0.000000 buy_live=false sell_live=false chunk_live=false
[11:33:30.593] [INFO] [EXEC] STREAM_OWNERSHIP_AUDIT stream_id=5 state=WAIT_BUY buy_order_id=0 sell_order_id=0 chunk_id=0 chunk_qty=0.000000 buy_live=false sell_live=false chunk_live=false
[11:33:30.593] [INFO] [EXEC] STREAM_OWNERSHIP_AUDIT stream_id=6 state=WAIT_BUY buy_order_id=0 sell_order_id=0 chunk_id=0 chunk_qty=0.000000 buy_live=false sell_live=false chunk_live=false
[11:33:30.594] [INFO] [EXEC] STREAM_OWNERSHIP_AUDIT stream_id=7 state=WAIT_BUY buy_order_id=0 sell_order_id=0 chunk_id=0 chunk_qty=0.000000 buy_live=false sell_live=false chunk_live=false
[11:33:30.595] [INFO] [EXEC] STREAM_OWNERSHIP_AUDIT stream_id=8 state=WAIT_BUY buy_order_id=0 sell_order_id=0 chunk_id=0 chunk_qty=0.000000 buy_live=false sell_live=false chunk_live=false
[11:33:30.595] [INFO] [EXEC] STREAM_OWNERSHIP_AUDIT stream_id=9 state=WAIT_BUY buy_order_id=0 sell_order_id=0 chunk_id=0 chunk_qty=0.000000 buy_live=false sell_live=false chunk_live=false
[11:33:30.596] [INFO] [EXEC] STREAM_OWNERSHIP_AUDIT stream_id=10 state=WAIT_BUY buy_order_id=0 sell_order_id=0 chunk_id=0 chunk_qty=0.000000 buy_live=false sell_live=false chunk_live=false
[11:33:30.596] [INFO] [EXEC] STREAM_OWNERSHIP_AUDIT stream_id=11 state=WAIT_BUY buy_order_id=0 sell_order_id=0 chunk_id=0 chunk_qty=0.000000 buy_live=false sell_live=false chunk_live=false
[11:33:30.597] [INFO] [EXEC] STREAM_OWNERSHIP_AUDIT stream_id=12 state=WAIT_BUY buy_order_id=0 sell_order_id=0 chunk_id=0 chunk_qty=0.000000 buy_live=false sell_live=false chunk_live=false
[11:33:30.597] [INFO] [EXEC] STREAM_OWNERSHIP_AUDIT stream_id=13 state=WAIT_BUY buy_order_id=0 sell_order_id=0 chunk_id=0 chunk_qty=0.000000 buy_live=false sell_live=false chunk_live=false
[11:33:30.598] [INFO] [EXEC] STREAM_OWNERSHIP_AUDIT stream_id=14 state=WAIT_BUY buy_order_id=0 sell_order_id=0 chunk_id=0 chunk_qty=0.000000 buy_live=false sell_live=false chunk_live=false
[11:33:30.599] [INFO] [EXEC] STREAM_OWNERSHIP_AUDIT stream_id=15 state=WAIT_BUY buy_order_id=0 sell_order_id=0 chunk_id=0 chunk_qty=0.000000 buy_live=false sell_live=false chunk_live=false
[11:33:30.599] [INFO] [EXEC] STREAM_OWNERSHIP_AUDIT stream_id=16 state=WAIT_BUY buy_order_id=0 sell_order_id=0 chunk_id=0 chunk_qty=0.000000 buy_live=false sell_live=false chunk_live=false
[11:33:30.600] [INFO] [EXEC] STREAM_OWNERSHIP_AUDIT stream_id=17 state=WAIT_BUY buy_order_id=0 sell_order_id=0 chunk_id=0 chunk_qty=0.000000 buy_live=false sell_live=false chunk_live=false
[11:33:30.600] [INFO] [EXEC] STREAM_OWNERSHIP_AUDIT stream_id=18 state=WAIT_BUY buy_order_id=0 sell_order_id=0 chunk_id=0 chunk_qty=0.000000 buy_live=false sell_live=false chunk_live=false
[11:33:30.601] [INFO] [EXEC] STREAM_OWNERSHIP_AUDIT stream_id=19 state=WAIT_BUY buy_order_id=0 sell_order_id=0 chunk_id=0 chunk_qty=0.000000 buy_live=false sell_live=false chunk_live=false
[11:33:30.601] [INFO] [EXEC] STREAM_OWNERSHIP_AUDIT stream_id=20 state=WAIT_BUY buy_order_id=0 sell_order_id=0 chunk_id=0 chunk_qty=0.000000 buy_live=false sell_live=false chunk_live=false
[11:33:30.601] [ERROR] [EXEC] STREAM_STATE_MISMATCH reason=stream_inventory_qty_mismatch inventory_qty=0.000180 stream_chunks=0
[11:33:30.602] [INFO] [EXEC] STREAM_OWNERSHIP_SUMMARY streams_total=20 wait_buy=17 buy_placed=0 sell_active=3 exiting=0 recycle=0 chunks_total=1 stream_chunks=0 orphan_chunks=1 inventory_qty=0.000180 stream_inventory_qty=0.000000 orphan_inventory_qty=0.000180
[11:33:30.861] [INFO] [EXEC] SELL_WATCHDOG_SYNC orderId=391907446 status=NEW
[11:33:30.862] [WARNING] [EXEC] SMART_EXIT_ACTIVE
[11:33:30.862] [WARNING] [EXEC] SMART_EXIT_BREAK_HOLD reason=too_far age=5762 dist_ticks=2592
[11:33:31.386] [WARNING] [EXEC] SMART_EXIT_TO_PANIC reason=taker_trigger_failed_after_break_hold
[11:33:31.386] [ERROR] [EXEC] STREAM_OWNERSHIP_MISMATCH reason=qty_without_stream_chunks qty=0.000180
[11:33:32.075] [INFO] [EXEC] SMART_EXIT_PANIC_STATUS id=391907446 status=CANCELED filled=0.000000 remaining=0.000180 age=6973
[11:33:32.077] [INFO] GUI_PERF tick_ms=0 logs_visible=False gui_log_mode=OFF append_skipped=1326
[11:33:32.078] [ERROR] [EXEC] STREAM_OWNERSHIP_MISMATCH reason=qty_without_stream_chunks qty=0.000180
[11:33:32.079] [WARNING] [EXEC] SMART_EXIT_PANIC_RETRY reason=panic_canceled attempt=7
[11:33:32.079] [ERROR] [EXEC] STREAM_OWNERSHIP_MISMATCH reason=qty_without_stream_chunks qty=0.000180
[11:33:32.080] [WARNING] [EXEC] EXIT_FAIL reason=smart_exit_panic_canceled force_exit
[11:33:32.081] [ERROR] [EXEC] STREAM_OWNERSHIP_MISMATCH reason=qty_without_stream_chunks qty=0.000180
[11:33:32.082] [WARNING] [EXEC] PANIC EXIT smart_exit_panic_canceled
[11:33:32.346] [WARNING] [EXEC] FORCE EXIT price=79311.11
[11:33:32.347] [INFO] [EXEC] PLACE_SELL_SOURCE source=panic price=79311.11
[11:33:32.348] [OK] [EXEC] PLACE SELL price=79311.11 qty=0.000180
[11:33:32.610] [WARNING] [EXEC] PANIC START price=79311.11
[11:33:32.612] [OK] [EXEC] SELL ORDER SENT orderId=391907630
[11:33:33.313] [INFO] [EXEC] STREAM_OWNERSHIP_AUDIT stream_id=1 state=SELL_PLACED buy_order_id=0 sell_order_id=391906307 chunk_id=2497470692480 chunk_qty=0.000000 buy_live=false sell_live=true chunk_live=false
[11:33:33.313] [INFO] GUI_PERF tick_ms=0 logs_visible=False gui_log_mode=OFF append_skipped=1338
[11:33:33.314] [INFO] [EXEC] STREAM_OWNERSHIP_AUDIT stream_id=2 state=SELL_PLACED buy_order_id=0 sell_order_id=391905133 chunk_id=2497471402432 chunk_qty=0.000000 buy_live=false sell_live=true chunk_live=false
[11:33:33.314] [INFO] [EXEC] STREAM_OWNERSHIP_AUDIT stream_id=3 state=SELL_PLACED buy_order_id=0 sell_order_id=391907369 chunk_id=2497470677504 chunk_qty=0.000180 buy_live=false sell_live=true chunk_live=true
[11:33:33.315] [INFO] [EXEC] STREAM_OWNERSHIP_AUDIT stream_id=4 state=WAIT_BUY buy_order_id=0 sell_order_id=0 chunk_id=0 chunk_qty=0.000000 buy_live=false sell_live=false chunk_live=false
[11:33:33.315] [INFO] [EXEC] STREAM_OWNERSHIP_AUDIT stream_id=5 state=WAIT_BUY buy_order_id=0 sell_order_id=0 chunk_id=0 chunk_qty=0.000000 buy_live=false sell_live=false chunk_live=false
[11:33:33.315] [INFO] [EXEC] STREAM_OWNERSHIP_AUDIT stream_id=6 state=WAIT_BUY buy_order_id=0 sell_order_id=0 chunk_id=0 chunk_qty=0.000000 buy_live=false sell_live=false chunk_live=false
[11:33:33.316] [INFO] [EXEC] STREAM_OWNERSHIP_AUDIT stream_id=7 state=WAIT_BUY buy_order_id=0 sell_order_id=0 chunk_id=0 chunk_qty=0.000000 buy_live=false sell_live=false chunk_live=false
[11:33:33.316] [INFO] [EXEC] STREAM_OWNERSHIP_AUDIT stream_id=8 state=WAIT_BUY buy_order_id=0 sell_order_id=0 chunk_id=0 chunk_qty=0.000000 buy_live=false sell_live=false chunk_live=false
[11:33:33.316] [INFO] [EXEC] STREAM_OWNERSHIP_AUDIT stream_id=9 state=WAIT_BUY buy_order_id=0 sell_order_id=0 chunk_id=0 chunk_qty=0.000000 buy_live=false sell_live=false chunk_live=false
[11:33:33.316] [INFO] [EXEC] STREAM_OWNERSHIP_AUDIT stream_id=10 state=WAIT_BUY buy_order_id=0 sell_order_id=0 chunk_id=0 chunk_qty=0.000000 buy_live=false sell_live=false chunk_live=false
[11:33:33.316] [INFO] [EXEC] STREAM_OWNERSHIP_AUDIT stream_id=11 state=WAIT_BUY buy_order_id=0 sell_order_id=0 chunk_id=0 chunk_qty=0.000000 buy_live=false sell_live=false chunk_live=false
[11:33:33.317] [INFO] [EXEC] STREAM_OWNERSHIP_AUDIT stream_id=12 state=WAIT_BUY buy_order_id=0 sell_order_id=0 chunk_id=0 chunk_qty=0.000000 buy_live=false sell_live=false chunk_live=false
[11:33:33.317] [INFO] [EXEC] STREAM_OWNERSHIP_AUDIT stream_id=13 state=WAIT_BUY buy_order_id=0 sell_order_id=0 chunk_id=0 chunk_qty=0.000000 buy_live=false sell_live=false chunk_live=false
[11:33:33.317] [INFO] [EXEC] STREAM_OWNERSHIP_AUDIT stream_id=14 state=WAIT_BUY buy_order_id=0 sell_order_id=0 chunk_id=0 chunk_qty=0.000000 buy_live=false sell_live=false chunk_live=false
[11:33:33.317] [INFO] [EXEC] STREAM_OWNERSHIP_AUDIT stream_id=15 state=WAIT_BUY buy_order_id=0 sell_order_id=0 chunk_id=0 chunk_qty=0.000000 buy_live=false sell_live=false chunk_live=false
[11:33:33.318] [INFO] [EXEC] STREAM_OWNERSHIP_AUDIT stream_id=16 state=WAIT_BUY buy_order_id=0 sell_order_id=0 chunk_id=0 chunk_qty=0.000000 buy_live=false sell_live=false chunk_live=false
[11:33:33.318] [INFO] [EXEC] STREAM_OWNERSHIP_AUDIT stream_id=17 state=WAIT_BUY buy_order_id=0 sell_order_id=0 chunk_id=0 chunk_qty=0.000000 buy_live=false sell_live=false chunk_live=false
[11:33:33.318] [INFO] [EXEC] STREAM_OWNERSHIP_AUDIT stream_id=18 state=WAIT_BUY buy_order_id=0 sell_order_id=0 chunk_id=0 chunk_qty=0.000000 buy_live=false sell_live=false chunk_live=false
[11:33:33.318] [INFO] [EXEC] STREAM_OWNERSHIP_AUDIT stream_id=19 state=WAIT_BUY buy_order_id=0 sell_order_id=0 chunk_id=0 chunk_qty=0.000000 buy_live=false sell_live=false chunk_live=false
[11:33:33.319] [INFO] [EXEC] STREAM_OWNERSHIP_AUDIT stream_id=20 state=WAIT_BUY buy_order_id=0 sell_order_id=0 chunk_id=0 chunk_qty=0.000000 buy_live=false sell_live=false chunk_live=false
[11:33:33.319] [ERROR] [EXEC] STREAM_STATE_MISMATCH reason=stream_inventory_qty_mismatch inventory_qty=0.000180 stream_chunks=0
[11:33:33.319] [INFO] [EXEC] STREAM_OWNERSHIP_SUMMARY streams_total=20 wait_buy=17 buy_placed=0 sell_active=3 exiting=0 recycle=0 chunks_total=1 stream_chunks=0 orphan_chunks=1 inventory_qty=0.000180 stream_inventory_qty=0.000000 orphan_inventory_qty=0.000180
[11:33:33.581] [INFO] [EXEC] SMART_EXIT_PANIC_STATUS id=391907630 status=NEW filled=0.000000 remaining=0.000180 age=1240
[11:33:33.581] [WARNING] [EXEC] SMART_EXIT_PANIC_TIMEOUT_CANCEL id=391907630 age=1240 max=1200
[11:33:33.841] [ERROR] [EXEC] STREAM_OWNERSHIP_MISMATCH reason=qty_without_stream_chunks qty=0.000180
[11:33:33.842] [ERROR] [EXEC] SMART_EXIT_MAX_ATTEMPTS attempts=9 qty=0.000180
[11:33:34.327] [ERROR] [EXEC] STREAM_OWNERSHIP_MISMATCH reason=qty_without_stream_chunks qty=0.000180
[11:33:34.329] [INFO] GUI_PERF tick_ms=0 logs_visible=False gui_log_mode=OFF append_skipped=1364
[11:33:34.330] [WARNING] [EXEC] SMART_EXIT_ORPHAN_INVENTORY qty=0.000180
[11:33:34.331] [ERROR] [EXEC] STREAM_OWNERSHIP_MISMATCH reason=qty_without_stream_chunks qty=0.000180
[11:33:34.332] [ERROR] [EXEC] SMART_EXIT_MAX_ATTEMPTS attempts=10 qty=0.000180
[11:33:34.600] [INFO] [EXEC] STREAM_STATS_UI cycles=1 wins=1 losses=0 pnl=+0.000050 winrate=100.00%
[11:33:34.828] [INFO] [EXEC] STREAM_OWNERSHIP_AUDIT stream_id=1 state=SELL_PLACED buy_order_id=0 sell_order_id=391906307 chunk_id=2497470692480 chunk_qty=0.000000 buy_live=false sell_live=true chunk_live=false
[11:33:34.829] [INFO] [EXEC] STREAM_OWNERSHIP_AUDIT stream_id=2 state=SELL_PLACED buy_order_id=0 sell_order_id=391905133 chunk_id=2497471402432 chunk_qty=0.000000 buy_live=false sell_live=true chunk_live=false
[11:33:34.829] [INFO] [EXEC] STREAM_OWNERSHIP_AUDIT stream_id=3 state=SELL_PLACED buy_order_id=0 sell_order_id=391907369 chunk_id=2497470677504 chunk_qty=0.000180 buy_live=false sell_live=true chunk_live=true
[11:33:34.829] [INFO] [EXEC] STREAM_OWNERSHIP_AUDIT stream_id=4 state=WAIT_BUY buy_order_id=0 sell_order_id=0 chunk_id=0 chunk_qty=0.000000 buy_live=false sell_live=false chunk_live=false
[11:33:34.830] [INFO] [EXEC] STREAM_OWNERSHIP_AUDIT stream_id=5 state=WAIT_BUY buy_order_id=0 sell_order_id=0 chunk_id=0 chunk_qty=0.000000 buy_live=false sell_live=false chunk_live=false
[11:33:34.830] [INFO] [EXEC] STREAM_OWNERSHIP_AUDIT stream_id=6 state=WAIT_BUY buy_order_id=0 sell_order_id=0 chunk_id=0 chunk_qty=0.000000 buy_live=false sell_live=false chunk_live=false
[11:33:34.830] [INFO] [EXEC] STREAM_OWNERSHIP_AUDIT stream_id=7 state=WAIT_BUY buy_order_id=0 sell_order_id=0 chunk_id=0 chunk_qty=0.000000 buy_live=false sell_live=false chunk_live=false
[11:33:34.830] [INFO] [EXEC] STREAM_OWNERSHIP_AUDIT stream_id=8 state=WAIT_BUY buy_order_id=0 sell_order_id=0 chunk_id=0 chunk_qty=0.000000 buy_live=false sell_live=false chunk_live=false
[11:33:34.832] [INFO] [EXEC] STREAM_OWNERSHIP_AUDIT stream_id=9 state=WAIT_BUY buy_order_id=0 sell_order_id=0 chunk_id=0 chunk_qty=0.000000 buy_live=false sell_live=false chunk_live=false
[11:33:34.832] [INFO] [EXEC] STREAM_OWNERSHIP_AUDIT stream_id=10 state=WAIT_BUY buy_order_id=0 sell_order_id=0 chunk_id=0 chunk_qty=0.000000 buy_live=false sell_live=false chunk_live=false
[11:33:34.832] [INFO] [EXEC] STREAM_OWNERSHIP_AUDIT stream_id=11 state=WAIT_BUY buy_order_id=0 sell_order_id=0 chunk_id=0 chunk_qty=0.000000 buy_live=false sell_live=false chunk_live=false
[11:33:34.833] [INFO] [EXEC] STREAM_OWNERSHIP_AUDIT stream_id=12 state=WAIT_BUY buy_order_id=0 sell_order_id=0 chunk_id=0 chunk_qty=0.000000 buy_live=false sell_live=false chunk_live=false
[11:33:34.833] [INFO] [EXEC] STREAM_OWNERSHIP_AUDIT stream_id=13 state=WAIT_BUY buy_order_id=0 sell_order_id=0 chunk_id=0 chunk_qty=0.000000 buy_live=false sell_live=false chunk_live=false
[11:33:34.834] [INFO] [EXEC] STREAM_OWNERSHIP_AUDIT stream_id=14 state=WAIT_BUY buy_order_id=0 sell_order_id=0 chunk_id=0 chunk_qty=0.000000 buy_live=false sell_live=false chunk_live=false
[11:33:34.834] [INFO] [EXEC] STREAM_OWNERSHIP_AUDIT stream_id=15 state=WAIT_BUY buy_order_id=0 sell_order_id=0 chunk_id=0 chunk_qty=0.000000 buy_live=false sell_live=false chunk_live=false
[11:33:34.835] [INFO] [EXEC] STREAM_OWNERSHIP_AUDIT stream_id=16 state=WAIT_BUY buy_order_id=0 sell_order_id=0 chunk_id=0 chunk_qty=0.000000 buy_live=false sell_live=false chunk_live=false
[11:33:34.835] [INFO] [EXEC] STREAM_OWNERSHIP_AUDIT stream_id=17 state=WAIT_BUY buy_order_id=0 sell_order_id=0 chunk_id=0 chunk_qty=0.000000 buy_live=false sell_live=false chunk_live=false
[11:33:34.836] [INFO] [EXEC] STREAM_OWNERSHIP_AUDIT stream_id=18 state=WAIT_BUY buy_order_id=0 sell_order_id=0 chunk_id=0 chunk_qty=0.000000 buy_live=false sell_live=false chunk_live=false
[11:33:34.836] [INFO] [EXEC] STREAM_OWNERSHIP_AUDIT stream_id=19 state=WAIT_BUY buy_order_id=0 sell_order_id=0 chunk_id=0 chunk_qty=0.000000 buy_live=false sell_live=false chunk_live=false
[11:33:34.837] [INFO] [EXEC] STREAM_OWNERSHIP_AUDIT stream_id=20 state=WAIT_BUY buy_order_id=0 sell_order_id=0 chunk_id=0 chunk_qty=0.000000 buy_live=false sell_live=false chunk_live=false
[11:33:34.837] [ERROR] [EXEC] STREAM_STATE_MISMATCH reason=stream_inventory_qty_mismatch inventory_qty=0.000180 stream_chunks=0
[11:33:34.838] [INFO] [EXEC] STREAM_OWNERSHIP_SUMMARY streams_total=20 wait_buy=17 buy_placed=0 sell_active=3 exiting=0 recycle=0 chunks_total=1 stream_chunks=0 orphan_chunks=1 inventory_qty=0.000180 stream_inventory_qty=0.000000 orphan_inventory_qty=0.000180
[11:33:34.838] [ERROR] [EXEC] STREAM_OWNERSHIP_MISMATCH reason=qty_without_stream_chunks qty=0.000180
[11:33:34.839] [WARNING] [EXEC] SMART_EXIT_ORPHAN_INVENTORY qty=0.000180
[11:33:34.839] [ERROR] [EXEC] STREAM_OWNERSHIP_MISMATCH reason=qty_without_stream_chunks qty=0.000180
[11:33:34.840] [ERROR] [EXEC] SMART_EXIT_MAX_ATTEMPTS attempts=11 qty=0.000180
[11:33:35.341] [ERROR] [EXEC] STREAM_OWNERSHIP_MISMATCH reason=qty_without_stream_chunks qty=0.000180
[11:33:35.343] [INFO] GUI_PERF tick_ms=0 logs_visible=False gui_log_mode=OFF append_skipped=1395
[11:33:35.343] [WARNING] [EXEC] SMART_EXIT_ORPHAN_INVENTORY qty=0.000180
[11:33:35.344] [ERROR] [EXEC] STREAM_OWNERSHIP_MISMATCH reason=qty_without_stream_chunks qty=0.000180
[11:33:35.345] [ERROR] [EXEC] SMART_EXIT_MAX_ATTEMPTS attempts=12 qty=0.000180
[11:33:36.098] [ERROR] [EXEC] STREAM_OWNERSHIP_MISMATCH reason=qty_without_stream_chunks qty=0.000180
[11:33:36.098] [WARNING] [EXEC] SMART_EXIT_ORPHAN_INVENTORY qty=0.000180
[11:33:36.099] [ERROR] [EXEC] STREAM_OWNERSHIP_MISMATCH reason=qty_without_stream_chunks qty=0.000180
[11:33:36.099] [ERROR] [EXEC] SMART_EXIT_MAX_ATTEMPTS attempts=13 qty=0.000180
[11:33:36.612] [INFO] [EXEC] STREAM_OWNERSHIP_AUDIT stream_id=1 state=SELL_PLACED buy_order_id=0 sell_order_id=391906307 chunk_id=2497470692480 chunk_qty=0.000000 buy_live=false sell_live=true chunk_live=false
[11:33:36.613] [INFO] GUI_PERF tick_ms=0 logs_visible=False gui_log_mode=OFF append_skipped=1403
[11:33:36.614] [INFO] [EXEC] STREAM_OWNERSHIP_AUDIT stream_id=2 state=SELL_PLACED buy_order_id=0 sell_order_id=391905133 chunk_id=2497471402432 chunk_qty=0.000000 buy_live=false sell_live=true chunk_live=false
[11:33:36.615] [INFO] [EXEC] STREAM_OWNERSHIP_AUDIT stream_id=3 state=SELL_PLACED buy_order_id=0 sell_order_id=391907369 chunk_id=2497470677504 chunk_qty=0.000180 buy_live=false sell_live=true chunk_live=true
[11:33:36.615] [INFO] [EXEC] STREAM_OWNERSHIP_AUDIT stream_id=4 state=WAIT_BUY buy_order_id=0 sell_order_id=0 chunk_id=0 chunk_qty=0.000000 buy_live=false sell_live=false chunk_live=false
[11:33:36.616] [INFO] [EXEC] STREAM_OWNERSHIP_AUDIT stream_id=5 state=WAIT_BUY buy_order_id=0 sell_order_id=0 chunk_id=0 chunk_qty=0.000000 buy_live=false sell_live=false chunk_live=false
[11:33:36.617] [INFO] [EXEC] STREAM_OWNERSHIP_AUDIT stream_id=6 state=WAIT_BUY buy_order_id=0 sell_order_id=0 chunk_id=0 chunk_qty=0.000000 buy_live=false sell_live=false chunk_live=false
[11:33:36.618] [INFO] [EXEC] STREAM_OWNERSHIP_AUDIT stream_id=7 state=WAIT_BUY buy_order_id=0 sell_order_id=0 chunk_id=0 chunk_qty=0.000000 buy_live=false sell_live=false chunk_live=false
[11:33:36.619] [INFO] [EXEC] STREAM_OWNERSHIP_AUDIT stream_id=8 state=WAIT_BUY buy_order_id=0 sell_order_id=0 chunk_id=0 chunk_qty=0.000000 buy_live=false sell_live=false chunk_live=false
[11:33:36.619] [INFO] [EXEC] STREAM_OWNERSHIP_AUDIT stream_id=9 state=WAIT_BUY buy_order_id=0 sell_order_id=0 chunk_id=0 chunk_qty=0.000000 buy_live=false sell_live=false chunk_live=false
[11:33:36.620] [INFO] [EXEC] STREAM_OWNERSHIP_AUDIT stream_id=10 state=WAIT_BUY buy_order_id=0 sell_order_id=0 chunk_id=0 chunk_qty=0.000000 buy_live=false sell_live=false chunk_live=false
[11:33:36.621] [INFO] [EXEC] STREAM_OWNERSHIP_AUDIT stream_id=11 state=WAIT_BUY buy_order_id=0 sell_order_id=0 chunk_id=0 chunk_qty=0.000000 buy_live=false sell_live=false chunk_live=false
[11:33:36.621] [INFO] [EXEC] STREAM_OWNERSHIP_AUDIT stream_id=12 state=WAIT_BUY buy_order_id=0 sell_order_id=0 chunk_id=0 chunk_qty=0.000000 buy_live=false sell_live=false chunk_live=false
[11:33:36.622] [INFO] [EXEC] STREAM_OWNERSHIP_AUDIT stream_id=13 state=WAIT_BUY buy_order_id=0 sell_order_id=0 chunk_id=0 chunk_qty=0.000000 buy_live=false sell_live=false chunk_live=false
[11:33:36.623] [INFO] [EXEC] STREAM_OWNERSHIP_AUDIT stream_id=14 state=WAIT_BUY buy_order_id=0 sell_order_id=0 chunk_id=0 chunk_qty=0.000000 buy_live=false sell_live=false chunk_live=false
[11:33:36.623] [INFO] [EXEC] STREAM_OWNERSHIP_AUDIT stream_id=15 state=WAIT_BUY buy_order_id=0 sell_order_id=0 chunk_id=0 chunk_qty=0.000000 buy_live=false sell_live=false chunk_live=false
[11:33:36.624] [INFO] [EXEC] STREAM_OWNERSHIP_AUDIT stream_id=16 state=WAIT_BUY buy_order_id=0 sell_order_id=0 chunk_id=0 chunk_qty=0.000000 buy_live=false sell_live=false chunk_live=false
[11:33:36.624] [INFO] [EXEC] STREAM_OWNERSHIP_AUDIT stream_id=17 state=WAIT_BUY buy_order_id=0 sell_order_id=0 chunk_id=0 chunk_qty=0.000000 buy_live=false sell_live=false chunk_live=false
[11:33:36.624] [INFO] [EXEC] STREAM_OWNERSHIP_AUDIT stream_id=18 state=WAIT_BUY buy_order_id=0 sell_order_id=0 chunk_id=0 chunk_qty=0.000000 buy_live=false sell_live=false chunk_live=false
[11:33:36.625] [INFO] [EXEC] STREAM_OWNERSHIP_AUDIT stream_id=19 state=WAIT_BUY buy_order_id=0 sell_order_id=0 chunk_id=0 chunk_qty=0.000000 buy_live=false sell_live=false chunk_live=false
[11:33:36.625] [INFO] [EXEC] STREAM_OWNERSHIP_AUDIT stream_id=20 state=WAIT_BUY buy_order_id=0 sell_order_id=0 chunk_id=0 chunk_qty=0.000000 buy_live=false sell_live=false chunk_live=false
[11:33:36.626] [ERROR] [EXEC] STREAM_STATE_MISMATCH reason=stream_inventory_qty_mismatch inventory_qty=0.000180 stream_chunks=0
[11:33:36.626] [INFO] [EXEC] STREAM_OWNERSHIP_SUMMARY streams_total=20 wait_buy=17 buy_placed=0 sell_active=3 exiting=0 recycle=0 chunks_total=1 stream_chunks=0 orphan_chunks=1 inventory_qty=0.000180 stream_inventory_qty=0.000000 orphan_inventory_qty=0.000180
[11:33:36.627] [ERROR] [EXEC] STREAM_OWNERSHIP_MISMATCH reason=qty_without_stream_chunks qty=0.000180
[11:33:36.627] [WARNING] [EXEC] SMART_EXIT_ORPHAN_INVENTORY qty=0.000180
[11:33:36.627] [ERROR] [EXEC] STREAM_OWNERSHIP_MISMATCH reason=qty_without_stream_chunks qty=0.000180
[11:33:36.628] [ERROR] [EXEC] SMART_EXIT_MAX_ATTEMPTS attempts=14 qty=0.000180
[11:33:37.357] [ERROR] [EXEC] STREAM_OWNERSHIP_MISMATCH reason=qty_without_stream_chunks qty=0.000180
[11:33:37.358] [WARNING] [EXEC] SMART_EXIT_ORPHAN_INVENTORY qty=0.000180
[11:33:37.359] [ERROR] [EXEC] STREAM_OWNERSHIP_MISMATCH reason=qty_without_stream_chunks qty=0.000180
[11:33:37.360] [ERROR] [EXEC] SMART_EXIT_MAX_ATTEMPTS attempts=15 qty=0.000180
[11:33:37.859] [ERROR] [EXEC] STREAM_OWNERSHIP_MISMATCH reason=qty_without_stream_chunks qty=0.000180
[11:33:37.860] [INFO] GUI_PERF tick_ms=0 logs_visible=False gui_log_mode=OFF append_skipped=1433
[11:33:37.861] [WARNING] [EXEC] SMART_EXIT_ORPHAN_INVENTORY qty=0.000180
[11:33:37.863] [ERROR] [EXEC] STREAM_OWNERSHIP_MISMATCH reason=qty_without_stream_chunks qty=0.000180
[11:33:37.865] [ERROR] [EXEC] SMART_EXIT_MAX_ATTEMPTS attempts=16 qty=0.000180
[11:33:38.356] [INFO] [EXEC] STREAM_OWNERSHIP_AUDIT stream_id=1 state=SELL_PLACED buy_order_id=0 sell_order_id=391906307 chunk_id=2497470692480 chunk_qty=0.000000 buy_live=false sell_live=true chunk_live=false
[11:33:38.357] [INFO] [EXEC] STREAM_OWNERSHIP_AUDIT stream_id=2 state=SELL_PLACED buy_order_id=0 sell_order_id=391905133 chunk_id=2497471402432 chunk_qty=0.000000 buy_live=false sell_live=true chunk_live=false
[11:33:38.357] [INFO] [EXEC] STREAM_OWNERSHIP_AUDIT stream_id=3 state=SELL_PLACED buy_order_id=0 sell_order_id=391907369 chunk_id=2497470677504 chunk_qty=0.000180 buy_live=false sell_live=true chunk_live=true
[11:33:38.357] [INFO] [EXEC] STREAM_OWNERSHIP_AUDIT stream_id=4 state=WAIT_BUY buy_order_id=0 sell_order_id=0 chunk_id=0 chunk_qty=0.000000 buy_live=false sell_live=false chunk_live=false
[11:33:38.358] [INFO] [EXEC] STREAM_OWNERSHIP_AUDIT stream_id=5 state=WAIT_BUY buy_order_id=0 sell_order_id=0 chunk_id=0 chunk_qty=0.000000 buy_live=false sell_live=false chunk_live=false
[11:33:38.358] [INFO] [EXEC] STREAM_OWNERSHIP_AUDIT stream_id=6 state=WAIT_BUY buy_order_id=0 sell_order_id=0 chunk_id=0 chunk_qty=0.000000 buy_live=false sell_live=false chunk_live=false
[11:33:38.358] [INFO] [EXEC] STREAM_OWNERSHIP_AUDIT stream_id=7 state=WAIT_BUY buy_order_id=0 sell_order_id=0 chunk_id=0 chunk_qty=0.000000 buy_live=false sell_live=false chunk_live=false
[11:33:38.358] [INFO] [EXEC] STREAM_OWNERSHIP_AUDIT stream_id=8 state=WAIT_BUY buy_order_id=0 sell_order_id=0 chunk_id=0 chunk_qty=0.000000 buy_live=false sell_live=false chunk_live=false
[11:33:38.359] [INFO] [EXEC] STREAM_OWNERSHIP_AUDIT stream_id=9 state=WAIT_BUY buy_order_id=0 sell_order_id=0 chunk_id=0 chunk_qty=0.000000 buy_live=false sell_live=false chunk_live=false
[11:33:38.359] [INFO] [EXEC] STREAM_OWNERSHIP_AUDIT stream_id=10 state=WAIT_BUY buy_order_id=0 sell_order_id=0 chunk_id=0 chunk_qty=0.000000 buy_live=false sell_live=false chunk_live=false
[11:33:38.359] [INFO] [EXEC] STREAM_OWNERSHIP_AUDIT stream_id=11 state=WAIT_BUY buy_order_id=0 sell_order_id=0 chunk_id=0 chunk_qty=0.000000 buy_live=false sell_live=false chunk_live=false
[11:33:38.359] [INFO] [EXEC] STREAM_OWNERSHIP_AUDIT stream_id=12 state=WAIT_BUY buy_order_id=0 sell_order_id=0 chunk_id=0 chunk_qty=0.000000 buy_live=false sell_live=false chunk_live=false
[11:33:38.360] [INFO] [EXEC] STREAM_OWNERSHIP_AUDIT stream_id=13 state=WAIT_BUY buy_order_id=0 sell_order_id=0 chunk_id=0 chunk_qty=0.000000 buy_live=false sell_live=false chunk_live=false
[11:33:38.360] [INFO] [EXEC] STREAM_OWNERSHIP_AUDIT stream_id=14 state=WAIT_BUY buy_order_id=0 sell_order_id=0 chunk_id=0 chunk_qty=0.000000 buy_live=false sell_live=false chunk_live=false
[11:33:38.360] [INFO] [EXEC] STREAM_OWNERSHIP_AUDIT stream_id=15 state=WAIT_BUY buy_order_id=0 sell_order_id=0 chunk_id=0 chunk_qty=0.000000 buy_live=false sell_live=false chunk_live=false
[11:33:38.360] [INFO] [EXEC] STREAM_OWNERSHIP_AUDIT stream_id=16 state=WAIT_BUY buy_order_id=0 sell_order_id=0 chunk_id=0 chunk_qty=0.000000 buy_live=false sell_live=false chunk_live=false
[11:33:38.361] [INFO] [EXEC] STREAM_OWNERSHIP_AUDIT stream_id=17 state=WAIT_BUY buy_order_id=0 sell_order_id=0 chunk_id=0 chunk_qty=0.000000 buy_live=false sell_live=false chunk_live=false
[11:33:38.361] [INFO] [EXEC] STREAM_OWNERSHIP_AUDIT stream_id=18 state=WAIT_BUY buy_order_id=0 sell_order_id=0 chunk_id=0 chunk_qty=0.000000 buy_live=false sell_live=false chunk_live=false
[11:33:38.361] [INFO] [EXEC] STREAM_OWNERSHIP_AUDIT stream_id=19 state=WAIT_BUY buy_order_id=0 sell_order_id=0 chunk_id=0 chunk_qty=0.000000 buy_live=false sell_live=false chunk_live=false
[11:33:38.362] [INFO] [EXEC] STREAM_OWNERSHIP_AUDIT stream_id=20 state=WAIT_BUY buy_order_id=0 sell_order_id=0 chunk_id=0 chunk_qty=0.000000 buy_live=false sell_live=false chunk_live=false
[11:33:38.362] [ERROR] [EXEC] STREAM_STATE_MISMATCH reason=stream_inventory_qty_mismatch inventory_qty=0.000180 stream_chunks=0
[11:33:38.362] [INFO] [EXEC] STREAM_OWNERSHIP_SUMMARY streams_total=20 wait_buy=17 buy_placed=0 sell_active=3 exiting=0 recycle=0 chunks_total=1 stream_chunks=0 orphan_chunks=1 inventory_qty=0.000180 stream_inventory_qty=0.000000 orphan_inventory_qty=0.000180
[11:33:38.363] [ERROR] [EXEC] STREAM_OWNERSHIP_MISMATCH reason=qty_without_stream_chunks qty=0.000180
[11:33:38.363] [WARNING] [EXEC] SMART_EXIT_ORPHAN_INVENTORY qty=0.000180
[11:33:38.363] [ERROR] [EXEC] STREAM_OWNERSHIP_MISMATCH reason=qty_without_stream_chunks qty=0.000180
[11:33:38.363] [ERROR] [EXEC] SMART_EXIT_MAX_ATTEMPTS attempts=17 qty=0.000180
[11:33:38.862] [ERROR] [EXEC] STREAM_OWNERSHIP_MISMATCH reason=qty_without_stream_chunks qty=0.000180
[11:33:38.863] [INFO] GUI_PERF tick_ms=0 logs_visible=False gui_log_mode=OFF append_skipped=1463
[11:33:38.864] [WARNING] [EXEC] SMART_EXIT_ORPHAN_INVENTORY qty=0.000180
[11:33:38.865] [ERROR] [EXEC] STREAM_OWNERSHIP_MISMATCH reason=qty_without_stream_chunks qty=0.000180
[11:33:38.866] [ERROR] [EXEC] SMART_EXIT_MAX_ATTEMPTS attempts=18 qty=0.000180
[11:33:39.367] [ERROR] [EXEC] STREAM_OWNERSHIP_MISMATCH reason=qty_without_stream_chunks qty=0.000180
[11:33:39.369] [WARNING] [EXEC] SMART_EXIT_ORPHAN_INVENTORY qty=0.000180
[11:33:39.370] [ERROR] [EXEC] STREAM_OWNERSHIP_MISMATCH reason=qty_without_stream_chunks qty=0.000180
[11:33:39.371] [ERROR] [EXEC] SMART_EXIT_MAX_ATTEMPTS attempts=19 qty=0.000180
[11:33:39.633] [INFO] [EXEC] STREAM_STATS_UI cycles=1 wins=1 losses=0 pnl=+0.000050 winrate=100.00%
[11:33:39.866] [INFO] [EXEC] STREAM_OWNERSHIP_AUDIT stream_id=1 state=SELL_PLACED buy_order_id=0 sell_order_id=391906307 chunk_id=2497470692480 chunk_qty=0.000000 buy_live=false sell_live=true chunk_live=false
[11:33:39.867] [INFO] GUI_PERF tick_ms=0 logs_visible=False gui_log_mode=OFF append_skipped=1472
[11:33:39.869] [INFO] [EXEC] STREAM_OWNERSHIP_AUDIT stream_id=2 state=SELL_PLACED buy_order_id=0 sell_order_id=391905133 chunk_id=2497471402432 chunk_qty=0.000000 buy_live=false sell_live=true chunk_live=false
[11:33:39.870] [INFO] [EXEC] STREAM_OWNERSHIP_AUDIT stream_id=3 state=SELL_PLACED buy_order_id=0 sell_order_id=391907369 chunk_id=2497470677504 chunk_qty=0.000180 buy_live=false sell_live=true chunk_live=true
[11:33:39.871] [INFO] [EXEC] STREAM_OWNERSHIP_AUDIT stream_id=4 state=WAIT_BUY buy_order_id=0 sell_order_id=0 chunk_id=0 chunk_qty=0.000000 buy_live=false sell_live=false chunk_live=false
[11:33:39.872] [INFO] [EXEC] STREAM_OWNERSHIP_AUDIT stream_id=5 state=WAIT_BUY buy_order_id=0 sell_order_id=0 chunk_id=0 chunk_qty=0.000000 buy_live=false sell_live=false chunk_live=false
[11:33:39.872] [INFO] [EXEC] STREAM_OWNERSHIP_AUDIT stream_id=6 state=WAIT_BUY buy_order_id=0 sell_order_id=0 chunk_id=0 chunk_qty=0.000000 buy_live=false sell_live=false chunk_live=false
[11:33:39.873] [INFO] [EXEC] STREAM_OWNERSHIP_AUDIT stream_id=7 state=WAIT_BUY buy_order_id=0 sell_order_id=0 chunk_id=0 chunk_qty=0.000000 buy_live=false sell_live=false chunk_live=false
[11:33:39.873] [INFO] [EXEC] STREAM_OWNERSHIP_AUDIT stream_id=8 state=WAIT_BUY buy_order_id=0 sell_order_id=0 chunk_id=0 chunk_qty=0.000000 buy_live=false sell_live=false chunk_live=false
[11:33:39.874] [INFO] [EXEC] STREAM_OWNERSHIP_AUDIT stream_id=9 state=WAIT_BUY buy_order_id=0 sell_order_id=0 chunk_id=0 chunk_qty=0.000000 buy_live=false sell_live=false chunk_live=false
[11:33:39.874] [INFO] [EXEC] STREAM_OWNERSHIP_AUDIT stream_id=10 state=WAIT_BUY buy_order_id=0 sell_order_id=0 chunk_id=0 chunk_qty=0.000000 buy_live=false sell_live=false chunk_live=false
[11:33:39.875] [INFO] [EXEC] STREAM_OWNERSHIP_AUDIT stream_id=11 state=WAIT_BUY buy_order_id=0 sell_order_id=0 chunk_id=0 chunk_qty=0.000000 buy_live=false sell_live=false chunk_live=false
[11:33:39.876] [INFO] [EXEC] STREAM_OWNERSHIP_AUDIT stream_id=12 state=WAIT_BUY buy_order_id=0 sell_order_id=0 chunk_id=0 chunk_qty=0.000000 buy_live=false sell_live=false chunk_live=false
[11:33:39.877] [INFO] [EXEC] STREAM_OWNERSHIP_AUDIT stream_id=13 state=WAIT_BUY buy_order_id=0 sell_order_id=0 chunk_id=0 chunk_qty=0.000000 buy_live=false sell_live=false chunk_live=false
[11:33:39.877] [INFO] [EXEC] STREAM_OWNERSHIP_AUDIT stream_id=14 state=WAIT_BUY buy_order_id=0 sell_order_id=0 chunk_id=0 chunk_qty=0.000000 buy_live=false sell_live=false chunk_live=false
[11:33:39.878] [INFO] [EXEC] STREAM_OWNERSHIP_AUDIT stream_id=15 state=WAIT_BUY buy_order_id=0 sell_order_id=0 chunk_id=0 chunk_qty=0.000000 buy_live=false sell_live=false chunk_live=false
[11:33:39.878] [INFO] [EXEC] STREAM_OWNERSHIP_AUDIT stream_id=16 state=WAIT_BUY buy_order_id=0 sell_order_id=0 chunk_id=0 chunk_qty=0.000000 buy_live=false sell_live=false chunk_live=false
[11:33:39.878] [INFO] [EXEC] STREAM_OWNERSHIP_AUDIT stream_id=17 state=WAIT_BUY buy_order_id=0 sell_order_id=0 chunk_id=0 chunk_qty=0.000000 buy_live=false sell_live=false chunk_live=false
[11:33:39.879] [INFO] [EXEC] STREAM_OWNERSHIP_AUDIT stream_id=18 state=WAIT_BUY buy_order_id=0 sell_order_id=0 chunk_id=0 chunk_qty=0.000000 buy_live=false sell_live=false chunk_live=false
[11:33:39.879] [INFO] [EXEC] STREAM_OWNERSHIP_AUDIT stream_id=19 state=WAIT_BUY buy_order_id=0 sell_order_id=0 chunk_id=0 chunk_qty=0.000000 buy_live=false sell_live=false chunk_live=false
[11:33:39.879] [INFO] [EXEC] STREAM_OWNERSHIP_AUDIT stream_id=20 state=WAIT_BUY buy_order_id=0 sell_order_id=0 chunk_id=0 chunk_qty=0.000000 buy_live=false sell_live=false chunk_live=false
[11:33:39.879] [ERROR] [EXEC] STREAM_STATE_MISMATCH reason=stream_inventory_qty_mismatch inventory_qty=0.000180 stream_chunks=0
[11:33:39.880] [INFO] [EXEC] STREAM_OWNERSHIP_SUMMARY streams_total=20 wait_buy=17 buy_placed=0 sell_active=3 exiting=0 recycle=0 chunks_total=1 stream_chunks=0 orphan_chunks=1 inventory_qty=0.000180 stream_inventory_qty=0.000000 orphan_inventory_qty=0.000180
[11:33:39.880] [ERROR] [EXEC] STREAM_OWNERSHIP_MISMATCH reason=qty_without_stream_chunks qty=0.000180
[11:33:39.881] [WARNING] [EXEC] SMART_EXIT_ORPHAN_INVENTORY qty=0.000180
[11:33:39.881] [ERROR] [EXEC] STREAM_OWNERSHIP_MISMATCH reason=qty_without_stream_chunks qty=0.000180
[11:33:39.881] [ERROR] [EXEC] SMART_EXIT_MAX_ATTEMPTS attempts=20 qty=0.000180
[11:33:40.381] [ERROR] [EXEC] STREAM_OWNERSHIP_MISMATCH reason=qty_without_stream_chunks qty=0.000180
[11:33:40.382] [WARNING] [EXEC] SMART_EXIT_ORPHAN_INVENTORY qty=0.000180
[11:33:40.383] [ERROR] [EXEC] STREAM_OWNERSHIP_MISMATCH reason=qty_without_stream_chunks qty=0.000180
[11:33:40.384] [ERROR] [EXEC] SMART_EXIT_MAX_ATTEMPTS attempts=21 qty=0.000180
[11:33:40.878] [ERROR] [EXEC] STREAM_OWNERSHIP_MISMATCH reason=qty_without_stream_chunks qty=0.000180
[11:33:40.878] [INFO] GUI_PERF tick_ms=0 logs_visible=False gui_log_mode=OFF append_skipped=1502
[11:33:40.879] [WARNING] [EXEC] SMART_EXIT_ORPHAN_INVENTORY qty=0.000180
[11:33:40.879] [ERROR] [EXEC] STREAM_OWNERSHIP_MISMATCH reason=qty_without_stream_chunks qty=0.000180
[11:33:40.880] [ERROR] [EXEC] SMART_EXIT_MAX_ATTEMPTS attempts=22 qty=0.000180
[11:33:41.376] [INFO] [EXEC] STREAM_OWNERSHIP_AUDIT stream_id=1 state=SELL_PLACED buy_order_id=0 sell_order_id=391906307 chunk_id=2497470692480 chunk_qty=0.000000 buy_live=false sell_live=true chunk_live=false
[11:33:41.377] [INFO] [EXEC] STREAM_OWNERSHIP_AUDIT stream_id=2 state=SELL_PLACED buy_order_id=0 sell_order_id=391905133 chunk_id=2497471402432 chunk_qty=0.000000 buy_live=false sell_live=true chunk_live=false
[11:33:41.378] [INFO] [EXEC] STREAM_OWNERSHIP_AUDIT stream_id=3 state=SELL_PLACED buy_order_id=0 sell_order_id=391907369 chunk_id=2497470677504 chunk_qty=0.000180 buy_live=false sell_live=true chunk_live=true
[11:33:41.379] [INFO] [EXEC] STREAM_OWNERSHIP_AUDIT stream_id=4 state=WAIT_BUY buy_order_id=0 sell_order_id=0 chunk_id=0 chunk_qty=0.000000 buy_live=false sell_live=false chunk_live=false
[11:33:41.380] [INFO] [EXEC] STREAM_OWNERSHIP_AUDIT stream_id=5 state=WAIT_BUY buy_order_id=0 sell_order_id=0 chunk_id=0 chunk_qty=0.000000 buy_live=false sell_live=false chunk_live=false
[11:33:41.381] [INFO] [EXEC] STREAM_OWNERSHIP_AUDIT stream_id=6 state=WAIT_BUY buy_order_id=0 sell_order_id=0 chunk_id=0 chunk_qty=0.000000 buy_live=false sell_live=false chunk_live=false
[11:33:41.382] [INFO] [EXEC] STREAM_OWNERSHIP_AUDIT stream_id=7 state=WAIT_BUY buy_order_id=0 sell_order_id=0 chunk_id=0 chunk_qty=0.000000 buy_live=false sell_live=false chunk_live=false
[11:33:41.383] [INFO] [EXEC] STREAM_OWNERSHIP_AUDIT stream_id=8 state=WAIT_BUY buy_order_id=0 sell_order_id=0 chunk_id=0 chunk_qty=0.000000 buy_live=false sell_live=false chunk_live=false
[11:33:41.384] [INFO] [EXEC] STREAM_OWNERSHIP_AUDIT stream_id=9 state=WAIT_BUY buy_order_id=0 sell_order_id=0 chunk_id=0 chunk_qty=0.000000 buy_live=false sell_live=false chunk_live=false
[11:33:41.385] [INFO] [EXEC] STREAM_OWNERSHIP_AUDIT stream_id=10 state=WAIT_BUY buy_order_id=0 sell_order_id=0 chunk_id=0 chunk_qty=0.000000 buy_live=false sell_live=false chunk_live=false
[11:33:41.386] [INFO] [EXEC] STREAM_OWNERSHIP_AUDIT stream_id=11 state=WAIT_BUY buy_order_id=0 sell_order_id=0 chunk_id=0 chunk_qty=0.000000 buy_live=false sell_live=false chunk_live=false
[11:33:41.386] [INFO] [EXEC] STREAM_OWNERSHIP_AUDIT stream_id=12 state=WAIT_BUY buy_order_id=0 sell_order_id=0 chunk_id=0 chunk_qty=0.000000 buy_live=false sell_live=false chunk_live=false
[11:33:41.387] [INFO] [EXEC] STREAM_OWNERSHIP_AUDIT stream_id=13 state=WAIT_BUY buy_order_id=0 sell_order_id=0 chunk_id=0 chunk_qty=0.000000 buy_live=false sell_live=false chunk_live=false
[11:33:41.388] [INFO] [EXEC] STREAM_OWNERSHIP_AUDIT stream_id=14 state=WAIT_BUY buy_order_id=0 sell_order_id=0 chunk_id=0 chunk_qty=0.000000 buy_live=false sell_live=false chunk_live=false
[11:33:41.389] [INFO] [EXEC] STREAM_OWNERSHIP_AUDIT stream_id=15 state=WAIT_BUY buy_order_id=0 sell_order_id=0 chunk_id=0 chunk_qty=0.000000 buy_live=false sell_live=false chunk_live=false
[11:33:41.389] [INFO] [EXEC] STREAM_OWNERSHIP_AUDIT stream_id=16 state=WAIT_BUY buy_order_id=0 sell_order_id=0 chunk_id=0 chunk_qty=0.000000 buy_live=false sell_live=false chunk_live=false
[11:33:41.390] [INFO] [EXEC] STREAM_OWNERSHIP_AUDIT stream_id=17 state=WAIT_BUY buy_order_id=0 sell_order_id=0 chunk_id=0 chunk_qty=0.000000 buy_live=false sell_live=false chunk_live=false
[11:33:41.391] [INFO] [EXEC] STREAM_OWNERSHIP_AUDIT stream_id=18 state=WAIT_BUY buy_order_id=0 sell_order_id=0 chunk_id=0 chunk_qty=0.000000 buy_live=false sell_live=false chunk_live=false
[11:33:41.391] [INFO] [EXEC] STREAM_OWNERSHIP_AUDIT stream_id=19 state=WAIT_BUY buy_order_id=0 sell_order_id=0 chunk_id=0 chunk_qty=0.000000 buy_live=false sell_live=false chunk_live=false
[11:33:41.392] [INFO] [EXEC] STREAM_OWNERSHIP_AUDIT stream_id=20 state=WAIT_BUY buy_order_id=0 sell_order_id=0 chunk_id=0 chunk_qty=0.000000 buy_live=false sell_live=false chunk_live=false
[11:33:41.392] [ERROR] [EXEC] STREAM_STATE_MISMATCH reason=stream_inventory_qty_mismatch inventory_qty=0.000180 stream_chunks=0
[11:33:41.393] [INFO] [EXEC] STREAM_OWNERSHIP_SUMMARY streams_total=20 wait_buy=17 buy_placed=0 sell_active=3 exiting=0 recycle=0 chunks_total=1 stream_chunks=0 orphan_chunks=1 inventory_qty=0.000180 stream_inventory_qty=0.000000 orphan_inventory_qty=0.000180
[11:33:41.393] [ERROR] [EXEC] STREAM_OWNERSHIP_MISMATCH reason=qty_without_stream_chunks qty=0.000180
[11:33:41.394] [WARNING] [EXEC] SMART_EXIT_ORPHAN_INVENTORY qty=0.000180
[11:33:41.394] [ERROR] [EXEC] STREAM_OWNERSHIP_MISMATCH reason=qty_without_stream_chunks qty=0.000180
[11:33:41.395] [ERROR] [EXEC] SMART_EXIT_MAX_ATTEMPTS attempts=23 qty=0.000180
[11:33:42.374] [ERROR] [EXEC] STREAM_OWNERSHIP_MISMATCH reason=qty_without_stream_chunks qty=0.000180
[11:33:42.375] [INFO] GUI_PERF tick_ms=0 logs_visible=False gui_log_mode=OFF append_skipped=1532
[11:33:42.376] [WARNING] [EXEC] SMART_EXIT_ORPHAN_INVENTORY qty=0.000180
[11:33:42.377] [ERROR] [EXEC] STREAM_OWNERSHIP_MISMATCH reason=qty_without_stream_chunks qty=0.000180
[11:33:42.378] [ERROR] [EXEC] SMART_EXIT_MAX_ATTEMPTS attempts=24 qty=0.000180
[11:33:43.104] [INFO] [EXEC] STREAM_OWNERSHIP_AUDIT stream_id=1 state=SELL_PLACED buy_order_id=0 sell_order_id=391906307 chunk_id=2497470692480 chunk_qty=0.000000 buy_live=false sell_live=true chunk_live=false
[11:33:43.105] [INFO] [EXEC] STREAM_OWNERSHIP_AUDIT stream_id=2 state=SELL_PLACED buy_order_id=0 sell_order_id=391905133 chunk_id=2497471402432 chunk_qty=0.000000 buy_live=false sell_live=true chunk_live=false
[11:33:43.106] [INFO] [EXEC] STREAM_OWNERSHIP_AUDIT stream_id=3 state=SELL_PLACED buy_order_id=0 sell_order_id=391907369 chunk_id=2497470677504 chunk_qty=0.000180 buy_live=false sell_live=true chunk_live=true
[11:33:43.106] [INFO] [EXEC] STREAM_OWNERSHIP_AUDIT stream_id=4 state=WAIT_BUY buy_order_id=0 sell_order_id=0 chunk_id=0 chunk_qty=0.000000 buy_live=false sell_live=false chunk_live=false
[11:33:43.107] [INFO] [EXEC] STREAM_OWNERSHIP_AUDIT stream_id=5 state=WAIT_BUY buy_order_id=0 sell_order_id=0 chunk_id=0 chunk_qty=0.000000 buy_live=false sell_live=false chunk_live=false
[11:33:43.108] [INFO] [EXEC] STREAM_OWNERSHIP_AUDIT stream_id=6 state=WAIT_BUY buy_order_id=0 sell_order_id=0 chunk_id=0 chunk_qty=0.000000 buy_live=false sell_live=false chunk_live=false
[11:33:43.108] [INFO] [EXEC] STREAM_OWNERSHIP_AUDIT stream_id=7 state=WAIT_BUY buy_order_id=0 sell_order_id=0 chunk_id=0 chunk_qty=0.000000 buy_live=false sell_live=false chunk_live=false
[11:33:43.109] [INFO] [EXEC] STREAM_OWNERSHIP_AUDIT stream_id=8 state=WAIT_BUY buy_order_id=0 sell_order_id=0 chunk_id=0 chunk_qty=0.000000 buy_live=false sell_live=false chunk_live=false
[11:33:43.110] [INFO] [EXEC] STREAM_OWNERSHIP_AUDIT stream_id=9 state=WAIT_BUY buy_order_id=0 sell_order_id=0 chunk_id=0 chunk_qty=0.000000 buy_live=false sell_live=false chunk_live=false
[11:33:43.111] [INFO] [EXEC] STREAM_OWNERSHIP_AUDIT stream_id=10 state=WAIT_BUY buy_order_id=0 sell_order_id=0 chunk_id=0 chunk_qty=0.000000 buy_live=false sell_live=false chunk_live=false
[11:33:43.111] [INFO] [EXEC] STREAM_OWNERSHIP_AUDIT stream_id=11 state=WAIT_BUY buy_order_id=0 sell_order_id=0 chunk_id=0 chunk_qty=0.000000 buy_live=false sell_live=false chunk_live=false
[11:33:43.112] [INFO] [EXEC] STREAM_OWNERSHIP_AUDIT stream_id=12 state=WAIT_BUY buy_order_id=0 sell_order_id=0 chunk_id=0 chunk_qty=0.000000 buy_live=false sell_live=false chunk_live=false
[11:33:43.112] [INFO] [EXEC] STREAM_OWNERSHIP_AUDIT stream_id=13 state=WAIT_BUY buy_order_id=0 sell_order_id=0 chunk_id=0 chunk_qty=0.000000 buy_live=false sell_live=false chunk_live=false
[11:33:43.112] [INFO] [EXEC] STREAM_OWNERSHIP_AUDIT stream_id=14 state=WAIT_BUY buy_order_id=0 sell_order_id=0 chunk_id=0 chunk_qty=0.000000 buy_live=false sell_live=false chunk_live=false
[11:33:43.113] [INFO] [EXEC] STREAM_OWNERSHIP_AUDIT stream_id=15 state=WAIT_BUY buy_order_id=0 sell_order_id=0 chunk_id=0 chunk_qty=0.000000 buy_live=false sell_live=false chunk_live=false
[11:33:43.113] [INFO] [EXEC] STREAM_OWNERSHIP_AUDIT stream_id=16 state=WAIT_BUY buy_order_id=0 sell_order_id=0 chunk_id=0 chunk_qty=0.000000 buy_live=false sell_live=false chunk_live=false
[11:33:43.113] [INFO] [EXEC] STREAM_OWNERSHIP_AUDIT stream_id=17 state=WAIT_BUY buy_order_id=0 sell_order_id=0 chunk_id=0 chunk_qty=0.000000 buy_live=false sell_live=false chunk_live=false
[11:33:43.114] [INFO] [EXEC] STREAM_OWNERSHIP_AUDIT stream_id=18 state=WAIT_BUY buy_order_id=0 sell_order_id=0 chunk_id=0 chunk_qty=0.000000 buy_live=false sell_live=false chunk_live=false
[11:33:43.114] [INFO] [EXEC] STREAM_OWNERSHIP_AUDIT stream_id=19 state=WAIT_BUY buy_order_id=0 sell_order_id=0 chunk_id=0 chunk_qty=0.000000 buy_live=false sell_live=false chunk_live=false
[11:33:43.114] [INFO] [EXEC] STREAM_OWNERSHIP_AUDIT stream_id=20 state=WAIT_BUY buy_order_id=0 sell_order_id=0 chunk_id=0 chunk_qty=0.000000 buy_live=false sell_live=false chunk_live=false
[11:33:43.115] [ERROR] [EXEC] STREAM_STATE_MISMATCH reason=stream_inventory_qty_mismatch inventory_qty=0.000180 stream_chunks=0
[11:33:43.115] [INFO] [EXEC] STREAM_OWNERSHIP_SUMMARY streams_total=20 wait_buy=17 buy_placed=0 sell_active=3 exiting=0 recycle=0 chunks_total=1 stream_chunks=0 orphan_chunks=1 inventory_qty=0.000180 stream_inventory_qty=0.000000 orphan_inventory_qty=0.000180
[11:33:43.115] [ERROR] [EXEC] STREAM_OWNERSHIP_MISMATCH reason=qty_without_stream_chunks qty=0.000180
[11:33:43.116] [WARNING] [EXEC] SMART_EXIT_ORPHAN_INVENTORY qty=0.000180
[11:33:43.116] [ERROR] [EXEC] STREAM_OWNERSHIP_MISMATCH reason=qty_without_stream_chunks qty=0.000180
[11:33:43.116] [ERROR] [EXEC] SMART_EXIT_MAX_ATTEMPTS attempts=25 qty=0.000180
[11:33:43.391] [ERROR] [EXEC] STREAM_OWNERSHIP_MISMATCH reason=qty_without_stream_chunks qty=0.000180
[11:33:43.392] [INFO] GUI_PERF tick_ms=0 logs_visible=False gui_log_mode=OFF append_skipped=1562
[11:33:43.392] [WARNING] [EXEC] SMART_EXIT_ORPHAN_INVENTORY qty=0.000180
[11:33:43.393] [ERROR] [EXEC] STREAM_OWNERSHIP_MISMATCH reason=qty_without_stream_chunks qty=0.000180
[11:33:43.393] [ERROR] [EXEC] SMART_EXIT_MAX_ATTEMPTS attempts=26 qty=0.000180
[11:33:43.896] [ERROR] [EXEC] STREAM_OWNERSHIP_MISMATCH reason=qty_without_stream_chunks qty=0.000180
[11:33:43.897] [WARNING] [EXEC] SMART_EXIT_ORPHAN_INVENTORY qty=0.000180
[11:33:43.897] [ERROR] [EXEC] STREAM_OWNERSHIP_MISMATCH reason=qty_without_stream_chunks qty=0.000180
[11:33:43.897] [ERROR] [EXEC] SMART_EXIT_MAX_ATTEMPTS attempts=27 qty=0.000180
[11:33:44.396] [ERROR] [EXEC] STREAM_OWNERSHIP_MISMATCH reason=qty_without_stream_chunks qty=0.000180
[11:33:44.398] [INFO] GUI_PERF tick_ms=0 logs_visible=False gui_log_mode=OFF append_skipped=1570
[11:33:44.399] [WARNING] [EXEC] SMART_EXIT_ORPHAN_INVENTORY qty=0.000180
[11:33:44.400] [ERROR] [EXEC] STREAM_OWNERSHIP_MISMATCH reason=qty_without_stream_chunks qty=0.000180
[11:33:44.401] [ERROR] [EXEC] SMART_EXIT_MAX_ATTEMPTS attempts=28 qty=0.000180
[11:33:44.665] [INFO] [EXEC] STREAM_STATS_UI cycles=1 wins=1 losses=0 pnl=+0.000050 winrate=100.00%
[11:33:44.904] [INFO] [EXEC] STREAM_OWNERSHIP_AUDIT stream_id=1 state=SELL_PLACED buy_order_id=0 sell_order_id=391906307 chunk_id=2497470692480 chunk_qty=0.000000 buy_live=false sell_live=true chunk_live=false
[11:33:44.904] [INFO] [EXEC] STREAM_OWNERSHIP_AUDIT stream_id=2 state=SELL_PLACED buy_order_id=0 sell_order_id=391905133 chunk_id=2497471402432 chunk_qty=0.000000 buy_live=false sell_live=true chunk_live=false
[11:33:44.905] [INFO] [EXEC] STREAM_OWNERSHIP_AUDIT stream_id=3 state=SELL_PLACED buy_order_id=0 sell_order_id=391907369 chunk_id=2497470677504 chunk_qty=0.000180 buy_live=false sell_live=true chunk_live=true
[11:33:44.905] [INFO] [EXEC] STREAM_OWNERSHIP_AUDIT stream_id=4 state=WAIT_BUY buy_order_id=0 sell_order_id=0 chunk_id=0 chunk_qty=0.000000 buy_live=false sell_live=false chunk_live=false
[11:33:44.905] [INFO] [EXEC] STREAM_OWNERSHIP_AUDIT stream_id=5 state=WAIT_BUY buy_order_id=0 sell_order_id=0 chunk_id=0 chunk_qty=0.000000 buy_live=false sell_live=false chunk_live=false
[11:33:44.905] [INFO] [EXEC] STREAM_OWNERSHIP_AUDIT stream_id=6 state=WAIT_BUY buy_order_id=0 sell_order_id=0 chunk_id=0 chunk_qty=0.000000 buy_live=false sell_live=false chunk_live=false
[11:33:44.906] [INFO] [EXEC] STREAM_OWNERSHIP_AUDIT stream_id=7 state=WAIT_BUY buy_order_id=0 sell_order_id=0 chunk_id=0 chunk_qty=0.000000 buy_live=false sell_live=false chunk_live=false
[11:33:44.906] [INFO] [EXEC] STREAM_OWNERSHIP_AUDIT stream_id=8 state=WAIT_BUY buy_order_id=0 sell_order_id=0 chunk_id=0 chunk_qty=0.000000 buy_live=false sell_live=false chunk_live=false
[11:33:44.906] [INFO] [EXEC] STREAM_OWNERSHIP_AUDIT stream_id=9 state=WAIT_BUY buy_order_id=0 sell_order_id=0 chunk_id=0 chunk_qty=0.000000 buy_live=false sell_live=false chunk_live=false
[11:33:44.906] [INFO] [EXEC] STREAM_OWNERSHIP_AUDIT stream_id=10 state=WAIT_BUY buy_order_id=0 sell_order_id=0 chunk_id=0 chunk_qty=0.000000 buy_live=false sell_live=false chunk_live=false
[11:33:44.907] [INFO] [EXEC] STREAM_OWNERSHIP_AUDIT stream_id=11 state=WAIT_BUY buy_order_id=0 sell_order_id=0 chunk_id=0 chunk_qty=0.000000 buy_live=false sell_live=false chunk_live=false
[11:33:44.907] [INFO] [EXEC] STREAM_OWNERSHIP_AUDIT stream_id=12 state=WAIT_BUY buy_order_id=0 sell_order_id=0 chunk_id=0 chunk_qty=0.000000 buy_live=false sell_live=false chunk_live=false
[11:33:44.907] [INFO] [EXEC] STREAM_OWNERSHIP_AUDIT stream_id=13 state=WAIT_BUY buy_order_id=0 sell_order_id=0 chunk_id=0 chunk_qty=0.000000 buy_live=false sell_live=false chunk_live=false
[11:33:44.907] [INFO] [EXEC] STREAM_OWNERSHIP_AUDIT stream_id=14 state=WAIT_BUY buy_order_id=0 sell_order_id=0 chunk_id=0 chunk_qty=0.000000 buy_live=false sell_live=false chunk_live=false
[11:33:44.908] [INFO] [EXEC] STREAM_OWNERSHIP_AUDIT stream_id=15 state=WAIT_BUY buy_order_id=0 sell_order_id=0 chunk_id=0 chunk_qty=0.000000 buy_live=false sell_live=false chunk_live=false
[11:33:44.908] [INFO] [EXEC] STREAM_OWNERSHIP_AUDIT stream_id=16 state=WAIT_BUY buy_order_id=0 sell_order_id=0 chunk_id=0 chunk_qty=0.000000 buy_live=false sell_live=false chunk_live=false
[11:33:44.908] [INFO] [EXEC] STREAM_OWNERSHIP_AUDIT stream_id=17 state=WAIT_BUY buy_order_id=0 sell_order_id=0 chunk_id=0 chunk_qty=0.000000 buy_live=false sell_live=false chunk_live=false
[11:33:44.908] [INFO] [EXEC] STREAM_OWNERSHIP_AUDIT stream_id=18 state=WAIT_BUY buy_order_id=0 sell_order_id=0 chunk_id=0 chunk_qty=0.000000 buy_live=false sell_live=false chunk_live=false
[11:33:44.909] [INFO] [EXEC] STREAM_OWNERSHIP_AUDIT stream_id=19 state=WAIT_BUY buy_order_id=0 sell_order_id=0 chunk_id=0 chunk_qty=0.000000 buy_live=false sell_live=false chunk_live=false
[11:33:44.909] [INFO] [EXEC] STREAM_OWNERSHIP_AUDIT stream_id=20 state=WAIT_BUY buy_order_id=0 sell_order_id=0 chunk_id=0 chunk_qty=0.000000 buy_live=false sell_live=false chunk_live=false
[11:33:44.909] [ERROR] [EXEC] STREAM_STATE_MISMATCH reason=stream_inventory_qty_mismatch inventory_qty=0.000180 stream_chunks=0
[11:33:44.910] [INFO] [EXEC] STREAM_OWNERSHIP_SUMMARY streams_total=20 wait_buy=17 buy_placed=0 sell_active=3 exiting=0 recycle=0 chunks_total=1 stream_chunks=0 orphan_chunks=1 inventory_qty=0.000180 stream_inventory_qty=0.000000 orphan_inventory_qty=0.000180
[11:33:44.910] [ERROR] [EXEC] STREAM_OWNERSHIP_MISMATCH reason=qty_without_stream_chunks qty=0.000180
[11:33:44.910] [WARNING] [EXEC] SMART_EXIT_ORPHAN_INVENTORY qty=0.000180
[11:33:44.911] [ERROR] [EXEC] STREAM_OWNERSHIP_MISMATCH reason=qty_without_stream_chunks qty=0.000180
[11:33:44.911] [ERROR] [EXEC] SMART_EXIT_MAX_ATTEMPTS attempts=29 qty=0.000180
[11:33:45.402] [ERROR] [EXEC] STREAM_OWNERSHIP_MISMATCH reason=qty_without_stream_chunks qty=0.000180
[11:33:45.404] [INFO] GUI_PERF tick_ms=0 logs_visible=False gui_log_mode=OFF append_skipped=1601
[11:33:45.405] [WARNING] [EXEC] SMART_EXIT_ORPHAN_INVENTORY qty=0.000180
[11:33:45.406] [ERROR] [EXEC] STREAM_OWNERSHIP_MISMATCH reason=qty_without_stream_chunks qty=0.000180
[11:33:45.406] [ERROR] [EXEC] SMART_EXIT_MAX_ATTEMPTS attempts=30 qty=0.000180
[11:33:45.900] [ERROR] [EXEC] STREAM_OWNERSHIP_MISMATCH reason=qty_without_stream_chunks qty=0.000180
[11:33:45.901] [WARNING] [EXEC] SMART_EXIT_ORPHAN_INVENTORY qty=0.000180
[11:33:45.901] [ERROR] [EXEC] STREAM_OWNERSHIP_MISMATCH reason=qty_without_stream_chunks qty=0.000180
[11:33:45.901] [ERROR] [EXEC] SMART_EXIT_MAX_ATTEMPTS attempts=31 qty=0.000180
[11:33:46.165] [ERROR] [EXEC] STREAM_OWNERSHIP_MISMATCH reason=qty_without_stream_chunks qty=0.000180
[11:33:46.166] [WARNING] [EXEC] SMART_EXIT_ORPHAN_INVENTORY qty=0.000180
[11:33:46.167] [ERROR] [EXEC] STREAM_OWNERSHIP_MISMATCH reason=qty_without_stream_chunks qty=0.000180
[11:33:46.167] [ERROR] [EXEC] SMART_EXIT_MAX_ATTEMPTS attempts=32 qty=0.000180
[11:33:46.658] [INFO] [EXEC] STREAM_OWNERSHIP_AUDIT stream_id=1 state=SELL_PLACED buy_order_id=0 sell_order_id=391906307 chunk_id=2497470692480 chunk_qty=0.000000 buy_live=false sell_live=true chunk_live=false
[11:33:46.659] [INFO] GUI_PERF tick_ms=0 logs_visible=False gui_log_mode=OFF append_skipped=1613
[11:33:46.660] [INFO] [EXEC] STREAM_OWNERSHIP_AUDIT stream_id=2 state=SELL_PLACED buy_order_id=0 sell_order_id=391905133 chunk_id=2497471402432 chunk_qty=0.000000 buy_live=false sell_live=true chunk_live=false
[11:33:46.661] [INFO] [EXEC] STREAM_OWNERSHIP_AUDIT stream_id=3 state=SELL_PLACED buy_order_id=0 sell_order_id=391907369 chunk_id=2497470677504 chunk_qty=0.000180 buy_live=false sell_live=true chunk_live=true
[11:33:46.661] [INFO] [EXEC] STREAM_OWNERSHIP_AUDIT stream_id=4 state=WAIT_BUY buy_order_id=0 sell_order_id=0 chunk_id=0 chunk_qty=0.000000 buy_live=false sell_live=false chunk_live=false
[11:33:46.662] [INFO] [EXEC] STREAM_OWNERSHIP_AUDIT stream_id=5 state=WAIT_BUY buy_order_id=0 sell_order_id=0 chunk_id=0 chunk_qty=0.000000 buy_live=false sell_live=false chunk_live=false
[11:33:46.663] [INFO] [EXEC] STREAM_OWNERSHIP_AUDIT stream_id=6 state=WAIT_BUY buy_order_id=0 sell_order_id=0 chunk_id=0 chunk_qty=0.000000 buy_live=false sell_live=false chunk_live=false
[11:33:46.663] [INFO] [EXEC] STREAM_OWNERSHIP_AUDIT stream_id=7 state=WAIT_BUY buy_order_id=0 sell_order_id=0 chunk_id=0 chunk_qty=0.000000 buy_live=false sell_live=false chunk_live=false
[11:33:46.664] [INFO] [EXEC] STREAM_OWNERSHIP_AUDIT stream_id=8 state=WAIT_BUY buy_order_id=0 sell_order_id=0 chunk_id=0 chunk_qty=0.000000 buy_live=false sell_live=false chunk_live=false
[11:33:46.665] [INFO] [EXEC] STREAM_OWNERSHIP_AUDIT stream_id=9 state=WAIT_BUY buy_order_id=0 sell_order_id=0 chunk_id=0 chunk_qty=0.000000 buy_live=false sell_live=false chunk_live=false
[11:33:46.665] [INFO] [EXEC] STREAM_OWNERSHIP_AUDIT stream_id=10 state=WAIT_BUY buy_order_id=0 sell_order_id=0 chunk_id=0 chunk_qty=0.000000 buy_live=false sell_live=false chunk_live=false
[11:33:46.666] [INFO] [EXEC] STREAM_OWNERSHIP_AUDIT stream_id=11 state=WAIT_BUY buy_order_id=0 sell_order_id=0 chunk_id=0 chunk_qty=0.000000 buy_live=false sell_live=false chunk_live=false
[11:33:46.667] [INFO] [EXEC] STREAM_OWNERSHIP_AUDIT stream_id=12 state=WAIT_BUY buy_order_id=0 sell_order_id=0 chunk_id=0 chunk_qty=0.000000 buy_live=false sell_live=false chunk_live=false
[11:33:46.667] [INFO] [EXEC] STREAM_OWNERSHIP_AUDIT stream_id=13 state=WAIT_BUY buy_order_id=0 sell_order_id=0 chunk_id=0 chunk_qty=0.000000 buy_live=false sell_live=false chunk_live=false
[11:33:46.667] [INFO] [EXEC] STREAM_OWNERSHIP_AUDIT stream_id=14 state=WAIT_BUY buy_order_id=0 sell_order_id=0 chunk_id=0 chunk_qty=0.000000 buy_live=false sell_live=false chunk_live=false
[11:33:46.668] [INFO] [EXEC] STREAM_OWNERSHIP_AUDIT stream_id=15 state=WAIT_BUY buy_order_id=0 sell_order_id=0 chunk_id=0 chunk_qty=0.000000 buy_live=false sell_live=false chunk_live=false
[11:33:46.668] [INFO] [EXEC] STREAM_OWNERSHIP_AUDIT stream_id=16 state=WAIT_BUY buy_order_id=0 sell_order_id=0 chunk_id=0 chunk_qty=0.000000 buy_live=false sell_live=false chunk_live=false
[11:33:46.669] [INFO] [EXEC] STREAM_OWNERSHIP_AUDIT stream_id=17 state=WAIT_BUY buy_order_id=0 sell_order_id=0 chunk_id=0 chunk_qty=0.000000 buy_live=false sell_live=false chunk_live=false
[11:33:46.669] [INFO] [EXEC] STREAM_OWNERSHIP_AUDIT stream_id=18 state=WAIT_BUY buy_order_id=0 sell_order_id=0 chunk_id=0 chunk_qty=0.000000 buy_live=false sell_live=false chunk_live=false
[11:33:46.669] [INFO] [EXEC] STREAM_OWNERSHIP_AUDIT stream_id=19 state=WAIT_BUY buy_order_id=0 sell_order_id=0 chunk_id=0 chunk_qty=0.000000 buy_live=false sell_live=false chunk_live=false
[11:33:46.669] [INFO] [EXEC] STREAM_OWNERSHIP_AUDIT stream_id=20 state=WAIT_BUY buy_order_id=0 sell_order_id=0 chunk_id=0 chunk_qty=0.000000 buy_live=false sell_live=false chunk_live=false
[11:33:46.670] [ERROR] [EXEC] STREAM_STATE_MISMATCH reason=stream_inventory_qty_mismatch inventory_qty=0.000180 stream_chunks=0
[11:33:46.670] [INFO] [EXEC] STREAM_OWNERSHIP_SUMMARY streams_total=20 wait_buy=17 buy_placed=0 sell_active=3 exiting=0 recycle=0 chunks_total=1 stream_chunks=0 orphan_chunks=1 inventory_qty=0.000180 stream_inventory_qty=0.000000 orphan_inventory_qty=0.000180
[11:33:46.671] [ERROR] [EXEC] STREAM_OWNERSHIP_MISMATCH reason=qty_without_stream_chunks qty=0.000180
[11:33:46.671] [WARNING] [EXEC] SMART_EXIT_ORPHAN_INVENTORY qty=0.000180
[11:33:46.671] [ERROR] [EXEC] STREAM_OWNERSHIP_MISMATCH reason=qty_without_stream_chunks qty=0.000180
[11:33:46.672] [ERROR] [EXEC] SMART_EXIT_MAX_ATTEMPTS attempts=33 qty=0.000180
[11:33:47.155] [ERROR] [EXEC] STREAM_OWNERSHIP_MISMATCH reason=qty_without_stream_chunks qty=0.000180
[11:33:47.157] [WARNING] [EXEC] SMART_EXIT_ORPHAN_INVENTORY qty=0.000180
[11:33:47.158] [ERROR] [EXEC] STREAM_OWNERSHIP_MISMATCH reason=qty_without_stream_chunks qty=0.000180
[11:33:47.159] [ERROR] [EXEC] SMART_EXIT_MAX_ATTEMPTS attempts=34 qty=0.000180
[11:33:47.668] [ERROR] [EXEC] STREAM_OWNERSHIP_MISMATCH reason=qty_without_stream_chunks qty=0.000180
[11:33:47.671] [INFO] GUI_PERF tick_ms=0 logs_visible=False gui_log_mode=OFF append_skipped=1643
[11:33:47.671] [WARNING] [EXEC] SMART_EXIT_ORPHAN_INVENTORY qty=0.000180
[11:33:47.672] [ERROR] [EXEC] STREAM_OWNERSHIP_MISMATCH reason=qty_without_stream_chunks qty=0.000180
[11:33:47.673] [ERROR] [EXEC] SMART_EXIT_MAX_ATTEMPTS attempts=35 qty=0.000180
[11:33:48.194] [INFO] [EXEC] STREAM_OWNERSHIP_AUDIT stream_id=1 state=SELL_PLACED buy_order_id=0 sell_order_id=391906307 chunk_id=2497470692480 chunk_qty=0.000000 buy_live=false sell_live=true chunk_live=false
[11:33:48.195] [INFO] [EXEC] STREAM_OWNERSHIP_AUDIT stream_id=2 state=SELL_PLACED buy_order_id=0 sell_order_id=391905133 chunk_id=2497471402432 chunk_qty=0.000000 buy_live=false sell_live=true chunk_live=false
[11:33:48.196] [INFO] [EXEC] STREAM_OWNERSHIP_AUDIT stream_id=3 state=SELL_PLACED buy_order_id=0 sell_order_id=391907369 chunk_id=2497470677504 chunk_qty=0.000180 buy_live=false sell_live=true chunk_live=true
[11:33:48.197] [INFO] [EXEC] STREAM_OWNERSHIP_AUDIT stream_id=4 state=WAIT_BUY buy_order_id=0 sell_order_id=0 chunk_id=0 chunk_qty=0.000000 buy_live=false sell_live=false chunk_live=false
[11:33:48.198] [INFO] [EXEC] STREAM_OWNERSHIP_AUDIT stream_id=5 state=WAIT_BUY buy_order_id=0 sell_order_id=0 chunk_id=0 chunk_qty=0.000000 buy_live=false sell_live=false chunk_live=false
[11:33:48.199] [INFO] [EXEC] STREAM_OWNERSHIP_AUDIT stream_id=6 state=WAIT_BUY buy_order_id=0 sell_order_id=0 chunk_id=0 chunk_qty=0.000000 buy_live=false sell_live=false chunk_live=false
[11:33:48.199] [INFO] [EXEC] STREAM_OWNERSHIP_AUDIT stream_id=7 state=WAIT_BUY buy_order_id=0 sell_order_id=0 chunk_id=0 chunk_qty=0.000000 buy_live=false sell_live=false chunk_live=false
[11:33:48.200] [INFO] [EXEC] STREAM_OWNERSHIP_AUDIT stream_id=8 state=WAIT_BUY buy_order_id=0 sell_order_id=0 chunk_id=0 chunk_qty=0.000000 buy_live=false sell_live=false chunk_live=false
[11:33:48.201] [INFO] [EXEC] STREAM_OWNERSHIP_AUDIT stream_id=9 state=WAIT_BUY buy_order_id=0 sell_order_id=0 chunk_id=0 chunk_qty=0.000000 buy_live=false sell_live=false chunk_live=false
[11:33:48.202] [INFO] [EXEC] STREAM_OWNERSHIP_AUDIT stream_id=10 state=WAIT_BUY buy_order_id=0 sell_order_id=0 chunk_id=0 chunk_qty=0.000000 buy_live=false sell_live=false chunk_live=false
[11:33:48.203] [INFO] [EXEC] STREAM_OWNERSHIP_AUDIT stream_id=11 state=WAIT_BUY buy_order_id=0 sell_order_id=0 chunk_id=0 chunk_qty=0.000000 buy_live=false sell_live=false chunk_live=false
[11:33:48.204] [INFO] [EXEC] STREAM_OWNERSHIP_AUDIT stream_id=12 state=WAIT_BUY buy_order_id=0 sell_order_id=0 chunk_id=0 chunk_qty=0.000000 buy_live=false sell_live=false chunk_live=false
[11:33:48.204] [INFO] [EXEC] STREAM_OWNERSHIP_AUDIT stream_id=13 state=WAIT_BUY buy_order_id=0 sell_order_id=0 chunk_id=0 chunk_qty=0.000000 buy_live=false sell_live=false chunk_live=false
[11:33:48.205] [INFO] [EXEC] STREAM_OWNERSHIP_AUDIT stream_id=14 state=WAIT_BUY buy_order_id=0 sell_order_id=0 chunk_id=0 chunk_qty=0.000000 buy_live=false sell_live=false chunk_live=false
[11:33:48.205] [INFO] [EXEC] STREAM_OWNERSHIP_AUDIT stream_id=15 state=WAIT_BUY buy_order_id=0 sell_order_id=0 chunk_id=0 chunk_qty=0.000000 buy_live=false sell_live=false chunk_live=false
[11:33:48.206] [INFO] [EXEC] STREAM_OWNERSHIP_AUDIT stream_id=16 state=WAIT_BUY buy_order_id=0 sell_order_id=0 chunk_id=0 chunk_qty=0.000000 buy_live=false sell_live=false chunk_live=false
[11:33:48.207] [INFO] [EXEC] STREAM_OWNERSHIP_AUDIT stream_id=17 state=WAIT_BUY buy_order_id=0 sell_order_id=0 chunk_id=0 chunk_qty=0.000000 buy_live=false sell_live=false chunk_live=false
[11:33:48.207] [INFO] [EXEC] STREAM_OWNERSHIP_AUDIT stream_id=18 state=WAIT_BUY buy_order_id=0 sell_order_id=0 chunk_id=0 chunk_qty=0.000000 buy_live=false sell_live=false chunk_live=false
[11:33:48.208] [INFO] [EXEC] STREAM_OWNERSHIP_AUDIT stream_id=19 state=WAIT_BUY buy_order_id=0 sell_order_id=0 chunk_id=0 chunk_qty=0.000000 buy_live=false sell_live=false chunk_live=false
[11:33:48.209] [INFO] [EXEC] STREAM_OWNERSHIP_AUDIT stream_id=20 state=WAIT_BUY buy_order_id=0 sell_order_id=0 chunk_id=0 chunk_qty=0.000000 buy_live=false sell_live=false chunk_live=false
[11:33:48.209] [ERROR] [EXEC] STREAM_STATE_MISMATCH reason=stream_inventory_qty_mismatch inventory_qty=0.000180 stream_chunks=0
[11:33:48.210] [INFO] [EXEC] STREAM_OWNERSHIP_SUMMARY streams_total=20 wait_buy=17 buy_placed=0 sell_active=3 exiting=0 recycle=0 chunks_total=1 stream_chunks=0 orphan_chunks=1 inventory_qty=0.000180 stream_inventory_qty=0.000000 orphan_inventory_qty=0.000180
[11:33:48.211] [ERROR] [EXEC] STREAM_OWNERSHIP_MISMATCH reason=qty_without_stream_chunks qty=0.000180
[11:33:48.211] [WARNING] [EXEC] SMART_EXIT_ORPHAN_INVENTORY qty=0.000180
[11:33:48.211] [ERROR] [EXEC] STREAM_OWNERSHIP_MISMATCH reason=qty_without_stream_chunks qty=0.000180
[11:33:48.212] [ERROR] [EXEC] SMART_EXIT_MAX_ATTEMPTS attempts=36 qty=0.000180
[11:33:48.692] [ERROR] [EXEC] STREAM_OWNERSHIP_MISMATCH reason=qty_without_stream_chunks qty=0.000180
[11:33:48.694] [INFO] GUI_PERF tick_ms=0 logs_visible=False gui_log_mode=OFF append_skipped=1673
[11:33:48.695] [WARNING] [EXEC] SMART_EXIT_ORPHAN_INVENTORY qty=0.000180
[11:33:48.695] [ERROR] [EXEC] STREAM_OWNERSHIP_MISMATCH reason=qty_without_stream_chunks qty=0.000180
[11:33:48.696] [ERROR] [EXEC] SMART_EXIT_MAX_ATTEMPTS attempts=37 qty=0.000180
[11:33:49.440] [ERROR] [EXEC] STREAM_OWNERSHIP_MISMATCH reason=qty_without_stream_chunks qty=0.000180
[11:33:49.441] [WARNING] [EXEC] SMART_EXIT_ORPHAN_INVENTORY qty=0.000180
[11:33:49.442] [ERROR] [EXEC] STREAM_OWNERSHIP_MISMATCH reason=qty_without_stream_chunks qty=0.000180
[11:33:49.443] [ERROR] [EXEC] SMART_EXIT_MAX_ATTEMPTS attempts=38 qty=0.000180
[11:33:49.706] [INFO] [EXEC] STREAM_STATS_UI cycles=1 wins=1 losses=0 pnl=+0.000050 winrate=100.00%
[11:33:49.707] [INFO] GUI_PERF tick_ms=0 logs_visible=False gui_log_mode=OFF append_skipped=1681
[11:33:49.942] [INFO] [EXEC] STREAM_OWNERSHIP_AUDIT stream_id=1 state=SELL_PLACED buy_order_id=0 sell_order_id=391906307 chunk_id=2497470692480 chunk_qty=0.000000 buy_live=false sell_live=true chunk_live=false
[11:33:49.943] [INFO] [EXEC] STREAM_OWNERSHIP_AUDIT stream_id=2 state=SELL_PLACED buy_order_id=0 sell_order_id=391905133 chunk_id=2497471402432 chunk_qty=0.000000 buy_live=false sell_live=true chunk_live=false
[11:33:49.943] [INFO] [EXEC] STREAM_OWNERSHIP_AUDIT stream_id=3 state=SELL_PLACED buy_order_id=0 sell_order_id=391907369 chunk_id=2497470677504 chunk_qty=0.000180 buy_live=false sell_live=true chunk_live=true
[11:33:49.943] [INFO] [EXEC] STREAM_OWNERSHIP_AUDIT stream_id=4 state=WAIT_BUY buy_order_id=0 sell_order_id=0 chunk_id=0 chunk_qty=0.000000 buy_live=false sell_live=false chunk_live=false
[11:33:49.943] [INFO] [EXEC] STREAM_OWNERSHIP_AUDIT stream_id=5 state=WAIT_BUY buy_order_id=0 sell_order_id=0 chunk_id=0 chunk_qty=0.000000 buy_live=false sell_live=false chunk_live=false
[11:33:49.944] [INFO] [EXEC] STREAM_OWNERSHIP_AUDIT stream_id=6 state=WAIT_BUY buy_order_id=0 sell_order_id=0 chunk_id=0 chunk_qty=0.000000 buy_live=false sell_live=false chunk_live=false
[11:33:49.944] [INFO] [EXEC] STREAM_OWNERSHIP_AUDIT stream_id=7 state=WAIT_BUY buy_order_id=0 sell_order_id=0 chunk_id=0 chunk_qty=0.000000 buy_live=false sell_live=false chunk_live=false
[11:33:49.944] [INFO] [EXEC] STREAM_OWNERSHIP_AUDIT stream_id=8 state=WAIT_BUY buy_order_id=0 sell_order_id=0 chunk_id=0 chunk_qty=0.000000 buy_live=false sell_live=false chunk_live=false
[11:33:49.944] [INFO] [EXEC] STREAM_OWNERSHIP_AUDIT stream_id=9 state=WAIT_BUY buy_order_id=0 sell_order_id=0 chunk_id=0 chunk_qty=0.000000 buy_live=false sell_live=false chunk_live=false
[11:33:49.945] [INFO] [EXEC] STREAM_OWNERSHIP_AUDIT stream_id=10 state=WAIT_BUY buy_order_id=0 sell_order_id=0 chunk_id=0 chunk_qty=0.000000 buy_live=false sell_live=false chunk_live=false
[11:33:49.945] [INFO] [EXEC] STREAM_OWNERSHIP_AUDIT stream_id=11 state=WAIT_BUY buy_order_id=0 sell_order_id=0 chunk_id=0 chunk_qty=0.000000 buy_live=false sell_live=false chunk_live=false
[11:33:49.945] [INFO] [EXEC] STREAM_OWNERSHIP_AUDIT stream_id=12 state=WAIT_BUY buy_order_id=0 sell_order_id=0 chunk_id=0 chunk_qty=0.000000 buy_live=false sell_live=false chunk_live=false
[11:33:49.945] [INFO] [EXEC] STREAM_OWNERSHIP_AUDIT stream_id=13 state=WAIT_BUY buy_order_id=0 sell_order_id=0 chunk_id=0 chunk_qty=0.000000 buy_live=false sell_live=false chunk_live=false
[11:33:49.946] [INFO] [EXEC] STREAM_OWNERSHIP_AUDIT stream_id=14 state=WAIT_BUY buy_order_id=0 sell_order_id=0 chunk_id=0 chunk_qty=0.000000 buy_live=false sell_live=false chunk_live=false
[11:33:49.946] [INFO] [EXEC] STREAM_OWNERSHIP_AUDIT stream_id=15 state=WAIT_BUY buy_order_id=0 sell_order_id=0 chunk_id=0 chunk_qty=0.000000 buy_live=false sell_live=false chunk_live=false
[11:33:49.946] [INFO] [EXEC] STREAM_OWNERSHIP_AUDIT stream_id=16 state=WAIT_BUY buy_order_id=0 sell_order_id=0 chunk_id=0 chunk_qty=0.000000 buy_live=false sell_live=false chunk_live=false
[11:33:49.947] [INFO] [EXEC] STREAM_OWNERSHIP_AUDIT stream_id=17 state=WAIT_BUY buy_order_id=0 sell_order_id=0 chunk_id=0 chunk_qty=0.000000 buy_live=false sell_live=false chunk_live=false
[11:33:49.947] [INFO] [EXEC] STREAM_OWNERSHIP_AUDIT stream_id=18 state=WAIT_BUY buy_order_id=0 sell_order_id=0 chunk_id=0 chunk_qty=0.000000 buy_live=false sell_live=false chunk_live=false
[11:33:49.947] [INFO] [EXEC] STREAM_OWNERSHIP_AUDIT stream_id=19 state=WAIT_BUY buy_order_id=0 sell_order_id=0 chunk_id=0 chunk_qty=0.000000 buy_live=false sell_live=false chunk_live=false
[11:33:49.947] [INFO] [EXEC] STREAM_OWNERSHIP_AUDIT stream_id=20 state=WAIT_BUY buy_order_id=0 sell_order_id=0 chunk_id=0 chunk_qty=0.000000 buy_live=false sell_live=false chunk_live=false
[11:33:49.948] [ERROR] [EXEC] STREAM_STATE_MISMATCH reason=stream_inventory_qty_mismatch inventory_qty=0.000180 stream_chunks=0
[11:33:49.948] [INFO] [EXEC] STREAM_OWNERSHIP_SUMMARY streams_total=20 wait_buy=17 buy_placed=0 sell_active=3 exiting=0 recycle=0 chunks_total=1 stream_chunks=0 orphan_chunks=1 inventory_qty=0.000180 stream_inventory_qty=0.000000 orphan_inventory_qty=0.000180
[11:33:49.948] [ERROR] [EXEC] STREAM_OWNERSHIP_MISMATCH reason=qty_without_stream_chunks qty=0.000180
[11:33:49.949] [WARNING] [EXEC] SMART_EXIT_ORPHAN_INVENTORY qty=0.000180
[11:33:49.949] [ERROR] [EXEC] STREAM_OWNERSHIP_MISMATCH reason=qty_without_stream_chunks qty=0.000180
[11:33:49.949] [ERROR] [EXEC] SMART_EXIT_MAX_ATTEMPTS attempts=39 qty=0.000180
[11:33:50.442] [ERROR] [EXEC] STREAM_OWNERSHIP_MISMATCH reason=qty_without_stream_chunks qty=0.000180
[11:33:50.444] [WARNING] [EXEC] SMART_EXIT_ORPHAN_INVENTORY qty=0.000180
[11:33:50.445] [ERROR] [EXEC] STREAM_OWNERSHIP_MISMATCH reason=qty_without_stream_chunks qty=0.000180
[11:33:50.447] [ERROR] [EXEC] SMART_EXIT_MAX_ATTEMPTS attempts=40 qty=0.000180
[11:33:50.934] [ERROR] [EXEC] STREAM_OWNERSHIP_MISMATCH reason=qty_without_stream_chunks qty=0.000180
[11:33:50.935] [INFO] GUI_PERF tick_ms=0 logs_visible=False gui_log_mode=OFF append_skipped=1712
[11:33:50.935] [WARNING] [EXEC] SMART_EXIT_ORPHAN_INVENTORY qty=0.000180
[11:33:50.935] [ERROR] [EXEC] STREAM_OWNERSHIP_MISMATCH reason=qty_without_stream_chunks qty=0.000180
[11:33:50.936] [ERROR] [EXEC] SMART_EXIT_MAX_ATTEMPTS attempts=41 qty=0.000180
[11:33:51.434] [ERROR] [EXEC] STREAM_OWNERSHIP_MISMATCH reason=qty_without_stream_chunks qty=0.000180
[11:33:51.435] [WARNING] [EXEC] SMART_EXIT_ORPHAN_INVENTORY qty=0.000180
[11:33:51.437] [ERROR] [EXEC] STREAM_OWNERSHIP_MISMATCH reason=qty_without_stream_chunks qty=0.000180
[11:33:51.438] [ERROR] [EXEC] SMART_EXIT_MAX_ATTEMPTS attempts=42 qty=0.000180
[11:33:51.942] [INFO] [EXEC] STREAM_OWNERSHIP_AUDIT stream_id=1 state=SELL_PLACED buy_order_id=0 sell_order_id=391906307 chunk_id=2497470692480 chunk_qty=0.000000 buy_live=false sell_live=true chunk_live=false
[11:33:51.942] [INFO] GUI_PERF tick_ms=0 logs_visible=False gui_log_mode=OFF append_skipped=1720
[11:33:51.943] [INFO] [EXEC] STREAM_OWNERSHIP_AUDIT stream_id=2 state=SELL_PLACED buy_order_id=0 sell_order_id=391905133 chunk_id=2497471402432 chunk_qty=0.000000 buy_live=false sell_live=true chunk_live=false
[11:33:51.943] [INFO] [EXEC] STREAM_OWNERSHIP_AUDIT stream_id=3 state=SELL_PLACED buy_order_id=0 sell_order_id=391907369 chunk_id=2497470677504 chunk_qty=0.000180 buy_live=false sell_live=true chunk_live=true
[11:33:51.943] [INFO] [EXEC] STREAM_OWNERSHIP_AUDIT stream_id=4 state=WAIT_BUY buy_order_id=0 sell_order_id=0 chunk_id=0 chunk_qty=0.000000 buy_live=false sell_live=false chunk_live=false
[11:33:51.944] [INFO] [EXEC] STREAM_OWNERSHIP_AUDIT stream_id=5 state=WAIT_BUY buy_order_id=0 sell_order_id=0 chunk_id=0 chunk_qty=0.000000 buy_live=false sell_live=false chunk_live=false
[11:33:51.944] [INFO] [EXEC] STREAM_OWNERSHIP_AUDIT stream_id=6 state=WAIT_BUY buy_order_id=0 sell_order_id=0 chunk_id=0 chunk_qty=0.000000 buy_live=false sell_live=false chunk_live=false
[11:33:51.944] [INFO] [EXEC] STREAM_OWNERSHIP_AUDIT stream_id=7 state=WAIT_BUY buy_order_id=0 sell_order_id=0 chunk_id=0 chunk_qty=0.000000 buy_live=false sell_live=false chunk_live=false
[11:33:51.945] [INFO] [EXEC] STREAM_OWNERSHIP_AUDIT stream_id=8 state=WAIT_BUY buy_order_id=0 sell_order_id=0 chunk_id=0 chunk_qty=0.000000 buy_live=false sell_live=false chunk_live=false
[11:33:51.945] [INFO] [EXEC] STREAM_OWNERSHIP_AUDIT stream_id=9 state=WAIT_BUY buy_order_id=0 sell_order_id=0 chunk_id=0 chunk_qty=0.000000 buy_live=false sell_live=false chunk_live=false
[11:33:51.945] [INFO] [EXEC] STREAM_OWNERSHIP_AUDIT stream_id=10 state=WAIT_BUY buy_order_id=0 sell_order_id=0 chunk_id=0 chunk_qty=0.000000 buy_live=false sell_live=false chunk_live=false
[11:33:51.945] [INFO] [EXEC] STREAM_OWNERSHIP_AUDIT stream_id=11 state=WAIT_BUY buy_order_id=0 sell_order_id=0 chunk_id=0 chunk_qty=0.000000 buy_live=false sell_live=false chunk_live=false
[11:33:51.946] [INFO] [EXEC] STREAM_OWNERSHIP_AUDIT stream_id=12 state=WAIT_BUY buy_order_id=0 sell_order_id=0 chunk_id=0 chunk_qty=0.000000 buy_live=false sell_live=false chunk_live=false
[11:33:51.946] [INFO] [EXEC] STREAM_OWNERSHIP_AUDIT stream_id=13 state=WAIT_BUY buy_order_id=0 sell_order_id=0 chunk_id=0 chunk_qty=0.000000 buy_live=false sell_live=false chunk_live=false
[11:33:51.946] [INFO] [EXEC] STREAM_OWNERSHIP_AUDIT stream_id=14 state=WAIT_BUY buy_order_id=0 sell_order_id=0 chunk_id=0 chunk_qty=0.000000 buy_live=false sell_live=false chunk_live=false
[11:33:51.946] [INFO] [EXEC] STREAM_OWNERSHIP_AUDIT stream_id=15 state=WAIT_BUY buy_order_id=0 sell_order_id=0 chunk_id=0 chunk_qty=0.000000 buy_live=false sell_live=false chunk_live=false
[11:33:51.947] [INFO] [EXEC] STREAM_OWNERSHIP_AUDIT stream_id=16 state=WAIT_BUY buy_order_id=0 sell_order_id=0 chunk_id=0 chunk_qty=0.000000 buy_live=false sell_live=false chunk_live=false
[11:33:51.947] [INFO] [EXEC] STREAM_OWNERSHIP_AUDIT stream_id=17 state=WAIT_BUY buy_order_id=0 sell_order_id=0 chunk_id=0 chunk_qty=0.000000 buy_live=false sell_live=false chunk_live=false
[11:33:51.947] [INFO] [EXEC] STREAM_OWNERSHIP_AUDIT stream_id=18 state=WAIT_BUY buy_order_id=0 sell_order_id=0 chunk_id=0 chunk_qty=0.000000 buy_live=false sell_live=false chunk_live=false
[11:33:51.947] [INFO] [EXEC] STREAM_OWNERSHIP_AUDIT stream_id=19 state=WAIT_BUY buy_order_id=0 sell_order_id=0 chunk_id=0 chunk_qty=0.000000 buy_live=false sell_live=false chunk_live=false
[11:33:51.948] [INFO] [EXEC] STREAM_OWNERSHIP_AUDIT stream_id=20 state=WAIT_BUY buy_order_id=0 sell_order_id=0 chunk_id=0 chunk_qty=0.000000 buy_live=false sell_live=false chunk_live=false
[11:33:51.948] [ERROR] [EXEC] STREAM_STATE_MISMATCH reason=stream_inventory_qty_mismatch inventory_qty=0.000180 stream_chunks=0
[11:33:51.948] [INFO] [EXEC] STREAM_OWNERSHIP_SUMMARY streams_total=20 wait_buy=17 buy_placed=0 sell_active=3 exiting=0 recycle=0 chunks_total=1 stream_chunks=0 orphan_chunks=1 inventory_qty=0.000180 stream_inventory_qty=0.000000 orphan_inventory_qty=0.000180
[11:33:51.949] [ERROR] [EXEC] STREAM_OWNERSHIP_MISMATCH reason=qty_without_stream_chunks qty=0.000180
[11:33:51.949] [WARNING] [EXEC] SMART_EXIT_ORPHAN_INVENTORY qty=0.000180
[11:33:51.950] [ERROR] [EXEC] STREAM_OWNERSHIP_MISMATCH reason=qty_without_stream_chunks qty=0.000180
[11:33:51.950] [ERROR] [EXEC] SMART_EXIT_MAX_ATTEMPTS attempts=43 qty=0.000180
[11:33:52.440] [ERROR] [EXEC] STREAM_OWNERSHIP_MISMATCH reason=qty_without_stream_chunks qty=0.000180
[11:33:52.441] [WARNING] [EXEC] SMART_EXIT_ORPHAN_INVENTORY qty=0.000180
[11:33:52.441] [ERROR] [EXEC] STREAM_OWNERSHIP_MISMATCH reason=qty_without_stream_chunks qty=0.000180
[11:33:52.441] [ERROR] [EXEC] SMART_EXIT_MAX_ATTEMPTS attempts=44 qty=0.000180
[11:33:53.441] [ERROR] [EXEC] STREAM_OWNERSHIP_MISMATCH reason=qty_without_stream_chunks qty=0.000180
[11:33:53.442] [INFO] GUI_PERF tick_ms=0 logs_visible=False gui_log_mode=OFF append_skipped=1750
[11:33:53.443] [WARNING] [EXEC] SMART_EXIT_ORPHAN_INVENTORY qty=0.000180
[11:33:53.444] [ERROR] [EXEC] STREAM_OWNERSHIP_MISMATCH reason=qty_without_stream_chunks qty=0.000180
[11:33:53.445] [ERROR] [EXEC] SMART_EXIT_MAX_ATTEMPTS attempts=45 qty=0.000180
[11:33:53.953] [INFO] [EXEC] STREAM_OWNERSHIP_AUDIT stream_id=1 state=SELL_PLACED buy_order_id=0 sell_order_id=391906307 chunk_id=2497470692480 chunk_qty=0.000000 buy_live=false sell_live=true chunk_live=false
[11:33:53.953] [INFO] [EXEC] STREAM_OWNERSHIP_AUDIT stream_id=2 state=SELL_PLACED buy_order_id=0 sell_order_id=391905133 chunk_id=2497471402432 chunk_qty=0.000000 buy_live=false sell_live=true chunk_live=false
[11:33:53.954] [INFO] [EXEC] STREAM_OWNERSHIP_AUDIT stream_id=3 state=SELL_PLACED buy_order_id=0 sell_order_id=391907369 chunk_id=2497470677504 chunk_qty=0.000180 buy_live=false sell_live=true chunk_live=true
[11:33:53.954] [INFO] [EXEC] STREAM_OWNERSHIP_AUDIT stream_id=4 state=WAIT_BUY buy_order_id=0 sell_order_id=0 chunk_id=0 chunk_qty=0.000000 buy_live=false sell_live=false chunk_live=false
[11:33:53.954] [INFO] [EXEC] STREAM_OWNERSHIP_AUDIT stream_id=5 state=WAIT_BUY buy_order_id=0 sell_order_id=0 chunk_id=0 chunk_qty=0.000000 buy_live=false sell_live=false chunk_live=false
[11:33:53.955] [INFO] [EXEC] STREAM_OWNERSHIP_AUDIT stream_id=6 state=WAIT_BUY buy_order_id=0 sell_order_id=0 chunk_id=0 chunk_qty=0.000000 buy_live=false sell_live=false chunk_live=false
[11:33:53.955] [INFO] [EXEC] STREAM_OWNERSHIP_AUDIT stream_id=7 state=WAIT_BUY buy_order_id=0 sell_order_id=0 chunk_id=0 chunk_qty=0.000000 buy_live=false sell_live=false chunk_live=false
[11:33:53.955] [INFO] [EXEC] STREAM_OWNERSHIP_AUDIT stream_id=8 state=WAIT_BUY buy_order_id=0 sell_order_id=0 chunk_id=0 chunk_qty=0.000000 buy_live=false sell_live=false chunk_live=false
[11:33:53.955] [INFO] [EXEC] STREAM_OWNERSHIP_AUDIT stream_id=9 state=WAIT_BUY buy_order_id=0 sell_order_id=0 chunk_id=0 chunk_qty=0.000000 buy_live=false sell_live=false chunk_live=false
[11:33:53.956] [INFO] [EXEC] STREAM_OWNERSHIP_AUDIT stream_id=10 state=WAIT_BUY buy_order_id=0 sell_order_id=0 chunk_id=0 chunk_qty=0.000000 buy_live=false sell_live=false chunk_live=false
[11:33:53.956] [INFO] [EXEC] STREAM_OWNERSHIP_AUDIT stream_id=11 state=WAIT_BUY buy_order_id=0 sell_order_id=0 chunk_id=0 chunk_qty=0.000000 buy_live=false sell_live=false chunk_live=false
[11:33:53.956] [INFO] [EXEC] STREAM_OWNERSHIP_AUDIT stream_id=12 state=WAIT_BUY buy_order_id=0 sell_order_id=0 chunk_id=0 chunk_qty=0.000000 buy_live=false sell_live=false chunk_live=false
[11:33:53.957] [INFO] [EXEC] STREAM_OWNERSHIP_AUDIT stream_id=13 state=WAIT_BUY buy_order_id=0 sell_order_id=0 chunk_id=0 chunk_qty=0.000000 buy_live=false sell_live=false chunk_live=false
[11:33:53.957] [INFO] [EXEC] STREAM_OWNERSHIP_AUDIT stream_id=14 state=WAIT_BUY buy_order_id=0 sell_order_id=0 chunk_id=0 chunk_qty=0.000000 buy_live=false sell_live=false chunk_live=false
[11:33:53.957] [INFO] [EXEC] STREAM_OWNERSHIP_AUDIT stream_id=15 state=WAIT_BUY buy_order_id=0 sell_order_id=0 chunk_id=0 chunk_qty=0.000000 buy_live=false sell_live=false chunk_live=false
[11:33:53.957] [INFO] [EXEC] STREAM_OWNERSHIP_AUDIT stream_id=16 state=WAIT_BUY buy_order_id=0 sell_order_id=0 chunk_id=0 chunk_qty=0.000000 buy_live=false sell_live=false chunk_live=false
[11:33:53.958] [INFO] [EXEC] STREAM_OWNERSHIP_AUDIT stream_id=17 state=WAIT_BUY buy_order_id=0 sell_order_id=0 chunk_id=0 chunk_qty=0.000000 buy_live=false sell_live=false chunk_live=false
[11:33:53.958] [INFO] [EXEC] STREAM_OWNERSHIP_AUDIT stream_id=18 state=WAIT_BUY buy_order_id=0 sell_order_id=0 chunk_id=0 chunk_qty=0.000000 buy_live=false sell_live=false chunk_live=false
[11:33:53.958] [INFO] [EXEC] STREAM_OWNERSHIP_AUDIT stream_id=19 state=WAIT_BUY buy_order_id=0 sell_order_id=0 chunk_id=0 chunk_qty=0.000000 buy_live=false sell_live=false chunk_live=false
[11:33:53.959] [INFO] [EXEC] STREAM_OWNERSHIP_AUDIT stream_id=20 state=WAIT_BUY buy_order_id=0 sell_order_id=0 chunk_id=0 chunk_qty=0.000000 buy_live=false sell_live=false chunk_live=false
[11:33:53.959] [ERROR] [EXEC] STREAM_STATE_MISMATCH reason=stream_inventory_qty_mismatch inventory_qty=0.000180 stream_chunks=0
[11:33:53.959] [INFO] [EXEC] STREAM_OWNERSHIP_SUMMARY streams_total=20 wait_buy=17 buy_placed=0 sell_active=3 exiting=0 recycle=0 chunks_total=1 stream_chunks=0 orphan_chunks=1 inventory_qty=0.000180 stream_inventory_qty=0.000000 orphan_inventory_qty=0.000180
[11:33:53.960] [ERROR] [EXEC] STREAM_OWNERSHIP_MISMATCH reason=qty_without_stream_chunks qty=0.000180
[11:33:53.960] [WARNING] [EXEC] SMART_EXIT_ORPHAN_INVENTORY qty=0.000180
[11:33:53.960] [ERROR] [EXEC] STREAM_OWNERSHIP_MISMATCH reason=qty_without_stream_chunks qty=0.000180
[11:33:53.960] [ERROR] [EXEC] SMART_EXIT_MAX_ATTEMPTS attempts=46 qty=0.000180
[11:33:54.469] [ERROR] [EXEC] STREAM_OWNERSHIP_MISMATCH reason=qty_without_stream_chunks qty=0.000180
[11:33:54.470] [INFO] GUI_PERF tick_ms=0 logs_visible=False gui_log_mode=OFF append_skipped=1780
[11:33:54.470] [WARNING] [EXEC] SMART_EXIT_ORPHAN_INVENTORY qty=0.000180
[11:33:54.471] [ERROR] [EXEC] STREAM_OWNERSHIP_MISMATCH reason=qty_without_stream_chunks qty=0.000180
[11:33:54.471] [ERROR] [EXEC] SMART_EXIT_MAX_ATTEMPTS attempts=47 qty=0.000180
[11:33:54.734] [INFO] [EXEC] STREAM_STATS_UI cycles=1 wins=1 losses=0 pnl=+0.000050 winrate=100.00%
[11:33:55.605] [INFO] [EXEC] STREAM_OWNERSHIP_AUDIT stream_id=1 state=SELL_PLACED buy_order_id=0 sell_order_id=391906307 chunk_id=2497470692480 chunk_qty=0.000000 buy_live=false sell_live=true chunk_live=false
[11:33:55.606] [INFO] GUI_PERF tick_ms=0 logs_visible=False gui_log_mode=OFF append_skipped=1785
[11:33:55.607] [INFO] [EXEC] STREAM_OWNERSHIP_AUDIT stream_id=2 state=SELL_PLACED buy_order_id=0 sell_order_id=391905133 chunk_id=2497471402432 chunk_qty=0.000000 buy_live=false sell_live=true chunk_live=false
[11:33:55.608] [INFO] [EXEC] STREAM_OWNERSHIP_AUDIT stream_id=3 state=SELL_PLACED buy_order_id=0 sell_order_id=391907369 chunk_id=2497470677504 chunk_qty=0.000180 buy_live=false sell_live=true chunk_live=true
[11:33:55.609] [INFO] [EXEC] STREAM_OWNERSHIP_AUDIT stream_id=4 state=WAIT_BUY buy_order_id=0 sell_order_id=0 chunk_id=0 chunk_qty=0.000000 buy_live=false sell_live=false chunk_live=false
[11:33:55.610] [INFO] [EXEC] STREAM_OWNERSHIP_AUDIT stream_id=5 state=WAIT_BUY buy_order_id=0 sell_order_id=0 chunk_id=0 chunk_qty=0.000000 buy_live=false sell_live=false chunk_live=false
[11:33:55.611] [INFO] [EXEC] STREAM_OWNERSHIP_AUDIT stream_id=6 state=WAIT_BUY buy_order_id=0 sell_order_id=0 chunk_id=0 chunk_qty=0.000000 buy_live=false sell_live=false chunk_live=false
[11:33:55.611] [INFO] [EXEC] STREAM_OWNERSHIP_AUDIT stream_id=7 state=WAIT_BUY buy_order_id=0 sell_order_id=0 chunk_id=0 chunk_qty=0.000000 buy_live=false sell_live=false chunk_live=false
[11:33:55.612] [INFO] [EXEC] STREAM_OWNERSHIP_AUDIT stream_id=8 state=WAIT_BUY buy_order_id=0 sell_order_id=0 chunk_id=0 chunk_qty=0.000000 buy_live=false sell_live=false chunk_live=false
[11:33:55.613] [INFO] [EXEC] STREAM_OWNERSHIP_AUDIT stream_id=9 state=WAIT_BUY buy_order_id=0 sell_order_id=0 chunk_id=0 chunk_qty=0.000000 buy_live=false sell_live=false chunk_live=false
[11:33:55.613] [INFO] [EXEC] STREAM_OWNERSHIP_AUDIT stream_id=10 state=WAIT_BUY buy_order_id=0 sell_order_id=0 chunk_id=0 chunk_qty=0.000000 buy_live=false sell_live=false chunk_live=false
[11:33:55.614] [INFO] [EXEC] STREAM_OWNERSHIP_AUDIT stream_id=11 state=WAIT_BUY buy_order_id=0 sell_order_id=0 chunk_id=0 chunk_qty=0.000000 buy_live=false sell_live=false chunk_live=false
[11:33:55.614] [INFO] [EXEC] STREAM_OWNERSHIP_AUDIT stream_id=12 state=WAIT_BUY buy_order_id=0 sell_order_id=0 chunk_id=0 chunk_qty=0.000000 buy_live=false sell_live=false chunk_live=false
[11:33:55.615] [INFO] [EXEC] STREAM_OWNERSHIP_AUDIT stream_id=13 state=WAIT_BUY buy_order_id=0 sell_order_id=0 chunk_id=0 chunk_qty=0.000000 buy_live=false sell_live=false chunk_live=false
[11:33:55.615] [INFO] [EXEC] STREAM_OWNERSHIP_AUDIT stream_id=14 state=WAIT_BUY buy_order_id=0 sell_order_id=0 chunk_id=0 chunk_qty=0.000000 buy_live=false sell_live=false chunk_live=false
[11:33:55.616] [INFO] [EXEC] STREAM_OWNERSHIP_AUDIT stream_id=15 state=WAIT_BUY buy_order_id=0 sell_order_id=0 chunk_id=0 chunk_qty=0.000000 buy_live=false sell_live=false chunk_live=false
[11:33:55.616] [INFO] [EXEC] STREAM_OWNERSHIP_AUDIT stream_id=16 state=WAIT_BUY buy_order_id=0 sell_order_id=0 chunk_id=0 chunk_qty=0.000000 buy_live=false sell_live=false chunk_live=false
[11:33:55.617] [INFO] [EXEC] STREAM_OWNERSHIP_AUDIT stream_id=17 state=WAIT_BUY buy_order_id=0 sell_order_id=0 chunk_id=0 chunk_qty=0.000000 buy_live=false sell_live=false chunk_live=false
[11:33:55.617] [INFO] [EXEC] STREAM_OWNERSHIP_AUDIT stream_id=18 state=WAIT_BUY buy_order_id=0 sell_order_id=0 chunk_id=0 chunk_qty=0.000000 buy_live=false sell_live=false chunk_live=false
[11:33:55.618] [INFO] [EXEC] STREAM_OWNERSHIP_AUDIT stream_id=19 state=WAIT_BUY buy_order_id=0 sell_order_id=0 chunk_id=0 chunk_qty=0.000000 buy_live=false sell_live=false chunk_live=false
[11:33:55.618] [INFO] [EXEC] STREAM_OWNERSHIP_AUDIT stream_id=20 state=WAIT_BUY buy_order_id=0 sell_order_id=0 chunk_id=0 chunk_qty=0.000000 buy_live=false sell_live=false chunk_live=false
[11:33:55.618] [ERROR] [EXEC] STREAM_STATE_MISMATCH reason=stream_inventory_qty_mismatch inventory_qty=0.000180 stream_chunks=0
[11:33:55.618] [INFO] [EXEC] STREAM_OWNERSHIP_SUMMARY streams_total=20 wait_buy=17 buy_placed=0 sell_active=3 exiting=0 recycle=0 chunks_total=1 stream_chunks=0 orphan_chunks=1 inventory_qty=0.000180 stream_inventory_qty=0.000000 orphan_inventory_qty=0.000180
[11:33:55.619] [ERROR] [EXEC] STREAM_OWNERSHIP_MISMATCH reason=qty_without_stream_chunks qty=0.000180
[11:33:55.619] [WARNING] [EXEC] SMART_EXIT_ORPHAN_INVENTORY qty=0.000180
[11:33:55.619] [ERROR] [EXEC] STREAM_OWNERSHIP_MISMATCH reason=qty_without_stream_chunks qty=0.000180
[11:33:55.620] [ERROR] [EXEC] SMART_EXIT_MAX_ATTEMPTS attempts=48 qty=0.000180
[11:33:55.982] [ERROR] [EXEC] STREAM_OWNERSHIP_MISMATCH reason=qty_without_stream_chunks qty=0.000180
[11:33:55.983] [WARNING] [EXEC] SMART_EXIT_ORPHAN_INVENTORY qty=0.000180
[11:33:55.983] [ERROR] [EXEC] STREAM_OWNERSHIP_MISMATCH reason=qty_without_stream_chunks qty=0.000180
[11:33:55.983] [ERROR] [EXEC] SMART_EXIT_MAX_ATTEMPTS attempts=49 qty=0.000180
[11:33:56.482] [ERROR] [EXEC] STREAM_OWNERSHIP_MISMATCH reason=qty_without_stream_chunks qty=0.000180
[11:33:56.484] [WARNING] [EXEC] SMART_EXIT_ORPHAN_INVENTORY qty=0.000180
[11:33:56.485] [ERROR] [EXEC] STREAM_OWNERSHIP_MISMATCH reason=qty_without_stream_chunks qty=0.000180
[11:33:56.485] [ERROR] [EXEC] SMART_EXIT_MAX_ATTEMPTS attempts=50 qty=0.000180
[11:33:56.983] [ERROR] [EXEC] STREAM_OWNERSHIP_MISMATCH reason=qty_without_stream_chunks qty=0.000180
[11:33:56.984] [INFO] GUI_PERF tick_ms=0 logs_visible=False gui_log_mode=OFF append_skipped=1819
[11:33:56.984] [WARNING] [EXEC] SMART_EXIT_ORPHAN_INVENTORY qty=0.000180
[11:33:56.984] [ERROR] [EXEC] STREAM_OWNERSHIP_MISMATCH reason=qty_without_stream_chunks qty=0.000180
[11:33:56.985] [ERROR] [EXEC] SMART_EXIT_MAX_ATTEMPTS attempts=51 qty=0.000180
[11:33:57.484] [INFO] [EXEC] STREAM_OWNERSHIP_AUDIT stream_id=1 state=SELL_PLACED buy_order_id=0 sell_order_id=391906307 chunk_id=2497470692480 chunk_qty=0.000000 buy_live=false sell_live=true chunk_live=false
[11:33:57.486] [INFO] [EXEC] STREAM_OWNERSHIP_AUDIT stream_id=2 state=SELL_PLACED buy_order_id=0 sell_order_id=391905133 chunk_id=2497471402432 chunk_qty=0.000000 buy_live=false sell_live=true chunk_live=false
[11:33:57.487] [INFO] [EXEC] STREAM_OWNERSHIP_AUDIT stream_id=3 state=SELL_PLACED buy_order_id=0 sell_order_id=391907369 chunk_id=2497470677504 chunk_qty=0.000180 buy_live=false sell_live=true chunk_live=true
[11:33:57.487] [INFO] [EXEC] STREAM_OWNERSHIP_AUDIT stream_id=4 state=WAIT_BUY buy_order_id=0 sell_order_id=0 chunk_id=0 chunk_qty=0.000000 buy_live=false sell_live=false chunk_live=false
[11:33:57.488] [INFO] [EXEC] STREAM_OWNERSHIP_AUDIT stream_id=5 state=WAIT_BUY buy_order_id=0 sell_order_id=0 chunk_id=0 chunk_qty=0.000000 buy_live=false sell_live=false chunk_live=false
[11:33:57.489] [INFO] [EXEC] STREAM_OWNERSHIP_AUDIT stream_id=6 state=WAIT_BUY buy_order_id=0 sell_order_id=0 chunk_id=0 chunk_qty=0.000000 buy_live=false sell_live=false chunk_live=false
[11:33:57.489] [INFO] [EXEC] STREAM_OWNERSHIP_AUDIT stream_id=7 state=WAIT_BUY buy_order_id=0 sell_order_id=0 chunk_id=0 chunk_qty=0.000000 buy_live=false sell_live=false chunk_live=false
[11:33:57.490] [INFO] [EXEC] STREAM_OWNERSHIP_AUDIT stream_id=8 state=WAIT_BUY buy_order_id=0 sell_order_id=0 chunk_id=0 chunk_qty=0.000000 buy_live=false sell_live=false chunk_live=false
[11:33:57.490] [INFO] [EXEC] STREAM_OWNERSHIP_AUDIT stream_id=9 state=WAIT_BUY buy_order_id=0 sell_order_id=0 chunk_id=0 chunk_qty=0.000000 buy_live=false sell_live=false chunk_live=false
[11:33:57.491] [INFO] [EXEC] STREAM_OWNERSHIP_AUDIT stream_id=10 state=WAIT_BUY buy_order_id=0 sell_order_id=0 chunk_id=0 chunk_qty=0.000000 buy_live=false sell_live=false chunk_live=false
[11:33:57.491] [INFO] [EXEC] STREAM_OWNERSHIP_AUDIT stream_id=11 state=WAIT_BUY buy_order_id=0 sell_order_id=0 chunk_id=0 chunk_qty=0.000000 buy_live=false sell_live=false chunk_live=false
[11:33:57.492] [INFO] [EXEC] STREAM_OWNERSHIP_AUDIT stream_id=12 state=WAIT_BUY buy_order_id=0 sell_order_id=0 chunk_id=0 chunk_qty=0.000000 buy_live=false sell_live=false chunk_live=false
[11:33:57.492] [INFO] [EXEC] STREAM_OWNERSHIP_AUDIT stream_id=13 state=WAIT_BUY buy_order_id=0 sell_order_id=0 chunk_id=0 chunk_qty=0.000000 buy_live=false sell_live=false chunk_live=false
[11:33:57.492] [INFO] [EXEC] STREAM_OWNERSHIP_AUDIT stream_id=14 state=WAIT_BUY buy_order_id=0 sell_order_id=0 chunk_id=0 chunk_qty=0.000000 buy_live=false sell_live=false chunk_live=false
[11:33:57.493] [INFO] [EXEC] STREAM_OWNERSHIP_AUDIT stream_id=15 state=WAIT_BUY buy_order_id=0 sell_order_id=0 chunk_id=0 chunk_qty=0.000000 buy_live=false sell_live=false chunk_live=false
[11:33:57.493] [INFO] [EXEC] STREAM_OWNERSHIP_AUDIT stream_id=16 state=WAIT_BUY buy_order_id=0 sell_order_id=0 chunk_id=0 chunk_qty=0.000000 buy_live=false sell_live=false chunk_live=false
[11:33:57.493] [INFO] [EXEC] STREAM_OWNERSHIP_AUDIT stream_id=17 state=WAIT_BUY buy_order_id=0 sell_order_id=0 chunk_id=0 chunk_qty=0.000000 buy_live=false sell_live=false chunk_live=false
[11:33:57.494] [INFO] [EXEC] STREAM_OWNERSHIP_AUDIT stream_id=18 state=WAIT_BUY buy_order_id=0 sell_order_id=0 chunk_id=0 chunk_qty=0.000000 buy_live=false sell_live=false chunk_live=false
[11:33:57.494] [INFO] [EXEC] STREAM_OWNERSHIP_AUDIT stream_id=19 state=WAIT_BUY buy_order_id=0 sell_order_id=0 chunk_id=0 chunk_qty=0.000000 buy_live=false sell_live=false chunk_live=false
[11:33:57.494] [INFO] [EXEC] STREAM_OWNERSHIP_AUDIT stream_id=20 state=WAIT_BUY buy_order_id=0 sell_order_id=0 chunk_id=0 chunk_qty=0.000000 buy_live=false sell_live=false chunk_live=false
[11:33:57.495] [ERROR] [EXEC] STREAM_STATE_MISMATCH reason=stream_inventory_qty_mismatch inventory_qty=0.000180 stream_chunks=0
[11:33:57.495] [INFO] [EXEC] STREAM_OWNERSHIP_SUMMARY streams_total=20 wait_buy=17 buy_placed=0 sell_active=3 exiting=0 recycle=0 chunks_total=1 stream_chunks=0 orphan_chunks=1 inventory_qty=0.000180 stream_inventory_qty=0.000000 orphan_inventory_qty=0.000180
[11:33:57.496] [ERROR] [EXEC] STREAM_OWNERSHIP_MISMATCH reason=qty_without_stream_chunks qty=0.000180
[11:33:57.496] [WARNING] [EXEC] SMART_EXIT_ORPHAN_INVENTORY qty=0.000180
[11:33:57.496] [ERROR] [EXEC] STREAM_OWNERSHIP_MISMATCH reason=qty_without_stream_chunks qty=0.000180
[11:33:57.497] [ERROR] [EXEC] SMART_EXIT_MAX_ATTEMPTS attempts=52 qty=0.000180
[11:33:57.981] [ERROR] [EXEC] STREAM_OWNERSHIP_MISMATCH reason=qty_without_stream_chunks qty=0.000180
[11:33:57.981] [WARNING] [EXEC] SMART_EXIT_ORPHAN_INVENTORY qty=0.000180
[11:33:57.982] [ERROR] [EXEC] STREAM_OWNERSHIP_MISMATCH reason=qty_without_stream_chunks qty=0.000180
[11:33:57.982] [ERROR] [EXEC] SMART_EXIT_MAX_ATTEMPTS attempts=53 qty=0.000180
[11:33:58.494] [ERROR] [EXEC] STREAM_OWNERSHIP_MISMATCH reason=qty_without_stream_chunks qty=0.000180
[11:33:58.495] [INFO] GUI_PERF tick_ms=0 logs_visible=False gui_log_mode=OFF append_skipped=1853
[11:33:58.497] [WARNING] [EXEC] SMART_EXIT_ORPHAN_INVENTORY qty=0.000180
[11:33:58.498] [ERROR] [EXEC] STREAM_OWNERSHIP_MISMATCH reason=qty_without_stream_chunks qty=0.000180
[11:33:58.499] [ERROR] [EXEC] SMART_EXIT_MAX_ATTEMPTS attempts=54 qty=0.000180
[11:33:58.989] [INFO] [EXEC] STREAM_OWNERSHIP_AUDIT stream_id=1 state=SELL_PLACED buy_order_id=0 sell_order_id=391906307 chunk_id=2497470692480 chunk_qty=0.000000 buy_live=false sell_live=true chunk_live=false
[11:33:58.990] [INFO] [EXEC] STREAM_OWNERSHIP_AUDIT stream_id=2 state=SELL_PLACED buy_order_id=0 sell_order_id=391905133 chunk_id=2497471402432 chunk_qty=0.000000 buy_live=false sell_live=true chunk_live=false
[11:33:58.990] [INFO] [EXEC] STREAM_OWNERSHIP_AUDIT stream_id=3 state=SELL_PLACED buy_order_id=0 sell_order_id=391907369 chunk_id=2497470677504 chunk_qty=0.000180 buy_live=false sell_live=true chunk_live=true
[11:33:58.990] [INFO] [EXEC] STREAM_OWNERSHIP_AUDIT stream_id=4 state=WAIT_BUY buy_order_id=0 sell_order_id=0 chunk_id=0 chunk_qty=0.000000 buy_live=false sell_live=false chunk_live=false
[11:33:58.991] [INFO] [EXEC] STREAM_OWNERSHIP_AUDIT stream_id=5 state=WAIT_BUY buy_order_id=0 sell_order_id=0 chunk_id=0 chunk_qty=0.000000 buy_live=false sell_live=false chunk_live=false
[11:33:58.991] [INFO] [EXEC] STREAM_OWNERSHIP_AUDIT stream_id=6 state=WAIT_BUY buy_order_id=0 sell_order_id=0 chunk_id=0 chunk_qty=0.000000 buy_live=false sell_live=false chunk_live=false
[11:33:58.991] [INFO] [EXEC] STREAM_OWNERSHIP_AUDIT stream_id=7 state=WAIT_BUY buy_order_id=0 sell_order_id=0 chunk_id=0 chunk_qty=0.000000 buy_live=false sell_live=false chunk_live=false
[11:33:58.992] [INFO] [EXEC] STREAM_OWNERSHIP_AUDIT stream_id=8 state=WAIT_BUY buy_order_id=0 sell_order_id=0 chunk_id=0 chunk_qty=0.000000 buy_live=false sell_live=false chunk_live=false
[11:33:58.992] [INFO] [EXEC] STREAM_OWNERSHIP_AUDIT stream_id=9 state=WAIT_BUY buy_order_id=0 sell_order_id=0 chunk_id=0 chunk_qty=0.000000 buy_live=false sell_live=false chunk_live=false
[11:33:58.992] [INFO] [EXEC] STREAM_OWNERSHIP_AUDIT stream_id=10 state=WAIT_BUY buy_order_id=0 sell_order_id=0 chunk_id=0 chunk_qty=0.000000 buy_live=false sell_live=false chunk_live=false
[11:33:58.992] [INFO] [EXEC] STREAM_OWNERSHIP_AUDIT stream_id=11 state=WAIT_BUY buy_order_id=0 sell_order_id=0 chunk_id=0 chunk_qty=0.000000 buy_live=false sell_live=false chunk_live=false
[11:33:58.993] [INFO] [EXEC] STREAM_OWNERSHIP_AUDIT stream_id=12 state=WAIT_BUY buy_order_id=0 sell_order_id=0 chunk_id=0 chunk_qty=0.000000 buy_live=false sell_live=false chunk_live=false
[11:33:58.993] [INFO] [EXEC] STREAM_OWNERSHIP_AUDIT stream_id=13 state=WAIT_BUY buy_order_id=0 sell_order_id=0 chunk_id=0 chunk_qty=0.000000 buy_live=false sell_live=false chunk_live=false
[11:33:58.993] [INFO] [EXEC] STREAM_OWNERSHIP_AUDIT stream_id=14 state=WAIT_BUY buy_order_id=0 sell_order_id=0 chunk_id=0 chunk_qty=0.000000 buy_live=false sell_live=false chunk_live=false
[11:33:58.993] [INFO] [EXEC] STREAM_OWNERSHIP_AUDIT stream_id=15 state=WAIT_BUY buy_order_id=0 sell_order_id=0 chunk_id=0 chunk_qty=0.000000 buy_live=false sell_live=false chunk_live=false
[11:33:58.994] [INFO] [EXEC] STREAM_OWNERSHIP_AUDIT stream_id=16 state=WAIT_BUY buy_order_id=0 sell_order_id=0 chunk_id=0 chunk_qty=0.000000 buy_live=false sell_live=false chunk_live=false
[11:33:58.994] [INFO] [EXEC] STREAM_OWNERSHIP_AUDIT stream_id=17 state=WAIT_BUY buy_order_id=0 sell_order_id=0 chunk_id=0 chunk_qty=0.000000 buy_live=false sell_live=false chunk_live=false
[11:33:58.994] [INFO] [EXEC] STREAM_OWNERSHIP_AUDIT stream_id=18 state=WAIT_BUY buy_order_id=0 sell_order_id=0 chunk_id=0 chunk_qty=0.000000 buy_live=false sell_live=false chunk_live=false
[11:33:58.994] [INFO] [EXEC] STREAM_OWNERSHIP_AUDIT stream_id=19 state=WAIT_BUY buy_order_id=0 sell_order_id=0 chunk_id=0 chunk_qty=0.000000 buy_live=false sell_live=false chunk_live=false
[11:33:58.995] [INFO] [EXEC] STREAM_OWNERSHIP_AUDIT stream_id=20 state=WAIT_BUY buy_order_id=0 sell_order_id=0 chunk_id=0 chunk_qty=0.000000 buy_live=false sell_live=false chunk_live=false
[11:33:58.995] [ERROR] [EXEC] STREAM_STATE_MISMATCH reason=stream_inventory_qty_mismatch inventory_qty=0.000180 stream_chunks=0
[11:33:58.995] [INFO] [EXEC] STREAM_OWNERSHIP_SUMMARY streams_total=20 wait_buy=17 buy_placed=0 sell_active=3 exiting=0 recycle=0 chunks_total=1 stream_chunks=0 orphan_chunks=1 inventory_qty=0.000180 stream_inventory_qty=0.000000 orphan_inventory_qty=0.000180
[11:33:58.996] [ERROR] [EXEC] STREAM_OWNERSHIP_MISMATCH reason=qty_without_stream_chunks qty=0.000180
[11:33:58.996] [WARNING] [EXEC] SMART_EXIT_ORPHAN_INVENTORY qty=0.000180
[11:33:58.996] [ERROR] [EXEC] STREAM_OWNERSHIP_MISMATCH reason=qty_without_stream_chunks qty=0.000180
[11:33:58.997] [ERROR] [EXEC] SMART_EXIT_MAX_ATTEMPTS attempts=55 qty=0.000180
[11:33:59.491] [ERROR] [EXEC] STREAM_OWNERSHIP_MISMATCH reason=qty_without_stream_chunks qty=0.000180
[11:33:59.493] [WARNING] [EXEC] SMART_EXIT_ORPHAN_INVENTORY qty=0.000180
[11:33:59.493] [ERROR] [EXEC] STREAM_OWNERSHIP_MISMATCH reason=qty_without_stream_chunks qty=0.000180
[11:33:59.494] [ERROR] [EXEC] SMART_EXIT_MAX_ATTEMPTS attempts=56 qty=0.000180
[11:33:59.761] [INFO] [EXEC] STREAM_STATS_UI cycles=1 wins=1 losses=0 pnl=+0.000050 winrate=100.00%
[11:33:59.762] [INFO] GUI_PERF tick_ms=0 logs_visible=False gui_log_mode=OFF append_skipped=1887
[11:34:00.006] [ERROR] [EXEC] STREAM_OWNERSHIP_MISMATCH reason=qty_without_stream_chunks qty=0.000180
[11:34:00.007] [WARNING] [EXEC] SMART_EXIT_ORPHAN_INVENTORY qty=0.000180
[11:34:00.007] [ERROR] [EXEC] STREAM_OWNERSHIP_MISMATCH reason=qty_without_stream_chunks qty=0.000180
[11:34:00.007] [ERROR] [EXEC] SMART_EXIT_MAX_ATTEMPTS attempts=57 qty=0.000180
[11:34:00.502] [INFO] [EXEC] STREAM_OWNERSHIP_AUDIT stream_id=1 state=SELL_PLACED buy_order_id=0 sell_order_id=391906307 chunk_id=2497470692480 chunk_qty=0.000000 buy_live=false sell_live=true chunk_live=false
[11:34:00.505] [INFO] [EXEC] STREAM_OWNERSHIP_AUDIT stream_id=2 state=SELL_PLACED buy_order_id=0 sell_order_id=391905133 chunk_id=2497471402432 chunk_qty=0.000000 buy_live=false sell_live=true chunk_live=false
[11:34:00.506] [INFO] [EXEC] STREAM_OWNERSHIP_AUDIT stream_id=3 state=SELL_PLACED buy_order_id=0 sell_order_id=391907369 chunk_id=2497470677504 chunk_qty=0.000180 buy_live=false sell_live=true chunk_live=true
[11:34:00.506] [INFO] [EXEC] STREAM_OWNERSHIP_AUDIT stream_id=4 state=WAIT_BUY buy_order_id=0 sell_order_id=0 chunk_id=0 chunk_qty=0.000000 buy_live=false sell_live=false chunk_live=false
[11:34:00.507] [INFO] [EXEC] STREAM_OWNERSHIP_AUDIT stream_id=5 state=WAIT_BUY buy_order_id=0 sell_order_id=0 chunk_id=0 chunk_qty=0.000000 buy_live=false sell_live=false chunk_live=false
[11:34:00.508] [INFO] [EXEC] STREAM_OWNERSHIP_AUDIT stream_id=6 state=WAIT_BUY buy_order_id=0 sell_order_id=0 chunk_id=0 chunk_qty=0.000000 buy_live=false sell_live=false chunk_live=false
[11:34:00.508] [INFO] [EXEC] STREAM_OWNERSHIP_AUDIT stream_id=7 state=WAIT_BUY buy_order_id=0 sell_order_id=0 chunk_id=0 chunk_qty=0.000000 buy_live=false sell_live=false chunk_live=false
[11:34:00.509] [INFO] [EXEC] STREAM_OWNERSHIP_AUDIT stream_id=8 state=WAIT_BUY buy_order_id=0 sell_order_id=0 chunk_id=0 chunk_qty=0.000000 buy_live=false sell_live=false chunk_live=false
[11:34:00.510] [INFO] [EXEC] STREAM_OWNERSHIP_AUDIT stream_id=9 state=WAIT_BUY buy_order_id=0 sell_order_id=0 chunk_id=0 chunk_qty=0.000000 buy_live=false sell_live=false chunk_live=false
[11:34:00.510] [INFO] [EXEC] STREAM_OWNERSHIP_AUDIT stream_id=10 state=WAIT_BUY buy_order_id=0 sell_order_id=0 chunk_id=0 chunk_qty=0.000000 buy_live=false sell_live=false chunk_live=false
[11:34:00.510] [INFO] [EXEC] STREAM_OWNERSHIP_AUDIT stream_id=11 state=WAIT_BUY buy_order_id=0 sell_order_id=0 chunk_id=0 chunk_qty=0.000000 buy_live=false sell_live=false chunk_live=false
[11:34:00.511] [INFO] [EXEC] STREAM_OWNERSHIP_AUDIT stream_id=12 state=WAIT_BUY buy_order_id=0 sell_order_id=0 chunk_id=0 chunk_qty=0.000000 buy_live=false sell_live=false chunk_live=false
[11:34:00.511] [INFO] [EXEC] STREAM_OWNERSHIP_AUDIT stream_id=13 state=WAIT_BUY buy_order_id=0 sell_order_id=0 chunk_id=0 chunk_qty=0.000000 buy_live=false sell_live=false chunk_live=false
[11:34:00.512] [INFO] [EXEC] STREAM_OWNERSHIP_AUDIT stream_id=14 state=WAIT_BUY buy_order_id=0 sell_order_id=0 chunk_id=0 chunk_qty=0.000000 buy_live=false sell_live=false chunk_live=false
[11:34:00.512] [INFO] [EXEC] STREAM_OWNERSHIP_AUDIT stream_id=15 state=WAIT_BUY buy_order_id=0 sell_order_id=0 chunk_id=0 chunk_qty=0.000000 buy_live=false sell_live=false chunk_live=false
[11:34:00.512] [INFO] [EXEC] STREAM_OWNERSHIP_AUDIT stream_id=16 state=WAIT_BUY buy_order_id=0 sell_order_id=0 chunk_id=0 chunk_qty=0.000000 buy_live=false sell_live=false chunk_live=false
[11:34:00.513] [INFO] [EXEC] STREAM_OWNERSHIP_AUDIT stream_id=17 state=WAIT_BUY buy_order_id=0 sell_order_id=0 chunk_id=0 chunk_qty=0.000000 buy_live=false sell_live=false chunk_live=false
[11:34:00.513] [INFO] [EXEC] STREAM_OWNERSHIP_AUDIT stream_id=18 state=WAIT_BUY buy_order_id=0 sell_order_id=0 chunk_id=0 chunk_qty=0.000000 buy_live=false sell_live=false chunk_live=false
[11:34:00.513] [INFO] [EXEC] STREAM_OWNERSHIP_AUDIT stream_id=19 state=WAIT_BUY buy_order_id=0 sell_order_id=0 chunk_id=0 chunk_qty=0.000000 buy_live=false sell_live=false chunk_live=false
[11:34:00.513] [INFO] [EXEC] STREAM_OWNERSHIP_AUDIT stream_id=20 state=WAIT_BUY buy_order_id=0 sell_order_id=0 chunk_id=0 chunk_qty=0.000000 buy_live=false sell_live=false chunk_live=false
[11:34:00.514] [ERROR] [EXEC] STREAM_STATE_MISMATCH reason=stream_inventory_qty_mismatch inventory_qty=0.000180 stream_chunks=0
[11:34:00.514] [INFO] [EXEC] STREAM_OWNERSHIP_SUMMARY streams_total=20 wait_buy=17 buy_placed=0 sell_active=3 exiting=0 recycle=0 chunks_total=1 stream_chunks=0 orphan_chunks=1 inventory_qty=0.000180 stream_inventory_qty=0.000000 orphan_inventory_qty=0.000180
[11:34:00.515] [ERROR] [EXEC] STREAM_OWNERSHIP_MISMATCH reason=qty_without_stream_chunks qty=0.000180
[11:34:00.515] [WARNING] [EXEC] SMART_EXIT_ORPHAN_INVENTORY qty=0.000180
[11:34:00.515] [ERROR] [EXEC] STREAM_OWNERSHIP_MISMATCH reason=qty_without_stream_chunks qty=0.000180
[11:34:00.516] [ERROR] [EXEC] SMART_EXIT_MAX_ATTEMPTS attempts=58 qty=0.000180
[11:34:01.096] [ERROR] [EXEC] STREAM_OWNERSHIP_MISMATCH reason=qty_without_stream_chunks qty=0.000180
[11:34:01.097] [INFO] GUI_PERF tick_ms=0 logs_visible=False gui_log_mode=OFF append_skipped=1918
[11:34:01.098] [WARNING] [EXEC] SMART_EXIT_ORPHAN_INVENTORY qty=0.000180
[11:34:01.099] [ERROR] [EXEC] STREAM_OWNERSHIP_MISMATCH reason=qty_without_stream_chunks qty=0.000180
[11:34:01.100] [ERROR] [EXEC] SMART_EXIT_MAX_ATTEMPTS attempts=59 qty=0.000180
[11:34:01.498] [ERROR] [EXEC] STREAM_OWNERSHIP_MISMATCH reason=qty_without_stream_chunks qty=0.000180
[11:34:01.499] [WARNING] [EXEC] SMART_EXIT_ORPHAN_INVENTORY qty=0.000180
[11:34:01.501] [ERROR] [EXEC] STREAM_OWNERSHIP_MISMATCH reason=qty_without_stream_chunks qty=0.000180
[11:34:01.502] [ERROR] [EXEC] SMART_EXIT_MAX_ATTEMPTS attempts=60 qty=0.000180
[11:34:01.994] [ERROR] [EXEC] STREAM_OWNERSHIP_MISMATCH reason=qty_without_stream_chunks qty=0.000180
[11:34:01.995] [WARNING] [EXEC] SMART_EXIT_ORPHAN_INVENTORY qty=0.000180
[11:34:01.995] [ERROR] [EXEC] STREAM_OWNERSHIP_MISMATCH reason=qty_without_stream_chunks qty=0.000180
[11:34:01.995] [ERROR] [EXEC] SMART_EXIT_MAX_ATTEMPTS attempts=61 qty=0.000180
[11:34:02.262] [INFO] [EXEC] STREAM_OWNERSHIP_AUDIT stream_id=1 state=SELL_PLACED buy_order_id=0 sell_order_id=391906307 chunk_id=2497470692480 chunk_qty=0.000000 buy_live=false sell_live=true chunk_live=false
[11:34:02.263] [INFO] GUI_PERF tick_ms=0 logs_visible=False gui_log_mode=OFF append_skipped=1930
[11:34:02.264] [INFO] [EXEC] STREAM_OWNERSHIP_AUDIT stream_id=2 state=SELL_PLACED buy_order_id=0 sell_order_id=391905133 chunk_id=2497471402432 chunk_qty=0.000000 buy_live=false sell_live=true chunk_live=false
[11:34:02.264] [INFO] [EXEC] STREAM_OWNERSHIP_AUDIT stream_id=3 state=SELL_PLACED buy_order_id=0 sell_order_id=391907369 chunk_id=2497470677504 chunk_qty=0.000180 buy_live=false sell_live=true chunk_live=true
[11:34:02.265] [INFO] [EXEC] STREAM_OWNERSHIP_AUDIT stream_id=4 state=WAIT_BUY buy_order_id=0 sell_order_id=0 chunk_id=0 chunk_qty=0.000000 buy_live=false sell_live=false chunk_live=false
[11:34:02.265] [INFO] [EXEC] STREAM_OWNERSHIP_AUDIT stream_id=5 state=WAIT_BUY buy_order_id=0 sell_order_id=0 chunk_id=0 chunk_qty=0.000000 buy_live=false sell_live=false chunk_live=false
[11:34:02.266] [INFO] [EXEC] STREAM_OWNERSHIP_AUDIT stream_id=6 state=WAIT_BUY buy_order_id=0 sell_order_id=0 chunk_id=0 chunk_qty=0.000000 buy_live=false sell_live=false chunk_live=false
[11:34:02.266] [INFO] [EXEC] STREAM_OWNERSHIP_AUDIT stream_id=7 state=WAIT_BUY buy_order_id=0 sell_order_id=0 chunk_id=0 chunk_qty=0.000000 buy_live=false sell_live=false chunk_live=false
[11:34:02.267] [INFO] [EXEC] STREAM_OWNERSHIP_AUDIT stream_id=8 state=WAIT_BUY buy_order_id=0 sell_order_id=0 chunk_id=0 chunk_qty=0.000000 buy_live=false sell_live=false chunk_live=false
[11:34:02.267] [INFO] [EXEC] STREAM_OWNERSHIP_AUDIT stream_id=9 state=WAIT_BUY buy_order_id=0 sell_order_id=0 chunk_id=0 chunk_qty=0.000000 buy_live=false sell_live=false chunk_live=false
[11:34:02.268] [INFO] [EXEC] STREAM_OWNERSHIP_AUDIT stream_id=10 state=WAIT_BUY buy_order_id=0 sell_order_id=0 chunk_id=0 chunk_qty=0.000000 buy_live=false sell_live=false chunk_live=false
[11:34:02.268] [INFO] [EXEC] STREAM_OWNERSHIP_AUDIT stream_id=11 state=WAIT_BUY buy_order_id=0 sell_order_id=0 chunk_id=0 chunk_qty=0.000000 buy_live=false sell_live=false chunk_live=false
[11:34:02.269] [INFO] [EXEC] STREAM_OWNERSHIP_AUDIT stream_id=12 state=WAIT_BUY buy_order_id=0 sell_order_id=0 chunk_id=0 chunk_qty=0.000000 buy_live=false sell_live=false chunk_live=false
[11:34:02.269] [INFO] [EXEC] STREAM_OWNERSHIP_AUDIT stream_id=13 state=WAIT_BUY buy_order_id=0 sell_order_id=0 chunk_id=0 chunk_qty=0.000000 buy_live=false sell_live=false chunk_live=false
[11:34:02.269] [INFO] [EXEC] STREAM_OWNERSHIP_AUDIT stream_id=14 state=WAIT_BUY buy_order_id=0 sell_order_id=0 chunk_id=0 chunk_qty=0.000000 buy_live=false sell_live=false chunk_live=false
[11:34:02.270] [INFO] [EXEC] STREAM_OWNERSHIP_AUDIT stream_id=15 state=WAIT_BUY buy_order_id=0 sell_order_id=0 chunk_id=0 chunk_qty=0.000000 buy_live=false sell_live=false chunk_live=false
[11:34:02.270] [INFO] [EXEC] STREAM_OWNERSHIP_AUDIT stream_id=16 state=WAIT_BUY buy_order_id=0 sell_order_id=0 chunk_id=0 chunk_qty=0.000000 buy_live=false sell_live=false chunk_live=false
[11:34:02.270] [INFO] [EXEC] STREAM_OWNERSHIP_AUDIT stream_id=17 state=WAIT_BUY buy_order_id=0 sell_order_id=0 chunk_id=0 chunk_qty=0.000000 buy_live=false sell_live=false chunk_live=false
[11:34:02.271] [INFO] [EXEC] STREAM_OWNERSHIP_AUDIT stream_id=18 state=WAIT_BUY buy_order_id=0 sell_order_id=0 chunk_id=0 chunk_qty=0.000000 buy_live=false sell_live=false chunk_live=false
[11:34:02.271] [INFO] [EXEC] STREAM_OWNERSHIP_AUDIT stream_id=19 state=WAIT_BUY buy_order_id=0 sell_order_id=0 chunk_id=0 chunk_qty=0.000000 buy_live=false sell_live=false chunk_live=false
[11:34:02.271] [INFO] [EXEC] STREAM_OWNERSHIP_AUDIT stream_id=20 state=WAIT_BUY buy_order_id=0 sell_order_id=0 chunk_id=0 chunk_qty=0.000000 buy_live=false sell_live=false chunk_live=false
[11:34:02.272] [ERROR] [EXEC] STREAM_STATE_MISMATCH reason=stream_inventory_qty_mismatch inventory_qty=0.000180 stream_chunks=0
[11:34:02.272] [INFO] [EXEC] STREAM_OWNERSHIP_SUMMARY streams_total=20 wait_buy=17 buy_placed=0 sell_active=3 exiting=0 recycle=0 chunks_total=1 stream_chunks=0 orphan_chunks=1 inventory_qty=0.000180 stream_inventory_qty=0.000000 orphan_inventory_qty=0.000180
[11:34:02.272] [ERROR] [EXEC] STREAM_OWNERSHIP_MISMATCH reason=qty_without_stream_chunks qty=0.000180
[11:34:02.273] [WARNING] [EXEC] SMART_EXIT_ORPHAN_INVENTORY qty=0.000180
[11:34:02.273] [ERROR] [EXEC] STREAM_OWNERSHIP_MISMATCH reason=qty_without_stream_chunks qty=0.000180
[11:34:02.273] [ERROR] [EXEC] SMART_EXIT_MAX_ATTEMPTS attempts=62 qty=0.000180
[11:34:02.759] [ERROR] [EXEC] STREAM_OWNERSHIP_MISMATCH reason=qty_without_stream_chunks qty=0.000180
[11:34:02.761] [WARNING] [EXEC] SMART_EXIT_ORPHAN_INVENTORY qty=0.000180
[11:34:02.762] [ERROR] [EXEC] STREAM_OWNERSHIP_MISMATCH reason=qty_without_stream_chunks qty=0.000180
[11:34:02.763] [ERROR] [EXEC] SMART_EXIT_MAX_ATTEMPTS attempts=63 qty=0.000180
[11:34:03.256] [ERROR] [EXEC] STREAM_OWNERSHIP_MISMATCH reason=qty_without_stream_chunks qty=0.000180
[11:34:03.257] [WARNING] [EXEC] SMART_EXIT_ORPHAN_INVENTORY qty=0.000180
[11:34:03.258] [ERROR] [EXEC] STREAM_OWNERSHIP_MISMATCH reason=qty_without_stream_chunks qty=0.000180
[11:34:03.258] [ERROR] [EXEC] SMART_EXIT_MAX_ATTEMPTS attempts=64 qty=0.000180
[11:34:03.767] [INFO] [EXEC] STREAM_OWNERSHIP_AUDIT stream_id=1 state=SELL_PLACED buy_order_id=0 sell_order_id=391906307 chunk_id=2497470692480 chunk_qty=0.000000 buy_live=false sell_live=true chunk_live=false
[11:34:03.768] [INFO] GUI_PERF tick_ms=0 logs_visible=False gui_log_mode=OFF append_skipped=1964
[11:34:03.768] [INFO] [EXEC] STREAM_OWNERSHIP_AUDIT stream_id=2 state=SELL_PLACED buy_order_id=0 sell_order_id=391905133 chunk_id=2497471402432 chunk_qty=0.000000 buy_live=false sell_live=true chunk_live=false
[11:34:03.769] [INFO] [EXEC] STREAM_OWNERSHIP_AUDIT stream_id=3 state=SELL_PLACED buy_order_id=0 sell_order_id=391907369 chunk_id=2497470677504 chunk_qty=0.000180 buy_live=false sell_live=true chunk_live=true
[11:34:03.769] [INFO] [EXEC] STREAM_OWNERSHIP_AUDIT stream_id=4 state=WAIT_BUY buy_order_id=0 sell_order_id=0 chunk_id=0 chunk_qty=0.000000 buy_live=false sell_live=false chunk_live=false
[11:34:03.769] [INFO] [EXEC] STREAM_OWNERSHIP_AUDIT stream_id=5 state=WAIT_BUY buy_order_id=0 sell_order_id=0 chunk_id=0 chunk_qty=0.000000 buy_live=false sell_live=false chunk_live=false
[11:34:03.770] [INFO] [EXEC] STREAM_OWNERSHIP_AUDIT stream_id=6 state=WAIT_BUY buy_order_id=0 sell_order_id=0 chunk_id=0 chunk_qty=0.000000 buy_live=false sell_live=false chunk_live=false
[11:34:03.770] [INFO] [EXEC] STREAM_OWNERSHIP_AUDIT stream_id=7 state=WAIT_BUY buy_order_id=0 sell_order_id=0 chunk_id=0 chunk_qty=0.000000 buy_live=false sell_live=false chunk_live=false
[11:34:03.770] [INFO] [EXEC] STREAM_OWNERSHIP_AUDIT stream_id=8 state=WAIT_BUY buy_order_id=0 sell_order_id=0 chunk_id=0 chunk_qty=0.000000 buy_live=false sell_live=false chunk_live=false
[11:34:03.771] [INFO] [EXEC] STREAM_OWNERSHIP_AUDIT stream_id=9 state=WAIT_BUY buy_order_id=0 sell_order_id=0 chunk_id=0 chunk_qty=0.000000 buy_live=false sell_live=false chunk_live=false
[11:34:03.771] [INFO] [EXEC] STREAM_OWNERSHIP_AUDIT stream_id=10 state=WAIT_BUY buy_order_id=0 sell_order_id=0 chunk_id=0 chunk_qty=0.000000 buy_live=false sell_live=false chunk_live=false
[11:34:03.771] [INFO] [EXEC] STREAM_OWNERSHIP_AUDIT stream_id=11 state=WAIT_BUY buy_order_id=0 sell_order_id=0 chunk_id=0 chunk_qty=0.000000 buy_live=false sell_live=false chunk_live=false
[11:34:03.771] [INFO] [EXEC] STREAM_OWNERSHIP_AUDIT stream_id=12 state=WAIT_BUY buy_order_id=0 sell_order_id=0 chunk_id=0 chunk_qty=0.000000 buy_live=false sell_live=false chunk_live=false
[11:34:03.772] [INFO] [EXEC] STREAM_OWNERSHIP_AUDIT stream_id=13 state=WAIT_BUY buy_order_id=0 sell_order_id=0 chunk_id=0 chunk_qty=0.000000 buy_live=false sell_live=false chunk_live=false
[11:34:03.772] [INFO] [EXEC] STREAM_OWNERSHIP_AUDIT stream_id=14 state=WAIT_BUY buy_order_id=0 sell_order_id=0 chunk_id=0 chunk_qty=0.000000 buy_live=false sell_live=false chunk_live=false
[11:34:03.772] [INFO] [EXEC] STREAM_OWNERSHIP_AUDIT stream_id=15 state=WAIT_BUY buy_order_id=0 sell_order_id=0 chunk_id=0 chunk_qty=0.000000 buy_live=false sell_live=false chunk_live=false
[11:34:03.772] [INFO] [EXEC] STREAM_OWNERSHIP_AUDIT stream_id=16 state=WAIT_BUY buy_order_id=0 sell_order_id=0 chunk_id=0 chunk_qty=0.000000 buy_live=false sell_live=false chunk_live=false
[11:34:03.773] [INFO] [EXEC] STREAM_OWNERSHIP_AUDIT stream_id=17 state=WAIT_BUY buy_order_id=0 sell_order_id=0 chunk_id=0 chunk_qty=0.000000 buy_live=false sell_live=false chunk_live=false
[11:34:03.773] [INFO] [EXEC] STREAM_OWNERSHIP_AUDIT stream_id=18 state=WAIT_BUY buy_order_id=0 sell_order_id=0 chunk_id=0 chunk_qty=0.000000 buy_live=false sell_live=false chunk_live=false
[11:34:03.773] [INFO] [EXEC] STREAM_OWNERSHIP_AUDIT stream_id=19 state=WAIT_BUY buy_order_id=0 sell_order_id=0 chunk_id=0 chunk_qty=0.000000 buy_live=false sell_live=false chunk_live=false
[11:34:03.773] [INFO] [EXEC] STREAM_OWNERSHIP_AUDIT stream_id=20 state=WAIT_BUY buy_order_id=0 sell_order_id=0 chunk_id=0 chunk_qty=0.000000 buy_live=false sell_live=false chunk_live=false
[11:34:03.774] [ERROR] [EXEC] STREAM_STATE_MISMATCH reason=stream_inventory_qty_mismatch inventory_qty=0.000180 stream_chunks=0
[11:34:03.774] [INFO] [EXEC] STREAM_OWNERSHIP_SUMMARY streams_total=20 wait_buy=17 buy_placed=0 sell_active=3 exiting=0 recycle=0 chunks_total=1 stream_chunks=0 orphan_chunks=1 inventory_qty=0.000180 stream_inventory_qty=0.000000 orphan_inventory_qty=0.000180
[11:34:03.775] [ERROR] [EXEC] STREAM_OWNERSHIP_MISMATCH reason=qty_without_stream_chunks qty=0.000180
[11:34:03.775] [WARNING] [EXEC] SMART_EXIT_ORPHAN_INVENTORY qty=0.000180
[11:34:03.775] [ERROR] [EXEC] STREAM_OWNERSHIP_MISMATCH reason=qty_without_stream_chunks qty=0.000180
[11:34:03.775] [ERROR] [EXEC] SMART_EXIT_MAX_ATTEMPTS attempts=65 qty=0.000180
[11:34:04.265] [ERROR] [EXEC] STREAM_OWNERSHIP_MISMATCH reason=qty_without_stream_chunks qty=0.000180
[11:34:04.266] [WARNING] [EXEC] SMART_EXIT_ORPHAN_INVENTORY qty=0.000180
[11:34:04.266] [ERROR] [EXEC] STREAM_OWNERSHIP_MISMATCH reason=qty_without_stream_chunks qty=0.000180
[11:34:04.266] [ERROR] [EXEC] SMART_EXIT_MAX_ATTEMPTS attempts=66 qty=0.000180
[11:34:04.772] [ERROR] [EXEC] STREAM_OWNERSHIP_MISMATCH reason=qty_without_stream_chunks qty=0.000180
[11:34:04.773] [INFO] GUI_PERF tick_ms=0 logs_visible=False gui_log_mode=OFF append_skipped=1994
[11:34:04.773] [WARNING] [EXEC] SMART_EXIT_ORPHAN_INVENTORY qty=0.000180
[11:34:04.774] [ERROR] [EXEC] STREAM_OWNERSHIP_MISMATCH reason=qty_without_stream_chunks qty=0.000180
[11:34:04.774] [ERROR] [EXEC] SMART_EXIT_MAX_ATTEMPTS attempts=67 qty=0.000180
[11:34:05.084] [INFO] [EXEC] STREAM_STATS_UI cycles=1 wins=1 losses=0 pnl=+0.000050 winrate=100.00%
[11:34:05.273] [INFO] [EXEC] STREAM_OWNERSHIP_AUDIT stream_id=1 state=SELL_PLACED buy_order_id=0 sell_order_id=391906307 chunk_id=2497470692480 chunk_qty=0.000000 buy_live=false sell_live=true chunk_live=false
[11:34:05.273] [INFO] [EXEC] STREAM_OWNERSHIP_AUDIT stream_id=2 state=SELL_PLACED buy_order_id=0 sell_order_id=391905133 chunk_id=2497471402432 chunk_qty=0.000000 buy_live=false sell_live=true chunk_live=false
[11:34:05.274] [INFO] [EXEC] STREAM_OWNERSHIP_AUDIT stream_id=3 state=SELL_PLACED buy_order_id=0 sell_order_id=391907369 chunk_id=2497470677504 chunk_qty=0.000180 buy_live=false sell_live=true chunk_live=true
[11:34:05.274] [INFO] [EXEC] STREAM_OWNERSHIP_AUDIT stream_id=4 state=WAIT_BUY buy_order_id=0 sell_order_id=0 chunk_id=0 chunk_qty=0.000000 buy_live=false sell_live=false chunk_live=false
[11:34:05.274] [INFO] [EXEC] STREAM_OWNERSHIP_AUDIT stream_id=5 state=WAIT_BUY buy_order_id=0 sell_order_id=0 chunk_id=0 chunk_qty=0.000000 buy_live=false sell_live=false chunk_live=false
[11:34:05.275] [INFO] [EXEC] STREAM_OWNERSHIP_AUDIT stream_id=6 state=WAIT_BUY buy_order_id=0 sell_order_id=0 chunk_id=0 chunk_qty=0.000000 buy_live=false sell_live=false chunk_live=false
[11:34:05.275] [INFO] [EXEC] STREAM_OWNERSHIP_AUDIT stream_id=7 state=WAIT_BUY buy_order_id=0 sell_order_id=0 chunk_id=0 chunk_qty=0.000000 buy_live=false sell_live=false chunk_live=false
[11:34:05.276] [INFO] [EXEC] STREAM_OWNERSHIP_AUDIT stream_id=8 state=WAIT_BUY buy_order_id=0 sell_order_id=0 chunk_id=0 chunk_qty=0.000000 buy_live=false sell_live=false chunk_live=false
[11:34:05.276] [INFO] [EXEC] STREAM_OWNERSHIP_AUDIT stream_id=9 state=WAIT_BUY buy_order_id=0 sell_order_id=0 chunk_id=0 chunk_qty=0.000000 buy_live=false sell_live=false chunk_live=false
[11:34:05.276] [INFO] [EXEC] STREAM_OWNERSHIP_AUDIT stream_id=10 state=WAIT_BUY buy_order_id=0 sell_order_id=0 chunk_id=0 chunk_qty=0.000000 buy_live=false sell_live=false chunk_live=false
[11:34:05.277] [INFO] [EXEC] STREAM_OWNERSHIP_AUDIT stream_id=11 state=WAIT_BUY buy_order_id=0 sell_order_id=0 chunk_id=0 chunk_qty=0.000000 buy_live=false sell_live=false chunk_live=false
[11:34:05.277] [INFO] [EXEC] STREAM_OWNERSHIP_AUDIT stream_id=12 state=WAIT_BUY buy_order_id=0 sell_order_id=0 chunk_id=0 chunk_qty=0.000000 buy_live=false sell_live=false chunk_live=false
[11:34:05.277] [INFO] [EXEC] STREAM_OWNERSHIP_AUDIT stream_id=13 state=WAIT_BUY buy_order_id=0 sell_order_id=0 chunk_id=0 chunk_qty=0.000000 buy_live=false sell_live=false chunk_live=false
[11:34:05.278] [INFO] [EXEC] STREAM_OWNERSHIP_AUDIT stream_id=14 state=WAIT_BUY buy_order_id=0 sell_order_id=0 chunk_id=0 chunk_qty=0.000000 buy_live=false sell_live=false chunk_live=false
[11:34:05.278] [INFO] [EXEC] STREAM_OWNERSHIP_AUDIT stream_id=15 state=WAIT_BUY buy_order_id=0 sell_order_id=0 chunk_id=0 chunk_qty=0.000000 buy_live=false sell_live=false chunk_live=false
[11:34:05.278] [INFO] [EXEC] STREAM_OWNERSHIP_AUDIT stream_id=16 state=WAIT_BUY buy_order_id=0 sell_order_id=0 chunk_id=0 chunk_qty=0.000000 buy_live=false sell_live=false chunk_live=false
[11:34:05.279] [INFO] [EXEC] STREAM_OWNERSHIP_AUDIT stream_id=17 state=WAIT_BUY buy_order_id=0 sell_order_id=0 chunk_id=0 chunk_qty=0.000000 buy_live=false sell_live=false chunk_live=false
[11:34:05.279] [INFO] [EXEC] STREAM_OWNERSHIP_AUDIT stream_id=18 state=WAIT_BUY buy_order_id=0 sell_order_id=0 chunk_id=0 chunk_qty=0.000000 buy_live=false sell_live=false chunk_live=false
[11:34:05.279] [INFO] [EXEC] STREAM_OWNERSHIP_AUDIT stream_id=19 state=WAIT_BUY buy_order_id=0 sell_order_id=0 chunk_id=0 chunk_qty=0.000000 buy_live=false sell_live=false chunk_live=false
[11:34:05.279] [INFO] [EXEC] STREAM_OWNERSHIP_AUDIT stream_id=20 state=WAIT_BUY buy_order_id=0 sell_order_id=0 chunk_id=0 chunk_qty=0.000000 buy_live=false sell_live=false chunk_live=false
[11:34:05.279] [ERROR] [EXEC] STREAM_STATE_MISMATCH reason=stream_inventory_qty_mismatch inventory_qty=0.000180 stream_chunks=0
[11:34:05.280] [INFO] [EXEC] STREAM_OWNERSHIP_SUMMARY streams_total=20 wait_buy=17 buy_placed=0 sell_active=3 exiting=0 recycle=0 chunks_total=1 stream_chunks=0 orphan_chunks=1 inventory_qty=0.000180 stream_inventory_qty=0.000000 orphan_inventory_qty=0.000180
[11:34:05.280] [ERROR] [EXEC] STREAM_OWNERSHIP_MISMATCH reason=qty_without_stream_chunks qty=0.000180
[11:34:05.281] [WARNING] [EXEC] SMART_EXIT_ORPHAN_INVENTORY qty=0.000180
[11:34:05.281] [ERROR] [EXEC] STREAM_OWNERSHIP_MISMATCH reason=qty_without_stream_chunks qty=0.000180
[11:34:05.281] [ERROR] [EXEC] SMART_EXIT_MAX_ATTEMPTS attempts=68 qty=0.000180
[11:34:05.768] [ERROR] [EXEC] STREAM_OWNERSHIP_MISMATCH reason=qty_without_stream_chunks qty=0.000180
[11:34:05.768] [WARNING] [EXEC] SMART_EXIT_ORPHAN_INVENTORY qty=0.000180
[11:34:05.768] [ERROR] [EXEC] STREAM_OWNERSHIP_MISMATCH reason=qty_without_stream_chunks qty=0.000180
[11:34:05.769] [ERROR] [EXEC] SMART_EXIT_MAX_ATTEMPTS attempts=69 qty=0.000180
[11:34:06.265] [ERROR] [EXEC] STREAM_OWNERSHIP_MISMATCH reason=qty_without_stream_chunks qty=0.000180
[11:34:06.266] [INFO] GUI_PERF tick_ms=0 logs_visible=False gui_log_mode=OFF append_skipped=2029
[11:34:06.267] [WARNING] [EXEC] SMART_EXIT_ORPHAN_INVENTORY qty=0.000180
[11:34:06.268] [ERROR] [EXEC] STREAM_OWNERSHIP_MISMATCH reason=qty_without_stream_chunks qty=0.000180
[11:34:06.269] [ERROR] [EXEC] SMART_EXIT_MAX_ATTEMPTS attempts=70 qty=0.000180
[11:34:06.761] [ERROR] [EXEC] STREAM_OWNERSHIP_MISMATCH reason=qty_without_stream_chunks qty=0.000180
[11:34:06.762] [WARNING] [EXEC] SMART_EXIT_ORPHAN_INVENTORY qty=0.000180
[11:34:06.762] [ERROR] [EXEC] STREAM_OWNERSHIP_MISMATCH reason=qty_without_stream_chunks qty=0.000180
[11:34:06.762] [ERROR] [EXEC] SMART_EXIT_MAX_ATTEMPTS attempts=71 qty=0.000180
[11:34:07.522] [INFO] [EXEC] STREAM_OWNERSHIP_AUDIT stream_id=1 state=SELL_PLACED buy_order_id=0 sell_order_id=391906307 chunk_id=2497470692480 chunk_qty=0.000000 buy_live=false sell_live=true chunk_live=false
[11:34:07.524] [INFO] GUI_PERF tick_ms=0 logs_visible=False gui_log_mode=OFF append_skipped=2037
[11:34:07.525] [INFO] [EXEC] STREAM_OWNERSHIP_AUDIT stream_id=2 state=SELL_PLACED buy_order_id=0 sell_order_id=391905133 chunk_id=2497471402432 chunk_qty=0.000000 buy_live=false sell_live=true chunk_live=false
[11:34:07.525] [INFO] [EXEC] STREAM_OWNERSHIP_AUDIT stream_id=3 state=SELL_PLACED buy_order_id=0 sell_order_id=391907369 chunk_id=2497470677504 chunk_qty=0.000180 buy_live=false sell_live=true chunk_live=true
[11:34:07.526] [INFO] [EXEC] STREAM_OWNERSHIP_AUDIT stream_id=4 state=WAIT_BUY buy_order_id=0 sell_order_id=0 chunk_id=0 chunk_qty=0.000000 buy_live=false sell_live=false chunk_live=false
[11:34:07.527] [INFO] [EXEC] STREAM_OWNERSHIP_AUDIT stream_id=5 state=WAIT_BUY buy_order_id=0 sell_order_id=0 chunk_id=0 chunk_qty=0.000000 buy_live=false sell_live=false chunk_live=false
[11:34:07.527] [INFO] [EXEC] STREAM_OWNERSHIP_AUDIT stream_id=6 state=WAIT_BUY buy_order_id=0 sell_order_id=0 chunk_id=0 chunk_qty=0.000000 buy_live=false sell_live=false chunk_live=false
[11:34:07.528] [INFO] [EXEC] STREAM_OWNERSHIP_AUDIT stream_id=7 state=WAIT_BUY buy_order_id=0 sell_order_id=0 chunk_id=0 chunk_qty=0.000000 buy_live=false sell_live=false chunk_live=false
[11:34:07.528] [INFO] [EXEC] STREAM_OWNERSHIP_AUDIT stream_id=8 state=WAIT_BUY buy_order_id=0 sell_order_id=0 chunk_id=0 chunk_qty=0.000000 buy_live=false sell_live=false chunk_live=false
[11:34:07.529] [INFO] [EXEC] STREAM_OWNERSHIP_AUDIT stream_id=9 state=WAIT_BUY buy_order_id=0 sell_order_id=0 chunk_id=0 chunk_qty=0.000000 buy_live=false sell_live=false chunk_live=false
[11:34:07.530] [INFO] [EXEC] STREAM_OWNERSHIP_AUDIT stream_id=10 state=WAIT_BUY buy_order_id=0 sell_order_id=0 chunk_id=0 chunk_qty=0.000000 buy_live=false sell_live=false chunk_live=false
[11:34:07.530] [INFO] [EXEC] STREAM_OWNERSHIP_AUDIT stream_id=11 state=WAIT_BUY buy_order_id=0 sell_order_id=0 chunk_id=0 chunk_qty=0.000000 buy_live=false sell_live=false chunk_live=false
[11:34:07.531] [INFO] [EXEC] STREAM_OWNERSHIP_AUDIT stream_id=12 state=WAIT_BUY buy_order_id=0 sell_order_id=0 chunk_id=0 chunk_qty=0.000000 buy_live=false sell_live=false chunk_live=false
[11:34:07.531] [INFO] [EXEC] STREAM_OWNERSHIP_AUDIT stream_id=13 state=WAIT_BUY buy_order_id=0 sell_order_id=0 chunk_id=0 chunk_qty=0.000000 buy_live=false sell_live=false chunk_live=false
[11:34:07.532] [INFO] [EXEC] STREAM_OWNERSHIP_AUDIT stream_id=14 state=WAIT_BUY buy_order_id=0 sell_order_id=0 chunk_id=0 chunk_qty=0.000000 buy_live=false sell_live=false chunk_live=false
[11:34:07.532] [INFO] [EXEC] STREAM_OWNERSHIP_AUDIT stream_id=15 state=WAIT_BUY buy_order_id=0 sell_order_id=0 chunk_id=0 chunk_qty=0.000000 buy_live=false sell_live=false chunk_live=false
[11:34:07.533] [INFO] [EXEC] STREAM_OWNERSHIP_AUDIT stream_id=16 state=WAIT_BUY buy_order_id=0 sell_order_id=0 chunk_id=0 chunk_qty=0.000000 buy_live=false sell_live=false chunk_live=false
[11:34:07.533] [INFO] [EXEC] STREAM_OWNERSHIP_AUDIT stream_id=17 state=WAIT_BUY buy_order_id=0 sell_order_id=0 chunk_id=0 chunk_qty=0.000000 buy_live=false sell_live=false chunk_live=false
[11:34:07.533] [INFO] [EXEC] STREAM_OWNERSHIP_AUDIT stream_id=18 state=WAIT_BUY buy_order_id=0 sell_order_id=0 chunk_id=0 chunk_qty=0.000000 buy_live=false sell_live=false chunk_live=false
[11:34:07.534] [INFO] [EXEC] STREAM_OWNERSHIP_AUDIT stream_id=19 state=WAIT_BUY buy_order_id=0 sell_order_id=0 chunk_id=0 chunk_qty=0.000000 buy_live=false sell_live=false chunk_live=false
[11:34:07.534] [INFO] [EXEC] STREAM_OWNERSHIP_AUDIT stream_id=20 state=WAIT_BUY buy_order_id=0 sell_order_id=0 chunk_id=0 chunk_qty=0.000000 buy_live=false sell_live=false chunk_live=false
[11:34:07.535] [ERROR] [EXEC] STREAM_STATE_MISMATCH reason=stream_inventory_qty_mismatch inventory_qty=0.000180 stream_chunks=0
[11:34:07.535] [INFO] [EXEC] STREAM_OWNERSHIP_SUMMARY streams_total=20 wait_buy=17 buy_placed=0 sell_active=3 exiting=0 recycle=0 chunks_total=1 stream_chunks=0 orphan_chunks=1 inventory_qty=0.000180 stream_inventory_qty=0.000000 orphan_inventory_qty=0.000180
[11:34:07.536] [ERROR] [EXEC] STREAM_OWNERSHIP_MISMATCH reason=qty_without_stream_chunks qty=0.000180
[11:34:07.536] [WARNING] [EXEC] SMART_EXIT_ORPHAN_INVENTORY qty=0.000180
[11:34:07.536] [ERROR] [EXEC] STREAM_OWNERSHIP_MISMATCH reason=qty_without_stream_chunks qty=0.000180
[11:34:07.536] [ERROR] [EXEC] SMART_EXIT_MAX_ATTEMPTS attempts=72 qty=0.000180
[11:34:08.018] [ERROR] [EXEC] STREAM_OWNERSHIP_MISMATCH reason=qty_without_stream_chunks qty=0.000180
[11:34:08.019] [WARNING] [EXEC] SMART_EXIT_ORPHAN_INVENTORY qty=0.000180
[11:34:08.019] [ERROR] [EXEC] STREAM_OWNERSHIP_MISMATCH reason=qty_without_stream_chunks qty=0.000180
[11:34:08.020] [ERROR] [EXEC] SMART_EXIT_MAX_ATTEMPTS attempts=73 qty=0.000180
[11:34:08.515] [ERROR] [EXEC] STREAM_OWNERSHIP_MISMATCH reason=qty_without_stream_chunks qty=0.000180
[11:34:08.516] [WARNING] [EXEC] SMART_EXIT_ORPHAN_INVENTORY qty=0.000180
[11:34:08.517] [ERROR] [EXEC] STREAM_OWNERSHIP_MISMATCH reason=qty_without_stream_chunks qty=0.000180
[11:34:08.518] [ERROR] [EXEC] SMART_EXIT_MAX_ATTEMPTS attempts=74 qty=0.000180
[11:34:09.025] [INFO] [EXEC] STREAM_OWNERSHIP_AUDIT stream_id=1 state=SELL_PLACED buy_order_id=0 sell_order_id=391906307 chunk_id=2497470692480 chunk_qty=0.000000 buy_live=false sell_live=true chunk_live=false
[11:34:09.026] [INFO] GUI_PERF tick_ms=0 logs_visible=False gui_log_mode=OFF append_skipped=2071
[11:34:09.026] [INFO] [EXEC] STREAM_OWNERSHIP_AUDIT stream_id=2 state=SELL_PLACED buy_order_id=0 sell_order_id=391905133 chunk_id=2497471402432 chunk_qty=0.000000 buy_live=false sell_live=true chunk_live=false
[11:34:09.026] [INFO] [EXEC] STREAM_OWNERSHIP_AUDIT stream_id=3 state=SELL_PLACED buy_order_id=0 sell_order_id=391907369 chunk_id=2497470677504 chunk_qty=0.000180 buy_live=false sell_live=true chunk_live=true
[11:34:09.027] [INFO] [EXEC] STREAM_OWNERSHIP_AUDIT stream_id=4 state=WAIT_BUY buy_order_id=0 sell_order_id=0 chunk_id=0 chunk_qty=0.000000 buy_live=false sell_live=false chunk_live=false
[11:34:09.027] [INFO] [EXEC] STREAM_OWNERSHIP_AUDIT stream_id=5 state=WAIT_BUY buy_order_id=0 sell_order_id=0 chunk_id=0 chunk_qty=0.000000 buy_live=false sell_live=false chunk_live=false
[11:34:09.027] [INFO] [EXEC] STREAM_OWNERSHIP_AUDIT stream_id=6 state=WAIT_BUY buy_order_id=0 sell_order_id=0 chunk_id=0 chunk_qty=0.000000 buy_live=false sell_live=false chunk_live=false
[11:34:09.028] [INFO] [EXEC] STREAM_OWNERSHIP_AUDIT stream_id=7 state=WAIT_BUY buy_order_id=0 sell_order_id=0 chunk_id=0 chunk_qty=0.000000 buy_live=false sell_live=false chunk_live=false
[11:34:09.028] [INFO] [EXEC] STREAM_OWNERSHIP_AUDIT stream_id=8 state=WAIT_BUY buy_order_id=0 sell_order_id=0 chunk_id=0 chunk_qty=0.000000 buy_live=false sell_live=false chunk_live=false
[11:34:09.028] [INFO] [EXEC] STREAM_OWNERSHIP_AUDIT stream_id=9 state=WAIT_BUY buy_order_id=0 sell_order_id=0 chunk_id=0 chunk_qty=0.000000 buy_live=false sell_live=false chunk_live=false
[11:34:09.028] [INFO] [EXEC] STREAM_OWNERSHIP_AUDIT stream_id=10 state=WAIT_BUY buy_order_id=0 sell_order_id=0 chunk_id=0 chunk_qty=0.000000 buy_live=false sell_live=false chunk_live=false
[11:34:09.029] [INFO] [EXEC] STREAM_OWNERSHIP_AUDIT stream_id=11 state=WAIT_BUY buy_order_id=0 sell_order_id=0 chunk_id=0 chunk_qty=0.000000 buy_live=false sell_live=false chunk_live=false
[11:34:09.029] [INFO] [EXEC] STREAM_OWNERSHIP_AUDIT stream_id=12 state=WAIT_BUY buy_order_id=0 sell_order_id=0 chunk_id=0 chunk_qty=0.000000 buy_live=false sell_live=false chunk_live=false
[11:34:09.029] [INFO] [EXEC] STREAM_OWNERSHIP_AUDIT stream_id=13 state=WAIT_BUY buy_order_id=0 sell_order_id=0 chunk_id=0 chunk_qty=0.000000 buy_live=false sell_live=false chunk_live=false
[11:34:09.029] [INFO] [EXEC] STREAM_OWNERSHIP_AUDIT stream_id=14 state=WAIT_BUY buy_order_id=0 sell_order_id=0 chunk_id=0 chunk_qty=0.000000 buy_live=false sell_live=false chunk_live=false
[11:34:09.030] [INFO] [EXEC] STREAM_OWNERSHIP_AUDIT stream_id=15 state=WAIT_BUY buy_order_id=0 sell_order_id=0 chunk_id=0 chunk_qty=0.000000 buy_live=false sell_live=false chunk_live=false
[11:34:09.030] [INFO] [EXEC] STREAM_OWNERSHIP_AUDIT stream_id=16 state=WAIT_BUY buy_order_id=0 sell_order_id=0 chunk_id=0 chunk_qty=0.000000 buy_live=false sell_live=false chunk_live=false
[11:34:09.030] [INFO] [EXEC] STREAM_OWNERSHIP_AUDIT stream_id=17 state=WAIT_BUY buy_order_id=0 sell_order_id=0 chunk_id=0 chunk_qty=0.000000 buy_live=false sell_live=false chunk_live=false
[11:34:09.031] [INFO] [EXEC] STREAM_OWNERSHIP_AUDIT stream_id=18 state=WAIT_BUY buy_order_id=0 sell_order_id=0 chunk_id=0 chunk_qty=0.000000 buy_live=false sell_live=false chunk_live=false
[11:34:09.031] [INFO] [EXEC] STREAM_OWNERSHIP_AUDIT stream_id=19 state=WAIT_BUY buy_order_id=0 sell_order_id=0 chunk_id=0 chunk_qty=0.000000 buy_live=false sell_live=false chunk_live=false
[11:34:09.032] [INFO] [EXEC] STREAM_OWNERSHIP_AUDIT stream_id=20 state=WAIT_BUY buy_order_id=0 sell_order_id=0 chunk_id=0 chunk_qty=0.000000 buy_live=false sell_live=false chunk_live=false
[11:34:09.032] [ERROR] [EXEC] STREAM_STATE_MISMATCH reason=stream_inventory_qty_mismatch inventory_qty=0.000180 stream_chunks=0
[11:34:09.032] [INFO] [EXEC] STREAM_OWNERSHIP_SUMMARY streams_total=20 wait_buy=17 buy_placed=0 sell_active=3 exiting=0 recycle=0 chunks_total=1 stream_chunks=0 orphan_chunks=1 inventory_qty=0.000180 stream_inventory_qty=0.000000 orphan_inventory_qty=0.000180
[11:34:09.033] [ERROR] [EXEC] STREAM_OWNERSHIP_MISMATCH reason=qty_without_stream_chunks qty=0.000180
[11:34:09.034] [WARNING] [EXEC] SMART_EXIT_ORPHAN_INVENTORY qty=0.000180
[11:34:09.034] [ERROR] [EXEC] STREAM_OWNERSHIP_MISMATCH reason=qty_without_stream_chunks qty=0.000180
[11:34:09.034] [ERROR] [EXEC] SMART_EXIT_MAX_ATTEMPTS attempts=75 qty=0.000180
[11:34:09.540] [ERROR] [EXEC] STREAM_OWNERSHIP_MISMATCH reason=qty_without_stream_chunks qty=0.000180
[11:34:09.541] [WARNING] [EXEC] SMART_EXIT_ORPHAN_INVENTORY qty=0.000180
[11:34:09.542] [ERROR] [EXEC] STREAM_OWNERSHIP_MISMATCH reason=qty_without_stream_chunks qty=0.000180
[11:34:09.543] [ERROR] [EXEC] SMART_EXIT_MAX_ATTEMPTS attempts=76 qty=0.000180
[11:34:10.034] [ERROR] [EXEC] STREAM_OWNERSHIP_MISMATCH reason=qty_without_stream_chunks qty=0.000180
[11:34:10.035] [INFO] GUI_PERF tick_ms=0 logs_visible=False gui_log_mode=OFF append_skipped=2101
[11:34:10.035] [WARNING] [EXEC] SMART_EXIT_ORPHAN_INVENTORY qty=0.000180
[11:34:10.036] [ERROR] [EXEC] STREAM_OWNERSHIP_MISMATCH reason=qty_without_stream_chunks qty=0.000180
[11:34:10.036] [ERROR] [EXEC] SMART_EXIT_MAX_ATTEMPTS attempts=77 qty=0.000180
[11:34:10.293] [INFO] [EXEC] STREAM_STATS_UI cycles=1 wins=1 losses=0 pnl=+0.000050 winrate=100.00%
[11:34:10.531] [INFO] [EXEC] STREAM_OWNERSHIP_AUDIT stream_id=1 state=SELL_PLACED buy_order_id=0 sell_order_id=391906307 chunk_id=2497470692480 chunk_qty=0.000000 buy_live=false sell_live=true chunk_live=false
[11:34:10.533] [INFO] [EXEC] STREAM_OWNERSHIP_AUDIT stream_id=2 state=SELL_PLACED buy_order_id=0 sell_order_id=391905133 chunk_id=2497471402432 chunk_qty=0.000000 buy_live=false sell_live=true chunk_live=false
[11:34:10.534] [INFO] [EXEC] STREAM_OWNERSHIP_AUDIT stream_id=3 state=SELL_PLACED buy_order_id=0 sell_order_id=391907369 chunk_id=2497470677504 chunk_qty=0.000180 buy_live=false sell_live=true chunk_live=true
[11:34:10.534] [INFO] [EXEC] STREAM_OWNERSHIP_AUDIT stream_id=4 state=WAIT_BUY buy_order_id=0 sell_order_id=0 chunk_id=0 chunk_qty=0.000000 buy_live=false sell_live=false chunk_live=false
[11:34:10.535] [INFO] [EXEC] STREAM_OWNERSHIP_AUDIT stream_id=5 state=WAIT_BUY buy_order_id=0 sell_order_id=0 chunk_id=0 chunk_qty=0.000000 buy_live=false sell_live=false chunk_live=false
[11:34:10.536] [INFO] [EXEC] STREAM_OWNERSHIP_AUDIT stream_id=6 state=WAIT_BUY buy_order_id=0 sell_order_id=0 chunk_id=0 chunk_qty=0.000000 buy_live=false sell_live=false chunk_live=false
[11:34:10.537] [INFO] [EXEC] STREAM_OWNERSHIP_AUDIT stream_id=7 state=WAIT_BUY buy_order_id=0 sell_order_id=0 chunk_id=0 chunk_qty=0.000000 buy_live=false sell_live=false chunk_live=false
[11:34:10.538] [INFO] [EXEC] STREAM_OWNERSHIP_AUDIT stream_id=8 state=WAIT_BUY buy_order_id=0 sell_order_id=0 chunk_id=0 chunk_qty=0.000000 buy_live=false sell_live=false chunk_live=false
[11:34:10.539] [INFO] [EXEC] STREAM_OWNERSHIP_AUDIT stream_id=9 state=WAIT_BUY buy_order_id=0 sell_order_id=0 chunk_id=0 chunk_qty=0.000000 buy_live=false sell_live=false chunk_live=false
[11:34:10.539] [INFO] [EXEC] STREAM_OWNERSHIP_AUDIT stream_id=10 state=WAIT_BUY buy_order_id=0 sell_order_id=0 chunk_id=0 chunk_qty=0.000000 buy_live=false sell_live=false chunk_live=false
[11:34:10.540] [INFO] [EXEC] STREAM_OWNERSHIP_AUDIT stream_id=11 state=WAIT_BUY buy_order_id=0 sell_order_id=0 chunk_id=0 chunk_qty=0.000000 buy_live=false sell_live=false chunk_live=false
[11:34:10.541] [INFO] [EXEC] STREAM_OWNERSHIP_AUDIT stream_id=12 state=WAIT_BUY buy_order_id=0 sell_order_id=0 chunk_id=0 chunk_qty=0.000000 buy_live=false sell_live=false chunk_live=false
[11:34:10.541] [INFO] [EXEC] STREAM_OWNERSHIP_AUDIT stream_id=13 state=WAIT_BUY buy_order_id=0 sell_order_id=0 chunk_id=0 chunk_qty=0.000000 buy_live=false sell_live=false chunk_live=false
[11:34:10.542] [INFO] [EXEC] STREAM_OWNERSHIP_AUDIT stream_id=14 state=WAIT_BUY buy_order_id=0 sell_order_id=0 chunk_id=0 chunk_qty=0.000000 buy_live=false sell_live=false chunk_live=false
[11:34:10.543] [INFO] [EXEC] STREAM_OWNERSHIP_AUDIT stream_id=15 state=WAIT_BUY buy_order_id=0 sell_order_id=0 chunk_id=0 chunk_qty=0.000000 buy_live=false sell_live=false chunk_live=false
[11:34:10.543] [INFO] [EXEC] STREAM_OWNERSHIP_AUDIT stream_id=16 state=WAIT_BUY buy_order_id=0 sell_order_id=0 chunk_id=0 chunk_qty=0.000000 buy_live=false sell_live=false chunk_live=false
[11:34:10.544] [INFO] [EXEC] STREAM_OWNERSHIP_AUDIT stream_id=17 state=WAIT_BUY buy_order_id=0 sell_order_id=0 chunk_id=0 chunk_qty=0.000000 buy_live=false sell_live=false chunk_live=false
[11:34:10.545] [INFO] [EXEC] STREAM_OWNERSHIP_AUDIT stream_id=18 state=WAIT_BUY buy_order_id=0 sell_order_id=0 chunk_id=0 chunk_qty=0.000000 buy_live=false sell_live=false chunk_live=false
[11:34:10.545] [INFO] [EXEC] STREAM_OWNERSHIP_AUDIT stream_id=19 state=WAIT_BUY buy_order_id=0 sell_order_id=0 chunk_id=0 chunk_qty=0.000000 buy_live=false sell_live=false chunk_live=false
[11:34:10.546] [INFO] [EXEC] STREAM_OWNERSHIP_AUDIT stream_id=20 state=WAIT_BUY buy_order_id=0 sell_order_id=0 chunk_id=0 chunk_qty=0.000000 buy_live=false sell_live=false chunk_live=false
[11:34:10.546] [ERROR] [EXEC] STREAM_STATE_MISMATCH reason=stream_inventory_qty_mismatch inventory_qty=0.000180 stream_chunks=0
[11:34:10.547] [INFO] [EXEC] STREAM_OWNERSHIP_SUMMARY streams_total=20 wait_buy=17 buy_placed=0 sell_active=3 exiting=0 recycle=0 chunks_total=1 stream_chunks=0 orphan_chunks=1 inventory_qty=0.000180 stream_inventory_qty=0.000000 orphan_inventory_qty=0.000180
[11:34:10.547] [ERROR] [EXEC] STREAM_OWNERSHIP_MISMATCH reason=qty_without_stream_chunks qty=0.000180
[11:34:10.548] [WARNING] [EXEC] SMART_EXIT_ORPHAN_INVENTORY qty=0.000180
[11:34:10.548] [ERROR] [EXEC] STREAM_OWNERSHIP_MISMATCH reason=qty_without_stream_chunks qty=0.000180
[11:34:10.548] [ERROR] [EXEC] SMART_EXIT_MAX_ATTEMPTS attempts=78 qty=0.000180
[11:34:11.029] [ERROR] [EXEC] STREAM_OWNERSHIP_MISMATCH reason=qty_without_stream_chunks qty=0.000180
[11:34:11.030] [WARNING] [EXEC] SMART_EXIT_ORPHAN_INVENTORY qty=0.000180
[11:34:11.030] [ERROR] [EXEC] STREAM_OWNERSHIP_MISMATCH reason=qty_without_stream_chunks qty=0.000180
[11:34:11.032] [ERROR] [EXEC] SMART_EXIT_MAX_ATTEMPTS attempts=79 qty=0.000180
[11:34:11.528] [ERROR] [EXEC] STREAM_OWNERSHIP_MISMATCH reason=qty_without_stream_chunks qty=0.000180
[11:34:11.529] [INFO] GUI_PERF tick_ms=0 logs_visible=False gui_log_mode=OFF append_skipped=2136
[11:34:11.529] [WARNING] [EXEC] SMART_EXIT_ORPHAN_INVENTORY qty=0.000180
[11:34:11.529] [ERROR] [EXEC] STREAM_OWNERSHIP_MISMATCH reason=qty_without_stream_chunks qty=0.000180
[11:34:11.530] [ERROR] [EXEC] SMART_EXIT_MAX_ATTEMPTS attempts=80 qty=0.000180
[11:34:12.026] [ERROR] [EXEC] STREAM_OWNERSHIP_MISMATCH reason=qty_without_stream_chunks qty=0.000180
[11:34:12.027] [WARNING] [EXEC] SMART_EXIT_ORPHAN_INVENTORY qty=0.000180
[11:34:12.027] [ERROR] [EXEC] STREAM_OWNERSHIP_MISMATCH reason=qty_without_stream_chunks qty=0.000180
[11:34:12.027] [ERROR] [EXEC] SMART_EXIT_MAX_ATTEMPTS attempts=81 qty=0.000180
[11:34:12.540] [INFO] [EXEC] STREAM_OWNERSHIP_AUDIT stream_id=1 state=SELL_PLACED buy_order_id=0 sell_order_id=391906307 chunk_id=2497470692480 chunk_qty=0.000000 buy_live=false sell_live=true chunk_live=false
[11:34:12.541] [INFO] GUI_PERF tick_ms=0 logs_visible=False gui_log_mode=OFF append_skipped=2144
[11:34:12.543] [INFO] [EXEC] STREAM_OWNERSHIP_AUDIT stream_id=2 state=SELL_PLACED buy_order_id=0 sell_order_id=391905133 chunk_id=2497471402432 chunk_qty=0.000000 buy_live=false sell_live=true chunk_live=false
[11:34:12.544] [INFO] [EXEC] STREAM_OWNERSHIP_AUDIT stream_id=3 state=SELL_PLACED buy_order_id=0 sell_order_id=391907369 chunk_id=2497470677504 chunk_qty=0.000180 buy_live=false sell_live=true chunk_live=true
[11:34:12.545] [INFO] [EXEC] STREAM_OWNERSHIP_AUDIT stream_id=4 state=WAIT_BUY buy_order_id=0 sell_order_id=0 chunk_id=0 chunk_qty=0.000000 buy_live=false sell_live=false chunk_live=false
[11:34:12.546] [INFO] [EXEC] STREAM_OWNERSHIP_AUDIT stream_id=5 state=WAIT_BUY buy_order_id=0 sell_order_id=0 chunk_id=0 chunk_qty=0.000000 buy_live=false sell_live=false chunk_live=false
[11:34:12.546] [INFO] [EXEC] STREAM_OWNERSHIP_AUDIT stream_id=6 state=WAIT_BUY buy_order_id=0 sell_order_id=0 chunk_id=0 chunk_qty=0.000000 buy_live=false sell_live=false chunk_live=false
[11:34:12.547] [INFO] [EXEC] STREAM_OWNERSHIP_AUDIT stream_id=7 state=WAIT_BUY buy_order_id=0 sell_order_id=0 chunk_id=0 chunk_qty=0.000000 buy_live=false sell_live=false chunk_live=false
[11:34:12.548] [INFO] [EXEC] STREAM_OWNERSHIP_AUDIT stream_id=8 state=WAIT_BUY buy_order_id=0 sell_order_id=0 chunk_id=0 chunk_qty=0.000000 buy_live=false sell_live=false chunk_live=false
[11:34:12.549] [INFO] [EXEC] STREAM_OWNERSHIP_AUDIT stream_id=9 state=WAIT_BUY buy_order_id=0 sell_order_id=0 chunk_id=0 chunk_qty=0.000000 buy_live=false sell_live=false chunk_live=false
[11:34:12.549] [INFO] [EXEC] STREAM_OWNERSHIP_AUDIT stream_id=10 state=WAIT_BUY buy_order_id=0 sell_order_id=0 chunk_id=0 chunk_qty=0.000000 buy_live=false sell_live=false chunk_live=false
[11:34:12.550] [INFO] [EXEC] STREAM_OWNERSHIP_AUDIT stream_id=11 state=WAIT_BUY buy_order_id=0 sell_order_id=0 chunk_id=0 chunk_qty=0.000000 buy_live=false sell_live=false chunk_live=false
[11:34:12.550] [INFO] [EXEC] STREAM_OWNERSHIP_AUDIT stream_id=12 state=WAIT_BUY buy_order_id=0 sell_order_id=0 chunk_id=0 chunk_qty=0.000000 buy_live=false sell_live=false chunk_live=false
[11:34:12.551] [INFO] [EXEC] STREAM_OWNERSHIP_AUDIT stream_id=13 state=WAIT_BUY buy_order_id=0 sell_order_id=0 chunk_id=0 chunk_qty=0.000000 buy_live=false sell_live=false chunk_live=false
[11:34:12.552] [INFO] [EXEC] STREAM_OWNERSHIP_AUDIT stream_id=14 state=WAIT_BUY buy_order_id=0 sell_order_id=0 chunk_id=0 chunk_qty=0.000000 buy_live=false sell_live=false chunk_live=false
[11:34:12.553] [INFO] [EXEC] STREAM_OWNERSHIP_AUDIT stream_id=15 state=WAIT_BUY buy_order_id=0 sell_order_id=0 chunk_id=0 chunk_qty=0.000000 buy_live=false sell_live=false chunk_live=false
[11:34:12.554] [INFO] [EXEC] STREAM_OWNERSHIP_AUDIT stream_id=16 state=WAIT_BUY buy_order_id=0 sell_order_id=0 chunk_id=0 chunk_qty=0.000000 buy_live=false sell_live=false chunk_live=false
[11:34:12.554] [INFO] [EXEC] STREAM_OWNERSHIP_AUDIT stream_id=17 state=WAIT_BUY buy_order_id=0 sell_order_id=0 chunk_id=0 chunk_qty=0.000000 buy_live=false sell_live=false chunk_live=false
[11:34:12.555] [INFO] [EXEC] STREAM_OWNERSHIP_AUDIT stream_id=18 state=WAIT_BUY buy_order_id=0 sell_order_id=0 chunk_id=0 chunk_qty=0.000000 buy_live=false sell_live=false chunk_live=false
[11:34:12.555] [INFO] [EXEC] STREAM_OWNERSHIP_AUDIT stream_id=19 state=WAIT_BUY buy_order_id=0 sell_order_id=0 chunk_id=0 chunk_qty=0.000000 buy_live=false sell_live=false chunk_live=false
[11:34:12.555] [INFO] [EXEC] STREAM_OWNERSHIP_AUDIT stream_id=20 state=WAIT_BUY buy_order_id=0 sell_order_id=0 chunk_id=0 chunk_qty=0.000000 buy_live=false sell_live=false chunk_live=false
[11:34:12.556] [ERROR] [EXEC] STREAM_STATE_MISMATCH reason=stream_inventory_qty_mismatch inventory_qty=0.000180 stream_chunks=0
[11:34:12.557] [INFO] [EXEC] STREAM_OWNERSHIP_SUMMARY streams_total=20 wait_buy=17 buy_placed=0 sell_active=3 exiting=0 recycle=0 chunks_total=1 stream_chunks=0 orphan_chunks=1 inventory_qty=0.000180 stream_inventory_qty=0.000000 orphan_inventory_qty=0.000180
[11:34:12.558] [ERROR] [EXEC] STREAM_OWNERSHIP_MISMATCH reason=qty_without_stream_chunks qty=0.000180
[11:34:12.559] [WARNING] [EXEC] SMART_EXIT_ORPHAN_INVENTORY qty=0.000180
[11:34:12.559] [ERROR] [EXEC] STREAM_OWNERSHIP_MISMATCH reason=qty_without_stream_chunks qty=0.000180
[11:34:12.560] [ERROR] [EXEC] SMART_EXIT_MAX_ATTEMPTS attempts=82 qty=0.000180
[11:34:13.086] [ERROR] [EXEC] STREAM_OWNERSHIP_MISMATCH reason=qty_without_stream_chunks qty=0.000180
[11:34:13.086] [WARNING] [EXEC] SMART_EXIT_ORPHAN_INVENTORY qty=0.000180
[11:34:13.087] [ERROR] [EXEC] STREAM_OWNERSHIP_MISMATCH reason=qty_without_stream_chunks qty=0.000180
[11:34:13.087] [ERROR] [EXEC] SMART_EXIT_MAX_ATTEMPTS attempts=83 qty=0.000180
[11:34:13.541] [ERROR] [EXEC] STREAM_OWNERSHIP_MISMATCH reason=qty_without_stream_chunks qty=0.000180
[11:34:13.542] [INFO] GUI_PERF tick_ms=0 logs_visible=False gui_log_mode=OFF append_skipped=2174
[11:34:13.543] [WARNING] [EXEC] SMART_EXIT_ORPHAN_INVENTORY qty=0.000180
[11:34:13.543] [ERROR] [EXEC] STREAM_OWNERSHIP_MISMATCH reason=qty_without_stream_chunks qty=0.000180
[11:34:13.544] [ERROR] [EXEC] SMART_EXIT_MAX_ATTEMPTS attempts=84 qty=0.000180
[11:34:14.032] [ERROR] [EXEC] STREAM_OWNERSHIP_MISMATCH reason=qty_without_stream_chunks qty=0.000180
[11:34:14.033] [WARNING] [EXEC] SMART_EXIT_ORPHAN_INVENTORY qty=0.000180
[11:34:14.033] [ERROR] [EXEC] STREAM_OWNERSHIP_MISMATCH reason=qty_without_stream_chunks qty=0.000180
[11:34:14.033] [ERROR] [EXEC] SMART_EXIT_MAX_ATTEMPTS attempts=85 qty=0.000180
[11:34:15.032] [INFO] [EXEC] STREAM_OWNERSHIP_AUDIT stream_id=1 state=SELL_PLACED buy_order_id=0 sell_order_id=391906307 chunk_id=2497470692480 chunk_qty=0.000000 buy_live=false sell_live=true chunk_live=false
[11:34:15.033] [INFO] GUI_PERF tick_ms=0 logs_visible=False gui_log_mode=OFF append_skipped=2182
[11:34:15.033] [INFO] [EXEC] STREAM_OWNERSHIP_AUDIT stream_id=2 state=SELL_PLACED buy_order_id=0 sell_order_id=391905133 chunk_id=2497471402432 chunk_qty=0.000000 buy_live=false sell_live=true chunk_live=false
[11:34:15.033] [INFO] [EXEC] STREAM_OWNERSHIP_AUDIT stream_id=3 state=SELL_PLACED buy_order_id=0 sell_order_id=391907369 chunk_id=2497470677504 chunk_qty=0.000180 buy_live=false sell_live=true chunk_live=true
[11:34:15.034] [INFO] [EXEC] STREAM_OWNERSHIP_AUDIT stream_id=4 state=WAIT_BUY buy_order_id=0 sell_order_id=0 chunk_id=0 chunk_qty=0.000000 buy_live=false sell_live=false chunk_live=false
[11:34:15.034] [INFO] [EXEC] STREAM_OWNERSHIP_AUDIT stream_id=5 state=WAIT_BUY buy_order_id=0 sell_order_id=0 chunk_id=0 chunk_qty=0.000000 buy_live=false sell_live=false chunk_live=false
[11:34:15.034] [INFO] [EXEC] STREAM_OWNERSHIP_AUDIT stream_id=6 state=WAIT_BUY buy_order_id=0 sell_order_id=0 chunk_id=0 chunk_qty=0.000000 buy_live=false sell_live=false chunk_live=false
[11:34:15.035] [INFO] [EXEC] STREAM_OWNERSHIP_AUDIT stream_id=7 state=WAIT_BUY buy_order_id=0 sell_order_id=0 chunk_id=0 chunk_qty=0.000000 buy_live=false sell_live=false chunk_live=false
[11:34:15.035] [INFO] [EXEC] STREAM_OWNERSHIP_AUDIT stream_id=8 state=WAIT_BUY buy_order_id=0 sell_order_id=0 chunk_id=0 chunk_qty=0.000000 buy_live=false sell_live=false chunk_live=false
[11:34:15.036] [INFO] [EXEC] STREAM_OWNERSHIP_AUDIT stream_id=9 state=WAIT_BUY buy_order_id=0 sell_order_id=0 chunk_id=0 chunk_qty=0.000000 buy_live=false sell_live=false chunk_live=false
[11:34:15.036] [INFO] [EXEC] STREAM_OWNERSHIP_AUDIT stream_id=10 state=WAIT_BUY buy_order_id=0 sell_order_id=0 chunk_id=0 chunk_qty=0.000000 buy_live=false sell_live=false chunk_live=false
[11:34:15.036] [INFO] [EXEC] STREAM_OWNERSHIP_AUDIT stream_id=11 state=WAIT_BUY buy_order_id=0 sell_order_id=0 chunk_id=0 chunk_qty=0.000000 buy_live=false sell_live=false chunk_live=false
[11:34:15.037] [INFO] [EXEC] STREAM_OWNERSHIP_AUDIT stream_id=12 state=WAIT_BUY buy_order_id=0 sell_order_id=0 chunk_id=0 chunk_qty=0.000000 buy_live=false sell_live=false chunk_live=false
[11:34:15.038] [INFO] [EXEC] STREAM_OWNERSHIP_AUDIT stream_id=13 state=WAIT_BUY buy_order_id=0 sell_order_id=0 chunk_id=0 chunk_qty=0.000000 buy_live=false sell_live=false chunk_live=false
[11:34:15.038] [INFO] [EXEC] STREAM_OWNERSHIP_AUDIT stream_id=14 state=WAIT_BUY buy_order_id=0 sell_order_id=0 chunk_id=0 chunk_qty=0.000000 buy_live=false sell_live=false chunk_live=false
[11:34:15.039] [INFO] [EXEC] STREAM_OWNERSHIP_AUDIT stream_id=15 state=WAIT_BUY buy_order_id=0 sell_order_id=0 chunk_id=0 chunk_qty=0.000000 buy_live=false sell_live=false chunk_live=false
[11:34:15.039] [INFO] [EXEC] STREAM_OWNERSHIP_AUDIT stream_id=16 state=WAIT_BUY buy_order_id=0 sell_order_id=0 chunk_id=0 chunk_qty=0.000000 buy_live=false sell_live=false chunk_live=false
[11:34:15.039] [INFO] [EXEC] STREAM_OWNERSHIP_AUDIT stream_id=17 state=WAIT_BUY buy_order_id=0 sell_order_id=0 chunk_id=0 chunk_qty=0.000000 buy_live=false sell_live=false chunk_live=false
[11:34:15.040] [INFO] [EXEC] STREAM_OWNERSHIP_AUDIT stream_id=18 state=WAIT_BUY buy_order_id=0 sell_order_id=0 chunk_id=0 chunk_qty=0.000000 buy_live=false sell_live=false chunk_live=false
[11:34:15.040] [INFO] [EXEC] STREAM_OWNERSHIP_AUDIT stream_id=19 state=WAIT_BUY buy_order_id=0 sell_order_id=0 chunk_id=0 chunk_qty=0.000000 buy_live=false sell_live=false chunk_live=false
[11:34:15.040] [INFO] [EXEC] STREAM_OWNERSHIP_AUDIT stream_id=20 state=WAIT_BUY buy_order_id=0 sell_order_id=0 chunk_id=0 chunk_qty=0.000000 buy_live=false sell_live=false chunk_live=false
[11:34:15.041] [ERROR] [EXEC] STREAM_STATE_MISMATCH reason=stream_inventory_qty_mismatch inventory_qty=0.000180 stream_chunks=0
[11:34:15.041] [INFO] [EXEC] STREAM_OWNERSHIP_SUMMARY streams_total=20 wait_buy=17 buy_placed=0 sell_active=3 exiting=0 recycle=0 chunks_total=1 stream_chunks=0 orphan_chunks=1 inventory_qty=0.000180 stream_inventory_qty=0.000000 orphan_inventory_qty=0.000180
[11:34:15.042] [ERROR] [EXEC] STREAM_OWNERSHIP_MISMATCH reason=qty_without_stream_chunks qty=0.000180
[11:34:15.042] [WARNING] [EXEC] SMART_EXIT_ORPHAN_INVENTORY qty=0.000180
[11:34:15.043] [ERROR] [EXEC] STREAM_OWNERSHIP_MISMATCH reason=qty_without_stream_chunks qty=0.000180
[11:34:15.043] [ERROR] [EXEC] SMART_EXIT_MAX_ATTEMPTS attempts=86 qty=0.000180
[11:34:15.301] [INFO] [EXEC] STREAM_STATS_UI cycles=1 wins=1 losses=0 pnl=+0.000050 winrate=100.00%
[11:34:15.542] [ERROR] [EXEC] STREAM_OWNERSHIP_MISMATCH reason=qty_without_stream_chunks qty=0.000180
[11:34:15.543] [WARNING] [EXEC] SMART_EXIT_ORPHAN_INVENTORY qty=0.000180
[11:34:15.544] [ERROR] [EXEC] STREAM_OWNERSHIP_MISMATCH reason=qty_without_stream_chunks qty=0.000180
[11:34:15.545] [ERROR] [EXEC] SMART_EXIT_MAX_ATTEMPTS attempts=87 qty=0.000180
[11:34:16.069] [ERROR] [EXEC] STREAM_OWNERSHIP_MISMATCH reason=qty_without_stream_chunks qty=0.000180
[11:34:16.069] [INFO] GUI_PERF tick_ms=0 logs_visible=False gui_log_mode=OFF append_skipped=2213
[11:34:16.070] [WARNING] [EXEC] SMART_EXIT_ORPHAN_INVENTORY qty=0.000180
[11:34:16.070] [ERROR] [EXEC] STREAM_OWNERSHIP_MISMATCH reason=qty_without_stream_chunks qty=0.000180
[11:34:16.071] [ERROR] [EXEC] SMART_EXIT_MAX_ATTEMPTS attempts=88 qty=0.000180
[11:34:16.566] [INFO] [EXEC] STREAM_OWNERSHIP_AUDIT stream_id=1 state=SELL_PLACED buy_order_id=0 sell_order_id=391906307 chunk_id=2497470692480 chunk_qty=0.000000 buy_live=false sell_live=true chunk_live=false
[11:34:16.566] [INFO] [EXEC] STREAM_OWNERSHIP_AUDIT stream_id=2 state=SELL_PLACED buy_order_id=0 sell_order_id=391905133 chunk_id=2497471402432 chunk_qty=0.000000 buy_live=false sell_live=true chunk_live=false
[11:34:16.567] [INFO] [EXEC] STREAM_OWNERSHIP_AUDIT stream_id=3 state=SELL_PLACED buy_order_id=0 sell_order_id=391907369 chunk_id=2497470677504 chunk_qty=0.000180 buy_live=false sell_live=true chunk_live=true
[11:34:16.567] [INFO] [EXEC] STREAM_OWNERSHIP_AUDIT stream_id=4 state=WAIT_BUY buy_order_id=0 sell_order_id=0 chunk_id=0 chunk_qty=0.000000 buy_live=false sell_live=false chunk_live=false
[11:34:16.568] [INFO] [EXEC] STREAM_OWNERSHIP_AUDIT stream_id=5 state=WAIT_BUY buy_order_id=0 sell_order_id=0 chunk_id=0 chunk_qty=0.000000 buy_live=false sell_live=false chunk_live=false
[11:34:16.568] [INFO] [EXEC] STREAM_OWNERSHIP_AUDIT stream_id=6 state=WAIT_BUY buy_order_id=0 sell_order_id=0 chunk_id=0 chunk_qty=0.000000 buy_live=false sell_live=false chunk_live=false
[11:34:16.569] [INFO] [EXEC] STREAM_OWNERSHIP_AUDIT stream_id=7 state=WAIT_BUY buy_order_id=0 sell_order_id=0 chunk_id=0 chunk_qty=0.000000 buy_live=false sell_live=false chunk_live=false
[11:34:16.570] [INFO] [EXEC] STREAM_OWNERSHIP_AUDIT stream_id=8 state=WAIT_BUY buy_order_id=0 sell_order_id=0 chunk_id=0 chunk_qty=0.000000 buy_live=false sell_live=false chunk_live=false
[11:34:16.571] [INFO] [EXEC] STREAM_OWNERSHIP_AUDIT stream_id=9 state=WAIT_BUY buy_order_id=0 sell_order_id=0 chunk_id=0 chunk_qty=0.000000 buy_live=false sell_live=false chunk_live=false
[11:34:16.572] [INFO] [EXEC] STREAM_OWNERSHIP_AUDIT stream_id=10 state=WAIT_BUY buy_order_id=0 sell_order_id=0 chunk_id=0 chunk_qty=0.000000 buy_live=false sell_live=false chunk_live=false
[11:34:16.573] [INFO] [EXEC] STREAM_OWNERSHIP_AUDIT stream_id=11 state=WAIT_BUY buy_order_id=0 sell_order_id=0 chunk_id=0 chunk_qty=0.000000 buy_live=false sell_live=false chunk_live=false
[11:34:16.574] [INFO] [EXEC] STREAM_OWNERSHIP_AUDIT stream_id=12 state=WAIT_BUY buy_order_id=0 sell_order_id=0 chunk_id=0 chunk_qty=0.000000 buy_live=false sell_live=false chunk_live=false
[11:34:16.575] [INFO] [EXEC] STREAM_OWNERSHIP_AUDIT stream_id=13 state=WAIT_BUY buy_order_id=0 sell_order_id=0 chunk_id=0 chunk_qty=0.000000 buy_live=false sell_live=false chunk_live=false
[11:34:16.576] [INFO] [EXEC] STREAM_OWNERSHIP_AUDIT stream_id=14 state=WAIT_BUY buy_order_id=0 sell_order_id=0 chunk_id=0 chunk_qty=0.000000 buy_live=false sell_live=false chunk_live=false
[11:34:16.577] [INFO] [EXEC] STREAM_OWNERSHIP_AUDIT stream_id=15 state=WAIT_BUY buy_order_id=0 sell_order_id=0 chunk_id=0 chunk_qty=0.000000 buy_live=false sell_live=false chunk_live=false
[11:34:16.579] [INFO] [EXEC] STREAM_OWNERSHIP_AUDIT stream_id=16 state=WAIT_BUY buy_order_id=0 sell_order_id=0 chunk_id=0 chunk_qty=0.000000 buy_live=false sell_live=false chunk_live=false
[11:34:16.580] [INFO] [EXEC] STREAM_OWNERSHIP_AUDIT stream_id=17 state=WAIT_BUY buy_order_id=0 sell_order_id=0 chunk_id=0 chunk_qty=0.000000 buy_live=false sell_live=false chunk_live=false
[11:34:16.581] [INFO] [EXEC] STREAM_OWNERSHIP_AUDIT stream_id=18 state=WAIT_BUY buy_order_id=0 sell_order_id=0 chunk_id=0 chunk_qty=0.000000 buy_live=false sell_live=false chunk_live=false
[11:34:16.581] [INFO] [EXEC] STREAM_OWNERSHIP_AUDIT stream_id=19 state=WAIT_BUY buy_order_id=0 sell_order_id=0 chunk_id=0 chunk_qty=0.000000 buy_live=false sell_live=false chunk_live=false
[11:34:16.582] [INFO] [EXEC] STREAM_OWNERSHIP_AUDIT stream_id=20 state=WAIT_BUY buy_order_id=0 sell_order_id=0 chunk_id=0 chunk_qty=0.000000 buy_live=false sell_live=false chunk_live=false
[11:34:16.582] [ERROR] [EXEC] STREAM_STATE_MISMATCH reason=stream_inventory_qty_mismatch inventory_qty=0.000180 stream_chunks=0
[11:34:16.583] [INFO] [EXEC] STREAM_OWNERSHIP_SUMMARY streams_total=20 wait_buy=17 buy_placed=0 sell_active=3 exiting=0 recycle=0 chunks_total=1 stream_chunks=0 orphan_chunks=1 inventory_qty=0.000180 stream_inventory_qty=0.000000 orphan_inventory_qty=0.000180
[11:34:16.584] [ERROR] [EXEC] STREAM_OWNERSHIP_MISMATCH reason=qty_without_stream_chunks qty=0.000180
[11:34:16.585] [WARNING] [EXEC] SMART_EXIT_ORPHAN_INVENTORY qty=0.000180
[11:34:16.585] [ERROR] [EXEC] STREAM_OWNERSHIP_MISMATCH reason=qty_without_stream_chunks qty=0.000180
[11:34:16.585] [ERROR] [EXEC] SMART_EXIT_MAX_ATTEMPTS attempts=89 qty=0.000180
[11:34:17.069] [ERROR] [EXEC] STREAM_OWNERSHIP_MISMATCH reason=qty_without_stream_chunks qty=0.000180
[11:34:17.070] [INFO] GUI_PERF tick_ms=0 logs_visible=False gui_log_mode=OFF append_skipped=2243
[11:34:17.071] [WARNING] [EXEC] SMART_EXIT_ORPHAN_INVENTORY qty=0.000180
[11:34:17.072] [ERROR] [EXEC] STREAM_OWNERSHIP_MISMATCH reason=qty_without_stream_chunks qty=0.000180
[11:34:17.072] [ERROR] [EXEC] SMART_EXIT_MAX_ATTEMPTS attempts=90 qty=0.000180
[11:34:17.566] [ERROR] [EXEC] STREAM_OWNERSHIP_MISMATCH reason=qty_without_stream_chunks qty=0.000180
[11:34:17.567] [WARNING] [EXEC] SMART_EXIT_ORPHAN_INVENTORY qty=0.000180
[11:34:17.568] [ERROR] [EXEC] STREAM_OWNERSHIP_MISMATCH reason=qty_without_stream_chunks qty=0.000180
[11:34:17.569] [ERROR] [EXEC] SMART_EXIT_MAX_ATTEMPTS attempts=91 qty=0.000180
[11:34:18.066] [INFO] [EXEC] STREAM_OWNERSHIP_AUDIT stream_id=1 state=SELL_PLACED buy_order_id=0 sell_order_id=391906307 chunk_id=2497470692480 chunk_qty=0.000000 buy_live=false sell_live=true chunk_live=false
[11:34:18.067] [INFO] [EXEC] STREAM_OWNERSHIP_AUDIT stream_id=2 state=SELL_PLACED buy_order_id=0 sell_order_id=391905133 chunk_id=2497471402432 chunk_qty=0.000000 buy_live=false sell_live=true chunk_live=false
[11:34:18.068] [INFO] [EXEC] STREAM_OWNERSHIP_AUDIT stream_id=3 state=SELL_PLACED buy_order_id=0 sell_order_id=391907369 chunk_id=2497470677504 chunk_qty=0.000180 buy_live=false sell_live=true chunk_live=true
[11:34:18.069] [INFO] [EXEC] STREAM_OWNERSHIP_AUDIT stream_id=4 state=WAIT_BUY buy_order_id=0 sell_order_id=0 chunk_id=0 chunk_qty=0.000000 buy_live=false sell_live=false chunk_live=false
[11:34:18.069] [INFO] [EXEC] STREAM_OWNERSHIP_AUDIT stream_id=5 state=WAIT_BUY buy_order_id=0 sell_order_id=0 chunk_id=0 chunk_qty=0.000000 buy_live=false sell_live=false chunk_live=false
[11:34:18.070] [INFO] GUI_PERF tick_ms=0 logs_visible=False gui_log_mode=OFF append_skipped=2255
[11:34:18.071] [INFO] [EXEC] STREAM_OWNERSHIP_AUDIT stream_id=6 state=WAIT_BUY buy_order_id=0 sell_order_id=0 chunk_id=0 chunk_qty=0.000000 buy_live=false sell_live=false chunk_live=false
[11:34:18.072] [INFO] [EXEC] STREAM_OWNERSHIP_AUDIT stream_id=7 state=WAIT_BUY buy_order_id=0 sell_order_id=0 chunk_id=0 chunk_qty=0.000000 buy_live=false sell_live=false chunk_live=false
[11:34:18.072] [INFO] [EXEC] STREAM_OWNERSHIP_AUDIT stream_id=8 state=WAIT_BUY buy_order_id=0 sell_order_id=0 chunk_id=0 chunk_qty=0.000000 buy_live=false sell_live=false chunk_live=false
[11:34:18.073] [INFO] [EXEC] STREAM_OWNERSHIP_AUDIT stream_id=9 state=WAIT_BUY buy_order_id=0 sell_order_id=0 chunk_id=0 chunk_qty=0.000000 buy_live=false sell_live=false chunk_live=false
[11:34:18.074] [INFO] [EXEC] STREAM_OWNERSHIP_AUDIT stream_id=10 state=WAIT_BUY buy_order_id=0 sell_order_id=0 chunk_id=0 chunk_qty=0.000000 buy_live=false sell_live=false chunk_live=false
[11:34:18.074] [INFO] [EXEC] STREAM_OWNERSHIP_AUDIT stream_id=11 state=WAIT_BUY buy_order_id=0 sell_order_id=0 chunk_id=0 chunk_qty=0.000000 buy_live=false sell_live=false chunk_live=false
[11:34:18.075] [INFO] [EXEC] STREAM_OWNERSHIP_AUDIT stream_id=12 state=WAIT_BUY buy_order_id=0 sell_order_id=0 chunk_id=0 chunk_qty=0.000000 buy_live=false sell_live=false chunk_live=false
[11:34:18.075] [INFO] [EXEC] STREAM_OWNERSHIP_AUDIT stream_id=13 state=WAIT_BUY buy_order_id=0 sell_order_id=0 chunk_id=0 chunk_qty=0.000000 buy_live=false sell_live=false chunk_live=false
[11:34:18.076] [INFO] [EXEC] STREAM_OWNERSHIP_AUDIT stream_id=14 state=WAIT_BUY buy_order_id=0 sell_order_id=0 chunk_id=0 chunk_qty=0.000000 buy_live=false sell_live=false chunk_live=false
[11:34:18.076] [INFO] [EXEC] STREAM_OWNERSHIP_AUDIT stream_id=15 state=WAIT_BUY buy_order_id=0 sell_order_id=0 chunk_id=0 chunk_qty=0.000000 buy_live=false sell_live=false chunk_live=false
[11:34:18.077] [INFO] [EXEC] STREAM_OWNERSHIP_AUDIT stream_id=16 state=WAIT_BUY buy_order_id=0 sell_order_id=0 chunk_id=0 chunk_qty=0.000000 buy_live=false sell_live=false chunk_live=false
[11:34:18.077] [INFO] [EXEC] STREAM_OWNERSHIP_AUDIT stream_id=17 state=WAIT_BUY buy_order_id=0 sell_order_id=0 chunk_id=0 chunk_qty=0.000000 buy_live=false sell_live=false chunk_live=false
[11:34:18.078] [INFO] [EXEC] STREAM_OWNERSHIP_AUDIT stream_id=18 state=WAIT_BUY buy_order_id=0 sell_order_id=0 chunk_id=0 chunk_qty=0.000000 buy_live=false sell_live=false chunk_live=false
[11:34:18.079] [INFO] [EXEC] STREAM_OWNERSHIP_AUDIT stream_id=19 state=WAIT_BUY buy_order_id=0 sell_order_id=0 chunk_id=0 chunk_qty=0.000000 buy_live=false sell_live=false chunk_live=false
[11:34:18.079] [INFO] [EXEC] STREAM_OWNERSHIP_AUDIT stream_id=20 state=WAIT_BUY buy_order_id=0 sell_order_id=0 chunk_id=0 chunk_qty=0.000000 buy_live=false sell_live=false chunk_live=false
[11:34:18.080] [ERROR] [EXEC] STREAM_STATE_MISMATCH reason=stream_inventory_qty_mismatch inventory_qty=0.000180 stream_chunks=0
[11:34:18.080] [INFO] [EXEC] STREAM_OWNERSHIP_SUMMARY streams_total=20 wait_buy=17 buy_placed=0 sell_active=3 exiting=0 recycle=0 chunks_total=1 stream_chunks=0 orphan_chunks=1 inventory_qty=0.000180 stream_inventory_qty=0.000000 orphan_inventory_qty=0.000180
[11:34:18.081] [ERROR] [EXEC] STREAM_OWNERSHIP_MISMATCH reason=qty_without_stream_chunks qty=0.000180
[11:34:18.081] [WARNING] [EXEC] SMART_EXIT_ORPHAN_INVENTORY qty=0.000180
[11:34:18.081] [ERROR] [EXEC] STREAM_OWNERSHIP_MISMATCH reason=qty_without_stream_chunks qty=0.000180
[11:34:18.082] [ERROR] [EXEC] SMART_EXIT_MAX_ATTEMPTS attempts=92 qty=0.000180
[11:34:18.563] [ERROR] [EXEC] STREAM_OWNERSHIP_MISMATCH reason=qty_without_stream_chunks qty=0.000180
[11:34:18.564] [WARNING] [EXEC] SMART_EXIT_ORPHAN_INVENTORY qty=0.000180
[11:34:18.564] [ERROR] [EXEC] STREAM_OWNERSHIP_MISMATCH reason=qty_without_stream_chunks qty=0.000180
[11:34:18.564] [ERROR] [EXEC] SMART_EXIT_MAX_ATTEMPTS attempts=93 qty=0.000180
[11:34:19.086] [ERROR] [EXEC] STREAM_OWNERSHIP_MISMATCH reason=qty_without_stream_chunks qty=0.000180
[11:34:19.087] [INFO] GUI_PERF tick_ms=0 logs_visible=False gui_log_mode=OFF append_skipped=2281
[11:34:19.087] [WARNING] [EXEC] SMART_EXIT_ORPHAN_INVENTORY qty=0.000180
[11:34:19.088] [ERROR] [EXEC] STREAM_OWNERSHIP_MISMATCH reason=qty_without_stream_chunks qty=0.000180
[11:34:19.088] [ERROR] [EXEC] SMART_EXIT_MAX_ATTEMPTS attempts=94 qty=0.000180
[11:34:19.558] [ERROR] [EXEC] STREAM_OWNERSHIP_MISMATCH reason=qty_without_stream_chunks qty=0.000180
[11:34:19.559] [WARNING] [EXEC] SMART_EXIT_ORPHAN_INVENTORY qty=0.000180
[11:34:19.560] [ERROR] [EXEC] STREAM_OWNERSHIP_MISMATCH reason=qty_without_stream_chunks qty=0.000180
[11:34:19.561] [ERROR] [EXEC] SMART_EXIT_MAX_ATTEMPTS attempts=95 qty=0.000180
[11:34:20.064] [INFO] [EXEC] STREAM_OWNERSHIP_AUDIT stream_id=1 state=SELL_PLACED buy_order_id=0 sell_order_id=391906307 chunk_id=2497470692480 chunk_qty=0.000000 buy_live=false sell_live=true chunk_live=false
[11:34:20.065] [INFO] [EXEC] STREAM_OWNERSHIP_AUDIT stream_id=2 state=SELL_PLACED buy_order_id=0 sell_order_id=391905133 chunk_id=2497471402432 chunk_qty=0.000000 buy_live=false sell_live=true chunk_live=false
[11:34:20.066] [INFO] [EXEC] STREAM_OWNERSHIP_AUDIT stream_id=3 state=SELL_PLACED buy_order_id=0 sell_order_id=391907369 chunk_id=2497470677504 chunk_qty=0.000180 buy_live=false sell_live=true chunk_live=true
[11:34:20.066] [INFO] [EXEC] STREAM_OWNERSHIP_AUDIT stream_id=4 state=WAIT_BUY buy_order_id=0 sell_order_id=0 chunk_id=0 chunk_qty=0.000000 buy_live=false sell_live=false chunk_live=false
[11:34:20.066] [INFO] [EXEC] STREAM_OWNERSHIP_AUDIT stream_id=5 state=WAIT_BUY buy_order_id=0 sell_order_id=0 chunk_id=0 chunk_qty=0.000000 buy_live=false sell_live=false chunk_live=false
[11:34:20.067] [INFO] [EXEC] STREAM_OWNERSHIP_AUDIT stream_id=6 state=WAIT_BUY buy_order_id=0 sell_order_id=0 chunk_id=0 chunk_qty=0.000000 buy_live=false sell_live=false chunk_live=false
[11:34:20.067] [INFO] [EXEC] STREAM_OWNERSHIP_AUDIT stream_id=7 state=WAIT_BUY buy_order_id=0 sell_order_id=0 chunk_id=0 chunk_qty=0.000000 buy_live=false sell_live=false chunk_live=false
[11:34:20.067] [INFO] [EXEC] STREAM_OWNERSHIP_AUDIT stream_id=8 state=WAIT_BUY buy_order_id=0 sell_order_id=0 chunk_id=0 chunk_qty=0.000000 buy_live=false sell_live=false chunk_live=false
[11:34:20.068] [INFO] [EXEC] STREAM_OWNERSHIP_AUDIT stream_id=9 state=WAIT_BUY buy_order_id=0 sell_order_id=0 chunk_id=0 chunk_qty=0.000000 buy_live=false sell_live=false chunk_live=false
[11:34:20.068] [INFO] [EXEC] STREAM_OWNERSHIP_AUDIT stream_id=10 state=WAIT_BUY buy_order_id=0 sell_order_id=0 chunk_id=0 chunk_qty=0.000000 buy_live=false sell_live=false chunk_live=false
[11:34:20.069] [INFO] [EXEC] STREAM_OWNERSHIP_AUDIT stream_id=11 state=WAIT_BUY buy_order_id=0 sell_order_id=0 chunk_id=0 chunk_qty=0.000000 buy_live=false sell_live=false chunk_live=false
[11:34:20.069] [INFO] [EXEC] STREAM_OWNERSHIP_AUDIT stream_id=12 state=WAIT_BUY buy_order_id=0 sell_order_id=0 chunk_id=0 chunk_qty=0.000000 buy_live=false sell_live=false chunk_live=false
[11:34:20.069] [INFO] [EXEC] STREAM_OWNERSHIP_AUDIT stream_id=13 state=WAIT_BUY buy_order_id=0 sell_order_id=0 chunk_id=0 chunk_qty=0.000000 buy_live=false sell_live=false chunk_live=false
[11:34:20.069] [INFO] [EXEC] STREAM_OWNERSHIP_AUDIT stream_id=14 state=WAIT_BUY buy_order_id=0 sell_order_id=0 chunk_id=0 chunk_qty=0.000000 buy_live=false sell_live=false chunk_live=false
[11:34:20.070] [INFO] [EXEC] STREAM_OWNERSHIP_AUDIT stream_id=15 state=WAIT_BUY buy_order_id=0 sell_order_id=0 chunk_id=0 chunk_qty=0.000000 buy_live=false sell_live=false chunk_live=false
[11:34:20.070] [INFO] [EXEC] STREAM_OWNERSHIP_AUDIT stream_id=16 state=WAIT_BUY buy_order_id=0 sell_order_id=0 chunk_id=0 chunk_qty=0.000000 buy_live=false sell_live=false chunk_live=false
[11:34:20.070] [INFO] [EXEC] STREAM_OWNERSHIP_AUDIT stream_id=17 state=WAIT_BUY buy_order_id=0 sell_order_id=0 chunk_id=0 chunk_qty=0.000000 buy_live=false sell_live=false chunk_live=false
[11:34:20.071] [INFO] [EXEC] STREAM_OWNERSHIP_AUDIT stream_id=18 state=WAIT_BUY buy_order_id=0 sell_order_id=0 chunk_id=0 chunk_qty=0.000000 buy_live=false sell_live=false chunk_live=false
[11:34:20.071] [INFO] [EXEC] STREAM_OWNERSHIP_AUDIT stream_id=19 state=WAIT_BUY buy_order_id=0 sell_order_id=0 chunk_id=0 chunk_qty=0.000000 buy_live=false sell_live=false chunk_live=false
[11:34:20.071] [INFO] [EXEC] STREAM_OWNERSHIP_AUDIT stream_id=20 state=WAIT_BUY buy_order_id=0 sell_order_id=0 chunk_id=0 chunk_qty=0.000000 buy_live=false sell_live=false chunk_live=false
[11:34:20.071] [ERROR] [EXEC] STREAM_STATE_MISMATCH reason=stream_inventory_qty_mismatch inventory_qty=0.000180 stream_chunks=0
[11:34:20.071] [INFO] [EXEC] STREAM_OWNERSHIP_SUMMARY streams_total=20 wait_buy=17 buy_placed=0 sell_active=3 exiting=0 recycle=0 chunks_total=1 stream_chunks=0 orphan_chunks=1 inventory_qty=0.000180 stream_inventory_qty=0.000000 orphan_inventory_qty=0.000180
[11:34:20.072] [ERROR] [EXEC] STREAM_OWNERSHIP_MISMATCH reason=qty_without_stream_chunks qty=0.000180
[11:34:20.072] [WARNING] [EXEC] SMART_EXIT_ORPHAN_INVENTORY qty=0.000180
[11:34:20.072] [ERROR] [EXEC] STREAM_OWNERSHIP_MISMATCH reason=qty_without_stream_chunks qty=0.000180
[11:34:20.072] [ERROR] [EXEC] SMART_EXIT_MAX_ATTEMPTS attempts=96 qty=0.000180
[11:34:20.346] [INFO] [EXEC] STREAM_STATS_UI cycles=1 wins=1 losses=0 pnl=+0.000050 winrate=100.00%
[11:34:20.347] [INFO] GUI_PERF tick_ms=0 logs_visible=False gui_log_mode=OFF append_skipped=2315
[11:34:20.586] [ERROR] [EXEC] STREAM_OWNERSHIP_MISMATCH reason=qty_without_stream_chunks qty=0.000180
[11:34:20.586] [WARNING] [EXEC] SMART_EXIT_ORPHAN_INVENTORY qty=0.000180
[11:34:20.587] [ERROR] [EXEC] STREAM_OWNERSHIP_MISMATCH reason=qty_without_stream_chunks qty=0.000180
[11:34:20.587] [ERROR] [EXEC] SMART_EXIT_MAX_ATTEMPTS attempts=97 qty=0.000180
[11:34:21.235] [ERROR] [EXEC] STREAM_OWNERSHIP_MISMATCH reason=qty_without_stream_chunks qty=0.000180
[11:34:21.235] [WARNING] [EXEC] SMART_EXIT_ORPHAN_INVENTORY qty=0.000180
[11:34:21.235] [ERROR] [EXEC] STREAM_OWNERSHIP_MISMATCH reason=qty_without_stream_chunks qty=0.000180
[11:34:21.235] [ERROR] [EXEC] SMART_EXIT_MAX_ATTEMPTS attempts=98 qty=0.000180
