[17:59:39.181] [OK] filters loaded
[17:59:40.778] [INFO] START_CLICK received enabled=True api_ready=True running=False
[17:59:40.778] [INFO] START_SETTINGS live_enabled=True guard_mode=FAST entry_mode=AGGRESSIVE exit_engine=True order_size=222.0
[17:59:40.778] [INFO] START_PROFILE order_size=222.0 min_spread=6.0 guard_mode=FAST entry_mode=AGGRESSIVE sell_timeout=900 far_sell_ticks=80 taker_exit_after_ms=850
[17:59:40.778] [INFO] SETTINGS_MERGE_PRESERVE existing_values=true missing_added=0
[17:59:41.295] [EXCHANGE] symbol=BTCU base=BTC quote=U status=TRADING permissions=[]
[17:59:41.299] [OK] START
[17:59:41.303] [OK] START_OK runtime_started
[17:59:41.304] [INFO] [EXEC] STREAMS_ENABLED count=20 range_ticks=200 step_ticks=10
[17:59:41.306] [INFO] [EXEC] GRID_BUDGET_SOURCE source=max_exposure_u budget=5000.00
[17:59:41.309] [INFO] [EXEC] STREAM_CREATE stream_id=1 buy_price=80500.75000000 budget=250.00 qty=0.00310000
[17:59:41.311] [INFO] [EXEC] STREAM_CREATE stream_id=2 buy_price=80500.65000000 budget=250.00 qty=0.00310000
[17:59:41.313] [INFO] [EXEC] STREAM_CREATE stream_id=3 buy_price=80500.55000000 budget=250.00 qty=0.00310000
[17:59:41.314] [INFO] [EXEC] STREAM_CREATE stream_id=4 buy_price=80500.45000000 budget=250.00 qty=0.00310000
[17:59:41.315] [INFO] [EXEC] STREAM_CREATE stream_id=5 buy_price=80500.35000000 budget=250.00 qty=0.00310000
[17:59:41.317] [INFO] [EXEC] STREAM_CREATE stream_id=6 buy_price=80500.25000000 budget=250.00 qty=0.00310000
[17:59:41.317] [INFO] [EXEC] STREAM_CREATE stream_id=7 buy_price=80500.15000000 budget=250.00 qty=0.00310000
[17:59:41.318] [INFO] [EXEC] STREAM_CREATE stream_id=8 buy_price=80500.05000000 budget=250.00 qty=0.00310000
[17:59:41.321] [INFO] [EXEC] STREAM_CREATE stream_id=9 buy_price=80499.95000000 budget=250.00 qty=0.00310000
[17:59:41.322] [INFO] [EXEC] STREAM_CREATE stream_id=10 buy_price=80499.85000000 budget=250.00 qty=0.00310000
[17:59:41.323] [INFO] [EXEC] STREAM_CREATE stream_id=11 buy_price=80499.75000000 budget=250.00 qty=0.00310000
[17:59:41.324] [INFO] [EXEC] STREAM_CREATE stream_id=12 buy_price=80499.65000000 budget=250.00 qty=0.00310000
[17:59:41.325] [INFO] [EXEC] STREAM_CREATE stream_id=13 buy_price=80499.55000000 budget=250.00 qty=0.00310000
[17:59:41.326] [INFO] [EXEC] STREAM_CREATE stream_id=14 buy_price=80499.45000000 budget=250.00 qty=0.00310000
[17:59:41.327] [INFO] [EXEC] STREAM_CREATE stream_id=15 buy_price=80499.35000000 budget=250.00 qty=0.00310000
[17:59:41.327] [INFO] [EXEC] STREAM_CREATE stream_id=16 buy_price=80499.25000000 budget=250.00 qty=0.00310000
[17:59:41.328] [INFO] [EXEC] STREAM_CREATE stream_id=17 buy_price=80499.15000000 budget=250.00 qty=0.00310000
[17:59:41.328] [INFO] [EXEC] STREAM_CREATE stream_id=18 buy_price=80499.05000000 budget=250.00 qty=0.00310000
[17:59:41.329] [INFO] [EXEC] STREAM_CREATE stream_id=19 buy_price=80498.95000000 budget=250.00 qty=0.00310000
[17:59:41.330] [INFO] [EXEC] STREAM_CREATE stream_id=20 buy_price=80498.85000000 budget=250.00 qty=0.00310000
[17:59:41.330] [INFO] [EXEC] STREAM_CREATE_DONE count=20 budget=5000.00 step_ticks=10
[17:59:41.592] [INFO] [EXEC] LIVE ON
[17:59:41.593] [INFO] [EXEC] WAIT READY
[17:59:41.594] [INFO] [HEALTH] state=DANGER
[17:59:41.594] [INFO] [EXEC] STREAM_GUARD_BYPASS reason=ws_stale_rest_ok
[17:59:41.595] [INFO] [EXEC] STREAM_MODE_ACTIVE_SKIP_SINGLE_ENTRY
[17:59:42.152] [INFO] [EXEC] STREAM_BUY_PLACED level_id=1 order_id=386654960
[17:59:42.156] [OK] [EXEC] PLACE BUY price=80500.75 qty=0.003100
[17:59:42.426] [INFO] [EXEC] STREAM_BUY_PLACED level_id=2 order_id=386654971
[17:59:42.427] [OK] [EXEC] PLACE BUY price=80500.65 qty=0.003100
[17:59:42.730] [INFO] [EXEC] STREAM_BUY_PLACED level_id=3 order_id=386654994
[17:59:42.733] [OK] [EXEC] PLACE BUY price=80500.55 qty=0.003100
[17:59:43.265] [WS] primary url=wss://stream.binance.com:9443/ws/btcu@bookTicker
[17:59:43.265] [WS] connecting primary
[17:59:43.266] [WS] connected
[17:59:44.418] [WARNING] [HEALTH] block spread_too_young lifetime=0
[17:59:44.418] [WARNING] [HEALTH] unstable_spread lifetime=0
[17:59:44.419] [WARNING] [EXEC] BLOCK_BUY reason=spread_too_young mode=FAST ws_age=1093 spread=15.01 stable=1/1 mid_delta=0.00 bid_delta=0.00
[17:59:44.420] [OK] [PLAN] READY entry=80503.04 exit=80518.06 profit=0.041305 age=2006ms
[17:59:45.951] [INFO] [EXEC] STREAM_BUY_PLACED level_id=4 order_id=386655155
[17:59:45.955] [OK] [EXEC] PLACE BUY price=80500.45 qty=0.003100
[17:59:46.260] [INFO] [EXEC] STREAM_BUY_PLACED level_id=5 order_id=386655171
[17:59:46.263] [OK] [EXEC] PLACE BUY price=80500.35 qty=0.003100
[17:59:46.555] [INFO] [EXEC] STREAM_BUY_PLACED level_id=6 order_id=386655186
[17:59:46.556] [OK] [EXEC] PLACE BUY price=80500.25 qty=0.003100
[17:59:48.507] [INFO] [EXEC] STREAM_MODE_ACTIVE_SKIP_SINGLE_ENTRY
[17:59:48.849] [INFO] [EXEC] STREAM_BUY_PLACED level_id=7 order_id=386655307
[17:59:48.850] [OK] [EXEC] PLACE BUY price=80500.15 qty=0.003100
[17:59:49.122] [INFO] [EXEC] STREAM_BUY_PLACED level_id=8 order_id=386655317
[17:59:49.127] [OK] [EXEC] PLACE BUY price=80500.05 qty=0.003100
[17:59:49.402] [INFO] [EXEC] STREAM_BUY_PLACED level_id=9 order_id=386655351
[17:59:49.405] [OK] [EXEC] PLACE BUY price=80499.95 qty=0.003100
[17:59:52.596] [INFO] [HEALTH] state=GOOD
[17:59:52.597] [WARNING] [EXEC] BLOCK_BUY reason=ws_stale mode=FAST ws_age=2734 spread=6.91 stable=1/1 mid_delta=0.00 bid_delta=0.00
[17:59:59.332] [INFO] [HEALTH] state=DANGER
[17:59:59.333] [WARNING] [EXEC] BLOCK_BUY reason=ws_stale mode=FAST ws_age=3969 spread=5.28 stable=1/1 mid_delta=0.00 bid_delta=0.00
[18:00:01.150] [INFO] [EXEC] STREAM_BUY_FILLED level_id=2
[18:00:01.153] [OK] [EXEC] CHUNK ADD qty=0.003100 entry=80500.65
[18:00:01.155] [INFO] [EXEC] CHUNK COUNT n=1
[18:00:07.550] [WARNING] [EXEC] SELL_QTY_CLAMP inventory=0.003100 free=0.000037 final=0.000037
[18:00:07.856] [INFO] [EXEC] STREAM_BUY_FILLED level_id=1
[18:00:07.859] [OK] [EXEC] CHUNK ADD qty=0.003100 entry=80500.75
[18:00:07.862] [INFO] [EXEC] CHUNK COUNT n=2
[18:00:08.173] [INFO] [EXEC] STREAM_SELL_PLACED stream_id=1 chunk_id=1652740011072 order_id=386656213 price=80501.05 qty=0.003100
[18:00:08.597] [INFO] [EXEC] STREAM_BUY_FILLED level_id=3
[18:00:08.599] [OK] [EXEC] CHUNK ADD qty=0.003100 entry=80500.55
[18:00:08.600] [INFO] [EXEC] CHUNK COUNT n=3
[18:00:09.257] [INFO] [EXEC] STREAM_SELL_PLACED stream_id=3 chunk_id=1652675554640 order_id=386656280 price=80500.85 qty=0.003100
[18:00:09.673] [INFO] [EXEC] STREAM_BUY_FILLED level_id=4
[18:00:09.677] [OK] [EXEC] CHUNK ADD qty=0.003100 entry=80500.45
[18:00:09.679] [INFO] [EXEC] CHUNK COUNT n=4
[18:00:10.013] [INFO] [EXEC] STREAM_SELL_PLACED stream_id=4 chunk_id=1652740009536 order_id=386656380 price=80500.75 qty=0.003100
[18:00:10.635] [INFO] [EXEC] STREAM_BUY_FILLED level_id=5
[18:00:10.639] [OK] [EXEC] CHUNK ADD qty=0.003100 entry=80500.35
[18:00:10.640] [INFO] [EXEC] CHUNK COUNT n=5
[18:00:11.403] [INFO] [EXEC] STREAM_SELL_PLACED stream_id=5 chunk_id=1652740008384 order_id=386656430 price=80500.65 qty=0.003100
[18:00:11.764] [INFO] [EXEC] STREAM_BUY_FILLED level_id=6
[18:00:11.767] [OK] [EXEC] CHUNK ADD qty=0.003100 entry=80500.25
[18:00:11.768] [INFO] [EXEC] CHUNK COUNT n=6
[18:00:12.065] [INFO] [EXEC] STREAM_SELL_PLACED stream_id=6 chunk_id=1652740002096 order_id=386656501 price=80500.55 qty=0.003100
[18:00:12.387] [INFO] [EXEC] STREAM_BUY_FILLED level_id=7
[18:00:12.390] [OK] [EXEC] CHUNK ADD qty=0.003100 entry=80500.15
[18:00:12.392] [INFO] [EXEC] CHUNK COUNT n=7
[18:00:12.720] [INFO] [EXEC] STREAM_SELL_PLACED stream_id=7 chunk_id=1652790676416 order_id=386656556 price=80500.45 qty=0.003100
[18:00:13.022] [INFO] [EXEC] STREAM_BUY_FILLED level_id=8
[18:00:13.025] [OK] [EXEC] CHUNK ADD qty=0.003100 entry=80500.05
[18:00:13.027] [INFO] [EXEC] CHUNK COUNT n=8
[18:00:13.637] [INFO] [EXEC] STREAM_SELL_PLACED stream_id=8 chunk_id=1652675559200 order_id=386656603 price=80500.35 qty=0.003100
[18:00:13.928] [INFO] [EXEC] STREAM_BUY_FILLED level_id=9
[18:00:13.932] [OK] [EXEC] CHUNK ADD qty=0.003100 entry=80499.95
[18:00:13.935] [INFO] [EXEC] CHUNK COUNT n=9
[18:00:14.202] [INFO] [EXEC] STREAM_SELL_PLACED stream_id=9 chunk_id=1652740007424 order_id=386656637 price=80500.25 qty=0.003100
[18:00:14.469] [INFO] [EXEC] STREAM_SELL_STATUS stream_id=1 chunk_id=1652740011072 order_id=386656213 status=FILLED
[18:00:14.471] [INFO] [EXEC] STREAM_SELL_FILLED stream_id=1 chunk_id=1652740011072 order_id=386656213
[18:00:14.472] [OK] [EXEC] FIFO CLOSE qty=0.003100 entry=80500.75 exit=80501.05 pnl=+0.000930
[18:00:14.473] [INFO] [EXEC] STREAM_PNL stream_id=1 pnl=+0.000930
[18:00:14.474] [INFO] [EXEC] STREAM_RECYCLED level_id=1
[18:00:14.476] [INFO] [EXEC] STREAM_RECYCLED stream_id=1
[18:00:14.745] [INFO] [EXEC] STREAM_SELL_STATUS stream_id=3 chunk_id=1652675554640 order_id=386656280 status=FILLED
[18:00:14.747] [INFO] [EXEC] STREAM_SELL_FILLED stream_id=3 chunk_id=1652675554640 order_id=386656280
[18:00:14.748] [OK] [EXEC] FIFO CLOSE qty=0.003100 entry=80500.55 exit=80500.85 pnl=+0.000930
[18:00:14.749] [INFO] [EXEC] STREAM_PNL stream_id=3 pnl=+0.000930
[18:00:14.750] [INFO] [EXEC] STREAM_RECYCLED level_id=3
[18:00:14.751] [INFO] [EXEC] STREAM_RECYCLED stream_id=3
[18:00:15.037] [INFO] [EXEC] STREAM_SELL_STATUS stream_id=4 chunk_id=1652740009536 order_id=386656380 status=FILLED
[18:00:15.038] [INFO] [EXEC] STREAM_SELL_FILLED stream_id=4 chunk_id=1652740009536 order_id=386656380
[18:00:15.039] [OK] [EXEC] FIFO CLOSE qty=0.003100 entry=80500.45 exit=80500.75 pnl=+0.000930
[18:00:15.039] [INFO] [EXEC] STREAM_PNL stream_id=4 pnl=+0.000930
[18:00:15.040] [INFO] [EXEC] STREAM_RECYCLED level_id=4
[18:00:15.040] [INFO] [EXEC] STREAM_RECYCLED stream_id=4
[18:00:15.376] [INFO] [EXEC] STREAM_SELL_STATUS stream_id=5 chunk_id=1652740008384 order_id=386656430 status=FILLED
[18:00:15.379] [INFO] [EXEC] STREAM_SELL_FILLED stream_id=5 chunk_id=1652740008384 order_id=386656430
[18:00:15.381] [OK] [EXEC] FIFO CLOSE qty=0.003100 entry=80500.35 exit=80500.65 pnl=+0.000930
[18:00:15.382] [INFO] [EXEC] STREAM_PNL stream_id=5 pnl=+0.000930
[18:00:15.384] [INFO] [EXEC] STREAM_RECYCLED level_id=5
[18:00:15.386] [INFO] [EXEC] STREAM_RECYCLED stream_id=5
[18:00:15.664] [INFO] [EXEC] STREAM_SELL_STATUS stream_id=6 chunk_id=1652740002096 order_id=386656501 status=FILLED
[18:00:15.665] [INFO] [EXEC] STREAM_SELL_FILLED stream_id=6 chunk_id=1652740002096 order_id=386656501
[18:00:15.665] [OK] [EXEC] FIFO CLOSE qty=0.003100 entry=80500.25 exit=80500.55 pnl=+0.000930
[18:00:15.665] [INFO] [EXEC] STREAM_PNL stream_id=6 pnl=+0.000930
[18:00:15.667] [INFO] [EXEC] STREAM_RECYCLED level_id=6
[18:00:15.667] [INFO] [EXEC] STREAM_RECYCLED stream_id=6
[18:00:15.954] [INFO] [EXEC] STREAM_SELL_STATUS stream_id=7 chunk_id=1652790676416 order_id=386656556 status=FILLED
[18:00:15.957] [INFO] [EXEC] STREAM_SELL_FILLED stream_id=7 chunk_id=1652790676416 order_id=386656556
[18:00:15.959] [OK] [EXEC] FIFO CLOSE qty=0.003100 entry=80500.15 exit=80500.45 pnl=+0.000930
[18:00:15.960] [INFO] [EXEC] STREAM_PNL stream_id=7 pnl=+0.000930
[18:00:15.961] [INFO] [EXEC] STREAM_RECYCLED level_id=7
[18:00:15.962] [INFO] [EXEC] STREAM_RECYCLED stream_id=7
[18:00:16.224] [INFO] [EXEC] STREAM_SELL_STATUS stream_id=8 chunk_id=1652675559200 order_id=386656603 status=FILLED
[18:00:16.227] [INFO] [EXEC] STREAM_SELL_FILLED stream_id=8 chunk_id=1652675559200 order_id=386656603
[18:00:16.229] [OK] [EXEC] FIFO CLOSE qty=0.003100 entry=80500.05 exit=80500.35 pnl=+0.000930
[18:00:16.231] [INFO] [EXEC] STREAM_PNL stream_id=8 pnl=+0.000930
[18:00:16.234] [INFO] [EXEC] STREAM_RECYCLED level_id=8
[18:00:16.235] [INFO] [EXEC] STREAM_RECYCLED stream_id=8
[18:00:16.555] [INFO] [EXEC] STREAM_SELL_STATUS stream_id=9 chunk_id=1652740007424 order_id=386656637 status=FILLED
[18:00:16.556] [INFO] [EXEC] STREAM_SELL_FILLED stream_id=9 chunk_id=1652740007424 order_id=386656637
[18:00:16.557] [OK] [EXEC] FIFO CLOSE qty=0.003100 entry=80499.95 exit=80500.25 pnl=+0.000930
[18:00:16.557] [INFO] [EXEC] STREAM_PNL stream_id=9 pnl=+0.000930
[18:00:16.558] [INFO] [EXEC] STREAM_RECYCLED level_id=9
[18:00:16.558] [INFO] [EXEC] STREAM_RECYCLED stream_id=9
[18:00:16.559] [WARNING] [EXEC] STATE REPAIR reason=inventory_cannot_be_flat
[18:00:16.560] [INFO] [EXEC] EXIT RECOVERY inventory_no_sell qty=0.003100
[18:00:17.403] [INFO] [EXEC] SELL CHECK inventory=0.003100 reported=0.000000 remaining=0.003090 chunks=1
[18:00:17.404] [INFO] [EXEC] PLACE_SELL_SOURCE source=plan price=80505.45
[18:00:17.404] [OK] [EXEC] PLACE SELL price=80505.45 qty=0.003090
[18:00:17.689] [OK] [EXEC] SELL ORDER SENT orderId=386656829
[18:00:19.385] [OK] [SYNC] order filled detected
[18:00:19.389] [OK] [SYNC] SELL filled on exchange
[18:00:19.390] [OK] [EXEC] FIFO CLOSE qty=0.003090 entry=80500.65 exit=80520.25 pnl=+0.060564
[18:00:19.393] [INFO] [EXEC] CHUNK DRAINED
[18:00:19.395] [OK] [EXEC] REALIZED pnl=+0.060564
[18:00:19.397] [INFO] [EXEC] SELL ACCOUNTING RESET flat
[18:00:19.400] [OK] [EXEC] CYCLE CLOSED pnl=+0.060564
[18:00:19.402] [INFO] [EXEC] SESSION realized=+0.060564 wins=1 losses=0
[18:00:19.405] [WARNING] [HEALTH] block spread_too_young lifetime=0
[18:00:19.407] [WARNING] [HEALTH] unstable_spread lifetime=0
[18:00:19.408] [WARNING] [EXEC] BLOCK_BUY reason=spread_too_young mode=FAST ws_age=797 spread=7.04 stable=1/1 mid_delta=0.00 bid_delta=0.00
[18:00:19.940] [INFO] [EXEC] STREAM_MODE_ACTIVE_SKIP_SINGLE_ENTRY
[18:00:20.209] [INFO] [EXEC] STREAM_BUY_PLACED level_id=1 order_id=386656935
[18:00:20.212] [OK] [EXEC] PLACE BUY price=80500.75 qty=0.003100
[18:00:20.520] [INFO] [EXEC] STREAM_BUY_PLACED level_id=3 order_id=386656953
[18:00:20.521] [OK] [EXEC] PLACE BUY price=80500.55 qty=0.003100
[18:00:20.805] [INFO] [EXEC] STREAM_BUY_PLACED level_id=4 order_id=386656999
[18:00:20.809] [OK] [EXEC] PLACE BUY price=80500.45 qty=0.003100
[18:00:22.401] [INFO] [EXEC] STREAM_BUY_PLACED level_id=5 order_id=386657082
[18:00:22.403] [OK] [EXEC] PLACE BUY price=80500.35 qty=0.003100
[18:00:22.706] [INFO] [EXEC] STREAM_BUY_PLACED level_id=6 order_id=386657083
[18:00:22.710] [OK] [EXEC] PLACE BUY price=80500.25 qty=0.003100
[18:00:22.986] [INFO] [EXEC] STREAM_BUY_PLACED level_id=7 order_id=386657095
[18:00:22.989] [OK] [EXEC] PLACE BUY price=80500.15 qty=0.003100
[18:00:26.548] [WARNING] [EXEC] BLOCK_BUY reason=ws_stale mode=FAST ws_age=3375 spread=8.81 stable=1/1 mid_delta=0.00 bid_delta=0.00
[18:00:28.748] [INFO] [HEALTH] state=GOOD
[18:00:28.749] [INFO] [EXEC] STREAM_MODE_ACTIVE_SKIP_SINGLE_ENTRY
[18:00:29.184] [INFO] [EXEC] STREAM_BUY_PLACED level_id=8 order_id=386657423
[18:00:29.187] [OK] [EXEC] PLACE BUY price=80500.05 qty=0.003100
[18:00:29.461] [INFO] [EXEC] STREAM_BUY_PLACED level_id=9 order_id=386657424
[18:00:29.462] [OK] [EXEC] PLACE BUY price=80499.95 qty=0.003100
[18:00:29.737] [INFO] [EXEC] STREAM_BUY_PLACED level_id=10 order_id=386657428
[18:00:29.741] [OK] [EXEC] PLACE BUY price=80499.85 qty=0.003100
[18:00:33.814] [WARNING] [EXEC] BLOCK_BUY reason=ws_stale mode=FAST ws_age=3717 spread=6.11 stable=1/1 mid_delta=0.00 bid_delta=0.00
[18:00:36.856] [INFO] [HEALTH] state=GOOD
[18:00:36.858] [WARNING] [EXEC] BLOCK_BUY reason=ws_stale mode=FAST ws_age=2952 spread=6.51 stable=1/1 mid_delta=0.00 bid_delta=0.00
[18:00:43.350] [INFO] [HEALTH] state=GOOD
[18:00:43.351] [WARNING] [EXEC] BLOCK_BUY reason=ws_stale mode=FAST ws_age=3202 spread=9.09 stable=1/1 mid_delta=0.00 bid_delta=0.00
[18:00:45.182] [INFO] [EXEC] STREAM_BUY_FILLED level_id=6
[18:00:45.185] [OK] [EXEC] CHUNK ADD qty=0.003100 entry=80500.25
[18:00:45.186] [INFO] [EXEC] CHUNK COUNT n=1
[18:00:45.450] [INFO] [EXEC] STREAM_SELL_PLACED stream_id=6 chunk_id=1652790678720 order_id=386658422 price=80500.55 qty=0.003100
[18:00:45.718] [INFO] [EXEC] STREAM_BUY_FILLED level_id=7
[18:00:45.723] [OK] [EXEC] CHUNK ADD qty=0.003100 entry=80500.15
[18:00:45.725] [INFO] [EXEC] CHUNK COUNT n=2
[18:00:46.048] [INFO] [EXEC] STREAM_SELL_PLACED stream_id=7 chunk_id=1652740013712 order_id=386658488 price=80500.45 qty=0.003100
[18:00:46.315] [INFO] [EXEC] STREAM_BUY_FILLED level_id=8
[18:00:46.317] [OK] [EXEC] CHUNK ADD qty=0.003100 entry=80500.05
[18:00:46.319] [INFO] [EXEC] CHUNK COUNT n=3
[18:00:46.593] [INFO] [EXEC] STREAM_SELL_PLACED stream_id=8 chunk_id=1652790688320 order_id=386658545 price=80500.35 qty=0.003100
[18:00:46.868] [INFO] [EXEC] STREAM_BUY_FILLED level_id=9
[18:00:46.871] [OK] [EXEC] CHUNK ADD qty=0.003100 entry=80499.95
[18:00:46.873] [INFO] [EXEC] CHUNK COUNT n=4
[18:00:47.214] [INFO] [EXEC] STREAM_SELL_PLACED stream_id=9 chunk_id=1652740000368 order_id=386658575 price=80500.25 qty=0.003100
[18:00:47.489] [INFO] [EXEC] STREAM_BUY_FILLED level_id=10
[18:00:47.493] [OK] [EXEC] CHUNK ADD qty=0.003100 entry=80499.85
[18:00:47.494] [INFO] [EXEC] CHUNK COUNT n=5
[18:00:47.823] [INFO] [EXEC] STREAM_SELL_PLACED stream_id=10 chunk_id=1652740012800 order_id=386658636 price=80500.15 qty=0.003100
[18:00:48.131] [INFO] [EXEC] STREAM_SELL_STATUS stream_id=6 chunk_id=1652790678720 order_id=386658422 status=NEW
[18:00:48.414] [INFO] [EXEC] STREAM_SELL_STATUS stream_id=7 chunk_id=1652740013712 order_id=386658488 status=NEW
[18:00:48.713] [INFO] [EXEC] STREAM_SELL_STATUS stream_id=8 chunk_id=1652790688320 order_id=386658545 status=PARTIALLY_FILLED
[18:00:49.019] [INFO] [EXEC] STREAM_SELL_STATUS stream_id=9 chunk_id=1652740000368 order_id=386658575 status=FILLED
[18:00:49.023] [INFO] [EXEC] STREAM_SELL_FILLED stream_id=9 chunk_id=1652740000368 order_id=386658575
[18:00:49.025] [OK] [EXEC] FIFO CLOSE qty=0.003100 entry=80499.95 exit=80500.25 pnl=+0.000930
[18:00:49.026] [INFO] [EXEC] STREAM_PNL stream_id=9 pnl=+0.000930
[18:00:49.027] [INFO] [EXEC] STREAM_RECYCLED level_id=9
[18:00:49.028] [INFO] [EXEC] STREAM_RECYCLED stream_id=9
[18:00:49.428] [INFO] [EXEC] STREAM_SELL_STATUS stream_id=10 chunk_id=1652740012800 order_id=386658636 status=NEW
[18:00:49.432] [WARNING] [EXEC] STATE REPAIR reason=inventory_cannot_be_flat
[18:00:49.434] [INFO] [EXEC] STREAM_GLOBAL_SELL_SKIP reason=exit_recovery_inventory_no_sell
[18:00:49.436] [INFO] [EXEC] STREAM_GLOBAL_SELL_SKIP reason=place_sell
[18:00:50.823] [INFO] [EXEC] STREAM_BUY_FILLED level_id=1
[18:00:50.826] [OK] [EXEC] CHUNK ADD qty=0.003100 entry=80500.75
[18:00:50.828] [INFO] [EXEC] CHUNK COUNT n=5
[18:00:51.094] [INFO] [EXEC] STREAM_SELL_PLACED stream_id=1 chunk_id=1652740007280 order_id=386658744 price=80501.05 qty=0.003100
[18:00:51.375] [INFO] [EXEC] STREAM_BUY_FILLED level_id=3
[18:00:51.378] [OK] [EXEC] CHUNK ADD qty=0.003100 entry=80500.55
[18:00:51.381] [INFO] [EXEC] CHUNK COUNT n=6
[18:00:51.664] [INFO] [EXEC] STREAM_SELL_PLACED stream_id=3 chunk_id=1652790684432 order_id=386658753 price=80500.85 qty=0.003100
[18:00:51.995] [INFO] [EXEC] STREAM_BUY_FILLED level_id=4
[18:00:51.998] [OK] [EXEC] CHUNK ADD qty=0.003100 entry=80500.45
[18:00:52.000] [INFO] [EXEC] CHUNK COUNT n=7
[18:00:52.285] [INFO] [EXEC] STREAM_SELL_PLACED stream_id=4 chunk_id=1652790687408 order_id=386658780 price=80500.75 qty=0.003100
[18:00:52.569] [INFO] [EXEC] STREAM_BUY_FILLED level_id=5
[18:00:52.571] [OK] [EXEC] CHUNK ADD qty=0.003100 entry=80500.35
[18:00:52.571] [INFO] [EXEC] CHUNK COUNT n=8
[18:00:52.854] [INFO] [EXEC] STREAM_SELL_PLACED stream_id=5 chunk_id=1652740007424 order_id=386658826 price=80500.65 qty=0.003100
[18:00:53.129] [INFO] [EXEC] STREAM_SELL_STATUS stream_id=6 chunk_id=1652790678720 order_id=386658422 status=NEW
[18:00:53.411] [INFO] [EXEC] STREAM_SELL_STATUS stream_id=7 chunk_id=1652740013712 order_id=386658488 status=NEW
[18:00:53.685] [INFO] [EXEC] STREAM_SELL_STATUS stream_id=8 chunk_id=1652790688320 order_id=386658545 status=PARTIALLY_FILLED
[18:00:53.962] [INFO] [EXEC] STREAM_SELL_STATUS stream_id=10 chunk_id=1652740012800 order_id=386658636 status=NEW
[18:00:54.241] [INFO] [EXEC] STREAM_SELL_STATUS stream_id=1 chunk_id=1652740007280 order_id=386658744 status=NEW
[18:00:54.546] [INFO] [EXEC] STREAM_SELL_STATUS stream_id=3 chunk_id=1652790684432 order_id=386658753 status=NEW
[18:00:54.825] [INFO] [EXEC] STREAM_SELL_STATUS stream_id=4 chunk_id=1652790687408 order_id=386658780 status=NEW
[18:00:55.105] [INFO] [EXEC] STREAM_SELL_STATUS stream_id=5 chunk_id=1652740007424 order_id=386658826 status=NEW
[18:00:55.107] [INFO] [EXEC] STREAM_GLOBAL_SELL_SKIP reason=exit_recovery_inventory_no_sell
[18:00:55.109] [INFO] [EXEC] STREAM_GLOBAL_SELL_SKIP reason=place_sell
[18:00:55.578] [WARNING] [EXEC] SELL_QTY_CLAMP inventory=0.024800 free=0.012447 final=0.012447
[18:00:55.879] [INFO] [EXEC] STREAM_SELL_STATUS stream_id=6 chunk_id=1652790678720 order_id=386658422 status=NEW
[18:00:56.234] [INFO] [EXEC] STREAM_SELL_STATUS stream_id=7 chunk_id=1652740013712 order_id=386658488 status=NEW
[18:00:57.007] [INFO] [EXEC] STREAM_SELL_STATUS stream_id=8 chunk_id=1652790688320 order_id=386658545 status=PARTIALLY_FILLED
[18:00:57.279] [INFO] [EXEC] STREAM_SELL_STATUS stream_id=10 chunk_id=1652740012800 order_id=386658636 status=NEW
[18:00:57.542] [INFO] [EXEC] STREAM_SELL_STATUS stream_id=1 chunk_id=1652740007280 order_id=386658744 status=FILLED
[18:00:57.544] [INFO] [EXEC] STREAM_SELL_FILLED stream_id=1 chunk_id=1652740007280 order_id=386658744
[18:00:57.545] [OK] [EXEC] FIFO CLOSE qty=0.003100 entry=80500.75 exit=80501.05 pnl=+0.000930
[18:00:57.546] [INFO] [EXEC] STREAM_PNL stream_id=1 pnl=+0.000930
[18:00:57.547] [INFO] [EXEC] STREAM_RECYCLED level_id=1
[18:00:57.548] [INFO] [EXEC] STREAM_RECYCLED stream_id=1
[18:00:57.871] [INFO] [EXEC] STREAM_SELL_STATUS stream_id=3 chunk_id=1652790684432 order_id=386658753 status=FILLED
[18:00:57.875] [INFO] [EXEC] STREAM_SELL_FILLED stream_id=3 chunk_id=1652790684432 order_id=386658753
[18:00:57.878] [OK] [EXEC] FIFO CLOSE qty=0.003100 entry=80500.55 exit=80500.85 pnl=+0.000930
[18:00:57.881] [INFO] [EXEC] STREAM_PNL stream_id=3 pnl=+0.000930
[18:00:57.885] [INFO] [EXEC] STREAM_RECYCLED level_id=3
[18:00:57.886] [INFO] [EXEC] STREAM_RECYCLED stream_id=3
[18:00:58.212] [INFO] [EXEC] STREAM_SELL_STATUS stream_id=4 chunk_id=1652790687408 order_id=386658780 status=FILLED
[18:00:58.215] [INFO] [EXEC] STREAM_SELL_FILLED stream_id=4 chunk_id=1652790687408 order_id=386658780
[18:00:58.216] [OK] [EXEC] FIFO CLOSE qty=0.003100 entry=80500.45 exit=80500.75 pnl=+0.000930
[18:00:58.218] [INFO] [EXEC] STREAM_PNL stream_id=4 pnl=+0.000930
[18:00:58.219] [INFO] [EXEC] STREAM_RECYCLED level_id=4
[18:00:58.220] [INFO] [EXEC] STREAM_RECYCLED stream_id=4
[18:00:58.490] [INFO] [EXEC] STREAM_SELL_STATUS stream_id=5 chunk_id=1652740007424 order_id=386658826 status=FILLED
[18:00:58.494] [INFO] [EXEC] STREAM_SELL_FILLED stream_id=5 chunk_id=1652740007424 order_id=386658826
[18:00:58.497] [OK] [EXEC] FIFO CLOSE qty=0.003100 entry=80500.35 exit=80500.65 pnl=+0.000930
[18:00:58.499] [INFO] [EXEC] STREAM_PNL stream_id=5 pnl=+0.000930
[18:00:58.500] [INFO] [EXEC] STREAM_RECYCLED level_id=5
[18:00:58.502] [INFO] [EXEC] STREAM_RECYCLED stream_id=5
[18:00:58.505] [INFO] [EXEC] STREAM_GLOBAL_SELL_SKIP reason=exit_recovery_inventory_no_sell
[18:00:58.507] [INFO] [EXEC] STREAM_GLOBAL_SELL_SKIP reason=place_sell
[18:00:59.100] [WARNING] [EXEC] SELL_QTY_CLAMP inventory=0.012400 free=0.000047 final=0.000047
[18:00:59.365] [INFO] [EXEC] STREAM_SELL_STATUS stream_id=6 chunk_id=1652790678720 order_id=386658422 status=FILLED
[18:00:59.369] [INFO] [EXEC] STREAM_SELL_FILLED stream_id=6 chunk_id=1652790678720 order_id=386658422
[18:00:59.372] [OK] [EXEC] FIFO CLOSE qty=0.003100 entry=80500.25 exit=80500.55 pnl=+0.000930
[18:00:59.374] [INFO] [EXEC] STREAM_PNL stream_id=6 pnl=+0.000930
[18:00:59.376] [INFO] [EXEC] STREAM_RECYCLED level_id=6
[18:00:59.378] [INFO] [EXEC] STREAM_RECYCLED stream_id=6
[18:00:59.642] [INFO] [EXEC] STREAM_SELL_STATUS stream_id=7 chunk_id=1652740013712 order_id=386658488 status=FILLED
[18:00:59.645] [INFO] [EXEC] STREAM_SELL_FILLED stream_id=7 chunk_id=1652740013712 order_id=386658488
[18:00:59.647] [OK] [EXEC] FIFO CLOSE qty=0.003100 entry=80500.15 exit=80500.45 pnl=+0.000930
[18:00:59.648] [INFO] [EXEC] STREAM_PNL stream_id=7 pnl=+0.000930
[18:00:59.649] [INFO] [EXEC] STREAM_RECYCLED level_id=7
[18:00:59.650] [INFO] [EXEC] STREAM_RECYCLED stream_id=7
[18:00:59.927] [INFO] [EXEC] STREAM_SELL_STATUS stream_id=8 chunk_id=1652790688320 order_id=386658545 status=FILLED
[18:00:59.930] [INFO] [EXEC] STREAM_SELL_FILLED stream_id=8 chunk_id=1652790688320 order_id=386658545
[18:00:59.932] [OK] [EXEC] FIFO CLOSE qty=0.003100 entry=80500.05 exit=80500.35 pnl=+0.000930
[18:00:59.936] [INFO] [EXEC] STREAM_PNL stream_id=8 pnl=+0.000930
[18:00:59.939] [INFO] [EXEC] STREAM_RECYCLED level_id=8
[18:00:59.940] [INFO] [EXEC] STREAM_RECYCLED stream_id=8
[18:01:00.206] [INFO] [EXEC] STREAM_SELL_STATUS stream_id=10 chunk_id=1652740012800 order_id=386658636 status=FILLED
[18:01:00.208] [INFO] [EXEC] STREAM_SELL_FILLED stream_id=10 chunk_id=1652740012800 order_id=386658636
[18:01:00.208] [OK] [EXEC] FIFO CLOSE qty=0.003100 entry=80499.85 exit=80500.15 pnl=+0.000930
[18:01:00.209] [INFO] [EXEC] STREAM_PNL stream_id=10 pnl=+0.000930
[18:01:00.210] [INFO] [EXEC] STREAM_RECYCLED level_id=10
[18:01:00.210] [INFO] [EXEC] STREAM_RECYCLED stream_id=10
[18:01:00.211] [WARNING] [EXEC] STATE REPAIR reason=zero_inventory_not_flat
[18:01:00.211] [INFO] [HEALTH] state=GOOD
[18:01:00.212] [INFO] [EXEC] STREAM_MODE_ACTIVE_SKIP_SINGLE_ENTRY
[18:01:00.492] [INFO] [EXEC] STREAM_BUY_PLACED level_id=1 order_id=386659127
[18:01:00.495] [OK] [EXEC] PLACE BUY price=80500.75 qty=0.003100
[18:01:00.795] [INFO] [EXEC] STREAM_BUY_PLACED level_id=3 order_id=386659144
[18:01:00.799] [OK] [EXEC] PLACE BUY price=80500.55 qty=0.003100
[18:01:01.079] [INFO] [EXEC] STREAM_BUY_PLACED level_id=4 order_id=386659172
[18:01:01.083] [OK] [EXEC] PLACE BUY price=80500.45 qty=0.003100
[18:01:01.921] [INFO] [EXEC] STREAM_BUY_FILLED level_id=1
[18:01:01.924] [OK] [EXEC] CHUNK ADD qty=0.003100 entry=80500.75
[18:01:01.926] [INFO] [EXEC] CHUNK COUNT n=1
[18:01:02.346] [INFO] [EXEC] STREAM_SELL_PLACED stream_id=1 chunk_id=1652790676224 order_id=386659273 price=80501.05 qty=0.003100
[18:01:02.758] [INFO] [EXEC] STREAM_BUY_FILLED level_id=3
[18:01:02.762] [OK] [EXEC] CHUNK ADD qty=0.003100 entry=80500.55
[18:01:02.764] [INFO] [EXEC] CHUNK COUNT n=2
[18:01:03.053] [INFO] [EXEC] STREAM_SELL_PLACED stream_id=3 chunk_id=1652740011072 order_id=386659301 price=80500.85 qty=0.003100
[18:01:03.431] [INFO] [EXEC] STREAM_BUY_FILLED level_id=4
[18:01:03.434] [OK] [EXEC] CHUNK ADD qty=0.003100 entry=80500.45
[18:01:03.436] [INFO] [EXEC] CHUNK COUNT n=3
[18:01:03.739] [INFO] [EXEC] STREAM_SELL_PLACED stream_id=4 chunk_id=1652740007280 order_id=386659304 price=80500.75 qty=0.003100
[18:01:04.032] [INFO] [EXEC] STREAM_SELL_STATUS stream_id=1 chunk_id=1652790676224 order_id=386659273 status=NEW
[18:01:04.309] [INFO] [EXEC] STREAM_SELL_STATUS stream_id=3 chunk_id=1652740011072 order_id=386659301 status=NEW
[18:01:04.584] [INFO] [EXEC] STREAM_SELL_STATUS stream_id=4 chunk_id=1652740007280 order_id=386659304 status=NEW
[18:01:04.586] [WARNING] [EXEC] STATE REPAIR reason=inventory_cannot_be_flat
[18:01:04.586] [INFO] [EXEC] STREAM_GLOBAL_SELL_SKIP reason=exit_recovery_inventory_no_sell
[18:01:04.587] [INFO] [EXEC] STREAM_GLOBAL_SELL_SKIP reason=place_sell
[18:01:05.348] [WARNING] [EXEC] SELL_QTY_CLAMP inventory=0.009300 free=0.000047 final=0.000047
[18:01:05.688] [INFO] [EXEC] STREAM_SELL_STATUS stream_id=1 chunk_id=1652790676224 order_id=386659273 status=NEW
[18:01:06.024] [INFO] [EXEC] STREAM_SELL_STATUS stream_id=3 chunk_id=1652740011072 order_id=386659301 status=NEW
[18:01:06.781] [INFO] [EXEC] STREAM_SELL_STATUS stream_id=4 chunk_id=1652740007280 order_id=386659304 status=FILLED
[18:01:06.785] [INFO] [EXEC] STREAM_SELL_FILLED stream_id=4 chunk_id=1652740007280 order_id=386659304
[18:01:06.786] [OK] [EXEC] FIFO CLOSE qty=0.003100 entry=80500.45 exit=80500.75 pnl=+0.000930
[18:01:06.789] [INFO] [EXEC] STREAM_PNL stream_id=4 pnl=+0.000930
[18:01:06.791] [INFO] [EXEC] STREAM_RECYCLED level_id=4
[18:01:06.792] [INFO] [EXEC] STREAM_RECYCLED stream_id=4
[18:01:06.794] [INFO] [EXEC] STREAM_GLOBAL_SELL_SKIP reason=exit_recovery_inventory_no_sell
[18:01:06.795] [INFO] [EXEC] STREAM_GLOBAL_SELL_SKIP reason=place_sell
[18:01:07.613] [WARNING] [EXEC] SELL_QTY_CLAMP inventory=0.006200 free=0.000047 final=0.000047
[18:01:08.383] [INFO] [EXEC] STREAM_SELL_STATUS stream_id=1 chunk_id=1652790676224 order_id=386659273 status=FILLED
[18:01:08.387] [INFO] [EXEC] STREAM_SELL_FILLED stream_id=1 chunk_id=1652790676224 order_id=386659273
[18:01:08.389] [OK] [EXEC] FIFO CLOSE qty=0.003100 entry=80500.75 exit=80501.05 pnl=+0.000930
[18:01:08.391] [INFO] [EXEC] STREAM_PNL stream_id=1 pnl=+0.000930
[18:01:08.393] [INFO] [EXEC] STREAM_RECYCLED level_id=1
[18:01:08.394] [INFO] [EXEC] STREAM_RECYCLED stream_id=1
[18:01:08.687] [INFO] [EXEC] STREAM_SELL_STATUS stream_id=3 chunk_id=1652740011072 order_id=386659301 status=FILLED
[18:01:08.690] [INFO] [EXEC] STREAM_SELL_FILLED stream_id=3 chunk_id=1652740011072 order_id=386659301
[18:01:08.692] [OK] [EXEC] FIFO CLOSE qty=0.003100 entry=80500.55 exit=80500.85 pnl=+0.000930
[18:01:08.693] [INFO] [EXEC] STREAM_PNL stream_id=3 pnl=+0.000930
[18:01:08.694] [INFO] [EXEC] STREAM_RECYCLED level_id=3
[18:01:08.695] [INFO] [EXEC] STREAM_RECYCLED stream_id=3
[18:01:08.696] [WARNING] [EXEC] STATE REPAIR reason=zero_inventory_not_flat
[18:01:08.697] [INFO] [HEALTH] state=GOOD
[18:01:08.698] [INFO] [EXEC] STREAM_MODE_ACTIVE_SKIP_SINGLE_ENTRY
[18:01:09.164] [INFO] [EXEC] STREAM_BUY_PLACED level_id=1 order_id=386659572
[18:01:09.168] [OK] [EXEC] PLACE BUY price=80500.75 qty=0.003100
[18:01:09.562] [INFO] [EXEC] STREAM_BUY_PLACED level_id=3 order_id=386659586
[18:01:09.564] [OK] [EXEC] PLACE BUY price=80500.55 qty=0.003100
[18:01:09.981] [INFO] [EXEC] STREAM_BUY_PLACED level_id=4 order_id=386659601
[18:01:09.984] [OK] [EXEC] PLACE BUY price=80500.45 qty=0.003100
[18:01:11.546] [WARNING] [EXEC] BLOCK_BUY reason=market_health_bad mode=FAST ws_age=1234 spread=4.78 stable=1/1 mid_delta=0.00 bid_delta=0.00
[18:01:12.719] [INFO] [EXEC] STREAM_BUY_FILLED level_id=4
[18:01:12.723] [OK] [EXEC] CHUNK ADD qty=0.003100 entry=80500.45
[18:01:12.725] [INFO] [EXEC] CHUNK COUNT n=1
[18:01:13.006] [INFO] [EXEC] STREAM_SELL_PLACED stream_id=4 chunk_id=1652740008912 order_id=386659721 price=80500.75 qty=0.003100
[18:01:13.278] [INFO] [EXEC] STREAM_SELL_STATUS stream_id=4 chunk_id=1652740008912 order_id=386659721 status=NEW
[18:01:13.282] [WARNING] [EXEC] STATE REPAIR reason=inventory_cannot_be_flat
[18:01:13.283] [INFO] [EXEC] STREAM_GLOBAL_SELL_SKIP reason=exit_recovery_inventory_no_sell
[18:01:13.284] [INFO] [EXEC] STREAM_GLOBAL_SELL_SKIP reason=place_sell
[18:01:13.671] [WARNING] [EXEC] SELL_QTY_CLAMP inventory=0.003100 free=0.000047 final=0.000047
[18:01:14.007] [INFO] [EXEC] STREAM_BUY_FILLED level_id=1
[18:01:14.010] [OK] [EXEC] CHUNK ADD qty=0.003100 entry=80500.75
[18:01:14.011] [INFO] [EXEC] CHUNK COUNT n=2
[18:01:14.316] [INFO] [EXEC] STREAM_SELL_PLACED stream_id=1 chunk_id=1652790677136 order_id=386659803 price=80501.05 qty=0.003100
[18:01:14.641] [INFO] [EXEC] STREAM_BUY_FILLED level_id=3
[18:01:14.644] [OK] [EXEC] CHUNK ADD qty=0.003100 entry=80500.55
[18:01:14.646] [INFO] [EXEC] CHUNK COUNT n=3
[18:01:14.927] [INFO] [EXEC] STREAM_SELL_PLACED stream_id=3 chunk_id=1652790676224 order_id=386659828 price=80500.85 qty=0.003100
[18:01:15.198] [INFO] [EXEC] STREAM_SELL_STATUS stream_id=4 chunk_id=1652740008912 order_id=386659721 status=NEW
[18:01:15.464] [INFO] [EXEC] STREAM_SELL_STATUS stream_id=1 chunk_id=1652790677136 order_id=386659803 status=NEW
[18:01:15.803] [INFO] [EXEC] STREAM_SELL_STATUS stream_id=3 chunk_id=1652790676224 order_id=386659828 status=NEW
[18:01:15.806] [INFO] [EXEC] STREAM_GLOBAL_SELL_SKIP reason=exit_recovery_inventory_no_sell
[18:01:15.809] [INFO] [EXEC] STREAM_GLOBAL_SELL_SKIP reason=place_sell
[18:01:16.538] [WARNING] [EXEC] SELL_QTY_CLAMP inventory=0.009300 free=0.000047 final=0.000047
[18:01:17.047] [INFO] [EXEC] STREAM_SELL_STATUS stream_id=4 chunk_id=1652740008912 order_id=386659721 status=NEW
[18:01:17.669] [INFO] [EXEC] STREAM_SELL_STATUS stream_id=1 chunk_id=1652790677136 order_id=386659803 status=FILLED
[18:01:17.671] [INFO] [EXEC] STREAM_SELL_FILLED stream_id=1 chunk_id=1652790677136 order_id=386659803
[18:01:17.673] [OK] [EXEC] FIFO CLOSE qty=0.003100 entry=80500.75 exit=80501.05 pnl=+0.000930
[18:01:17.675] [INFO] [EXEC] STREAM_PNL stream_id=1 pnl=+0.000930
[18:01:17.676] [INFO] [EXEC] STREAM_RECYCLED level_id=1
[18:01:17.678] [INFO] [EXEC] STREAM_RECYCLED stream_id=1
[18:01:18.063] [INFO] [EXEC] STREAM_SELL_STATUS stream_id=3 chunk_id=1652790676224 order_id=386659828 status=FILLED
[18:01:18.066] [INFO] [EXEC] STREAM_SELL_FILLED stream_id=3 chunk_id=1652790676224 order_id=386659828
[18:01:18.069] [OK] [EXEC] FIFO CLOSE qty=0.003100 entry=80500.55 exit=80500.85 pnl=+0.000930
[18:01:18.072] [INFO] [EXEC] STREAM_PNL stream_id=3 pnl=+0.000930
[18:01:18.075] [INFO] [EXEC] STREAM_RECYCLED level_id=3
[18:01:18.077] [INFO] [EXEC] STREAM_RECYCLED stream_id=3
[18:01:18.080] [INFO] [EXEC] STREAM_GLOBAL_SELL_SKIP reason=exit_recovery_inventory_no_sell
[18:01:18.081] [INFO] [EXEC] STREAM_GLOBAL_SELL_SKIP reason=place_sell
[18:01:18.719] [WARNING] [EXEC] SELL_QTY_CLAMP inventory=0.003100 free=0.000047 final=0.000047
[18:01:19.023] [INFO] [EXEC] STREAM_SELL_STATUS stream_id=4 chunk_id=1652740008912 order_id=386659721 status=FILLED
[18:01:19.027] [INFO] [EXEC] STREAM_SELL_FILLED stream_id=4 chunk_id=1652740008912 order_id=386659721
[18:01:19.028] [OK] [EXEC] FIFO CLOSE qty=0.003100 entry=80500.45 exit=80500.75 pnl=+0.000930
[18:01:19.029] [INFO] [EXEC] STREAM_PNL stream_id=4 pnl=+0.000930
[18:01:19.030] [INFO] [EXEC] STREAM_RECYCLED level_id=4
[18:01:19.031] [INFO] [EXEC] STREAM_RECYCLED stream_id=4
[18:01:19.032] [WARNING] [EXEC] STATE REPAIR reason=zero_inventory_not_flat
[18:01:19.033] [WARNING] [HEALTH] block spread_too_young lifetime=0
[18:01:19.034] [WARNING] [HEALTH] unstable_spread lifetime=0
[18:01:19.035] [WARNING] [EXEC] BLOCK_BUY reason=spread_too_young mode=FAST ws_age=609 spread=7.08 stable=1/1 mid_delta=0.00 bid_delta=0.00
[18:01:19.459] [WARNING] [EXEC] BLOCK_BUY reason=market_health_bad mode=FAST ws_age=327 spread=4.30 stable=1/1 mid_delta=0.00 bid_delta=0.00
[18:01:20.206] [WARNING] [HEALTH] block spread_too_young lifetime=0
[18:01:20.208] [WARNING] [EXEC] BLOCK_BUY reason=spread_too_young mode=FAST ws_age=16 spread=6.32 stable=1/1 mid_delta=0.00 bid_delta=0.00
[18:01:20.683] [WARNING] [EXEC] BLOCK_BUY reason=market_health_bad mode=FAST ws_age=77 spread=5.68 stable=1/1 mid_delta=0.00 bid_delta=0.00
[18:01:22.959] [WARNING] [HEALTH] block spread_too_young lifetime=0
[18:01:22.964] [WARNING] [HEALTH] unstable_spread lifetime=0
[18:01:22.967] [WARNING] [EXEC] BLOCK_BUY reason=spread_too_young mode=FAST ws_age=47 spread=15.26 stable=1/1 mid_delta=0.00 bid_delta=0.00
[18:01:23.452] [WARNING] [HEALTH] block spread_too_young lifetime=493
[18:01:23.454] [WARNING] [EXEC] BLOCK_BUY reason=market_health_bad mode=FAST ws_age=16 spread=7.22 stable=1/1 mid_delta=0.00 bid_delta=0.00
[18:01:23.971] [INFO] [EXEC] STREAM_MODE_ACTIVE_SKIP_SINGLE_ENTRY
[18:01:24.245] [INFO] [EXEC] STREAM_BUY_PLACED level_id=1 order_id=386660318
[18:01:24.250] [OK] [EXEC] PLACE BUY price=80500.75 qty=0.003100
[18:01:24.551] [INFO] [EXEC] STREAM_BUY_PLACED level_id=3 order_id=386660332
[18:01:24.554] [OK] [EXEC] PLACE BUY price=80500.55 qty=0.003100
[18:01:24.894] [INFO] [EXEC] STREAM_BUY_PLACED level_id=4 order_id=386660340
[18:01:24.897] [OK] [EXEC] PLACE BUY price=80500.45 qty=0.003100
[18:01:25.555] [INFO] [EXEC] STREAM_BUY_FILLED level_id=1
[18:01:25.560] [OK] [EXEC] CHUNK ADD qty=0.003100 entry=80500.75
[18:01:25.562] [INFO] [EXEC] CHUNK COUNT n=1
[18:01:26.007] [INFO] [EXEC] STREAM_SELL_PLACED stream_id=1 chunk_id=1652790685824 order_id=386660399 price=80501.05 qty=0.003100
[18:01:26.292] [INFO] [EXEC] STREAM_BUY_FILLED level_id=3
[18:01:26.295] [OK] [EXEC] CHUNK ADD qty=0.003100 entry=80500.55
[18:01:26.297] [INFO] [EXEC] CHUNK COUNT n=2
[18:01:26.560] [INFO] [EXEC] STREAM_SELL_PLACED stream_id=3 chunk_id=1652790685296 order_id=386660408 price=80500.85 qty=0.003100
[18:01:26.877] [INFO] [EXEC] STREAM_BUY_FILLED level_id=4
[18:01:26.881] [OK] [EXEC] CHUNK ADD qty=0.003100 entry=80500.45
[18:01:26.882] [INFO] [EXEC] CHUNK COUNT n=3
[18:01:27.381] [INFO] [EXEC] STREAM_SELL_PLACED stream_id=4 chunk_id=1652790680064 order_id=386660429 price=80500.75 qty=0.003100
[18:01:27.689] [INFO] [EXEC] STREAM_SELL_STATUS stream_id=1 chunk_id=1652790685824 order_id=386660399 status=NEW
[18:01:27.979] [INFO] [EXEC] STREAM_SELL_STATUS stream_id=3 chunk_id=1652790685296 order_id=386660408 status=NEW
[18:01:28.269] [INFO] [EXEC] STREAM_SELL_STATUS stream_id=4 chunk_id=1652790680064 order_id=386660429 status=NEW
[18:01:28.274] [WARNING] [EXEC] STATE REPAIR reason=inventory_cannot_be_flat
[18:01:28.277] [INFO] [EXEC] STREAM_GLOBAL_SELL_SKIP reason=exit_recovery_inventory_no_sell
[18:01:28.279] [INFO] [EXEC] STREAM_GLOBAL_SELL_SKIP reason=place_sell
[18:01:29.392] [WARNING] [EXEC] SELL_QTY_CLAMP inventory=0.009300 free=0.000047 final=0.000047
[18:01:29.762] [INFO] [EXEC] STREAM_SELL_STATUS stream_id=1 chunk_id=1652790685824 order_id=386660399 status=NEW
[18:01:30.346] [INFO] [EXEC] STREAM_SELL_STATUS stream_id=3 chunk_id=1652790685296 order_id=386660408 status=NEW
[18:01:30.611] [INFO] [EXEC] STREAM_SELL_STATUS stream_id=4 chunk_id=1652790680064 order_id=386660429 status=NEW
[18:01:30.616] [INFO] [EXEC] STREAM_GLOBAL_SELL_SKIP reason=exit_recovery_inventory_no_sell
[18:01:30.618] [INFO] [EXEC] STREAM_GLOBAL_SELL_SKIP reason=place_sell
[18:01:31.393] [INFO] [EXEC] STREAM_SELL_STATUS stream_id=1 chunk_id=1652790685824 order_id=386660399 status=NEW
[18:01:31.690] [INFO] [EXEC] STREAM_SELL_STATUS stream_id=3 chunk_id=1652790685296 order_id=386660408 status=NEW
[18:01:31.967] [INFO] [EXEC] STREAM_SELL_STATUS stream_id=4 chunk_id=1652790680064 order_id=386660429 status=NEW
[18:01:31.969] [INFO] [EXEC] STREAM_GLOBAL_SELL_SKIP reason=exit_recovery_inventory_no_sell
[18:01:31.970] [INFO] [EXEC] STREAM_GLOBAL_SELL_SKIP reason=place_sell
[18:01:32.414] [WARNING] [EXEC] SELL_QTY_CLAMP inventory=0.009300 free=0.000047 final=0.000047
[18:01:32.745] [INFO] [EXEC] STREAM_SELL_STATUS stream_id=1 chunk_id=1652790685824 order_id=386660399 status=NEW
[18:01:33.013] [INFO] [EXEC] STREAM_SELL_STATUS stream_id=3 chunk_id=1652790685296 order_id=386660408 status=NEW
[18:01:33.285] [INFO] [EXEC] STREAM_SELL_STATUS stream_id=4 chunk_id=1652790680064 order_id=386660429 status=NEW
[18:01:33.290] [INFO] [EXEC] STREAM_GLOBAL_SELL_SKIP reason=exit_recovery_inventory_no_sell
[18:01:33.291] [INFO] [EXEC] STREAM_GLOBAL_SELL_SKIP reason=place_sell
[18:01:33.925] [INFO] [EXEC] STREAM_SELL_STATUS stream_id=1 chunk_id=1652790685824 order_id=386660399 status=NEW
[18:01:34.191] [INFO] [EXEC] STREAM_SELL_STATUS stream_id=3 chunk_id=1652790685296 order_id=386660408 status=NEW
[18:01:34.461] [INFO] [EXEC] STREAM_SELL_STATUS stream_id=4 chunk_id=1652790680064 order_id=386660429 status=NEW
[18:01:34.464] [INFO] [EXEC] STREAM_GLOBAL_SELL_SKIP reason=exit_recovery_inventory_no_sell
[18:01:34.465] [INFO] [EXEC] STREAM_GLOBAL_SELL_SKIP reason=place_sell
[18:01:35.203] [INFO] [EXEC] STREAM_SELL_STATUS stream_id=1 chunk_id=1652790685824 order_id=386660399 status=NEW
[18:01:35.507] [INFO] [EXEC] STREAM_SELL_STATUS stream_id=3 chunk_id=1652790685296 order_id=386660408 status=NEW
[18:01:35.776] [INFO] [EXEC] STREAM_SELL_STATUS stream_id=4 chunk_id=1652790680064 order_id=386660429 status=NEW
[18:01:35.780] [INFO] [EXEC] STREAM_GLOBAL_SELL_SKIP reason=exit_recovery_inventory_no_sell
[18:01:35.781] [INFO] [EXEC] STREAM_GLOBAL_SELL_SKIP reason=place_sell
[18:01:36.202] [WARNING] [EXEC] SELL_QTY_CLAMP inventory=0.009300 free=0.000047 final=0.000047
[18:01:36.484] [INFO] [EXEC] STREAM_SELL_STATUS stream_id=1 chunk_id=1652790685824 order_id=386660399 status=NEW
[18:01:36.749] [INFO] [EXEC] STREAM_SELL_STATUS stream_id=3 chunk_id=1652790685296 order_id=386660408 status=NEW
[18:01:37.049] [INFO] [EXEC] STREAM_SELL_STATUS stream_id=4 chunk_id=1652790680064 order_id=386660429 status=FILLED
[18:01:37.054] [INFO] [EXEC] STREAM_SELL_FILLED stream_id=4 chunk_id=1652790680064 order_id=386660429
[18:01:37.057] [OK] [EXEC] FIFO CLOSE qty=0.003100 entry=80500.45 exit=80500.75 pnl=+0.000930
[18:01:37.060] [INFO] [EXEC] STREAM_PNL stream_id=4 pnl=+0.000930
[18:01:37.062] [INFO] [EXEC] STREAM_RECYCLED level_id=4
[18:01:37.064] [INFO] [EXEC] STREAM_RECYCLED stream_id=4
[18:01:37.066] [INFO] [EXEC] STREAM_GLOBAL_SELL_SKIP reason=exit_recovery_inventory_no_sell
[18:01:37.067] [INFO] [EXEC] STREAM_GLOBAL_SELL_SKIP reason=place_sell
[18:01:37.423] [WARNING] [EXEC] SELL_QTY_CLAMP inventory=0.006200 free=0.000047 final=0.000047
[18:01:37.687] [INFO] [EXEC] STREAM_SELL_STATUS stream_id=1 chunk_id=1652790685824 order_id=386660399 status=FILLED
[18:01:37.690] [INFO] [EXEC] STREAM_SELL_FILLED stream_id=1 chunk_id=1652790685824 order_id=386660399
[18:01:37.692] [OK] [EXEC] FIFO CLOSE qty=0.003100 entry=80500.75 exit=80501.05 pnl=+0.000930
[18:01:37.694] [INFO] [EXEC] STREAM_PNL stream_id=1 pnl=+0.000930
[18:01:37.695] [INFO] [EXEC] STREAM_RECYCLED level_id=1
[18:01:37.696] [INFO] [EXEC] STREAM_RECYCLED stream_id=1
[18:01:37.968] [INFO] [EXEC] STREAM_SELL_STATUS stream_id=3 chunk_id=1652790685296 order_id=386660408 status=FILLED
[18:01:37.970] [INFO] [EXEC] STREAM_SELL_FILLED stream_id=3 chunk_id=1652790685296 order_id=386660408
[18:01:37.972] [OK] [EXEC] FIFO CLOSE qty=0.003100 entry=80500.55 exit=80500.85 pnl=+0.000930
[18:01:37.973] [INFO] [EXEC] STREAM_PNL stream_id=3 pnl=+0.000930
[18:01:37.975] [INFO] [EXEC] STREAM_RECYCLED level_id=3
[18:01:37.976] [INFO] [EXEC] STREAM_RECYCLED stream_id=3
[18:01:37.977] [WARNING] [EXEC] STATE REPAIR reason=zero_inventory_not_flat
[18:01:37.977] [INFO] [HEALTH] state=GOOD
[18:01:37.978] [INFO] [EXEC] STREAM_MODE_ACTIVE_SKIP_SINGLE_ENTRY
[18:01:38.273] [INFO] [EXEC] STREAM_BUY_PLACED level_id=1 order_id=386660933
[18:01:38.278] [OK] [EXEC] PLACE BUY price=80500.75 qty=0.003100
[18:01:38.581] [INFO] [EXEC] STREAM_BUY_PLACED level_id=3 order_id=386660944
[18:01:38.585] [OK] [EXEC] PLACE BUY price=80500.55 qty=0.003100
[18:01:38.887] [INFO] [EXEC] STREAM_BUY_PLACED level_id=4 order_id=386660961
[18:01:38.888] [OK] [EXEC] PLACE BUY price=80500.45 qty=0.003100
[18:01:40.482] [WARNING] [EXEC] BLOCK_BUY reason=market_health_bad mode=FAST ws_age=1233 spread=5.65 stable=1/1 mid_delta=0.00 bid_delta=0.00
[18:01:41.732] [WARNING] [HEALTH] block spread_too_young lifetime=0
[18:01:41.735] [WARNING] [HEALTH] unstable_spread lifetime=0
[18:01:41.737] [WARNING] [EXEC] BLOCK_BUY reason=spread_too_young mode=FAST ws_age=1092 spread=6.46 stable=1/1 mid_delta=0.00 bid_delta=0.00
[18:01:43.047] [WARNING] [EXEC] BLOCK_BUY reason=market_health_bad mode=FAST ws_age=1187 spread=5.80 stable=1/1 mid_delta=0.00 bid_delta=0.00
[18:01:45.498] [WARNING] [HEALTH] block spread_too_young lifetime=0
[18:01:45.500] [WARNING] [HEALTH] unstable_spread lifetime=0
[18:01:45.503] [WARNING] [EXEC] BLOCK_BUY reason=spread_too_young mode=FAST ws_age=1156 spread=6.35 stable=1/1 mid_delta=0.00 bid_delta=0.00
[18:01:46.832] [INFO] [EXEC] STREAM_MODE_ACTIVE_SKIP_SINGLE_ENTRY
[18:01:47.099] [INFO] [EXEC] STREAM_BUY_PLACED level_id=5 order_id=386661276
[18:01:47.100] [OK] [EXEC] PLACE BUY price=80500.35 qty=0.003100
[18:01:47.385] [INFO] [EXEC] STREAM_BUY_PLACED level_id=6 order_id=386661286
[18:01:47.389] [OK] [EXEC] PLACE BUY price=80500.25 qty=0.003100
[18:01:47.655] [INFO] [EXEC] STREAM_BUY_PLACED level_id=7 order_id=386661287
[18:01:47.657] [OK] [EXEC] PLACE BUY price=80500.15 qty=0.003100
[18:01:50.407] [INFO] [EXEC] STREAM_BUY_PLACED level_id=8 order_id=386661333
[18:01:50.411] [OK] [EXEC] PLACE BUY price=80500.05 qty=0.003100
[18:01:50.712] [INFO] [EXEC] STREAM_BUY_PLACED level_id=9 order_id=386661351
[18:01:50.715] [OK] [EXEC] PLACE BUY price=80499.95 qty=0.003100
[18:01:51.019] [INFO] [EXEC] STREAM_BUY_PLACED level_id=10 order_id=386661362
[18:01:51.023] [OK] [EXEC] PLACE BUY price=80499.85 qty=0.003100
[18:01:53.941] [INFO] [HEALTH] state=GOOD
[18:01:53.942] [WARNING] [EXEC] BLOCK_BUY reason=ws_stale mode=FAST ws_age=2827 spread=7.64 stable=1/1 mid_delta=0.00 bid_delta=0.00
[18:02:01.443] [INFO] [HEALTH] state=DANGER
[18:02:01.445] [WARNING] [EXEC] BLOCK_BUY reason=ws_stale mode=FAST ws_age=3640 spread=5.06 stable=1/1 mid_delta=0.00 bid_delta=0.00
[18:02:05.026] [WARNING] [EXEC] BLOCK_BUY reason=ws_stale mode=FAST ws_age=3297 spread=5.35 stable=1/1 mid_delta=0.00 bid_delta=0.00
[18:02:08.687] [WARNING] [HEALTH] block spread_too_young lifetime=0
[18:02:08.688] [WARNING] [HEALTH] unstable_spread lifetime=0
[18:02:08.689] [WARNING] [EXEC] BLOCK_BUY reason=ws_stale mode=FAST ws_age=3655 spread=6.42 stable=1/1 mid_delta=0.00 bid_delta=0.00
[18:02:11.489] [INFO] [EXEC] STREAM_BUY_FILLED level_id=5
[18:02:11.495] [OK] [EXEC] CHUNK ADD qty=0.003100 entry=80500.35
[18:02:11.498] [INFO] [EXEC] CHUNK COUNT n=1
[18:02:11.763] [INFO] [EXEC] STREAM_SELL_PLACED stream_id=5 chunk_id=1652790679392 order_id=386662127 price=80500.65 qty=0.003100
[18:02:12.067] [INFO] [EXEC] STREAM_BUY_FILLED level_id=6
[18:02:12.072] [OK] [EXEC] CHUNK ADD qty=0.003100 entry=80500.25
[18:02:12.074] [INFO] [EXEC] CHUNK COUNT n=2
[18:02:12.373] [INFO] [EXEC] STREAM_SELL_PLACED stream_id=6 chunk_id=1652790684528 order_id=386662172 price=80500.55 qty=0.003100
[18:02:12.641] [INFO] [EXEC] STREAM_BUY_FILLED level_id=7
[18:02:12.646] [OK] [EXEC] CHUNK ADD qty=0.003100 entry=80500.15
[18:02:12.650] [INFO] [EXEC] CHUNK COUNT n=3
[18:02:12.919] [INFO] [EXEC] STREAM_SELL_PLACED stream_id=7 chunk_id=1652740002624 order_id=386662216 price=80500.45 qty=0.003100
[18:02:13.194] [INFO] [EXEC] STREAM_BUY_FILLED level_id=8
[18:02:13.198] [OK] [EXEC] CHUNK ADD qty=0.003100 entry=80500.05
[18:02:13.200] [INFO] [EXEC] CHUNK COUNT n=4
[18:02:13.664] [INFO] [EXEC] STREAM_SELL_PLACED stream_id=8 chunk_id=1652740000368 order_id=386662240 price=80500.35 qty=0.003100
[18:02:13.937] [INFO] [EXEC] STREAM_BUY_FILLED level_id=9
[18:02:13.942] [OK] [EXEC] CHUNK ADD qty=0.003100 entry=80499.95
[18:02:13.943] [INFO] [EXEC] CHUNK COUNT n=5
[18:02:14.215] [INFO] [EXEC] STREAM_SELL_PLACED stream_id=9 chunk_id=1652740007424 order_id=386662274 price=80500.25 qty=0.003100
[18:02:14.480] [INFO] [EXEC] STREAM_BUY_FILLED level_id=10
[18:02:14.485] [OK] [EXEC] CHUNK ADD qty=0.003100 entry=80499.85
[18:02:14.488] [INFO] [EXEC] CHUNK COUNT n=6
[18:02:14.791] [INFO] [EXEC] STREAM_SELL_PLACED stream_id=10 chunk_id=1652739998928 order_id=386662308 price=80500.15 qty=0.003100
[18:02:15.068] [INFO] [EXEC] STREAM_SELL_STATUS stream_id=5 chunk_id=1652790679392 order_id=386662127 status=NEW
[18:02:15.340] [INFO] [EXEC] STREAM_SELL_STATUS stream_id=6 chunk_id=1652790684528 order_id=386662172 status=NEW
[18:02:15.615] [INFO] [EXEC] STREAM_SELL_STATUS stream_id=7 chunk_id=1652740002624 order_id=386662216 status=NEW
[18:02:15.915] [INFO] [EXEC] STREAM_SELL_STATUS stream_id=8 chunk_id=1652740000368 order_id=386662240 status=NEW
[18:02:16.189] [INFO] [EXEC] STREAM_SELL_STATUS stream_id=9 chunk_id=1652740007424 order_id=386662274 status=FILLED
[18:02:16.194] [INFO] [EXEC] STREAM_SELL_FILLED stream_id=9 chunk_id=1652740007424 order_id=386662274
[18:02:16.200] [OK] [EXEC] FIFO CLOSE qty=0.003100 entry=80499.95 exit=80500.25 pnl=+0.000930
[18:02:16.205] [INFO] [EXEC] STREAM_PNL stream_id=9 pnl=+0.000930
[18:02:16.207] [INFO] [EXEC] STREAM_RECYCLED level_id=9
[18:02:16.211] [INFO] [EXEC] STREAM_RECYCLED stream_id=9
[18:02:16.474] [INFO] [EXEC] STREAM_SELL_STATUS stream_id=10 chunk_id=1652739998928 order_id=386662308 status=FILLED
[18:02:16.478] [INFO] [EXEC] STREAM_SELL_FILLED stream_id=10 chunk_id=1652739998928 order_id=386662308
[18:02:16.480] [OK] [EXEC] FIFO CLOSE qty=0.003100 entry=80499.85 exit=80500.15 pnl=+0.000930
[18:02:16.482] [INFO] [EXEC] STREAM_PNL stream_id=10 pnl=+0.000930
[18:02:16.483] [INFO] [EXEC] STREAM_RECYCLED level_id=10
[18:02:16.485] [INFO] [EXEC] STREAM_RECYCLED stream_id=10
[18:02:16.487] [WARNING] [EXEC] STATE REPAIR reason=inventory_cannot_be_flat
[18:02:16.488] [INFO] [EXEC] STREAM_GLOBAL_SELL_SKIP reason=exit_recovery_inventory_no_sell
[18:02:16.490] [INFO] [EXEC] STREAM_GLOBAL_SELL_SKIP reason=place_sell
[18:02:17.492] [WARNING] [EXEC] SELL_QTY_CLAMP inventory=0.012400 free=0.000047 final=0.000047
[18:02:17.761] [INFO] [EXEC] STREAM_BUY_FILLED level_id=1
[18:02:17.765] [OK] [EXEC] CHUNK ADD qty=0.003100 entry=80500.75
[18:02:17.767] [INFO] [EXEC] CHUNK COUNT n=5
[18:02:18.035] [INFO] [EXEC] STREAM_SELL_PLACED stream_id=1 chunk_id=1652790789952 order_id=386662381 price=80501.05 qty=0.003100
[18:02:18.311] [INFO] [EXEC] STREAM_BUY_FILLED level_id=3
[18:02:18.315] [OK] [EXEC] CHUNK ADD qty=0.003100 entry=80500.55
[18:02:18.317] [INFO] [EXEC] CHUNK COUNT n=6
[18:02:18.578] [INFO] [EXEC] STREAM_SELL_PLACED stream_id=3 chunk_id=1652740007280 order_id=386662418 price=80500.85 qty=0.003100
[18:02:18.840] [INFO] [EXEC] STREAM_BUY_FILLED level_id=4
[18:02:18.844] [OK] [EXEC] CHUNK ADD qty=0.003100 entry=80500.45
[18:02:18.845] [INFO] [EXEC] CHUNK COUNT n=7
[18:02:19.594] [INFO] [EXEC] STREAM_SELL_PLACED stream_id=4 chunk_id=1652740007472 order_id=386662429 price=80500.75 qty=0.003100
[18:02:19.884] [INFO] [EXEC] STREAM_SELL_STATUS stream_id=5 chunk_id=1652790679392 order_id=386662127 status=FILLED
[18:02:19.888] [INFO] [EXEC] STREAM_SELL_FILLED stream_id=5 chunk_id=1652790679392 order_id=386662127
[18:02:19.890] [OK] [EXEC] FIFO CLOSE qty=0.003100 entry=80500.35 exit=80500.65 pnl=+0.000930
[18:02:19.891] [INFO] [EXEC] STREAM_PNL stream_id=5 pnl=+0.000930
[18:02:19.893] [INFO] [EXEC] STREAM_RECYCLED level_id=5
[18:02:19.895] [INFO] [EXEC] STREAM_RECYCLED stream_id=5
[18:02:20.203] [INFO] [EXEC] STREAM_SELL_STATUS stream_id=6 chunk_id=1652790684528 order_id=386662172 status=FILLED
[18:02:20.207] [INFO] [EXEC] STREAM_SELL_FILLED stream_id=6 chunk_id=1652790684528 order_id=386662172
[18:02:20.209] [OK] [EXEC] FIFO CLOSE qty=0.003100 entry=80500.25 exit=80500.55 pnl=+0.000930
[18:02:20.210] [INFO] [EXEC] STREAM_PNL stream_id=6 pnl=+0.000930
[18:02:20.212] [INFO] [EXEC] STREAM_RECYCLED level_id=6
[18:02:20.213] [INFO] [EXEC] STREAM_RECYCLED stream_id=6
[18:02:20.488] [INFO] [EXEC] STREAM_SELL_STATUS stream_id=7 chunk_id=1652740002624 order_id=386662216 status=FILLED
[18:02:20.494] [INFO] [EXEC] STREAM_SELL_FILLED stream_id=7 chunk_id=1652740002624 order_id=386662216
[18:02:20.496] [OK] [EXEC] FIFO CLOSE qty=0.003100 entry=80500.15 exit=80500.45 pnl=+0.000930
[18:02:20.498] [INFO] [EXEC] STREAM_PNL stream_id=7 pnl=+0.000930
[18:02:20.499] [INFO] [EXEC] STREAM_RECYCLED level_id=7
[18:02:20.501] [INFO] [EXEC] STREAM_RECYCLED stream_id=7
[18:02:20.781] [INFO] [EXEC] STREAM_SELL_STATUS stream_id=8 chunk_id=1652740000368 order_id=386662240 status=FILLED
[18:02:20.785] [INFO] [EXEC] STREAM_SELL_FILLED stream_id=8 chunk_id=1652740000368 order_id=386662240
[18:02:20.787] [OK] [EXEC] FIFO CLOSE qty=0.003100 entry=80500.05 exit=80500.35 pnl=+0.000930
[18:02:20.790] [INFO] [EXEC] STREAM_PNL stream_id=8 pnl=+0.000930
[18:02:20.792] [INFO] [EXEC] STREAM_RECYCLED level_id=8
[18:02:20.796] [INFO] [EXEC] STREAM_RECYCLED stream_id=8
[18:02:21.062] [INFO] [EXEC] STREAM_SELL_STATUS stream_id=1 chunk_id=1652790789952 order_id=386662381 status=FILLED
[18:02:21.067] [INFO] [EXEC] STREAM_SELL_FILLED stream_id=1 chunk_id=1652790789952 order_id=386662381
[18:02:21.068] [OK] [EXEC] FIFO CLOSE qty=0.003100 entry=80500.75 exit=80501.05 pnl=+0.000930
[18:02:21.069] [INFO] [EXEC] STREAM_PNL stream_id=1 pnl=+0.000930
[18:02:21.071] [INFO] [EXEC] STREAM_RECYCLED level_id=1
[18:02:21.073] [INFO] [EXEC] STREAM_RECYCLED stream_id=1
[18:02:21.343] [INFO] [EXEC] STREAM_SELL_STATUS stream_id=3 chunk_id=1652740007280 order_id=386662418 status=FILLED
[18:02:21.347] [INFO] [EXEC] STREAM_SELL_FILLED stream_id=3 chunk_id=1652740007280 order_id=386662418
[18:02:21.349] [OK] [EXEC] FIFO CLOSE qty=0.003100 entry=80500.55 exit=80500.85 pnl=+0.000930
[18:02:21.351] [INFO] [EXEC] STREAM_PNL stream_id=3 pnl=+0.000930
[18:02:21.352] [INFO] [EXEC] STREAM_RECYCLED level_id=3
[18:02:21.353] [INFO] [EXEC] STREAM_RECYCLED stream_id=3
[18:02:21.672] [INFO] [EXEC] STREAM_SELL_STATUS stream_id=4 chunk_id=1652740007472 order_id=386662429 status=FILLED
[18:02:21.674] [INFO] [EXEC] STREAM_SELL_FILLED stream_id=4 chunk_id=1652740007472 order_id=386662429
[18:02:21.675] [OK] [EXEC] FIFO CLOSE qty=0.003100 entry=80500.45 exit=80500.75 pnl=+0.000930
[18:02:21.679] [INFO] [EXEC] STREAM_PNL stream_id=4 pnl=+0.000930
[18:02:21.681] [INFO] [EXEC] STREAM_RECYCLED level_id=4
[18:02:21.683] [INFO] [EXEC] STREAM_RECYCLED stream_id=4
[18:02:21.685] [WARNING] [EXEC] STATE REPAIR reason=zero_inventory_not_flat
[18:02:21.687] [INFO] [HEALTH] state=GOOD
[18:02:21.687] [WARNING] [EXEC] BLOCK_BUY reason=ws_stale mode=FAST ws_age=4530 spread=6.47 stable=1/1 mid_delta=0.00 bid_delta=0.00
[18:02:22.510] [INFO] [HEALTH] state=GOOD
[18:02:22.512] [INFO] [EXEC] STREAM_MODE_ACTIVE_SKIP_SINGLE_ENTRY
[18:02:22.779] [INFO] [EXEC] STREAM_BUY_PLACED level_id=1 order_id=386662603
[18:02:22.783] [OK] [EXEC] PLACE BUY price=80500.75 qty=0.003100
[18:02:23.054] [INFO] [EXEC] STREAM_BUY_PLACED level_id=3 order_id=386662622
[18:02:23.059] [OK] [EXEC] PLACE BUY price=80500.55 qty=0.003100
[18:02:23.328] [INFO] [EXEC] STREAM_BUY_PLACED level_id=4 order_id=386662646
[18:02:23.332] [OK] [EXEC] PLACE BUY price=80500.45 qty=0.003100
[18:02:25.495] [INFO] [EXEC] STREAM_BUY_PLACED level_id=5 order_id=386662708
[18:02:25.501] [OK] [EXEC] PLACE BUY price=80500.35 qty=0.003100
[18:02:25.830] [INFO] [EXEC] STREAM_BUY_PLACED level_id=6 order_id=386662732
[18:02:25.834] [OK] [EXEC] PLACE BUY price=80500.25 qty=0.003100
[18:02:26.176] [INFO] [EXEC] STREAM_BUY_PLACED level_id=7 order_id=386662738
[18:02:26.180] [OK] [EXEC] PLACE BUY price=80500.15 qty=0.003100
[18:02:26.757] [INFO] [EXEC] STREAM_BUY_FILLED level_id=1
[18:02:26.762] [OK] [EXEC] CHUNK ADD qty=0.003100 entry=80500.75
[18:02:26.764] [INFO] [EXEC] CHUNK COUNT n=1
[18:02:27.033] [INFO] [EXEC] STREAM_SELL_PLACED stream_id=1 chunk_id=1652790861440 order_id=386662795 price=80501.05 qty=0.003100
[18:02:28.689] [INFO] [EXEC] STREAM_SELL_STATUS stream_id=1 chunk_id=1652790861440 order_id=386662795 status=FILLED
[18:02:28.691] [INFO] [EXEC] STREAM_SELL_FILLED stream_id=1 chunk_id=1652790861440 order_id=386662795
[18:02:28.693] [OK] [EXEC] FIFO CLOSE qty=0.003100 entry=80500.75 exit=80501.05 pnl=+0.000930
[18:02:28.696] [INFO] [EXEC] STREAM_PNL stream_id=1 pnl=+0.000930
[18:02:28.697] [INFO] [EXEC] STREAM_RECYCLED level_id=1
[18:02:28.699] [INFO] [EXEC] STREAM_RECYCLED stream_id=1
[18:02:28.701] [WARNING] [EXEC] BLOCK_BUY reason=ws_stale mode=FAST ws_age=2516 spread=7.29 stable=1/1 mid_delta=0.00 bid_delta=0.00
[18:02:30.396] [INFO] [EXEC] STREAM_BUY_FILLED level_id=6
[18:02:30.401] [OK] [EXEC] CHUNK ADD qty=0.003100 entry=80500.25
[18:02:30.402] [INFO] [EXEC] CHUNK COUNT n=1
[18:02:30.700] [INFO] [EXEC] STREAM_SELL_PLACED stream_id=6 chunk_id=1652790679152 order_id=386662927 price=80500.55 qty=0.003100
[18:02:30.962] [INFO] [EXEC] STREAM_BUY_FILLED level_id=7
[18:02:30.967] [OK] [EXEC] CHUNK ADD qty=0.003100 entry=80500.15
[18:02:30.971] [INFO] [EXEC] CHUNK COUNT n=2
[18:02:31.254] [INFO] [EXEC] STREAM_SELL_PLACED stream_id=7 chunk_id=1652790674544 order_id=386662987 price=80500.45 qty=0.003100
[18:02:31.524] [INFO] [EXEC] STREAM_SELL_STATUS stream_id=6 chunk_id=1652790679152 order_id=386662927 status=FILLED
[18:02:31.528] [INFO] [EXEC] STREAM_SELL_FILLED stream_id=6 chunk_id=1652790679152 order_id=386662927
[18:02:31.530] [OK] [EXEC] FIFO CLOSE qty=0.003100 entry=80500.25 exit=80500.55 pnl=+0.000930
[18:02:31.531] [INFO] [EXEC] STREAM_PNL stream_id=6 pnl=+0.000930
[18:02:31.533] [INFO] [EXEC] STREAM_RECYCLED level_id=6
[18:02:31.534] [INFO] [EXEC] STREAM_RECYCLED stream_id=6
[18:02:31.827] [INFO] [EXEC] STREAM_SELL_STATUS stream_id=7 chunk_id=1652790674544 order_id=386662987 status=FILLED
[18:02:31.831] [INFO] [EXEC] STREAM_SELL_FILLED stream_id=7 chunk_id=1652790674544 order_id=386662987
[18:02:31.832] [OK] [EXEC] FIFO CLOSE qty=0.003100 entry=80500.15 exit=80500.45 pnl=+0.000930
[18:02:31.834] [INFO] [EXEC] STREAM_PNL stream_id=7 pnl=+0.000930
[18:02:31.836] [INFO] [EXEC] STREAM_RECYCLED level_id=7
[18:02:31.837] [INFO] [EXEC] STREAM_RECYCLED stream_id=7
[18:02:31.839] [INFO] [HEALTH] state=GOOD
[18:02:32.537] [INFO] [EXEC] STREAM_BUY_FILLED level_id=3
[18:02:32.541] [OK] [EXEC] CHUNK ADD qty=0.003100 entry=80500.55
[18:02:32.543] [INFO] [EXEC] CHUNK COUNT n=1
[18:02:32.808] [INFO] [EXEC] STREAM_SELL_PLACED stream_id=3 chunk_id=1652740010976 order_id=386663033 price=80500.85 qty=0.003100
[18:02:33.079] [INFO] [EXEC] STREAM_BUY_FILLED level_id=4
[18:02:33.084] [OK] [EXEC] CHUNK ADD qty=0.003100 entry=80500.45
[18:02:33.088] [INFO] [EXEC] CHUNK COUNT n=2
[18:02:33.364] [INFO] [EXEC] STREAM_SELL_PLACED stream_id=4 chunk_id=1652740002624 order_id=386663052 price=80500.75 qty=0.003100
[18:02:33.643] [INFO] [EXEC] STREAM_BUY_FILLED level_id=5
[18:02:33.646] [OK] [EXEC] CHUNK ADD qty=0.003100 entry=80500.35
[18:02:33.648] [INFO] [EXEC] CHUNK COUNT n=3
[18:02:33.953] [INFO] [EXEC] STREAM_SELL_PLACED stream_id=5 chunk_id=1652790790480 order_id=386663061 price=80500.65 qty=0.003100
[18:02:34.237] [INFO] [EXEC] STREAM_SELL_STATUS stream_id=3 chunk_id=1652740010976 order_id=386663033 status=FILLED
[18:02:34.242] [INFO] [EXEC] STREAM_SELL_FILLED stream_id=3 chunk_id=1652740010976 order_id=386663033
[18:02:34.246] [OK] [EXEC] FIFO CLOSE qty=0.003100 entry=80500.55 exit=80500.85 pnl=+0.000930
[18:02:34.249] [INFO] [EXEC] STREAM_PNL stream_id=3 pnl=+0.000930
[18:02:34.251] [INFO] [EXEC] STREAM_RECYCLED level_id=3
[18:02:34.252] [INFO] [EXEC] STREAM_RECYCLED stream_id=3
[18:02:34.546] [INFO] [EXEC] STREAM_SELL_STATUS stream_id=4 chunk_id=1652740002624 order_id=386663052 status=FILLED
[18:02:34.550] [INFO] [EXEC] STREAM_SELL_FILLED stream_id=4 chunk_id=1652740002624 order_id=386663052
[18:02:34.551] [OK] [EXEC] FIFO CLOSE qty=0.003100 entry=80500.45 exit=80500.75 pnl=+0.000930
[18:02:34.553] [INFO] [EXEC] STREAM_PNL stream_id=4 pnl=+0.000930
[18:02:34.555] [INFO] [EXEC] STREAM_RECYCLED level_id=4
[18:02:34.558] [INFO] [EXEC] STREAM_RECYCLED stream_id=4
[18:02:34.826] [INFO] [EXEC] STREAM_SELL_STATUS stream_id=5 chunk_id=1652790790480 order_id=386663061 status=FILLED
[18:02:34.830] [INFO] [EXEC] STREAM_SELL_FILLED stream_id=5 chunk_id=1652790790480 order_id=386663061
[18:02:34.831] [OK] [EXEC] FIFO CLOSE qty=0.003100 entry=80500.35 exit=80500.65 pnl=+0.000930
[18:02:34.834] [INFO] [EXEC] STREAM_PNL stream_id=5 pnl=+0.000930
[18:02:34.836] [INFO] [EXEC] STREAM_RECYCLED level_id=5
[18:02:34.840] [INFO] [EXEC] STREAM_RECYCLED stream_id=5
[18:02:34.843] [WARNING] [EXEC] BLOCK_BUY reason=ws_stale mode=FAST ws_age=3000 spread=6.85 stable=1/1 mid_delta=0.00 bid_delta=0.00
[18:02:35.295] [INFO] [HEALTH] state=DANGER
[18:02:35.296] [WARNING] [EXEC] BLOCK_BUY reason=market_health_bad mode=FAST ws_age=452 spread=5.96 stable=1/1 mid_delta=0.00 bid_delta=0.00
[18:02:35.503] [WARNING] [HEALTH] block spread_too_young lifetime=0
[18:02:35.506] [WARNING] [HEALTH] unstable_spread lifetime=0
[18:02:35.508] [WARNING] [EXEC] BLOCK_BUY reason=spread_too_young mode=FAST ws_age=31 spread=6.39 stable=2/1 mid_delta=21.50 bid_delta=0.00
[18:02:35.998] [WARNING] [HEALTH] block spread_too_young lifetime=495
[18:02:36.000] [WARNING] [EXEC] BLOCK_BUY reason=market_health_bad mode=FAST ws_age=94 spread=7.55 stable=1/1 mid_delta=0.00 bid_delta=0.00
[18:02:36.511] [INFO] [EXEC] STREAM_MODE_ACTIVE_SKIP_SINGLE_ENTRY
[18:02:36.797] [INFO] [EXEC] STREAM_BUY_PLACED level_id=1 order_id=386663135
[18:02:36.800] [OK] [EXEC] PLACE BUY price=80500.75 qty=0.003100
[18:02:37.157] [INFO] [EXEC] STREAM_BUY_PLACED level_id=3 order_id=386663243
[18:02:37.163] [OK] [EXEC] PLACE BUY price=80500.55 qty=0.003100
[18:02:37.435] [INFO] [EXEC] STREAM_BUY_PLACED level_id=4 order_id=386663358
[18:02:37.439] [OK] [EXEC] PLACE BUY price=80500.45 qty=0.003100
[18:02:38.033] [INFO] [EXEC] STREAM_BUY_FILLED level_id=1
[18:02:38.037] [OK] [EXEC] CHUNK ADD qty=0.003100 entry=80500.75
[18:02:38.039] [INFO] [EXEC] CHUNK COUNT n=1
[18:02:38.306] [INFO] [EXEC] STREAM_SELL_PLACED stream_id=1 chunk_id=1652790798064 order_id=386663438 price=80501.05 qty=0.003100
[18:02:38.627] [INFO] [EXEC] STREAM_BUY_FILLED level_id=3
[18:02:38.632] [OK] [EXEC] CHUNK ADD qty=0.003100 entry=80500.55
[18:02:38.636] [INFO] [EXEC] CHUNK COUNT n=2
[18:02:39.098] [INFO] [EXEC] STREAM_SELL_PLACED stream_id=3 chunk_id=1652790674880 order_id=386663476 price=80500.85 qty=0.003100
[18:02:39.404] [INFO] [EXEC] STREAM_BUY_FILLED level_id=4
[18:02:39.408] [OK] [EXEC] CHUNK ADD qty=0.003100 entry=80500.45
[18:02:39.410] [INFO] [EXEC] CHUNK COUNT n=3
[18:02:39.672] [INFO] [EXEC] STREAM_SELL_PLACED stream_id=4 chunk_id=1652790800272 order_id=386663483 price=80500.75 qty=0.003100
[18:02:39.952] [INFO] [EXEC] STREAM_SELL_STATUS stream_id=1 chunk_id=1652790798064 order_id=386663438 status=NEW
[18:02:40.251] [INFO] [EXEC] STREAM_SELL_STATUS stream_id=3 chunk_id=1652790674880 order_id=386663476 status=NEW
[18:02:40.523] [INFO] [EXEC] STREAM_SELL_STATUS stream_id=4 chunk_id=1652790800272 order_id=386663483 status=NEW
[18:02:40.531] [WARNING] [EXEC] STATE REPAIR reason=inventory_cannot_be_flat
[18:02:40.535] [INFO] [EXEC] STREAM_GLOBAL_SELL_SKIP reason=exit_recovery_inventory_no_sell
[18:02:40.537] [INFO] [EXEC] STREAM_GLOBAL_SELL_SKIP reason=place_sell
[18:02:41.350] [WARNING] [EXEC] SELL_QTY_CLAMP inventory=0.009300 free=0.000047 final=0.000047
[18:02:41.616] [INFO] [EXEC] STREAM_SELL_STATUS stream_id=1 chunk_id=1652790798064 order_id=386663438 status=NEW
[18:02:41.900] [INFO] [EXEC] STREAM_SELL_STATUS stream_id=3 chunk_id=1652790674880 order_id=386663476 status=NEW
[18:02:42.172] [INFO] [EXEC] STREAM_SELL_STATUS stream_id=4 chunk_id=1652790800272 order_id=386663483 status=NEW
[18:02:42.177] [INFO] [EXEC] STREAM_GLOBAL_SELL_SKIP reason=exit_recovery_inventory_no_sell
[18:02:42.181] [INFO] [EXEC] STREAM_GLOBAL_SELL_SKIP reason=place_sell
[18:02:42.888] [INFO] [EXEC] STREAM_SELL_STATUS stream_id=1 chunk_id=1652790798064 order_id=386663438 status=NEW
[18:02:43.162] [INFO] [EXEC] STREAM_SELL_STATUS stream_id=3 chunk_id=1652790674880 order_id=386663476 status=NEW
[18:02:43.457] [INFO] [EXEC] STREAM_SELL_STATUS stream_id=4 chunk_id=1652790800272 order_id=386663483 status=NEW
[18:02:43.463] [INFO] [EXEC] STREAM_GLOBAL_SELL_SKIP reason=exit_recovery_inventory_no_sell
[18:02:43.466] [INFO] [EXEC] STREAM_GLOBAL_SELL_SKIP reason=place_sell
[18:02:44.126] [INFO] [EXEC] STREAM_SELL_STATUS stream_id=1 chunk_id=1652790798064 order_id=386663438 status=NEW
[18:02:44.423] [INFO] [EXEC] STREAM_SELL_STATUS stream_id=3 chunk_id=1652790674880 order_id=386663476 status=NEW
[18:02:44.696] [INFO] [EXEC] STREAM_SELL_STATUS stream_id=4 chunk_id=1652790800272 order_id=386663483 status=NEW
[18:02:44.702] [INFO] [EXEC] STREAM_GLOBAL_SELL_SKIP reason=exit_recovery_inventory_no_sell
[18:02:44.706] [INFO] [EXEC] STREAM_GLOBAL_SELL_SKIP reason=place_sell
[18:02:45.136] [WARNING] [EXEC] SELL_QTY_CLAMP inventory=0.009300 free=0.000047 final=0.000047
[18:02:45.407] [INFO] [EXEC] STREAM_SELL_STATUS stream_id=1 chunk_id=1652790798064 order_id=386663438 status=NEW
[18:02:45.758] [INFO] [EXEC] STREAM_SELL_STATUS stream_id=3 chunk_id=1652790674880 order_id=386663476 status=NEW
[18:02:46.022] [INFO] [EXEC] STREAM_SELL_STATUS stream_id=4 chunk_id=1652790800272 order_id=386663483 status=NEW
[18:02:46.027] [INFO] [EXEC] STREAM_GLOBAL_SELL_SKIP reason=exit_recovery_inventory_no_sell
[18:02:46.029] [INFO] [EXEC] STREAM_GLOBAL_SELL_SKIP reason=place_sell
[18:02:46.680] [INFO] [EXEC] STREAM_SELL_STATUS stream_id=1 chunk_id=1652790798064 order_id=386663438 status=NEW
[18:02:46.985] [INFO] [EXEC] STREAM_SELL_STATUS stream_id=3 chunk_id=1652790674880 order_id=386663476 status=NEW
[18:02:47.261] [INFO] [EXEC] STREAM_SELL_STATUS stream_id=4 chunk_id=1652790800272 order_id=386663483 status=NEW
[18:02:47.265] [INFO] [EXEC] STREAM_GLOBAL_SELL_SKIP reason=exit_recovery_inventory_no_sell
[18:02:47.268] [INFO] [EXEC] STREAM_GLOBAL_SELL_SKIP reason=place_sell
[18:02:47.923] [INFO] [EXEC] STREAM_SELL_STATUS stream_id=1 chunk_id=1652790798064 order_id=386663438 status=NEW
[18:02:48.215] [INFO] [EXEC] STREAM_SELL_STATUS stream_id=3 chunk_id=1652790674880 order_id=386663476 status=NEW
[18:02:48.620] [INFO] [EXEC] STREAM_SELL_STATUS stream_id=4 chunk_id=1652790800272 order_id=386663483 status=NEW
[18:02:48.625] [INFO] [EXEC] STREAM_GLOBAL_SELL_SKIP reason=exit_recovery_inventory_no_sell
[18:02:48.626] [INFO] [EXEC] STREAM_GLOBAL_SELL_SKIP reason=place_sell
[18:02:49.654] [WARNING] [EXEC] SELL_QTY_CLAMP inventory=0.009300 free=0.000047 final=0.000047
[18:02:49.953] [INFO] [EXEC] STREAM_SELL_STATUS stream_id=1 chunk_id=1652790798064 order_id=386663438 status=NEW
[18:02:50.232] [INFO] [EXEC] STREAM_SELL_STATUS stream_id=3 chunk_id=1652790674880 order_id=386663476 status=NEW
[18:02:50.530] [INFO] [EXEC] STREAM_SELL_STATUS stream_id=4 chunk_id=1652790800272 order_id=386663483 status=NEW
[18:02:50.539] [INFO] [EXEC] STREAM_GLOBAL_SELL_SKIP reason=exit_recovery_inventory_no_sell
[18:02:50.544] [INFO] [EXEC] STREAM_GLOBAL_SELL_SKIP reason=place_sell
[18:02:51.439] [INFO] [EXEC] STREAM_SELL_STATUS stream_id=1 chunk_id=1652790798064 order_id=386663438 status=NEW
[18:02:51.721] [INFO] [EXEC] STREAM_SELL_STATUS stream_id=3 chunk_id=1652790674880 order_id=386663476 status=NEW
[18:02:51.999] [INFO] [EXEC] STREAM_SELL_STATUS stream_id=4 chunk_id=1652790800272 order_id=386663483 status=NEW
[18:02:52.004] [INFO] [EXEC] STREAM_GLOBAL_SELL_SKIP reason=exit_recovery_inventory_no_sell
[18:02:52.005] [INFO] [EXEC] STREAM_GLOBAL_SELL_SKIP reason=place_sell
[18:02:52.750] [INFO] [EXEC] STREAM_SELL_STATUS stream_id=1 chunk_id=1652790798064 order_id=386663438 status=NEW
[18:02:53.036] [INFO] [EXEC] STREAM_SELL_STATUS stream_id=3 chunk_id=1652790674880 order_id=386663476 status=NEW
[18:02:53.334] [INFO] [EXEC] STREAM_SELL_STATUS stream_id=4 chunk_id=1652790800272 order_id=386663483 status=NEW
[18:02:53.341] [INFO] [EXEC] STREAM_GLOBAL_SELL_SKIP reason=exit_recovery_inventory_no_sell
[18:02:53.345] [INFO] [EXEC] STREAM_GLOBAL_SELL_SKIP reason=place_sell
[18:02:53.714] [WARNING] [EXEC] SELL_QTY_CLAMP inventory=0.009300 free=0.000047 final=0.000047
[18:02:54.005] [INFO] [EXEC] STREAM_SELL_STATUS stream_id=1 chunk_id=1652790798064 order_id=386663438 status=NEW
[18:02:54.280] [INFO] [EXEC] STREAM_SELL_STATUS stream_id=3 chunk_id=1652790674880 order_id=386663476 status=NEW
[18:02:54.567] [INFO] [EXEC] STREAM_SELL_STATUS stream_id=4 chunk_id=1652790800272 order_id=386663483 status=NEW
[18:02:54.570] [INFO] [EXEC] STREAM_GLOBAL_SELL_SKIP reason=exit_recovery_inventory_no_sell
[18:02:54.572] [INFO] [EXEC] STREAM_GLOBAL_SELL_SKIP reason=place_sell
[18:02:55.298] [INFO] [EXEC] STREAM_SELL_STATUS stream_id=1 chunk_id=1652790798064 order_id=386663438 status=NEW
[18:02:55.656] [INFO] [EXEC] STREAM_SELL_STATUS stream_id=3 chunk_id=1652790674880 order_id=386663476 status=NEW
[18:02:55.999] [INFO] [EXEC] STREAM_SELL_STATUS stream_id=4 chunk_id=1652790800272 order_id=386663483 status=NEW
[18:02:56.004] [INFO] [EXEC] STREAM_GLOBAL_SELL_SKIP reason=exit_recovery_inventory_no_sell
[18:02:56.006] [INFO] [EXEC] STREAM_GLOBAL_SELL_SKIP reason=place_sell
[18:02:56.779] [WARNING] [EXEC] SELL_QTY_CLAMP inventory=0.009300 free=0.000047 final=0.000047
[18:02:57.057] [INFO] [EXEC] STREAM_SELL_STATUS stream_id=1 chunk_id=1652790798064 order_id=386663438 status=NEW
[18:02:57.328] [INFO] [EXEC] STREAM_SELL_STATUS stream_id=3 chunk_id=1652790674880 order_id=386663476 status=NEW
[18:02:57.635] [INFO] [EXEC] STREAM_SELL_STATUS stream_id=4 chunk_id=1652790800272 order_id=386663483 status=NEW
[18:02:57.640] [INFO] [EXEC] STREAM_GLOBAL_SELL_SKIP reason=exit_recovery_inventory_no_sell
[18:02:57.644] [INFO] [EXEC] STREAM_GLOBAL_SELL_SKIP reason=place_sell
[18:02:58.608] [INFO] [EXEC] STREAM_SELL_STATUS stream_id=1 chunk_id=1652790798064 order_id=386663438 status=NEW
[18:02:58.968] [INFO] [EXEC] STREAM_SELL_STATUS stream_id=3 chunk_id=1652790674880 order_id=386663476 status=NEW
[18:02:59.274] [INFO] [EXEC] STREAM_SELL_STATUS stream_id=4 chunk_id=1652790800272 order_id=386663483 status=NEW
[18:02:59.281] [INFO] [EXEC] STREAM_GLOBAL_SELL_SKIP reason=exit_recovery_inventory_no_sell
[18:02:59.286] [INFO] [EXEC] STREAM_GLOBAL_SELL_SKIP reason=place_sell
[18:02:59.784] [WARNING] [EXEC] SELL_QTY_CLAMP inventory=0.009300 free=0.000047 final=0.000047
[18:03:00.050] [INFO] [EXEC] STREAM_SELL_STATUS stream_id=1 chunk_id=1652790798064 order_id=386663438 status=NEW
[18:03:00.321] [INFO] [EXEC] STREAM_SELL_STATUS stream_id=3 chunk_id=1652790674880 order_id=386663476 status=NEW
[18:03:00.620] [INFO] [EXEC] STREAM_SELL_STATUS stream_id=4 chunk_id=1652790800272 order_id=386663483 status=NEW
[18:03:00.624] [INFO] [EXEC] STREAM_GLOBAL_SELL_SKIP reason=exit_recovery_inventory_no_sell
[18:03:00.626] [INFO] [EXEC] STREAM_GLOBAL_SELL_SKIP reason=place_sell
[18:03:01.326] [INFO] [EXEC] STREAM_SELL_STATUS stream_id=1 chunk_id=1652790798064 order_id=386663438 status=NEW
[18:03:01.606] [INFO] [EXEC] STREAM_SELL_STATUS stream_id=3 chunk_id=1652790674880 order_id=386663476 status=NEW
[18:03:01.893] [INFO] [EXEC] STREAM_SELL_STATUS stream_id=4 chunk_id=1652790800272 order_id=386663483 status=NEW
[18:03:01.897] [INFO] [EXEC] STREAM_GLOBAL_SELL_SKIP reason=exit_recovery_inventory_no_sell
[18:03:01.899] [INFO] [EXEC] STREAM_GLOBAL_SELL_SKIP reason=place_sell
[18:03:02.858] [INFO] [EXEC] STREAM_SELL_STATUS stream_id=1 chunk_id=1652790798064 order_id=386663438 status=NEW
[18:03:03.375] [INFO] [EXEC] STREAM_SELL_STATUS stream_id=3 chunk_id=1652790674880 order_id=386663476 status=NEW
[18:03:03.718] [INFO] [EXEC] STREAM_SELL_STATUS stream_id=4 chunk_id=1652790800272 order_id=386663483 status=NEW
[18:03:03.723] [INFO] [EXEC] STREAM_GLOBAL_SELL_SKIP reason=exit_recovery_inventory_no_sell
[18:03:03.724] [INFO] [EXEC] STREAM_GLOBAL_SELL_SKIP reason=place_sell
[18:03:04.059] [WARNING] [EXEC] SELL_QTY_CLAMP inventory=0.009300 free=0.000047 final=0.000047
[18:03:04.393] [INFO] [EXEC] STREAM_SELL_STATUS stream_id=1 chunk_id=1652790798064 order_id=386663438 status=NEW
[18:03:04.660] [INFO] [EXEC] STREAM_SELL_STATUS stream_id=3 chunk_id=1652790674880 order_id=386663476 status=NEW
[18:03:04.952] [INFO] [EXEC] STREAM_SELL_STATUS stream_id=4 chunk_id=1652790800272 order_id=386663483 status=NEW
[18:03:04.954] [INFO] [EXEC] STREAM_GLOBAL_SELL_SKIP reason=exit_recovery_inventory_no_sell
[18:03:04.955] [INFO] [EXEC] STREAM_GLOBAL_SELL_SKIP reason=place_sell
[18:03:05.587] [INFO] [EXEC] STREAM_SELL_STATUS stream_id=1 chunk_id=1652790798064 order_id=386663438 status=NEW
[18:03:05.852] [INFO] [EXEC] STREAM_SELL_STATUS stream_id=3 chunk_id=1652790674880 order_id=386663476 status=NEW
[18:03:06.134] [INFO] [EXEC] STREAM_SELL_STATUS stream_id=4 chunk_id=1652790800272 order_id=386663483 status=NEW
[18:03:06.139] [INFO] [EXEC] STREAM_GLOBAL_SELL_SKIP reason=exit_recovery_inventory_no_sell
[18:03:06.141] [INFO] [EXEC] STREAM_GLOBAL_SELL_SKIP reason=place_sell
[18:03:06.848] [INFO] [EXEC] STREAM_SELL_STATUS stream_id=1 chunk_id=1652790798064 order_id=386663438 status=NEW
[18:03:07.117] [INFO] [EXEC] STREAM_SELL_STATUS stream_id=3 chunk_id=1652790674880 order_id=386663476 status=NEW
[18:03:07.381] [INFO] [EXEC] STREAM_SELL_STATUS stream_id=4 chunk_id=1652790800272 order_id=386663483 status=NEW
[18:03:07.386] [INFO] [EXEC] STREAM_GLOBAL_SELL_SKIP reason=exit_recovery_inventory_no_sell
[18:03:07.388] [INFO] [EXEC] STREAM_GLOBAL_SELL_SKIP reason=place_sell
[18:03:07.811] [WARNING] [EXEC] SELL_QTY_CLAMP inventory=0.009300 free=0.000047 final=0.000047
[18:03:08.109] [INFO] [EXEC] STREAM_SELL_STATUS stream_id=1 chunk_id=1652790798064 order_id=386663438 status=NEW
[18:03:08.397] [INFO] [EXEC] STREAM_SELL_STATUS stream_id=3 chunk_id=1652790674880 order_id=386663476 status=NEW
[18:03:08.690] [INFO] [EXEC] STREAM_SELL_STATUS stream_id=4 chunk_id=1652790800272 order_id=386663483 status=NEW
[18:03:08.695] [INFO] [EXEC] STREAM_GLOBAL_SELL_SKIP reason=exit_recovery_inventory_no_sell
[18:03:08.696] [INFO] [EXEC] STREAM_GLOBAL_SELL_SKIP reason=place_sell
[18:03:09.920] [INFO] [EXEC] STREAM_SELL_STATUS stream_id=1 chunk_id=1652790798064 order_id=386663438 status=NEW
[18:03:10.254] [INFO] [EXEC] STREAM_SELL_STATUS stream_id=3 chunk_id=1652790674880 order_id=386663476 status=NEW
[18:03:10.549] [INFO] [EXEC] STREAM_SELL_STATUS stream_id=4 chunk_id=1652790800272 order_id=386663483 status=NEW
[18:03:10.554] [INFO] [EXEC] STREAM_GLOBAL_SELL_SKIP reason=exit_recovery_inventory_no_sell
[18:03:10.558] [INFO] [EXEC] STREAM_GLOBAL_SELL_SKIP reason=place_sell
[18:03:11.095] [WARNING] [EXEC] SELL_QTY_CLAMP inventory=0.009300 free=0.000047 final=0.000047
[18:03:11.433] [INFO] [EXEC] STREAM_SELL_STATUS stream_id=1 chunk_id=1652790798064 order_id=386663438 status=NEW
[18:03:11.813] [INFO] [EXEC] STREAM_SELL_STATUS stream_id=3 chunk_id=1652790674880 order_id=386663476 status=NEW
[18:03:12.100] [INFO] [EXEC] STREAM_SELL_STATUS stream_id=4 chunk_id=1652790800272 order_id=386663483 status=NEW
[18:03:12.105] [INFO] [EXEC] STREAM_GLOBAL_SELL_SKIP reason=exit_recovery_inventory_no_sell
[18:03:12.109] [INFO] [EXEC] STREAM_GLOBAL_SELL_SKIP reason=place_sell
[18:03:12.867] [INFO] [EXEC] STREAM_SELL_STATUS stream_id=1 chunk_id=1652790798064 order_id=386663438 status=NEW
[18:03:13.213] [INFO] [EXEC] STREAM_SELL_STATUS stream_id=3 chunk_id=1652790674880 order_id=386663476 status=NEW
[18:03:13.549] [INFO] [EXEC] STREAM_SELL_STATUS stream_id=4 chunk_id=1652790800272 order_id=386663483 status=NEW
[18:03:13.553] [INFO] [EXEC] STREAM_GLOBAL_SELL_SKIP reason=exit_recovery_inventory_no_sell
[18:03:13.555] [INFO] [EXEC] STREAM_GLOBAL_SELL_SKIP reason=place_sell
[18:03:14.109] [WARNING] [EXEC] SELL_QTY_CLAMP inventory=0.009300 free=0.000047 final=0.000047
[18:03:14.460] [INFO] [EXEC] STREAM_SELL_STATUS stream_id=1 chunk_id=1652790798064 order_id=386663438 status=NEW
[18:03:14.847] [INFO] [EXEC] STREAM_SELL_STATUS stream_id=3 chunk_id=1652790674880 order_id=386663476 status=NEW
[18:03:15.208] [INFO] [EXEC] STREAM_SELL_STATUS stream_id=4 chunk_id=1652790800272 order_id=386663483 status=NEW
[18:03:15.212] [INFO] [EXEC] STREAM_GLOBAL_SELL_SKIP reason=exit_recovery_inventory_no_sell
[18:03:15.214] [INFO] [EXEC] STREAM_GLOBAL_SELL_SKIP reason=place_sell
[18:03:16.144] [INFO] [EXEC] STREAM_SELL_STATUS stream_id=1 chunk_id=1652790798064 order_id=386663438 status=NEW
[18:03:16.621] [INFO] [EXEC] STREAM_SELL_STATUS stream_id=3 chunk_id=1652790674880 order_id=386663476 status=NEW
[18:03:17.157] [INFO] [EXEC] STREAM_SELL_STATUS stream_id=4 chunk_id=1652790800272 order_id=386663483 status=NEW
[18:03:17.162] [INFO] [EXEC] STREAM_GLOBAL_SELL_SKIP reason=exit_recovery_inventory_no_sell
[18:03:17.164] [INFO] [EXEC] STREAM_GLOBAL_SELL_SKIP reason=place_sell
[18:03:17.605] [WARNING] [EXEC] SELL_QTY_CLAMP inventory=0.009300 free=0.000047 final=0.000047
[18:03:17.893] [INFO] [EXEC] STREAM_SELL_STATUS stream_id=1 chunk_id=1652790798064 order_id=386663438 status=NEW
[18:03:18.808] [INFO] [EXEC] STREAM_SELL_STATUS stream_id=3 chunk_id=1652790674880 order_id=386663476 status=NEW
[18:03:19.269] [INFO] [EXEC] STREAM_SELL_STATUS stream_id=4 chunk_id=1652790800272 order_id=386663483 status=FILLED
[18:03:19.273] [INFO] [EXEC] STREAM_SELL_FILLED stream_id=4 chunk_id=1652790800272 order_id=386663483
[18:03:19.275] [OK] [EXEC] FIFO CLOSE qty=0.003100 entry=80500.45 exit=80500.75 pnl=+0.000930
[18:03:19.276] [INFO] [EXEC] STREAM_PNL stream_id=4 pnl=+0.000930
[18:03:19.278] [INFO] [EXEC] STREAM_RECYCLED level_id=4
[18:03:19.279] [INFO] [EXEC] STREAM_RECYCLED stream_id=4
[18:03:19.281] [INFO] [EXEC] STREAM_GLOBAL_SELL_SKIP reason=exit_recovery_inventory_no_sell
[18:03:19.282] [INFO] [EXEC] STREAM_GLOBAL_SELL_SKIP reason=place_sell
[18:03:20.484] [WARNING] [EXEC] SELL_QTY_CLAMP inventory=0.006200 free=0.000047 final=0.000047
[18:03:20.774] [INFO] [EXEC] STREAM_SELL_STATUS stream_id=1 chunk_id=1652790798064 order_id=386663438 status=FILLED
[18:03:20.776] [INFO] [EXEC] STREAM_SELL_FILLED stream_id=1 chunk_id=1652790798064 order_id=386663438
[18:03:20.778] [OK] [EXEC] FIFO CLOSE qty=0.003100 entry=80500.75 exit=80501.05 pnl=+0.000930
[18:03:20.779] [INFO] [EXEC] STREAM_PNL stream_id=1 pnl=+0.000930
[18:03:20.781] [INFO] [EXEC] STREAM_RECYCLED level_id=1
[18:03:20.782] [INFO] [EXEC] STREAM_RECYCLED stream_id=1
[18:03:21.191] [INFO] [EXEC] STREAM_SELL_STATUS stream_id=3 chunk_id=1652790674880 order_id=386663476 status=FILLED
[18:03:21.195] [INFO] [EXEC] STREAM_SELL_FILLED stream_id=3 chunk_id=1652790674880 order_id=386663476
[18:03:21.197] [OK] [EXEC] FIFO CLOSE qty=0.003100 entry=80500.55 exit=80500.85 pnl=+0.000930
[18:03:21.199] [INFO] [EXEC] STREAM_PNL stream_id=3 pnl=+0.000930
[18:03:21.200] [INFO] [EXEC] STREAM_RECYCLED level_id=3
[18:03:21.202] [INFO] [EXEC] STREAM_RECYCLED stream_id=3
[18:03:21.204] [WARNING] [EXEC] STATE REPAIR reason=zero_inventory_not_flat
[18:03:21.205] [INFO] [HEALTH] state=GOOD
[18:03:21.206] [INFO] [EXEC] STREAM_MODE_ACTIVE_SKIP_SINGLE_ENTRY
[18:03:21.672] [INFO] [EXEC] STREAM_BUY_PLACED level_id=1 order_id=386667766
[18:03:21.676] [OK] [EXEC] PLACE BUY price=80500.75 qty=0.003100
[18:03:21.964] [INFO] [EXEC] STREAM_BUY_PLACED level_id=3 order_id=386667769
[18:03:21.969] [OK] [EXEC] PLACE BUY price=80500.55 qty=0.003100
[18:03:22.273] [INFO] [EXEC] STREAM_BUY_PLACED level_id=4 order_id=386667847
[18:03:22.277] [OK] [EXEC] PLACE BUY price=80500.45 qty=0.003100
[18:03:23.130] [INFO] [EXEC] STREAM_BUY_FILLED level_id=1
[18:03:23.135] [OK] [EXEC] CHUNK ADD qty=0.003100 entry=80500.75
[18:03:23.136] [INFO] [EXEC] CHUNK COUNT n=1
[18:03:23.846] [INFO] [EXEC] STREAM_SELL_PLACED stream_id=1 chunk_id=1652790856544 order_id=386667923 price=80501.05 qty=0.003100
[18:03:24.720] [INFO] [EXEC] STREAM_BUY_FILLED level_id=3
[18:03:24.725] [OK] [EXEC] CHUNK ADD qty=0.003100 entry=80500.55
[18:03:24.729] [INFO] [EXEC] CHUNK COUNT n=2
[18:03:25.508] [INFO] [EXEC] STREAM_SELL_PLACED stream_id=3 chunk_id=1652790867488 order_id=386668013 price=80500.85 qty=0.003100
[18:03:25.842] [INFO] [EXEC] STREAM_BUY_FILLED level_id=4
[18:03:25.845] [OK] [EXEC] CHUNK ADD qty=0.003100 entry=80500.45
[18:03:25.848] [INFO] [EXEC] CHUNK COUNT n=3
[18:03:26.181] [INFO] [EXEC] STREAM_SELL_PLACED stream_id=4 chunk_id=1652790865760 order_id=386668047 price=80500.75 qty=0.003100
[18:03:26.479] [INFO] [EXEC] STREAM_SELL_STATUS stream_id=1 chunk_id=1652790856544 order_id=386667923 status=FILLED
[18:03:26.483] [INFO] [EXEC] STREAM_SELL_FILLED stream_id=1 chunk_id=1652790856544 order_id=386667923
[18:03:26.485] [OK] [EXEC] FIFO CLOSE qty=0.003100 entry=80500.75 exit=80501.05 pnl=+0.000930
[18:03:26.486] [INFO] [EXEC] STREAM_PNL stream_id=1 pnl=+0.000930
[18:03:26.488] [INFO] [EXEC] STREAM_RECYCLED level_id=1
[18:03:26.489] [INFO] [EXEC] STREAM_RECYCLED stream_id=1
[18:03:26.765] [INFO] [EXEC] STREAM_SELL_STATUS stream_id=3 chunk_id=1652790867488 order_id=386668013 status=FILLED
[18:03:26.769] [INFO] [EXEC] STREAM_SELL_FILLED stream_id=3 chunk_id=1652790867488 order_id=386668013
[18:03:26.771] [OK] [EXEC] FIFO CLOSE qty=0.003100 entry=80500.55 exit=80500.85 pnl=+0.000930
[18:03:26.773] [INFO] [EXEC] STREAM_PNL stream_id=3 pnl=+0.000930
[18:03:26.775] [INFO] [EXEC] STREAM_RECYCLED level_id=3
[18:03:26.777] [INFO] [EXEC] STREAM_RECYCLED stream_id=3
[18:03:27.053] [INFO] [EXEC] STREAM_SELL_STATUS stream_id=4 chunk_id=1652790865760 order_id=386668047 status=FILLED
[18:03:27.057] [INFO] [EXEC] STREAM_SELL_FILLED stream_id=4 chunk_id=1652790865760 order_id=386668047
[18:03:27.059] [OK] [EXEC] FIFO CLOSE qty=0.003100 entry=80500.45 exit=80500.75 pnl=+0.000930
[18:03:27.063] [INFO] [EXEC] STREAM_PNL stream_id=4 pnl=+0.000930
[18:03:27.067] [INFO] [EXEC] STREAM_RECYCLED level_id=4
[18:03:27.070] [INFO] [EXEC] STREAM_RECYCLED stream_id=4
[18:03:27.073] [WARNING] [EXEC] BLOCK_BUY reason=ws_stale mode=FAST ws_age=4687 spread=9.71 stable=1/1 mid_delta=0.00 bid_delta=0.00
[18:03:27.577] [INFO] [HEALTH] state=GOOD
[18:03:27.578] [INFO] [EXEC] STREAM_MODE_ACTIVE_SKIP_SINGLE_ENTRY
[18:03:28.263] [INFO] [EXEC] STREAM_BUY_PLACED level_id=1 order_id=386668181
[18:03:28.267] [OK] [EXEC] PLACE BUY price=80500.75 qty=0.003100
[18:03:28.671] [INFO] [EXEC] STREAM_BUY_PLACED level_id=3 order_id=386668186
[18:03:28.676] [OK] [EXEC] PLACE BUY price=80500.55 qty=0.003100
[18:03:28.989] [INFO] [EXEC] STREAM_BUY_PLACED level_id=4 order_id=386668199
[18:03:28.993] [OK] [EXEC] PLACE BUY price=80500.45 qty=0.003100
[18:03:31.420] [INFO] [EXEC] STREAM_BUY_PLACED level_id=5 order_id=386668323
[18:03:31.424] [OK] [EXEC] PLACE BUY price=80500.35 qty=0.003100
[18:03:31.689] [INFO] [EXEC] STREAM_BUY_PLACED level_id=6 order_id=386668326
[18:03:31.691] [OK] [EXEC] PLACE BUY price=80500.25 qty=0.003100
[18:03:31.967] [INFO] [EXEC] STREAM_BUY_PLACED level_id=7 order_id=386668327
[18:03:31.971] [OK] [EXEC] PLACE BUY price=80500.15 qty=0.003100
[18:03:34.249] [INFO] [EXEC] STREAM_MODE_ACTIVE_SKIP_SINGLE_ENTRY
[18:03:34.550] [INFO] [EXEC] STREAM_BUY_PLACED level_id=8 order_id=386668390
[18:03:34.557] [OK] [EXEC] PLACE BUY price=80500.05 qty=0.003100
[18:03:34.862] [INFO] [EXEC] STREAM_BUY_PLACED level_id=9 order_id=386668396
[18:03:34.866] [OK] [EXEC] PLACE BUY price=80499.95 qty=0.003100
[18:03:35.127] [INFO] [EXEC] STREAM_BUY_PLACED level_id=10 order_id=386668419
[18:03:35.131] [OK] [EXEC] PLACE BUY price=80499.85 qty=0.003100
[18:03:37.416] [INFO] [EXEC] STREAM_BUY_FILLED level_id=7
[18:03:37.419] [OK] [EXEC] CHUNK ADD qty=0.003100 entry=80500.15
[18:03:37.421] [INFO] [EXEC] CHUNK COUNT n=1
[18:03:37.875] [INFO] [EXEC] STREAM_SELL_PLACED stream_id=7 chunk_id=1652740011168 order_id=386668706 price=80500.45 qty=0.003100
[18:03:38.202] [INFO] [EXEC] STREAM_BUY_FILLED level_id=8
[18:03:38.206] [OK] [EXEC] CHUNK ADD qty=0.003100 entry=80500.05
[18:03:38.210] [INFO] [EXEC] CHUNK COUNT n=2
[18:03:38.516] [INFO] [EXEC] STREAM_SELL_PLACED stream_id=8 chunk_id=1652740009248 order_id=386668749 price=80500.35 qty=0.003100
[18:03:38.852] [INFO] [EXEC] STREAM_BUY_FILLED level_id=9
[18:03:38.854] [OK] [EXEC] CHUNK ADD qty=0.003100 entry=80499.95
[18:03:38.855] [INFO] [EXEC] CHUNK COUNT n=3
[18:03:39.159] [INFO] [EXEC] STREAM_SELL_PLACED stream_id=9 chunk_id=1652790679392 order_id=386668792 price=80500.25 qty=0.003100
[18:03:39.512] [INFO] [EXEC] STREAM_BUY_FILLED level_id=10
[18:03:39.514] [OK] [EXEC] CHUNK ADD qty=0.003100 entry=80499.85
[18:03:39.515] [INFO] [EXEC] CHUNK COUNT n=4
[18:03:40.032] [INFO] [EXEC] STREAM_SELL_PLACED stream_id=10 chunk_id=1652790677952 order_id=386668822 price=80500.15 qty=0.003100
[18:03:40.334] [INFO] [EXEC] STREAM_SELL_STATUS stream_id=7 chunk_id=1652740011168 order_id=386668706 status=FILLED
[18:03:40.338] [INFO] [EXEC] STREAM_SELL_FILLED stream_id=7 chunk_id=1652740011168 order_id=386668706
[18:03:40.341] [OK] [EXEC] FIFO CLOSE qty=0.003100 entry=80500.15 exit=80500.45 pnl=+0.000930
[18:03:40.344] [INFO] [EXEC] STREAM_PNL stream_id=7 pnl=+0.000930
[18:03:40.348] [INFO] [EXEC] STREAM_RECYCLED level_id=7
[18:03:40.351] [INFO] [EXEC] STREAM_RECYCLED stream_id=7
[18:03:40.671] [INFO] [EXEC] STREAM_SELL_STATUS stream_id=8 chunk_id=1652740009248 order_id=386668749 status=FILLED
[18:03:40.675] [INFO] [EXEC] STREAM_SELL_FILLED stream_id=8 chunk_id=1652740009248 order_id=386668749
[18:03:40.677] [OK] [EXEC] FIFO CLOSE qty=0.003100 entry=80500.05 exit=80500.35 pnl=+0.000930
[18:03:40.678] [INFO] [EXEC] STREAM_PNL stream_id=8 pnl=+0.000930
[18:03:40.680] [INFO] [EXEC] STREAM_RECYCLED level_id=8
[18:03:40.681] [INFO] [EXEC] STREAM_RECYCLED stream_id=8
[18:03:41.728] [INFO] [EXEC] STREAM_SELL_STATUS stream_id=9 chunk_id=1652790679392 order_id=386668792 status=NEW
[18:03:42.287] [INFO] [EXEC] STREAM_SELL_STATUS stream_id=10 chunk_id=1652790677952 order_id=386668822 status=NEW
[18:03:42.291] [WARNING] [EXEC] STATE REPAIR reason=inventory_cannot_be_flat
[18:03:42.293] [INFO] [EXEC] STREAM_GLOBAL_SELL_SKIP reason=exit_recovery_inventory_no_sell
[18:03:42.295] [INFO] [EXEC] STREAM_GLOBAL_SELL_SKIP reason=place_sell
[18:03:43.792] [INFO] [EXEC] STREAM_BUY_FILLED level_id=1
[18:03:43.795] [OK] [EXEC] CHUNK ADD qty=0.003100 entry=80500.75
[18:03:43.796] [INFO] [EXEC] CHUNK COUNT n=3
[18:03:44.098] [INFO] [EXEC] STREAM_SELL_PLACED stream_id=1 chunk_id=1652790858800 order_id=386669099 price=80501.05 qty=0.003100
[18:03:44.454] [INFO] [EXEC] STREAM_BUY_FILLED level_id=3
[18:03:44.458] [OK] [EXEC] CHUNK ADD qty=0.003100 entry=80500.55
[18:03:44.460] [INFO] [EXEC] CHUNK COUNT n=4
[18:03:44.753] [INFO] [EXEC] STREAM_SELL_PLACED stream_id=3 chunk_id=1652790862400 order_id=386669109 price=80500.85 qty=0.003100
[18:03:45.051] [INFO] [EXEC] STREAM_BUY_FILLED level_id=4
[18:03:45.056] [OK] [EXEC] CHUNK ADD qty=0.003100 entry=80500.45
[18:03:45.060] [INFO] [EXEC] CHUNK COUNT n=5
[18:03:45.359] [INFO] [EXEC] STREAM_SELL_PLACED stream_id=4 chunk_id=1652790860624 order_id=386669123 price=80500.75 qty=0.003100
[18:03:45.679] [INFO] [EXEC] STREAM_BUY_FILLED level_id=5
[18:03:45.681] [OK] [EXEC] CHUNK ADD qty=0.003100 entry=80500.35
[18:03:45.682] [INFO] [EXEC] CHUNK COUNT n=6
[18:03:45.965] [INFO] [EXEC] STREAM_SELL_PLACED stream_id=5 chunk_id=1652790858368 order_id=386669129 price=80500.65 qty=0.003100
[18:03:46.229] [INFO] [EXEC] STREAM_BUY_FILLED level_id=6
[18:03:46.234] [OK] [EXEC] CHUNK ADD qty=0.003100 entry=80500.25
[18:03:46.238] [INFO] [EXEC] CHUNK COUNT n=7
[18:03:46.508] [INFO] [EXEC] STREAM_SELL_PLACED stream_id=6 chunk_id=1652790855728 order_id=386669133 price=80500.55 qty=0.003100
[18:03:46.783] [INFO] [EXEC] STREAM_SELL_STATUS stream_id=9 chunk_id=1652790679392 order_id=386668792 status=NEW
[18:03:47.091] [INFO] [EXEC] STREAM_SELL_STATUS stream_id=10 chunk_id=1652790677952 order_id=386668822 status=NEW
[18:03:47.355] [INFO] [EXEC] STREAM_SELL_STATUS stream_id=1 chunk_id=1652790858800 order_id=386669099 status=NEW
[18:03:47.621] [INFO] [EXEC] STREAM_SELL_STATUS stream_id=3 chunk_id=1652790862400 order_id=386669109 status=NEW
[18:03:47.912] [INFO] [EXEC] STREAM_SELL_STATUS stream_id=4 chunk_id=1652790860624 order_id=386669123 status=NEW
[18:03:48.187] [INFO] [EXEC] STREAM_SELL_STATUS stream_id=5 chunk_id=1652790858368 order_id=386669129 status=NEW
[18:03:48.457] [INFO] [EXEC] STREAM_SELL_STATUS stream_id=6 chunk_id=1652790855728 order_id=386669133 status=NEW
[18:03:48.461] [INFO] [EXEC] STREAM_GLOBAL_SELL_SKIP reason=exit_recovery_inventory_no_sell
[18:03:48.463] [INFO] [EXEC] STREAM_GLOBAL_SELL_SKIP reason=place_sell
[18:03:49.223] [WARNING] [EXEC] SELL_QTY_CLAMP inventory=0.021700 free=0.000047 final=0.000047
[18:03:49.528] [INFO] [EXEC] STREAM_SELL_STATUS stream_id=9 chunk_id=1652790679392 order_id=386668792 status=NEW
[18:03:49.924] [INFO] [EXEC] STREAM_SELL_STATUS stream_id=10 chunk_id=1652790677952 order_id=386668822 status=NEW
[18:03:50.240] [INFO] [EXEC] STREAM_SELL_STATUS stream_id=1 chunk_id=1652790858800 order_id=386669099 status=NEW
[18:03:50.534] [INFO] [EXEC] STREAM_SELL_STATUS stream_id=3 chunk_id=1652790862400 order_id=386669109 status=NEW
[18:03:50.808] [INFO] [EXEC] STREAM_SELL_STATUS stream_id=4 chunk_id=1652790860624 order_id=386669123 status=NEW
[18:03:51.076] [INFO] [EXEC] STREAM_SELL_STATUS stream_id=5 chunk_id=1652790858368 order_id=386669129 status=NEW
[18:03:51.365] [INFO] [EXEC] STREAM_SELL_STATUS stream_id=6 chunk_id=1652790855728 order_id=386669133 status=NEW
[18:03:51.370] [INFO] [EXEC] STREAM_GLOBAL_SELL_SKIP reason=exit_recovery_inventory_no_sell
[18:03:51.374] [INFO] [EXEC] STREAM_GLOBAL_SELL_SKIP reason=place_sell
[18:03:52.063] [INFO] [EXEC] STREAM_SELL_STATUS stream_id=9 chunk_id=1652790679392 order_id=386668792 status=NEW
[18:03:52.409] [INFO] [EXEC] STREAM_SELL_STATUS stream_id=10 chunk_id=1652790677952 order_id=386668822 status=NEW
[18:03:52.828] [INFO] [EXEC] STREAM_SELL_STATUS stream_id=1 chunk_id=1652790858800 order_id=386669099 status=NEW
[18:03:53.265] [INFO] [EXEC] STREAM_SELL_STATUS stream_id=3 chunk_id=1652790862400 order_id=386669109 status=NEW
[18:03:53.595] [INFO] [EXEC] STREAM_SELL_STATUS stream_id=4 chunk_id=1652790860624 order_id=386669123 status=NEW
[18:03:53.895] [INFO] [EXEC] STREAM_SELL_STATUS stream_id=5 chunk_id=1652790858368 order_id=386669129 status=FILLED
[18:03:53.899] [INFO] [EXEC] STREAM_SELL_FILLED stream_id=5 chunk_id=1652790858368 order_id=386669129
[18:03:53.903] [OK] [EXEC] FIFO CLOSE qty=0.003100 entry=80500.35 exit=80500.65 pnl=+0.000930
[18:03:53.906] [INFO] [EXEC] STREAM_PNL stream_id=5 pnl=+0.000930
[18:03:53.908] [INFO] [EXEC] STREAM_RECYCLED level_id=5
[18:03:53.909] [INFO] [EXEC] STREAM_RECYCLED stream_id=5
[18:03:54.199] [INFO] [EXEC] STREAM_SELL_STATUS stream_id=6 chunk_id=1652790855728 order_id=386669133 status=FILLED
[18:03:54.203] [INFO] [EXEC] STREAM_SELL_FILLED stream_id=6 chunk_id=1652790855728 order_id=386669133
[18:03:54.206] [OK] [EXEC] FIFO CLOSE qty=0.003100 entry=80500.25 exit=80500.55 pnl=+0.000930
[18:03:54.208] [INFO] [EXEC] STREAM_PNL stream_id=6 pnl=+0.000930
[18:03:54.210] [INFO] [EXEC] STREAM_RECYCLED level_id=6
[18:03:54.211] [INFO] [EXEC] STREAM_RECYCLED stream_id=6
[18:03:54.212] [INFO] [EXEC] STREAM_GLOBAL_SELL_SKIP reason=exit_recovery_inventory_no_sell
[18:03:54.213] [INFO] [EXEC] STREAM_GLOBAL_SELL_SKIP reason=place_sell
[18:03:54.773] [WARNING] [EXEC] SELL_QTY_CLAMP inventory=0.015500 free=0.000047 final=0.000047
[18:03:55.078] [INFO] [EXEC] STREAM_SELL_STATUS stream_id=9 chunk_id=1652790679392 order_id=386668792 status=FILLED
[18:03:55.083] [INFO] [EXEC] STREAM_SELL_FILLED stream_id=9 chunk_id=1652790679392 order_id=386668792
[18:03:55.086] [OK] [EXEC] FIFO CLOSE qty=0.003100 entry=80499.95 exit=80500.25 pnl=+0.000930
[18:03:55.089] [INFO] [EXEC] STREAM_PNL stream_id=9 pnl=+0.000930
[18:03:55.091] [INFO] [EXEC] STREAM_RECYCLED level_id=9
[18:03:55.092] [INFO] [EXEC] STREAM_RECYCLED stream_id=9
[18:03:55.533] [INFO] [EXEC] STREAM_SELL_STATUS stream_id=10 chunk_id=1652790677952 order_id=386668822 status=FILLED
[18:03:55.537] [INFO] [EXEC] STREAM_SELL_FILLED stream_id=10 chunk_id=1652790677952 order_id=386668822
[18:03:55.539] [OK] [EXEC] FIFO CLOSE qty=0.003100 entry=80499.85 exit=80500.15 pnl=+0.000930
[18:03:55.541] [INFO] [EXEC] STREAM_PNL stream_id=10 pnl=+0.000930
[18:03:55.542] [INFO] [EXEC] STREAM_RECYCLED level_id=10
[18:03:55.544] [INFO] [EXEC] STREAM_RECYCLED stream_id=10
[18:03:56.105] [INFO] [EXEC] STREAM_SELL_STATUS stream_id=1 chunk_id=1652790858800 order_id=386669099 status=FILLED
[18:03:56.109] [INFO] [EXEC] STREAM_SELL_FILLED stream_id=1 chunk_id=1652790858800 order_id=386669099
[18:03:56.111] [OK] [EXEC] FIFO CLOSE qty=0.003100 entry=80500.75 exit=80501.05 pnl=+0.000930
[18:03:56.112] [INFO] [EXEC] STREAM_PNL stream_id=1 pnl=+0.000930
[18:03:56.114] [INFO] [EXEC] STREAM_RECYCLED level_id=1
[18:03:56.115] [INFO] [EXEC] STREAM_RECYCLED stream_id=1
[18:03:56.587] [INFO] [EXEC] STREAM_SELL_STATUS stream_id=3 chunk_id=1652790862400 order_id=386669109 status=FILLED
[18:03:56.594] [INFO] [EXEC] STREAM_SELL_FILLED stream_id=3 chunk_id=1652790862400 order_id=386669109
[18:03:56.598] [OK] [EXEC] FIFO CLOSE qty=0.003100 entry=80500.55 exit=80500.85 pnl=+0.000930
[18:03:56.601] [INFO] [EXEC] STREAM_PNL stream_id=3 pnl=+0.000930
[18:03:56.603] [INFO] [EXEC] STREAM_RECYCLED level_id=3
[18:03:56.604] [INFO] [EXEC] STREAM_RECYCLED stream_id=3
[18:03:57.089] [INFO] [EXEC] STREAM_SELL_STATUS stream_id=4 chunk_id=1652790860624 order_id=386669123 status=FILLED
[18:03:57.094] [INFO] [EXEC] STREAM_SELL_FILLED stream_id=4 chunk_id=1652790860624 order_id=386669123
[18:03:57.097] [OK] [EXEC] FIFO CLOSE qty=0.003100 entry=80500.45 exit=80500.75 pnl=+0.000930
[18:03:57.100] [INFO] [EXEC] STREAM_PNL stream_id=4 pnl=+0.000930
[18:03:57.102] [INFO] [EXEC] STREAM_RECYCLED level_id=4
[18:03:57.104] [INFO] [EXEC] STREAM_RECYCLED stream_id=4
[18:03:57.106] [WARNING] [EXEC] STATE REPAIR reason=zero_inventory_not_flat
[18:03:57.108] [INFO] [HEALTH] state=DANGER
[18:03:57.108] [WARNING] [EXEC] BLOCK_BUY reason=ws_stale mode=FAST ws_age=2890 spread=4.28 stable=1/1 mid_delta=0.00 bid_delta=0.00
[18:03:57.516] [WARNING] [HEALTH] block spread_too_young lifetime=0
[18:03:57.519] [WARNING] [HEALTH] unstable_spread lifetime=0
[18:03:57.520] [WARNING] [EXEC] BLOCK_BUY reason=spread_too_young mode=FAST ws_age=407 spread=7.82 stable=1/1 mid_delta=0.00 bid_delta=0.00
[18:03:57.753] [WARNING] [HEALTH] block falling_market bid_ticks=0.00 mid_ticks=-113.50
[18:03:57.756] [WARNING] [HEALTH] negative_momentum ticks=-113.50
[18:03:57.758] [WARNING] [EXEC] BLOCK_BUY reason=mid_momentum_negative mode=FAST ws_age=203 spread=5.55 stable=2/1 mid_delta=-113.50 bid_delta=0.00
[18:03:58.767] [WARNING] [HEALTH] block spread_too_young lifetime=0
[18:03:58.770] [WARNING] [HEALTH] unstable_spread lifetime=0
[18:03:58.772] [WARNING] [EXEC] BLOCK_BUY reason=spread_too_young mode=FAST ws_age=94 spread=7.82 stable=1/1 mid_delta=0.00 bid_delta=0.00
[18:03:59.275] [INFO] [EXEC] STREAM_MODE_ACTIVE_SKIP_SINGLE_ENTRY
[18:03:59.549] [INFO] [EXEC] STREAM_BUY_PLACED level_id=1 order_id=386669589
[18:03:59.555] [OK] [EXEC] PLACE BUY price=80500.75 qty=0.003100
[18:03:59.856] [INFO] [EXEC] STREAM_BUY_PLACED level_id=3 order_id=386669595
[18:03:59.859] [OK] [EXEC] PLACE BUY price=80500.55 qty=0.003100
[18:04:00.130] [INFO] [EXEC] STREAM_BUY_PLACED level_id=4 order_id=386669624
[18:04:00.134] [OK] [EXEC] PLACE BUY price=80500.45 qty=0.003100
[18:04:00.815] [INFO] [EXEC] STREAM_BUY_FILLED level_id=1
[18:04:00.816] [OK] [EXEC] CHUNK ADD qty=0.003100 entry=80500.75
[18:04:00.817] [INFO] [EXEC] CHUNK COUNT n=1
[18:04:01.125] [INFO] [EXEC] STREAM_SELL_PLACED stream_id=1 chunk_id=1652790855680 order_id=386669671 price=80501.05 qty=0.003100
[18:04:01.427] [INFO] [EXEC] STREAM_BUY_FILLED level_id=3
[18:04:01.429] [OK] [EXEC] CHUNK ADD qty=0.003100 entry=80500.55
[18:04:01.431] [INFO] [EXEC] CHUNK COUNT n=2
[18:04:01.704] [INFO] [EXEC] STREAM_SELL_PLACED stream_id=3 chunk_id=1652740002864 order_id=386669712 price=80500.85 qty=0.003100
[18:04:01.983] [INFO] [EXEC] STREAM_BUY_FILLED level_id=4
[18:04:01.984] [OK] [EXEC] CHUNK ADD qty=0.003100 entry=80500.45
[18:04:01.985] [INFO] [EXEC] CHUNK COUNT n=3
[18:04:02.254] [INFO] [EXEC] STREAM_SELL_PLACED stream_id=4 chunk_id=1652740006800 order_id=386669732 price=80500.75 qty=0.003100
[18:04:02.604] [INFO] [EXEC] STREAM_SELL_STATUS stream_id=1 chunk_id=1652790855680 order_id=386669671 status=NEW
[18:04:03.117] [INFO] [EXEC] STREAM_SELL_STATUS stream_id=3 chunk_id=1652740002864 order_id=386669712 status=NEW
[18:04:03.435] [INFO] [EXEC] STREAM_SELL_STATUS stream_id=4 chunk_id=1652740006800 order_id=386669732 status=NEW
[18:04:03.439] [WARNING] [EXEC] STATE REPAIR reason=inventory_cannot_be_flat
[18:04:03.441] [INFO] [EXEC] STREAM_GLOBAL_SELL_SKIP reason=exit_recovery_inventory_no_sell
[18:04:03.442] [INFO] [EXEC] STREAM_GLOBAL_SELL_SKIP reason=place_sell
[18:04:03.820] [WARNING] [EXEC] SELL_QTY_CLAMP inventory=0.009300 free=0.000047 final=0.000047
[18:04:04.151] [INFO] [EXEC] STREAM_SELL_STATUS stream_id=1 chunk_id=1652790855680 order_id=386669671 status=NEW
[18:04:04.461] [INFO] [EXEC] STREAM_SELL_STATUS stream_id=3 chunk_id=1652740002864 order_id=386669712 status=NEW
[18:04:04.754] [INFO] [EXEC] STREAM_SELL_STATUS stream_id=4 chunk_id=1652740006800 order_id=386669732 status=NEW
[18:04:04.759] [INFO] [EXEC] STREAM_GLOBAL_SELL_SKIP reason=exit_recovery_inventory_no_sell
[18:04:04.760] [INFO] [EXEC] STREAM_GLOBAL_SELL_SKIP reason=place_sell
[18:04:05.381] [INFO] [EXEC] STREAM_SELL_STATUS stream_id=1 chunk_id=1652790855680 order_id=386669671 status=NEW
[18:04:06.771] [INFO] [EXEC] STREAM_SELL_STATUS stream_id=3 chunk_id=1652740002864 order_id=386669712 status=NEW
[18:04:07.093] [INFO] [EXEC] STREAM_SELL_STATUS stream_id=4 chunk_id=1652740006800 order_id=386669732 status=NEW
[18:04:07.098] [INFO] [EXEC] STREAM_GLOBAL_SELL_SKIP reason=exit_recovery_inventory_no_sell
[18:04:07.100] [INFO] [EXEC] STREAM_GLOBAL_SELL_SKIP reason=place_sell
[18:04:07.572] [WARNING] [EXEC] SELL_QTY_CLAMP inventory=0.009300 free=0.000047 final=0.000047
[18:04:07.917] [INFO] [EXEC] STREAM_SELL_STATUS stream_id=1 chunk_id=1652790855680 order_id=386669671 status=NEW
[18:04:09.018] [INFO] [EXEC] STREAM_SELL_STATUS stream_id=3 chunk_id=1652740002864 order_id=386669712 status=NEW
[18:04:09.881] [INFO] [EXEC] STREAM_SELL_STATUS stream_id=4 chunk_id=1652740006800 order_id=386669732 status=NEW
[18:04:09.883] [INFO] [EXEC] STREAM_GLOBAL_SELL_SKIP reason=exit_recovery_inventory_no_sell
[18:04:09.884] [INFO] [EXEC] STREAM_GLOBAL_SELL_SKIP reason=place_sell
[18:04:11.168] [WARNING] [EXEC] SELL_QTY_CLAMP inventory=0.009300 free=0.000047 final=0.000047
[18:04:11.541] [INFO] [EXEC] STREAM_SELL_STATUS stream_id=1 chunk_id=1652790855680 order_id=386669671 status=NEW
[18:04:11.844] [INFO] [EXEC] STREAM_SELL_STATUS stream_id=3 chunk_id=1652740002864 order_id=386669712 status=NEW
[18:04:12.147] [INFO] [EXEC] STREAM_SELL_STATUS stream_id=4 chunk_id=1652740006800 order_id=386669732 status=NEW
[18:04:12.152] [INFO] [EXEC] STREAM_GLOBAL_SELL_SKIP reason=exit_recovery_inventory_no_sell
[18:04:12.153] [INFO] [EXEC] STREAM_GLOBAL_SELL_SKIP reason=place_sell
[18:04:13.204] [INFO] [EXEC] STREAM_SELL_STATUS stream_id=1 chunk_id=1652790855680 order_id=386669671 status=NEW
[18:04:13.511] [INFO] [EXEC] STREAM_SELL_STATUS stream_id=3 chunk_id=1652740002864 order_id=386669712 status=NEW
[18:04:13.929] [INFO] [EXEC] STREAM_SELL_STATUS stream_id=4 chunk_id=1652740006800 order_id=386669732 status=NEW
[18:04:13.933] [INFO] [EXEC] STREAM_GLOBAL_SELL_SKIP reason=exit_recovery_inventory_no_sell
[18:04:13.935] [INFO] [EXEC] STREAM_GLOBAL_SELL_SKIP reason=place_sell
[18:04:14.458] [WARNING] [EXEC] SELL_QTY_CLAMP inventory=0.009300 free=0.000047 final=0.000047
[18:04:14.737] [INFO] [EXEC] STREAM_SELL_STATUS stream_id=1 chunk_id=1652790855680 order_id=386669671 status=NEW
[18:04:15.001] [INFO] [EXEC] STREAM_SELL_STATUS stream_id=3 chunk_id=1652740002864 order_id=386669712 status=NEW
[18:04:15.440] [INFO] [EXEC] STREAM_SELL_STATUS stream_id=4 chunk_id=1652740006800 order_id=386669732 status=NEW
[18:04:15.445] [INFO] [EXEC] STREAM_GLOBAL_SELL_SKIP reason=exit_recovery_inventory_no_sell
[18:04:15.447] [INFO] [EXEC] STREAM_GLOBAL_SELL_SKIP reason=place_sell
[18:04:16.514] [INFO] [EXEC] STREAM_SELL_STATUS stream_id=1 chunk_id=1652790855680 order_id=386669671 status=NEW
[18:04:17.059] [INFO] [EXEC] STREAM_SELL_STATUS stream_id=3 chunk_id=1652740002864 order_id=386669712 status=NEW
[18:04:17.363] [INFO] [EXEC] STREAM_SELL_STATUS stream_id=4 chunk_id=1652740006800 order_id=386669732 status=NEW
[18:04:17.369] [INFO] [EXEC] STREAM_GLOBAL_SELL_SKIP reason=exit_recovery_inventory_no_sell
[18:04:17.373] [INFO] [EXEC] STREAM_GLOBAL_SELL_SKIP reason=place_sell
[18:04:17.710] [WARNING] [EXEC] SELL_QTY_CLAMP inventory=0.009300 free=0.000047 final=0.000047
[18:04:17.979] [INFO] [EXEC] STREAM_SELL_STATUS stream_id=1 chunk_id=1652790855680 order_id=386669671 status=NEW
[18:04:18.416] [INFO] [EXEC] STREAM_SELL_STATUS stream_id=3 chunk_id=1652740002864 order_id=386669712 status=NEW
[18:04:18.835] [INFO] [EXEC] STREAM_SELL_STATUS stream_id=4 chunk_id=1652740006800 order_id=386669732 status=NEW
[18:04:18.840] [INFO] [EXEC] STREAM_GLOBAL_SELL_SKIP reason=exit_recovery_inventory_no_sell
[18:04:18.845] [INFO] [EXEC] STREAM_GLOBAL_SELL_SKIP reason=place_sell
[18:04:19.711] [INFO] [EXEC] STREAM_SELL_STATUS stream_id=1 chunk_id=1652790855680 order_id=386669671 status=NEW
[18:04:20.218] [INFO] [EXEC] STREAM_SELL_STATUS stream_id=3 chunk_id=1652740002864 order_id=386669712 status=NEW
[18:04:20.537] [INFO] [EXEC] STREAM_SELL_STATUS stream_id=4 chunk_id=1652740006800 order_id=386669732 status=NEW
[18:04:20.542] [INFO] [EXEC] STREAM_GLOBAL_SELL_SKIP reason=exit_recovery_inventory_no_sell
[18:04:20.542] [INFO] [EXEC] STREAM_GLOBAL_SELL_SKIP reason=place_sell
[18:04:20.902] [WARNING] [EXEC] SELL_QTY_CLAMP inventory=0.009300 free=0.000047 final=0.000047
[18:04:21.176] [INFO] [EXEC] STREAM_SELL_STATUS stream_id=1 chunk_id=1652790855680 order_id=386669671 status=NEW
[18:04:21.448] [INFO] [EXEC] STREAM_SELL_STATUS stream_id=3 chunk_id=1652740002864 order_id=386669712 status=NEW
[18:04:21.712] [INFO] [EXEC] STREAM_SELL_STATUS stream_id=4 chunk_id=1652740006800 order_id=386669732 status=NEW
[18:04:21.718] [INFO] [EXEC] STREAM_GLOBAL_SELL_SKIP reason=exit_recovery_inventory_no_sell
[18:04:21.721] [INFO] [EXEC] STREAM_GLOBAL_SELL_SKIP reason=place_sell
[18:04:22.465] [INFO] [EXEC] STREAM_SELL_STATUS stream_id=1 chunk_id=1652790855680 order_id=386669671 status=NEW
[18:04:22.756] [INFO] [EXEC] STREAM_SELL_STATUS stream_id=3 chunk_id=1652740002864 order_id=386669712 status=NEW
[18:04:23.030] [INFO] [EXEC] STREAM_SELL_STATUS stream_id=4 chunk_id=1652740006800 order_id=386669732 status=NEW
[18:04:23.035] [INFO] [EXEC] STREAM_GLOBAL_SELL_SKIP reason=exit_recovery_inventory_no_sell
[18:04:23.036] [INFO] [EXEC] STREAM_GLOBAL_SELL_SKIP reason=place_sell
[18:04:23.710] [INFO] [EXEC] STREAM_SELL_STATUS stream_id=1 chunk_id=1652790855680 order_id=386669671 status=NEW
[18:04:23.986] [INFO] [EXEC] STREAM_SELL_STATUS stream_id=3 chunk_id=1652740002864 order_id=386669712 status=NEW
[18:04:24.265] [INFO] [EXEC] STREAM_SELL_STATUS stream_id=4 chunk_id=1652740006800 order_id=386669732 status=NEW
[18:04:24.271] [INFO] [EXEC] STREAM_GLOBAL_SELL_SKIP reason=exit_recovery_inventory_no_sell
[18:04:24.275] [INFO] [EXEC] STREAM_GLOBAL_SELL_SKIP reason=place_sell
[18:04:24.705] [WARNING] [EXEC] SELL_QTY_CLAMP inventory=0.009300 free=0.000047 final=0.000047
[18:04:25.018] [INFO] [EXEC] STREAM_SELL_STATUS stream_id=1 chunk_id=1652790855680 order_id=386669671 status=NEW
[18:04:25.345] [INFO] [EXEC] STREAM_SELL_STATUS stream_id=3 chunk_id=1652740002864 order_id=386669712 status=NEW
[18:04:25.634] [INFO] [EXEC] STREAM_SELL_STATUS stream_id=4 chunk_id=1652740006800 order_id=386669732 status=NEW
[18:04:25.636] [INFO] [EXEC] STREAM_GLOBAL_SELL_SKIP reason=exit_recovery_inventory_no_sell
[18:04:25.639] [INFO] [EXEC] STREAM_GLOBAL_SELL_SKIP reason=place_sell
[18:04:26.273] [INFO] [EXEC] STREAM_SELL_STATUS stream_id=1 chunk_id=1652790855680 order_id=386669671 status=NEW
[18:04:26.546] [INFO] [EXEC] STREAM_SELL_STATUS stream_id=3 chunk_id=1652740002864 order_id=386669712 status=NEW
[18:04:26.830] [INFO] [EXEC] STREAM_SELL_STATUS stream_id=4 chunk_id=1652740006800 order_id=386669732 status=NEW
[18:04:26.835] [INFO] [EXEC] STREAM_GLOBAL_SELL_SKIP reason=exit_recovery_inventory_no_sell
[18:04:26.836] [INFO] [EXEC] STREAM_GLOBAL_SELL_SKIP reason=place_sell
[18:04:27.615] [INFO] [EXEC] STREAM_SELL_STATUS stream_id=1 chunk_id=1652790855680 order_id=386669671 status=NEW
[18:04:27.949] [INFO] [EXEC] STREAM_SELL_STATUS stream_id=3 chunk_id=1652740002864 order_id=386669712 status=NEW
[18:04:28.391] [INFO] [EXEC] STREAM_SELL_STATUS stream_id=4 chunk_id=1652740006800 order_id=386669732 status=NEW
[18:04:28.397] [INFO] [EXEC] STREAM_GLOBAL_SELL_SKIP reason=exit_recovery_inventory_no_sell
[18:04:28.401] [INFO] [EXEC] STREAM_GLOBAL_SELL_SKIP reason=place_sell
[18:04:29.853] [WARNING] [EXEC] SELL_QTY_CLAMP inventory=0.009300 free=0.000047 final=0.000047
[18:04:30.134] [INFO] [EXEC] STREAM_SELL_STATUS stream_id=1 chunk_id=1652790855680 order_id=386669671 status=NEW
[18:04:30.443] [INFO] [EXEC] STREAM_SELL_STATUS stream_id=3 chunk_id=1652740002864 order_id=386669712 status=NEW
[18:04:30.724] [INFO] [EXEC] STREAM_SELL_STATUS stream_id=4 chunk_id=1652740006800 order_id=386669732 status=NEW
[18:04:30.728] [INFO] [EXEC] STREAM_GLOBAL_SELL_SKIP reason=exit_recovery_inventory_no_sell
[18:04:30.731] [INFO] [EXEC] STREAM_GLOBAL_SELL_SKIP reason=place_sell
[18:04:31.329] [INFO] [EXEC] STREAM_SELL_STATUS stream_id=1 chunk_id=1652790855680 order_id=386669671 status=NEW
[18:04:31.661] [INFO] [EXEC] STREAM_SELL_STATUS stream_id=3 chunk_id=1652740002864 order_id=386669712 status=NEW
[18:04:32.259] [INFO] [EXEC] STREAM_SELL_STATUS stream_id=4 chunk_id=1652740006800 order_id=386669732 status=NEW
[18:04:32.267] [INFO] [EXEC] STREAM_GLOBAL_SELL_SKIP reason=exit_recovery_inventory_no_sell
[18:04:32.271] [INFO] [EXEC] STREAM_GLOBAL_SELL_SKIP reason=place_sell
[18:04:32.881] [WARNING] [EXEC] SELL_QTY_CLAMP inventory=0.009300 free=0.000047 final=0.000047
[18:04:33.202] [INFO] [EXEC] STREAM_SELL_STATUS stream_id=1 chunk_id=1652790855680 order_id=386669671 status=NEW
[18:04:33.554] [INFO] [EXEC] STREAM_SELL_STATUS stream_id=3 chunk_id=1652740002864 order_id=386669712 status=NEW
[18:04:33.919] [INFO] [EXEC] STREAM_SELL_STATUS stream_id=4 chunk_id=1652740006800 order_id=386669732 status=NEW
[18:04:33.923] [INFO] [EXEC] STREAM_GLOBAL_SELL_SKIP reason=exit_recovery_inventory_no_sell
[18:04:33.925] [INFO] [EXEC] STREAM_GLOBAL_SELL_SKIP reason=place_sell
[18:04:34.709] [INFO] [EXEC] STREAM_SELL_STATUS stream_id=1 chunk_id=1652790855680 order_id=386669671 status=NEW
[18:04:35.083] [INFO] [EXEC] STREAM_SELL_STATUS stream_id=3 chunk_id=1652740002864 order_id=386669712 status=NEW
[18:04:35.477] [INFO] [EXEC] STREAM_SELL_STATUS stream_id=4 chunk_id=1652740006800 order_id=386669732 status=NEW
[18:04:35.481] [INFO] [EXEC] STREAM_GLOBAL_SELL_SKIP reason=exit_recovery_inventory_no_sell
[18:04:35.483] [INFO] [EXEC] STREAM_GLOBAL_SELL_SKIP reason=place_sell
[18:04:36.073] [INFO] [EXEC] STREAM_SELL_STATUS stream_id=1 chunk_id=1652790855680 order_id=386669671 status=NEW
[18:04:36.371] [INFO] [EXEC] STREAM_SELL_STATUS stream_id=3 chunk_id=1652740002864 order_id=386669712 status=NEW
[18:04:36.661] [INFO] [EXEC] STREAM_SELL_STATUS stream_id=4 chunk_id=1652740006800 order_id=386669732 status=NEW
[18:04:36.666] [INFO] [EXEC] STREAM_GLOBAL_SELL_SKIP reason=exit_recovery_inventory_no_sell
[18:04:36.667] [INFO] [EXEC] STREAM_GLOBAL_SELL_SKIP reason=place_sell
[18:04:37.196] [WARNING] [EXEC] SELL_QTY_CLAMP inventory=0.009300 free=0.000047 final=0.000047
[18:04:37.477] [INFO] [EXEC] STREAM_SELL_STATUS stream_id=1 chunk_id=1652790855680 order_id=386669671 status=NEW
[18:04:37.743] [INFO] [EXEC] STREAM_SELL_STATUS stream_id=3 chunk_id=1652740002864 order_id=386669712 status=NEW
[18:04:38.014] [INFO] [EXEC] STREAM_SELL_STATUS stream_id=4 chunk_id=1652740006800 order_id=386669732 status=NEW
[18:04:38.019] [INFO] [EXEC] STREAM_GLOBAL_SELL_SKIP reason=exit_recovery_inventory_no_sell
[18:04:38.022] [INFO] [EXEC] STREAM_GLOBAL_SELL_SKIP reason=place_sell
[18:04:39.188] [INFO] [EXEC] STREAM_SELL_STATUS stream_id=1 chunk_id=1652790855680 order_id=386669671 status=NEW
[18:04:39.549] [INFO] [EXEC] STREAM_SELL_STATUS stream_id=3 chunk_id=1652740002864 order_id=386669712 status=NEW
[18:04:39.899] [INFO] [EXEC] STREAM_SELL_STATUS stream_id=4 chunk_id=1652740006800 order_id=386669732 status=NEW
[18:04:39.906] [INFO] [EXEC] STREAM_GLOBAL_SELL_SKIP reason=exit_recovery_inventory_no_sell
[18:04:39.910] [INFO] [EXEC] STREAM_GLOBAL_SELL_SKIP reason=place_sell
[18:04:40.482] [WARNING] [EXEC] SELL_QTY_CLAMP inventory=0.009300 free=0.000047 final=0.000047
[18:04:40.972] [INFO] [EXEC] STREAM_SELL_STATUS stream_id=1 chunk_id=1652790855680 order_id=386669671 status=NEW
[18:04:41.298] [INFO] [EXEC] STREAM_SELL_STATUS stream_id=3 chunk_id=1652740002864 order_id=386669712 status=NEW
[18:04:41.877] [INFO] [EXEC] STREAM_SELL_STATUS stream_id=4 chunk_id=1652740006800 order_id=386669732 status=NEW
[18:04:41.883] [INFO] [EXEC] STREAM_GLOBAL_SELL_SKIP reason=exit_recovery_inventory_no_sell
[18:04:41.885] [INFO] [EXEC] STREAM_GLOBAL_SELL_SKIP reason=place_sell
[18:04:43.337] [INFO] [EXEC] STREAM_SELL_STATUS stream_id=1 chunk_id=1652790855680 order_id=386669671 status=NEW
[18:04:44.383] [INFO] [EXEC] STREAM_SELL_STATUS stream_id=3 chunk_id=1652740002864 order_id=386669712 status=NEW
[18:04:44.694] [INFO] [EXEC] STREAM_SELL_STATUS stream_id=4 chunk_id=1652740006800 order_id=386669732 status=NEW
[18:04:44.698] [INFO] [EXEC] STREAM_GLOBAL_SELL_SKIP reason=exit_recovery_inventory_no_sell
[18:04:44.700] [INFO] [EXEC] STREAM_GLOBAL_SELL_SKIP reason=place_sell
[18:04:45.115] [WARNING] [EXEC] SELL_QTY_CLAMP inventory=0.009300 free=0.000047 final=0.000047
[18:04:45.486] [INFO] [EXEC] STREAM_SELL_STATUS stream_id=1 chunk_id=1652790855680 order_id=386669671 status=NEW
[18:04:45.825] [INFO] [EXEC] STREAM_SELL_STATUS stream_id=3 chunk_id=1652740002864 order_id=386669712 status=NEW
[18:04:46.125] [INFO] [EXEC] STREAM_SELL_STATUS stream_id=4 chunk_id=1652740006800 order_id=386669732 status=NEW
[18:04:46.130] [INFO] [EXEC] STREAM_GLOBAL_SELL_SKIP reason=exit_recovery_inventory_no_sell
[18:04:46.133] [INFO] [EXEC] STREAM_GLOBAL_SELL_SKIP reason=place_sell
[18:04:46.286] [INFO] START_CLICK received enabled=True api_ready=True running=True
[18:04:46.593] [WARNING] cancel all requested
[18:04:46.596] [WARNING] [EXEC] STOP_SAFE_MANUAL inventory=0.009300 active_order=0
[18:04:46.600] [WARNING] STOP
[18:04:48.179] [WARNING] [EXEC] SELL_QTY_CLAMP inventory=0.009300 free=0.000047 final=0.000047
