[06:56:51.159] [OK] filters loaded
[06:56:51.168] [INFO] GUI_PERF tick_ms=0 logs_visible=False gui_log_mode=OFF append_skipped=0
[06:56:51.691] [INFO] [EXEC] STREAM_STATS_UI cycles=0 wins=0 losses=0 pnl=+0.000000 winrate=0.00%
[06:56:54.351] [INFO] START_CLICK received enabled=True api_ready=True running=False
[06:56:54.351] [INFO] GUI_PERF tick_ms=0 logs_visible=False gui_log_mode=OFF append_skipped=2
[06:56:54.351] [INFO] START_SETTINGS live_enabled=True guard_mode=FAST entry_mode=AGGRESSIVE exit_engine=True order_size=15.0
[06:56:54.351] [INFO] START_PROFILE_STREAM order_size=15.0 min_spread_ticks=8 guard_mode=FAST entry_mode=AGGRESSIVE stream_sell_timeout_ms=2800 stream_target_ticks=28
[06:56:54.351] [INFO] SETTINGS_MERGE_PRESERVE existing_values=true missing_added=0
[06:56:54.841] [EXCHANGE] symbol=BTCU base=BTC quote=U status=TRADING permissions=[]
[06:56:54.849] [OK] START
[06:56:54.849] [OK] START_OK runtime_started
[06:56:54.849] [INFO] [EXEC] STREAM_CONVEYOR_ACTIVE count=20
[06:56:54.849] [INFO] [EXEC] STREAM_MULTI_MODE count=20
[06:56:54.849] [INFO] [EXEC] STREAM_CONVEYOR_ACTIVE count=20 range_ticks=100 step_ticks=5
[06:56:54.849] [INFO] [EXEC] STREAM_BUDGET_SOURCE source=order_size_u order_size_u=15.00
[06:56:54.849] [INFO] [EXEC] STREAM_CREATE stream_id=1 buy_price=79803.45000000 budget=15.00 qty=0.00018000
[06:56:54.849] [INFO] [EXEC] STREAM_CREATE stream_id=2 buy_price=79803.40000000 budget=15.00 qty=0.00018000
[06:56:54.849] [INFO] [EXEC] STREAM_CREATE stream_id=3 buy_price=79803.36000000 budget=15.00 qty=0.00018000
[06:56:54.857] [INFO] [EXEC] STREAM_CREATE stream_id=4 buy_price=79803.31000000 budget=15.00 qty=0.00018000
[06:56:54.857] [INFO] [EXEC] STREAM_CREATE stream_id=5 buy_price=79803.26000000 budget=15.00 qty=0.00018000
[06:56:54.857] [INFO] [EXEC] STREAM_CREATE stream_id=6 buy_price=79803.20000000 budget=15.00 qty=0.00018000
[06:56:54.857] [INFO] [EXEC] STREAM_CREATE stream_id=7 buy_price=79803.15000000 budget=15.00 qty=0.00018000
[06:56:54.857] [INFO] [EXEC] STREAM_CREATE stream_id=8 buy_price=79803.11000000 budget=15.00 qty=0.00018000
[06:56:54.857] [INFO] [EXEC] STREAM_CREATE stream_id=9 buy_price=79803.06000000 budget=15.00 qty=0.00018000
[06:56:54.857] [INFO] [EXEC] STREAM_CREATE stream_id=10 buy_price=79803.01000000 budget=15.00 qty=0.00018000
[06:56:54.857] [INFO] [EXEC] STREAM_CREATE stream_id=11 buy_price=79802.95000000 budget=15.00 qty=0.00018000
[06:56:54.857] [INFO] [EXEC] STREAM_CREATE stream_id=12 buy_price=79802.90000000 budget=15.00 qty=0.00018000
[06:56:54.857] [INFO] [EXEC] STREAM_CREATE stream_id=13 buy_price=79802.86000000 budget=15.00 qty=0.00018000
[06:56:54.857] [INFO] [EXEC] STREAM_CREATE stream_id=14 buy_price=79802.81000000 budget=15.00 qty=0.00018000
[06:56:54.857] [INFO] [EXEC] STREAM_CREATE stream_id=15 buy_price=79802.76000000 budget=15.00 qty=0.00018000
[06:56:54.865] [INFO] [EXEC] STREAM_CREATE stream_id=16 buy_price=79802.70000000 budget=15.00 qty=0.00018000
[06:56:54.865] [INFO] [EXEC] STREAM_CREATE stream_id=17 buy_price=79802.65000000 budget=15.00 qty=0.00018000
[06:56:54.865] [INFO] [EXEC] STREAM_CREATE stream_id=18 buy_price=79802.61000000 budget=15.00 qty=0.00018000
[06:56:54.865] [INFO] [EXEC] STREAM_CREATE stream_id=19 buy_price=79802.56000000 budget=15.00 qty=0.00018000
[06:56:54.865] [INFO] [EXEC] STREAM_CREATE stream_id=20 buy_price=79802.51000000 budget=15.00 qty=0.00018000
[06:56:54.865] [INFO] [EXEC] STREAM_CREATE_DONE count=20 budget_per_level=15.00 step_ticks=5
[06:56:55.137] [INFO] [EXEC] LIVE ON
[06:56:55.137] [INFO] [EXEC] WAIT READY
[06:56:55.137] [WARNING] [HEALTH] block spread_too_young lifetime=0
[06:56:55.137] [WARNING] [HEALTH] unstable_spread lifetime=0
[06:56:55.137] [INFO] [EXEC] STREAM_MODE_ACTIVE_SKIP_SINGLE_ENTRY
[06:56:55.137] [INFO] [EXEC] STREAM_BUY_CAPACITY active_buys=0 active_sells=0 waiting_streams=20 max_active_buys=10 free_buy_slots=10 batch_size=1
[06:56:55.699] [INFO] [EXEC] STREAM_BUY_PLACED level_id=1 order_id=391383692
[06:56:55.715] [INFO] GUI_PERF tick_ms=0 logs_visible=False gui_log_mode=OFF append_skipped=40
[06:56:55.715] [OK] [EXEC] PLACE BUY price=79803.45 qty=0.000180
[06:56:55.715] [INFO] [EXEC] STREAM_PLACEMENT_TICK active_buys=1 active_sells=0 waiting_streams=20 free_buy_slots=10 placed=1
[06:56:56.531] [WS] primary url=wss://stream.binance.com:9443/ws/btcu@bookTicker
[06:56:56.531] [WS] connecting primary
[06:56:56.548] [WS] connected
[06:56:57.657] [INFO] [EXEC] STREAM_RECYCLED level_id=1
[06:56:57.657] [INFO] GUI_PERF tick_ms=0 logs_visible=False gui_log_mode=OFF append_skipped=46
[06:56:57.657] [INFO] [EXEC] STREAM_BUY_RECENTER old_price=79803.45 new_price=79807.90 distance_ticks=446
[06:56:57.657] [INFO] [EXEC] STREAM_BUY_CAPACITY active_buys=0 active_sells=0 waiting_streams=20 max_active_buys=10 free_buy_slots=10 batch_size=1
[06:56:58.325] [INFO] [EXEC] STREAM_BUY_PLACED level_id=1 order_id=391383727
[06:56:58.331] [OK] [EXEC] PLACE BUY price=79807.90 qty=0.000180
[06:56:58.331] [INFO] [EXEC] STREAM_PLACEMENT_TICK active_buys=1 active_sells=0 waiting_streams=20 free_buy_slots=10 placed=1
[06:56:58.331] [INFO] [EXEC] STREAM_STATS_UI cycles=0 wins=0 losses=0 pnl=+0.000000 winrate=0.00%
[06:56:59.050] [INFO] [EXEC] STREAM_BUY_CAPACITY active_buys=1 active_sells=0 waiting_streams=19 max_active_buys=10 free_buy_slots=9 batch_size=1
[06:56:59.050] [INFO] GUI_PERF tick_ms=0 logs_visible=False gui_log_mode=OFF append_skipped=53
[06:56:59.352] [INFO] [EXEC] STREAM_BUY_PLACED level_id=2 order_id=391383734
[06:56:59.352] [OK] [EXEC] PLACE BUY price=79803.40 qty=0.000180
[06:56:59.352] [INFO] [EXEC] STREAM_PLACEMENT_TICK active_buys=2 active_sells=0 waiting_streams=19 free_buy_slots=9 placed=1
[06:57:00.668] [INFO] [EXEC] STREAM_RECYCLED level_id=2
[06:57:00.684] [INFO] GUI_PERF tick_ms=0 logs_visible=False gui_log_mode=OFF append_skipped=57
[06:57:00.684] [INFO] [EXEC] STREAM_BUY_RECENTER old_price=79803.40 new_price=79807.90 distance_ticks=451
[06:57:00.684] [INFO] [EXEC] STREAM_MODE_ACTIVE_SKIP_SINGLE_ENTRY
[06:57:00.684] [INFO] [EXEC] STREAM_BUY_CAPACITY active_buys=1 active_sells=0 waiting_streams=19 max_active_buys=10 free_buy_slots=9 batch_size=1
[06:57:00.936] [INFO] [EXEC] STREAM_BUY_PLACED level_id=2 order_id=391383746
[06:57:00.936] [OK] [EXEC] PLACE BUY price=79807.90 qty=0.000180
[06:57:00.936] [INFO] [EXEC] STREAM_PLACEMENT_TICK active_buys=2 active_sells=0 waiting_streams=19 free_buy_slots=9 placed=1
[06:57:02.061] [WARNING] [HEALTH] block spread_too_young lifetime=0
[06:57:02.061] [INFO] GUI_PERF tick_ms=0 logs_visible=False gui_log_mode=OFF append_skipped=64
[06:57:02.061] [WARNING] [HEALTH] unstable_spread lifetime=0
[06:57:02.061] [INFO] [EXEC] STREAM_BUY_CAPACITY active_buys=2 active_sells=0 waiting_streams=18 max_active_buys=10 free_buy_slots=8 batch_size=1
[06:57:02.351] [INFO] [EXEC] STREAM_BUY_PLACED level_id=3 order_id=391383776
[06:57:02.351] [OK] [EXEC] PLACE BUY price=79803.36 qty=0.000180
[06:57:02.351] [INFO] [EXEC] STREAM_PLACEMENT_TICK active_buys=3 active_sells=0 waiting_streams=18 free_buy_slots=8 placed=1
[06:57:04.792] [INFO] [EXEC] STREAM_RECYCLED level_id=3
[06:57:04.792] [INFO] GUI_PERF tick_ms=0 logs_visible=False gui_log_mode=OFF append_skipped=70
[06:57:04.792] [INFO] [EXEC] STREAM_BUY_RECENTER old_price=79803.36 new_price=79807.89 distance_ticks=454
[06:57:04.792] [INFO] [EXEC] STREAM_BUY_CAPACITY active_buys=2 active_sells=0 waiting_streams=18 max_active_buys=10 free_buy_slots=8 batch_size=1
[06:57:05.078] [INFO] [EXEC] STREAM_BUY_PLACED level_id=3 order_id=391383793
[06:57:05.087] [OK] [EXEC] PLACE BUY price=79807.89 qty=0.000180
[06:57:05.087] [INFO] [EXEC] STREAM_PLACEMENT_TICK active_buys=3 active_sells=0 waiting_streams=18 free_buy_slots=8 placed=1
[06:57:05.087] [INFO] [EXEC] STREAM_STATS_UI cycles=0 wins=0 losses=0 pnl=+0.000000 winrate=0.00%
[06:57:06.401] [INFO] [EXEC] STREAM_MODE_ACTIVE_SKIP_SINGLE_ENTRY
[06:57:06.401] [INFO] GUI_PERF tick_ms=0 logs_visible=False gui_log_mode=OFF append_skipped=77
[06:57:06.401] [INFO] [EXEC] STREAM_BUY_CAPACITY active_buys=3 active_sells=0 waiting_streams=17 max_active_buys=10 free_buy_slots=7 batch_size=1
[06:57:07.152] [INFO] [EXEC] STREAM_BUY_PLACED level_id=4 order_id=391383802
[06:57:07.152] [OK] [EXEC] PLACE BUY price=79803.31 qty=0.000180
[06:57:07.155] [INFO] [EXEC] STREAM_PLACEMENT_TICK active_buys=4 active_sells=0 waiting_streams=17 free_buy_slots=7 placed=1
[06:57:09.580] [INFO] [EXEC] STREAM_RECYCLED level_id=4
[06:57:09.588] [INFO] GUI_PERF tick_ms=0 logs_visible=False gui_log_mode=OFF append_skipped=82
[06:57:09.588] [INFO] [EXEC] STREAM_BUY_RECENTER old_price=79803.31 new_price=79807.90 distance_ticks=460
[06:57:09.588] [INFO] [HEALTH] state=DANGER
[06:57:09.588] [INFO] [EXEC] STREAM_BUY_CAPACITY active_buys=3 active_sells=0 waiting_streams=17 max_active_buys=10 free_buy_slots=7 batch_size=1
[06:57:09.891] [INFO] [EXEC] STREAM_BUY_PLACED level_id=4 order_id=391383804
[06:57:09.891] [OK] [EXEC] PLACE BUY price=79807.90 qty=0.000180
[06:57:09.891] [INFO] [EXEC] STREAM_PLACEMENT_TICK active_buys=4 active_sells=0 waiting_streams=17 free_buy_slots=7 placed=1
[06:57:10.311] [INFO] [EXEC] STREAM_STATS_UI cycles=0 wins=0 losses=0 pnl=+0.000000 winrate=0.00%
[06:57:10.733] [INFO] [EXEC] STREAM_BUY_FILLED level_id=1
[06:57:10.733] [INFO] GUI_PERF tick_ms=0 logs_visible=False gui_log_mode=OFF append_skipped=90
[06:57:10.733] [OK] [EXEC] CHUNK ADD qty=0.000180 entry=79807.90
[06:57:10.733] [INFO] [EXEC] CHUNK COUNT n=1
[06:57:10.733] [INFO] [EXEC] STREAM_TARGET_USED ticks=28 sell_price=79808.18
[06:57:11.016] [INFO] [EXEC] STREAM_SELL_PLACED stream_id=1 chunk_id=3209824515424 order_id=391383839 price=79808.18 qty=0.000180
[06:57:11.278] [INFO] [EXEC] STREAM_BUY_FILLED level_id=2
[06:57:11.278] [OK] [EXEC] CHUNK ADD qty=0.000180 entry=79807.90
[06:57:11.278] [INFO] [EXEC] CHUNK COUNT n=2
[06:57:11.278] [INFO] [EXEC] STREAM_TARGET_USED ticks=28 sell_price=79808.18
[06:57:11.558] [INFO] [EXEC] STREAM_SELL_PLACED stream_id=2 chunk_id=3209824516096 order_id=391383885 price=79808.18 qty=0.000180
[06:57:11.845] [INFO] [EXEC] STREAM_BUY_FILLED level_id=3
[06:57:11.845] [INFO] GUI_PERF tick_ms=0 logs_visible=False gui_log_mode=OFF append_skipped=100
[06:57:11.845] [OK] [EXEC] CHUNK ADD qty=0.000180 entry=79807.89
[06:57:11.845] [INFO] [EXEC] CHUNK COUNT n=3
[06:57:11.845] [INFO] [EXEC] STREAM_TARGET_USED ticks=28 sell_price=79808.17
[06:57:12.144] [INFO] [EXEC] STREAM_SELL_PLACED stream_id=3 chunk_id=3209824569296 order_id=391383895 price=79808.17 qty=0.000180
[06:57:12.403] [INFO] [EXEC] STREAM_BUY_FILLED level_id=4
[06:57:12.403] [OK] [EXEC] CHUNK ADD qty=0.000180 entry=79807.90
[06:57:12.403] [INFO] [EXEC] CHUNK COUNT n=4
[06:57:12.403] [INFO] [EXEC] STREAM_TARGET_USED ticks=28 sell_price=79808.18
[06:57:12.689] [INFO] [EXEC] STREAM_SELL_PLACED stream_id=4 chunk_id=3209824515952 order_id=391383913 price=79808.18 qty=0.000180
[06:57:12.956] [INFO] [EXEC] STREAM_SELL_STATUS stream_id=1 chunk_id=3209824515424 order_id=391383839 status=FILLED
[06:57:12.956] [INFO] GUI_PERF tick_ms=0 logs_visible=False gui_log_mode=OFF append_skipped=110
[06:57:12.956] [INFO] [EXEC] STREAM_SELL_FILLED stream_id=1 chunk_id=3209824515424 order_id=391383839
[06:57:12.964] [OK] [EXEC] FIFO CLOSE qty=0.000180 entry=79807.90 exit=79808.18 pnl=+0.000050
[06:57:12.964] [INFO] [EXEC] STREAM_PNL stream_id=1 pnl=+0.000050
[06:57:12.964] [INFO] [EXEC] STREAM_RECYCLED level_id=1
[06:57:12.964] [INFO] [EXEC] STREAM_RECYCLED stream_id=1
[06:57:13.225] [INFO] [EXEC] STREAM_SELL_STATUS stream_id=2 chunk_id=3209824516096 order_id=391383885 status=FILLED
[06:57:13.226] [INFO] [EXEC] STREAM_SELL_FILLED stream_id=2 chunk_id=3209824516096 order_id=391383885
[06:57:13.226] [OK] [EXEC] FIFO CLOSE qty=0.000180 entry=79807.90 exit=79808.18 pnl=+0.000050
[06:57:13.226] [INFO] [EXEC] STREAM_PNL stream_id=2 pnl=+0.000050
[06:57:13.226] [INFO] [EXEC] STREAM_RECYCLED level_id=2
[06:57:13.226] [INFO] [EXEC] STREAM_RECYCLED stream_id=2
[06:57:13.501] [INFO] [EXEC] STREAM_SELL_STATUS stream_id=3 chunk_id=3209824569296 order_id=391383895 status=FILLED
[06:57:13.501] [INFO] [EXEC] STREAM_SELL_FILLED stream_id=3 chunk_id=3209824569296 order_id=391383895
[06:57:13.501] [OK] [EXEC] FIFO CLOSE qty=0.000180 entry=79807.89 exit=79808.17 pnl=+0.000050
[06:57:13.501] [INFO] [EXEC] STREAM_PNL stream_id=3 pnl=+0.000050
[06:57:13.501] [INFO] [EXEC] STREAM_RECYCLED level_id=3
[06:57:13.501] [INFO] [EXEC] STREAM_RECYCLED stream_id=3
[06:57:13.776] [INFO] [EXEC] STREAM_SELL_STATUS stream_id=4 chunk_id=3209824515952 order_id=391383913 status=NEW
[06:57:13.776] [INFO] [EXEC] STREAM_REPAIR_SKIP reason=stream_owned_inventory
[06:57:13.776] [INFO] [EXEC] STREAM_GLOBAL_SELL_SKIP reason=exit_recovery_inventory_no_sell
[06:57:13.776] [INFO] [EXEC] STREAM_GLOBAL_SELL_SKIP reason=place_sell
[06:57:15.787] [INFO] [EXEC] STREAM_SELL_STATUS stream_id=4 chunk_id=3209824515952 order_id=391383913 status=FILLED
[06:57:15.787] [INFO] GUI_PERF tick_ms=0 logs_visible=False gui_log_mode=OFF append_skipped=132
[06:57:15.787] [INFO] [EXEC] STREAM_SELL_FILLED stream_id=4 chunk_id=3209824515952 order_id=391383913
[06:57:15.787] [OK] [EXEC] FIFO CLOSE qty=0.000180 entry=79807.90 exit=79808.18 pnl=+0.000050
[06:57:15.787] [INFO] [EXEC] STREAM_PNL stream_id=4 pnl=+0.000050
[06:57:15.787] [INFO] [EXEC] STREAM_RECYCLED level_id=4
[06:57:15.787] [INFO] [EXEC] STREAM_RECYCLED stream_id=4
[06:57:15.787] [INFO] [HEALTH] state=DANGER
[06:57:15.787] [INFO] [EXEC] STREAM_MODE_ACTIVE_SKIP_SINGLE_ENTRY
[06:57:15.787] [INFO] [EXEC] STREAM_BUY_CAPACITY active_buys=0 active_sells=0 waiting_streams=20 max_active_buys=10 free_buy_slots=10 batch_size=1
[06:57:16.141] [INFO] [EXEC] STREAM_BUY_PLACED level_id=1 order_id=391383948
[06:57:16.142] [OK] [EXEC] PLACE BUY price=79807.90 qty=0.000180
[06:57:16.142] [INFO] [EXEC] STREAM_PLACEMENT_TICK active_buys=1 active_sells=0 waiting_streams=20 free_buy_slots=10 placed=1
[06:57:16.142] [INFO] [EXEC] STREAM_STATS_UI cycles=4 wins=4 losses=0 pnl=+0.000202 winrate=100.00%
[06:57:17.261] [INFO] [EXEC] STREAM_BUY_FILLED level_id=1
[06:57:17.261] [INFO] GUI_PERF tick_ms=0 logs_visible=False gui_log_mode=OFF append_skipped=145
[06:57:17.261] [OK] [EXEC] CHUNK ADD qty=0.000180 entry=79807.90
[06:57:17.261] [INFO] [EXEC] CHUNK COUNT n=1
[06:57:17.269] [INFO] [EXEC] STREAM_TARGET_USED ticks=28 sell_price=79808.18
[06:57:17.517] [INFO] [EXEC] STREAM_SELL_PLACED stream_id=1 chunk_id=3209824585536 order_id=391383974 price=79808.18 qty=0.000180
[06:57:17.801] [INFO] [EXEC] STREAM_SELL_STATUS stream_id=1 chunk_id=3209824585536 order_id=391383974 status=NEW
[06:57:17.801] [INFO] [EXEC] STREAM_REPAIR_SKIP reason=stream_owned_inventory
[06:57:17.801] [INFO] [EXEC] STREAM_GLOBAL_SELL_SKIP reason=exit_recovery_inventory_no_sell
[06:57:17.801] [INFO] [EXEC] STREAM_GLOBAL_SELL_SKIP reason=place_sell
[06:57:18.486] [INFO] [EXEC] STREAM_SELL_STATUS stream_id=1 chunk_id=3209824585536 order_id=391383974 status=NEW
[06:57:18.486] [INFO] GUI_PERF tick_ms=0 logs_visible=False gui_log_mode=OFF append_skipped=154
[06:57:19.261] [INFO] [EXEC] STREAM_SELL_STATUS stream_id=1 chunk_id=3209824585536 order_id=391383974 status=FILLED
[06:57:19.261] [INFO] [EXEC] STREAM_SELL_FILLED stream_id=1 chunk_id=3209824585536 order_id=391383974
[06:57:19.261] [OK] [EXEC] FIFO CLOSE qty=0.000180 entry=79807.90 exit=79808.18 pnl=+0.000050
[06:57:19.261] [INFO] [EXEC] STREAM_PNL stream_id=1 pnl=+0.000050
[06:57:19.261] [INFO] [EXEC] STREAM_RECYCLED level_id=1
[06:57:19.261] [INFO] [EXEC] STREAM_RECYCLED stream_id=1
[06:57:19.261] [INFO] [EXEC] STREAM_BUY_CAPACITY active_buys=0 active_sells=0 waiting_streams=20 max_active_buys=10 free_buy_slots=10 batch_size=1
[06:57:19.622] [INFO] [EXEC] STREAM_BUY_PLACED level_id=1 order_id=391383993
[06:57:19.622] [INFO] GUI_PERF tick_ms=0 logs_visible=False gui_log_mode=OFF append_skipped=162
[06:57:19.622] [OK] [EXEC] PLACE BUY price=79807.90 qty=0.000180
[06:57:19.622] [INFO] [EXEC] STREAM_PLACEMENT_TICK active_buys=1 active_sells=0 waiting_streams=20 free_buy_slots=10 placed=1
[06:57:20.734] [INFO] [EXEC] STREAM_BUY_FILLED level_id=1
[06:57:20.734] [INFO] GUI_PERF tick_ms=0 logs_visible=False gui_log_mode=OFF append_skipped=165
[06:57:20.734] [OK] [EXEC] CHUNK ADD qty=0.000180 entry=79807.90
[06:57:20.734] [INFO] [EXEC] CHUNK COUNT n=1
[06:57:20.734] [INFO] [EXEC] STREAM_TARGET_USED ticks=28 sell_price=79808.18
[06:57:20.995] [INFO] [EXEC] STREAM_SELL_PLACED stream_id=1 chunk_id=3209824537200 order_id=391384003 price=79808.18 qty=0.000180
[06:57:21.313] [INFO] [EXEC] STREAM_SELL_STATUS stream_id=1 chunk_id=3209824537200 order_id=391384003 status=NEW
[06:57:21.313] [INFO] [EXEC] STREAM_REPAIR_SKIP reason=stream_owned_inventory
[06:57:21.313] [INFO] [EXEC] STREAM_GLOBAL_SELL_SKIP reason=exit_recovery_inventory_no_sell
[06:57:21.313] [INFO] [EXEC] STREAM_GLOBAL_SELL_SKIP reason=place_sell
[06:57:21.313] [INFO] [EXEC] STREAM_STATS_UI cycles=5 wins=5 losses=0 pnl=+0.000252 winrate=100.00%
[06:57:22.020] [INFO] [EXEC] STREAM_SELL_STATUS stream_id=1 chunk_id=3209824537200 order_id=391384003 status=NEW
[06:57:22.020] [INFO] GUI_PERF tick_ms=0 logs_visible=False gui_log_mode=OFF append_skipped=175
[06:57:23.545] [INFO] [EXEC] STREAM_SELL_STATUS stream_id=1 chunk_id=3209824537200 order_id=391384003 status=FILLED
[06:57:23.545] [INFO] GUI_PERF tick_ms=0 logs_visible=False gui_log_mode=OFF append_skipped=176
[06:57:23.545] [INFO] [EXEC] STREAM_SELL_FILLED stream_id=1 chunk_id=3209824537200 order_id=391384003
[06:57:23.545] [OK] [EXEC] FIFO CLOSE qty=0.000180 entry=79807.90 exit=79808.18 pnl=+0.000050
[06:57:23.545] [INFO] [EXEC] STREAM_PNL stream_id=1 pnl=+0.000050
[06:57:23.545] [INFO] [EXEC] STREAM_RECYCLED level_id=1
[06:57:23.545] [INFO] [EXEC] STREAM_RECYCLED stream_id=1
[06:57:23.545] [WARNING] [HEALTH] block spread_too_young lifetime=0
[06:57:23.545] [WARNING] [HEALTH] unstable_spread lifetime=0
[06:57:23.545] [INFO] [EXEC] STREAM_MODE_ACTIVE_SKIP_SINGLE_ENTRY
[06:57:23.545] [INFO] [EXEC] STREAM_BUY_CAPACITY active_buys=0 active_sells=0 waiting_streams=20 max_active_buys=10 free_buy_slots=10 batch_size=1
[06:57:23.820] [INFO] [EXEC] STREAM_BUY_PLACED level_id=1 order_id=391384096
[06:57:23.828] [OK] [EXEC] PLACE BUY price=79807.90 qty=0.000180
[06:57:23.828] [INFO] [EXEC] STREAM_PLACEMENT_TICK active_buys=1 active_sells=0 waiting_streams=20 free_buy_slots=10 placed=1
[06:57:24.793] [INFO] [EXEC] STREAM_RECYCLED level_id=1
[06:57:24.793] [INFO] GUI_PERF tick_ms=0 logs_visible=False gui_log_mode=OFF append_skipped=189
[06:57:24.793] [INFO] [EXEC] STREAM_BUY_RECENTER old_price=79807.90 new_price=79809.99 distance_ticks=210
[06:57:24.793] [INFO] [EXEC] STREAM_BUY_CAPACITY active_buys=0 active_sells=0 waiting_streams=20 max_active_buys=10 free_buy_slots=10 batch_size=1
[06:57:25.068] [INFO] [EXEC] STREAM_BUY_PLACED level_id=1 order_id=391384113
[06:57:25.068] [OK] [EXEC] PLACE BUY price=79809.99 qty=0.000180
[06:57:25.068] [INFO] [EXEC] STREAM_PLACEMENT_TICK active_buys=1 active_sells=0 waiting_streams=20 free_buy_slots=10 placed=1
[06:57:25.798] [INFO] [EXEC] STREAM_BUY_FILLED level_id=1
[06:57:25.798] [INFO] GUI_PERF tick_ms=0 logs_visible=False gui_log_mode=OFF append_skipped=195
[06:57:25.814] [OK] [EXEC] CHUNK ADD qty=0.000180 entry=79809.99
[06:57:25.814] [INFO] [EXEC] CHUNK COUNT n=1
[06:57:25.814] [INFO] [EXEC] STREAM_TARGET_USED ticks=28 sell_price=79810.27
[06:57:26.079] [INFO] [EXEC] STREAM_SELL_PLACED stream_id=1 chunk_id=3209824542048 order_id=391384155 price=79810.27 qty=0.000180
[06:57:26.369] [INFO] [EXEC] STREAM_SELL_STATUS stream_id=1 chunk_id=3209824542048 order_id=391384155 status=NEW
[06:57:26.369] [INFO] [EXEC] STREAM_REPAIR_SKIP reason=stream_owned_inventory
[06:57:26.369] [INFO] [EXEC] STREAM_GLOBAL_SELL_SKIP reason=exit_recovery_inventory_no_sell
[06:57:26.369] [INFO] [EXEC] STREAM_GLOBAL_SELL_SKIP reason=place_sell
[06:57:26.369] [INFO] [EXEC] STREAM_STATS_UI cycles=6 wins=6 losses=0 pnl=+0.000302 winrate=100.00%
[06:57:27.081] [INFO] [EXEC] STREAM_SELL_STATUS stream_id=1 chunk_id=3209824542048 order_id=391384155 status=FILLED
[06:57:27.081] [INFO] GUI_PERF tick_ms=0 logs_visible=False gui_log_mode=OFF append_skipped=205
[06:57:27.081] [INFO] [EXEC] STREAM_SELL_FILLED stream_id=1 chunk_id=3209824542048 order_id=391384155
[06:57:27.081] [OK] [EXEC] FIFO CLOSE qty=0.000180 entry=79809.99 exit=79810.27 pnl=+0.000050
[06:57:27.081] [INFO] [EXEC] STREAM_PNL stream_id=1 pnl=+0.000050
[06:57:27.081] [INFO] [EXEC] STREAM_RECYCLED level_id=1
[06:57:27.081] [INFO] [EXEC] STREAM_RECYCLED stream_id=1
[06:57:27.081] [INFO] [EXEC] STREAM_BUY_CAPACITY active_buys=0 active_sells=0 waiting_streams=20 max_active_buys=10 free_buy_slots=10 batch_size=1
[06:57:27.398] [INFO] [EXEC] STREAM_BUY_PLACED level_id=1 order_id=391384170
[06:57:27.398] [OK] [EXEC] PLACE BUY price=79809.99 qty=0.000180
[06:57:27.398] [INFO] [EXEC] STREAM_PLACEMENT_TICK active_buys=1 active_sells=0 waiting_streams=20 free_buy_slots=10 placed=1
[06:57:28.096] [INFO] [EXEC] STREAM_MODE_ACTIVE_SKIP_SINGLE_ENTRY
[06:57:28.096] [INFO] GUI_PERF tick_ms=0 logs_visible=False gui_log_mode=OFF append_skipped=215
[06:57:28.112] [INFO] [EXEC] STREAM_BUY_CAPACITY active_buys=1 active_sells=0 waiting_streams=19 max_active_buys=10 free_buy_slots=9 batch_size=1
[06:57:28.408] [INFO] [EXEC] STREAM_BUY_PLACED level_id=2 order_id=391384175
[06:57:28.408] [OK] [EXEC] PLACE BUY price=79807.90 qty=0.000180
[06:57:28.408] [INFO] [EXEC] STREAM_PLACEMENT_TICK active_buys=2 active_sells=0 waiting_streams=19 free_buy_slots=9 placed=1
[06:57:29.129] [INFO] [EXEC] STREAM_BUY_FILLED level_id=1
[06:57:29.129] [INFO] GUI_PERF tick_ms=0 logs_visible=False gui_log_mode=OFF append_skipped=220
[06:57:29.129] [OK] [EXEC] CHUNK ADD qty=0.000180 entry=79809.99
[06:57:29.129] [INFO] [EXEC] CHUNK COUNT n=1
[06:57:29.129] [INFO] [EXEC] STREAM_TARGET_USED ticks=28 sell_price=79810.27
[06:57:29.437] [INFO] [EXEC] STREAM_SELL_PLACED stream_id=1 chunk_id=3209824516768 order_id=391384187 price=79810.27 qty=0.000180
[06:57:30.160] [INFO] [EXEC] STREAM_RECYCLED level_id=2
[06:57:30.160] [INFO] GUI_PERF tick_ms=0 logs_visible=False gui_log_mode=OFF append_skipped=225
[06:57:30.160] [INFO] [EXEC] STREAM_BUY_RECENTER old_price=79807.90 new_price=79809.98 distance_ticks=209
[06:57:30.424] [INFO] [EXEC] STREAM_SELL_STATUS stream_id=1 chunk_id=3209824516768 order_id=391384187 status=FILLED
[06:57:30.424] [INFO] [EXEC] STREAM_SELL_FILLED stream_id=1 chunk_id=3209824516768 order_id=391384187
[06:57:30.424] [OK] [EXEC] FIFO CLOSE qty=0.000180 entry=79809.99 exit=79810.27 pnl=+0.000050
[06:57:30.424] [INFO] [EXEC] STREAM_PNL stream_id=1 pnl=+0.000050
[06:57:30.424] [INFO] [EXEC] STREAM_RECYCLED level_id=1
[06:57:30.424] [INFO] [EXEC] STREAM_RECYCLED stream_id=1
[06:57:30.431] [INFO] [HEALTH] state=DANGER
[06:57:30.431] [INFO] [EXEC] STREAM_BUY_CAPACITY active_buys=0 active_sells=0 waiting_streams=20 max_active_buys=10 free_buy_slots=10 batch_size=1
[06:57:30.936] [INFO] [EXEC] STREAM_BUY_PLACED level_id=1 order_id=391384193
[06:57:30.936] [OK] [EXEC] PLACE BUY price=79809.99 qty=0.000180
[06:57:30.936] [INFO] [EXEC] STREAM_PLACEMENT_TICK active_buys=1 active_sells=0 waiting_streams=20 free_buy_slots=10 placed=1
[06:57:31.688] [INFO] [EXEC] STREAM_BUY_FILLED level_id=1
[06:57:31.688] [INFO] GUI_PERF tick_ms=0 logs_visible=False gui_log_mode=OFF append_skipped=238
[06:57:31.688] [OK] [EXEC] CHUNK ADD qty=0.000180 entry=79809.99
[06:57:31.688] [INFO] [EXEC] CHUNK COUNT n=1
[06:57:31.688] [INFO] [EXEC] STREAM_TARGET_USED ticks=28 sell_price=79810.27
[06:57:31.964] [INFO] [EXEC] STREAM_SELL_PLACED stream_id=1 chunk_id=3209824516576 order_id=391384207 price=79810.27 qty=0.000180
[06:57:32.233] [INFO] [EXEC] STREAM_SELL_STATUS stream_id=1 chunk_id=3209824516576 order_id=391384207 status=NEW
[06:57:32.241] [INFO] [EXEC] STREAM_REPAIR_SKIP reason=stream_owned_inventory
[06:57:32.241] [INFO] [EXEC] STREAM_GLOBAL_SELL_SKIP reason=exit_recovery_inventory_no_sell
[06:57:32.241] [INFO] [EXEC] STREAM_GLOBAL_SELL_SKIP reason=place_sell
[06:57:32.812] [INFO] [EXEC] STREAM_STATS_UI cycles=8 wins=8 losses=0 pnl=+0.000403 winrate=100.00%
[06:57:32.812] [INFO] GUI_PERF tick_ms=0 logs_visible=False gui_log_mode=OFF append_skipped=247
[06:57:33.481] [INFO] [EXEC] STREAM_SELL_STATUS stream_id=1 chunk_id=3209824516576 order_id=391384207 status=NEW
[06:57:35.162] [WARNING] [EXEC] STREAM_SELL_TIMEOUT stream_id=1 chunk_id=3209824516576 order_id=391384207 age_ms=3310 timeout_ms=2800
[06:57:35.162] [INFO] GUI_PERF tick_ms=0 logs_visible=False gui_log_mode=OFF append_skipped=249
[06:57:35.578] [INFO] [EXEC] STREAM_SELL_CANCEL_OLD stream_id=1 chunk_id=3209824516576 order_id=391384207
[06:57:35.578] [INFO] [EXEC] STREAM_STOP_LOSS_BLOCKED_RETRY_AVAILABLE retry_count=0 retry_max=2 stream_id=1 chunk_id=3209824516576 order_id=391384207
[06:57:35.578] [INFO] [EXEC] STREAM_SELL_RETRY_PLACED stream_id=1 chunk_id=3209824516576 prev_order_id=391384207 retry_count=1 price=79810.24 qty=0.000180
[06:57:35.986] [INFO] [EXEC] STREAM_REPAIR_SKIP reason=stream_owned_inventory
[06:57:35.986] [INFO] [EXEC] STREAM_GLOBAL_SELL_SKIP reason=exit_recovery_inventory_no_sell
[06:57:35.986] [INFO] [EXEC] STREAM_GLOBAL_SELL_SKIP reason=place_sell
[06:57:36.805] [INFO] [EXEC] STREAM_SELL_STATUS stream_id=1 chunk_id=3209824516576 order_id=391384234 status=NEW
[06:57:36.805] [INFO] GUI_PERF tick_ms=0 logs_visible=False gui_log_mode=OFF append_skipped=256
[06:57:38.299] [INFO] [EXEC] STREAM_STATS_UI cycles=8 wins=8 losses=0 pnl=+0.000403 winrate=100.00%
[06:57:38.299] [INFO] GUI_PERF tick_ms=0 logs_visible=False gui_log_mode=OFF append_skipped=257
[06:57:38.716] [INFO] [EXEC] STREAM_SELL_STATUS stream_id=1 chunk_id=3209824516576 order_id=391384234 status=NEW
[06:57:38.716] [WARNING] [EXEC] STREAM_SELL_TIMEOUT stream_id=1 chunk_id=3209824516576 order_id=391384234 age_ms=3764 timeout_ms=2800
[06:57:38.986] [INFO] [EXEC] STREAM_SELL_CANCEL_OLD stream_id=1 chunk_id=3209824516576 order_id=391384234
[06:57:38.986] [INFO] [EXEC] STREAM_STOP_LOSS_BLOCKED_RETRY_AVAILABLE retry_count=1 retry_max=2 stream_id=1 chunk_id=3209824516576 order_id=391384234
[06:57:39.002] [INFO] [EXEC] STREAM_SELL_RETRY_PLACED stream_id=1 chunk_id=3209824516576 prev_order_id=391384234 retry_count=2 price=79810.10 qty=0.000180
[06:57:39.259] [INFO] [EXEC] STREAM_REPAIR_SKIP reason=stream_owned_inventory
[06:57:39.275] [INFO] [EXEC] STREAM_GLOBAL_SELL_SKIP reason=exit_recovery_inventory_no_sell
[06:57:39.275] [INFO] [EXEC] STREAM_GLOBAL_SELL_SKIP reason=place_sell
[06:57:39.987] [INFO] [EXEC] STREAM_SELL_STATUS stream_id=1 chunk_id=3209824516576 order_id=391384341 status=NEW
[06:57:39.995] [INFO] GUI_PERF tick_ms=0 logs_visible=False gui_log_mode=OFF append_skipped=266
[06:57:42.331] [INFO] [EXEC] STREAM_SELL_STATUS stream_id=1 chunk_id=3209824516576 order_id=391384341 status=FILLED
[06:57:42.331] [INFO] GUI_PERF tick_ms=0 logs_visible=False gui_log_mode=OFF append_skipped=267
[06:57:42.331] [INFO] [EXEC] STREAM_SELL_FILLED stream_id=1 chunk_id=3209824516576 order_id=391384341
[06:57:42.331] [OK] [EXEC] FIFO CLOSE qty=0.000180 entry=79809.99 exit=79810.10 pnl=+0.000020
[06:57:42.331] [INFO] [EXEC] STREAM_PNL stream_id=1 pnl=+0.000020
[06:57:42.331] [INFO] [EXEC] STREAM_RECYCLED level_id=1
[06:57:42.339] [INFO] [EXEC] STREAM_RECYCLED stream_id=1
[06:57:42.341] [INFO] [HEALTH] state=DANGER
[06:57:42.341] [INFO] [EXEC] STREAM_MODE_ACTIVE_SKIP_SINGLE_ENTRY
[06:57:42.341] [INFO] [EXEC] STREAM_BUY_CAPACITY active_buys=0 active_sells=0 waiting_streams=20 max_active_buys=10 free_buy_slots=10 batch_size=1
[06:57:42.644] [INFO] [EXEC] STREAM_BUY_PLACED level_id=1 order_id=391384412
[06:57:42.644] [OK] [EXEC] PLACE BUY price=79809.99 qty=0.000180
[06:57:42.644] [INFO] [EXEC] STREAM_PLACEMENT_TICK active_buys=1 active_sells=0 waiting_streams=20 free_buy_slots=10 placed=1
[06:57:43.523] [INFO] [EXEC] STREAM_BUY_FILLED level_id=1
[06:57:43.523] [INFO] GUI_PERF tick_ms=0 logs_visible=False gui_log_mode=OFF append_skipped=279
[06:57:43.523] [OK] [EXEC] CHUNK ADD qty=0.000180 entry=79809.99
[06:57:43.523] [INFO] [EXEC] CHUNK COUNT n=1
[06:57:43.531] [INFO] [EXEC] STREAM_TARGET_USED ticks=28 sell_price=79810.27
[06:57:43.812] [INFO] [EXEC] STREAM_SELL_PLACED stream_id=1 chunk_id=3209824535712 order_id=391384441 price=79810.27 qty=0.000180
[06:57:44.073] [INFO] [EXEC] STREAM_SELL_STATUS stream_id=1 chunk_id=3209824535712 order_id=391384441 status=NEW
[06:57:44.073] [INFO] [EXEC] STREAM_REPAIR_SKIP reason=stream_owned_inventory
[06:57:44.073] [INFO] [EXEC] STREAM_GLOBAL_SELL_SKIP reason=exit_recovery_inventory_no_sell
[06:57:44.073] [INFO] [EXEC] STREAM_GLOBAL_SELL_SKIP reason=place_sell
[06:57:44.603] [INFO] [EXEC] STREAM_STATS_UI cycles=9 wins=9 losses=0 pnl=+0.000423 winrate=100.00%
[06:57:44.603] [INFO] GUI_PERF tick_ms=0 logs_visible=False gui_log_mode=OFF append_skipped=288
[06:57:45.361] [INFO] [EXEC] STREAM_SELL_STATUS stream_id=1 chunk_id=3209824535712 order_id=391384441 status=FILLED
[06:57:45.361] [INFO] [EXEC] STREAM_SELL_FILLED stream_id=1 chunk_id=3209824535712 order_id=391384441
[06:57:45.361] [OK] [EXEC] FIFO CLOSE qty=0.000180 entry=79809.99 exit=79810.27 pnl=+0.000050
[06:57:45.361] [INFO] [EXEC] STREAM_PNL stream_id=1 pnl=+0.000050
[06:57:45.361] [INFO] [EXEC] STREAM_RECYCLED level_id=1
[06:57:45.361] [INFO] [EXEC] STREAM_RECYCLED stream_id=1
[06:57:45.361] [INFO] [EXEC] STREAM_BUY_CAPACITY active_buys=0 active_sells=0 waiting_streams=20 max_active_buys=10 free_buy_slots=10 batch_size=1
[06:57:45.636] [INFO] [EXEC] STREAM_BUY_PLACED level_id=1 order_id=391384498
[06:57:45.636] [INFO] GUI_PERF tick_ms=0 logs_visible=False gui_log_mode=OFF append_skipped=296
[06:57:45.636] [OK] [EXEC] PLACE BUY price=79809.99 qty=0.000180
[06:57:45.636] [INFO] [EXEC] STREAM_PLACEMENT_TICK active_buys=1 active_sells=0 waiting_streams=20 free_buy_slots=10 placed=1
[06:57:46.296] [INFO] [EXEC] STREAM_BUY_FILLED level_id=1
[06:57:46.296] [OK] [EXEC] CHUNK ADD qty=0.000180 entry=79809.99
[06:57:46.296] [INFO] [EXEC] CHUNK COUNT n=1
[06:57:46.296] [INFO] [EXEC] STREAM_TARGET_USED ticks=28 sell_price=79810.27
[06:57:46.622] [INFO] [EXEC] STREAM_SELL_PLACED stream_id=1 chunk_id=3209824582592 order_id=391384528 price=79810.27 qty=0.000180
[06:57:46.890] [INFO] [EXEC] STREAM_SELL_STATUS stream_id=1 chunk_id=3209824582592 order_id=391384528 status=NEW
[06:57:46.890] [INFO] GUI_PERF tick_ms=0 logs_visible=False gui_log_mode=OFF append_skipped=304
[06:57:46.890] [INFO] [EXEC] STREAM_REPAIR_SKIP reason=stream_owned_inventory
[06:57:46.890] [INFO] [EXEC] STREAM_GLOBAL_SELL_SKIP reason=exit_recovery_inventory_no_sell
[06:57:46.890] [INFO] [EXEC] STREAM_GLOBAL_SELL_SKIP reason=place_sell
[06:57:47.965] [INFO] [EXEC] STREAM_SELL_STATUS stream_id=1 chunk_id=3209824582592 order_id=391384528 status=NEW
[06:57:47.965] [INFO] GUI_PERF tick_ms=0 logs_visible=False gui_log_mode=OFF append_skipped=308
[06:57:49.490] [WARNING] [EXEC] STREAM_SELL_TIMEOUT stream_id=1 chunk_id=3209824582592 order_id=391384528 age_ms=3162 timeout_ms=2800
[06:57:49.490] [INFO] GUI_PERF tick_ms=0 logs_visible=False gui_log_mode=OFF append_skipped=309
[06:57:49.754] [INFO] [EXEC] STREAM_SELL_CANCEL_OLD stream_id=1 chunk_id=3209824582592 order_id=391384528
[06:57:49.754] [INFO] [EXEC] STREAM_STOP_LOSS_BLOCKED_RETRY_AVAILABLE retry_count=0 retry_max=2 stream_id=1 chunk_id=3209824582592 order_id=391384528
[06:57:49.754] [INFO] [EXEC] STREAM_SELL_RETRY_PLACED stream_id=1 chunk_id=3209824582592 prev_order_id=391384528 retry_count=1 price=79810.10 qty=0.000180
[06:57:50.105] [INFO] [EXEC] STREAM_REPAIR_SKIP reason=stream_owned_inventory
[06:57:50.105] [INFO] [EXEC] STREAM_GLOBAL_SELL_SKIP reason=exit_recovery_inventory_no_sell
[06:57:50.105] [INFO] [EXEC] STREAM_GLOBAL_SELL_SKIP reason=place_sell
[06:57:50.105] [INFO] [EXEC] STREAM_STATS_UI cycles=10 wins=10 losses=0 pnl=+0.000473 winrate=100.00%
[06:57:51.542] [INFO] [EXEC] STREAM_SELL_STATUS stream_id=1 chunk_id=3209824582592 order_id=391384535 status=NEW
[06:57:51.542] [INFO] GUI_PERF tick_ms=0 logs_visible=False gui_log_mode=OFF append_skipped=317
[06:57:53.063] [INFO] [EXEC] STREAM_SELL_STATUS stream_id=1 chunk_id=3209824582592 order_id=391384535 status=FILLED
[06:57:53.063] [INFO] GUI_PERF tick_ms=0 logs_visible=False gui_log_mode=OFF append_skipped=318
[06:57:53.063] [INFO] [EXEC] STREAM_SELL_FILLED stream_id=1 chunk_id=3209824582592 order_id=391384535
[06:57:53.063] [OK] [EXEC] FIFO CLOSE qty=0.000180 entry=79809.99 exit=79810.10 pnl=+0.000020
[06:57:53.063] [INFO] [EXEC] STREAM_PNL stream_id=1 pnl=+0.000020
[06:57:53.063] [INFO] [EXEC] STREAM_RECYCLED level_id=1
[06:57:53.063] [INFO] [EXEC] STREAM_RECYCLED stream_id=1
[06:57:53.063] [INFO] [HEALTH] state=DANGER
[06:57:53.063] [INFO] [EXEC] STREAM_MODE_ACTIVE_SKIP_SINGLE_ENTRY
[06:57:53.063] [INFO] [EXEC] STREAM_BUY_CAPACITY active_buys=0 active_sells=0 waiting_streams=20 max_active_buys=10 free_buy_slots=10 batch_size=1
[06:57:53.333] [INFO] [EXEC] STREAM_BUY_PLACED level_id=1 order_id=391384606
[06:57:53.333] [OK] [EXEC] PLACE BUY price=79809.99 qty=0.000180
[06:57:53.341] [INFO] [EXEC] STREAM_PLACEMENT_TICK active_buys=1 active_sells=0 waiting_streams=20 free_buy_slots=10 placed=1
[06:57:54.017] [INFO] [EXEC] STREAM_BUY_FILLED level_id=1
[06:57:54.017] [OK] [EXEC] CHUNK ADD qty=0.000180 entry=79809.99
[06:57:54.025] [INFO] [EXEC] CHUNK COUNT n=1
[06:57:54.025] [INFO] [EXEC] STREAM_TARGET_USED ticks=28 sell_price=79810.27
[06:57:54.279] [INFO] [EXEC] STREAM_SELL_PLACED stream_id=1 chunk_id=3209824591776 order_id=391384633 price=79810.27 qty=0.000180
[06:57:54.279] [INFO] GUI_PERF tick_ms=0 logs_visible=False gui_log_mode=OFF append_skipped=334
[06:57:54.576] [INFO] [EXEC] STREAM_SELL_STATUS stream_id=1 chunk_id=3209824591776 order_id=391384633 status=NEW
[06:57:54.576] [INFO] [EXEC] STREAM_REPAIR_SKIP reason=stream_owned_inventory
[06:57:54.576] [INFO] [EXEC] STREAM_GLOBAL_SELL_SKIP reason=exit_recovery_inventory_no_sell
[06:57:54.591] [INFO] [EXEC] STREAM_GLOBAL_SELL_SKIP reason=place_sell
[06:57:55.227] [INFO] [EXEC] STREAM_SELL_STATUS stream_id=1 chunk_id=3209824591776 order_id=391384633 status=NEW
[06:57:55.227] [INFO] [EXEC] STREAM_STATS_UI cycles=11 wins=11 losses=0 pnl=+0.000493 winrate=100.00%
[06:57:55.996] [INFO] [EXEC] STREAM_SELL_STATUS stream_id=1 chunk_id=3209824591776 order_id=391384633 status=NEW
[06:57:55.996] [INFO] GUI_PERF tick_ms=0 logs_visible=False gui_log_mode=OFF append_skipped=341
[06:57:57.075] [WARNING] [EXEC] STREAM_SELL_TIMEOUT stream_id=1 chunk_id=3209824591776 order_id=391384633 age_ms=2973 timeout_ms=2800
[06:57:57.075] [INFO] GUI_PERF tick_ms=0 logs_visible=False gui_log_mode=OFF append_skipped=342
[06:57:57.377] [INFO] [EXEC] STREAM_SELL_CANCEL_OLD stream_id=1 chunk_id=3209824591776 order_id=391384633
[06:57:57.377] [INFO] [EXEC] STREAM_STOP_LOSS_BLOCKED_RETRY_AVAILABLE retry_count=0 retry_max=2 stream_id=1 chunk_id=3209824591776 order_id=391384633
[06:57:57.377] [INFO] [EXEC] STREAM_SELL_RETRY_PLACED stream_id=1 chunk_id=3209824591776 prev_order_id=391384633 retry_count=1 price=79810.24 qty=0.000180
[06:57:57.642] [INFO] [EXEC] STREAM_REPAIR_SKIP reason=stream_owned_inventory
[06:57:57.642] [INFO] [EXEC] STREAM_GLOBAL_SELL_SKIP reason=exit_recovery_inventory_no_sell
[06:57:57.642] [INFO] [EXEC] STREAM_GLOBAL_SELL_SKIP reason=place_sell
[06:57:58.385] [INFO] [EXEC] STREAM_SELL_STATUS stream_id=1 chunk_id=3209824591776 order_id=391384681 status=NEW
[06:57:58.402] [INFO] GUI_PERF tick_ms=0 logs_visible=False gui_log_mode=OFF append_skipped=349
[06:58:00.605] [WARNING] [EXEC] STREAM_SELL_TIMEOUT stream_id=1 chunk_id=3209824591776 order_id=391384681 age_ms=3600 timeout_ms=2800
[06:58:00.605] [INFO] GUI_PERF tick_ms=0 logs_visible=False gui_log_mode=OFF append_skipped=350
[06:58:00.955] [INFO] [EXEC] STREAM_SELL_CANCEL_OLD stream_id=1 chunk_id=3209824591776 order_id=391384681
[06:58:00.955] [INFO] [EXEC] STREAM_STOP_LOSS_BLOCKED_RETRY_AVAILABLE retry_count=1 retry_max=2 stream_id=1 chunk_id=3209824591776 order_id=391384681
[06:58:00.955] [INFO] [EXEC] STREAM_SELL_RETRY_PLACED stream_id=1 chunk_id=3209824591776 prev_order_id=391384681 retry_count=2 price=79810.10 qty=0.000180
[06:58:01.223] [INFO] [EXEC] STREAM_REPAIR_SKIP reason=stream_owned_inventory
[06:58:01.223] [INFO] [EXEC] STREAM_GLOBAL_SELL_SKIP reason=exit_recovery_inventory_no_sell
[06:58:01.223] [INFO] [EXEC] STREAM_GLOBAL_SELL_SKIP reason=place_sell
[06:58:01.223] [INFO] [EXEC] STREAM_STATS_UI cycles=11 wins=11 losses=0 pnl=+0.000493 winrate=100.00%
[06:58:01.903] [INFO] [EXEC] STREAM_SELL_STATUS stream_id=1 chunk_id=3209824591776 order_id=391384769 status=NEW
[06:58:01.903] [INFO] GUI_PERF tick_ms=0 logs_visible=False gui_log_mode=OFF append_skipped=358
[06:58:04.128] [INFO] [EXEC] STREAM_SELL_STATUS stream_id=1 chunk_id=3209824591776 order_id=391384769 status=FILLED
[06:58:04.128] [INFO] GUI_PERF tick_ms=0 logs_visible=False gui_log_mode=OFF append_skipped=359
[06:58:04.128] [INFO] [EXEC] STREAM_SELL_FILLED stream_id=1 chunk_id=3209824591776 order_id=391384769
[06:58:04.128] [OK] [EXEC] FIFO CLOSE qty=0.000180 entry=79809.99 exit=79810.10 pnl=+0.000020
[06:58:04.128] [INFO] [EXEC] STREAM_PNL stream_id=1 pnl=+0.000020
[06:58:04.128] [INFO] [EXEC] STREAM_RECYCLED level_id=1
[06:58:04.128] [INFO] [EXEC] STREAM_RECYCLED stream_id=1
[06:58:04.128] [WARNING] [HEALTH] block spread_too_young lifetime=0
[06:58:04.136] [WARNING] [HEALTH] unstable_spread lifetime=0
[06:58:04.136] [INFO] [EXEC] STREAM_MODE_ACTIVE_SKIP_SINGLE_ENTRY
[06:58:04.136] [INFO] [EXEC] STREAM_BUY_CAPACITY active_buys=0 active_sells=0 waiting_streams=20 max_active_buys=10 free_buy_slots=10 batch_size=1
[06:58:04.388] [INFO] [EXEC] STREAM_BUY_PLACED level_id=1 order_id=391384836
[06:58:04.388] [OK] [EXEC] PLACE BUY price=79809.99 qty=0.000180
[06:58:04.388] [INFO] [EXEC] STREAM_PLACEMENT_TICK active_buys=1 active_sells=0 waiting_streams=20 free_buy_slots=10 placed=1
[06:58:05.150] [INFO] [EXEC] STREAM_BUY_FILLED level_id=1
[06:58:05.155] [INFO] GUI_PERF tick_ms=0 logs_visible=False gui_log_mode=OFF append_skipped=372
[06:58:05.157] [OK] [EXEC] CHUNK ADD qty=0.000180 entry=79809.99
[06:58:05.157] [INFO] [EXEC] CHUNK COUNT n=1
[06:58:05.157] [INFO] [EXEC] STREAM_TARGET_USED ticks=28 sell_price=79810.27
[06:58:05.417] [INFO] [EXEC] STREAM_SELL_PLACED stream_id=1 chunk_id=3209824582592 order_id=391384874 price=79810.27 qty=0.000180
[06:58:05.670] [INFO] [EXEC] STREAM_SELL_STATUS stream_id=1 chunk_id=3209824582592 order_id=391384874 status=NEW
[06:58:05.670] [INFO] [EXEC] STREAM_REPAIR_SKIP reason=stream_owned_inventory
[06:58:05.670] [INFO] [EXEC] STREAM_GLOBAL_SELL_SKIP reason=exit_recovery_inventory_no_sell
[06:58:05.670] [INFO] [EXEC] STREAM_GLOBAL_SELL_SKIP reason=place_sell
[06:58:06.278] [INFO] [EXEC] STREAM_STATS_UI cycles=12 wins=12 losses=0 pnl=+0.000513 winrate=100.00%
[06:58:06.278] [INFO] GUI_PERF tick_ms=0 logs_visible=False gui_log_mode=OFF append_skipped=381
[06:58:06.895] [INFO] [EXEC] STREAM_SELL_STATUS stream_id=1 chunk_id=3209824582592 order_id=391384874 status=NEW
[06:58:10.261] [WARNING] [EXEC] STREAM_SELL_TIMEOUT stream_id=1 chunk_id=3209824582592 order_id=391384874 age_ms=5113 timeout_ms=2800
[06:58:10.261] [INFO] GUI_PERF tick_ms=0 logs_visible=False gui_log_mode=OFF append_skipped=383
[06:58:10.573] [INFO] [EXEC] STREAM_SELL_CANCEL_OLD stream_id=1 chunk_id=3209824582592 order_id=391384874
[06:58:10.573] [INFO] [EXEC] STREAM_STOP_LOSS_BLOCKED_RETRY_AVAILABLE retry_count=0 retry_max=2 stream_id=1 chunk_id=3209824582592 order_id=391384874
[06:58:10.573] [INFO] [EXEC] STREAM_SELL_RETRY_PLACED stream_id=1 chunk_id=3209824582592 prev_order_id=391384874 retry_count=1 price=79810.10 qty=0.000180
[06:58:10.823] [INFO] [EXEC] STREAM_REPAIR_SKIP reason=stream_owned_inventory
[06:58:10.839] [INFO] [EXEC] STREAM_GLOBAL_SELL_SKIP reason=exit_recovery_inventory_no_sell
[06:58:10.839] [INFO] [EXEC] STREAM_GLOBAL_SELL_SKIP reason=place_sell
[06:58:11.983] [INFO] [EXEC] STREAM_SELL_STATUS stream_id=1 chunk_id=3209824582592 order_id=391385080 status=NEW
[06:58:11.983] [INFO] GUI_PERF tick_ms=0 logs_visible=False gui_log_mode=OFF append_skipped=390
[06:58:12.826] [INFO] [EXEC] STREAM_STATS_UI cycles=12 wins=12 losses=0 pnl=+0.000513 winrate=100.00%
[06:58:13.596] [INFO] [EXEC] STREAM_SELL_STATUS stream_id=1 chunk_id=3209824582592 order_id=391385080 status=NEW
[06:58:13.596] [INFO] GUI_PERF tick_ms=0 logs_visible=False gui_log_mode=OFF append_skipped=392
[06:58:13.596] [WARNING] [EXEC] STREAM_SELL_TIMEOUT stream_id=1 chunk_id=3209824582592 order_id=391385080 age_ms=3383 timeout_ms=2800
[06:58:13.856] [INFO] [EXEC] STREAM_SELL_CANCEL_OLD stream_id=1 chunk_id=3209824582592 order_id=391385080
[06:58:13.856] [INFO] [EXEC] STREAM_STOP_LOSS_BLOCKED_RETRY_AVAILABLE retry_count=1 retry_max=2 stream_id=1 chunk_id=3209824582592 order_id=391385080
[06:58:13.856] [INFO] [EXEC] STREAM_SELL_RETRY_PLACED stream_id=1 chunk_id=3209824582592 prev_order_id=391385080 retry_count=2 price=79810.10 qty=0.000180
[06:58:14.126] [INFO] [EXEC] STREAM_REPAIR_SKIP reason=stream_owned_inventory
[06:58:14.126] [INFO] [EXEC] STREAM_GLOBAL_SELL_SKIP reason=exit_recovery_inventory_no_sell
[06:58:14.134] [INFO] [EXEC] STREAM_GLOBAL_SELL_SKIP reason=place_sell
[06:58:15.027] [INFO] [EXEC] STREAM_SELL_STATUS stream_id=1 chunk_id=3209824582592 order_id=391385320 status=NEW
[06:58:15.027] [INFO] GUI_PERF tick_ms=0 logs_visible=False gui_log_mode=OFF append_skipped=400
[06:58:16.563] [WARNING] [EXEC] STREAM_SELL_TIMEOUT stream_id=1 chunk_id=3209824582592 order_id=391385320 age_ms=2952 timeout_ms=2800
[06:58:16.563] [INFO] GUI_PERF tick_ms=0 logs_visible=False gui_log_mode=OFF append_skipped=401
[06:58:16.823] [INFO] [EXEC] STREAM_SELL_CANCEL_OLD stream_id=1 chunk_id=3209824582592 order_id=391385320
[06:58:16.823] [WARNING] [EXEC] STREAM_STOP_LOSS_EXIT stream_id=1 chunk_id=3209824582592 order_id=391385320 stop_price=79807.79 retry_count=2 retry_max=2
[06:58:17.092] [INFO] [EXEC] STREAM_REPAIR_SKIP reason=stream_owned_inventory
[06:58:17.092] [INFO] [EXEC] STREAM_GLOBAL_SELL_SKIP reason=exit_recovery_inventory_no_sell
[06:58:17.092] [INFO] [EXEC] STREAM_GLOBAL_SELL_SKIP reason=place_sell
[06:58:17.938] [INFO] [EXEC] STREAM_SELL_STATUS stream_id=1 chunk_id=3209824582592 order_id=391385360 status=NEW
[06:58:17.938] [INFO] GUI_PERF tick_ms=0 logs_visible=False gui_log_mode=OFF append_skipped=407
[06:58:17.949] [INFO] [EXEC] STREAM_STATS_UI cycles=12 wins=12 losses=0 pnl=+0.000513 winrate=100.00%
[06:58:18.655] [INFO] [EXEC] STREAM_SELL_STATUS stream_id=1 chunk_id=3209824582592 order_id=391385360 status=NEW
[06:58:19.357] [WARNING] [EXEC] STREAM_SELL_TIMEOUT stream_id=1 chunk_id=3209824582592 order_id=391385360 age_ms=2804 timeout_ms=2800
[06:58:19.357] [INFO] GUI_PERF tick_ms=0 logs_visible=False gui_log_mode=OFF append_skipped=410
[06:58:19.625] [INFO] [EXEC] STREAM_SELL_CANCEL_OLD stream_id=1 chunk_id=3209824582592 order_id=391385360
[06:58:19.625] [WARNING] [EXEC] STREAM_STOP_LOSS_EXIT stream_id=1 chunk_id=3209824582592 order_id=391385360 stop_price=79807.79 retry_count=2 retry_max=2
[06:58:19.887] [INFO] [EXEC] STREAM_REPAIR_SKIP reason=stream_owned_inventory
[06:58:19.887] [INFO] [EXEC] STREAM_GLOBAL_SELL_SKIP reason=exit_recovery_inventory_no_sell
[06:58:19.887] [INFO] [EXEC] STREAM_GLOBAL_SELL_SKIP reason=place_sell
[06:58:20.907] [INFO] [EXEC] STREAM_SELL_STATUS stream_id=1 chunk_id=3209824582592 order_id=391385479 status=NEW
[06:58:20.907] [INFO] GUI_PERF tick_ms=0 logs_visible=False gui_log_mode=OFF append_skipped=416
[06:58:22.746] [WARNING] [EXEC] STREAM_SELL_TIMEOUT stream_id=1 chunk_id=3209824582592 order_id=391385479 age_ms=3145 timeout_ms=2800
[06:58:22.746] [INFO] GUI_PERF tick_ms=0 logs_visible=False gui_log_mode=OFF append_skipped=417
[06:58:23.015] [INFO] [EXEC] STREAM_SELL_CANCEL_OLD stream_id=1 chunk_id=3209824582592 order_id=391385479
[06:58:23.015] [WARNING] [EXEC] STREAM_STOP_LOSS_EXIT stream_id=1 chunk_id=3209824582592 order_id=391385479 stop_price=79807.79 retry_count=2 retry_max=2
[06:58:23.366] [INFO] [EXEC] STREAM_REPAIR_SKIP reason=stream_owned_inventory
[06:58:23.366] [INFO] [EXEC] STREAM_GLOBAL_SELL_SKIP reason=exit_recovery_inventory_no_sell
[06:58:23.366] [INFO] [EXEC] STREAM_GLOBAL_SELL_SKIP reason=place_sell
[06:58:23.366] [INFO] [EXEC] STREAM_STATS_UI cycles=12 wins=12 losses=0 pnl=+0.000513 winrate=100.00%
[06:58:23.938] [INFO] [EXEC] STREAM_SELL_STATUS stream_id=1 chunk_id=3209824582592 order_id=391385512 status=NEW
[06:58:23.938] [INFO] GUI_PERF tick_ms=0 logs_visible=False gui_log_mode=OFF append_skipped=424
[06:58:25.440] [WARNING] [EXEC] STREAM_SELL_TIMEOUT stream_id=1 chunk_id=3209824582592 order_id=391385512 age_ms=2953 timeout_ms=2800
[06:58:25.456] [INFO] GUI_PERF tick_ms=0 logs_visible=False gui_log_mode=OFF append_skipped=425
[06:58:25.779] [INFO] [EXEC] STREAM_SELL_CANCEL_OLD stream_id=1 chunk_id=3209824582592 order_id=391385512
[06:58:25.779] [WARNING] [EXEC] STREAM_STOP_LOSS_EXIT stream_id=1 chunk_id=3209824582592 order_id=391385512 stop_price=79807.79 retry_count=2 retry_max=2
[06:58:26.141] [INFO] [EXEC] STREAM_REPAIR_SKIP reason=stream_owned_inventory
[06:58:26.141] [INFO] [EXEC] STREAM_GLOBAL_SELL_SKIP reason=exit_recovery_inventory_no_sell
[06:58:26.141] [INFO] [EXEC] STREAM_GLOBAL_SELL_SKIP reason=place_sell
[06:58:27.002] [INFO] [EXEC] STREAM_SELL_STATUS stream_id=1 chunk_id=3209824582592 order_id=391385590 status=NEW
[06:58:27.002] [INFO] GUI_PERF tick_ms=0 logs_visible=False gui_log_mode=OFF append_skipped=431
[06:58:28.580] [WARNING] [EXEC] STREAM_SELL_TIMEOUT stream_id=1 chunk_id=3209824582592 order_id=391385590 age_ms=3101 timeout_ms=2800
[06:58:28.580] [INFO] GUI_PERF tick_ms=0 logs_visible=False gui_log_mode=OFF append_skipped=432
[06:58:28.894] [INFO] [EXEC] STREAM_SELL_CANCEL_OLD stream_id=1 chunk_id=3209824582592 order_id=391385590
[06:58:28.894] [WARNING] [EXEC] STREAM_STOP_LOSS_EXIT stream_id=1 chunk_id=3209824582592 order_id=391385590 stop_price=79807.79 retry_count=2 retry_max=2
[06:58:29.201] [INFO] [EXEC] STREAM_REPAIR_SKIP reason=stream_owned_inventory
[06:58:29.201] [INFO] [EXEC] STREAM_GLOBAL_SELL_SKIP reason=exit_recovery_inventory_no_sell
[06:58:29.201] [INFO] [EXEC] STREAM_GLOBAL_SELL_SKIP reason=place_sell
[06:58:29.201] [INFO] [EXEC] STREAM_STATS_UI cycles=12 wins=12 losses=0 pnl=+0.000513 winrate=100.00%
[06:58:29.862] [INFO] [EXEC] STREAM_SELL_STATUS stream_id=1 chunk_id=3209824582592 order_id=391385602 status=FILLED
[06:58:29.862] [INFO] GUI_PERF tick_ms=0 logs_visible=False gui_log_mode=OFF append_skipped=439
[06:58:29.862] [INFO] [EXEC] STREAM_SELL_FILLED stream_id=1 chunk_id=3209824582592 order_id=391385602
[06:58:29.862] [OK] [EXEC] FIFO CLOSE qty=0.000180 entry=79809.99 exit=79807.79 pnl=-0.000396
[06:58:29.862] [INFO] [EXEC] STREAM_PNL stream_id=1 pnl=-0.000396
[06:58:29.862] [WARNING] [EXEC] STREAM_LOSS_COOLDOWN stream_id=1 cooldown_ms=6000
[06:58:29.862] [INFO] [EXEC] STREAM_RECYCLED level_id=1
[06:58:29.862] [INFO] [EXEC] STREAM_RECYCLED stream_id=1
[06:58:29.875] [INFO] [HEALTH] state=GOOD
[06:58:29.875] [INFO] [EXEC] STREAM_MODE_ACTIVE_SKIP_SINGLE_ENTRY
[06:58:29.875] [INFO] [EXEC] STREAM_BUY_CAPACITY active_buys=0 active_sells=0 waiting_streams=20 max_active_buys=10 free_buy_slots=10 batch_size=1
[06:58:30.238] [INFO] [EXEC] STREAM_BUY_PLACED level_id=1 order_id=391385690
[06:58:30.238] [OK] [EXEC] PLACE BUY price=79809.99 qty=0.000180
[06:58:30.243] [INFO] [EXEC] STREAM_PLACEMENT_TICK active_buys=1 active_sells=0 waiting_streams=20 free_buy_slots=10 placed=1
[06:58:30.892] [INFO] [EXEC] STREAM_BUY_FILLED level_id=1
[06:58:30.892] [INFO] GUI_PERF tick_ms=0 logs_visible=False gui_log_mode=OFF append_skipped=452
[06:58:30.892] [OK] [EXEC] CHUNK ADD qty=0.000180 entry=79809.99
[06:58:30.892] [INFO] [EXEC] CHUNK COUNT n=1
[06:58:30.892] [INFO] [EXEC] STREAM_TARGET_USED ticks=28 sell_price=79810.27
[06:58:31.159] [INFO] [EXEC] STREAM_SELL_PLACED stream_id=1 chunk_id=3209824517776 order_id=391385721 price=79810.27 qty=0.000180
[06:58:31.450] [INFO] [EXEC] STREAM_SELL_STATUS stream_id=1 chunk_id=3209824517776 order_id=391385721 status=NEW
[06:58:32.162] [INFO] [EXEC] STREAM_REPAIR_SKIP reason=stream_owned_inventory
[06:58:32.162] [INFO] GUI_PERF tick_ms=0 logs_visible=False gui_log_mode=OFF append_skipped=458
[06:58:32.162] [INFO] [EXEC] STREAM_GLOBAL_SELL_SKIP reason=exit_recovery_inventory_no_sell
[06:58:32.162] [INFO] [EXEC] STREAM_GLOBAL_SELL_SKIP reason=place_sell
[06:58:33.184] [INFO] [EXEC] STREAM_SELL_STATUS stream_id=1 chunk_id=3209824517776 order_id=391385721 status=NEW
[06:58:33.184] [INFO] GUI_PERF tick_ms=0 logs_visible=False gui_log_mode=OFF append_skipped=461
[06:58:34.153] [WARNING] [EXEC] STREAM_SELL_TIMEOUT stream_id=1 chunk_id=3209824517776 order_id=391385721 age_ms=2988 timeout_ms=2800
[06:58:34.519] [INFO] [EXEC] STREAM_SELL_CANCEL_OLD stream_id=1 chunk_id=3209824517776 order_id=391385721
[06:58:34.519] [INFO] GUI_PERF tick_ms=0 logs_visible=False gui_log_mode=OFF append_skipped=463
[06:58:34.519] [INFO] [EXEC] STREAM_STOP_LOSS_BLOCKED_RETRY_AVAILABLE retry_count=0 retry_max=2 stream_id=1 chunk_id=3209824517776 order_id=391385721
[06:58:34.519] [INFO] [EXEC] STREAM_SELL_RETRY_PLACED stream_id=1 chunk_id=3209824517776 prev_order_id=391385721 retry_count=1 price=79810.10 qty=0.000180
[06:58:34.826] [INFO] [EXEC] STREAM_REPAIR_SKIP reason=stream_owned_inventory
[06:58:34.826] [INFO] [EXEC] STREAM_GLOBAL_SELL_SKIP reason=exit_recovery_inventory_no_sell
[06:58:34.826] [INFO] [EXEC] STREAM_GLOBAL_SELL_SKIP reason=place_sell
[06:58:34.826] [INFO] [EXEC] STREAM_STATS_UI cycles=13 wins=12 losses=1 pnl=+0.000117 winrate=92.31%
[06:58:35.500] [INFO] [EXEC] STREAM_SELL_STATUS stream_id=1 chunk_id=3209824517776 order_id=391385847 status=FILLED
[06:58:35.500] [INFO] [EXEC] STREAM_SELL_FILLED stream_id=1 chunk_id=3209824517776 order_id=391385847
[06:58:35.500] [OK] [EXEC] FIFO CLOSE qty=0.000180 entry=79809.99 exit=79810.10 pnl=+0.000020
[06:58:35.500] [INFO] [EXEC] STREAM_PNL stream_id=1 pnl=+0.000020
[06:58:35.500] [INFO] [EXEC] STREAM_RECYCLED level_id=1
[06:58:35.500] [INFO] [EXEC] STREAM_RECYCLED stream_id=1
[06:58:35.500] [INFO] [HEALTH] state=DANGER
[06:58:35.500] [INFO] [EXEC] STREAM_MODE_ACTIVE_SKIP_SINGLE_ENTRY
[06:58:35.500] [INFO] [EXEC] STREAM_BUY_CAPACITY active_buys=0 active_sells=0 waiting_streams=20 max_active_buys=10 free_buy_slots=10 batch_size=1
[06:58:35.766] [INFO] [EXEC] STREAM_BUY_PLACED level_id=1 order_id=391385928
[06:58:35.766] [INFO] GUI_PERF tick_ms=0 logs_visible=False gui_log_mode=OFF append_skipped=479
[06:58:35.766] [OK] [EXEC] PLACE BUY price=79809.99 qty=0.000180
[06:58:35.766] [INFO] [EXEC] STREAM_PLACEMENT_TICK active_buys=1 active_sells=0 waiting_streams=20 free_buy_slots=10 placed=1
[06:58:36.452] [WARNING] [HEALTH] block spread_too_young lifetime=0
[06:58:36.452] [WARNING] [HEALTH] unstable_spread lifetime=0
[06:58:36.460] [INFO] [EXEC] STREAM_BUY_CAPACITY active_buys=1 active_sells=0 waiting_streams=19 max_active_buys=10 free_buy_slots=9 batch_size=1
[06:58:36.724] [INFO] [EXEC] STREAM_BUY_PLACED level_id=2 order_id=391385940
[06:58:36.724] [OK] [EXEC] PLACE BUY price=79809.98 qty=0.000180
[06:58:36.724] [INFO] [EXEC] STREAM_PLACEMENT_TICK active_buys=2 active_sells=0 waiting_streams=19 free_buy_slots=9 placed=1
[06:58:37.887] [INFO] [EXEC] STREAM_BUY_CAPACITY active_buys=2 active_sells=0 waiting_streams=18 max_active_buys=10 free_buy_slots=8 batch_size=1
[06:58:37.903] [INFO] GUI_PERF tick_ms=0 logs_visible=False gui_log_mode=OFF append_skipped=488
[06:58:38.160] [INFO] [EXEC] STREAM_BUY_PLACED level_id=3 order_id=391385970
[06:58:38.160] [OK] [EXEC] PLACE BUY price=79807.89 qty=0.000180
[06:58:38.160] [INFO] [EXEC] STREAM_PLACEMENT_TICK active_buys=3 active_sells=0 waiting_streams=18 free_buy_slots=8 placed=1
[06:58:40.457] [INFO] [EXEC] STREAM_RECYCLED level_id=3
[06:58:40.457] [INFO] GUI_PERF tick_ms=0 logs_visible=False gui_log_mode=OFF append_skipped=492
[06:58:40.457] [INFO] [EXEC] STREAM_BUY_RECENTER old_price=79807.89 new_price=79809.98 distance_ticks=210
[06:58:40.465] [INFO] [EXEC] STREAM_BUY_CAPACITY active_buys=2 active_sells=0 waiting_streams=18 max_active_buys=10 free_buy_slots=8 batch_size=1
[06:58:40.763] [INFO] [EXEC] STREAM_BUY_PLACED level_id=3 order_id=391385979
[06:58:40.763] [OK] [EXEC] PLACE BUY price=79809.98 qty=0.000180
[06:58:40.771] [INFO] [EXEC] STREAM_PLACEMENT_TICK active_buys=3 active_sells=0 waiting_streams=18 free_buy_slots=8 placed=1
[06:58:40.771] [INFO] [EXEC] STREAM_STATS_UI cycles=14 wins=13 losses=1 pnl=+0.000137 winrate=92.86%
[06:58:42.190] [INFO] [HEALTH] state=GOOD
[06:58:42.190] [INFO] GUI_PERF tick_ms=0 logs_visible=False gui_log_mode=OFF append_skipped=499
[06:58:42.190] [INFO] [EXEC] STREAM_MODE_ACTIVE_SKIP_SINGLE_ENTRY
[06:58:42.190] [INFO] [EXEC] STREAM_BUY_CAPACITY active_buys=3 active_sells=0 waiting_streams=17 max_active_buys=10 free_buy_slots=7 batch_size=1
[06:58:42.505] [INFO] [EXEC] STREAM_BUY_PLACED level_id=4 order_id=391386012
[06:58:42.505] [OK] [EXEC] PLACE BUY price=79807.90 qty=0.000180
[06:58:42.505] [INFO] [EXEC] STREAM_PLACEMENT_TICK active_buys=4 active_sells=0 waiting_streams=17 free_buy_slots=7 placed=1
[06:58:44.606] [INFO] [EXEC] STREAM_RECYCLED level_id=4
[06:58:44.606] [INFO] GUI_PERF tick_ms=0 logs_visible=False gui_log_mode=OFF append_skipped=505
[06:58:44.621] [INFO] [EXEC] STREAM_BUY_RECENTER old_price=79807.90 new_price=79810.56 distance_ticks=267
[06:58:44.621] [INFO] [EXEC] STREAM_BUY_CAPACITY active_buys=3 active_sells=0 waiting_streams=17 max_active_buys=10 free_buy_slots=7 batch_size=1
[06:58:44.883] [INFO] [EXEC] STREAM_BUY_PLACED level_id=4 order_id=391386016
[06:58:44.883] [OK] [EXEC] PLACE BUY price=79810.56 qty=0.000180
[06:58:44.883] [INFO] [EXEC] STREAM_PLACEMENT_TICK active_buys=4 active_sells=0 waiting_streams=17 free_buy_slots=7 placed=1
[06:58:46.669] [INFO] [EXEC] STREAM_MODE_ACTIVE_SKIP_SINGLE_ENTRY
[06:58:46.669] [INFO] GUI_PERF tick_ms=0 logs_visible=False gui_log_mode=OFF append_skipped=511
[06:58:46.669] [INFO] [EXEC] STREAM_BUY_CAPACITY active_buys=4 active_sells=0 waiting_streams=16 max_active_buys=10 free_buy_slots=6 batch_size=1
[06:58:46.943] [INFO] [EXEC] STREAM_BUY_PLACED level_id=5 order_id=391386051
[06:58:46.943] [OK] [EXEC] PLACE BUY price=79803.26 qty=0.000180
[06:58:46.943] [INFO] [EXEC] STREAM_PLACEMENT_TICK active_buys=5 active_sells=0 waiting_streams=16 free_buy_slots=6 placed=1
[06:58:46.943] [INFO] [EXEC] STREAM_STATS_UI cycles=14 wins=13 losses=1 pnl=+0.000137 winrate=92.86%
[06:58:49.257] [INFO] [EXEC] STREAM_RECYCLED level_id=5
[06:58:49.257] [INFO] GUI_PERF tick_ms=0 logs_visible=False gui_log_mode=OFF append_skipped=517
[06:58:49.257] [INFO] [EXEC] STREAM_BUY_RECENTER old_price=79803.26 new_price=79810.85 distance_ticks=760
[06:58:49.260] [INFO] [HEALTH] state=GOOD
[06:58:49.260] [INFO] [EXEC] STREAM_BUY_CAPACITY active_buys=4 active_sells=0 waiting_streams=16 max_active_buys=10 free_buy_slots=6 batch_size=1
[06:58:49.523] [INFO] [EXEC] STREAM_BUY_PLACED level_id=5 order_id=391386070
[06:58:49.523] [OK] [EXEC] PLACE BUY price=79810.85 qty=0.000180
[06:58:49.523] [INFO] [EXEC] STREAM_PLACEMENT_TICK active_buys=5 active_sells=0 waiting_streams=16 free_buy_slots=6 placed=1
[06:58:51.982] [INFO] [EXEC] STREAM_MODE_ACTIVE_SKIP_SINGLE_ENTRY
[06:58:51.982] [INFO] GUI_PERF tick_ms=0 logs_visible=False gui_log_mode=OFF append_skipped=524
[06:58:51.982] [INFO] [EXEC] STREAM_BUY_CAPACITY active_buys=5 active_sells=0 waiting_streams=15 max_active_buys=10 free_buy_slots=5 batch_size=1
[06:58:52.247] [INFO] [EXEC] STREAM_BUY_PLACED level_id=6 order_id=391386169
[06:58:52.247] [OK] [EXEC] PLACE BUY price=79803.20 qty=0.000180
[06:58:52.247] [INFO] [EXEC] STREAM_PLACEMENT_TICK active_buys=6 active_sells=0 waiting_streams=15 free_buy_slots=5 placed=1
[06:58:52.544] [INFO] [EXEC] STREAM_STATS_UI cycles=14 wins=13 losses=1 pnl=+0.000137 winrate=92.86%
[06:58:53.860] [INFO] [EXEC] STREAM_RECYCLED level_id=1
[06:58:53.860] [INFO] GUI_PERF tick_ms=0 logs_visible=False gui_log_mode=OFF append_skipped=530
[06:58:53.860] [INFO] [EXEC] STREAM_BUY_RECENTER old_price=79809.99 new_price=79813.71 distance_ticks=373
[06:58:55.452] [INFO] [HEALTH] state=GOOD
[06:58:55.452] [INFO] GUI_PERF tick_ms=0 logs_visible=False gui_log_mode=OFF append_skipped=532
[06:58:55.452] [INFO] [EXEC] STREAM_BUY_CAPACITY active_buys=5 active_sells=0 waiting_streams=15 max_active_buys=10 free_buy_slots=5 batch_size=1
[06:58:55.718] [INFO] [EXEC] STREAM_BUY_PLACED level_id=1 order_id=391386206
[06:58:55.718] [OK] [EXEC] PLACE BUY price=79813.71 qty=0.000180
[06:58:55.718] [INFO] [EXEC] STREAM_PLACEMENT_TICK active_buys=6 active_sells=0 waiting_streams=15 free_buy_slots=5 placed=1
[06:58:57.435] [INFO] [EXEC] STREAM_RECYCLED level_id=2
[06:58:57.451] [INFO] GUI_PERF tick_ms=0 logs_visible=False gui_log_mode=OFF append_skipped=537
[06:58:57.451] [INFO] [EXEC] STREAM_BUY_RECENTER old_price=79809.98 new_price=79813.71 distance_ticks=374
[06:58:58.982] [INFO] [EXEC] STREAM_MODE_ACTIVE_SKIP_SINGLE_ENTRY
[06:58:58.982] [INFO] GUI_PERF tick_ms=0 logs_visible=False gui_log_mode=OFF append_skipped=539
[06:58:58.982] [INFO] [EXEC] STREAM_BUY_CAPACITY active_buys=5 active_sells=0 waiting_streams=15 max_active_buys=10 free_buy_slots=5 batch_size=1
[06:58:59.248] [INFO] [EXEC] STREAM_BUY_PLACED level_id=2 order_id=391386223
[06:58:59.248] [OK] [EXEC] PLACE BUY price=79813.71 qty=0.000180
[06:58:59.248] [INFO] [EXEC] STREAM_PLACEMENT_TICK active_buys=6 active_sells=0 waiting_streams=15 free_buy_slots=5 placed=1
[06:58:59.248] [INFO] [EXEC] STREAM_STATS_UI cycles=14 wins=13 losses=1 pnl=+0.000137 winrate=92.86%
[06:59:00.925] [INFO] [EXEC] STREAM_RECYCLED level_id=3
[06:59:00.925] [INFO] GUI_PERF tick_ms=0 logs_visible=False gui_log_mode=OFF append_skipped=545
[06:59:00.925] [INFO] [EXEC] STREAM_BUY_RECENTER old_price=79809.98 new_price=79813.71 distance_ticks=374
[06:59:01.808] [INFO] [HEALTH] state=GOOD
[06:59:01.808] [INFO] [EXEC] STREAM_BUY_CAPACITY active_buys=5 active_sells=0 waiting_streams=15 max_active_buys=10 free_buy_slots=5 batch_size=1
[06:59:02.150] [INFO] [EXEC] STREAM_BUY_PLACED level_id=3 order_id=391386271
[06:59:02.150] [INFO] GUI_PERF tick_ms=0 logs_visible=False gui_log_mode=OFF append_skipped=549
[06:59:02.154] [OK] [EXEC] PLACE BUY price=79813.71 qty=0.000180
[06:59:02.154] [INFO] [EXEC] STREAM_PLACEMENT_TICK active_buys=6 active_sells=0 waiting_streams=15 free_buy_slots=5 placed=1
[06:59:03.173] [INFO] [EXEC] STREAM_BUY_FILLED level_id=1
[06:59:03.173] [INFO] GUI_PERF tick_ms=0 logs_visible=False gui_log_mode=OFF append_skipped=552
[06:59:03.173] [OK] [EXEC] CHUNK ADD qty=0.000180 entry=79813.71
[06:59:03.173] [INFO] [EXEC] CHUNK COUNT n=1
[06:59:03.173] [INFO] [EXEC] STREAM_TARGET_USED ticks=28 sell_price=79813.99
[06:59:03.439] [INFO] [EXEC] STREAM_SELL_PLACED stream_id=1 chunk_id=3209824596960 order_id=391386331 price=79813.99 qty=0.000180
[06:59:03.711] [INFO] [EXEC] STREAM_BUY_FILLED level_id=2
[06:59:03.711] [OK] [EXEC] CHUNK ADD qty=0.000180 entry=79813.71
[06:59:03.711] [INFO] [EXEC] CHUNK COUNT n=2
[06:59:03.711] [INFO] [EXEC] STREAM_TARGET_USED ticks=28 sell_price=79813.99
[06:59:03.972] [INFO] [EXEC] STREAM_SELL_PLACED stream_id=2 chunk_id=3209824593408 order_id=391386341 price=79813.99 qty=0.000180
[06:59:04.238] [INFO] [EXEC] STREAM_BUY_FILLED level_id=3
[06:59:04.240] [INFO] GUI_PERF tick_ms=0 logs_visible=False gui_log_mode=OFF append_skipped=562
[06:59:04.241] [OK] [EXEC] CHUNK ADD qty=0.000180 entry=79813.71
[06:59:04.241] [INFO] [EXEC] CHUNK COUNT n=3
[06:59:04.241] [INFO] [EXEC] STREAM_TARGET_USED ticks=28 sell_price=79813.99
[06:59:04.507] [INFO] [EXEC] STREAM_SELL_PLACED stream_id=3 chunk_id=3209824598688 order_id=391386353 price=79813.99 qty=0.000180
[06:59:05.730] [INFO] [EXEC] STREAM_RECYCLED level_id=6
[06:59:05.730] [INFO] GUI_PERF tick_ms=0 logs_visible=False gui_log_mode=OFF append_skipped=567
[06:59:05.730] [INFO] [EXEC] STREAM_BUY_RECENTER old_price=79803.20 new_price=79810.85 distance_ticks=766
[06:59:06.043] [INFO] [EXEC] STREAM_SELL_STATUS stream_id=1 chunk_id=3209824596960 order_id=391386331 status=FILLED
[06:59:06.043] [INFO] [EXEC] STREAM_SELL_FILLED stream_id=1 chunk_id=3209824596960 order_id=391386331
[06:59:06.043] [OK] [EXEC] FIFO CLOSE qty=0.000180 entry=79813.71 exit=79813.99 pnl=+0.000050
[06:59:06.043] [INFO] [EXEC] STREAM_PNL stream_id=1 pnl=+0.000050
[06:59:06.043] [INFO] [EXEC] STREAM_RECYCLED level_id=1
[06:59:06.043] [INFO] [EXEC] STREAM_RECYCLED stream_id=1
[06:59:06.341] [INFO] [EXEC] STREAM_SELL_STATUS stream_id=2 chunk_id=3209824593408 order_id=391386341 status=FILLED
[06:59:06.349] [INFO] [EXEC] STREAM_SELL_FILLED stream_id=2 chunk_id=3209824593408 order_id=391386341
[06:59:06.349] [OK] [EXEC] FIFO CLOSE qty=0.000180 entry=79813.71 exit=79813.99 pnl=+0.000050
[06:59:06.349] [INFO] [EXEC] STREAM_PNL stream_id=2 pnl=+0.000050
[06:59:06.349] [INFO] [EXEC] STREAM_RECYCLED level_id=2
[06:59:06.349] [INFO] [EXEC] STREAM_RECYCLED stream_id=2
[06:59:06.656] [INFO] [EXEC] STREAM_SELL_STATUS stream_id=3 chunk_id=3209824598688 order_id=391386353 status=FILLED
[06:59:06.656] [INFO] [EXEC] STREAM_SELL_FILLED stream_id=3 chunk_id=3209824598688 order_id=391386353
[06:59:06.656] [OK] [EXEC] FIFO CLOSE qty=0.000180 entry=79813.71 exit=79813.99 pnl=+0.000050
[06:59:06.656] [INFO] [EXEC] STREAM_PNL stream_id=3 pnl=+0.000050
[06:59:06.656] [INFO] [EXEC] STREAM_RECYCLED level_id=3
[06:59:06.656] [INFO] [EXEC] STREAM_RECYCLED stream_id=3
[06:59:06.656] [INFO] [EXEC] STREAM_MODE_ACTIVE_SKIP_SINGLE_ENTRY
[06:59:06.656] [INFO] [EXEC] STREAM_BUY_CAPACITY active_buys=2 active_sells=0 waiting_streams=18 max_active_buys=10 free_buy_slots=8 batch_size=1
[06:59:06.918] [INFO] [EXEC] STREAM_BUY_PLACED level_id=1 order_id=391386364
[06:59:06.918] [INFO] GUI_PERF tick_ms=0 logs_visible=False gui_log_mode=OFF append_skipped=589
[06:59:06.918] [OK] [EXEC] PLACE BUY price=79813.71 qty=0.000180
[06:59:06.918] [INFO] [EXEC] STREAM_PLACEMENT_TICK active_buys=3 active_sells=0 waiting_streams=18 free_buy_slots=8 placed=1
[06:59:06.918] [INFO] [EXEC] STREAM_STATS_UI cycles=17 wins=16 losses=1 pnl=+0.000288 winrate=94.12%
[06:59:07.582] [INFO] [EXEC] STREAM_BUY_FILLED level_id=1
[06:59:07.582] [OK] [EXEC] CHUNK ADD qty=0.000180 entry=79813.71
[06:59:07.582] [INFO] [EXEC] CHUNK COUNT n=1
[06:59:07.582] [INFO] [EXEC] STREAM_TARGET_USED ticks=28 sell_price=79813.99
[06:59:07.839] [INFO] [EXEC] STREAM_SELL_PLACED stream_id=1 chunk_id=3209804048016 order_id=391386413 price=79813.99 qty=0.000180
[06:59:08.179] [INFO] [EXEC] STREAM_BUY_FILLED level_id=4
[06:59:08.179] [INFO] GUI_PERF tick_ms=0 logs_visible=False gui_log_mode=OFF append_skipped=598
[06:59:08.179] [OK] [EXEC] CHUNK ADD qty=0.000180 entry=79810.56
[06:59:08.194] [INFO] [EXEC] CHUNK COUNT n=2
[06:59:08.194] [INFO] [EXEC] STREAM_TARGET_USED ticks=28 sell_price=79810.84
[06:59:08.453] [INFO] [EXEC] STREAM_SELL_PLACED stream_id=4 chunk_id=3209824517392 order_id=391386423 price=79810.84 qty=0.000180
[06:59:08.723] [INFO] [EXEC] STREAM_BUY_FILLED level_id=5
[06:59:08.723] [OK] [EXEC] CHUNK ADD qty=0.000180 entry=79810.85
[06:59:08.723] [INFO] [EXEC] CHUNK COUNT n=3
[06:59:08.723] [INFO] [EXEC] STREAM_TARGET_USED ticks=28 sell_price=79811.13
[06:59:09.449] [INFO] [EXEC] STREAM_SELL_PLACED stream_id=5 chunk_id=3209824584240 order_id=391386427 price=79811.13 qty=0.000180
[06:59:09.465] [INFO] GUI_PERF tick_ms=0 logs_visible=False gui_log_mode=OFF append_skipped=607
[06:59:09.731] [INFO] [EXEC] STREAM_SELL_STATUS stream_id=1 chunk_id=3209804048016 order_id=391386413 status=NEW
[06:59:09.983] [INFO] [EXEC] STREAM_SELL_STATUS stream_id=4 chunk_id=3209824517392 order_id=391386423 status=FILLED
[06:59:09.983] [INFO] [EXEC] STREAM_SELL_FILLED stream_id=4 chunk_id=3209824517392 order_id=391386423
[06:59:09.983] [OK] [EXEC] FIFO CLOSE qty=0.000180 entry=79810.56 exit=79810.84 pnl=+0.000050
[06:59:09.983] [INFO] [EXEC] STREAM_PNL stream_id=4 pnl=+0.000050
[06:59:09.983] [INFO] [EXEC] STREAM_RECYCLED level_id=4
[06:59:09.983] [INFO] [EXEC] STREAM_RECYCLED stream_id=4
[06:59:10.752] [INFO] [EXEC] STREAM_SELL_STATUS stream_id=5 chunk_id=3209824584240 order_id=391386427 status=FILLED
[06:59:10.752] [INFO] GUI_PERF tick_ms=0 logs_visible=False gui_log_mode=OFF append_skipped=615
[06:59:10.752] [INFO] [EXEC] STREAM_SELL_FILLED stream_id=5 chunk_id=3209824584240 order_id=391386427
[06:59:10.752] [OK] [EXEC] FIFO CLOSE qty=0.000180 entry=79810.85 exit=79811.13 pnl=+0.000050
[06:59:10.752] [INFO] [EXEC] STREAM_PNL stream_id=5 pnl=+0.000050
[06:59:10.752] [INFO] [EXEC] STREAM_RECYCLED level_id=5
[06:59:10.752] [INFO] [EXEC] STREAM_RECYCLED stream_id=5
[06:59:10.752] [INFO] [EXEC] STREAM_REPAIR_SKIP reason=stream_owned_inventory
[06:59:10.752] [INFO] [EXEC] STREAM_GLOBAL_SELL_SKIP reason=exit_recovery_inventory_no_sell
[06:59:10.752] [INFO] [EXEC] STREAM_GLOBAL_SELL_SKIP reason=place_sell
[06:59:12.104] [INFO] [EXEC] STREAM_SELL_STATUS stream_id=1 chunk_id=3209804048016 order_id=391386413 status=NEW
[06:59:12.104] [INFO] GUI_PERF tick_ms=0 logs_visible=False gui_log_mode=OFF append_skipped=624
[06:59:12.104] [WARNING] [EXEC] STREAM_SELL_TIMEOUT stream_id=1 chunk_id=3209804048016 order_id=391386413 age_ms=4038 timeout_ms=2800
[06:59:12.392] [INFO] [EXEC] STREAM_SELL_CANCEL_OLD stream_id=1 chunk_id=3209804048016 order_id=391386413
[06:59:12.392] [INFO] [EXEC] STREAM_STOP_LOSS_BLOCKED_RETRY_AVAILABLE retry_count=0 retry_max=2 stream_id=1 chunk_id=3209804048016 order_id=391386413
[06:59:12.392] [INFO] [EXEC] STREAM_SELL_RETRY_PLACED stream_id=1 chunk_id=3209804048016 prev_order_id=391386413 retry_count=1 price=79813.95 qty=0.000180
[06:59:13.002] [INFO] [EXEC] STREAM_STATS_UI cycles=19 wins=18 losses=1 pnl=+0.000389 winrate=94.74%
[06:59:13.686] [INFO] [EXEC] STREAM_SELL_STATUS stream_id=1 chunk_id=3209804048016 order_id=391386481 status=NEW
[06:59:13.686] [INFO] GUI_PERF tick_ms=0 logs_visible=False gui_log_mode=OFF append_skipped=630
[06:59:13.686] [INFO] [EXEC] STREAM_REPAIR_SKIP reason=stream_owned_inventory
[06:59:13.686] [INFO] [EXEC] STREAM_GLOBAL_SELL_SKIP reason=exit_recovery_inventory_no_sell
[06:59:13.686] [INFO] [EXEC] STREAM_GLOBAL_SELL_SKIP reason=place_sell
[06:59:14.641] [INFO] [EXEC] STREAM_SELL_STATUS stream_id=1 chunk_id=3209804048016 order_id=391386481 status=NEW
[06:59:14.641] [WARNING] [EXEC] STREAM_SELL_TIMEOUT stream_id=1 chunk_id=3209804048016 order_id=391386481 age_ms=2923 timeout_ms=2800
[06:59:15.455] [INFO] [EXEC] STREAM_SELL_CANCEL_OLD stream_id=1 chunk_id=3209804048016 order_id=391386481
[06:59:15.455] [INFO] GUI_PERF tick_ms=0 logs_visible=False gui_log_mode=OFF append_skipped=636
[06:59:15.455] [INFO] [EXEC] STREAM_STOP_LOSS_BLOCKED_RETRY_AVAILABLE retry_count=1 retry_max=2 stream_id=1 chunk_id=3209804048016 order_id=391386481
[06:59:15.455] [INFO] [EXEC] STREAM_SELL_RETRY_PLACED stream_id=1 chunk_id=3209804048016 prev_order_id=391386481 retry_count=2 price=79813.91 qty=0.000180
[06:59:16.780] [INFO] [EXEC] STREAM_SELL_STATUS stream_id=1 chunk_id=3209804048016 order_id=391386533 status=NEW
[06:59:16.780] [INFO] GUI_PERF tick_ms=0 logs_visible=False gui_log_mode=OFF append_skipped=639
[06:59:16.780] [INFO] [EXEC] STREAM_REPAIR_SKIP reason=stream_owned_inventory
[06:59:16.780] [INFO] [EXEC] STREAM_GLOBAL_SELL_SKIP reason=exit_recovery_inventory_no_sell
[06:59:16.780] [INFO] [EXEC] STREAM_GLOBAL_SELL_SKIP reason=place_sell
[06:59:17.470] [INFO] [EXEC] STREAM_SELL_STATUS stream_id=1 chunk_id=3209804048016 order_id=391386533 status=NEW
[06:59:17.470] [WARNING] [EXEC] STREAM_SELL_TIMEOUT stream_id=1 chunk_id=3209804048016 order_id=391386533 age_ms=2925 timeout_ms=2800
[06:59:17.810] [INFO] [EXEC] STREAM_SELL_CANCEL_OLD stream_id=1 chunk_id=3209804048016 order_id=391386533
[06:59:17.810] [INFO] GUI_PERF tick_ms=0 logs_visible=False gui_log_mode=OFF append_skipped=645
[06:59:17.810] [WARNING] [EXEC] STREAM_STOP_LOSS_EXIT stream_id=1 chunk_id=3209804048016 order_id=391386533 stop_price=79811.50 retry_count=2 retry_max=2
[06:59:18.730] [INFO] [EXEC] STREAM_SELL_STATUS stream_id=1 chunk_id=3209804048016 order_id=391386566 status=NEW
[06:59:18.730] [INFO] [EXEC] STREAM_STATS_UI cycles=19 wins=18 losses=1 pnl=+0.000389 winrate=94.74%
[06:59:19.548] [INFO] [EXEC] STREAM_SELL_STATUS stream_id=1 chunk_id=3209804048016 order_id=391386566 status=NEW
[06:59:19.548] [INFO] GUI_PERF tick_ms=0 logs_visible=False gui_log_mode=OFF append_skipped=649
[06:59:19.548] [INFO] [EXEC] STREAM_REPAIR_SKIP reason=stream_owned_inventory
[06:59:19.548] [INFO] [EXEC] STREAM_GLOBAL_SELL_SKIP reason=exit_recovery_inventory_no_sell
[06:59:19.548] [INFO] [EXEC] STREAM_GLOBAL_SELL_SKIP reason=place_sell
[06:59:20.730] [INFO] [EXEC] STREAM_SELL_STATUS stream_id=1 chunk_id=3209804048016 order_id=391386566 status=NEW
[06:59:20.730] [INFO] GUI_PERF tick_ms=0 logs_visible=False gui_log_mode=OFF append_skipped=653
[06:59:20.730] [WARNING] [EXEC] STREAM_SELL_TIMEOUT stream_id=1 chunk_id=3209804048016 order_id=391386566 age_ms=3255 timeout_ms=2800
[06:59:21.001] [INFO] [EXEC] STREAM_SELL_CANCEL_OLD stream_id=1 chunk_id=3209804048016 order_id=391386566
[06:59:21.001] [WARNING] [EXEC] STREAM_STOP_LOSS_EXIT stream_id=1 chunk_id=3209804048016 order_id=391386566 stop_price=79811.50 retry_count=2 retry_max=2
[06:59:21.901] [INFO] [EXEC] STREAM_SELL_STATUS stream_id=1 chunk_id=3209804048016 order_id=391386628 status=NEW
[06:59:21.901] [INFO] GUI_PERF tick_ms=0 logs_visible=False gui_log_mode=OFF append_skipped=657
[06:59:22.621] [INFO] [EXEC] STREAM_REPAIR_SKIP reason=stream_owned_inventory
[06:59:22.621] [INFO] [EXEC] STREAM_GLOBAL_SELL_SKIP reason=exit_recovery_inventory_no_sell
[06:59:22.621] [INFO] [EXEC] STREAM_GLOBAL_SELL_SKIP reason=place_sell
[06:59:23.440] [INFO] [EXEC] STREAM_SELL_STATUS stream_id=1 chunk_id=3209804048016 order_id=391386628 status=NEW
[06:59:23.440] [INFO] GUI_PERF tick_ms=0 logs_visible=False gui_log_mode=OFF append_skipped=661
[06:59:24.154] [WARNING] [EXEC] STREAM_SELL_TIMEOUT stream_id=1 chunk_id=3209804048016 order_id=391386628 age_ms=3322 timeout_ms=2800
[06:59:24.459] [INFO] [EXEC] STREAM_SELL_CANCEL_OLD stream_id=1 chunk_id=3209804048016 order_id=391386628
[06:59:24.459] [INFO] GUI_PERF tick_ms=0 logs_visible=False gui_log_mode=OFF append_skipped=663
[06:59:24.459] [WARNING] [EXEC] STREAM_STOP_LOSS_EXIT stream_id=1 chunk_id=3209804048016 order_id=391386628 stop_price=79811.50 retry_count=2 retry_max=2
[06:59:25.794] [INFO] [EXEC] STREAM_SELL_STATUS stream_id=1 chunk_id=3209804048016 order_id=391386665 status=NEW
[06:59:25.794] [INFO] GUI_PERF tick_ms=0 logs_visible=False gui_log_mode=OFF append_skipped=665
[06:59:25.794] [INFO] [EXEC] STREAM_REPAIR_SKIP reason=stream_owned_inventory
[06:59:25.794] [INFO] [EXEC] STREAM_GLOBAL_SELL_SKIP reason=exit_recovery_inventory_no_sell
[06:59:25.794] [INFO] [EXEC] STREAM_GLOBAL_SELL_SKIP reason=place_sell
[06:59:25.794] [INFO] [EXEC] STREAM_STATS_UI cycles=19 wins=18 losses=1 pnl=+0.000389 winrate=94.74%
[06:59:26.812] [INFO] [EXEC] STREAM_SELL_STATUS stream_id=1 chunk_id=3209804048016 order_id=391386665 status=NEW
[06:59:26.815] [INFO] GUI_PERF tick_ms=0 logs_visible=False gui_log_mode=OFF append_skipped=670
[06:59:27.424] [WARNING] [EXEC] STREAM_SELL_TIMEOUT stream_id=1 chunk_id=3209804048016 order_id=391386665 age_ms=3335 timeout_ms=2800
[06:59:27.698] [INFO] [EXEC] STREAM_SELL_CANCEL_OLD stream_id=1 chunk_id=3209804048016 order_id=391386665
[06:59:27.698] [WARNING] [EXEC] STREAM_STOP_LOSS_EXIT stream_id=1 chunk_id=3209804048016 order_id=391386665 stop_price=79811.50 retry_count=2 retry_max=2
[06:59:28.651] [INFO] [EXEC] STREAM_SELL_STATUS stream_id=1 chunk_id=3209804048016 order_id=391386693 status=NEW
[06:59:28.651] [INFO] GUI_PERF tick_ms=0 logs_visible=False gui_log_mode=OFF append_skipped=674
[06:59:28.659] [INFO] [EXEC] STREAM_REPAIR_SKIP reason=stream_owned_inventory
[06:59:28.659] [INFO] [EXEC] STREAM_GLOBAL_SELL_SKIP reason=exit_recovery_inventory_no_sell
[06:59:28.659] [INFO] [EXEC] STREAM_GLOBAL_SELL_SKIP reason=place_sell
[06:59:29.419] [INFO] [EXEC] STREAM_SELL_STATUS stream_id=1 chunk_id=3209804048016 order_id=391386693 status=NEW
[06:59:30.249] [WARNING] [EXEC] STREAM_SELL_TIMEOUT stream_id=1 chunk_id=3209804048016 order_id=391386693 age_ms=2861 timeout_ms=2800
[06:59:30.249] [INFO] GUI_PERF tick_ms=0 logs_visible=False gui_log_mode=OFF append_skipped=679
[06:59:30.597] [INFO] [EXEC] STREAM_SELL_CANCEL_OLD stream_id=1 chunk_id=3209804048016 order_id=391386693
[06:59:30.597] [WARNING] [EXEC] STREAM_STOP_LOSS_EXIT stream_id=1 chunk_id=3209804048016 order_id=391386693 stop_price=79811.50 retry_count=2 retry_max=2
[06:59:30.906] [INFO] [EXEC] STREAM_STATS_UI cycles=19 wins=18 losses=1 pnl=+0.000389 winrate=94.74%
[06:59:31.919] [INFO] [EXEC] STREAM_SELL_STATUS stream_id=1 chunk_id=3209804048016 order_id=391386728 status=NEW
[06:59:31.919] [INFO] GUI_PERF tick_ms=0 logs_visible=False gui_log_mode=OFF append_skipped=683
[06:59:31.919] [INFO] [EXEC] STREAM_REPAIR_SKIP reason=stream_owned_inventory
[06:59:31.919] [INFO] [EXEC] STREAM_GLOBAL_SELL_SKIP reason=exit_recovery_inventory_no_sell
[06:59:31.919] [INFO] [EXEC] STREAM_GLOBAL_SELL_SKIP reason=place_sell
[06:59:33.308] [INFO] [EXEC] STREAM_SELL_STATUS stream_id=1 chunk_id=3209804048016 order_id=391386728 status=NEW
[06:59:33.308] [INFO] GUI_PERF tick_ms=0 logs_visible=False gui_log_mode=OFF append_skipped=687
[06:59:33.316] [WARNING] [EXEC] STREAM_SELL_TIMEOUT stream_id=1 chunk_id=3209804048016 order_id=391386728 age_ms=3061 timeout_ms=2800
[06:59:33.568] [INFO] [EXEC] STREAM_SELL_CANCEL_OLD stream_id=1 chunk_id=3209804048016 order_id=391386728
[06:59:33.568] [WARNING] [EXEC] STREAM_STOP_LOSS_EXIT stream_id=1 chunk_id=3209804048016 order_id=391386728 stop_price=79811.50 retry_count=2 retry_max=2
[06:59:34.700] [INFO] [EXEC] STREAM_SELL_STATUS stream_id=1 chunk_id=3209804048016 order_id=391386740 status=NEW
[06:59:34.700] [INFO] GUI_PERF tick_ms=0 logs_visible=False gui_log_mode=OFF append_skipped=691
[06:59:34.700] [INFO] [EXEC] STREAM_REPAIR_SKIP reason=stream_owned_inventory
[06:59:34.700] [INFO] [EXEC] STREAM_GLOBAL_SELL_SKIP reason=exit_recovery_inventory_no_sell
[06:59:34.700] [INFO] [EXEC] STREAM_GLOBAL_SELL_SKIP reason=place_sell
[06:59:35.511] [INFO] [EXEC] STREAM_SELL_STATUS stream_id=1 chunk_id=3209804048016 order_id=391386740 status=NEW
[06:59:36.227] [WARNING] [EXEC] STREAM_SELL_TIMEOUT stream_id=1 chunk_id=3209804048016 order_id=391386740 age_ms=2914 timeout_ms=2800
[06:59:36.229] [INFO] GUI_PERF tick_ms=0 logs_visible=False gui_log_mode=OFF append_skipped=696
[06:59:36.498] [INFO] [EXEC] STREAM_SELL_CANCEL_OLD stream_id=1 chunk_id=3209804048016 order_id=391386740
[06:59:36.498] [WARNING] [EXEC] STREAM_STOP_LOSS_EXIT stream_id=1 chunk_id=3209804048016 order_id=391386740 stop_price=79811.50 retry_count=2 retry_max=2
[06:59:37.501] [INFO] [EXEC] STREAM_SELL_STATUS stream_id=1 chunk_id=3209804048016 order_id=391386820 status=NEW
[06:59:37.517] [INFO] GUI_PERF tick_ms=0 logs_visible=False gui_log_mode=OFF append_skipped=699
[06:59:37.517] [INFO] [EXEC] STREAM_REPAIR_SKIP reason=stream_owned_inventory
[06:59:37.517] [INFO] [EXEC] STREAM_GLOBAL_SELL_SKIP reason=exit_recovery_inventory_no_sell
[06:59:37.517] [INFO] [EXEC] STREAM_GLOBAL_SELL_SKIP reason=place_sell
[06:59:37.517] [INFO] [EXEC] STREAM_STATS_UI cycles=19 wins=18 losses=1 pnl=+0.000389 winrate=94.74%
[06:59:38.275] [INFO] [EXEC] STREAM_SELL_STATUS stream_id=1 chunk_id=3209804048016 order_id=391386820 status=NEW
[06:59:39.250] [WARNING] [EXEC] STREAM_SELL_TIMEOUT stream_id=1 chunk_id=3209804048016 order_id=391386820 age_ms=3021 timeout_ms=2800
[06:59:39.250] [INFO] GUI_PERF tick_ms=0 logs_visible=False gui_log_mode=OFF append_skipped=705
[06:59:39.919] [INFO] [EXEC] STREAM_SELL_CANCEL_OLD stream_id=1 chunk_id=3209804048016 order_id=391386820
[06:59:39.919] [WARNING] [EXEC] STREAM_STOP_LOSS_EXIT stream_id=1 chunk_id=3209804048016 order_id=391386820 stop_price=79811.50 retry_count=2 retry_max=2
[06:59:40.174] [INFO] [EXEC] STREAM_REPAIR_SKIP reason=stream_owned_inventory
[06:59:40.174] [INFO] [EXEC] STREAM_GLOBAL_SELL_SKIP reason=exit_recovery_inventory_no_sell
[06:59:40.174] [INFO] [EXEC] STREAM_GLOBAL_SELL_SKIP reason=place_sell
[06:59:41.039] [INFO] [EXEC] STREAM_SELL_STATUS stream_id=1 chunk_id=3209804048016 order_id=391386926 status=NEW
[06:59:41.039] [INFO] GUI_PERF tick_ms=0 logs_visible=False gui_log_mode=OFF append_skipped=711
[06:59:42.620] [WARNING] [EXEC] STREAM_SELL_TIMEOUT stream_id=1 chunk_id=3209804048016 order_id=391386926 age_ms=3381 timeout_ms=2800
[06:59:42.620] [INFO] GUI_PERF tick_ms=0 logs_visible=False gui_log_mode=OFF append_skipped=712
[06:59:42.980] [INFO] [EXEC] STREAM_SELL_CANCEL_OLD stream_id=1 chunk_id=3209804048016 order_id=391386926
[06:59:42.980] [WARNING] [EXEC] STREAM_STOP_LOSS_EXIT stream_id=1 chunk_id=3209804048016 order_id=391386926 stop_price=79811.50 retry_count=2 retry_max=2
[06:59:43.287] [INFO] [EXEC] STREAM_REPAIR_SKIP reason=stream_owned_inventory
[06:59:43.287] [INFO] [EXEC] STREAM_GLOBAL_SELL_SKIP reason=exit_recovery_inventory_no_sell
[06:59:43.295] [INFO] [EXEC] STREAM_GLOBAL_SELL_SKIP reason=place_sell
[06:59:43.295] [INFO] [EXEC] STREAM_STATS_UI cycles=19 wins=18 losses=1 pnl=+0.000389 winrate=94.74%
[06:59:44.482] [INFO] [EXEC] STREAM_SELL_STATUS stream_id=1 chunk_id=3209804048016 order_id=391387087 status=NEW
[06:59:44.482] [INFO] GUI_PERF tick_ms=0 logs_visible=False gui_log_mode=OFF append_skipped=719
[06:59:45.625] [WARNING] [EXEC] STREAM_SELL_TIMEOUT stream_id=1 chunk_id=3209804048016 order_id=391387087 age_ms=2978 timeout_ms=2800
[06:59:45.625] [INFO] GUI_PERF tick_ms=0 logs_visible=False gui_log_mode=OFF append_skipped=720
[06:59:45.888] [INFO] [EXEC] STREAM_SELL_CANCEL_OLD stream_id=1 chunk_id=3209804048016 order_id=391387087
[06:59:45.888] [WARNING] [EXEC] STREAM_STOP_LOSS_EXIT stream_id=1 chunk_id=3209804048016 order_id=391387087 stop_price=79811.50 retry_count=2 retry_max=2
[06:59:46.299] [INFO] [EXEC] STREAM_REPAIR_SKIP reason=stream_owned_inventory
[06:59:46.299] [INFO] [EXEC] STREAM_GLOBAL_SELL_SKIP reason=exit_recovery_inventory_no_sell
[06:59:46.299] [INFO] [EXEC] STREAM_GLOBAL_SELL_SKIP reason=place_sell
[06:59:46.927] [INFO] [EXEC] STREAM_SELL_STATUS stream_id=1 chunk_id=3209804048016 order_id=391387148 status=NEW
[06:59:46.927] [INFO] GUI_PERF tick_ms=0 logs_visible=False gui_log_mode=OFF append_skipped=726
[06:59:48.581] [INFO] [EXEC] STREAM_STATS_UI cycles=19 wins=18 losses=1 pnl=+0.000389 winrate=94.74%
[06:59:48.581] [INFO] GUI_PERF tick_ms=0 logs_visible=False gui_log_mode=OFF append_skipped=727
[06:59:48.911] [INFO] [EXEC] STREAM_SELL_STATUS stream_id=1 chunk_id=3209804048016 order_id=391387148 status=NEW
[06:59:48.911] [WARNING] [EXEC] STREAM_SELL_TIMEOUT stream_id=1 chunk_id=3209804048016 order_id=391387148 age_ms=3315 timeout_ms=2800
[06:59:49.171] [INFO] [EXEC] STREAM_SELL_CANCEL_OLD stream_id=1 chunk_id=3209804048016 order_id=391387148
[06:59:49.171] [WARNING] [EXEC] STREAM_STOP_LOSS_EXIT stream_id=1 chunk_id=3209804048016 order_id=391387148 stop_price=79811.50 retry_count=2 retry_max=2
[06:59:49.443] [INFO] [EXEC] STREAM_REPAIR_SKIP reason=stream_owned_inventory
[06:59:49.451] [INFO] [EXEC] STREAM_GLOBAL_SELL_SKIP reason=exit_recovery_inventory_no_sell
[06:59:49.451] [INFO] [EXEC] STREAM_GLOBAL_SELL_SKIP reason=place_sell
[06:59:50.409] [INFO] [EXEC] STREAM_SELL_STATUS stream_id=1 chunk_id=3209804048016 order_id=391387230 status=NEW
[06:59:50.409] [INFO] GUI_PERF tick_ms=0 logs_visible=False gui_log_mode=OFF append_skipped=735
[06:59:52.241] [WARNING] [EXEC] STREAM_SELL_TIMEOUT stream_id=1 chunk_id=3209804048016 order_id=391387230 age_ms=3330 timeout_ms=2800
[06:59:52.241] [INFO] GUI_PERF tick_ms=0 logs_visible=False gui_log_mode=OFF append_skipped=736
[06:59:52.714] [INFO] [EXEC] STREAM_SELL_CANCEL_OLD stream_id=1 chunk_id=3209804048016 order_id=391387230
[06:59:52.714] [WARNING] [EXEC] STREAM_STOP_LOSS_EXIT stream_id=1 chunk_id=3209804048016 order_id=391387230 stop_price=79811.50 retry_count=2 retry_max=2
[06:59:52.997] [INFO] [EXEC] STREAM_REPAIR_SKIP reason=stream_owned_inventory
[06:59:52.997] [INFO] [EXEC] STREAM_GLOBAL_SELL_SKIP reason=exit_recovery_inventory_no_sell
[06:59:53.013] [INFO] [EXEC] STREAM_GLOBAL_SELL_SKIP reason=place_sell
[06:59:53.825] [INFO] [EXEC] STREAM_SELL_STATUS stream_id=1 chunk_id=3209804048016 order_id=391387243 status=NEW
[06:59:53.825] [INFO] GUI_PERF tick_ms=0 logs_visible=False gui_log_mode=OFF append_skipped=742
[06:59:54.135] [INFO] [EXEC] STREAM_STATS_UI cycles=19 wins=18 losses=1 pnl=+0.000389 winrate=94.74%
[06:59:54.649] [INFO] [EXEC] STREAM_SELL_STATUS stream_id=1 chunk_id=3209804048016 order_id=391387243 status=NEW
[06:59:55.359] [WARNING] [EXEC] STREAM_SELL_TIMEOUT stream_id=1 chunk_id=3209804048016 order_id=391387243 age_ms=3080 timeout_ms=2800
[06:59:55.359] [INFO] GUI_PERF tick_ms=0 logs_visible=False gui_log_mode=OFF append_skipped=745
[06:59:55.625] [INFO] [EXEC] STREAM_SELL_CANCEL_OLD stream_id=1 chunk_id=3209804048016 order_id=391387243
[06:59:55.625] [WARNING] [EXEC] STREAM_STOP_LOSS_EXIT stream_id=1 chunk_id=3209804048016 order_id=391387243 stop_price=79811.50 retry_count=2 retry_max=2
[06:59:55.980] [INFO] [EXEC] STREAM_REPAIR_SKIP reason=stream_owned_inventory
[06:59:55.988] [INFO] [EXEC] STREAM_GLOBAL_SELL_SKIP reason=exit_recovery_inventory_no_sell
[06:59:55.988] [INFO] [EXEC] STREAM_GLOBAL_SELL_SKIP reason=place_sell
[06:59:57.214] [INFO] [EXEC] STREAM_SELL_STATUS stream_id=1 chunk_id=3209804048016 order_id=391387391 status=NEW
[06:59:57.214] [INFO] GUI_PERF tick_ms=0 logs_visible=False gui_log_mode=OFF append_skipped=751
[06:59:58.608] [WARNING] [EXEC] STREAM_SELL_TIMEOUT stream_id=1 chunk_id=3209804048016 order_id=391387391 age_ms=3285 timeout_ms=2800
[06:59:58.608] [INFO] GUI_PERF tick_ms=0 logs_visible=False gui_log_mode=OFF append_skipped=752
[06:59:58.949] [INFO] [EXEC] STREAM_SELL_CANCEL_OLD stream_id=1 chunk_id=3209804048016 order_id=391387391
[06:59:58.949] [WARNING] [EXEC] STREAM_STOP_LOSS_EXIT stream_id=1 chunk_id=3209804048016 order_id=391387391 stop_price=79811.50 retry_count=2 retry_max=2
[06:59:59.206] [INFO] [EXEC] STREAM_REPAIR_SKIP reason=stream_owned_inventory
[06:59:59.206] [INFO] [EXEC] STREAM_GLOBAL_SELL_SKIP reason=exit_recovery_inventory_no_sell
[06:59:59.206] [INFO] [EXEC] STREAM_GLOBAL_SELL_SKIP reason=place_sell
[06:59:59.206] [INFO] [EXEC] STREAM_STATS_UI cycles=19 wins=18 losses=1 pnl=+0.000389 winrate=94.74%
[06:59:59.932] [INFO] [EXEC] STREAM_SELL_STATUS stream_id=1 chunk_id=3209804048016 order_id=391387469 status=NEW
[06:59:59.932] [INFO] GUI_PERF tick_ms=0 logs_visible=False gui_log_mode=OFF append_skipped=759
[07:00:02.221] [WARNING] [EXEC] STREAM_SELL_TIMEOUT stream_id=1 chunk_id=3209804048016 order_id=391387469 age_ms=3543 timeout_ms=2800
[07:00:02.221] [INFO] GUI_PERF tick_ms=0 logs_visible=False gui_log_mode=OFF append_skipped=760
[07:00:02.487] [INFO] [EXEC] STREAM_SELL_CANCEL_OLD stream_id=1 chunk_id=3209804048016 order_id=391387469
[07:00:02.487] [WARNING] [EXEC] STREAM_STOP_LOSS_EXIT stream_id=1 chunk_id=3209804048016 order_id=391387469 stop_price=79811.50 retry_count=2 retry_max=2
[07:00:02.748] [INFO] [EXEC] STREAM_REPAIR_SKIP reason=stream_owned_inventory
[07:00:02.748] [INFO] [EXEC] STREAM_GLOBAL_SELL_SKIP reason=exit_recovery_inventory_no_sell
[07:00:02.748] [INFO] [EXEC] STREAM_GLOBAL_SELL_SKIP reason=place_sell
[07:00:03.956] [INFO] [EXEC] STREAM_SELL_STATUS stream_id=1 chunk_id=3209804048016 order_id=391387744 status=NEW
[07:00:03.956] [INFO] GUI_PERF tick_ms=0 logs_visible=False gui_log_mode=OFF append_skipped=766
[07:00:04.714] [INFO] [EXEC] STREAM_STATS_UI cycles=19 wins=18 losses=1 pnl=+0.000389 winrate=94.74%
[07:00:05.533] [INFO] [EXEC] STREAM_SELL_STATUS stream_id=1 chunk_id=3209804048016 order_id=391387744 status=NEW
[07:00:05.533] [INFO] GUI_PERF tick_ms=0 logs_visible=False gui_log_mode=OFF append_skipped=768
[07:00:05.533] [WARNING] [EXEC] STREAM_SELL_TIMEOUT stream_id=1 chunk_id=3209804048016 order_id=391387744 age_ms=3317 timeout_ms=2800
[07:00:05.800] [INFO] [EXEC] STREAM_SELL_CANCEL_OLD stream_id=1 chunk_id=3209804048016 order_id=391387744
[07:00:05.800] [WARNING] [EXEC] STREAM_STOP_LOSS_EXIT stream_id=1 chunk_id=3209804048016 order_id=391387744 stop_price=79811.50 retry_count=2 retry_max=2
[07:00:06.103] [INFO] [EXEC] STREAM_REPAIR_SKIP reason=stream_owned_inventory
[07:00:06.103] [INFO] [EXEC] STREAM_GLOBAL_SELL_SKIP reason=exit_recovery_inventory_no_sell
[07:00:06.103] [INFO] [EXEC] STREAM_GLOBAL_SELL_SKIP reason=place_sell
[07:00:06.821] [INFO] [EXEC] STREAM_SELL_STATUS stream_id=1 chunk_id=3209804048016 order_id=391388107 status=NEW
[07:00:06.829] [INFO] GUI_PERF tick_ms=0 logs_visible=False gui_log_mode=OFF append_skipped=775
[07:00:09.280] [WARNING] [EXEC] STREAM_SELL_TIMEOUT stream_id=1 chunk_id=3209804048016 order_id=391388107 age_ms=3741 timeout_ms=2800
[07:00:09.280] [INFO] GUI_PERF tick_ms=0 logs_visible=False gui_log_mode=OFF append_skipped=776
[07:00:09.542] [INFO] [EXEC] STREAM_SELL_CANCEL_OLD stream_id=1 chunk_id=3209804048016 order_id=391388107
[07:00:09.542] [WARNING] [EXEC] STREAM_STOP_LOSS_EXIT stream_id=1 chunk_id=3209804048016 order_id=391388107 stop_price=79811.50 retry_count=2 retry_max=2
[07:00:10.397] [INFO] [EXEC] STREAM_REPAIR_SKIP reason=stream_owned_inventory
[07:00:10.397] [INFO] GUI_PERF tick_ms=0 logs_visible=False gui_log_mode=OFF append_skipped=779
[07:00:10.397] [INFO] [EXEC] STREAM_GLOBAL_SELL_SKIP reason=exit_recovery_inventory_no_sell
[07:00:10.397] [INFO] [EXEC] STREAM_GLOBAL_SELL_SKIP reason=place_sell
[07:00:10.412] [INFO] [EXEC] STREAM_STATS_UI cycles=19 wins=18 losses=1 pnl=+0.000389 winrate=94.74%
[07:00:11.488] [INFO] [EXEC] STREAM_SELL_STATUS stream_id=1 chunk_id=3209804048016 order_id=391388329 status=FILLED
[07:00:11.488] [INFO] GUI_PERF tick_ms=0 logs_visible=False gui_log_mode=OFF append_skipped=783
[07:00:11.488] [INFO] [EXEC] STREAM_SELL_FILLED stream_id=1 chunk_id=3209804048016 order_id=391388329
[07:00:11.488] [OK] [EXEC] FIFO CLOSE qty=0.000180 entry=79813.71 exit=79811.50 pnl=-0.000398
[07:00:11.488] [INFO] [EXEC] STREAM_PNL stream_id=1 pnl=-0.000398
[07:00:11.488] [WARNING] [EXEC] STREAM_LOSS_COOLDOWN stream_id=1 cooldown_ms=6000
[07:00:11.488] [INFO] [EXEC] STREAM_RECYCLED level_id=1
[07:00:11.488] [INFO] [EXEC] STREAM_RECYCLED stream_id=1
[07:00:11.496] [INFO] [HEALTH] state=GOOD
[07:00:11.496] [INFO] [EXEC] STREAM_MODE_ACTIVE_SKIP_SINGLE_ENTRY
[07:00:11.496] [INFO] [EXEC] STREAM_BUY_CAPACITY active_buys=0 active_sells=0 waiting_streams=20 max_active_buys=10 free_buy_slots=10 batch_size=1
[07:00:11.762] [INFO] [EXEC] STREAM_BUY_PLACED level_id=1 order_id=391388457
[07:00:11.762] [OK] [EXEC] PLACE BUY price=79813.71 qty=0.000180
[07:00:11.762] [INFO] [EXEC] STREAM_PLACEMENT_TICK active_buys=1 active_sells=0 waiting_streams=20 free_buy_slots=10 placed=1
[07:00:12.556] [INFO] [EXEC] STREAM_BUY_FILLED level_id=1
[07:00:12.556] [INFO] GUI_PERF tick_ms=0 logs_visible=False gui_log_mode=OFF append_skipped=796
[07:00:12.556] [OK] [EXEC] CHUNK ADD qty=0.000180 entry=79813.71
[07:00:12.556] [INFO] [EXEC] CHUNK COUNT n=1
[07:00:12.556] [INFO] [EXEC] STREAM_TARGET_USED ticks=28 sell_price=79813.99
[07:00:12.862] [INFO] [EXEC] STREAM_SELL_PLACED stream_id=1 chunk_id=3209824604944 order_id=391388479 price=79813.99 qty=0.000180
[07:00:13.124] [INFO] [EXEC] STREAM_SELL_STATUS stream_id=1 chunk_id=3209824604944 order_id=391388479 status=NEW
[07:00:13.125] [INFO] [EXEC] STREAM_REPAIR_SKIP reason=stream_owned_inventory
[07:00:13.125] [INFO] [EXEC] STREAM_GLOBAL_SELL_SKIP reason=exit_recovery_inventory_no_sell
[07:00:13.125] [INFO] [EXEC] STREAM_GLOBAL_SELL_SKIP reason=place_sell
[07:00:13.765] [INFO] [EXEC] STREAM_SELL_STATUS stream_id=1 chunk_id=3209824604944 order_id=391388479 status=PARTIALLY_FILLED
[07:00:13.765] [INFO] GUI_PERF tick_ms=0 logs_visible=False gui_log_mode=OFF append_skipped=805
[07:00:15.119] [INFO] [EXEC] STREAM_SELL_STATUS stream_id=1 chunk_id=3209824604944 order_id=391388479 status=FILLED
[07:00:15.119] [INFO] GUI_PERF tick_ms=0 logs_visible=False gui_log_mode=OFF append_skipped=806
[07:00:15.119] [INFO] [EXEC] STREAM_SELL_FILLED stream_id=1 chunk_id=3209824604944 order_id=391388479
[07:00:15.119] [OK] [EXEC] FIFO CLOSE qty=0.000180 entry=79813.71 exit=79813.99 pnl=+0.000050
[07:00:15.127] [INFO] [EXEC] STREAM_PNL stream_id=1 pnl=+0.000050
[07:00:15.127] [INFO] [EXEC] STREAM_RECYCLED level_id=1
[07:00:15.127] [INFO] [EXEC] STREAM_RECYCLED stream_id=1
[07:00:15.127] [INFO] [EXEC] STREAM_BUY_CAPACITY active_buys=0 active_sells=0 waiting_streams=20 max_active_buys=10 free_buy_slots=10 batch_size=1
[07:00:15.380] [INFO] [EXEC] STREAM_BUY_PLACED level_id=1 order_id=391388617
[07:00:15.380] [OK] [EXEC] PLACE BUY price=79813.71 qty=0.000180
[07:00:15.386] [INFO] [EXEC] STREAM_PLACEMENT_TICK active_buys=1 active_sells=0 waiting_streams=20 free_buy_slots=10 placed=1
[07:00:15.510] [INFO] [EXEC] STREAM_STATS_UI cycles=21 wins=19 losses=2 pnl=+0.000041 winrate=90.48%
[07:00:16.064] [INFO] [EXEC] STREAM_MODE_ACTIVE_SKIP_SINGLE_ENTRY
[07:00:16.080] [INFO] [EXEC] STREAM_BUY_CAPACITY active_buys=1 active_sells=0 waiting_streams=19 max_active_buys=10 free_buy_slots=9 batch_size=1
[07:00:16.343] [INFO] [EXEC] STREAM_BUY_PLACED level_id=2 order_id=391388635
[07:00:16.346] [INFO] GUI_PERF tick_ms=0 logs_visible=False gui_log_mode=OFF append_skipped=819
[07:00:16.346] [OK] [EXEC] PLACE BUY price=79813.71 qty=0.000180
[07:00:16.348] [INFO] [EXEC] STREAM_PLACEMENT_TICK active_buys=2 active_sells=0 waiting_streams=19 free_buy_slots=9 placed=1
[07:00:17.159] [INFO] [EXEC] STREAM_BUY_FILLED level_id=1
[07:00:17.159] [OK] [EXEC] CHUNK ADD qty=0.000180 entry=79813.71
[07:00:17.159] [INFO] [EXEC] CHUNK COUNT n=1
[07:00:17.159] [INFO] [EXEC] STREAM_TARGET_USED ticks=28 sell_price=79813.99
[07:00:17.469] [INFO] [EXEC] STREAM_SELL_PLACED stream_id=1 chunk_id=3209824545600 order_id=391388645 price=79813.99 qty=0.000180
[07:00:17.469] [INFO] GUI_PERF tick_ms=0 logs_visible=False gui_log_mode=OFF append_skipped=826
[07:00:17.731] [INFO] [EXEC] STREAM_BUY_FILLED level_id=2
[07:00:17.731] [OK] [EXEC] CHUNK ADD qty=0.000180 entry=79813.71
[07:00:17.731] [INFO] [EXEC] CHUNK COUNT n=2
[07:00:17.731] [INFO] [EXEC] STREAM_TARGET_USED ticks=28 sell_price=79813.99
[07:00:18.379] [INFO] [EXEC] STREAM_SELL_PLACED stream_id=2 chunk_id=3209824547328 order_id=391388648 price=79813.99 qty=0.000180
[07:00:18.654] [INFO] [EXEC] STREAM_SELL_STATUS stream_id=1 chunk_id=3209824545600 order_id=391388645 status=FILLED
[07:00:18.654] [INFO] GUI_PERF tick_ms=0 logs_visible=False gui_log_mode=OFF append_skipped=832
[07:00:18.654] [INFO] [EXEC] STREAM_SELL_FILLED stream_id=1 chunk_id=3209824545600 order_id=391388645
[07:00:18.654] [OK] [EXEC] FIFO CLOSE qty=0.000180 entry=79813.71 exit=79813.99 pnl=+0.000050
[07:00:18.654] [INFO] [EXEC] STREAM_PNL stream_id=1 pnl=+0.000050
[07:00:18.654] [INFO] [EXEC] STREAM_RECYCLED level_id=1
[07:00:18.654] [INFO] [EXEC] STREAM_RECYCLED stream_id=1
[07:00:19.002] [INFO] [EXEC] STREAM_SELL_STATUS stream_id=2 chunk_id=3209824547328 order_id=391388648 status=FILLED
[07:00:19.002] [INFO] [EXEC] STREAM_SELL_FILLED stream_id=2 chunk_id=3209824547328 order_id=391388648
[07:00:19.002] [OK] [EXEC] FIFO CLOSE qty=0.000180 entry=79813.71 exit=79813.99 pnl=+0.000050
[07:00:19.002] [INFO] [EXEC] STREAM_PNL stream_id=2 pnl=+0.000050
[07:00:19.002] [INFO] [EXEC] STREAM_RECYCLED level_id=2
[07:00:19.002] [INFO] [EXEC] STREAM_RECYCLED stream_id=2
[07:00:19.002] [INFO] [HEALTH] state=DANGER
[07:00:19.002] [INFO] [EXEC] STREAM_BUY_CAPACITY active_buys=0 active_sells=0 waiting_streams=20 max_active_buys=10 free_buy_slots=10 batch_size=1
[07:00:19.420] [INFO] [EXEC] STREAM_BUY_PLACED level_id=1 order_id=391388672
[07:00:19.420] [OK] [EXEC] PLACE BUY price=79813.71 qty=0.000180
[07:00:19.420] [INFO] [EXEC] STREAM_PLACEMENT_TICK active_buys=1 active_sells=0 waiting_streams=20 free_buy_slots=10 placed=1
[07:00:20.107] [INFO] [EXEC] STREAM_MODE_ACTIVE_SKIP_SINGLE_ENTRY
[07:00:20.107] [INFO] GUI_PERF tick_ms=0 logs_visible=False gui_log_mode=OFF append_skipped=849
[07:00:20.107] [INFO] [EXEC] STREAM_BUY_CAPACITY active_buys=1 active_sells=0 waiting_streams=19 max_active_buys=10 free_buy_slots=9 batch_size=1
[07:00:20.363] [INFO] [EXEC] STREAM_BUY_PLACED level_id=2 order_id=391388725
[07:00:20.363] [OK] [EXEC] PLACE BUY price=79813.71 qty=0.000180
[07:00:20.363] [INFO] [EXEC] STREAM_PLACEMENT_TICK active_buys=2 active_sells=0 waiting_streams=19 free_buy_slots=9 placed=1
[07:00:20.644] [INFO] [EXEC] STREAM_STATS_UI cycles=23 wins=21 losses=2 pnl=+0.000142 winrate=91.30%
[07:00:21.718] [INFO] [EXEC] STREAM_RECYCLED level_id=1
[07:00:21.718] [INFO] GUI_PERF tick_ms=0 logs_visible=False gui_log_mode=OFF append_skipped=855
[07:00:21.726] [INFO] [EXEC] STREAM_BUY_RECENTER old_price=79813.71 new_price=79814.99 distance_ticks=129
[07:00:21.979] [INFO] [EXEC] STREAM_BUY_CAPACITY active_buys=1 active_sells=0 waiting_streams=19 max_active_buys=10 free_buy_slots=9 batch_size=1
[07:00:22.282] [INFO] [EXEC] STREAM_BUY_PLACED level_id=1 order_id=391388828
[07:00:22.282] [OK] [EXEC] PLACE BUY price=79814.99 qty=0.000180
[07:00:22.282] [INFO] [EXEC] STREAM_PLACEMENT_TICK active_buys=2 active_sells=0 waiting_streams=19 free_buy_slots=9 placed=1
[07:00:23.512] [INFO] [EXEC] STREAM_RECYCLED level_id=2
[07:00:23.512] [INFO] GUI_PERF tick_ms=0 logs_visible=False gui_log_mode=OFF append_skipped=861
[07:00:23.512] [INFO] [EXEC] STREAM_BUY_RECENTER old_price=79813.71 new_price=79815.99 distance_ticks=229
[07:00:23.512] [INFO] [HEALTH] state=DANGER
[07:00:23.512] [INFO] [EXEC] STREAM_BUY_CAPACITY active_buys=1 active_sells=0 waiting_streams=19 max_active_buys=10 free_buy_slots=9 batch_size=1
[07:00:23.778] [INFO] [EXEC] STREAM_BUY_PLACED level_id=2 order_id=391388898
[07:00:23.778] [OK] [EXEC] PLACE BUY price=79815.99 qty=0.000180
[07:00:23.778] [INFO] [EXEC] STREAM_PLACEMENT_TICK active_buys=2 active_sells=0 waiting_streams=19 free_buy_slots=9 placed=1
[07:00:24.789] [INFO] [EXEC] STREAM_BUY_FILLED level_id=1
[07:00:24.789] [INFO] GUI_PERF tick_ms=0 logs_visible=False gui_log_mode=OFF append_skipped=868
[07:00:24.789] [OK] [EXEC] CHUNK ADD qty=0.000180 entry=79814.99
[07:00:24.789] [INFO] [EXEC] CHUNK COUNT n=1
[07:00:24.789] [INFO] [EXEC] STREAM_TARGET_USED ticks=28 sell_price=79815.27
[07:00:25.054] [INFO] [EXEC] STREAM_SELL_PLACED stream_id=1 chunk_id=3209804048016 order_id=391388926 price=79815.27 qty=0.000180
[07:00:25.359] [INFO] [EXEC] STREAM_BUY_FILLED level_id=2
[07:00:25.359] [OK] [EXEC] CHUNK ADD qty=0.000180 entry=79815.99
[07:00:25.359] [INFO] [EXEC] CHUNK COUNT n=2
[07:00:25.362] [INFO] [EXEC] STREAM_TARGET_USED ticks=28 sell_price=79816.27
[07:00:25.654] [INFO] [EXEC] STREAM_SELL_PLACED stream_id=2 chunk_id=3209824567472 order_id=391388928 price=79816.27 qty=0.000180
[07:00:25.955] [INFO] [EXEC] STREAM_SELL_STATUS stream_id=1 chunk_id=3209804048016 order_id=391388926 status=NEW
[07:00:25.955] [INFO] GUI_PERF tick_ms=0 logs_visible=False gui_log_mode=OFF append_skipped=878
[07:00:26.265] [INFO] [EXEC] STREAM_SELL_STATUS stream_id=2 chunk_id=3209824567472 order_id=391388928 status=NEW
[07:00:26.265] [INFO] [EXEC] STREAM_REPAIR_SKIP reason=stream_owned_inventory
[07:00:26.265] [INFO] [EXEC] STREAM_GLOBAL_SELL_SKIP reason=exit_recovery_inventory_no_sell
[07:00:26.265] [INFO] [EXEC] STREAM_GLOBAL_SELL_SKIP reason=place_sell
[07:00:27.393] [INFO] [EXEC] STREAM_SELL_STATUS stream_id=1 chunk_id=3209804048016 order_id=391388926 status=NEW
[07:00:27.393] [INFO] GUI_PERF tick_ms=0 logs_visible=False gui_log_mode=OFF append_skipped=883
[07:00:27.653] [INFO] [EXEC] STREAM_SELL_STATUS stream_id=2 chunk_id=3209824567472 order_id=391388928 status=NEW
[07:00:27.653] [INFO] [EXEC] STREAM_STATS_UI cycles=23 wins=21 losses=2 pnl=+0.000142 winrate=91.30%
[07:00:28.422] [INFO] [EXEC] STREAM_SELL_STATUS stream_id=1 chunk_id=3209804048016 order_id=391388926 status=NEW
[07:00:28.422] [INFO] GUI_PERF tick_ms=0 logs_visible=False gui_log_mode=OFF append_skipped=886
[07:00:28.424] [WARNING] [EXEC] STREAM_SELL_TIMEOUT stream_id=1 chunk_id=3209804048016 order_id=391388926 age_ms=3577 timeout_ms=2800
[07:00:28.727] [INFO] [EXEC] STREAM_SELL_CANCEL_OLD stream_id=1 chunk_id=3209804048016 order_id=391388926
[07:00:28.727] [INFO] [EXEC] STREAM_STOP_LOSS_BLOCKED_RETRY_AVAILABLE retry_count=0 retry_max=2 stream_id=1 chunk_id=3209804048016 order_id=391388926
[07:00:28.736] [INFO] [EXEC] STREAM_SELL_RETRY_PLACED stream_id=1 chunk_id=3209804048016 prev_order_id=391388926 retry_count=1 price=79815.24 qty=0.000180
[07:00:29.257] [INFO] [EXEC] STREAM_SELL_STATUS stream_id=2 chunk_id=3209824567472 order_id=391388928 status=FILLED
[07:00:29.257] [INFO] [EXEC] STREAM_SELL_FILLED stream_id=2 chunk_id=3209824567472 order_id=391388928
[07:00:29.257] [OK] [EXEC] FIFO CLOSE qty=0.000180 entry=79815.99 exit=79816.27 pnl=+0.000050
[07:00:29.257] [INFO] [EXEC] STREAM_PNL stream_id=2 pnl=+0.000050
[07:00:29.257] [INFO] [EXEC] STREAM_RECYCLED level_id=2
[07:00:29.257] [INFO] [EXEC] STREAM_RECYCLED stream_id=2
[07:00:29.257] [INFO] [EXEC] STREAM_REPAIR_SKIP reason=stream_owned_inventory
[07:00:29.257] [INFO] [EXEC] STREAM_GLOBAL_SELL_SKIP reason=exit_recovery_inventory_no_sell
[07:00:29.257] [INFO] [EXEC] STREAM_GLOBAL_SELL_SKIP reason=place_sell
[07:00:29.876] [INFO] [EXEC] STREAM_SELL_STATUS stream_id=1 chunk_id=3209804048016 order_id=391388964 status=FILLED
[07:00:29.876] [INFO] GUI_PERF tick_ms=0 logs_visible=False gui_log_mode=OFF append_skipped=900
[07:00:29.876] [INFO] [EXEC] STREAM_SELL_FILLED stream_id=1 chunk_id=3209804048016 order_id=391388964
[07:00:29.876] [OK] [EXEC] FIFO CLOSE qty=0.000180 entry=79814.99 exit=79815.24 pnl=+0.000045
[07:00:29.876] [INFO] [EXEC] STREAM_PNL stream_id=1 pnl=+0.000045
[07:00:29.892] [INFO] [EXEC] STREAM_RECYCLED level_id=1
[07:00:29.892] [INFO] [EXEC] STREAM_RECYCLED stream_id=1
[07:00:29.892] [WARNING] [HEALTH] block spread_too_young lifetime=0
[07:00:29.892] [WARNING] [HEALTH] unstable_spread lifetime=0
[07:00:29.892] [INFO] [EXEC] STREAM_MODE_ACTIVE_SKIP_SINGLE_ENTRY
[07:00:29.892] [INFO] [EXEC] STREAM_BUY_CAPACITY active_buys=0 active_sells=0 waiting_streams=20 max_active_buys=10 free_buy_slots=10 batch_size=1
[07:00:30.152] [INFO] [EXEC] STREAM_BUY_PLACED level_id=1 order_id=391389034
[07:00:30.152] [OK] [EXEC] PLACE BUY price=79814.99 qty=0.000180
[07:00:30.152] [INFO] [EXEC] STREAM_PLACEMENT_TICK active_buys=1 active_sells=0 waiting_streams=20 free_buy_slots=10 placed=1
[07:00:31.395] [INFO] [EXEC] STREAM_RECYCLED level_id=1
[07:00:31.395] [INFO] GUI_PERF tick_ms=0 logs_visible=False gui_log_mode=OFF append_skipped=913
[07:00:31.395] [INFO] [EXEC] STREAM_BUY_RECENTER old_price=79814.99 new_price=79817.91 distance_ticks=293
[07:00:31.404] [INFO] [EXEC] STREAM_BUY_CAPACITY active_buys=0 active_sells=0 waiting_streams=20 max_active_buys=10 free_buy_slots=10 batch_size=1
[07:00:31.659] [INFO] [EXEC] STREAM_BUY_PLACED level_id=1 order_id=391389104
[07:00:31.659] [OK] [EXEC] PLACE BUY price=79817.91 qty=0.000180
[07:00:31.659] [INFO] [EXEC] STREAM_PLACEMENT_TICK active_buys=1 active_sells=0 waiting_streams=20 free_buy_slots=10 placed=1
[07:00:32.673] [INFO] [EXEC] STREAM_BUY_FILLED level_id=1
[07:00:32.673] [INFO] GUI_PERF tick_ms=0 logs_visible=False gui_log_mode=OFF append_skipped=919
[07:00:32.673] [OK] [EXEC] CHUNK ADD qty=0.000180 entry=79817.91
[07:00:32.673] [INFO] [EXEC] CHUNK COUNT n=1
[07:00:32.673] [INFO] [EXEC] STREAM_TARGET_USED ticks=28 sell_price=79818.19
[07:00:32.934] [INFO] [EXEC] STREAM_SELL_PLACED stream_id=1 chunk_id=3209824605328 order_id=391389162 price=79818.19 qty=0.000180
[07:00:33.187] [INFO] [EXEC] STREAM_SELL_STATUS stream_id=1 chunk_id=3209824605328 order_id=391389162 status=NEW
[07:00:33.187] [INFO] [EXEC] STREAM_REPAIR_SKIP reason=stream_owned_inventory
[07:00:33.187] [INFO] [EXEC] STREAM_GLOBAL_SELL_SKIP reason=exit_recovery_inventory_no_sell
[07:00:33.187] [INFO] [EXEC] STREAM_GLOBAL_SELL_SKIP reason=place_sell
[07:00:33.187] [INFO] [EXEC] STREAM_STATS_UI cycles=25 wins=23 losses=2 pnl=+0.000238 winrate=92.00%
[07:00:33.935] [INFO] [EXEC] STREAM_SELL_STATUS stream_id=1 chunk_id=3209824605328 order_id=391389162 status=NEW
[07:00:33.935] [INFO] GUI_PERF tick_ms=0 logs_visible=False gui_log_mode=OFF append_skipped=929
[07:00:35.532] [INFO] [EXEC] STREAM_SELL_STATUS stream_id=1 chunk_id=3209824605328 order_id=391389162 status=FILLED
[07:00:35.532] [INFO] GUI_PERF tick_ms=0 logs_visible=False gui_log_mode=OFF append_skipped=930
[07:00:35.532] [INFO] [EXEC] STREAM_SELL_FILLED stream_id=1 chunk_id=3209824605328 order_id=391389162
[07:00:35.532] [OK] [EXEC] FIFO CLOSE qty=0.000180 entry=79817.91 exit=79818.19 pnl=+0.000050
[07:00:35.532] [INFO] [EXEC] STREAM_PNL stream_id=1 pnl=+0.000050
[07:00:35.547] [INFO] [EXEC] STREAM_RECYCLED level_id=1
[07:00:35.547] [INFO] [EXEC] STREAM_RECYCLED stream_id=1
[07:00:35.548] [INFO] [HEALTH] state=DANGER
[07:00:35.548] [INFO] [EXEC] STREAM_MODE_ACTIVE_SKIP_SINGLE_ENTRY
[07:00:35.548] [INFO] [EXEC] STREAM_BUY_CAPACITY active_buys=0 active_sells=0 waiting_streams=20 max_active_buys=10 free_buy_slots=10 batch_size=1
[07:00:35.807] [INFO] [EXEC] STREAM_BUY_PLACED level_id=1 order_id=391389263
[07:00:35.807] [OK] [EXEC] PLACE BUY price=79817.91 qty=0.000180
[07:00:35.807] [INFO] [EXEC] STREAM_PLACEMENT_TICK active_buys=1 active_sells=0 waiting_streams=20 free_buy_slots=10 placed=1
[07:00:36.554] [INFO] [EXEC] STREAM_BUY_FILLED level_id=1
[07:00:36.554] [INFO] GUI_PERF tick_ms=0 logs_visible=False gui_log_mode=OFF append_skipped=942
[07:00:36.554] [OK] [EXEC] CHUNK ADD qty=0.000180 entry=79817.91
[07:00:36.554] [INFO] [EXEC] CHUNK COUNT n=1
[07:00:36.554] [INFO] [EXEC] STREAM_TARGET_USED ticks=28 sell_price=79818.19
[07:00:36.815] [INFO] [EXEC] STREAM_SELL_PLACED stream_id=1 chunk_id=3209824605760 order_id=391389303 price=79818.19 qty=0.000180
[07:00:37.076] [INFO] [EXEC] STREAM_SELL_STATUS stream_id=1 chunk_id=3209824605760 order_id=391389303 status=NEW
[07:00:37.076] [INFO] [EXEC] STREAM_REPAIR_SKIP reason=stream_owned_inventory
[07:00:37.076] [INFO] [EXEC] STREAM_GLOBAL_SELL_SKIP reason=exit_recovery_inventory_no_sell
[07:00:37.076] [INFO] [EXEC] STREAM_GLOBAL_SELL_SKIP reason=place_sell
[07:00:38.199] [INFO] [EXEC] STREAM_SELL_STATUS stream_id=1 chunk_id=3209824605760 order_id=391389303 status=NEW
[07:00:38.199] [INFO] GUI_PERF tick_ms=0 logs_visible=False gui_log_mode=OFF append_skipped=951
[07:00:38.199] [INFO] [EXEC] STREAM_STATS_UI cycles=26 wins=24 losses=2 pnl=+0.000288 winrate=92.31%
[07:00:38.812] [INFO] [EXEC] STREAM_SELL_STATUS stream_id=1 chunk_id=3209824605760 order_id=391389303 status=FILLED
[07:00:38.812] [INFO] [EXEC] STREAM_SELL_FILLED stream_id=1 chunk_id=3209824605760 order_id=391389303
[07:00:38.812] [OK] [EXEC] FIFO CLOSE qty=0.000180 entry=79817.91 exit=79818.19 pnl=+0.000050
[07:00:38.812] [INFO] [EXEC] STREAM_PNL stream_id=1 pnl=+0.000050
[07:00:38.812] [INFO] [EXEC] STREAM_RECYCLED level_id=1
[07:00:38.812] [INFO] [EXEC] STREAM_RECYCLED stream_id=1
[07:00:38.828] [INFO] [EXEC] STREAM_BUY_CAPACITY active_buys=0 active_sells=0 waiting_streams=20 max_active_buys=10 free_buy_slots=10 batch_size=1
[07:00:39.095] [INFO] [EXEC] STREAM_BUY_PLACED level_id=1 order_id=391389374
[07:00:39.095] [OK] [EXEC] PLACE BUY price=79817.91 qty=0.000180
[07:00:39.095] [INFO] [EXEC] STREAM_PLACEMENT_TICK active_buys=1 active_sells=0 waiting_streams=20 free_buy_slots=10 placed=1
[07:00:39.877] [INFO] [EXEC] STREAM_BUY_FILLED level_id=1
[07:00:39.877] [INFO] GUI_PERF tick_ms=0 logs_visible=False gui_log_mode=OFF append_skipped=963
[07:00:39.877] [OK] [EXEC] CHUNK ADD qty=0.000180 entry=79817.91
[07:00:39.877] [INFO] [EXEC] CHUNK COUNT n=1
[07:00:39.885] [INFO] [EXEC] STREAM_TARGET_USED ticks=28 sell_price=79818.19
[07:00:40.392] [INFO] [EXEC] STREAM_SELL_PLACED stream_id=1 chunk_id=3209824540032 order_id=391389395 price=79818.19 qty=0.000180
[07:00:40.653] [INFO] [EXEC] STREAM_SELL_STATUS stream_id=1 chunk_id=3209824540032 order_id=391389395 status=NEW
[07:00:40.653] [INFO] [EXEC] STREAM_REPAIR_SKIP reason=stream_owned_inventory
[07:00:40.653] [INFO] [EXEC] STREAM_GLOBAL_SELL_SKIP reason=exit_recovery_inventory_no_sell
[07:00:40.653] [INFO] [EXEC] STREAM_GLOBAL_SELL_SKIP reason=place_sell
[07:00:41.618] [INFO] [EXEC] STREAM_SELL_STATUS stream_id=1 chunk_id=3209824540032 order_id=391389395 status=FILLED
[07:00:41.618] [INFO] GUI_PERF tick_ms=0 logs_visible=False gui_log_mode=OFF append_skipped=972
[07:00:41.618] [INFO] [EXEC] STREAM_SELL_FILLED stream_id=1 chunk_id=3209824540032 order_id=391389395
[07:00:41.618] [OK] [EXEC] FIFO CLOSE qty=0.000180 entry=79817.91 exit=79818.19 pnl=+0.000050
[07:00:41.618] [INFO] [EXEC] STREAM_PNL stream_id=1 pnl=+0.000050
[07:00:41.618] [INFO] [EXEC] STREAM_RECYCLED level_id=1
[07:00:41.626] [INFO] [EXEC] STREAM_RECYCLED stream_id=1
[07:00:41.626] [INFO] [HEALTH] state=DANGER
[07:00:41.626] [INFO] [EXEC] STREAM_MODE_ACTIVE_SKIP_SINGLE_ENTRY
[07:00:41.626] [INFO] [EXEC] STREAM_BUY_CAPACITY active_buys=0 active_sells=0 waiting_streams=20 max_active_buys=10 free_buy_slots=10 batch_size=1
[07:00:41.928] [INFO] [EXEC] STREAM_BUY_PLACED level_id=1 order_id=391389506
[07:00:41.928] [OK] [EXEC] PLACE BUY price=79817.91 qty=0.000180
[07:00:41.928] [INFO] [EXEC] STREAM_PLACEMENT_TICK active_buys=1 active_sells=0 waiting_streams=20 free_buy_slots=10 placed=1
[07:00:42.642] [INFO] [EXEC] STREAM_BUY_CAPACITY active_buys=1 active_sells=0 waiting_streams=19 max_active_buys=10 free_buy_slots=9 batch_size=1
[07:00:42.642] [INFO] GUI_PERF tick_ms=0 logs_visible=False gui_log_mode=OFF append_skipped=984
[07:00:42.894] [INFO] [EXEC] STREAM_BUY_PLACED level_id=2 order_id=391389562
[07:00:42.894] [OK] [EXEC] PLACE BUY price=79815.99 qty=0.000180
[07:00:42.894] [INFO] [EXEC] STREAM_PLACEMENT_TICK active_buys=2 active_sells=0 waiting_streams=19 free_buy_slots=9 placed=1
[07:00:43.566] [INFO] [EXEC] STREAM_STATS_UI cycles=28 wins=26 losses=2 pnl=+0.000389 winrate=92.86%
[07:00:44.144] [INFO] [EXEC] STREAM_RECYCLED level_id=1
[07:00:44.144] [INFO] GUI_PERF tick_ms=0 logs_visible=False gui_log_mode=OFF append_skipped=989
[07:00:44.144] [INFO] [EXEC] STREAM_BUY_RECENTER old_price=79817.91 new_price=79819.90 distance_ticks=200
[07:00:44.400] [INFO] [EXEC] STREAM_BUY_CAPACITY active_buys=1 active_sells=0 waiting_streams=19 max_active_buys=10 free_buy_slots=9 batch_size=1
[07:00:44.685] [INFO] [EXEC] STREAM_BUY_PLACED level_id=1 order_id=391389578
[07:00:44.685] [OK] [EXEC] PLACE BUY price=79819.90 qty=0.000180
[07:00:44.685] [INFO] [EXEC] STREAM_PLACEMENT_TICK active_buys=2 active_sells=0 waiting_streams=19 free_buy_slots=9 placed=1
[07:00:46.481] [INFO] [EXEC] STREAM_RECYCLED level_id=2
[07:00:46.481] [INFO] GUI_PERF tick_ms=0 logs_visible=False gui_log_mode=OFF append_skipped=995
[07:00:46.481] [INFO] [EXEC] STREAM_BUY_RECENTER old_price=79815.99 new_price=79820.90 distance_ticks=492
[07:00:46.481] [INFO] [EXEC] STREAM_MODE_ACTIVE_SKIP_SINGLE_ENTRY
[07:00:46.481] [INFO] [EXEC] STREAM_BUY_CAPACITY active_buys=1 active_sells=0 waiting_streams=19 max_active_buys=10 free_buy_slots=9 batch_size=1
[07:00:46.749] [INFO] [EXEC] STREAM_BUY_PLACED level_id=2 order_id=391389624
[07:00:46.749] [OK] [EXEC] PLACE BUY price=79820.90 qty=0.000180
[07:00:46.749] [INFO] [EXEC] STREAM_PLACEMENT_TICK active_buys=2 active_sells=0 waiting_streams=19 free_buy_slots=9 placed=1
[07:00:47.714] [INFO] [EXEC] STREAM_BUY_FILLED level_id=2
[07:00:47.714] [INFO] GUI_PERF tick_ms=0 logs_visible=False gui_log_mode=OFF append_skipped=1002
[07:00:47.714] [OK] [EXEC] CHUNK ADD qty=0.000180 entry=79820.90
[07:00:47.714] [INFO] [EXEC] CHUNK COUNT n=1
[07:00:47.714] [INFO] [EXEC] STREAM_TARGET_USED ticks=28 sell_price=79821.18
[07:00:47.976] [INFO] [EXEC] STREAM_SELL_PLACED stream_id=2 chunk_id=3209824582688 order_id=391389683 price=79821.18 qty=0.000180
[07:00:48.232] [INFO] [EXEC] STREAM_SELL_STATUS stream_id=2 chunk_id=3209824582688 order_id=391389683 status=FILLED
[07:00:48.232] [INFO] [EXEC] STREAM_SELL_FILLED stream_id=2 chunk_id=3209824582688 order_id=391389683
[07:00:48.232] [OK] [EXEC] FIFO CLOSE qty=0.000180 entry=79820.90 exit=79821.18 pnl=+0.000050
[07:00:48.232] [INFO] [EXEC] STREAM_PNL stream_id=2 pnl=+0.000050
[07:00:48.238] [INFO] [EXEC] STREAM_RECYCLED level_id=2
[07:00:48.238] [INFO] [EXEC] STREAM_RECYCLED stream_id=2
[07:00:48.239] [INFO] [HEALTH] state=DANGER
[07:00:48.239] [INFO] [EXEC] STREAM_BUY_CAPACITY active_buys=1 active_sells=0 waiting_streams=19 max_active_buys=10 free_buy_slots=9 batch_size=1
[07:00:48.485] [INFO] [EXEC] STREAM_BUY_PLACED level_id=2 order_id=391389701
[07:00:48.485] [OK] [EXEC] PLACE BUY price=79820.90 qty=0.000180
[07:00:48.485] [INFO] [EXEC] STREAM_PLACEMENT_TICK active_buys=2 active_sells=0 waiting_streams=19 free_buy_slots=9 placed=1
[07:00:48.776] [INFO] [EXEC] STREAM_STATS_UI cycles=29 wins=27 losses=2 pnl=+0.000439 winrate=93.10%
[07:00:48.776] [INFO] GUI_PERF tick_ms=0 logs_visible=False gui_log_mode=OFF append_skipped=1018
[07:00:49.496] [INFO] [EXEC] STREAM_BUY_CAPACITY active_buys=2 active_sells=0 waiting_streams=18 max_active_buys=10 free_buy_slots=8 batch_size=1
[07:00:49.752] [INFO] [EXEC] STREAM_BUY_PLACED level_id=3 order_id=391389713
[07:00:49.752] [OK] [EXEC] PLACE BUY price=79813.71 qty=0.000180
[07:00:49.752] [INFO] [EXEC] STREAM_PLACEMENT_TICK active_buys=3 active_sells=0 waiting_streams=18 free_buy_slots=8 placed=1
[07:00:52.010] [INFO] [EXEC] STREAM_RECYCLED level_id=3
[07:00:52.010] [INFO] GUI_PERF tick_ms=0 logs_visible=False gui_log_mode=OFF append_skipped=1023
[07:00:52.010] [INFO] [EXEC] STREAM_BUY_RECENTER old_price=79813.71 new_price=79820.89 distance_ticks=719
[07:00:52.010] [INFO] [EXEC] STREAM_MODE_ACTIVE_SKIP_SINGLE_ENTRY
[07:00:52.010] [INFO] [EXEC] STREAM_BUY_CAPACITY active_buys=2 active_sells=0 waiting_streams=18 max_active_buys=10 free_buy_slots=8 batch_size=1
[07:00:52.280] [INFO] [EXEC] STREAM_BUY_PLACED level_id=3 order_id=391389771
[07:00:52.280] [OK] [EXEC] PLACE BUY price=79820.89 qty=0.000180
[07:00:52.280] [INFO] [EXEC] STREAM_PLACEMENT_TICK active_buys=3 active_sells=0 waiting_streams=18 free_buy_slots=8 placed=1
[07:00:52.830] [INFO] [EXEC] STREAM_BUY_FILLED level_id=1
[07:00:52.830] [OK] [EXEC] CHUNK ADD qty=0.000180 entry=79819.90
[07:00:52.830] [INFO] [EXEC] CHUNK COUNT n=1
[07:00:52.830] [INFO] [EXEC] STREAM_TARGET_USED ticks=28 sell_price=79820.18
[07:00:53.100] [INFO] [EXEC] STREAM_SELL_PLACED stream_id=1 chunk_id=3209824517872 order_id=391389803 price=79820.18 qty=0.000180
[07:00:53.109] [INFO] GUI_PERF tick_ms=0 logs_visible=False gui_log_mode=OFF append_skipped=1034
[07:00:53.793] [INFO] [EXEC] STREAM_BUY_FILLED level_id=2
[07:00:53.793] [OK] [EXEC] CHUNK ADD qty=0.000180 entry=79820.90
[07:00:53.793] [INFO] [EXEC] CHUNK COUNT n=2
[07:00:53.801] [INFO] [EXEC] STREAM_TARGET_USED ticks=28 sell_price=79821.18
[07:00:54.157] [INFO] [EXEC] STREAM_SELL_PLACED stream_id=2 chunk_id=3209824515904 order_id=391389813 price=79821.18 qty=0.000180
[07:00:54.157] [INFO] GUI_PERF tick_ms=0 logs_visible=False gui_log_mode=OFF append_skipped=1039
[07:00:54.515] [INFO] [EXEC] STREAM_BUY_FILLED level_id=3
[07:00:54.515] [OK] [EXEC] CHUNK ADD qty=0.000180 entry=79820.89
[07:00:54.515] [INFO] [EXEC] CHUNK COUNT n=3
[07:00:54.515] [INFO] [EXEC] STREAM_TARGET_USED ticks=28 sell_price=79821.17
[07:00:54.779] [INFO] [EXEC] STREAM_SELL_PLACED stream_id=3 chunk_id=3209824594704 order_id=391389837 price=79821.17 qty=0.000180
[07:00:55.128] [INFO] [EXEC] STREAM_SELL_STATUS stream_id=1 chunk_id=3209824517872 order_id=391389803 status=FILLED
[07:00:55.128] [INFO] [EXEC] STREAM_SELL_FILLED stream_id=1 chunk_id=3209824517872 order_id=391389803
[07:00:55.128] [OK] [EXEC] FIFO CLOSE qty=0.000180 entry=79819.90 exit=79820.18 pnl=+0.000050
[07:00:55.128] [INFO] [EXEC] STREAM_PNL stream_id=1 pnl=+0.000050
[07:00:55.128] [INFO] [EXEC] STREAM_RECYCLED level_id=1
[07:00:55.128] [INFO] [EXEC] STREAM_RECYCLED stream_id=1
[07:00:55.434] [INFO] [EXEC] STREAM_SELL_STATUS stream_id=2 chunk_id=3209824515904 order_id=391389813 status=FILLED
[07:00:55.434] [INFO] GUI_PERF tick_ms=0 logs_visible=False gui_log_mode=OFF append_skipped=1051
[07:00:55.434] [INFO] [EXEC] STREAM_SELL_FILLED stream_id=2 chunk_id=3209824515904 order_id=391389813
[07:00:55.434] [OK] [EXEC] FIFO CLOSE qty=0.000180 entry=79820.90 exit=79821.18 pnl=+0.000050
[07:00:55.434] [INFO] [EXEC] STREAM_PNL stream_id=2 pnl=+0.000050
[07:00:55.434] [INFO] [EXEC] STREAM_RECYCLED level_id=2
[07:00:55.434] [INFO] [EXEC] STREAM_RECYCLED stream_id=2
[07:00:55.736] [INFO] [EXEC] STREAM_SELL_STATUS stream_id=3 chunk_id=3209824594704 order_id=391389837 status=FILLED
[07:00:55.736] [INFO] [EXEC] STREAM_SELL_FILLED stream_id=3 chunk_id=3209824594704 order_id=391389837
[07:00:55.736] [OK] [EXEC] FIFO CLOSE qty=0.000180 entry=79820.89 exit=79821.17 pnl=+0.000050
[07:00:55.736] [INFO] [EXEC] STREAM_PNL stream_id=3 pnl=+0.000050
[07:00:55.736] [INFO] [EXEC] STREAM_RECYCLED level_id=3
[07:00:55.736] [INFO] [EXEC] STREAM_RECYCLED stream_id=3
[07:00:55.736] [INFO] [HEALTH] state=DANGER
[07:00:55.752] [INFO] [EXEC] STREAM_BUY_CAPACITY active_buys=0 active_sells=0 waiting_streams=20 max_active_buys=10 free_buy_slots=10 batch_size=1
[07:00:56.059] [INFO] [EXEC] STREAM_BUY_PLACED level_id=1 order_id=391389857
[07:00:56.059] [OK] [EXEC] PLACE BUY price=79819.90 qty=0.000180
[07:00:56.059] [INFO] [EXEC] STREAM_PLACEMENT_TICK active_buys=1 active_sells=0 waiting_streams=20 free_buy_slots=10 placed=1
[07:00:56.059] [INFO] [EXEC] STREAM_STATS_UI cycles=32 wins=30 losses=2 pnl=+0.000590 winrate=93.75%
[07:00:57.096] [INFO] [EXEC] STREAM_MODE_ACTIVE_SKIP_SINGLE_ENTRY
[07:00:57.096] [INFO] GUI_PERF tick_ms=0 logs_visible=False gui_log_mode=OFF append_skipped=1069
[07:00:57.096] [INFO] [EXEC] STREAM_BUY_CAPACITY active_buys=1 active_sells=0 waiting_streams=19 max_active_buys=10 free_buy_slots=9 batch_size=1
[07:00:57.357] [INFO] [EXEC] STREAM_BUY_PLACED level_id=2 order_id=391389939
[07:00:57.357] [OK] [EXEC] PLACE BUY price=79820.90 qty=0.000180
[07:00:57.357] [INFO] [EXEC] STREAM_PLACEMENT_TICK active_buys=2 active_sells=0 waiting_streams=19 free_buy_slots=9 placed=1
[07:00:58.189] [INFO] [EXEC] STREAM_BUY_FILLED level_id=1
[07:00:58.189] [INFO] GUI_PERF tick_ms=0 logs_visible=False gui_log_mode=OFF append_skipped=1074
[07:00:58.189] [OK] [EXEC] CHUNK ADD qty=0.000180 entry=79819.90
[07:00:58.189] [INFO] [EXEC] CHUNK COUNT n=1
[07:00:58.189] [INFO] [EXEC] STREAM_TARGET_USED ticks=28 sell_price=79820.18
[07:00:58.488] [INFO] [EXEC] STREAM_SELL_PLACED stream_id=1 chunk_id=3209824610512 order_id=391389987 price=79820.18 qty=0.000180
[07:00:58.792] [INFO] [EXEC] STREAM_BUY_FILLED level_id=2
[07:00:58.792] [OK] [EXEC] CHUNK ADD qty=0.000180 entry=79820.90
[07:00:58.792] [INFO] [EXEC] CHUNK COUNT n=2
[07:00:58.808] [INFO] [EXEC] STREAM_TARGET_USED ticks=28 sell_price=79821.18
[07:00:59.122] [INFO] [EXEC] STREAM_SELL_PLACED stream_id=2 chunk_id=3209824606672 order_id=391389999 price=79821.18 qty=0.000180
[07:00:59.871] [INFO] [EXEC] STREAM_SELL_STATUS stream_id=1 chunk_id=3209824610512 order_id=391389987 status=FILLED
[07:00:59.871] [INFO] GUI_PERF tick_ms=0 logs_visible=False gui_log_mode=OFF append_skipped=1084
[07:00:59.871] [INFO] [EXEC] STREAM_SELL_FILLED stream_id=1 chunk_id=3209824610512 order_id=391389987
[07:00:59.871] [OK] [EXEC] FIFO CLOSE qty=0.000180 entry=79819.90 exit=79820.18 pnl=+0.000050
[07:00:59.871] [INFO] [EXEC] STREAM_PNL stream_id=1 pnl=+0.000050
[07:00:59.871] [INFO] [EXEC] STREAM_RECYCLED level_id=1
[07:00:59.871] [INFO] [EXEC] STREAM_RECYCLED stream_id=1
[07:01:00.155] [INFO] [EXEC] STREAM_SELL_STATUS stream_id=2 chunk_id=3209824606672 order_id=391389999 status=FILLED
[07:01:00.160] [INFO] [EXEC] STREAM_SELL_FILLED stream_id=2 chunk_id=3209824606672 order_id=391389999
[07:01:00.160] [OK] [EXEC] FIFO CLOSE qty=0.000180 entry=79820.90 exit=79821.18 pnl=+0.000050
[07:01:00.162] [INFO] [EXEC] STREAM_PNL stream_id=2 pnl=+0.000050
[07:01:00.163] [INFO] [EXEC] STREAM_RECYCLED level_id=2
[07:01:00.163] [INFO] [EXEC] STREAM_RECYCLED stream_id=2
[07:01:00.163] [INFO] [HEALTH] state=DANGER
[07:01:00.163] [INFO] [EXEC] STREAM_BUY_CAPACITY active_buys=0 active_sells=0 waiting_streams=20 max_active_buys=10 free_buy_slots=10 batch_size=1
[07:01:00.421] [INFO] [EXEC] STREAM_BUY_PLACED level_id=1 order_id=391390068
[07:01:00.437] [OK] [EXEC] PLACE BUY price=79819.90 qty=0.000180
[07:01:00.437] [INFO] [EXEC] STREAM_PLACEMENT_TICK active_buys=1 active_sells=0 waiting_streams=20 free_buy_slots=10 placed=1
[07:01:01.484] [INFO] [EXEC] STREAM_RECYCLED level_id=1
[07:01:01.484] [INFO] GUI_PERF tick_ms=0 logs_visible=False gui_log_mode=OFF append_skipped=1101
[07:01:01.484] [INFO] [EXEC] STREAM_BUY_RECENTER old_price=79819.90 new_price=79823.99 distance_ticks=410
[07:01:01.484] [INFO] [EXEC] STREAM_MODE_ACTIVE_SKIP_SINGLE_ENTRY
[07:01:01.484] [INFO] [EXEC] STREAM_BUY_CAPACITY active_buys=0 active_sells=0 waiting_streams=20 max_active_buys=10 free_buy_slots=10 batch_size=1
[07:01:01.744] [INFO] [EXEC] STREAM_BUY_PLACED level_id=1 order_id=391390151
[07:01:01.744] [OK] [EXEC] PLACE BUY price=79823.99 qty=0.000180
[07:01:01.752] [INFO] [EXEC] STREAM_PLACEMENT_TICK active_buys=1 active_sells=0 waiting_streams=20 free_buy_slots=10 placed=1
[07:01:01.752] [INFO] [EXEC] STREAM_STATS_UI cycles=34 wins=32 losses=2 pnl=+0.000691 winrate=94.12%
[07:01:02.667] [INFO] [EXEC] STREAM_BUY_FILLED level_id=1
[07:01:02.667] [INFO] GUI_PERF tick_ms=0 logs_visible=False gui_log_mode=OFF append_skipped=1109
[07:01:02.667] [OK] [EXEC] CHUNK ADD qty=0.000180 entry=79823.99
[07:01:02.675] [INFO] [EXEC] CHUNK COUNT n=1
[07:01:02.675] [INFO] [EXEC] STREAM_TARGET_USED ticks=28 sell_price=79824.27
[07:01:03.113] [INFO] [EXEC] STREAM_SELL_PLACED stream_id=1 chunk_id=3209824542192 order_id=391390200 price=79824.27 qty=0.000180
[07:01:03.623] [INFO] [EXEC] STREAM_SELL_STATUS stream_id=1 chunk_id=3209824542192 order_id=391390200 status=NEW
[07:01:03.623] [INFO] [EXEC] STREAM_REPAIR_SKIP reason=stream_owned_inventory
[07:01:03.623] [INFO] [EXEC] STREAM_GLOBAL_SELL_SKIP reason=exit_recovery_inventory_no_sell
[07:01:03.623] [INFO] [EXEC] STREAM_GLOBAL_SELL_SKIP reason=place_sell
[07:01:04.496] [INFO] [EXEC] STREAM_SELL_STATUS stream_id=1 chunk_id=3209824542192 order_id=391390200 status=NEW
[07:01:04.496] [INFO] GUI_PERF tick_ms=0 logs_visible=False gui_log_mode=OFF append_skipped=1118
[07:01:05.225] [INFO] [EXEC] STREAM_SELL_STATUS stream_id=1 chunk_id=3209824542192 order_id=391390200 status=FILLED
[07:01:05.225] [INFO] [EXEC] STREAM_SELL_FILLED stream_id=1 chunk_id=3209824542192 order_id=391390200
[07:01:05.225] [OK] [EXEC] FIFO CLOSE qty=0.000180 entry=79823.99 exit=79824.27 pnl=+0.000050
[07:01:05.225] [INFO] [EXEC] STREAM_PNL stream_id=1 pnl=+0.000050
[07:01:05.227] [INFO] [EXEC] STREAM_RECYCLED level_id=1
[07:01:05.227] [INFO] [EXEC] STREAM_RECYCLED stream_id=1
[07:01:05.227] [INFO] [HEALTH] state=DANGER
[07:01:05.227] [INFO] [EXEC] STREAM_MODE_ACTIVE_SKIP_SINGLE_ENTRY
[07:01:05.227] [INFO] [EXEC] STREAM_BUY_CAPACITY active_buys=0 active_sells=0 waiting_streams=20 max_active_buys=10 free_buy_slots=10 batch_size=1
[07:01:05.489] [INFO] [EXEC] STREAM_BUY_PLACED level_id=1 order_id=391390276
[07:01:05.498] [INFO] GUI_PERF tick_ms=0 logs_visible=False gui_log_mode=OFF append_skipped=1128
[07:01:05.498] [OK] [EXEC] PLACE BUY price=79823.99 qty=0.000180
[07:01:05.500] [INFO] [EXEC] STREAM_PLACEMENT_TICK active_buys=1 active_sells=0 waiting_streams=20 free_buy_slots=10 placed=1
[07:01:06.251] [INFO] [EXEC] STREAM_BUY_CAPACITY active_buys=1 active_sells=0 waiting_streams=19 max_active_buys=10 free_buy_slots=9 batch_size=1
[07:01:06.510] [INFO] [EXEC] STREAM_BUY_PLACED level_id=2 order_id=391390398
[07:01:06.510] [INFO] GUI_PERF tick_ms=0 logs_visible=False gui_log_mode=OFF append_skipped=1132
[07:01:06.510] [OK] [EXEC] PLACE BUY price=79820.90 qty=0.000180
[07:01:06.510] [INFO] [EXEC] STREAM_PLACEMENT_TICK active_buys=2 active_sells=0 waiting_streams=19 free_buy_slots=9 placed=1
[07:01:07.878] [INFO] [EXEC] STREAM_RECYCLED level_id=2
[07:01:07.878] [INFO] GUI_PERF tick_ms=0 logs_visible=False gui_log_mode=OFF append_skipped=1135
[07:01:07.878] [INFO] [EXEC] STREAM_BUY_RECENTER old_price=79820.90 new_price=79824.87 distance_ticks=398
[07:01:07.878] [INFO] [EXEC] STREAM_BUY_CAPACITY active_buys=1 active_sells=0 waiting_streams=19 max_active_buys=10 free_buy_slots=9 batch_size=1
[07:01:08.154] [INFO] [EXEC] STREAM_BUY_PLACED level_id=2 order_id=391390463
[07:01:08.154] [OK] [EXEC] PLACE BUY price=79824.87 qty=0.000180
[07:01:08.154] [INFO] [EXEC] STREAM_PLACEMENT_TICK active_buys=2 active_sells=0 waiting_streams=19 free_buy_slots=9 placed=1
[07:01:08.154] [INFO] [EXEC] STREAM_STATS_UI cycles=35 wins=33 losses=2 pnl=+0.000742 winrate=94.29%
[07:01:09.015] [INFO] [EXEC] STREAM_BUY_FILLED level_id=1
[07:01:09.015] [INFO] GUI_PERF tick_ms=0 logs_visible=False gui_log_mode=OFF append_skipped=1142
[07:01:09.015] [OK] [EXEC] CHUNK ADD qty=0.000180 entry=79823.99
[07:01:09.015] [INFO] [EXEC] CHUNK COUNT n=1
[07:01:09.015] [INFO] [EXEC] STREAM_TARGET_USED ticks=28 sell_price=79824.27
[07:01:09.314] [INFO] [EXEC] STREAM_SELL_PLACED stream_id=1 chunk_id=3209824579424 order_id=391390522 price=79824.27 qty=0.000180
[07:01:09.831] [INFO] [EXEC] STREAM_RECYCLED level_id=2
[07:01:09.831] [INFO] [EXEC] STREAM_BUY_RECENTER old_price=79824.87 new_price=79827.87 distance_ticks=301
[07:01:10.169] [INFO] [EXEC] STREAM_SELL_STATUS stream_id=1 chunk_id=3209824579424 order_id=391390522 status=FILLED
[07:01:10.169] [INFO] GUI_PERF tick_ms=0 logs_visible=False gui_log_mode=OFF append_skipped=1149
[07:01:10.169] [INFO] [EXEC] STREAM_SELL_FILLED stream_id=1 chunk_id=3209824579424 order_id=391390522
[07:01:10.169] [OK] [EXEC] FIFO CLOSE qty=0.000180 entry=79823.99 exit=79824.27 pnl=+0.000050
[07:01:10.169] [INFO] [EXEC] STREAM_PNL stream_id=1 pnl=+0.000050
[07:01:10.169] [INFO] [EXEC] STREAM_RECYCLED level_id=1
[07:01:10.177] [INFO] [EXEC] STREAM_RECYCLED stream_id=1
[07:01:10.177] [INFO] [EXEC] STREAM_BUY_CAPACITY active_buys=0 active_sells=0 waiting_streams=20 max_active_buys=10 free_buy_slots=10 batch_size=1
[07:01:10.439] [INFO] [EXEC] STREAM_BUY_PLACED level_id=1 order_id=391390625
[07:01:10.439] [OK] [EXEC] PLACE BUY price=79823.99 qty=0.000180
[07:01:10.439] [INFO] [EXEC] STREAM_PLACEMENT_TICK active_buys=1 active_sells=0 waiting_streams=20 free_buy_slots=10 placed=1
[07:01:12.307] [INFO] [EXEC] STREAM_RECYCLED level_id=1
[07:01:12.307] [INFO] GUI_PERF tick_ms=0 logs_visible=False gui_log_mode=OFF append_skipped=1159
[07:01:12.307] [INFO] [EXEC] STREAM_BUY_RECENTER old_price=79823.99 new_price=79833.76 distance_ticks=978
[07:01:12.314] [INFO] [HEALTH] state=DANGER
[07:01:12.314] [INFO] [EXEC] STREAM_MODE_ACTIVE_SKIP_SINGLE_ENTRY
[07:01:12.314] [INFO] [EXEC] STREAM_BUY_CAPACITY active_buys=0 active_sells=0 waiting_streams=20 max_active_buys=10 free_buy_slots=10 batch_size=1
[07:01:12.570] [INFO] [EXEC] STREAM_BUY_PLACED level_id=1 order_id=391390677
[07:01:12.570] [OK] [EXEC] PLACE BUY price=79833.76 qty=0.000180
[07:01:12.570] [INFO] [EXEC] STREAM_PLACEMENT_TICK active_buys=1 active_sells=0 waiting_streams=20 free_buy_slots=10 placed=1
[07:01:14.042] [INFO] [EXEC] STREAM_BUY_FILLED level_id=1
[07:01:14.042] [INFO] GUI_PERF tick_ms=0 logs_visible=False gui_log_mode=OFF append_skipped=1167
[07:01:14.042] [OK] [EXEC] CHUNK ADD qty=0.000180 entry=79833.76
[07:01:14.042] [INFO] [EXEC] CHUNK COUNT n=1
[07:01:14.058] [INFO] [EXEC] STREAM_TARGET_USED ticks=28 sell_price=79834.04
[07:01:14.361] [INFO] [EXEC] STREAM_SELL_PLACED stream_id=1 chunk_id=3209824581872 order_id=391390723 price=79834.04 qty=0.000180
[07:01:14.635] [INFO] [EXEC] STREAM_SELL_STATUS stream_id=1 chunk_id=3209824581872 order_id=391390723 status=NEW
[07:01:14.635] [INFO] [EXEC] STREAM_REPAIR_SKIP reason=stream_owned_inventory
[07:01:14.635] [INFO] [EXEC] STREAM_GLOBAL_SELL_SKIP reason=exit_recovery_inventory_no_sell
[07:01:14.635] [INFO] [EXEC] STREAM_GLOBAL_SELL_SKIP reason=place_sell
[07:01:14.635] [INFO] [EXEC] STREAM_STATS_UI cycles=36 wins=34 losses=2 pnl=+0.000792 winrate=94.44%
[07:01:16.134] [INFO] [EXEC] STREAM_SELL_STATUS stream_id=1 chunk_id=3209824581872 order_id=391390723 status=NEW
[07:01:16.135] [INFO] GUI_PERF tick_ms=0 logs_visible=False gui_log_mode=OFF append_skipped=1177
[07:01:16.800] [INFO] [EXEC] STREAM_SELL_STATUS stream_id=1 chunk_id=3209824581872 order_id=391390723 status=FILLED
[07:01:16.800] [INFO] [EXEC] STREAM_SELL_FILLED stream_id=1 chunk_id=3209824581872 order_id=391390723
[07:01:16.808] [OK] [EXEC] FIFO CLOSE qty=0.000180 entry=79833.76 exit=79834.04 pnl=+0.000050
[07:01:16.808] [INFO] [EXEC] STREAM_PNL stream_id=1 pnl=+0.000050
[07:01:16.808] [INFO] [EXEC] STREAM_RECYCLED level_id=1
[07:01:16.808] [INFO] [EXEC] STREAM_RECYCLED stream_id=1
[07:01:16.808] [WARNING] [HEALTH] block spread_too_young lifetime=0
[07:01:16.808] [WARNING] [HEALTH] unstable_spread lifetime=0
[07:01:16.808] [INFO] [EXEC] STREAM_MODE_ACTIVE_SKIP_SINGLE_ENTRY
[07:01:16.808] [INFO] [EXEC] STREAM_BUY_CAPACITY active_buys=0 active_sells=0 waiting_streams=20 max_active_buys=10 free_buy_slots=10 batch_size=1
[07:01:17.643] [INFO] [EXEC] STREAM_BUY_PLACED level_id=1 order_id=391390751
[07:01:17.643] [INFO] GUI_PERF tick_ms=0 logs_visible=False gui_log_mode=OFF append_skipped=1188
[07:01:17.643] [OK] [EXEC] PLACE BUY price=79833.76 qty=0.000180
[07:01:17.643] [INFO] [EXEC] STREAM_PLACEMENT_TICK active_buys=1 active_sells=0 waiting_streams=20 free_buy_slots=10 placed=1
[07:01:18.434] [INFO] [EXEC] STREAM_BUY_CAPACITY active_buys=1 active_sells=0 waiting_streams=19 max_active_buys=10 free_buy_slots=9 batch_size=1
[07:01:18.761] [INFO] [EXEC] STREAM_BUY_PLACED level_id=2 order_id=391390762
[07:01:18.761] [INFO] GUI_PERF tick_ms=0 logs_visible=False gui_log_mode=OFF append_skipped=1192
[07:01:18.761] [OK] [EXEC] PLACE BUY price=79827.87 qty=0.000180
[07:01:18.761] [INFO] [EXEC] STREAM_PLACEMENT_TICK active_buys=2 active_sells=0 waiting_streams=19 free_buy_slots=9 placed=1
[07:01:19.915] [INFO] [EXEC] STREAM_BUY_FILLED level_id=1
[07:01:19.915] [INFO] GUI_PERF tick_ms=0 logs_visible=False gui_log_mode=OFF append_skipped=1195
[07:01:19.915] [OK] [EXEC] CHUNK ADD qty=0.000180 entry=79833.76
[07:01:19.915] [INFO] [EXEC] CHUNK COUNT n=1
[07:01:19.915] [INFO] [EXEC] STREAM_TARGET_USED ticks=28 sell_price=79834.04
[07:01:20.183] [INFO] [EXEC] STREAM_SELL_PLACED stream_id=1 chunk_id=3209824586880 order_id=391390806 price=79834.04 qty=0.000180
[07:01:20.714] [INFO] [EXEC] STREAM_RECYCLED level_id=2
[07:01:20.714] [INFO] [EXEC] STREAM_BUY_RECENTER old_price=79827.87 new_price=79833.75 distance_ticks=589
[07:01:21.000] [INFO] [EXEC] STREAM_SELL_STATUS stream_id=1 chunk_id=3209824586880 order_id=391390806 status=NEW
[07:01:21.008] [INFO] GUI_PERF tick_ms=0 logs_visible=False gui_log_mode=OFF append_skipped=1202
[07:01:21.008] [INFO] [EXEC] STREAM_REPAIR_SKIP reason=stream_owned_inventory
[07:01:21.008] [INFO] [EXEC] STREAM_GLOBAL_SELL_SKIP reason=exit_recovery_inventory_no_sell
[07:01:21.008] [INFO] [EXEC] STREAM_GLOBAL_SELL_SKIP reason=place_sell
[07:01:21.008] [INFO] [EXEC] STREAM_STATS_UI cycles=37 wins=35 losses=2 pnl=+0.000842 winrate=94.59%
[07:01:22.335] [INFO] [EXEC] STREAM_SELL_STATUS stream_id=1 chunk_id=3209824586880 order_id=391390806 status=FILLED
[07:01:22.335] [INFO] GUI_PERF tick_ms=0 logs_visible=False gui_log_mode=OFF append_skipped=1207
[07:01:22.335] [INFO] [EXEC] STREAM_SELL_FILLED stream_id=1 chunk_id=3209824586880 order_id=391390806
[07:01:22.335] [OK] [EXEC] FIFO CLOSE qty=0.000180 entry=79833.76 exit=79834.04 pnl=+0.000050
[07:01:22.335] [INFO] [EXEC] STREAM_PNL stream_id=1 pnl=+0.000050
[07:01:22.335] [INFO] [EXEC] STREAM_RECYCLED level_id=1
[07:01:22.335] [INFO] [EXEC] STREAM_RECYCLED stream_id=1
[07:01:22.335] [INFO] [HEALTH] state=DANGER
[07:01:22.335] [INFO] [EXEC] STREAM_MODE_ACTIVE_SKIP_SINGLE_ENTRY
[07:01:22.335] [INFO] [EXEC] STREAM_BUY_CAPACITY active_buys=0 active_sells=0 waiting_streams=20 max_active_buys=10 free_buy_slots=10 batch_size=1
[07:01:22.656] [INFO] [EXEC] STREAM_BUY_PLACED level_id=1 order_id=391390865
[07:01:22.656] [OK] [EXEC] PLACE BUY price=79833.76 qty=0.000180
[07:01:22.656] [INFO] [EXEC] STREAM_PLACEMENT_TICK active_buys=1 active_sells=0 waiting_streams=20 free_buy_slots=10 placed=1
[07:01:23.907] [INFO] [EXEC] STREAM_BUY_CAPACITY active_buys=1 active_sells=0 waiting_streams=19 max_active_buys=10 free_buy_slots=9 batch_size=1
[07:01:23.907] [INFO] GUI_PERF tick_ms=0 logs_visible=False gui_log_mode=OFF append_skipped=1219
[07:01:24.288] [INFO] [EXEC] STREAM_BUY_PLACED level_id=2 order_id=391390871
[07:01:24.288] [OK] [EXEC] PLACE BUY price=79833.75 qty=0.000180
[07:01:24.288] [INFO] [EXEC] STREAM_PLACEMENT_TICK active_buys=2 active_sells=0 waiting_streams=19 free_buy_slots=9 placed=1
[07:01:25.514] [INFO] [EXEC] STREAM_BUY_CAPACITY active_buys=2 active_sells=0 waiting_streams=18 max_active_buys=10 free_buy_slots=8 batch_size=1
[07:01:25.514] [INFO] GUI_PERF tick_ms=0 logs_visible=False gui_log_mode=OFF append_skipped=1223
[07:01:25.937] [INFO] [EXEC] STREAM_BUY_PLACED level_id=3 order_id=391390886
[07:01:25.937] [OK] [EXEC] PLACE BUY price=79820.89 qty=0.000180
[07:01:25.937] [INFO] [EXEC] STREAM_PLACEMENT_TICK active_buys=3 active_sells=0 waiting_streams=18 free_buy_slots=8 placed=1
[07:01:27.676] [INFO] [EXEC] STREAM_RECYCLED level_id=3
[07:01:27.676] [INFO] GUI_PERF tick_ms=0 logs_visible=False gui_log_mode=OFF append_skipped=1227
[07:01:27.676] [INFO] [EXEC] STREAM_BUY_RECENTER old_price=79820.89 new_price=79833.75 distance_ticks=1287
[07:01:27.676] [INFO] [EXEC] STREAM_MODE_ACTIVE_SKIP_SINGLE_ENTRY
[07:01:27.676] [INFO] [EXEC] STREAM_BUY_CAPACITY active_buys=2 active_sells=0 waiting_streams=18 max_active_buys=10 free_buy_slots=8 batch_size=1
[07:01:27.938] [INFO] [EXEC] STREAM_BUY_PLACED level_id=3 order_id=391390925
[07:01:27.938] [OK] [EXEC] PLACE BUY price=79833.75 qty=0.000180
[07:01:27.938] [INFO] [EXEC] STREAM_PLACEMENT_TICK active_buys=3 active_sells=0 waiting_streams=18 free_buy_slots=8 placed=1
[07:01:27.938] [INFO] [EXEC] STREAM_STATS_UI cycles=38 wins=36 losses=2 pnl=+0.000893 winrate=94.74%
[07:01:28.844] [INFO] [EXEC] STREAM_BUY_FILLED level_id=1
[07:01:28.844] [INFO] GUI_PERF tick_ms=0 logs_visible=False gui_log_mode=OFF append_skipped=1235
[07:01:28.844] [OK] [EXEC] CHUNK ADD qty=0.000180 entry=79833.76
[07:01:28.844] [INFO] [EXEC] CHUNK COUNT n=1
[07:01:28.844] [INFO] [EXEC] STREAM_TARGET_USED ticks=28 sell_price=79834.04
[07:01:29.511] [INFO] [EXEC] STREAM_SELL_PLACED stream_id=1 chunk_id=3209824543584 order_id=391390944 price=79834.04 qty=0.000180
[07:01:29.824] [INFO] [EXEC] STREAM_BUY_FILLED level_id=2
[07:01:29.824] [OK] [EXEC] CHUNK ADD qty=0.000180 entry=79833.75
[07:01:29.824] [INFO] [EXEC] CHUNK COUNT n=2
[07:01:29.824] [INFO] [EXEC] STREAM_TARGET_USED ticks=28 sell_price=79834.03
[07:01:30.326] [INFO] [EXEC] STREAM_SELL_PLACED stream_id=2 chunk_id=3209824540464 order_id=391390947 price=79834.03 qty=0.000180
[07:01:30.326] [INFO] GUI_PERF tick_ms=0 logs_visible=False gui_log_mode=OFF append_skipped=1244
[07:01:30.942] [INFO] [EXEC] STREAM_BUY_FILLED level_id=3
[07:01:30.950] [OK] [EXEC] CHUNK ADD qty=0.000180 entry=79833.75
[07:01:30.950] [INFO] [EXEC] CHUNK COUNT n=3
[07:01:30.950] [INFO] [EXEC] STREAM_TARGET_USED ticks=28 sell_price=79834.03
[07:01:31.206] [INFO] [EXEC] STREAM_SELL_PLACED stream_id=3 chunk_id=3209824546608 order_id=391390953 price=79834.03 qty=0.000180
[07:01:31.965] [INFO] [EXEC] STREAM_SELL_STATUS stream_id=1 chunk_id=3209824543584 order_id=391390944 status=NEW
[07:01:31.965] [INFO] GUI_PERF tick_ms=0 logs_visible=False gui_log_mode=OFF append_skipped=1250
[07:01:32.263] [INFO] [EXEC] STREAM_SELL_STATUS stream_id=2 chunk_id=3209824540464 order_id=391390947 status=FILLED
[07:01:32.263] [INFO] [EXEC] STREAM_SELL_FILLED stream_id=2 chunk_id=3209824540464 order_id=391390947
[07:01:32.263] [OK] [EXEC] FIFO CLOSE qty=0.000180 entry=79833.75 exit=79834.03 pnl=+0.000050
[07:01:32.263] [INFO] [EXEC] STREAM_PNL stream_id=2 pnl=+0.000050
[07:01:32.279] [INFO] [EXEC] STREAM_RECYCLED level_id=2
[07:01:32.279] [INFO] [EXEC] STREAM_RECYCLED stream_id=2
[07:01:32.575] [INFO] [EXEC] STREAM_SELL_STATUS stream_id=3 chunk_id=3209824546608 order_id=391390953 status=FILLED
[07:01:32.583] [INFO] [EXEC] STREAM_SELL_FILLED stream_id=3 chunk_id=3209824546608 order_id=391390953
[07:01:32.583] [OK] [EXEC] FIFO CLOSE qty=0.000180 entry=79833.75 exit=79834.03 pnl=+0.000050
[07:01:32.583] [INFO] [EXEC] STREAM_PNL stream_id=3 pnl=+0.000050
[07:01:32.583] [INFO] [EXEC] STREAM_RECYCLED level_id=3
[07:01:32.583] [INFO] [EXEC] STREAM_RECYCLED stream_id=3
[07:01:32.583] [INFO] [EXEC] STREAM_REPAIR_SKIP reason=stream_owned_inventory
[07:01:32.583] [INFO] [EXEC] STREAM_GLOBAL_SELL_SKIP reason=exit_recovery_inventory_no_sell
[07:01:32.583] [INFO] [EXEC] STREAM_GLOBAL_SELL_SKIP reason=place_sell
[07:01:34.015] [INFO] [EXEC] STREAM_SELL_STATUS stream_id=1 chunk_id=3209824543584 order_id=391390944 status=FILLED
[07:01:34.015] [INFO] GUI_PERF tick_ms=0 logs_visible=False gui_log_mode=OFF append_skipped=1266
[07:01:34.015] [INFO] [EXEC] STREAM_SELL_FILLED stream_id=1 chunk_id=3209824543584 order_id=391390944
[07:01:34.015] [OK] [EXEC] FIFO CLOSE qty=0.000180 entry=79833.76 exit=79834.04 pnl=+0.000050
[07:01:34.015] [INFO] [EXEC] STREAM_PNL stream_id=1 pnl=+0.000050
[07:01:34.015] [INFO] [EXEC] STREAM_RECYCLED level_id=1
[07:01:34.015] [INFO] [EXEC] STREAM_RECYCLED stream_id=1
[07:01:34.015] [INFO] [HEALTH] state=DANGER
[07:01:34.015] [INFO] [EXEC] STREAM_MODE_ACTIVE_SKIP_SINGLE_ENTRY
[07:01:34.015] [INFO] [EXEC] STREAM_BUY_CAPACITY active_buys=0 active_sells=0 waiting_streams=20 max_active_buys=10 free_buy_slots=10 batch_size=1
[07:01:34.320] [INFO] [EXEC] STREAM_BUY_PLACED level_id=1 order_id=391390992
[07:01:34.320] [OK] [EXEC] PLACE BUY price=79833.76 qty=0.000180
[07:01:34.320] [INFO] [EXEC] STREAM_PLACEMENT_TICK active_buys=1 active_sells=0 waiting_streams=20 free_buy_slots=10 placed=1
[07:01:34.320] [INFO] [EXEC] STREAM_STATS_UI cycles=41 wins=39 losses=2 pnl=+0.001044 winrate=95.12%
[07:01:35.549] [INFO] [EXEC] STREAM_BUY_CAPACITY active_buys=1 active_sells=0 waiting_streams=19 max_active_buys=10 free_buy_slots=9 batch_size=1
[07:01:35.549] [INFO] GUI_PERF tick_ms=0 logs_visible=False gui_log_mode=OFF append_skipped=1279
[07:01:35.851] [INFO] [EXEC] STREAM_BUY_PLACED level_id=2 order_id=391391009
[07:01:35.851] [OK] [EXEC] PLACE BUY price=79833.75 qty=0.000180
[07:01:35.859] [INFO] [EXEC] STREAM_PLACEMENT_TICK active_buys=2 active_sells=0 waiting_streams=19 free_buy_slots=9 placed=1
[07:01:36.879] [INFO] [EXEC] STREAM_BUY_CAPACITY active_buys=2 active_sells=0 waiting_streams=18 max_active_buys=10 free_buy_slots=8 batch_size=1
[07:01:36.879] [INFO] GUI_PERF tick_ms=0 logs_visible=False gui_log_mode=OFF append_skipped=1283
[07:01:37.190] [INFO] [EXEC] STREAM_BUY_PLACED level_id=3 order_id=391391024
[07:01:37.190] [OK] [EXEC] PLACE BUY price=79833.75 qty=0.000180
[07:01:37.190] [INFO] [EXEC] STREAM_PLACEMENT_TICK active_buys=3 active_sells=0 waiting_streams=18 free_buy_slots=8 placed=1
[07:01:38.317] [INFO] [EXEC] STREAM_BUY_FILLED level_id=3
[07:01:38.317] [INFO] GUI_PERF tick_ms=0 logs_visible=False gui_log_mode=OFF append_skipped=1287
[07:01:38.325] [OK] [EXEC] CHUNK ADD qty=0.000180 entry=79833.75
[07:01:38.326] [INFO] [EXEC] CHUNK COUNT n=1
[07:01:38.326] [INFO] [EXEC] STREAM_TARGET_USED ticks=28 sell_price=79834.03
[07:01:38.584] [INFO] [EXEC] STREAM_SELL_PLACED stream_id=3 chunk_id=3209824521920 order_id=391391071 price=79834.03 qty=0.000180
[07:01:38.847] [INFO] [EXEC] STREAM_SELL_STATUS stream_id=3 chunk_id=3209824521920 order_id=391391071 status=NEW
[07:01:38.847] [INFO] [EXEC] STREAM_REPAIR_SKIP reason=stream_owned_inventory
[07:01:38.847] [INFO] [EXEC] STREAM_GLOBAL_SELL_SKIP reason=exit_recovery_inventory_no_sell
[07:01:38.847] [INFO] [EXEC] STREAM_GLOBAL_SELL_SKIP reason=place_sell
[07:01:39.790] [INFO] [EXEC] STREAM_BUY_FILLED level_id=1
[07:01:39.790] [INFO] GUI_PERF tick_ms=0 logs_visible=False gui_log_mode=OFF append_skipped=1296
[07:01:39.798] [OK] [EXEC] CHUNK ADD qty=0.000180 entry=79833.76
[07:01:39.798] [INFO] [EXEC] CHUNK COUNT n=2
[07:01:39.798] [INFO] [EXEC] STREAM_TARGET_USED ticks=28 sell_price=79834.04
[07:01:40.058] [INFO] [EXEC] STREAM_SELL_PLACED stream_id=1 chunk_id=3209824589232 order_id=391391115 price=79834.04 qty=0.000180
[07:01:40.453] [INFO] [EXEC] STREAM_BUY_FILLED level_id=2
[07:01:40.453] [OK] [EXEC] CHUNK ADD qty=0.000180 entry=79833.75
[07:01:40.453] [INFO] [EXEC] CHUNK COUNT n=3
[07:01:40.467] [INFO] [EXEC] STREAM_TARGET_USED ticks=28 sell_price=79834.03
[07:01:40.717] [INFO] [EXEC] STREAM_SELL_PLACED stream_id=2 chunk_id=3209824596336 order_id=391391172 price=79834.03 qty=0.000180
[07:01:41.078] [INFO] [EXEC] STREAM_SELL_STATUS stream_id=3 chunk_id=3209824521920 order_id=391391071 status=FILLED
[07:01:41.078] [INFO] GUI_PERF tick_ms=0 logs_visible=False gui_log_mode=OFF append_skipped=1306
[07:01:41.078] [INFO] [EXEC] STREAM_SELL_FILLED stream_id=3 chunk_id=3209824521920 order_id=391391071
[07:01:41.078] [OK] [EXEC] FIFO CLOSE qty=0.000180 entry=79833.75 exit=79834.03 pnl=+0.000050
[07:01:41.078] [INFO] [EXEC] STREAM_PNL stream_id=3 pnl=+0.000050
[07:01:41.078] [INFO] [EXEC] STREAM_RECYCLED level_id=3
[07:01:41.086] [INFO] [EXEC] STREAM_RECYCLED stream_id=3
[07:01:41.344] [INFO] [EXEC] STREAM_SELL_STATUS stream_id=1 chunk_id=3209824589232 order_id=391391115 status=FILLED
[07:01:41.344] [INFO] [EXEC] STREAM_SELL_FILLED stream_id=1 chunk_id=3209824589232 order_id=391391115
[07:01:41.346] [OK] [EXEC] FIFO CLOSE qty=0.000180 entry=79833.76 exit=79834.04 pnl=+0.000050
[07:01:41.346] [INFO] [EXEC] STREAM_PNL stream_id=1 pnl=+0.000050
[07:01:41.346] [INFO] [EXEC] STREAM_RECYCLED level_id=1
[07:01:41.346] [INFO] [EXEC] STREAM_RECYCLED stream_id=1
[07:01:41.892] [INFO] [EXEC] STREAM_SELL_STATUS stream_id=2 chunk_id=3209824596336 order_id=391391172 status=FILLED
[07:01:41.892] [INFO] [EXEC] STREAM_SELL_FILLED stream_id=2 chunk_id=3209824596336 order_id=391391172
[07:01:41.892] [OK] [EXEC] FIFO CLOSE qty=0.000180 entry=79833.75 exit=79834.03 pnl=+0.000050
[07:01:41.901] [INFO] [EXEC] STREAM_PNL stream_id=2 pnl=+0.000050
[07:01:41.901] [INFO] [EXEC] STREAM_RECYCLED level_id=2
[07:01:41.901] [INFO] [EXEC] STREAM_RECYCLED stream_id=2
[07:01:41.901] [INFO] [HEALTH] state=DANGER
[07:01:41.901] [INFO] [EXEC] STREAM_MODE_ACTIVE_SKIP_SINGLE_ENTRY
[07:01:41.901] [INFO] [EXEC] STREAM_BUY_CAPACITY active_buys=0 active_sells=0 waiting_streams=20 max_active_buys=10 free_buy_slots=10 batch_size=1
[07:01:42.157] [INFO] [EXEC] STREAM_BUY_PLACED level_id=1 order_id=391391271
[07:01:42.157] [INFO] GUI_PERF tick_ms=0 logs_visible=False gui_log_mode=OFF append_skipped=1327
[07:01:42.157] [OK] [EXEC] PLACE BUY price=79833.76 qty=0.000180
[07:01:42.157] [INFO] [EXEC] STREAM_PLACEMENT_TICK active_buys=1 active_sells=0 waiting_streams=20 free_buy_slots=10 placed=1
[07:01:42.157] [INFO] [EXEC] STREAM_STATS_UI cycles=44 wins=42 losses=2 pnl=+0.001195 winrate=95.45%
[07:01:43.063] [INFO] [EXEC] STREAM_RECYCLED level_id=1
[07:01:43.063] [INFO] [EXEC] STREAM_BUY_RECENTER old_price=79833.76 new_price=79840.66 distance_ticks=691
[07:01:43.063] [WARNING] [HEALTH] block spread_too_young lifetime=0
[07:01:43.063] [WARNING] [HEALTH] unstable_spread lifetime=0
[07:01:43.063] [INFO] [EXEC] STREAM_BUY_CAPACITY active_buys=0 active_sells=0 waiting_streams=20 max_active_buys=10 free_buy_slots=10 batch_size=1
[07:01:43.331] [INFO] [EXEC] STREAM_BUY_PLACED level_id=1 order_id=391391359
[07:01:43.331] [INFO] GUI_PERF tick_ms=0 logs_visible=False gui_log_mode=OFF append_skipped=1336
[07:01:43.331] [OK] [EXEC] PLACE BUY price=79840.66 qty=0.000180
[07:01:43.338] [INFO] [EXEC] STREAM_PLACEMENT_TICK active_buys=1 active_sells=0 waiting_streams=20 free_buy_slots=10 placed=1
[07:01:44.412] [INFO] [EXEC] STREAM_MODE_ACTIVE_SKIP_SINGLE_ENTRY
[07:01:44.412] [INFO] GUI_PERF tick_ms=0 logs_visible=False gui_log_mode=OFF append_skipped=1339
[07:01:44.412] [INFO] [EXEC] STREAM_BUY_CAPACITY active_buys=1 active_sells=0 waiting_streams=19 max_active_buys=10 free_buy_slots=9 batch_size=1
[07:01:44.686] [INFO] [EXEC] STREAM_BUY_PLACED level_id=2 order_id=391391416
[07:01:44.686] [OK] [EXEC] PLACE BUY price=79833.75 qty=0.000180
[07:01:44.686] [INFO] [EXEC] STREAM_PLACEMENT_TICK active_buys=2 active_sells=0 waiting_streams=19 free_buy_slots=9 placed=1
[07:01:45.849] [INFO] [EXEC] STREAM_RECYCLED level_id=1
[07:01:45.849] [INFO] GUI_PERF tick_ms=0 logs_visible=False gui_log_mode=OFF append_skipped=1344
[07:01:45.849] [INFO] [EXEC] STREAM_BUY_RECENTER old_price=79840.66 new_price=79842.05 distance_ticks=140
[07:01:46.130] [INFO] [EXEC] STREAM_BUY_CAPACITY active_buys=1 active_sells=0 waiting_streams=19 max_active_buys=10 free_buy_slots=9 batch_size=1
[07:01:46.389] [INFO] [EXEC] STREAM_BUY_PLACED level_id=1 order_id=391391489
[07:01:46.389] [OK] [EXEC] PLACE BUY price=79842.05 qty=0.000180
[07:01:46.389] [INFO] [EXEC] STREAM_PLACEMENT_TICK active_buys=2 active_sells=0 waiting_streams=19 free_buy_slots=9 placed=1
[07:01:47.405] [INFO] [EXEC] STREAM_RECYCLED level_id=1
[07:01:47.405] [INFO] GUI_PERF tick_ms=0 logs_visible=False gui_log_mode=OFF append_skipped=1350
[07:01:47.405] [INFO] [EXEC] STREAM_BUY_RECENTER old_price=79842.05 new_price=79843.73 distance_ticks=169
[07:01:47.687] [WARNING] [HEALTH] block spread_too_young lifetime=0
[07:01:47.687] [WARNING] [HEALTH] unstable_spread lifetime=0
[07:01:47.687] [INFO] [EXEC] STREAM_BUY_CAPACITY active_buys=1 active_sells=0 waiting_streams=19 max_active_buys=10 free_buy_slots=9 batch_size=1
[07:01:47.949] [INFO] [EXEC] STREAM_BUY_PLACED level_id=1 order_id=391391597
[07:01:47.949] [OK] [EXEC] PLACE BUY price=79843.73 qty=0.000180
[07:01:47.949] [INFO] [EXEC] STREAM_PLACEMENT_TICK active_buys=2 active_sells=0 waiting_streams=19 free_buy_slots=9 placed=1
[07:01:48.220] [INFO] [EXEC] STREAM_STATS_UI cycles=44 wins=42 losses=2 pnl=+0.001195 winrate=95.45%
[07:01:48.667] [INFO] [EXEC] STREAM_BUY_FILLED level_id=1
[07:01:48.667] [INFO] GUI_PERF tick_ms=0 logs_visible=False gui_log_mode=OFF append_skipped=1359
[07:01:48.667] [OK] [EXEC] CHUNK ADD qty=0.000180 entry=79843.73
[07:01:48.667] [INFO] [EXEC] CHUNK COUNT n=1
[07:01:48.667] [INFO] [EXEC] STREAM_TARGET_USED ticks=28 sell_price=79844.01
[07:01:48.942] [INFO] [EXEC] STREAM_SELL_PLACED stream_id=1 chunk_id=3209824581584 order_id=391391740 price=79844.01 qty=0.000180
[07:01:49.522] [INFO] [EXEC] STREAM_RECYCLED level_id=2
[07:01:49.522] [INFO] [EXEC] STREAM_BUY_RECENTER old_price=79833.75 new_price=79837.07 distance_ticks=333
[07:01:49.780] [INFO] [EXEC] STREAM_SELL_STATUS stream_id=1 chunk_id=3209824581584 order_id=391391740 status=NEW
[07:01:49.780] [INFO] GUI_PERF tick_ms=0 logs_visible=False gui_log_mode=OFF append_skipped=1366
[07:01:49.780] [INFO] [EXEC] STREAM_REPAIR_SKIP reason=stream_owned_inventory
[07:01:49.780] [INFO] [EXEC] STREAM_GLOBAL_SELL_SKIP reason=exit_recovery_inventory_no_sell
[07:01:49.780] [INFO] [EXEC] STREAM_GLOBAL_SELL_SKIP reason=place_sell
[07:01:50.968] [INFO] [EXEC] STREAM_SELL_STATUS stream_id=1 chunk_id=3209824581584 order_id=391391740 status=NEW
[07:01:50.976] [INFO] GUI_PERF tick_ms=0 logs_visible=False gui_log_mode=OFF append_skipped=1370
[07:01:51.753] [WARNING] [EXEC] STREAM_SELL_TIMEOUT stream_id=1 chunk_id=3209824581584 order_id=391391740 age_ms=3085 timeout_ms=2800
[07:01:52.252] [INFO] [EXEC] STREAM_SELL_CANCEL_OLD stream_id=1 chunk_id=3209824581584 order_id=391391740
[07:01:52.254] [INFO] GUI_PERF tick_ms=0 logs_visible=False gui_log_mode=OFF append_skipped=1372
[07:01:52.254] [INFO] [EXEC] STREAM_STOP_LOSS_BLOCKED_RETRY_AVAILABLE retry_count=0 retry_max=2 stream_id=1 chunk_id=3209824581584 order_id=391391740
[07:01:52.260] [INFO] [EXEC] STREAM_SELL_RETRY_PLACED stream_id=1 chunk_id=3209824581584 prev_order_id=391391740 retry_count=1 price=79843.83 qty=0.000180
[07:01:52.527] [INFO] [EXEC] STREAM_REPAIR_SKIP reason=stream_owned_inventory
[07:01:52.527] [INFO] [EXEC] STREAM_GLOBAL_SELL_SKIP reason=exit_recovery_inventory_no_sell
[07:01:52.527] [INFO] [EXEC] STREAM_GLOBAL_SELL_SKIP reason=place_sell
[07:01:53.244] [INFO] [EXEC] STREAM_SELL_STATUS stream_id=1 chunk_id=3209824581584 order_id=391392110 status=NEW
[07:01:54.437] [INFO] [EXEC] STREAM_STATS_UI cycles=44 wins=42 losses=2 pnl=+0.001195 winrate=95.45%
[07:01:54.437] [INFO] GUI_PERF tick_ms=0 logs_visible=False gui_log_mode=OFF append_skipped=1379
[07:01:55.496] [INFO] [EXEC] STREAM_SELL_STATUS stream_id=1 chunk_id=3209824581584 order_id=391392110 status=NEW
[07:01:55.504] [INFO] GUI_PERF tick_ms=0 logs_visible=False gui_log_mode=OFF append_skipped=1380
[07:01:55.504] [WARNING] [EXEC] STREAM_SELL_TIMEOUT stream_id=1 chunk_id=3209824581584 order_id=391392110 age_ms=3700 timeout_ms=2800
[07:01:55.750] [INFO] [EXEC] STREAM_SELL_CANCEL_OLD stream_id=1 chunk_id=3209824581584 order_id=391392110
[07:01:55.750] [INFO] [EXEC] STREAM_STOP_LOSS_BLOCKED_RETRY_AVAILABLE retry_count=1 retry_max=2 stream_id=1 chunk_id=3209824581584 order_id=391392110
[07:01:55.750] [INFO] [EXEC] STREAM_SELL_RETRY_PLACED stream_id=1 chunk_id=3209824581584 prev_order_id=391392110 retry_count=2 price=79843.83 qty=0.000180
[07:01:56.018] [INFO] [EXEC] STREAM_REPAIR_SKIP reason=stream_owned_inventory
[07:01:56.018] [INFO] [EXEC] STREAM_GLOBAL_SELL_SKIP reason=exit_recovery_inventory_no_sell
[07:01:56.018] [INFO] [EXEC] STREAM_GLOBAL_SELL_SKIP reason=place_sell
[07:01:57.347] [INFO] [EXEC] STREAM_SELL_STATUS stream_id=1 chunk_id=3209824581584 order_id=391392233 status=NEW
[07:01:57.350] [INFO] GUI_PERF tick_ms=0 logs_visible=False gui_log_mode=OFF append_skipped=1388
[07:01:58.959] [WARNING] [EXEC] STREAM_SELL_TIMEOUT stream_id=1 chunk_id=3209824581584 order_id=391392233 age_ms=3459 timeout_ms=2800
[07:01:58.959] [INFO] GUI_PERF tick_ms=0 logs_visible=False gui_log_mode=OFF append_skipped=1389
[07:01:59.229] [INFO] [EXEC] STREAM_SELL_CANCEL_OLD stream_id=1 chunk_id=3209824581584 order_id=391392233
[07:01:59.229] [WARNING] [EXEC] STREAM_STOP_LOSS_EXIT stream_id=1 chunk_id=3209824581584 order_id=391392233 stop_price=79841.53 retry_count=2 retry_max=2
[07:01:59.483] [INFO] [EXEC] STREAM_REPAIR_SKIP reason=stream_owned_inventory
[07:01:59.483] [INFO] [EXEC] STREAM_GLOBAL_SELL_SKIP reason=exit_recovery_inventory_no_sell
[07:01:59.483] [INFO] [EXEC] STREAM_GLOBAL_SELL_SKIP reason=place_sell
[07:01:59.483] [INFO] [EXEC] STREAM_STATS_UI cycles=44 wins=42 losses=2 pnl=+0.001195 winrate=95.45%
[07:02:00.161] [INFO] [EXEC] STREAM_SELL_STATUS stream_id=1 chunk_id=3209824581584 order_id=391392408 status=NEW
[07:02:00.161] [INFO] GUI_PERF tick_ms=0 logs_visible=False gui_log_mode=OFF append_skipped=1396
[07:02:02.974] [WARNING] [EXEC] STREAM_SELL_TIMEOUT stream_id=1 chunk_id=3209824581584 order_id=391392408 age_ms=4008 timeout_ms=2800
[07:02:02.974] [INFO] GUI_PERF tick_ms=0 logs_visible=False gui_log_mode=OFF append_skipped=1397
[07:02:03.275] [INFO] [EXEC] STREAM_SELL_CANCEL_OLD stream_id=1 chunk_id=3209824581584 order_id=391392408
[07:02:03.275] [WARNING] [EXEC] STREAM_STOP_LOSS_EXIT stream_id=1 chunk_id=3209824581584 order_id=391392408 stop_price=79841.53 retry_count=2 retry_max=2
[07:02:03.591] [INFO] [EXEC] STREAM_REPAIR_SKIP reason=stream_owned_inventory
[07:02:03.591] [INFO] [EXEC] STREAM_GLOBAL_SELL_SKIP reason=exit_recovery_inventory_no_sell
[07:02:03.591] [INFO] [EXEC] STREAM_GLOBAL_SELL_SKIP reason=place_sell
[07:02:04.259] [INFO] [EXEC] STREAM_SELL_STATUS stream_id=1 chunk_id=3209824581584 order_id=391392619 status=NEW
[07:02:04.259] [INFO] GUI_PERF tick_ms=0 logs_visible=False gui_log_mode=OFF append_skipped=1403
[07:02:05.075] [INFO] [EXEC] STREAM_STATS_UI cycles=44 wins=42 losses=2 pnl=+0.001195 winrate=95.45%
[07:02:05.783] [INFO] [EXEC] STREAM_SELL_STATUS stream_id=1 chunk_id=3209824581584 order_id=391392619 status=NEW
[07:02:05.783] [INFO] GUI_PERF tick_ms=0 logs_visible=False gui_log_mode=OFF append_skipped=1405
[07:02:05.783] [WARNING] [EXEC] STREAM_SELL_TIMEOUT stream_id=1 chunk_id=3209824581584 order_id=391392619 age_ms=2845 timeout_ms=2800
[07:02:06.042] [INFO] [EXEC] STREAM_SELL_CANCEL_OLD stream_id=1 chunk_id=3209824581584 order_id=391392619
[07:02:06.042] [WARNING] [EXEC] STREAM_STOP_LOSS_EXIT stream_id=1 chunk_id=3209824581584 order_id=391392619 stop_price=79841.53 retry_count=2 retry_max=2
[07:02:06.353] [INFO] [EXEC] STREAM_REPAIR_SKIP reason=stream_owned_inventory
[07:02:06.354] [INFO] [EXEC] STREAM_GLOBAL_SELL_SKIP reason=exit_recovery_inventory_no_sell
[07:02:06.354] [INFO] [EXEC] STREAM_GLOBAL_SELL_SKIP reason=place_sell
[07:02:07.077] [INFO] [EXEC] STREAM_SELL_STATUS stream_id=1 chunk_id=3209824581584 order_id=391392720 status=NEW
[07:02:07.077] [INFO] GUI_PERF tick_ms=0 logs_visible=False gui_log_mode=OFF append_skipped=1412
[07:02:08.702] [WARNING] [EXEC] STREAM_SELL_TIMEOUT stream_id=1 chunk_id=3209824581584 order_id=391392720 age_ms=2865 timeout_ms=2800
[07:02:08.702] [INFO] GUI_PERF tick_ms=0 logs_visible=False gui_log_mode=OFF append_skipped=1413
[07:02:08.973] [INFO] [EXEC] STREAM_SELL_CANCEL_OLD stream_id=1 chunk_id=3209824581584 order_id=391392720
[07:02:08.973] [WARNING] [EXEC] STREAM_STOP_LOSS_EXIT stream_id=1 chunk_id=3209824581584 order_id=391392720 stop_price=79841.53 retry_count=2 retry_max=2
[07:02:09.231] [INFO] [EXEC] STREAM_REPAIR_SKIP reason=stream_owned_inventory
[07:02:09.231] [INFO] [EXEC] STREAM_GLOBAL_SELL_SKIP reason=exit_recovery_inventory_no_sell
[07:02:09.231] [INFO] [EXEC] STREAM_GLOBAL_SELL_SKIP reason=place_sell
[07:02:09.861] [INFO] [EXEC] STREAM_SELL_STATUS stream_id=1 chunk_id=3209824581584 order_id=391392912 status=NEW
[07:02:09.861] [INFO] GUI_PERF tick_ms=0 logs_visible=False gui_log_mode=OFF append_skipped=1419
[07:02:10.751] [INFO] [EXEC] STREAM_STATS_UI cycles=44 wins=42 losses=2 pnl=+0.001195 winrate=95.45%
[07:02:11.378] [INFO] [EXEC] STREAM_SELL_STATUS stream_id=1 chunk_id=3209824581584 order_id=391392912 status=NEW
[07:02:11.378] [INFO] GUI_PERF tick_ms=0 logs_visible=False gui_log_mode=OFF append_skipped=1421
[07:02:12.620] [WARNING] [EXEC] STREAM_SELL_TIMEOUT stream_id=1 chunk_id=3209824581584 order_id=391392912 age_ms=3993 timeout_ms=2800
[07:02:12.620] [INFO] GUI_PERF tick_ms=0 logs_visible=False gui_log_mode=OFF append_skipped=1422
[07:02:12.889] [INFO] [EXEC] STREAM_SELL_CANCEL_OLD stream_id=1 chunk_id=3209824581584 order_id=391392912
[07:02:12.889] [WARNING] [EXEC] STREAM_STOP_LOSS_EXIT stream_id=1 chunk_id=3209824581584 order_id=391392912 stop_price=79841.53 retry_count=2 retry_max=2
[07:02:13.205] [INFO] [EXEC] STREAM_REPAIR_SKIP reason=stream_owned_inventory
[07:02:13.205] [INFO] [EXEC] STREAM_GLOBAL_SELL_SKIP reason=exit_recovery_inventory_no_sell
[07:02:13.205] [INFO] [EXEC] STREAM_GLOBAL_SELL_SKIP reason=place_sell
[07:02:13.986] [INFO] [EXEC] STREAM_SELL_STATUS stream_id=1 chunk_id=3209824581584 order_id=391393099 status=NEW
[07:02:13.986] [INFO] GUI_PERF tick_ms=0 logs_visible=False gui_log_mode=OFF append_skipped=1428
[07:02:15.971] [WARNING] [EXEC] STREAM_SELL_TIMEOUT stream_id=1 chunk_id=3209824581584 order_id=391393099 age_ms=3320 timeout_ms=2800
[07:02:15.971] [INFO] GUI_PERF tick_ms=0 logs_visible=False gui_log_mode=OFF append_skipped=1429
[07:02:16.236] [INFO] [EXEC] STREAM_SELL_CANCEL_OLD stream_id=1 chunk_id=3209824581584 order_id=391393099
[07:02:16.236] [WARNING] [EXEC] STREAM_STOP_LOSS_EXIT stream_id=1 chunk_id=3209824581584 order_id=391393099 stop_price=79841.53 retry_count=2 retry_max=2
[07:02:16.501] [INFO] [EXEC] STREAM_REPAIR_SKIP reason=stream_owned_inventory
[07:02:16.501] [INFO] [EXEC] STREAM_GLOBAL_SELL_SKIP reason=exit_recovery_inventory_no_sell
[07:02:16.505] [INFO] [EXEC] STREAM_GLOBAL_SELL_SKIP reason=place_sell
[07:02:16.796] [INFO] [EXEC] STREAM_STATS_UI cycles=44 wins=42 losses=2 pnl=+0.001195 winrate=95.45%
[07:02:17.207] [INFO] [EXEC] STREAM_SELL_STATUS stream_id=1 chunk_id=3209824581584 order_id=391393144 status=NEW
[07:02:17.207] [INFO] GUI_PERF tick_ms=0 logs_visible=False gui_log_mode=OFF append_skipped=1436
[07:02:19.254] [WARNING] [EXEC] STREAM_SELL_TIMEOUT stream_id=1 chunk_id=3209824581584 order_id=391393144 age_ms=3280 timeout_ms=2800
[07:02:19.254] [INFO] GUI_PERF tick_ms=0 logs_visible=False gui_log_mode=OFF append_skipped=1437
[07:02:19.513] [INFO] [EXEC] STREAM_SELL_CANCEL_OLD stream_id=1 chunk_id=3209824581584 order_id=391393144
[07:02:19.513] [WARNING] [EXEC] STREAM_STOP_LOSS_EXIT stream_id=1 chunk_id=3209824581584 order_id=391393144 stop_price=79841.53 retry_count=2 retry_max=2
[07:02:19.861] [INFO] [EXEC] STREAM_REPAIR_SKIP reason=stream_owned_inventory
[07:02:19.861] [INFO] [EXEC] STREAM_GLOBAL_SELL_SKIP reason=exit_recovery_inventory_no_sell
[07:02:19.861] [INFO] [EXEC] STREAM_GLOBAL_SELL_SKIP reason=place_sell
[07:02:21.024] [INFO] [EXEC] STREAM_SELL_STATUS stream_id=1 chunk_id=3209824581584 order_id=391393256 status=NEW
[07:02:21.024] [INFO] GUI_PERF tick_ms=0 logs_visible=False gui_log_mode=OFF append_skipped=1443
[07:02:21.796] [INFO] [EXEC] STREAM_STATS_UI cycles=44 wins=42 losses=2 pnl=+0.001195 winrate=95.45%
[07:02:22.531] [INFO] [EXEC] STREAM_SELL_STATUS stream_id=1 chunk_id=3209824581584 order_id=391393256 status=NEW
[07:02:22.531] [INFO] GUI_PERF tick_ms=0 logs_visible=False gui_log_mode=OFF append_skipped=1445
[07:02:22.531] [WARNING] [EXEC] STREAM_SELL_TIMEOUT stream_id=1 chunk_id=3209824581584 order_id=391393256 age_ms=3296 timeout_ms=2800
[07:02:22.803] [INFO] [EXEC] STREAM_SELL_CANCEL_OLD stream_id=1 chunk_id=3209824581584 order_id=391393256
[07:02:22.803] [WARNING] [EXEC] STREAM_STOP_LOSS_EXIT stream_id=1 chunk_id=3209824581584 order_id=391393256 stop_price=79841.53 retry_count=2 retry_max=2
[07:02:23.132] [INFO] [EXEC] STREAM_REPAIR_SKIP reason=stream_owned_inventory
[07:02:23.132] [INFO] [EXEC] STREAM_GLOBAL_SELL_SKIP reason=exit_recovery_inventory_no_sell
[07:02:23.140] [INFO] [EXEC] STREAM_GLOBAL_SELL_SKIP reason=place_sell
[07:02:23.851] [INFO] [EXEC] STREAM_SELL_STATUS stream_id=1 chunk_id=3209824581584 order_id=391393401 status=NEW
[07:02:23.851] [INFO] GUI_PERF tick_ms=0 logs_visible=False gui_log_mode=OFF append_skipped=1452
[07:02:25.331] [WARNING] [EXEC] STREAM_SELL_TIMEOUT stream_id=1 chunk_id=3209824581584 order_id=391393401 age_ms=2800 timeout_ms=2800
[07:02:25.331] [INFO] GUI_PERF tick_ms=0 logs_visible=False gui_log_mode=OFF append_skipped=1453
[07:02:25.687] [INFO] [EXEC] STREAM_SELL_CANCEL_OLD stream_id=1 chunk_id=3209824581584 order_id=391393401
[07:02:25.687] [WARNING] [EXEC] STREAM_STOP_LOSS_EXIT stream_id=1 chunk_id=3209824581584 order_id=391393401 stop_price=79841.53 retry_count=2 retry_max=2
[07:02:25.998] [INFO] [EXEC] STREAM_REPAIR_SKIP reason=stream_owned_inventory
[07:02:25.998] [INFO] [EXEC] STREAM_GLOBAL_SELL_SKIP reason=exit_recovery_inventory_no_sell
[07:02:25.998] [INFO] [EXEC] STREAM_GLOBAL_SELL_SKIP reason=place_sell
[07:02:26.862] [INFO] [EXEC] STREAM_SELL_STATUS stream_id=1 chunk_id=3209824581584 order_id=391393488 status=NEW
[07:02:26.862] [INFO] GUI_PERF tick_ms=0 logs_visible=False gui_log_mode=OFF append_skipped=1459
[07:02:26.862] [INFO] [EXEC] STREAM_STATS_UI cycles=44 wins=42 losses=2 pnl=+0.001195 winrate=95.45%
[07:02:27.612] [INFO] [EXEC] STREAM_SELL_STATUS stream_id=1 chunk_id=3209824581584 order_id=391393488 status=NEW
[07:02:28.454] [WARNING] [EXEC] STREAM_SELL_TIMEOUT stream_id=1 chunk_id=3209824581584 order_id=391393488 age_ms=3007 timeout_ms=2800
[07:02:28.454] [INFO] GUI_PERF tick_ms=0 logs_visible=False gui_log_mode=OFF append_skipped=1462
[07:02:28.715] [INFO] [EXEC] STREAM_SELL_CANCEL_OLD stream_id=1 chunk_id=3209824581584 order_id=391393488
[07:02:28.715] [WARNING] [EXEC] STREAM_STOP_LOSS_EXIT stream_id=1 chunk_id=3209824581584 order_id=391393488 stop_price=79841.53 retry_count=2 retry_max=2
[07:02:28.978] [INFO] [EXEC] STREAM_REPAIR_SKIP reason=stream_owned_inventory
[07:02:28.978] [INFO] [EXEC] STREAM_GLOBAL_SELL_SKIP reason=exit_recovery_inventory_no_sell
[07:02:28.986] [INFO] [EXEC] STREAM_GLOBAL_SELL_SKIP reason=place_sell
[07:02:29.611] [INFO] [EXEC] STREAM_SELL_STATUS stream_id=1 chunk_id=3209824581584 order_id=391393722 status=NEW
[07:02:29.611] [INFO] GUI_PERF tick_ms=0 logs_visible=False gui_log_mode=OFF append_skipped=1468
[07:02:31.735] [WARNING] [EXEC] STREAM_SELL_TIMEOUT stream_id=1 chunk_id=3209824581584 order_id=391393722 age_ms=3349 timeout_ms=2800
[07:02:31.735] [INFO] GUI_PERF tick_ms=0 logs_visible=False gui_log_mode=OFF append_skipped=1469
[07:02:31.994] [INFO] [EXEC] STREAM_SELL_CANCEL_OLD stream_id=1 chunk_id=3209824581584 order_id=391393722
[07:02:31.994] [WARNING] [EXEC] STREAM_STOP_LOSS_EXIT stream_id=1 chunk_id=3209824581584 order_id=391393722 stop_price=79841.53 retry_count=2 retry_max=2
[07:02:32.271] [INFO] [EXEC] STREAM_REPAIR_SKIP reason=stream_owned_inventory
[07:02:32.271] [INFO] [EXEC] STREAM_GLOBAL_SELL_SKIP reason=exit_recovery_inventory_no_sell
[07:02:32.271] [INFO] [EXEC] STREAM_GLOBAL_SELL_SKIP reason=place_sell
[07:02:32.271] [INFO] [EXEC] STREAM_STATS_UI cycles=44 wins=42 losses=2 pnl=+0.001195 winrate=95.45%
[07:02:33.774] [INFO] [EXEC] STREAM_SELL_STATUS stream_id=1 chunk_id=3209824581584 order_id=391393882 status=NEW
[07:02:33.774] [INFO] GUI_PERF tick_ms=0 logs_visible=False gui_log_mode=OFF append_skipped=1476
[07:02:34.543] [WARNING] [EXEC] STREAM_SELL_TIMEOUT stream_id=1 chunk_id=3209824581584 order_id=391393882 age_ms=2856 timeout_ms=2800
[07:02:35.011] [INFO] [EXEC] STREAM_SELL_CANCEL_OLD stream_id=1 chunk_id=3209824581584 order_id=391393882
[07:02:35.011] [INFO] GUI_PERF tick_ms=0 logs_visible=False gui_log_mode=OFF append_skipped=1478
[07:02:35.011] [WARNING] [EXEC] STREAM_STOP_LOSS_EXIT stream_id=1 chunk_id=3209824581584 order_id=391393882 stop_price=79841.53 retry_count=2 retry_max=2
[07:02:35.278] [INFO] [EXEC] STREAM_REPAIR_SKIP reason=stream_owned_inventory
[07:02:35.278] [INFO] [EXEC] STREAM_GLOBAL_SELL_SKIP reason=exit_recovery_inventory_no_sell
[07:02:35.278] [INFO] [EXEC] STREAM_GLOBAL_SELL_SKIP reason=place_sell
[07:02:36.026] [INFO] [EXEC] STREAM_SELL_STATUS stream_id=1 chunk_id=3209824581584 order_id=391393905 status=NEW
[07:02:36.026] [INFO] GUI_PERF tick_ms=0 logs_visible=False gui_log_mode=OFF append_skipped=1483
[07:02:37.761] [WARNING] [EXEC] STREAM_SELL_TIMEOUT stream_id=1 chunk_id=3209824581584 order_id=391393905 age_ms=3216 timeout_ms=2800
[07:02:37.761] [INFO] GUI_PERF tick_ms=0 logs_visible=False gui_log_mode=OFF append_skipped=1484
[07:02:38.029] [INFO] [EXEC] STREAM_SELL_CANCEL_OLD stream_id=1 chunk_id=3209824581584 order_id=391393905
[07:02:38.029] [WARNING] [EXEC] STREAM_STOP_LOSS_EXIT stream_id=1 chunk_id=3209824581584 order_id=391393905 stop_price=79841.53 retry_count=2 retry_max=2
[07:02:38.375] [INFO] [EXEC] STREAM_REPAIR_SKIP reason=stream_owned_inventory
[07:02:38.375] [INFO] [EXEC] STREAM_GLOBAL_SELL_SKIP reason=exit_recovery_inventory_no_sell
[07:02:38.375] [INFO] [EXEC] STREAM_GLOBAL_SELL_SKIP reason=place_sell
[07:02:38.375] [INFO] [EXEC] STREAM_STATS_UI cycles=44 wins=42 losses=2 pnl=+0.001195 winrate=95.45%
[07:02:39.401] [INFO] [EXEC] STREAM_SELL_STATUS stream_id=1 chunk_id=3209824581584 order_id=391393966 status=NEW
[07:02:39.401] [INFO] GUI_PERF tick_ms=0 logs_visible=False gui_log_mode=OFF append_skipped=1491
[07:02:40.767] [WARNING] [EXEC] STREAM_SELL_TIMEOUT stream_id=1 chunk_id=3209824581584 order_id=391393966 age_ms=3019 timeout_ms=2800
[07:02:40.783] [INFO] GUI_PERF tick_ms=0 logs_visible=False gui_log_mode=OFF append_skipped=1492
[07:02:41.449] [INFO] [EXEC] STREAM_SELL_CANCEL_OLD stream_id=1 chunk_id=3209824581584 order_id=391393966
[07:02:41.449] [WARNING] [EXEC] STREAM_STOP_LOSS_EXIT stream_id=1 chunk_id=3209824581584 order_id=391393966 stop_price=79841.53 retry_count=2 retry_max=2
[07:02:41.699] [INFO] [EXEC] STREAM_REPAIR_SKIP reason=stream_owned_inventory
[07:02:41.699] [INFO] [EXEC] STREAM_GLOBAL_SELL_SKIP reason=exit_recovery_inventory_no_sell
[07:02:41.699] [INFO] [EXEC] STREAM_GLOBAL_SELL_SKIP reason=place_sell
[07:02:42.358] [INFO] [EXEC] STREAM_SELL_STATUS stream_id=1 chunk_id=3209824581584 order_id=391394001 status=NEW
[07:02:42.374] [INFO] GUI_PERF tick_ms=0 logs_visible=False gui_log_mode=OFF append_skipped=1498
[07:02:43.448] [INFO] [EXEC] STREAM_STATS_UI cycles=44 wins=42 losses=2 pnl=+0.001195 winrate=95.45%
[07:02:43.448] [INFO] GUI_PERF tick_ms=0 logs_visible=False gui_log_mode=OFF append_skipped=1499
[07:02:44.068] [INFO] [EXEC] STREAM_SELL_STATUS stream_id=1 chunk_id=3209824581584 order_id=391394001 status=NEW
[07:02:44.068] [WARNING] [EXEC] STREAM_SELL_TIMEOUT stream_id=1 chunk_id=3209824581584 order_id=391394001 age_ms=3297 timeout_ms=2800
[07:02:44.627] [INFO] [EXEC] STREAM_SELL_CANCEL_OLD stream_id=1 chunk_id=3209824581584 order_id=391394001
[07:02:44.627] [INFO] GUI_PERF tick_ms=0 logs_visible=False gui_log_mode=OFF append_skipped=1502
[07:02:44.627] [WARNING] [EXEC] STREAM_STOP_LOSS_EXIT stream_id=1 chunk_id=3209824581584 order_id=391394001 stop_price=79841.53 retry_count=2 retry_max=2
[07:02:44.892] [INFO] [EXEC] STREAM_REPAIR_SKIP reason=stream_owned_inventory
[07:02:44.900] [INFO] [EXEC] STREAM_GLOBAL_SELL_SKIP reason=exit_recovery_inventory_no_sell
[07:02:44.900] [INFO] [EXEC] STREAM_GLOBAL_SELL_SKIP reason=place_sell
[07:02:45.644] [INFO] [EXEC] STREAM_SELL_STATUS stream_id=1 chunk_id=3209824581584 order_id=391394083 status=NEW
[07:02:45.644] [INFO] GUI_PERF tick_ms=0 logs_visible=False gui_log_mode=OFF append_skipped=1507
[07:02:47.379] [WARNING] [EXEC] STREAM_SELL_TIMEOUT stream_id=1 chunk_id=3209824581584 order_id=391394083 age_ms=3267 timeout_ms=2800
[07:02:47.379] [INFO] GUI_PERF tick_ms=0 logs_visible=False gui_log_mode=OFF append_skipped=1508
[07:02:47.692] [INFO] [EXEC] STREAM_SELL_CANCEL_OLD stream_id=1 chunk_id=3209824581584 order_id=391394083
[07:02:47.692] [WARNING] [EXEC] STREAM_STOP_LOSS_EXIT stream_id=1 chunk_id=3209824581584 order_id=391394083 stop_price=79841.53 retry_count=2 retry_max=2
[07:02:48.001] [INFO] [EXEC] STREAM_REPAIR_SKIP reason=stream_owned_inventory
[07:02:48.001] [INFO] [EXEC] STREAM_GLOBAL_SELL_SKIP reason=exit_recovery_inventory_no_sell
[07:02:48.001] [INFO] [EXEC] STREAM_GLOBAL_SELL_SKIP reason=place_sell
[07:02:48.606] [INFO] [EXEC] STREAM_SELL_STATUS stream_id=1 chunk_id=3209824581584 order_id=391394186 status=NEW
[07:02:48.606] [INFO] GUI_PERF tick_ms=0 logs_visible=False gui_log_mode=OFF append_skipped=1514
[07:02:48.898] [INFO] [EXEC] STREAM_STATS_UI cycles=44 wins=42 losses=2 pnl=+0.001195 winrate=95.45%
[07:02:49.639] [INFO] [EXEC] STREAM_SELL_STATUS stream_id=1 chunk_id=3209824581584 order_id=391394186 status=NEW
[07:02:49.639] [INFO] GUI_PERF tick_ms=0 logs_visible=False gui_log_mode=OFF append_skipped=1516
[07:02:50.608] [WARNING] [EXEC] STREAM_SELL_TIMEOUT stream_id=1 chunk_id=3209824581584 order_id=391394186 age_ms=3272 timeout_ms=2800
[07:02:51.276] [INFO] [EXEC] STREAM_SELL_CANCEL_OLD stream_id=1 chunk_id=3209824581584 order_id=391394186
[07:02:51.276] [INFO] GUI_PERF tick_ms=0 logs_visible=False gui_log_mode=OFF append_skipped=1518
[07:02:51.276] [WARNING] [EXEC] STREAM_STOP_LOSS_EXIT stream_id=1 chunk_id=3209824581584 order_id=391394186 stop_price=79841.53 retry_count=2 retry_max=2
[07:02:51.542] [INFO] [EXEC] STREAM_REPAIR_SKIP reason=stream_owned_inventory
[07:02:51.542] [INFO] [EXEC] STREAM_GLOBAL_SELL_SKIP reason=exit_recovery_inventory_no_sell
[07:02:51.542] [INFO] [EXEC] STREAM_GLOBAL_SELL_SKIP reason=place_sell
[07:02:52.403] [INFO] [EXEC] STREAM_SELL_STATUS stream_id=1 chunk_id=3209824581584 order_id=391394194 status=NEW
[07:02:52.403] [INFO] GUI_PERF tick_ms=0 logs_visible=False gui_log_mode=OFF append_skipped=1523
[07:02:53.875] [WARNING] [EXEC] STREAM_SELL_TIMEOUT stream_id=1 chunk_id=3209824581584 order_id=391394194 age_ms=3277 timeout_ms=2800
[07:02:53.875] [INFO] GUI_PERF tick_ms=0 logs_visible=False gui_log_mode=OFF append_skipped=1524
[07:02:54.243] [INFO] [EXEC] STREAM_SELL_CANCEL_OLD stream_id=1 chunk_id=3209824581584 order_id=391394194
[07:02:54.243] [WARNING] [EXEC] STREAM_STOP_LOSS_EXIT stream_id=1 chunk_id=3209824581584 order_id=391394194 stop_price=79841.53 retry_count=2 retry_max=2
[07:02:54.497] [INFO] [EXEC] STREAM_REPAIR_SKIP reason=stream_owned_inventory
[07:02:54.497] [INFO] [EXEC] STREAM_GLOBAL_SELL_SKIP reason=exit_recovery_inventory_no_sell
[07:02:54.497] [INFO] [EXEC] STREAM_GLOBAL_SELL_SKIP reason=place_sell
[07:02:54.795] [INFO] [EXEC] STREAM_STATS_UI cycles=44 wins=42 losses=2 pnl=+0.001195 winrate=95.45%
[07:02:55.148] [INFO] [EXEC] STREAM_SELL_STATUS stream_id=1 chunk_id=3209824581584 order_id=391394254 status=NEW
[07:02:55.148] [INFO] GUI_PERF tick_ms=0 logs_visible=False gui_log_mode=OFF append_skipped=1531
[07:02:57.621] [WARNING] [EXEC] STREAM_SELL_TIMEOUT stream_id=1 chunk_id=3209824581584 order_id=391394254 age_ms=3533 timeout_ms=2800
[07:02:57.621] [INFO] GUI_PERF tick_ms=0 logs_visible=False gui_log_mode=OFF append_skipped=1532
[07:02:57.922] [INFO] [EXEC] STREAM_SELL_CANCEL_OLD stream_id=1 chunk_id=3209824581584 order_id=391394254
[07:02:57.922] [WARNING] [EXEC] STREAM_STOP_LOSS_EXIT stream_id=1 chunk_id=3209824581584 order_id=391394254 stop_price=79841.53 retry_count=2 retry_max=2
[07:02:58.237] [INFO] [EXEC] STREAM_REPAIR_SKIP reason=stream_owned_inventory
[07:02:58.237] [INFO] [EXEC] STREAM_GLOBAL_SELL_SKIP reason=exit_recovery_inventory_no_sell
[07:02:58.242] [INFO] [EXEC] STREAM_GLOBAL_SELL_SKIP reason=place_sell
[07:02:58.920] [INFO] [EXEC] STREAM_SELL_STATUS stream_id=1 chunk_id=3209824581584 order_id=391394280 status=NEW
[07:02:58.920] [INFO] GUI_PERF tick_ms=0 logs_visible=False gui_log_mode=OFF append_skipped=1538
[07:03:00.073] [INFO] [EXEC] STREAM_STATS_UI cycles=44 wins=42 losses=2 pnl=+0.001195 winrate=95.45%
[07:03:00.073] [INFO] GUI_PERF tick_ms=0 logs_visible=False gui_log_mode=OFF append_skipped=1539
[07:03:00.518] [INFO] [EXEC] STREAM_SELL_STATUS stream_id=1 chunk_id=3209824581584 order_id=391394280 status=NEW
[07:03:00.518] [WARNING] [EXEC] STREAM_SELL_TIMEOUT stream_id=1 chunk_id=3209824581584 order_id=391394280 age_ms=3059 timeout_ms=2800
[07:03:00.766] [INFO] [EXEC] STREAM_SELL_CANCEL_OLD stream_id=1 chunk_id=3209824581584 order_id=391394280
[07:03:00.766] [WARNING] [EXEC] STREAM_STOP_LOSS_EXIT stream_id=1 chunk_id=3209824581584 order_id=391394280 stop_price=79841.53 retry_count=2 retry_max=2
[07:03:01.033] [INFO] [EXEC] STREAM_REPAIR_SKIP reason=stream_owned_inventory
[07:03:01.033] [INFO] [EXEC] STREAM_GLOBAL_SELL_SKIP reason=exit_recovery_inventory_no_sell
[07:03:01.033] [INFO] [EXEC] STREAM_GLOBAL_SELL_SKIP reason=place_sell
[07:03:01.811] [INFO] [EXEC] STREAM_SELL_STATUS stream_id=1 chunk_id=3209824581584 order_id=391394437 status=NEW
[07:03:01.811] [INFO] GUI_PERF tick_ms=0 logs_visible=False gui_log_mode=OFF append_skipped=1547
[07:03:03.298] [WARNING] [EXEC] STREAM_SELL_TIMEOUT stream_id=1 chunk_id=3209824581584 order_id=391394437 age_ms=2808 timeout_ms=2800
[07:03:03.298] [INFO] GUI_PERF tick_ms=0 logs_visible=False gui_log_mode=OFF append_skipped=1548
[07:03:03.565] [INFO] [EXEC] STREAM_SELL_CANCEL_OLD stream_id=1 chunk_id=3209824581584 order_id=391394437
[07:03:03.565] [WARNING] [EXEC] STREAM_STOP_LOSS_EXIT stream_id=1 chunk_id=3209824581584 order_id=391394437 stop_price=79841.53 retry_count=2 retry_max=2
[07:03:03.862] [INFO] [EXEC] STREAM_REPAIR_SKIP reason=stream_owned_inventory
[07:03:03.862] [INFO] [EXEC] STREAM_GLOBAL_SELL_SKIP reason=exit_recovery_inventory_no_sell
[07:03:03.862] [INFO] [EXEC] STREAM_GLOBAL_SELL_SKIP reason=place_sell
[07:03:04.589] [INFO] [EXEC] STREAM_SELL_STATUS stream_id=1 chunk_id=3209824581584 order_id=391394715 status=NEW
[07:03:04.597] [INFO] GUI_PERF tick_ms=0 logs_visible=False gui_log_mode=OFF append_skipped=1554
[07:03:05.403] [INFO] [EXEC] STREAM_STATS_UI cycles=44 wins=42 losses=2 pnl=+0.001195 winrate=95.45%
[07:03:06.520] [INFO] [EXEC] STREAM_SELL_STATUS stream_id=1 chunk_id=3209824581584 order_id=391394715 status=NEW
[07:03:06.528] [INFO] GUI_PERF tick_ms=0 logs_visible=False gui_log_mode=OFF append_skipped=1556
[07:03:06.528] [WARNING] [EXEC] STREAM_SELL_TIMEOUT stream_id=1 chunk_id=3209824581584 order_id=391394715 age_ms=2816 timeout_ms=2800
[07:03:06.782] [INFO] [EXEC] STREAM_SELL_CANCEL_OLD stream_id=1 chunk_id=3209824581584 order_id=391394715
[07:03:06.782] [WARNING] [EXEC] STREAM_STOP_LOSS_EXIT stream_id=1 chunk_id=3209824581584 order_id=391394715 stop_price=79841.53 retry_count=2 retry_max=2
[07:03:07.139] [INFO] [EXEC] STREAM_REPAIR_SKIP reason=stream_owned_inventory
[07:03:07.139] [INFO] [EXEC] STREAM_GLOBAL_SELL_SKIP reason=exit_recovery_inventory_no_sell
[07:03:07.144] [INFO] [EXEC] STREAM_GLOBAL_SELL_SKIP reason=place_sell
[07:03:08.203] [INFO] [EXEC] STREAM_SELL_STATUS stream_id=1 chunk_id=3209824581584 order_id=391394849 status=NEW
[07:03:08.203] [INFO] GUI_PERF tick_ms=0 logs_visible=False gui_log_mode=OFF append_skipped=1563
[07:03:09.638] [WARNING] [EXEC] STREAM_SELL_TIMEOUT stream_id=1 chunk_id=3209824581584 order_id=391394849 age_ms=3534 timeout_ms=2800
[07:03:09.638] [INFO] GUI_PERF tick_ms=0 logs_visible=False gui_log_mode=OFF append_skipped=1564
[07:03:09.921] [INFO] [EXEC] STREAM_SELL_CANCEL_OLD stream_id=1 chunk_id=3209824581584 order_id=391394849
[07:03:09.921] [WARNING] [EXEC] STREAM_STOP_LOSS_EXIT stream_id=1 chunk_id=3209824581584 order_id=391394849 stop_price=79841.53 retry_count=2 retry_max=2
[07:03:10.191] [INFO] [EXEC] STREAM_REPAIR_SKIP reason=stream_owned_inventory
[07:03:10.191] [INFO] [EXEC] STREAM_GLOBAL_SELL_SKIP reason=exit_recovery_inventory_no_sell
[07:03:10.191] [INFO] [EXEC] STREAM_GLOBAL_SELL_SKIP reason=place_sell
[07:03:10.448] [INFO] [EXEC] STREAM_STATS_UI cycles=44 wins=42 losses=2 pnl=+0.001195 winrate=95.45%
[07:03:10.888] [INFO] [EXEC] STREAM_SELL_STATUS stream_id=1 chunk_id=3209824581584 order_id=391394969 status=NEW
[07:03:10.905] [INFO] GUI_PERF tick_ms=0 logs_visible=False gui_log_mode=OFF append_skipped=1571
[07:03:13.586] [WARNING] [EXEC] STREAM_SELL_TIMEOUT stream_id=1 chunk_id=3209824581584 order_id=391394969 age_ms=3034 timeout_ms=2800
[07:03:13.586] [INFO] GUI_PERF tick_ms=0 logs_visible=False gui_log_mode=OFF append_skipped=1572
[07:03:14.507] [INFO] [EXEC] STREAM_SELL_CANCEL_OLD stream_id=1 chunk_id=3209824581584 order_id=391394969
[07:03:14.507] [WARNING] [EXEC] STREAM_STOP_LOSS_EXIT stream_id=1 chunk_id=3209824581584 order_id=391394969 stop_price=79841.53 retry_count=2 retry_max=2
[07:03:14.811] [INFO] [EXEC] STREAM_REPAIR_SKIP reason=stream_owned_inventory
[07:03:14.811] [INFO] GUI_PERF tick_ms=0 logs_visible=False gui_log_mode=OFF append_skipped=1575
[07:03:14.811] [INFO] [EXEC] STREAM_GLOBAL_SELL_SKIP reason=exit_recovery_inventory_no_sell
[07:03:14.811] [INFO] [EXEC] STREAM_GLOBAL_SELL_SKIP reason=place_sell
[07:03:15.482] [INFO] [EXEC] STREAM_STATS_UI cycles=44 wins=42 losses=2 pnl=+0.001195 winrate=95.45%
[07:03:16.409] [INFO] [EXEC] STREAM_SELL_STATUS stream_id=1 chunk_id=3209824581584 order_id=391395251 status=NEW
[07:03:16.409] [INFO] GUI_PERF tick_ms=0 logs_visible=False gui_log_mode=OFF append_skipped=1579
[07:03:16.409] [WARNING] [EXEC] STREAM_SELL_TIMEOUT stream_id=1 chunk_id=3209824581584 order_id=391395251 age_ms=3734 timeout_ms=2800
[07:03:16.761] [INFO] [EXEC] STREAM_SELL_CANCEL_OLD stream_id=1 chunk_id=3209824581584 order_id=391395251
[07:03:16.761] [WARNING] [EXEC] STREAM_STOP_LOSS_EXIT stream_id=1 chunk_id=3209824581584 order_id=391395251 stop_price=79841.53 retry_count=2 retry_max=2
[07:03:18.080] [INFO] [EXEC] STREAM_SELL_STATUS stream_id=1 chunk_id=3209824581584 order_id=391395279 status=NEW
[07:03:18.080] [INFO] GUI_PERF tick_ms=0 logs_visible=False gui_log_mode=OFF append_skipped=1583
[07:03:18.080] [INFO] [EXEC] STREAM_REPAIR_SKIP reason=stream_owned_inventory
[07:03:18.096] [INFO] [EXEC] STREAM_GLOBAL_SELL_SKIP reason=exit_recovery_inventory_no_sell
[07:03:18.096] [INFO] [EXEC] STREAM_GLOBAL_SELL_SKIP reason=place_sell
[07:03:18.905] [INFO] [EXEC] STREAM_SELL_STATUS stream_id=1 chunk_id=3209824581584 order_id=391395279 status=NEW
[07:03:19.678] [WARNING] [EXEC] STREAM_SELL_TIMEOUT stream_id=1 chunk_id=3209824581584 order_id=391395279 age_ms=3263 timeout_ms=2800
[07:03:19.678] [INFO] GUI_PERF tick_ms=0 logs_visible=False gui_log_mode=OFF append_skipped=1588
[07:03:19.949] [INFO] [EXEC] STREAM_SELL_CANCEL_OLD stream_id=1 chunk_id=3209824581584 order_id=391395279
[07:03:19.949] [WARNING] [EXEC] STREAM_STOP_LOSS_EXIT stream_id=1 chunk_id=3209824581584 order_id=391395279 stop_price=79841.53 retry_count=2 retry_max=2
[07:03:20.550] [INFO] [EXEC] STREAM_STATS_UI cycles=44 wins=42 losses=2 pnl=+0.001195 winrate=95.45%
[07:03:21.455] [INFO] [EXEC] STREAM_SELL_STATUS stream_id=1 chunk_id=3209824581584 order_id=391395313 status=NEW
[07:03:21.471] [INFO] GUI_PERF tick_ms=0 logs_visible=False gui_log_mode=OFF append_skipped=1592
[07:03:21.473] [INFO] [EXEC] STREAM_REPAIR_SKIP reason=stream_owned_inventory
[07:03:21.473] [INFO] [EXEC] STREAM_GLOBAL_SELL_SKIP reason=exit_recovery_inventory_no_sell
[07:03:21.473] [INFO] [EXEC] STREAM_GLOBAL_SELL_SKIP reason=place_sell
[07:03:22.292] [INFO] [EXEC] STREAM_SELL_STATUS stream_id=1 chunk_id=3209824581584 order_id=391395313 status=NEW
[07:03:22.918] [WARNING] [EXEC] STREAM_SELL_TIMEOUT stream_id=1 chunk_id=3209824581584 order_id=391395313 age_ms=3231 timeout_ms=2800
[07:03:22.918] [INFO] GUI_PERF tick_ms=0 logs_visible=False gui_log_mode=OFF append_skipped=1597
[07:03:23.175] [INFO] [EXEC] STREAM_SELL_CANCEL_OLD stream_id=1 chunk_id=3209824581584 order_id=391395313
[07:03:23.175] [WARNING] [EXEC] STREAM_STOP_LOSS_EXIT stream_id=1 chunk_id=3209824581584 order_id=391395313 stop_price=79841.53 retry_count=2 retry_max=2
[07:03:24.199] [INFO] [EXEC] STREAM_SELL_STATUS stream_id=1 chunk_id=3209824581584 order_id=391395453 status=NEW
[07:03:24.199] [INFO] GUI_PERF tick_ms=0 logs_visible=False gui_log_mode=OFF append_skipped=1600
[07:03:24.199] [INFO] [EXEC] STREAM_REPAIR_SKIP reason=stream_owned_inventory
[07:03:24.207] [INFO] [EXEC] STREAM_GLOBAL_SELL_SKIP reason=exit_recovery_inventory_no_sell
[07:03:24.207] [INFO] [EXEC] STREAM_GLOBAL_SELL_SKIP reason=place_sell
[07:03:24.950] [INFO] [EXEC] STREAM_SELL_STATUS stream_id=1 chunk_id=3209824581584 order_id=391395453 status=NEW
[07:03:25.642] [INFO] [EXEC] STREAM_STATS_UI cycles=44 wins=42 losses=2 pnl=+0.001195 winrate=95.45%
[07:03:25.642] [INFO] GUI_PERF tick_ms=0 logs_visible=False gui_log_mode=OFF append_skipped=1605
[07:03:26.431] [INFO] [EXEC] STREAM_SELL_STATUS stream_id=1 chunk_id=3209824581584 order_id=391395453 status=NEW
[07:03:26.431] [WARNING] [EXEC] STREAM_SELL_TIMEOUT stream_id=1 chunk_id=3209824581584 order_id=391395453 age_ms=3532 timeout_ms=2800
[07:03:26.702] [INFO] [EXEC] STREAM_SELL_CANCEL_OLD stream_id=1 chunk_id=3209824581584 order_id=391395453
[07:03:26.702] [INFO] GUI_PERF tick_ms=0 logs_visible=False gui_log_mode=OFF append_skipped=1608
[07:03:26.702] [WARNING] [EXEC] STREAM_STOP_LOSS_EXIT stream_id=1 chunk_id=3209824581584 order_id=391395453 stop_price=79841.53 retry_count=2 retry_max=2
[07:03:26.953] [INFO] [EXEC] STREAM_REPAIR_SKIP reason=stream_owned_inventory
[07:03:26.953] [INFO] [EXEC] STREAM_GLOBAL_SELL_SKIP reason=exit_recovery_inventory_no_sell
[07:03:26.953] [INFO] [EXEC] STREAM_GLOBAL_SELL_SKIP reason=place_sell
[07:03:28.012] [INFO] [EXEC] STREAM_SELL_STATUS stream_id=1 chunk_id=3209824581584 order_id=391395753 status=NEW
[07:03:28.012] [INFO] GUI_PERF tick_ms=0 logs_visible=False gui_log_mode=OFF append_skipped=1613
[07:03:29.608] [WARNING] [EXEC] STREAM_SELL_TIMEOUT stream_id=1 chunk_id=3209824581584 order_id=391395753 age_ms=3174 timeout_ms=2800
[07:03:29.608] [INFO] GUI_PERF tick_ms=0 logs_visible=False gui_log_mode=OFF append_skipped=1614
[07:03:29.858] [INFO] [EXEC] STREAM_SELL_CANCEL_OLD stream_id=1 chunk_id=3209824581584 order_id=391395753
[07:03:29.874] [WARNING] [EXEC] STREAM_STOP_LOSS_EXIT stream_id=1 chunk_id=3209824581584 order_id=391395753 stop_price=79841.53 retry_count=2 retry_max=2
[07:03:30.157] [INFO] [EXEC] STREAM_REPAIR_SKIP reason=stream_owned_inventory
[07:03:30.157] [INFO] [EXEC] STREAM_GLOBAL_SELL_SKIP reason=exit_recovery_inventory_no_sell
[07:03:30.157] [INFO] [EXEC] STREAM_GLOBAL_SELL_SKIP reason=place_sell
[07:03:31.182] [INFO] [EXEC] STREAM_SELL_STATUS stream_id=1 chunk_id=3209824581584 order_id=391395837 status=NEW
[07:03:31.182] [INFO] GUI_PERF tick_ms=0 logs_visible=False gui_log_mode=OFF append_skipped=1620
[07:03:31.190] [INFO] [EXEC] STREAM_STATS_UI cycles=44 wins=42 losses=2 pnl=+0.001195 winrate=95.45%
[07:03:31.799] [INFO] [EXEC] STREAM_SELL_STATUS stream_id=1 chunk_id=3209824581584 order_id=391395837 status=NEW
[07:03:32.766] [WARNING] [EXEC] STREAM_SELL_TIMEOUT stream_id=1 chunk_id=3209824581584 order_id=391395837 age_ms=3140 timeout_ms=2800
[07:03:32.775] [INFO] GUI_PERF tick_ms=0 logs_visible=False gui_log_mode=OFF append_skipped=1623
[07:03:33.029] [INFO] [EXEC] STREAM_SELL_CANCEL_OLD stream_id=1 chunk_id=3209824581584 order_id=391395837
[07:03:33.029] [WARNING] [EXEC] STREAM_STOP_LOSS_EXIT stream_id=1 chunk_id=3209824581584 order_id=391395837 stop_price=79841.53 retry_count=2 retry_max=2
[07:03:33.284] [INFO] [EXEC] STREAM_REPAIR_SKIP reason=stream_owned_inventory
[07:03:33.284] [INFO] [EXEC] STREAM_GLOBAL_SELL_SKIP reason=exit_recovery_inventory_no_sell
[07:03:33.284] [INFO] [EXEC] STREAM_GLOBAL_SELL_SKIP reason=place_sell
[07:03:34.112] [INFO] [EXEC] STREAM_SELL_STATUS stream_id=1 chunk_id=3209824581584 order_id=391395860 status=NEW
[07:03:34.112] [INFO] GUI_PERF tick_ms=0 logs_visible=False gui_log_mode=OFF append_skipped=1629
[07:03:36.335] [WARNING] [EXEC] STREAM_SELL_TIMEOUT stream_id=1 chunk_id=3209824581584 order_id=391395860 age_ms=3586 timeout_ms=2800
[07:03:36.335] [INFO] GUI_PERF tick_ms=0 logs_visible=False gui_log_mode=OFF append_skipped=1630
[07:03:36.598] [INFO] [EXEC] STREAM_SELL_CANCEL_OLD stream_id=1 chunk_id=3209824581584 order_id=391395860
[07:03:36.598] [WARNING] [EXEC] STREAM_STOP_LOSS_EXIT stream_id=1 chunk_id=3209824581584 order_id=391395860 stop_price=79841.53 retry_count=2 retry_max=2
[07:03:36.879] [INFO] [EXEC] STREAM_REPAIR_SKIP reason=stream_owned_inventory
[07:03:36.887] [INFO] [EXEC] STREAM_GLOBAL_SELL_SKIP reason=exit_recovery_inventory_no_sell
[07:03:36.887] [INFO] [EXEC] STREAM_GLOBAL_SELL_SKIP reason=place_sell
[07:03:36.887] [INFO] [EXEC] STREAM_STATS_UI cycles=44 wins=42 losses=2 pnl=+0.001195 winrate=95.45%
[07:03:37.594] [INFO] [EXEC] STREAM_SELL_STATUS stream_id=1 chunk_id=3209824581584 order_id=391395977 status=NEW
[07:03:37.594] [INFO] GUI_PERF tick_ms=0 logs_visible=False gui_log_mode=OFF append_skipped=1637
[07:03:39.439] [WARNING] [EXEC] STREAM_SELL_TIMEOUT stream_id=1 chunk_id=3209824581584 order_id=391395977 age_ms=3107 timeout_ms=2800
[07:03:39.439] [INFO] GUI_PERF tick_ms=0 logs_visible=False gui_log_mode=OFF append_skipped=1638
[07:03:39.787] [INFO] [EXEC] STREAM_SELL_CANCEL_OLD stream_id=1 chunk_id=3209824581584 order_id=391395977
[07:03:39.795] [WARNING] [EXEC] STREAM_STOP_LOSS_EXIT stream_id=1 chunk_id=3209824581584 order_id=391395977 stop_price=79841.53 retry_count=2 retry_max=2
[07:03:40.059] [INFO] [EXEC] STREAM_REPAIR_SKIP reason=stream_owned_inventory
[07:03:40.059] [INFO] [EXEC] STREAM_GLOBAL_SELL_SKIP reason=exit_recovery_inventory_no_sell
[07:03:40.059] [INFO] [EXEC] STREAM_GLOBAL_SELL_SKIP reason=place_sell
[07:03:40.652] [INFO] [EXEC] STREAM_SELL_STATUS stream_id=1 chunk_id=3209824581584 order_id=391396167 status=NEW
[07:03:40.652] [INFO] GUI_PERF tick_ms=0 logs_visible=False gui_log_mode=OFF append_skipped=1644
[07:03:42.178] [INFO] [EXEC] STREAM_STATS_UI cycles=44 wins=42 losses=2 pnl=+0.001195 winrate=95.45%
[07:03:42.178] [INFO] GUI_PERF tick_ms=0 logs_visible=False gui_log_mode=OFF append_skipped=1645
[07:03:42.951] [INFO] [EXEC] STREAM_SELL_STATUS stream_id=1 chunk_id=3209824581584 order_id=391396167 status=NEW
[07:03:42.959] [WARNING] [EXEC] STREAM_SELL_TIMEOUT stream_id=1 chunk_id=3209824581584 order_id=391396167 age_ms=3495 timeout_ms=2800
[07:03:43.250] [INFO] [EXEC] STREAM_SELL_CANCEL_OLD stream_id=1 chunk_id=3209824581584 order_id=391396167
[07:03:43.251] [INFO] GUI_PERF tick_ms=0 logs_visible=False gui_log_mode=OFF append_skipped=1648
[07:03:43.251] [WARNING] [EXEC] STREAM_STOP_LOSS_EXIT stream_id=1 chunk_id=3209824581584 order_id=391396167 stop_price=79841.53 retry_count=2 retry_max=2
[07:03:43.559] [INFO] [EXEC] STREAM_REPAIR_SKIP reason=stream_owned_inventory
[07:03:43.575] [INFO] [EXEC] STREAM_GLOBAL_SELL_SKIP reason=exit_recovery_inventory_no_sell
[07:03:43.575] [INFO] [EXEC] STREAM_GLOBAL_SELL_SKIP reason=place_sell
[07:03:44.590] [INFO] [EXEC] STREAM_SELL_STATUS stream_id=1 chunk_id=3209824581584 order_id=391396318 status=NEW
[07:03:44.590] [INFO] GUI_PERF tick_ms=0 logs_visible=False gui_log_mode=OFF append_skipped=1653
[07:03:46.307] [WARNING] [EXEC] STREAM_SELL_TIMEOUT stream_id=1 chunk_id=3209824581584 order_id=391396318 age_ms=3359 timeout_ms=2800
[07:03:46.322] [INFO] GUI_PERF tick_ms=0 logs_visible=False gui_log_mode=OFF append_skipped=1654
[07:03:46.654] [INFO] [EXEC] STREAM_SELL_CANCEL_OLD stream_id=1 chunk_id=3209824581584 order_id=391396318
[07:03:46.654] [WARNING] [EXEC] STREAM_STOP_LOSS_EXIT stream_id=1 chunk_id=3209824581584 order_id=391396318 stop_price=79841.53 retry_count=2 retry_max=2
[07:03:46.923] [INFO] [EXEC] STREAM_REPAIR_SKIP reason=stream_owned_inventory
[07:03:46.923] [INFO] [EXEC] STREAM_GLOBAL_SELL_SKIP reason=exit_recovery_inventory_no_sell
[07:03:46.923] [INFO] [EXEC] STREAM_GLOBAL_SELL_SKIP reason=place_sell
[07:03:47.197] [INFO] [EXEC] STREAM_STATS_UI cycles=44 wins=42 losses=2 pnl=+0.001195 winrate=95.45%
[07:03:47.972] [INFO] [EXEC] STREAM_SELL_STATUS stream_id=1 chunk_id=3209824581584 order_id=391396393 status=NEW
[07:03:47.972] [INFO] GUI_PERF tick_ms=0 logs_visible=False gui_log_mode=OFF append_skipped=1661
[07:03:49.612] [WARNING] [EXEC] STREAM_SELL_TIMEOUT stream_id=1 chunk_id=3209824581584 order_id=391396393 age_ms=3323 timeout_ms=2800
[07:03:49.620] [INFO] GUI_PERF tick_ms=0 logs_visible=False gui_log_mode=OFF append_skipped=1662
[07:03:49.906] [INFO] [EXEC] STREAM_SELL_CANCEL_OLD stream_id=1 chunk_id=3209824581584 order_id=391396393
[07:03:49.906] [WARNING] [EXEC] STREAM_STOP_LOSS_EXIT stream_id=1 chunk_id=3209824581584 order_id=391396393 stop_price=79841.53 retry_count=2 retry_max=2
[07:03:50.221] [INFO] [EXEC] STREAM_REPAIR_SKIP reason=stream_owned_inventory
[07:03:50.221] [INFO] [EXEC] STREAM_GLOBAL_SELL_SKIP reason=exit_recovery_inventory_no_sell
[07:03:50.221] [INFO] [EXEC] STREAM_GLOBAL_SELL_SKIP reason=place_sell
[07:03:51.839] [INFO] [EXEC] STREAM_SELL_STATUS stream_id=1 chunk_id=3209824581584 order_id=391396546 status=NEW
[07:03:51.839] [INFO] GUI_PERF tick_ms=0 logs_visible=False gui_log_mode=OFF append_skipped=1668
[07:03:52.470] [WARNING] [EXEC] STREAM_SELL_TIMEOUT stream_id=1 chunk_id=3209824581584 order_id=391396546 age_ms=2806 timeout_ms=2800
[07:03:52.773] [INFO] [EXEC] STREAM_SELL_CANCEL_OLD stream_id=1 chunk_id=3209824581584 order_id=391396546
[07:03:52.773] [WARNING] [EXEC] STREAM_STOP_LOSS_EXIT stream_id=1 chunk_id=3209824581584 order_id=391396546 stop_price=79841.53 retry_count=2 retry_max=2
[07:03:53.043] [INFO] [EXEC] STREAM_REPAIR_SKIP reason=stream_owned_inventory
[07:03:53.043] [INFO] GUI_PERF tick_ms=0 logs_visible=False gui_log_mode=OFF append_skipped=1672
[07:03:53.043] [INFO] [EXEC] STREAM_GLOBAL_SELL_SKIP reason=exit_recovery_inventory_no_sell
[07:03:53.043] [INFO] [EXEC] STREAM_GLOBAL_SELL_SKIP reason=place_sell
[07:03:53.043] [INFO] [EXEC] STREAM_STATS_UI cycles=44 wins=42 losses=2 pnl=+0.001195 winrate=95.45%
[07:03:53.753] [INFO] [EXEC] STREAM_SELL_STATUS stream_id=1 chunk_id=3209824581584 order_id=391396660 status=NEW
[07:03:55.338] [WARNING] [EXEC] STREAM_SELL_TIMEOUT stream_id=1 chunk_id=3209824581584 order_id=391396660 age_ms=2850 timeout_ms=2800
[07:03:55.338] [INFO] GUI_PERF tick_ms=0 logs_visible=False gui_log_mode=OFF append_skipped=1677
[07:03:55.643] [INFO] [EXEC] STREAM_SELL_CANCEL_OLD stream_id=1 chunk_id=3209824581584 order_id=391396660
[07:03:55.643] [WARNING] [EXEC] STREAM_STOP_LOSS_EXIT stream_id=1 chunk_id=3209824581584 order_id=391396660 stop_price=79841.53 retry_count=2 retry_max=2
[07:03:55.920] [INFO] [EXEC] STREAM_REPAIR_SKIP reason=stream_owned_inventory
[07:03:55.920] [INFO] [EXEC] STREAM_GLOBAL_SELL_SKIP reason=exit_recovery_inventory_no_sell
[07:03:55.920] [INFO] [EXEC] STREAM_GLOBAL_SELL_SKIP reason=place_sell
[07:03:56.866] [INFO] [EXEC] STREAM_SELL_STATUS stream_id=1 chunk_id=3209824581584 order_id=391396750 status=NEW
[07:03:56.874] [INFO] GUI_PERF tick_ms=0 logs_visible=False gui_log_mode=OFF append_skipped=1683
[07:03:58.305] [WARNING] [EXEC] STREAM_SELL_TIMEOUT stream_id=1 chunk_id=3209824581584 order_id=391396750 age_ms=2971 timeout_ms=2800
[07:03:58.305] [INFO] GUI_PERF tick_ms=0 logs_visible=False gui_log_mode=OFF append_skipped=1684
[07:03:58.593] [INFO] [EXEC] STREAM_SELL_CANCEL_OLD stream_id=1 chunk_id=3209824581584 order_id=391396750
[07:03:58.593] [WARNING] [EXEC] STREAM_STOP_LOSS_EXIT stream_id=1 chunk_id=3209824581584 order_id=391396750 stop_price=79841.53 retry_count=2 retry_max=2
[07:03:58.935] [INFO] [EXEC] STREAM_REPAIR_SKIP reason=stream_owned_inventory
[07:03:58.935] [INFO] [EXEC] STREAM_GLOBAL_SELL_SKIP reason=exit_recovery_inventory_no_sell
[07:03:58.943] [INFO] [EXEC] STREAM_GLOBAL_SELL_SKIP reason=place_sell
[07:03:58.943] [INFO] [EXEC] STREAM_STATS_UI cycles=44 wins=42 losses=2 pnl=+0.001195 winrate=95.45%
[07:03:59.733] [INFO] [EXEC] STREAM_SELL_STATUS stream_id=1 chunk_id=3209824581584 order_id=391396810 status=NEW
[07:03:59.733] [INFO] GUI_PERF tick_ms=0 logs_visible=False gui_log_mode=OFF append_skipped=1691
[07:04:01.861] [WARNING] [EXEC] STREAM_SELL_TIMEOUT stream_id=1 chunk_id=3209824581584 order_id=391396810 age_ms=3580 timeout_ms=2800
[07:04:01.861] [INFO] GUI_PERF tick_ms=0 logs_visible=False gui_log_mode=OFF append_skipped=1692
[07:04:02.145] [INFO] [EXEC] STREAM_SELL_CANCEL_OLD stream_id=1 chunk_id=3209824581584 order_id=391396810
[07:04:02.145] [WARNING] [EXEC] STREAM_STOP_LOSS_EXIT stream_id=1 chunk_id=3209824581584 order_id=391396810 stop_price=79841.53 retry_count=2 retry_max=2
[07:04:02.405] [INFO] [EXEC] STREAM_REPAIR_SKIP reason=stream_owned_inventory
[07:04:02.405] [INFO] [EXEC] STREAM_GLOBAL_SELL_SKIP reason=exit_recovery_inventory_no_sell
[07:04:02.405] [INFO] [EXEC] STREAM_GLOBAL_SELL_SKIP reason=place_sell
[07:04:03.340] [INFO] [EXEC] STREAM_SELL_STATUS stream_id=1 chunk_id=3209824581584 order_id=391396943 status=NEW
[07:04:03.340] [INFO] GUI_PERF tick_ms=0 logs_visible=False gui_log_mode=OFF append_skipped=1698
[07:04:04.129] [INFO] [EXEC] STREAM_STATS_UI cycles=44 wins=42 losses=2 pnl=+0.001195 winrate=95.45%
[07:04:04.953] [INFO] [EXEC] STREAM_SELL_STATUS stream_id=1 chunk_id=3209824581584 order_id=391396943 status=NEW
[07:04:04.953] [INFO] GUI_PERF tick_ms=0 logs_visible=False gui_log_mode=OFF append_skipped=1700
[07:04:04.953] [WARNING] [EXEC] STREAM_SELL_TIMEOUT stream_id=1 chunk_id=3209824581584 order_id=391396943 age_ms=3080 timeout_ms=2800
[07:04:05.213] [INFO] [EXEC] STREAM_SELL_CANCEL_OLD stream_id=1 chunk_id=3209824581584 order_id=391396943
[07:04:05.221] [WARNING] [EXEC] STREAM_STOP_LOSS_EXIT stream_id=1 chunk_id=3209824581584 order_id=391396943 stop_price=79841.53 retry_count=2 retry_max=2
[07:04:05.479] [INFO] [EXEC] STREAM_REPAIR_SKIP reason=stream_owned_inventory
[07:04:05.486] [INFO] [EXEC] STREAM_GLOBAL_SELL_SKIP reason=exit_recovery_inventory_no_sell
[07:04:05.486] [INFO] [EXEC] STREAM_GLOBAL_SELL_SKIP reason=place_sell
[07:04:06.137] [INFO] [EXEC] STREAM_SELL_STATUS stream_id=1 chunk_id=3209824581584 order_id=391397165 status=NEW
[07:04:06.137] [INFO] GUI_PERF tick_ms=0 logs_visible=False gui_log_mode=OFF append_skipped=1707
[07:04:08.392] [WARNING] [EXEC] STREAM_SELL_TIMEOUT stream_id=1 chunk_id=3209824581584 order_id=391397165 age_ms=3481 timeout_ms=2800
[07:04:08.392] [INFO] GUI_PERF tick_ms=0 logs_visible=False gui_log_mode=OFF append_skipped=1708
[07:04:08.654] [INFO] [EXEC] STREAM_SELL_CANCEL_OLD stream_id=1 chunk_id=3209824581584 order_id=391397165
[07:04:08.654] [WARNING] [EXEC] STREAM_STOP_LOSS_EXIT stream_id=1 chunk_id=3209824581584 order_id=391397165 stop_price=79841.53 retry_count=2 retry_max=2
[07:04:08.938] [INFO] [EXEC] STREAM_REPAIR_SKIP reason=stream_owned_inventory
[07:04:08.938] [INFO] [EXEC] STREAM_GLOBAL_SELL_SKIP reason=exit_recovery_inventory_no_sell
[07:04:08.938] [INFO] [EXEC] STREAM_GLOBAL_SELL_SKIP reason=place_sell
[07:04:10.156] [INFO] [EXEC] STREAM_SELL_STATUS stream_id=1 chunk_id=3209824581584 order_id=391397408 status=NEW
[07:04:10.156] [INFO] GUI_PERF tick_ms=0 logs_visible=False gui_log_mode=OFF append_skipped=1714
[07:04:10.156] [INFO] [EXEC] STREAM_STATS_UI cycles=44 wins=42 losses=2 pnl=+0.001195 winrate=95.45%
[07:04:10.992] [INFO] [EXEC] STREAM_SELL_STATUS stream_id=1 chunk_id=3209824581584 order_id=391397408 status=NEW
[07:04:11.701] [WARNING] [EXEC] STREAM_SELL_TIMEOUT stream_id=1 chunk_id=3209824581584 order_id=391397408 age_ms=3307 timeout_ms=2800
[07:04:11.701] [INFO] GUI_PERF tick_ms=0 logs_visible=False gui_log_mode=OFF append_skipped=1717
[07:04:11.975] [INFO] [EXEC] STREAM_SELL_CANCEL_OLD stream_id=1 chunk_id=3209824581584 order_id=391397408
[07:04:11.975] [WARNING] [EXEC] STREAM_STOP_LOSS_EXIT stream_id=1 chunk_id=3209824581584 order_id=391397408 stop_price=79841.53 retry_count=2 retry_max=2
[07:04:12.240] [INFO] [EXEC] STREAM_REPAIR_SKIP reason=stream_owned_inventory
[07:04:12.241] [INFO] [EXEC] STREAM_GLOBAL_SELL_SKIP reason=exit_recovery_inventory_no_sell
[07:04:12.241] [INFO] [EXEC] STREAM_GLOBAL_SELL_SKIP reason=place_sell
[07:04:12.952] [INFO] [EXEC] STREAM_SELL_STATUS stream_id=1 chunk_id=3209824581584 order_id=391397556 status=NEW
[07:04:12.952] [INFO] GUI_PERF tick_ms=0 logs_visible=False gui_log_mode=OFF append_skipped=1723
[07:04:15.240] [WARNING] [EXEC] STREAM_SELL_TIMEOUT stream_id=1 chunk_id=3209824581584 order_id=391397556 age_ms=3537 timeout_ms=2800
[07:04:15.240] [INFO] GUI_PERF tick_ms=0 logs_visible=False gui_log_mode=OFF append_skipped=1724
[07:04:15.499] [INFO] [EXEC] STREAM_SELL_CANCEL_OLD stream_id=1 chunk_id=3209824581584 order_id=391397556
[07:04:15.499] [WARNING] [EXEC] STREAM_STOP_LOSS_EXIT stream_id=1 chunk_id=3209824581584 order_id=391397556 stop_price=79841.53 retry_count=2 retry_max=2
[07:04:15.799] [INFO] [EXEC] STREAM_REPAIR_SKIP reason=stream_owned_inventory
[07:04:15.799] [INFO] [EXEC] STREAM_GLOBAL_SELL_SKIP reason=exit_recovery_inventory_no_sell
[07:04:15.799] [INFO] [EXEC] STREAM_GLOBAL_SELL_SKIP reason=place_sell
[07:04:15.799] [INFO] [EXEC] STREAM_STATS_UI cycles=44 wins=42 losses=2 pnl=+0.001195 winrate=95.45%
[07:04:17.030] [INFO] [EXEC] STREAM_SELL_STATUS stream_id=1 chunk_id=3209824581584 order_id=391397843 status=NEW
[07:04:17.030] [INFO] GUI_PERF tick_ms=0 logs_visible=False gui_log_mode=OFF append_skipped=1731
[07:04:19.044] [WARNING] [EXEC] STREAM_SELL_TIMEOUT stream_id=1 chunk_id=3209824581584 order_id=391397843 age_ms=3349 timeout_ms=2800
[07:04:19.060] [INFO] GUI_PERF tick_ms=0 logs_visible=False gui_log_mode=OFF append_skipped=1732
[07:04:19.319] [INFO] [EXEC] STREAM_SELL_CANCEL_OLD stream_id=1 chunk_id=3209824581584 order_id=391397843
[07:04:19.319] [WARNING] [EXEC] STREAM_STOP_LOSS_EXIT stream_id=1 chunk_id=3209824581584 order_id=391397843 stop_price=79841.53 retry_count=2 retry_max=2
[07:04:19.599] [INFO] [EXEC] STREAM_REPAIR_SKIP reason=stream_owned_inventory
[07:04:19.604] [INFO] [EXEC] STREAM_GLOBAL_SELL_SKIP reason=exit_recovery_inventory_no_sell
[07:04:19.604] [INFO] [EXEC] STREAM_GLOBAL_SELL_SKIP reason=place_sell
[07:04:20.372] [INFO] [EXEC] STREAM_SELL_STATUS stream_id=1 chunk_id=3209824581584 order_id=391398319 status=NEW
[07:04:20.388] [INFO] GUI_PERF tick_ms=0 logs_visible=False gui_log_mode=OFF append_skipped=1738
[07:04:20.903] [INFO] [EXEC] STREAM_STATS_UI cycles=44 wins=42 losses=2 pnl=+0.001195 winrate=95.45%
[07:04:21.731] [INFO] [EXEC] STREAM_SELL_STATUS stream_id=1 chunk_id=3209824581584 order_id=391398319 status=NEW
[07:04:21.731] [INFO] GUI_PERF tick_ms=0 logs_visible=False gui_log_mode=OFF append_skipped=1740
[07:04:21.731] [WARNING] [EXEC] STREAM_SELL_TIMEOUT stream_id=1 chunk_id=3209824581584 order_id=391398319 age_ms=3108 timeout_ms=2800
[07:04:22.046] [INFO] [EXEC] STREAM_SELL_CANCEL_OLD stream_id=1 chunk_id=3209824581584 order_id=391398319
[07:04:22.046] [WARNING] [EXEC] STREAM_STOP_LOSS_EXIT stream_id=1 chunk_id=3209824581584 order_id=391398319 stop_price=79841.53 retry_count=2 retry_max=2
[07:04:22.365] [INFO] [EXEC] STREAM_REPAIR_SKIP reason=stream_owned_inventory
[07:04:22.365] [INFO] [EXEC] STREAM_GLOBAL_SELL_SKIP reason=exit_recovery_inventory_no_sell
[07:04:22.365] [INFO] [EXEC] STREAM_GLOBAL_SELL_SKIP reason=place_sell
[07:04:23.079] [INFO] [EXEC] STREAM_SELL_STATUS stream_id=1 chunk_id=3209824581584 order_id=391398446 status=NEW
[07:04:23.079] [INFO] GUI_PERF tick_ms=0 logs_visible=False gui_log_mode=OFF append_skipped=1747
[07:04:25.181] [WARNING] [EXEC] STREAM_SELL_TIMEOUT stream_id=1 chunk_id=3209824581584 order_id=391398446 age_ms=3482 timeout_ms=2800
[07:04:25.181] [INFO] GUI_PERF tick_ms=0 logs_visible=False gui_log_mode=OFF append_skipped=1748
[07:04:25.527] [INFO] [EXEC] STREAM_SELL_CANCEL_OLD stream_id=1 chunk_id=3209824581584 order_id=391398446
[07:04:25.527] [WARNING] [EXEC] STREAM_STOP_LOSS_EXIT stream_id=1 chunk_id=3209824581584 order_id=391398446 stop_price=79841.53 retry_count=2 retry_max=2
[07:04:25.795] [INFO] [EXEC] STREAM_REPAIR_SKIP reason=stream_owned_inventory
[07:04:25.795] [INFO] [EXEC] STREAM_GLOBAL_SELL_SKIP reason=exit_recovery_inventory_no_sell
[07:04:25.795] [INFO] [EXEC] STREAM_GLOBAL_SELL_SKIP reason=place_sell
[07:04:26.176] [INFO] [EXEC] STREAM_STATS_UI cycles=44 wins=42 losses=2 pnl=+0.001195 winrate=95.45%
[07:04:26.184] [INFO] GUI_PERF tick_ms=0 logs_visible=False gui_log_mode=OFF append_skipped=1754
[07:04:26.455] [INFO] [EXEC] STREAM_SELL_STATUS stream_id=1 chunk_id=3209824581584 order_id=391398731 status=NEW
[07:04:28.186] [WARNING] [EXEC] STREAM_SELL_TIMEOUT stream_id=1 chunk_id=3209824581584 order_id=391398731 age_ms=3031 timeout_ms=2800
[07:04:28.186] [INFO] GUI_PERF tick_ms=0 logs_visible=False gui_log_mode=OFF append_skipped=1756
[07:04:28.455] [INFO] [EXEC] STREAM_SELL_CANCEL_OLD stream_id=1 chunk_id=3209824581584 order_id=391398731
[07:04:28.455] [WARNING] [EXEC] STREAM_STOP_LOSS_EXIT stream_id=1 chunk_id=3209824581584 order_id=391398731 stop_price=79841.53 retry_count=2 retry_max=2
[07:04:28.719] [INFO] [EXEC] STREAM_REPAIR_SKIP reason=stream_owned_inventory
[07:04:28.719] [INFO] [EXEC] STREAM_GLOBAL_SELL_SKIP reason=exit_recovery_inventory_no_sell
[07:04:28.719] [INFO] [EXEC] STREAM_GLOBAL_SELL_SKIP reason=place_sell
[07:04:29.471] [INFO] [EXEC] STREAM_SELL_STATUS stream_id=1 chunk_id=3209824581584 order_id=391398957 status=NEW
[07:04:29.486] [INFO] GUI_PERF tick_ms=0 logs_visible=False gui_log_mode=OFF append_skipped=1762
[07:04:31.220] [WARNING] [EXEC] STREAM_SELL_TIMEOUT stream_id=1 chunk_id=3209824581584 order_id=391398957 age_ms=3017 timeout_ms=2800
[07:04:31.220] [INFO] GUI_PERF tick_ms=0 logs_visible=False gui_log_mode=OFF append_skipped=1763
[07:04:31.476] [INFO] [EXEC] STREAM_SELL_CANCEL_OLD stream_id=1 chunk_id=3209824581584 order_id=391398957
[07:04:31.476] [WARNING] [EXEC] STREAM_STOP_LOSS_EXIT stream_id=1 chunk_id=3209824581584 order_id=391398957 stop_price=79841.53 retry_count=2 retry_max=2
[07:04:31.731] [INFO] [EXEC] STREAM_REPAIR_SKIP reason=stream_owned_inventory
[07:04:31.731] [INFO] [EXEC] STREAM_GLOBAL_SELL_SKIP reason=exit_recovery_inventory_no_sell
[07:04:31.731] [INFO] [EXEC] STREAM_GLOBAL_SELL_SKIP reason=place_sell
[07:04:31.731] [INFO] [EXEC] STREAM_STATS_UI cycles=44 wins=42 losses=2 pnl=+0.001195 winrate=95.45%
[07:04:32.890] [INFO] [EXEC] STREAM_SELL_STATUS stream_id=1 chunk_id=3209824581584 order_id=391399189 status=NEW
[07:04:32.890] [INFO] GUI_PERF tick_ms=0 logs_visible=False gui_log_mode=OFF append_skipped=1770
[07:04:34.306] [WARNING] [EXEC] STREAM_SELL_TIMEOUT stream_id=1 chunk_id=3209824581584 order_id=391399189 age_ms=3057 timeout_ms=2800
[07:04:34.306] [INFO] GUI_PERF tick_ms=0 logs_visible=False gui_log_mode=OFF append_skipped=1771
[07:04:34.565] [INFO] [EXEC] STREAM_SELL_CANCEL_OLD stream_id=1 chunk_id=3209824581584 order_id=391399189
[07:04:34.565] [WARNING] [EXEC] STREAM_STOP_LOSS_EXIT stream_id=1 chunk_id=3209824581584 order_id=391399189 stop_price=79841.53 retry_count=2 retry_max=2
[07:04:34.843] [INFO] [EXEC] STREAM_REPAIR_SKIP reason=stream_owned_inventory
[07:04:34.843] [INFO] [EXEC] STREAM_GLOBAL_SELL_SKIP reason=exit_recovery_inventory_no_sell
[07:04:34.843] [INFO] [EXEC] STREAM_GLOBAL_SELL_SKIP reason=place_sell
[07:04:35.562] [INFO] [EXEC] STREAM_SELL_STATUS stream_id=1 chunk_id=3209824581584 order_id=391399302 status=NEW
[07:04:35.562] [INFO] GUI_PERF tick_ms=0 logs_visible=False gui_log_mode=OFF append_skipped=1777
[07:04:37.187] [WARNING] [EXEC] STREAM_SELL_TIMEOUT stream_id=1 chunk_id=3209824581584 order_id=391399302 age_ms=2863 timeout_ms=2800
[07:04:37.187] [INFO] GUI_PERF tick_ms=0 logs_visible=False gui_log_mode=OFF append_skipped=1778
[07:04:37.447] [INFO] [EXEC] STREAM_SELL_CANCEL_OLD stream_id=1 chunk_id=3209824581584 order_id=391399302
[07:04:37.447] [WARNING] [EXEC] STREAM_STOP_LOSS_EXIT stream_id=1 chunk_id=3209824581584 order_id=391399302 stop_price=79841.53 retry_count=2 retry_max=2
[07:04:38.112] [INFO] [EXEC] STREAM_REPAIR_SKIP reason=stream_owned_inventory
[07:04:38.112] [INFO] [EXEC] STREAM_GLOBAL_SELL_SKIP reason=exit_recovery_inventory_no_sell
[07:04:38.112] [INFO] [EXEC] STREAM_GLOBAL_SELL_SKIP reason=place_sell
[07:04:38.120] [INFO] [EXEC] STREAM_STATS_UI cycles=44 wins=42 losses=2 pnl=+0.001195 winrate=95.45%
[07:04:39.145] [INFO] [EXEC] STREAM_SELL_STATUS stream_id=1 chunk_id=3209824581584 order_id=391399362 status=NEW
[07:04:39.145] [INFO] GUI_PERF tick_ms=0 logs_visible=False gui_log_mode=OFF append_skipped=1785
[07:04:40.670] [WARNING] [EXEC] STREAM_SELL_TIMEOUT stream_id=1 chunk_id=3209824581584 order_id=391399362 age_ms=3544 timeout_ms=2800
[07:04:40.670] [INFO] GUI_PERF tick_ms=0 logs_visible=False gui_log_mode=OFF append_skipped=1786
[07:04:40.957] [INFO] [EXEC] STREAM_SELL_CANCEL_OLD stream_id=1 chunk_id=3209824581584 order_id=391399362
[07:04:40.957] [WARNING] [EXEC] STREAM_STOP_LOSS_EXIT stream_id=1 chunk_id=3209824581584 order_id=391399362 stop_price=79841.53 retry_count=2 retry_max=2
[07:04:41.219] [INFO] [EXEC] STREAM_REPAIR_SKIP reason=stream_owned_inventory
[07:04:41.222] [INFO] [EXEC] STREAM_GLOBAL_SELL_SKIP reason=exit_recovery_inventory_no_sell
[07:04:41.222] [INFO] [EXEC] STREAM_GLOBAL_SELL_SKIP reason=place_sell
[07:04:41.972] [INFO] [EXEC] STREAM_SELL_STATUS stream_id=1 chunk_id=3209824581584 order_id=391399593 status=NEW
[07:04:41.972] [INFO] GUI_PERF tick_ms=0 logs_visible=False gui_log_mode=OFF append_skipped=1792
[07:04:43.534] [WARNING] [EXEC] STREAM_SELL_TIMEOUT stream_id=1 chunk_id=3209824581584 order_id=391399593 age_ms=2822 timeout_ms=2800
[07:04:43.534] [INFO] GUI_PERF tick_ms=0 logs_visible=False gui_log_mode=OFF append_skipped=1793
[07:04:43.783] [INFO] [EXEC] STREAM_SELL_CANCEL_OLD stream_id=1 chunk_id=3209824581584 order_id=391399593
[07:04:43.798] [WARNING] [EXEC] STREAM_STOP_LOSS_EXIT stream_id=1 chunk_id=3209824581584 order_id=391399593 stop_price=79841.53 retry_count=2 retry_max=2
[07:04:44.073] [INFO] [EXEC] STREAM_REPAIR_SKIP reason=stream_owned_inventory
[07:04:44.073] [INFO] [EXEC] STREAM_GLOBAL_SELL_SKIP reason=exit_recovery_inventory_no_sell
[07:04:44.073] [INFO] [EXEC] STREAM_GLOBAL_SELL_SKIP reason=place_sell
[07:04:44.073] [INFO] [EXEC] STREAM_STATS_UI cycles=44 wins=42 losses=2 pnl=+0.001195 winrate=95.45%
[07:04:45.071] [INFO] [EXEC] STREAM_SELL_STATUS stream_id=1 chunk_id=3209824581584 order_id=391399801 status=NEW
[07:04:45.071] [INFO] GUI_PERF tick_ms=0 logs_visible=False gui_log_mode=OFF append_skipped=1800
[07:04:46.607] [WARNING] [EXEC] STREAM_SELL_TIMEOUT stream_id=1 chunk_id=3209824581584 order_id=391399801 age_ms=3085 timeout_ms=2800
[07:04:46.607] [INFO] GUI_PERF tick_ms=0 logs_visible=False gui_log_mode=OFF append_skipped=1801
[07:04:46.882] [INFO] [EXEC] STREAM_SELL_CANCEL_OLD stream_id=1 chunk_id=3209824581584 order_id=391399801
[07:04:46.882] [WARNING] [EXEC] STREAM_STOP_LOSS_EXIT stream_id=1 chunk_id=3209824581584 order_id=391399801 stop_price=79841.53 retry_count=2 retry_max=2
[07:04:47.148] [INFO] [EXEC] STREAM_REPAIR_SKIP reason=stream_owned_inventory
[07:04:47.148] [INFO] [EXEC] STREAM_GLOBAL_SELL_SKIP reason=exit_recovery_inventory_no_sell
[07:04:47.148] [INFO] [EXEC] STREAM_GLOBAL_SELL_SKIP reason=place_sell
[07:04:47.815] [INFO] [EXEC] STREAM_SELL_STATUS stream_id=1 chunk_id=3209824581584 order_id=391399980 status=NEW
[07:04:47.815] [INFO] GUI_PERF tick_ms=0 logs_visible=False gui_log_mode=OFF append_skipped=1807
[07:04:49.474] [INFO] [EXEC] STREAM_STATS_UI cycles=44 wins=42 losses=2 pnl=+0.001195 winrate=95.45%
[07:04:49.474] [INFO] GUI_PERF tick_ms=0 logs_visible=False gui_log_mode=OFF append_skipped=1808
[07:04:50.187] [INFO] [EXEC] STREAM_SELL_STATUS stream_id=1 chunk_id=3209824581584 order_id=391399980 status=NEW
[07:04:50.187] [WARNING] [EXEC] STREAM_SELL_TIMEOUT stream_id=1 chunk_id=3209824581584 order_id=391399980 age_ms=3530 timeout_ms=2800
[07:04:50.589] [INFO] [EXEC] STREAM_SELL_CANCEL_OLD stream_id=1 chunk_id=3209824581584 order_id=391399980
[07:04:50.589] [INFO] GUI_PERF tick_ms=0 logs_visible=False gui_log_mode=OFF append_skipped=1811
[07:04:50.589] [WARNING] [EXEC] STREAM_STOP_LOSS_EXIT stream_id=1 chunk_id=3209824581584 order_id=391399980 stop_price=79841.53 retry_count=2 retry_max=2
[07:04:50.867] [INFO] [EXEC] STREAM_REPAIR_SKIP reason=stream_owned_inventory
[07:04:50.867] [INFO] [EXEC] STREAM_GLOBAL_SELL_SKIP reason=exit_recovery_inventory_no_sell
[07:04:50.867] [INFO] [EXEC] STREAM_GLOBAL_SELL_SKIP reason=place_sell
[07:04:51.630] [INFO] [EXEC] STREAM_SELL_STATUS stream_id=1 chunk_id=3209824581584 order_id=391400188 status=NEW
[07:04:51.630] [INFO] GUI_PERF tick_ms=0 logs_visible=False gui_log_mode=OFF append_skipped=1816
[07:04:53.160] [WARNING] [EXEC] STREAM_SELL_TIMEOUT stream_id=1 chunk_id=3209824581584 order_id=391400188 age_ms=3022 timeout_ms=2800
[07:04:53.160] [INFO] GUI_PERF tick_ms=0 logs_visible=False gui_log_mode=OFF append_skipped=1817
[07:04:53.450] [INFO] [EXEC] STREAM_SELL_CANCEL_OLD stream_id=1 chunk_id=3209824581584 order_id=391400188
[07:04:53.450] [WARNING] [EXEC] STREAM_STOP_LOSS_EXIT stream_id=1 chunk_id=3209824581584 order_id=391400188 stop_price=79841.53 retry_count=2 retry_max=2
[07:04:53.712] [INFO] [EXEC] STREAM_REPAIR_SKIP reason=stream_owned_inventory
[07:04:53.712] [INFO] [EXEC] STREAM_GLOBAL_SELL_SKIP reason=exit_recovery_inventory_no_sell
[07:04:53.712] [INFO] [EXEC] STREAM_GLOBAL_SELL_SKIP reason=place_sell
[07:04:54.392] [INFO] [EXEC] STREAM_SELL_STATUS stream_id=1 chunk_id=3209824581584 order_id=391400418 status=NEW
[07:04:54.392] [INFO] GUI_PERF tick_ms=0 logs_visible=False gui_log_mode=OFF append_skipped=1823
[07:04:54.651] [INFO] [EXEC] STREAM_STATS_UI cycles=44 wins=42 losses=2 pnl=+0.001195 winrate=95.45%
[07:04:55.147] [INFO] [EXEC] STREAM_SELL_STATUS stream_id=1 chunk_id=3209824581584 order_id=391400418 status=NEW
[07:04:57.206] [WARNING] [EXEC] STREAM_SELL_TIMEOUT stream_id=1 chunk_id=3209824581584 order_id=391400418 age_ms=4057 timeout_ms=2800
[07:04:57.206] [INFO] GUI_PERF tick_ms=0 logs_visible=False gui_log_mode=OFF append_skipped=1826
[07:04:57.542] [INFO] [EXEC] STREAM_SELL_CANCEL_OLD stream_id=1 chunk_id=3209824581584 order_id=391400418
[07:04:57.557] [WARNING] [EXEC] STREAM_STOP_LOSS_EXIT stream_id=1 chunk_id=3209824581584 order_id=391400418 stop_price=79841.53 retry_count=2 retry_max=2
[07:04:57.854] [INFO] [EXEC] STREAM_REPAIR_SKIP reason=stream_owned_inventory
[07:04:57.854] [INFO] [EXEC] STREAM_GLOBAL_SELL_SKIP reason=exit_recovery_inventory_no_sell
[07:04:57.854] [INFO] [EXEC] STREAM_GLOBAL_SELL_SKIP reason=place_sell
[07:04:58.877] [INFO] [EXEC] STREAM_SELL_STATUS stream_id=1 chunk_id=3209824581584 order_id=391400617 status=NEW
[07:04:58.877] [INFO] GUI_PERF tick_ms=0 logs_visible=False gui_log_mode=OFF append_skipped=1832
[07:05:00.310] [WARNING] [EXEC] STREAM_SELL_TIMEOUT stream_id=1 chunk_id=3209824581584 order_id=391400617 age_ms=3113 timeout_ms=2800
[07:05:00.310] [INFO] GUI_PERF tick_ms=0 logs_visible=False gui_log_mode=OFF append_skipped=1833
[07:05:00.568] [INFO] [EXEC] STREAM_SELL_CANCEL_OLD stream_id=1 chunk_id=3209824581584 order_id=391400617
[07:05:00.568] [WARNING] [EXEC] STREAM_STOP_LOSS_EXIT stream_id=1 chunk_id=3209824581584 order_id=391400617 stop_price=79841.53 retry_count=2 retry_max=2
[07:05:00.893] [INFO] [EXEC] STREAM_REPAIR_SKIP reason=stream_owned_inventory
[07:05:00.893] [INFO] [EXEC] STREAM_GLOBAL_SELL_SKIP reason=exit_recovery_inventory_no_sell
[07:05:00.893] [INFO] [EXEC] STREAM_GLOBAL_SELL_SKIP reason=place_sell
[07:05:00.893] [INFO] [EXEC] STREAM_STATS_UI cycles=44 wins=42 losses=2 pnl=+0.001195 winrate=95.45%
[07:05:01.528] [INFO] [EXEC] STREAM_SELL_STATUS stream_id=1 chunk_id=3209824581584 order_id=391400820 status=NEW
[07:05:01.528] [INFO] GUI_PERF tick_ms=0 logs_visible=False gui_log_mode=OFF append_skipped=1840
[07:05:03.292] [WARNING] [EXEC] STREAM_SELL_TIMEOUT stream_id=1 chunk_id=3209824581584 order_id=391400820 age_ms=2991 timeout_ms=2800
[07:05:03.292] [INFO] GUI_PERF tick_ms=0 logs_visible=False gui_log_mode=OFF append_skipped=1841
[07:05:03.558] [INFO] [EXEC] STREAM_SELL_CANCEL_OLD stream_id=1 chunk_id=3209824581584 order_id=391400820
[07:05:03.558] [WARNING] [EXEC] STREAM_STOP_LOSS_EXIT stream_id=1 chunk_id=3209824581584 order_id=391400820 stop_price=79841.53 retry_count=2 retry_max=2
[07:05:03.819] [INFO] [EXEC] STREAM_REPAIR_SKIP reason=stream_owned_inventory
[07:05:03.827] [INFO] [EXEC] STREAM_GLOBAL_SELL_SKIP reason=exit_recovery_inventory_no_sell
[07:05:03.827] [INFO] [EXEC] STREAM_GLOBAL_SELL_SKIP reason=place_sell
[07:05:04.533] [INFO] [EXEC] STREAM_SELL_STATUS stream_id=1 chunk_id=3209824581584 order_id=391400965 status=NEW
[07:05:04.533] [INFO] GUI_PERF tick_ms=0 logs_visible=False gui_log_mode=OFF append_skipped=1847
[07:05:06.110] [WARNING] [EXEC] STREAM_SELL_TIMEOUT stream_id=1 chunk_id=3209824581584 order_id=391400965 age_ms=2812 timeout_ms=2800
[07:05:06.110] [INFO] GUI_PERF tick_ms=0 logs_visible=False gui_log_mode=OFF append_skipped=1848
[07:05:06.386] [INFO] [EXEC] STREAM_SELL_CANCEL_OLD stream_id=1 chunk_id=3209824581584 order_id=391400965
[07:05:06.386] [WARNING] [EXEC] STREAM_STOP_LOSS_EXIT stream_id=1 chunk_id=3209824581584 order_id=391400965 stop_price=79841.53 retry_count=2 retry_max=2
[07:05:06.650] [INFO] [EXEC] STREAM_REPAIR_SKIP reason=stream_owned_inventory
[07:05:06.650] [INFO] [EXEC] STREAM_GLOBAL_SELL_SKIP reason=exit_recovery_inventory_no_sell
[07:05:06.650] [INFO] [EXEC] STREAM_GLOBAL_SELL_SKIP reason=place_sell
[07:05:06.650] [INFO] [EXEC] STREAM_STATS_UI cycles=44 wins=42 losses=2 pnl=+0.001195 winrate=95.45%
[07:05:07.342] [INFO] [EXEC] STREAM_SELL_STATUS stream_id=1 chunk_id=3209824581584 order_id=391401028 status=NEW
[07:05:07.342] [INFO] GUI_PERF tick_ms=0 logs_visible=False gui_log_mode=OFF append_skipped=1855
[07:05:09.593] [WARNING] [EXEC] STREAM_SELL_TIMEOUT stream_id=1 chunk_id=3209824581584 order_id=391401028 age_ms=3492 timeout_ms=2800
[07:05:09.601] [INFO] GUI_PERF tick_ms=0 logs_visible=False gui_log_mode=OFF append_skipped=1856
[07:05:09.933] [INFO] [EXEC] STREAM_SELL_CANCEL_OLD stream_id=1 chunk_id=3209824581584 order_id=391401028
[07:05:09.941] [WARNING] [EXEC] STREAM_STOP_LOSS_EXIT stream_id=1 chunk_id=3209824581584 order_id=391401028 stop_price=79841.53 retry_count=2 retry_max=2
[07:05:10.198] [INFO] [EXEC] STREAM_REPAIR_SKIP reason=stream_owned_inventory
[07:05:10.198] [INFO] [EXEC] STREAM_GLOBAL_SELL_SKIP reason=exit_recovery_inventory_no_sell
[07:05:10.198] [INFO] [EXEC] STREAM_GLOBAL_SELL_SKIP reason=place_sell
[07:05:10.860] [INFO] [EXEC] STREAM_SELL_STATUS stream_id=1 chunk_id=3209824581584 order_id=391401230 status=NEW
[07:05:10.860] [INFO] GUI_PERF tick_ms=0 logs_visible=False gui_log_mode=OFF append_skipped=1862
[07:05:11.893] [INFO] [EXEC] STREAM_STATS_UI cycles=44 wins=42 losses=2 pnl=+0.001195 winrate=95.45%
[07:05:11.893] [INFO] GUI_PERF tick_ms=0 logs_visible=False gui_log_mode=OFF append_skipped=1863
[07:05:12.390] [INFO] [EXEC] STREAM_SELL_STATUS stream_id=1 chunk_id=3209824581584 order_id=391401230 status=NEW
[07:05:13.149] [WARNING] [EXEC] STREAM_SELL_TIMEOUT stream_id=1 chunk_id=3209824581584 order_id=391401230 age_ms=3543 timeout_ms=2800
[07:05:13.151] [INFO] GUI_PERF tick_ms=0 logs_visible=False gui_log_mode=OFF append_skipped=1865
[07:05:13.406] [INFO] [EXEC] STREAM_SELL_CANCEL_OLD stream_id=1 chunk_id=3209824581584 order_id=391401230
[07:05:13.406] [WARNING] [EXEC] STREAM_STOP_LOSS_EXIT stream_id=1 chunk_id=3209824581584 order_id=391401230 stop_price=79841.53 retry_count=2 retry_max=2
[07:05:13.714] [INFO] [EXEC] STREAM_REPAIR_SKIP reason=stream_owned_inventory
[07:05:13.714] [INFO] [EXEC] STREAM_GLOBAL_SELL_SKIP reason=exit_recovery_inventory_no_sell
[07:05:13.714] [INFO] [EXEC] STREAM_GLOBAL_SELL_SKIP reason=place_sell
[07:05:15.260] [INFO] [EXEC] STREAM_SELL_STATUS stream_id=1 chunk_id=3209824581584 order_id=391401419 status=NEW
[07:05:15.260] [INFO] GUI_PERF tick_ms=0 logs_visible=False gui_log_mode=OFF append_skipped=1871
[07:05:16.496] [WARNING] [EXEC] STREAM_SELL_TIMEOUT stream_id=1 chunk_id=3209824581584 order_id=391401419 age_ms=3335 timeout_ms=2800
[07:05:16.496] [INFO] GUI_PERF tick_ms=0 logs_visible=False gui_log_mode=OFF append_skipped=1872
[07:05:16.746] [INFO] [EXEC] STREAM_SELL_CANCEL_OLD stream_id=1 chunk_id=3209824581584 order_id=391401419
[07:05:16.762] [WARNING] [EXEC] STREAM_STOP_LOSS_EXIT stream_id=1 chunk_id=3209824581584 order_id=391401419 stop_price=79841.53 retry_count=2 retry_max=2
[07:05:17.100] [INFO] [EXEC] STREAM_REPAIR_SKIP reason=stream_owned_inventory
[07:05:17.108] [INFO] [EXEC] STREAM_GLOBAL_SELL_SKIP reason=exit_recovery_inventory_no_sell
[07:05:17.108] [INFO] [EXEC] STREAM_GLOBAL_SELL_SKIP reason=place_sell
[07:05:17.409] [INFO] [EXEC] STREAM_STATS_UI cycles=44 wins=42 losses=2 pnl=+0.001195 winrate=95.45%
[07:05:17.746] [INFO] [EXEC] STREAM_SELL_STATUS stream_id=1 chunk_id=3209824581584 order_id=391401529 status=NEW
[07:05:17.746] [INFO] GUI_PERF tick_ms=0 logs_visible=False gui_log_mode=OFF append_skipped=1879
[07:05:20.684] [WARNING] [EXEC] STREAM_SELL_TIMEOUT stream_id=1 chunk_id=3209824581584 order_id=391401529 age_ms=4168 timeout_ms=2800
[07:05:20.684] [INFO] GUI_PERF tick_ms=0 logs_visible=False gui_log_mode=OFF append_skipped=1880
[07:05:20.985] [INFO] [EXEC] STREAM_SELL_CANCEL_OLD stream_id=1 chunk_id=3209824581584 order_id=391401529
[07:05:20.985] [WARNING] [EXEC] STREAM_STOP_LOSS_EXIT stream_id=1 chunk_id=3209824581584 order_id=391401529 stop_price=79841.53 retry_count=2 retry_max=2
[07:05:21.267] [INFO] [EXEC] STREAM_REPAIR_SKIP reason=stream_owned_inventory
[07:05:21.267] [INFO] [EXEC] STREAM_GLOBAL_SELL_SKIP reason=exit_recovery_inventory_no_sell
[07:05:21.267] [INFO] [EXEC] STREAM_GLOBAL_SELL_SKIP reason=place_sell
[07:05:22.048] [INFO] [EXEC] STREAM_SELL_STATUS stream_id=1 chunk_id=3209824581584 order_id=391401643 status=NEW
[07:05:22.048] [INFO] GUI_PERF tick_ms=0 logs_visible=False gui_log_mode=OFF append_skipped=1886
[07:05:23.188] [INFO] [EXEC] STREAM_STATS_UI cycles=44 wins=42 losses=2 pnl=+0.001195 winrate=95.45%
[07:05:23.188] [INFO] GUI_PERF tick_ms=0 logs_visible=False gui_log_mode=OFF append_skipped=1887
[07:05:23.599] [INFO] [EXEC] STREAM_SELL_STATUS stream_id=1 chunk_id=3209824581584 order_id=391401643 status=NEW
[07:05:23.599] [WARNING] [EXEC] STREAM_SELL_TIMEOUT stream_id=1 chunk_id=3209824581584 order_id=391401643 age_ms=2947 timeout_ms=2800
[07:05:23.951] [INFO] [EXEC] STREAM_SELL_CANCEL_OLD stream_id=1 chunk_id=3209824581584 order_id=391401643
[07:05:23.951] [WARNING] [EXEC] STREAM_STOP_LOSS_EXIT stream_id=1 chunk_id=3209824581584 order_id=391401643 stop_price=79841.53 retry_count=2 retry_max=2
[07:05:24.215] [INFO] [EXEC] STREAM_REPAIR_SKIP reason=stream_owned_inventory
[07:05:24.219] [INFO] GUI_PERF tick_ms=0 logs_visible=False gui_log_mode=OFF append_skipped=1892
[07:05:24.219] [INFO] [EXEC] STREAM_GLOBAL_SELL_SKIP reason=exit_recovery_inventory_no_sell
[07:05:24.219] [INFO] [EXEC] STREAM_GLOBAL_SELL_SKIP reason=place_sell
[07:05:24.885] [INFO] [EXEC] STREAM_SELL_STATUS stream_id=1 chunk_id=3209824581584 order_id=391401664 status=NEW
[07:05:26.578] [WARNING] [EXEC] STREAM_SELL_TIMEOUT stream_id=1 chunk_id=3209824581584 order_id=391401664 age_ms=2986 timeout_ms=2800
[07:05:26.578] [INFO] GUI_PERF tick_ms=0 logs_visible=False gui_log_mode=OFF append_skipped=1896
[07:05:26.843] [INFO] [EXEC] STREAM_SELL_CANCEL_OLD stream_id=1 chunk_id=3209824581584 order_id=391401664
[07:05:26.843] [WARNING] [EXEC] STREAM_STOP_LOSS_EXIT stream_id=1 chunk_id=3209824581584 order_id=391401664 stop_price=79841.53 retry_count=2 retry_max=2
[07:05:27.113] [INFO] [EXEC] STREAM_REPAIR_SKIP reason=stream_owned_inventory
[07:05:27.121] [INFO] [EXEC] STREAM_GLOBAL_SELL_SKIP reason=exit_recovery_inventory_no_sell
[07:05:27.121] [INFO] [EXEC] STREAM_GLOBAL_SELL_SKIP reason=place_sell
[07:05:27.940] [INFO] [EXEC] STREAM_SELL_STATUS stream_id=1 chunk_id=3209824581584 order_id=391401884 status=NEW
[07:05:27.940] [INFO] GUI_PERF tick_ms=0 logs_visible=False gui_log_mode=OFF append_skipped=1902
[07:05:28.211] [INFO] [EXEC] STREAM_STATS_UI cycles=44 wins=42 losses=2 pnl=+0.001195 winrate=95.45%
[07:05:28.690] [INFO] [EXEC] STREAM_SELL_STATUS stream_id=1 chunk_id=3209824581584 order_id=391401884 status=NEW
[07:05:29.452] [WARNING] [EXEC] STREAM_SELL_TIMEOUT stream_id=1 chunk_id=3209824581584 order_id=391401884 age_ms=2875 timeout_ms=2800
[07:05:29.452] [INFO] GUI_PERF tick_ms=0 logs_visible=False gui_log_mode=OFF append_skipped=1905
[07:05:29.720] [INFO] [EXEC] STREAM_SELL_CANCEL_OLD stream_id=1 chunk_id=3209824581584 order_id=391401884
[07:05:29.720] [WARNING] [EXEC] STREAM_STOP_LOSS_EXIT stream_id=1 chunk_id=3209824581584 order_id=391401884 stop_price=79841.53 retry_count=2 retry_max=2
[07:05:29.984] [INFO] [EXEC] STREAM_REPAIR_SKIP reason=stream_owned_inventory
[07:05:30.000] [INFO] [EXEC] STREAM_GLOBAL_SELL_SKIP reason=exit_recovery_inventory_no_sell
[07:05:30.000] [INFO] [EXEC] STREAM_GLOBAL_SELL_SKIP reason=place_sell
[07:05:30.752] [INFO] [EXEC] STREAM_SELL_STATUS stream_id=1 chunk_id=3209824581584 order_id=391402081 status=NEW
[07:05:30.752] [INFO] GUI_PERF tick_ms=0 logs_visible=False gui_log_mode=OFF append_skipped=1911
[07:05:33.267] [WARNING] [EXEC] STREAM_SELL_TIMEOUT stream_id=1 chunk_id=3209824581584 order_id=391402081 age_ms=3800 timeout_ms=2800
[07:05:33.267] [INFO] GUI_PERF tick_ms=0 logs_visible=False gui_log_mode=OFF append_skipped=1912
[07:05:33.565] [INFO] [EXEC] STREAM_SELL_CANCEL_OLD stream_id=1 chunk_id=3209824581584 order_id=391402081
[07:05:33.580] [WARNING] [EXEC] STREAM_STOP_LOSS_EXIT stream_id=1 chunk_id=3209824581584 order_id=391402081 stop_price=79841.53 retry_count=2 retry_max=2
[07:05:33.845] [INFO] [EXEC] STREAM_REPAIR_SKIP reason=stream_owned_inventory
[07:05:33.845] [INFO] [EXEC] STREAM_GLOBAL_SELL_SKIP reason=exit_recovery_inventory_no_sell
[07:05:33.845] [INFO] [EXEC] STREAM_GLOBAL_SELL_SKIP reason=place_sell
[07:05:34.153] [INFO] [EXEC] STREAM_STATS_UI cycles=44 wins=42 losses=2 pnl=+0.001195 winrate=95.45%
[07:05:34.557] [INFO] [EXEC] STREAM_SELL_STATUS stream_id=1 chunk_id=3209824581584 order_id=391402185 status=NEW
[07:05:34.557] [INFO] GUI_PERF tick_ms=0 logs_visible=False gui_log_mode=OFF append_skipped=1919
[07:05:36.082] [WARNING] [EXEC] STREAM_SELL_TIMEOUT stream_id=1 chunk_id=3209824581584 order_id=391402185 age_ms=2819 timeout_ms=2800
[07:05:36.082] [INFO] GUI_PERF tick_ms=0 logs_visible=False gui_log_mode=OFF append_skipped=1920
[07:05:36.348] [INFO] [EXEC] STREAM_SELL_CANCEL_OLD stream_id=1 chunk_id=3209824581584 order_id=391402185
[07:05:36.348] [WARNING] [EXEC] STREAM_STOP_LOSS_EXIT stream_id=1 chunk_id=3209824581584 order_id=391402185 stop_price=79841.53 retry_count=2 retry_max=2
[07:05:36.614] [INFO] [EXEC] STREAM_REPAIR_SKIP reason=stream_owned_inventory
[07:05:36.614] [INFO] [EXEC] STREAM_GLOBAL_SELL_SKIP reason=exit_recovery_inventory_no_sell
[07:05:36.614] [INFO] [EXEC] STREAM_GLOBAL_SELL_SKIP reason=place_sell
[07:05:37.765] [INFO] [EXEC] STREAM_SELL_STATUS stream_id=1 chunk_id=3209824581584 order_id=391402400 status=NEW
[07:05:37.765] [INFO] GUI_PERF tick_ms=0 logs_visible=False gui_log_mode=OFF append_skipped=1926
[07:05:39.167] [WARNING] [EXEC] STREAM_SELL_TIMEOUT stream_id=1 chunk_id=3209824581584 order_id=391402400 age_ms=3046 timeout_ms=2800
[07:05:39.167] [INFO] GUI_PERF tick_ms=0 logs_visible=False gui_log_mode=OFF append_skipped=1927
[07:05:39.580] [INFO] [EXEC] STREAM_SELL_CANCEL_OLD stream_id=1 chunk_id=3209824581584 order_id=391402400
[07:05:39.580] [WARNING] [EXEC] STREAM_STOP_LOSS_EXIT stream_id=1 chunk_id=3209824581584 order_id=391402400 stop_price=79841.53 retry_count=2 retry_max=2
[07:05:40.030] [INFO] [EXEC] STREAM_REPAIR_SKIP reason=stream_owned_inventory
[07:05:40.030] [INFO] [EXEC] STREAM_GLOBAL_SELL_SKIP reason=exit_recovery_inventory_no_sell
[07:05:40.030] [INFO] [EXEC] STREAM_GLOBAL_SELL_SKIP reason=place_sell
[07:05:40.394] [INFO] [EXEC] STREAM_STATS_UI cycles=44 wins=42 losses=2 pnl=+0.001195 winrate=95.45%
[07:05:40.394] [INFO] GUI_PERF tick_ms=0 logs_visible=False gui_log_mode=OFF append_skipped=1933
[07:05:40.910] [INFO] [EXEC] STREAM_SELL_STATUS stream_id=1 chunk_id=3209824581584 order_id=391402506 status=NEW
[07:05:42.482] [WARNING] [EXEC] STREAM_SELL_TIMEOUT stream_id=1 chunk_id=3209824581584 order_id=391402506 age_ms=3307 timeout_ms=2800
[07:05:42.482] [INFO] GUI_PERF tick_ms=0 logs_visible=False gui_log_mode=OFF append_skipped=1935
[07:05:43.207] [INFO] [EXEC] STREAM_SELL_CANCEL_OLD stream_id=1 chunk_id=3209824581584 order_id=391402506
[07:05:43.207] [WARNING] [EXEC] STREAM_STOP_LOSS_EXIT stream_id=1 chunk_id=3209824581584 order_id=391402506 stop_price=79841.53 retry_count=2 retry_max=2
[07:05:43.956] [INFO] [EXEC] STREAM_REPAIR_SKIP reason=stream_owned_inventory
[07:05:43.956] [INFO] GUI_PERF tick_ms=0 logs_visible=False gui_log_mode=OFF append_skipped=1938
[07:05:43.956] [INFO] [EXEC] STREAM_GLOBAL_SELL_SKIP reason=exit_recovery_inventory_no_sell
[07:05:43.956] [INFO] [EXEC] STREAM_GLOBAL_SELL_SKIP reason=place_sell
[07:05:45.201] [INFO] [EXEC] STREAM_SELL_STATUS stream_id=1 chunk_id=3209824581584 order_id=391402734 status=NEW
[07:05:45.201] [INFO] GUI_PERF tick_ms=0 logs_visible=False gui_log_mode=OFF append_skipped=1941
[07:05:45.985] [WARNING] [EXEC] STREAM_SELL_TIMEOUT stream_id=1 chunk_id=3209824581584 order_id=391402734 age_ms=3540 timeout_ms=2800
[07:05:46.258] [INFO] [EXEC] STREAM_SELL_CANCEL_OLD stream_id=1 chunk_id=3209824581584 order_id=391402734
[07:05:46.258] [INFO] GUI_PERF tick_ms=0 logs_visible=False gui_log_mode=OFF append_skipped=1943
[07:05:46.258] [WARNING] [EXEC] STREAM_STOP_LOSS_EXIT stream_id=1 chunk_id=3209824581584 order_id=391402734 stop_price=79841.53 retry_count=2 retry_max=2
[07:05:46.574] [INFO] [EXEC] STREAM_REPAIR_SKIP reason=stream_owned_inventory
[07:05:46.574] [INFO] [EXEC] STREAM_GLOBAL_SELL_SKIP reason=exit_recovery_inventory_no_sell
[07:05:46.574] [INFO] [EXEC] STREAM_GLOBAL_SELL_SKIP reason=place_sell
[07:05:46.574] [INFO] [EXEC] STREAM_STATS_UI cycles=44 wins=42 losses=2 pnl=+0.001195 winrate=95.45%
[07:05:47.233] [INFO] [EXEC] STREAM_SELL_STATUS stream_id=1 chunk_id=3209824581584 order_id=391402931 status=NEW
[07:05:49.546] [WARNING] [EXEC] STREAM_SELL_TIMEOUT stream_id=1 chunk_id=3209824581584 order_id=391402931 age_ms=3569 timeout_ms=2800
[07:05:49.546] [INFO] GUI_PERF tick_ms=0 logs_visible=False gui_log_mode=OFF append_skipped=1950
[07:05:49.804] [INFO] [EXEC] STREAM_SELL_CANCEL_OLD stream_id=1 chunk_id=3209824581584 order_id=391402931
[07:05:49.804] [WARNING] [EXEC] STREAM_STOP_LOSS_EXIT stream_id=1 chunk_id=3209824581584 order_id=391402931 stop_price=79841.53 retry_count=2 retry_max=2
[07:05:50.103] [INFO] [EXEC] STREAM_REPAIR_SKIP reason=stream_owned_inventory
[07:05:50.103] [INFO] [EXEC] STREAM_GLOBAL_SELL_SKIP reason=exit_recovery_inventory_no_sell
[07:05:50.103] [INFO] [EXEC] STREAM_GLOBAL_SELL_SKIP reason=place_sell
[07:05:51.304] [INFO] [EXEC] STREAM_SELL_STATUS stream_id=1 chunk_id=3209824581584 order_id=391403074 status=NEW
[07:05:51.304] [INFO] GUI_PERF tick_ms=0 logs_visible=False gui_log_mode=OFF append_skipped=1956
[07:05:52.055] [INFO] [EXEC] STREAM_STATS_UI cycles=44 wins=42 losses=2 pnl=+0.001195 winrate=95.45%
[07:05:52.917] [INFO] [EXEC] STREAM_SELL_STATUS stream_id=1 chunk_id=3209824581584 order_id=391403074 status=NEW
[07:05:52.917] [INFO] GUI_PERF tick_ms=0 logs_visible=False gui_log_mode=OFF append_skipped=1958
[07:05:52.917] [WARNING] [EXEC] STREAM_SELL_TIMEOUT stream_id=1 chunk_id=3209824581584 order_id=391403074 age_ms=3293 timeout_ms=2800
[07:05:53.175] [INFO] [EXEC] STREAM_SELL_CANCEL_OLD stream_id=1 chunk_id=3209824581584 order_id=391403074
[07:05:53.175] [WARNING] [EXEC] STREAM_STOP_LOSS_EXIT stream_id=1 chunk_id=3209824581584 order_id=391403074 stop_price=79841.53 retry_count=2 retry_max=2
[07:05:53.529] [INFO] [EXEC] STREAM_REPAIR_SKIP reason=stream_owned_inventory
[07:05:53.529] [INFO] [EXEC] STREAM_GLOBAL_SELL_SKIP reason=exit_recovery_inventory_no_sell
[07:05:53.529] [INFO] [EXEC] STREAM_GLOBAL_SELL_SKIP reason=place_sell
[07:05:54.145] [INFO] [EXEC] STREAM_SELL_STATUS stream_id=1 chunk_id=3209824581584 order_id=391403282 status=NEW
[07:05:54.150] [INFO] GUI_PERF tick_ms=0 logs_visible=False gui_log_mode=OFF append_skipped=1965
[07:05:56.497] [WARNING] [EXEC] STREAM_SELL_TIMEOUT stream_id=1 chunk_id=3209824581584 order_id=391403282 age_ms=3651 timeout_ms=2800
[07:05:56.497] [INFO] GUI_PERF tick_ms=0 logs_visible=False gui_log_mode=OFF append_skipped=1966
[07:05:56.811] [INFO] [EXEC] STREAM_SELL_CANCEL_OLD stream_id=1 chunk_id=3209824581584 order_id=391403282
[07:05:56.811] [WARNING] [EXEC] STREAM_STOP_LOSS_EXIT stream_id=1 chunk_id=3209824581584 order_id=391403282 stop_price=79841.53 retry_count=2 retry_max=2
[07:05:57.106] [INFO] [EXEC] STREAM_REPAIR_SKIP reason=stream_owned_inventory
[07:05:57.106] [INFO] [EXEC] STREAM_GLOBAL_SELL_SKIP reason=exit_recovery_inventory_no_sell
[07:05:57.106] [INFO] [EXEC] STREAM_GLOBAL_SELL_SKIP reason=place_sell
[07:05:57.424] [INFO] [EXEC] STREAM_STATS_UI cycles=44 wins=42 losses=2 pnl=+0.001195 winrate=95.45%
[07:05:58.245] [INFO] [EXEC] STREAM_SELL_STATUS stream_id=1 chunk_id=3209824581584 order_id=391403426 status=NEW
[07:05:58.245] [INFO] GUI_PERF tick_ms=0 logs_visible=False gui_log_mode=OFF append_skipped=1973
[07:05:59.579] [WARNING] [EXEC] STREAM_SELL_TIMEOUT stream_id=1 chunk_id=3209824581584 order_id=391403426 age_ms=3099 timeout_ms=2800
[07:05:59.579] [INFO] GUI_PERF tick_ms=0 logs_visible=False gui_log_mode=OFF append_skipped=1974
[07:05:59.837] [INFO] [EXEC] STREAM_SELL_CANCEL_OLD stream_id=1 chunk_id=3209824581584 order_id=391403426
[07:05:59.846] [WARNING] [EXEC] STREAM_STOP_LOSS_EXIT stream_id=1 chunk_id=3209824581584 order_id=391403426 stop_price=79841.53 retry_count=2 retry_max=2
[07:06:00.105] [INFO] [EXEC] STREAM_REPAIR_SKIP reason=stream_owned_inventory
[07:06:00.113] [INFO] [EXEC] STREAM_GLOBAL_SELL_SKIP reason=exit_recovery_inventory_no_sell
[07:06:00.113] [INFO] [EXEC] STREAM_GLOBAL_SELL_SKIP reason=place_sell
[07:06:00.855] [INFO] [EXEC] STREAM_SELL_STATUS stream_id=1 chunk_id=3209824581584 order_id=391403710 status=NEW
[07:06:00.855] [INFO] GUI_PERF tick_ms=0 logs_visible=False gui_log_mode=OFF append_skipped=1980
[07:06:02.436] [WARNING] [EXEC] STREAM_SELL_TIMEOUT stream_id=1 chunk_id=3209824581584 order_id=391403710 age_ms=2809 timeout_ms=2800
[07:06:02.436] [INFO] GUI_PERF tick_ms=0 logs_visible=False gui_log_mode=OFF append_skipped=1981
[07:06:02.737] [INFO] [EXEC] STREAM_SELL_CANCEL_OLD stream_id=1 chunk_id=3209824581584 order_id=391403710
[07:06:02.746] [WARNING] [EXEC] STREAM_STOP_LOSS_EXIT stream_id=1 chunk_id=3209824581584 order_id=391403710 stop_price=79841.53 retry_count=2 retry_max=2
[07:06:03.017] [INFO] [EXEC] STREAM_REPAIR_SKIP reason=stream_owned_inventory
[07:06:03.017] [INFO] [EXEC] STREAM_GLOBAL_SELL_SKIP reason=exit_recovery_inventory_no_sell
[07:06:03.017] [INFO] [EXEC] STREAM_GLOBAL_SELL_SKIP reason=place_sell
[07:06:03.292] [INFO] [EXEC] STREAM_STATS_UI cycles=44 wins=42 losses=2 pnl=+0.001195 winrate=95.45%
[07:06:03.925] [INFO] [EXEC] STREAM_SELL_STATUS stream_id=1 chunk_id=3209824581584 order_id=391403820 status=NEW
[07:06:03.925] [INFO] GUI_PERF tick_ms=0 logs_visible=False gui_log_mode=OFF append_skipped=1988
[07:06:05.407] [WARNING] [EXEC] STREAM_SELL_TIMEOUT stream_id=1 chunk_id=3209824581584 order_id=391403820 age_ms=3022 timeout_ms=2800
[07:06:05.407] [INFO] GUI_PERF tick_ms=0 logs_visible=False gui_log_mode=OFF append_skipped=1989
[07:06:05.733] [INFO] [EXEC] STREAM_SELL_CANCEL_OLD stream_id=1 chunk_id=3209824581584 order_id=391403820
[07:06:05.733] [WARNING] [EXEC] STREAM_STOP_LOSS_EXIT stream_id=1 chunk_id=3209824581584 order_id=391403820 stop_price=79841.53 retry_count=2 retry_max=2
[07:06:06.000] [INFO] [EXEC] STREAM_REPAIR_SKIP reason=stream_owned_inventory
[07:06:06.000] [INFO] [EXEC] STREAM_GLOBAL_SELL_SKIP reason=exit_recovery_inventory_no_sell
[07:06:06.008] [INFO] [EXEC] STREAM_GLOBAL_SELL_SKIP reason=place_sell
[07:06:06.735] [INFO] [EXEC] STREAM_SELL_STATUS stream_id=1 chunk_id=3209824581584 order_id=391403944 status=NEW
[07:06:06.738] [INFO] GUI_PERF tick_ms=0 logs_visible=False gui_log_mode=OFF append_skipped=1995
[07:06:08.890] [WARNING] [EXEC] STREAM_SELL_TIMEOUT stream_id=1 chunk_id=3209824581584 order_id=391403944 age_ms=3489 timeout_ms=2800
[07:06:08.890] [INFO] GUI_PERF tick_ms=0 logs_visible=False gui_log_mode=OFF append_skipped=1996
[07:06:09.161] [INFO] [EXEC] STREAM_SELL_CANCEL_OLD stream_id=1 chunk_id=3209824581584 order_id=391403944
[07:06:09.161] [WARNING] [EXEC] STREAM_STOP_LOSS_EXIT stream_id=1 chunk_id=3209824581584 order_id=391403944 stop_price=79841.53 retry_count=2 retry_max=2
[07:06:09.450] [INFO] [EXEC] STREAM_REPAIR_SKIP reason=stream_owned_inventory
[07:06:09.450] [INFO] [EXEC] STREAM_GLOBAL_SELL_SKIP reason=exit_recovery_inventory_no_sell
[07:06:09.450] [INFO] [EXEC] STREAM_GLOBAL_SELL_SKIP reason=place_sell
[07:06:09.710] [INFO] [EXEC] STREAM_STATS_UI cycles=44 wins=42 losses=2 pnl=+0.001195 winrate=95.45%
[07:06:10.583] [INFO] [EXEC] STREAM_SELL_STATUS stream_id=1 chunk_id=3209824581584 order_id=391404079 status=NEW
[07:06:10.591] [INFO] GUI_PERF tick_ms=0 logs_visible=False gui_log_mode=OFF append_skipped=2003
[07:06:11.955] [WARNING] [EXEC] STREAM_SELL_TIMEOUT stream_id=1 chunk_id=3209824581584 order_id=391404079 age_ms=3060 timeout_ms=2800
[07:06:11.955] [INFO] GUI_PERF tick_ms=0 logs_visible=False gui_log_mode=OFF append_skipped=2004
[07:06:12.223] [INFO] [EXEC] STREAM_SELL_CANCEL_OLD stream_id=1 chunk_id=3209824581584 order_id=391404079
[07:06:12.223] [WARNING] [EXEC] STREAM_STOP_LOSS_EXIT stream_id=1 chunk_id=3209824581584 order_id=391404079 stop_price=79841.53 retry_count=2 retry_max=2
[07:06:12.479] [INFO] [EXEC] STREAM_REPAIR_SKIP reason=stream_owned_inventory
[07:06:12.479] [INFO] [EXEC] STREAM_GLOBAL_SELL_SKIP reason=exit_recovery_inventory_no_sell
[07:06:12.479] [INFO] [EXEC] STREAM_GLOBAL_SELL_SKIP reason=place_sell
[07:06:13.245] [INFO] [EXEC] STREAM_SELL_STATUS stream_id=1 chunk_id=3209824581584 order_id=391404242 status=NEW
[07:06:13.247] [INFO] GUI_PERF tick_ms=0 logs_visible=False gui_log_mode=OFF append_skipped=2010
[07:06:15.762] [WARNING] [EXEC] STREAM_SELL_TIMEOUT stream_id=1 chunk_id=3209824581584 order_id=391404242 age_ms=3313 timeout_ms=2800
[07:06:15.762] [INFO] GUI_PERF tick_ms=0 logs_visible=False gui_log_mode=OFF append_skipped=2011
[07:06:16.558] [INFO] [EXEC] STREAM_SELL_CANCEL_OLD stream_id=1 chunk_id=3209824581584 order_id=391404242
[07:06:16.558] [WARNING] [EXEC] STREAM_STOP_LOSS_EXIT stream_id=1 chunk_id=3209824581584 order_id=391404242 stop_price=79841.53 retry_count=2 retry_max=2
[07:06:17.480] [INFO] [EXEC] STREAM_REPAIR_SKIP reason=stream_owned_inventory
[07:06:17.480] [INFO] GUI_PERF tick_ms=0 logs_visible=False gui_log_mode=OFF append_skipped=2014
[07:06:17.480] [INFO] [EXEC] STREAM_GLOBAL_SELL_SKIP reason=exit_recovery_inventory_no_sell
[07:06:17.480] [INFO] [EXEC] STREAM_GLOBAL_SELL_SKIP reason=place_sell
[07:06:17.480] [INFO] [EXEC] STREAM_STATS_UI cycles=44 wins=42 losses=2 pnl=+0.001195 winrate=95.45%
[07:06:18.195] [INFO] [EXEC] STREAM_SELL_STATUS stream_id=1 chunk_id=3209824581584 order_id=391404343 status=NEW
[07:06:18.195] [WARNING] [EXEC] STREAM_SELL_TIMEOUT stream_id=1 chunk_id=3209824581584 order_id=391404343 age_ms=2875 timeout_ms=2800
[07:06:18.459] [INFO] [EXEC] STREAM_SELL_CANCEL_OLD stream_id=1 chunk_id=3209824581584 order_id=391404343
[07:06:18.459] [WARNING] [EXEC] STREAM_STOP_LOSS_EXIT stream_id=1 chunk_id=3209824581584 order_id=391404343 stop_price=79841.53 retry_count=2 retry_max=2
[07:06:20.044] [INFO] [EXEC] STREAM_SELL_STATUS stream_id=1 chunk_id=3209824581584 order_id=391404372 status=NEW
[07:06:20.044] [INFO] GUI_PERF tick_ms=0 logs_visible=False gui_log_mode=OFF append_skipped=2022
[07:06:20.044] [INFO] [EXEC] STREAM_REPAIR_SKIP reason=stream_owned_inventory
[07:06:20.044] [INFO] [EXEC] STREAM_GLOBAL_SELL_SKIP reason=exit_recovery_inventory_no_sell
[07:06:20.044] [INFO] [EXEC] STREAM_GLOBAL_SELL_SKIP reason=place_sell
[07:06:20.977] [INFO] [EXEC] STREAM_SELL_STATUS stream_id=1 chunk_id=3209824581584 order_id=391404372 status=NEW
[07:06:20.977] [WARNING] [EXEC] STREAM_SELL_TIMEOUT stream_id=1 chunk_id=3209824581584 order_id=391404372 age_ms=2832 timeout_ms=2800
[07:06:21.714] [INFO] [EXEC] STREAM_SELL_CANCEL_OLD stream_id=1 chunk_id=3209824581584 order_id=391404372
[07:06:21.714] [INFO] GUI_PERF tick_ms=0 logs_visible=False gui_log_mode=OFF append_skipped=2028
[07:06:21.714] [WARNING] [EXEC] STREAM_STOP_LOSS_EXIT stream_id=1 chunk_id=3209824581584 order_id=391404372 stop_price=79841.53 retry_count=2 retry_max=2
[07:06:22.703] [INFO] [EXEC] STREAM_SELL_STATUS stream_id=1 chunk_id=3209824581584 order_id=391404468 status=NEW
[07:06:22.703] [INFO] [EXEC] STREAM_REPAIR_SKIP reason=stream_owned_inventory
[07:06:22.703] [INFO] [EXEC] STREAM_GLOBAL_SELL_SKIP reason=exit_recovery_inventory_no_sell
[07:06:22.703] [INFO] [EXEC] STREAM_GLOBAL_SELL_SKIP reason=place_sell
[07:06:22.703] [INFO] [EXEC] STREAM_STATS_UI cycles=44 wins=42 losses=2 pnl=+0.001195 winrate=95.45%
[07:06:23.690] [INFO] [EXEC] STREAM_SELL_STATUS stream_id=1 chunk_id=3209824581584 order_id=391404468 status=NEW
[07:06:23.690] [INFO] GUI_PERF tick_ms=0 logs_visible=False gui_log_mode=OFF append_skipped=2035
[07:06:24.540] [WARNING] [EXEC] STREAM_SELL_TIMEOUT stream_id=1 chunk_id=3209824581584 order_id=391404468 age_ms=3512 timeout_ms=2800
[07:06:25.357] [INFO] [EXEC] STREAM_SELL_CANCEL_OLD stream_id=1 chunk_id=3209824581584 order_id=391404468
[07:06:25.357] [INFO] GUI_PERF tick_ms=0 logs_visible=False gui_log_mode=OFF append_skipped=2037
[07:06:25.357] [WARNING] [EXEC] STREAM_STOP_LOSS_EXIT stream_id=1 chunk_id=3209824581584 order_id=391404468 stop_price=79841.53 retry_count=2 retry_max=2
[07:06:25.622] [INFO] [EXEC] STREAM_REPAIR_SKIP reason=stream_owned_inventory
[07:06:25.622] [INFO] [EXEC] STREAM_GLOBAL_SELL_SKIP reason=exit_recovery_inventory_no_sell
[07:06:25.630] [INFO] [EXEC] STREAM_GLOBAL_SELL_SKIP reason=place_sell
[07:06:26.685] [INFO] [EXEC] STREAM_SELL_STATUS stream_id=1 chunk_id=3209824581584 order_id=391404627 status=NEW
[07:06:26.685] [INFO] GUI_PERF tick_ms=0 logs_visible=False gui_log_mode=OFF append_skipped=2042
[07:06:27.969] [WARNING] [EXEC] STREAM_SELL_TIMEOUT stream_id=1 chunk_id=3209824581584 order_id=391404627 age_ms=3478 timeout_ms=2800
[07:06:27.969] [INFO] GUI_PERF tick_ms=0 logs_visible=False gui_log_mode=OFF append_skipped=2043
[07:06:28.230] [INFO] [EXEC] STREAM_SELL_CANCEL_OLD stream_id=1 chunk_id=3209824581584 order_id=391404627
[07:06:28.238] [WARNING] [EXEC] STREAM_STOP_LOSS_EXIT stream_id=1 chunk_id=3209824581584 order_id=391404627 stop_price=79841.53 retry_count=2 retry_max=2
[07:06:28.549] [INFO] [EXEC] STREAM_REPAIR_SKIP reason=stream_owned_inventory
[07:06:28.549] [INFO] [EXEC] STREAM_GLOBAL_SELL_SKIP reason=exit_recovery_inventory_no_sell
[07:06:28.549] [INFO] [EXEC] STREAM_GLOBAL_SELL_SKIP reason=place_sell
[07:06:29.144] [INFO] [EXEC] STREAM_STATS_UI cycles=44 wins=42 losses=2 pnl=+0.001195 winrate=95.45%
[07:06:29.144] [INFO] GUI_PERF tick_ms=0 logs_visible=False gui_log_mode=OFF append_skipped=2049
[07:06:29.552] [INFO] [EXEC] STREAM_SELL_STATUS stream_id=1 chunk_id=3209824581584 order_id=391404687 status=NEW
[07:06:30.970] [WARNING] [EXEC] STREAM_SELL_TIMEOUT stream_id=1 chunk_id=3209824581584 order_id=391404687 age_ms=3007 timeout_ms=2800
[07:06:30.970] [INFO] GUI_PERF tick_ms=0 logs_visible=False gui_log_mode=OFF append_skipped=2051
[07:06:31.238] [INFO] [EXEC] STREAM_SELL_CANCEL_OLD stream_id=1 chunk_id=3209824581584 order_id=391404687
[07:06:31.238] [WARNING] [EXEC] STREAM_STOP_LOSS_EXIT stream_id=1 chunk_id=3209824581584 order_id=391404687 stop_price=79841.53 retry_count=2 retry_max=2
[07:06:31.902] [INFO] [EXEC] STREAM_REPAIR_SKIP reason=stream_owned_inventory
[07:06:31.902] [INFO] [EXEC] STREAM_GLOBAL_SELL_SKIP reason=exit_recovery_inventory_no_sell
[07:06:31.902] [INFO] [EXEC] STREAM_GLOBAL_SELL_SKIP reason=place_sell
[07:06:33.636] [INFO] [EXEC] STREAM_SELL_STATUS stream_id=1 chunk_id=3209824581584 order_id=391404723 status=NEW
[07:06:33.651] [INFO] GUI_PERF tick_ms=0 logs_visible=False gui_log_mode=OFF append_skipped=2057
[07:06:34.346] [WARNING] [EXEC] STREAM_SELL_TIMEOUT stream_id=1 chunk_id=3209824581584 order_id=391404723 age_ms=3314 timeout_ms=2800
[07:06:34.653] [INFO] [EXEC] STREAM_SELL_CANCEL_OLD stream_id=1 chunk_id=3209824581584 order_id=391404723
[07:06:34.653] [INFO] GUI_PERF tick_ms=0 logs_visible=False gui_log_mode=OFF append_skipped=2059
[07:06:34.653] [WARNING] [EXEC] STREAM_STOP_LOSS_EXIT stream_id=1 chunk_id=3209824581584 order_id=391404723 stop_price=79841.53 retry_count=2 retry_max=2
[07:06:34.920] [INFO] [EXEC] STREAM_REPAIR_SKIP reason=stream_owned_inventory
[07:06:34.920] [INFO] [EXEC] STREAM_GLOBAL_SELL_SKIP reason=exit_recovery_inventory_no_sell
[07:06:34.920] [INFO] [EXEC] STREAM_GLOBAL_SELL_SKIP reason=place_sell
[07:06:35.555] [INFO] [EXEC] STREAM_SELL_STATUS stream_id=1 chunk_id=3209824581584 order_id=391404789 status=NEW
[07:06:36.102] [INFO] [EXEC] STREAM_STATS_UI cycles=44 wins=42 losses=2 pnl=+0.001195 winrate=95.45%
[07:06:36.102] [INFO] GUI_PERF tick_ms=0 logs_visible=False gui_log_mode=OFF append_skipped=2065
[07:06:36.554] [INFO] [EXEC] STREAM_SELL_STATUS stream_id=1 chunk_id=3209824581584 order_id=391404789 status=NEW
[07:06:37.533] [WARNING] [EXEC] STREAM_SELL_TIMEOUT stream_id=1 chunk_id=3209824581584 order_id=391404789 age_ms=3009 timeout_ms=2800
[07:06:37.533] [INFO] GUI_PERF tick_ms=0 logs_visible=False gui_log_mode=OFF append_skipped=2067
[07:06:37.799] [INFO] [EXEC] STREAM_SELL_CANCEL_OLD stream_id=1 chunk_id=3209824581584 order_id=391404789
[07:06:37.799] [WARNING] [EXEC] STREAM_STOP_LOSS_EXIT stream_id=1 chunk_id=3209824581584 order_id=391404789 stop_price=79841.53 retry_count=2 retry_max=2
[07:06:38.149] [INFO] [EXEC] STREAM_REPAIR_SKIP reason=stream_owned_inventory
[07:06:38.149] [INFO] [EXEC] STREAM_GLOBAL_SELL_SKIP reason=exit_recovery_inventory_no_sell
[07:06:38.149] [INFO] [EXEC] STREAM_GLOBAL_SELL_SKIP reason=place_sell
[07:06:39.410] [INFO] [EXEC] STREAM_SELL_STATUS stream_id=1 chunk_id=3209824581584 order_id=391404848 status=NEW
[07:06:39.410] [INFO] GUI_PERF tick_ms=0 logs_visible=False gui_log_mode=OFF append_skipped=2073
[07:06:40.198] [WARNING] [EXEC] STREAM_SELL_TIMEOUT stream_id=1 chunk_id=3209824581584 order_id=391404848 age_ms=2837 timeout_ms=2800
[07:06:40.516] [INFO] [EXEC] STREAM_SELL_CANCEL_OLD stream_id=1 chunk_id=3209824581584 order_id=391404848
[07:06:40.516] [INFO] GUI_PERF tick_ms=0 logs_visible=False gui_log_mode=OFF append_skipped=2075
[07:06:40.516] [WARNING] [EXEC] STREAM_STOP_LOSS_EXIT stream_id=1 chunk_id=3209824581584 order_id=391404848 stop_price=79841.53 retry_count=2 retry_max=2
[07:06:40.805] [INFO] [EXEC] STREAM_REPAIR_SKIP reason=stream_owned_inventory
[07:06:40.805] [INFO] [EXEC] STREAM_GLOBAL_SELL_SKIP reason=exit_recovery_inventory_no_sell
[07:06:40.805] [INFO] [EXEC] STREAM_GLOBAL_SELL_SKIP reason=place_sell
[07:06:41.420] [INFO] [EXEC] STREAM_SELL_STATUS stream_id=1 chunk_id=3209824581584 order_id=391404944 status=NEW
[07:06:41.420] [INFO] [EXEC] STREAM_STATS_UI cycles=44 wins=42 losses=2 pnl=+0.001195 winrate=95.45%
[07:06:42.244] [INFO] [EXEC] STREAM_SELL_STATUS stream_id=1 chunk_id=3209824581584 order_id=391404944 status=NEW
[07:06:42.244] [INFO] GUI_PERF tick_ms=0 logs_visible=False gui_log_mode=OFF append_skipped=2082
[07:06:43.033] [WARNING] [EXEC] STREAM_SELL_TIMEOUT stream_id=1 chunk_id=3209824581584 order_id=391404944 age_ms=2877 timeout_ms=2800
[07:06:43.317] [INFO] [EXEC] STREAM_SELL_CANCEL_OLD stream_id=1 chunk_id=3209824581584 order_id=391404944
[07:06:43.317] [INFO] GUI_PERF tick_ms=0 logs_visible=False gui_log_mode=OFF append_skipped=2084
[07:06:43.317] [WARNING] [EXEC] STREAM_STOP_LOSS_EXIT stream_id=1 chunk_id=3209824581584 order_id=391404944 stop_price=79841.53 retry_count=2 retry_max=2
[07:06:43.590] [INFO] [EXEC] STREAM_REPAIR_SKIP reason=stream_owned_inventory
[07:06:43.606] [INFO] [EXEC] STREAM_GLOBAL_SELL_SKIP reason=exit_recovery_inventory_no_sell
[07:06:43.606] [INFO] [EXEC] STREAM_GLOBAL_SELL_SKIP reason=place_sell
[07:06:44.243] [INFO] [EXEC] STREAM_SELL_STATUS stream_id=1 chunk_id=3209824581584 order_id=391404981 status=NEW
[07:06:46.026] [WARNING] [EXEC] STREAM_SELL_TIMEOUT stream_id=1 chunk_id=3209824581584 order_id=391404981 age_ms=2936 timeout_ms=2800
[07:06:46.026] [INFO] GUI_PERF tick_ms=0 logs_visible=False gui_log_mode=OFF append_skipped=2090
[07:06:46.433] [INFO] [EXEC] STREAM_SELL_CANCEL_OLD stream_id=1 chunk_id=3209824581584 order_id=391404981
[07:06:46.433] [WARNING] [EXEC] STREAM_STOP_LOSS_EXIT stream_id=1 chunk_id=3209824581584 order_id=391404981 stop_price=79841.53 retry_count=2 retry_max=2
[07:06:46.747] [INFO] [EXEC] STREAM_REPAIR_SKIP reason=stream_owned_inventory
[07:06:46.747] [INFO] [EXEC] STREAM_GLOBAL_SELL_SKIP reason=exit_recovery_inventory_no_sell
[07:06:46.747] [INFO] [EXEC] STREAM_GLOBAL_SELL_SKIP reason=place_sell
[07:06:47.041] [INFO] [EXEC] STREAM_STATS_UI cycles=44 wins=42 losses=2 pnl=+0.001195 winrate=95.45%
[07:06:47.041] [INFO] GUI_PERF tick_ms=0 logs_visible=False gui_log_mode=OFF append_skipped=2096
[07:06:47.479] [INFO] [EXEC] STREAM_SELL_STATUS stream_id=1 chunk_id=3209824581584 order_id=391404990 status=NEW
[07:06:49.025] [WARNING] [EXEC] STREAM_SELL_TIMEOUT stream_id=1 chunk_id=3209824581584 order_id=391404990 age_ms=3077 timeout_ms=2800
[07:06:49.025] [INFO] GUI_PERF tick_ms=0 logs_visible=False gui_log_mode=OFF append_skipped=2098
[07:06:49.317] [INFO] [EXEC] STREAM_SELL_CANCEL_OLD stream_id=1 chunk_id=3209824581584 order_id=391404990
[07:06:49.317] [WARNING] [EXEC] STREAM_STOP_LOSS_EXIT stream_id=1 chunk_id=3209824581584 order_id=391404990 stop_price=79841.53 retry_count=2 retry_max=2
[07:06:49.590] [INFO] [EXEC] STREAM_REPAIR_SKIP reason=stream_owned_inventory
[07:06:49.590] [INFO] [EXEC] STREAM_GLOBAL_SELL_SKIP reason=exit_recovery_inventory_no_sell
[07:06:49.590] [INFO] [EXEC] STREAM_GLOBAL_SELL_SKIP reason=place_sell
[07:06:50.331] [INFO] [EXEC] STREAM_SELL_STATUS stream_id=1 chunk_id=3209824581584 order_id=391405044 status=NEW
[07:06:50.333] [INFO] GUI_PERF tick_ms=0 logs_visible=False gui_log_mode=OFF append_skipped=2104
[07:06:52.573] [WARNING] [EXEC] STREAM_SELL_TIMEOUT stream_id=1 chunk_id=3209824581584 order_id=391405044 age_ms=2998 timeout_ms=2800
[07:06:52.573] [INFO] GUI_PERF tick_ms=0 logs_visible=False gui_log_mode=OFF append_skipped=2105
[07:06:52.886] [INFO] [EXEC] STREAM_SELL_CANCEL_OLD stream_id=1 chunk_id=3209824581584 order_id=391405044
[07:06:52.886] [WARNING] [EXEC] STREAM_STOP_LOSS_EXIT stream_id=1 chunk_id=3209824581584 order_id=391405044 stop_price=79841.53 retry_count=2 retry_max=2
[07:06:53.499] [INFO] [EXEC] STREAM_REPAIR_SKIP reason=stream_owned_inventory
[07:06:53.499] [INFO] [EXEC] STREAM_GLOBAL_SELL_SKIP reason=exit_recovery_inventory_no_sell
[07:06:53.507] [INFO] [EXEC] STREAM_GLOBAL_SELL_SKIP reason=place_sell
[07:06:53.780] [INFO] [EXEC] STREAM_STATS_UI cycles=44 wins=42 losses=2 pnl=+0.001195 winrate=95.45%
[07:06:53.780] [INFO] GUI_PERF tick_ms=0 logs_visible=False gui_log_mode=OFF append_skipped=2111
[07:06:54.105] [INFO] [EXEC] STREAM_SELL_STATUS stream_id=1 chunk_id=3209824581584 order_id=391405150 status=NEW
[07:06:54.892] [WARNING] [EXEC] STREAM_SELL_TIMEOUT stream_id=1 chunk_id=3209824581584 order_id=391405150 age_ms=2861 timeout_ms=2800
[07:06:54.892] [INFO] GUI_PERF tick_ms=0 logs_visible=False gui_log_mode=OFF append_skipped=2113
[07:06:55.240] [INFO] [EXEC] STREAM_SELL_CANCEL_OLD stream_id=1 chunk_id=3209824581584 order_id=391405150
[07:06:55.241] [WARNING] [EXEC] STREAM_STOP_LOSS_EXIT stream_id=1 chunk_id=3209824581584 order_id=391405150 stop_price=79841.53 retry_count=2 retry_max=2
[07:06:56.237] [INFO] [EXEC] STREAM_SELL_STATUS stream_id=1 chunk_id=3209824581584 order_id=391405202 status=NEW
[07:06:56.245] [INFO] GUI_PERF tick_ms=0 logs_visible=False gui_log_mode=OFF append_skipped=2116
[07:06:56.246] [INFO] [EXEC] STREAM_REPAIR_SKIP reason=stream_owned_inventory
[07:06:56.248] [INFO] [EXEC] STREAM_GLOBAL_SELL_SKIP reason=exit_recovery_inventory_no_sell
[07:06:56.248] [INFO] [EXEC] STREAM_GLOBAL_SELL_SKIP reason=place_sell
[07:06:57.174] [INFO] [EXEC] STREAM_SELL_STATUS stream_id=1 chunk_id=3209824581584 order_id=391405202 status=NEW
[07:06:57.970] [WARNING] [EXEC] STREAM_SELL_TIMEOUT stream_id=1 chunk_id=3209824581584 order_id=391405202 age_ms=3062 timeout_ms=2800
[07:06:57.970] [INFO] GUI_PERF tick_ms=0 logs_visible=False gui_log_mode=OFF append_skipped=2121
[07:06:58.311] [INFO] [EXEC] STREAM_SELL_CANCEL_OLD stream_id=1 chunk_id=3209824581584 order_id=391405202
[07:06:58.311] [WARNING] [EXEC] STREAM_STOP_LOSS_EXIT stream_id=1 chunk_id=3209824581584 order_id=391405202 stop_price=79841.53 retry_count=2 retry_max=2
[07:06:58.877] [INFO] [EXEC] STREAM_STATS_UI cycles=44 wins=42 losses=2 pnl=+0.001195 winrate=95.45%
[07:06:59.332] [INFO] [EXEC] STREAM_SELL_STATUS stream_id=1 chunk_id=3209824581584 order_id=391405236 status=NEW
[07:06:59.332] [INFO] GUI_PERF tick_ms=0 logs_visible=False gui_log_mode=OFF append_skipped=2125
[07:06:59.336] [INFO] [EXEC] STREAM_REPAIR_SKIP reason=stream_owned_inventory
[07:06:59.338] [INFO] [EXEC] STREAM_GLOBAL_SELL_SKIP reason=exit_recovery_inventory_no_sell
[07:06:59.339] [INFO] [EXEC] STREAM_GLOBAL_SELL_SKIP reason=place_sell
[07:06:59.978] [INFO] [EXEC] STREAM_SELL_STATUS stream_id=1 chunk_id=3209824581584 order_id=391405236 status=NEW
[07:07:00.749] [WARNING] [EXEC] STREAM_SELL_TIMEOUT stream_id=1 chunk_id=3209824581584 order_id=391405236 age_ms=2801 timeout_ms=2800
[07:07:00.749] [INFO] GUI_PERF tick_ms=0 logs_visible=False gui_log_mode=OFF append_skipped=2130
[07:07:01.050] [INFO] [EXEC] STREAM_SELL_CANCEL_OLD stream_id=1 chunk_id=3209824581584 order_id=391405236
[07:07:01.050] [WARNING] [EXEC] STREAM_STOP_LOSS_EXIT stream_id=1 chunk_id=3209824581584 order_id=391405236 stop_price=79841.53 retry_count=2 retry_max=2
[07:07:01.991] [INFO] [EXEC] STREAM_SELL_STATUS stream_id=1 chunk_id=3209824581584 order_id=391405329 status=NEW
[07:07:01.991] [INFO] GUI_PERF tick_ms=0 logs_visible=False gui_log_mode=OFF append_skipped=2133
[07:07:01.991] [INFO] [EXEC] STREAM_REPAIR_SKIP reason=stream_owned_inventory
[07:07:01.991] [INFO] [EXEC] STREAM_GLOBAL_SELL_SKIP reason=exit_recovery_inventory_no_sell
[07:07:01.991] [INFO] [EXEC] STREAM_GLOBAL_SELL_SKIP reason=place_sell
[07:07:03.431] [INFO] [EXEC] STREAM_SELL_STATUS stream_id=1 chunk_id=3209824581584 order_id=391405329 status=NEW
[07:07:03.431] [INFO] GUI_PERF tick_ms=0 logs_visible=False gui_log_mode=OFF append_skipped=2137
[07:07:04.142] [WARNING] [EXEC] STREAM_SELL_TIMEOUT stream_id=1 chunk_id=3209824581584 order_id=391405329 age_ms=3351 timeout_ms=2800
[07:07:04.443] [INFO] [EXEC] STREAM_SELL_CANCEL_OLD stream_id=1 chunk_id=3209824581584 order_id=391405329
[07:07:04.449] [INFO] GUI_PERF tick_ms=0 logs_visible=False gui_log_mode=OFF append_skipped=2139
[07:07:04.449] [WARNING] [EXEC] STREAM_STOP_LOSS_EXIT stream_id=1 chunk_id=3209824581584 order_id=391405329 stop_price=79841.53 retry_count=2 retry_max=2
[07:07:04.750] [INFO] [EXEC] STREAM_REPAIR_SKIP reason=stream_owned_inventory
[07:07:04.750] [INFO] [EXEC] STREAM_GLOBAL_SELL_SKIP reason=exit_recovery_inventory_no_sell
[07:07:04.760] [INFO] [EXEC] STREAM_GLOBAL_SELL_SKIP reason=place_sell
[07:07:04.760] [INFO] [EXEC] STREAM_STATS_UI cycles=44 wins=42 losses=2 pnl=+0.001195 winrate=95.45%
[07:07:05.323] [INFO] [EXEC] STREAM_SELL_STATUS stream_id=1 chunk_id=3209824581584 order_id=391405368 status=NEW
[07:07:07.676] [WARNING] [EXEC] STREAM_SELL_TIMEOUT stream_id=1 chunk_id=3209824581584 order_id=391405368 age_ms=3566 timeout_ms=2800
[07:07:07.676] [INFO] GUI_PERF tick_ms=0 logs_visible=False gui_log_mode=OFF append_skipped=2146
[07:07:08.028] [INFO] [EXEC] STREAM_SELL_CANCEL_OLD stream_id=1 chunk_id=3209824581584 order_id=391405368
[07:07:08.028] [WARNING] [EXEC] STREAM_STOP_LOSS_EXIT stream_id=1 chunk_id=3209824581584 order_id=391405368 stop_price=79841.53 retry_count=2 retry_max=2
[07:07:08.345] [INFO] [EXEC] STREAM_REPAIR_SKIP reason=stream_owned_inventory
[07:07:08.345] [INFO] [EXEC] STREAM_GLOBAL_SELL_SKIP reason=exit_recovery_inventory_no_sell
[07:07:08.345] [INFO] [EXEC] STREAM_GLOBAL_SELL_SKIP reason=place_sell
[07:07:09.364] [INFO] [EXEC] STREAM_SELL_STATUS stream_id=1 chunk_id=3209824581584 order_id=391405407 status=NEW
[07:07:09.364] [INFO] GUI_PERF tick_ms=0 logs_visible=False gui_log_mode=OFF append_skipped=2152
[07:07:10.455] [INFO] [EXEC] STREAM_STATS_UI cycles=44 wins=42 losses=2 pnl=+0.001195 winrate=95.45%
[07:07:10.455] [INFO] GUI_PERF tick_ms=0 logs_visible=False gui_log_mode=OFF append_skipped=2153
[07:07:11.608] [INFO] [EXEC] STREAM_SELL_STATUS stream_id=1 chunk_id=3209824581584 order_id=391405407 status=NEW
[07:07:11.608] [INFO] GUI_PERF tick_ms=0 logs_visible=False gui_log_mode=OFF append_skipped=2154
[07:07:11.616] [WARNING] [EXEC] STREAM_SELL_TIMEOUT stream_id=1 chunk_id=3209824581584 order_id=391405407 age_ms=3513 timeout_ms=2800
[07:07:11.892] [INFO] [EXEC] STREAM_SELL_CANCEL_OLD stream_id=1 chunk_id=3209824581584 order_id=391405407
[07:07:11.892] [WARNING] [EXEC] STREAM_STOP_LOSS_EXIT stream_id=1 chunk_id=3209824581584 order_id=391405407 stop_price=79841.53 retry_count=2 retry_max=2
[07:07:12.227] [INFO] [EXEC] STREAM_REPAIR_SKIP reason=stream_owned_inventory
[07:07:12.227] [INFO] [EXEC] STREAM_GLOBAL_SELL_SKIP reason=exit_recovery_inventory_no_sell
[07:07:12.227] [INFO] [EXEC] STREAM_GLOBAL_SELL_SKIP reason=place_sell
[07:07:13.045] [INFO] [EXEC] STREAM_SELL_STATUS stream_id=1 chunk_id=3209824581584 order_id=391405469 status=NEW
[07:07:13.045] [INFO] GUI_PERF tick_ms=0 logs_visible=False gui_log_mode=OFF append_skipped=2161
[07:07:14.575] [WARNING] [EXEC] STREAM_SELL_TIMEOUT stream_id=1 chunk_id=3209824581584 order_id=391405469 age_ms=2950 timeout_ms=2800
[07:07:14.575] [INFO] GUI_PERF tick_ms=0 logs_visible=False gui_log_mode=OFF append_skipped=2162
[07:07:14.863] [INFO] [EXEC] STREAM_SELL_CANCEL_OLD stream_id=1 chunk_id=3209824581584 order_id=391405469
[07:07:14.863] [WARNING] [EXEC] STREAM_STOP_LOSS_EXIT stream_id=1 chunk_id=3209824581584 order_id=391405469 stop_price=79841.53 retry_count=2 retry_max=2
[07:07:15.122] [INFO] [EXEC] STREAM_REPAIR_SKIP reason=stream_owned_inventory
[07:07:15.122] [INFO] [EXEC] STREAM_GLOBAL_SELL_SKIP reason=exit_recovery_inventory_no_sell
[07:07:15.122] [INFO] [EXEC] STREAM_GLOBAL_SELL_SKIP reason=place_sell
[07:07:16.262] [INFO] [EXEC] STREAM_SELL_STATUS stream_id=1 chunk_id=3209824581584 order_id=391405503 status=NEW
[07:07:16.262] [INFO] GUI_PERF tick_ms=0 logs_visible=False gui_log_mode=OFF append_skipped=2168
[07:07:16.262] [INFO] [EXEC] STREAM_STATS_UI cycles=44 wins=42 losses=2 pnl=+0.001195 winrate=95.45%
[07:07:18.106] [INFO] [EXEC] STREAM_SELL_STATUS stream_id=1 chunk_id=3209824581584 order_id=391405503 status=NEW
[07:07:18.106] [INFO] GUI_PERF tick_ms=0 logs_visible=False gui_log_mode=OFF append_skipped=2170
[07:07:18.106] [WARNING] [EXEC] STREAM_SELL_TIMEOUT stream_id=1 chunk_id=3209824581584 order_id=391405503 age_ms=3476 timeout_ms=2800
[07:07:18.373] [INFO] [EXEC] STREAM_SELL_CANCEL_OLD stream_id=1 chunk_id=3209824581584 order_id=391405503
[07:07:18.373] [WARNING] [EXEC] STREAM_STOP_LOSS_EXIT stream_id=1 chunk_id=3209824581584 order_id=391405503 stop_price=79841.53 retry_count=2 retry_max=2
[07:07:18.667] [INFO] [EXEC] STREAM_REPAIR_SKIP reason=stream_owned_inventory
[07:07:18.667] [INFO] [EXEC] STREAM_GLOBAL_SELL_SKIP reason=exit_recovery_inventory_no_sell
[07:07:18.667] [INFO] [EXEC] STREAM_GLOBAL_SELL_SKIP reason=place_sell
[07:07:19.771] [INFO] [EXEC] STREAM_SELL_STATUS stream_id=1 chunk_id=3209824581584 order_id=391405638 status=NEW
[07:07:19.771] [INFO] GUI_PERF tick_ms=0 logs_visible=False gui_log_mode=OFF append_skipped=2177
[07:07:20.589] [WARNING] [EXEC] STREAM_SELL_TIMEOUT stream_id=1 chunk_id=3209824581584 order_id=391405638 age_ms=2953 timeout_ms=2800
[07:07:20.923] [INFO] [EXEC] STREAM_SELL_CANCEL_OLD stream_id=1 chunk_id=3209824581584 order_id=391405638
[07:07:20.923] [INFO] GUI_PERF tick_ms=0 logs_visible=False gui_log_mode=OFF append_skipped=2179
[07:07:20.923] [WARNING] [EXEC] STREAM_STOP_LOSS_EXIT stream_id=1 chunk_id=3209824581584 order_id=391405638 stop_price=79841.53 retry_count=2 retry_max=2
[07:07:21.733] [INFO] [EXEC] STREAM_REPAIR_SKIP reason=stream_owned_inventory
[07:07:21.733] [INFO] [EXEC] STREAM_GLOBAL_SELL_SKIP reason=exit_recovery_inventory_no_sell
[07:07:21.733] [INFO] [EXEC] STREAM_GLOBAL_SELL_SKIP reason=place_sell
[07:07:22.029] [INFO] [EXEC] STREAM_STATS_UI cycles=44 wins=42 losses=2 pnl=+0.001195 winrate=95.45%
[07:07:22.029] [INFO] GUI_PERF tick_ms=0 logs_visible=False gui_log_mode=OFF append_skipped=2184
[07:07:22.654] [INFO] [EXEC] STREAM_SELL_STATUS stream_id=1 chunk_id=3209824581584 order_id=391405732 status=NEW
[07:07:23.746] [WARNING] [EXEC] STREAM_SELL_TIMEOUT stream_id=1 chunk_id=3209824581584 order_id=391405732 age_ms=3172 timeout_ms=2800
[07:07:23.746] [INFO] GUI_PERF tick_ms=0 logs_visible=False gui_log_mode=OFF append_skipped=2186
[07:07:24.004] [INFO] [EXEC] STREAM_SELL_CANCEL_OLD stream_id=1 chunk_id=3209824581584 order_id=391405732
[07:07:24.012] [WARNING] [EXEC] STREAM_STOP_LOSS_EXIT stream_id=1 chunk_id=3209824581584 order_id=391405732 stop_price=79841.53 retry_count=2 retry_max=2
[07:07:24.298] [INFO] [EXEC] STREAM_REPAIR_SKIP reason=stream_owned_inventory
[07:07:24.298] [INFO] [EXEC] STREAM_GLOBAL_SELL_SKIP reason=exit_recovery_inventory_no_sell
[07:07:24.298] [INFO] [EXEC] STREAM_GLOBAL_SELL_SKIP reason=place_sell
[07:07:25.470] [INFO] [EXEC] STREAM_SELL_STATUS stream_id=1 chunk_id=3209824581584 order_id=391405773 status=NEW
[07:07:25.478] [INFO] GUI_PERF tick_ms=0 logs_visible=False gui_log_mode=OFF append_skipped=2192
[07:07:26.930] [WARNING] [EXEC] STREAM_SELL_TIMEOUT stream_id=1 chunk_id=3209824581584 order_id=391405773 age_ms=3182 timeout_ms=2800
[07:07:26.930] [INFO] GUI_PERF tick_ms=0 logs_visible=False gui_log_mode=OFF append_skipped=2193
[07:07:27.574] [INFO] [EXEC] STREAM_SELL_CANCEL_OLD stream_id=1 chunk_id=3209824581584 order_id=391405773
[07:07:27.582] [WARNING] [EXEC] STREAM_STOP_LOSS_EXIT stream_id=1 chunk_id=3209824581584 order_id=391405773 stop_price=79841.53 retry_count=2 retry_max=2
[07:07:27.844] [INFO] [EXEC] STREAM_REPAIR_SKIP reason=stream_owned_inventory
[07:07:27.844] [INFO] [EXEC] STREAM_GLOBAL_SELL_SKIP reason=exit_recovery_inventory_no_sell
[07:07:27.844] [INFO] [EXEC] STREAM_GLOBAL_SELL_SKIP reason=place_sell
[07:07:28.113] [INFO] [EXEC] STREAM_STATS_UI cycles=44 wins=42 losses=2 pnl=+0.001195 winrate=95.45%
[07:07:28.113] [INFO] GUI_PERF tick_ms=0 logs_visible=False gui_log_mode=OFF append_skipped=2199
[07:07:28.454] [INFO] [EXEC] STREAM_SELL_STATUS stream_id=1 chunk_id=3209824581584 order_id=391405855 status=NEW
[07:07:30.477] [WARNING] [EXEC] STREAM_SELL_TIMEOUT stream_id=1 chunk_id=3209824581584 order_id=391405855 age_ms=3571 timeout_ms=2800
[07:07:30.477] [INFO] GUI_PERF tick_ms=0 logs_visible=False gui_log_mode=OFF append_skipped=2201
[07:07:30.782] [INFO] [EXEC] STREAM_SELL_CANCEL_OLD stream_id=1 chunk_id=3209824581584 order_id=391405855
[07:07:30.782] [WARNING] [EXEC] STREAM_STOP_LOSS_EXIT stream_id=1 chunk_id=3209824581584 order_id=391405855 stop_price=79841.53 retry_count=2 retry_max=2
[07:07:31.259] [INFO] [EXEC] STREAM_REPAIR_SKIP reason=stream_owned_inventory
[07:07:31.259] [INFO] [EXEC] STREAM_GLOBAL_SELL_SKIP reason=exit_recovery_inventory_no_sell
[07:07:31.259] [INFO] [EXEC] STREAM_GLOBAL_SELL_SKIP reason=place_sell
[07:07:32.004] [INFO] [EXEC] STREAM_SELL_STATUS stream_id=1 chunk_id=3209824581584 order_id=391405918 status=NEW
[07:07:32.004] [INFO] GUI_PERF tick_ms=0 logs_visible=False gui_log_mode=OFF append_skipped=2207
[07:07:33.307] [WARNING] [EXEC] STREAM_SELL_TIMEOUT stream_id=1 chunk_id=3209824581584 order_id=391405918 age_ms=2807 timeout_ms=2800
[07:07:33.307] [INFO] GUI_PERF tick_ms=0 logs_visible=False gui_log_mode=OFF append_skipped=2208
[07:07:33.577] [INFO] [EXEC] STREAM_SELL_CANCEL_OLD stream_id=1 chunk_id=3209824581584 order_id=391405918
[07:07:33.577] [WARNING] [EXEC] STREAM_STOP_LOSS_EXIT stream_id=1 chunk_id=3209824581584 order_id=391405918 stop_price=79841.53 retry_count=2 retry_max=2
[07:07:34.127] [INFO] [EXEC] STREAM_REPAIR_SKIP reason=stream_owned_inventory
[07:07:34.127] [INFO] [EXEC] STREAM_GLOBAL_SELL_SKIP reason=exit_recovery_inventory_no_sell
[07:07:34.127] [INFO] [EXEC] STREAM_GLOBAL_SELL_SKIP reason=place_sell
[07:07:34.127] [INFO] [EXEC] STREAM_STATS_UI cycles=44 wins=42 losses=2 pnl=+0.001195 winrate=95.45%
[07:07:34.826] [INFO] [EXEC] STREAM_SELL_STATUS stream_id=1 chunk_id=3209824581584 order_id=391405995 status=NEW
[07:07:34.826] [INFO] GUI_PERF tick_ms=0 logs_visible=False gui_log_mode=OFF append_skipped=2215
[07:07:36.571] [WARNING] [EXEC] STREAM_SELL_TIMEOUT stream_id=1 chunk_id=3209824581584 order_id=391405995 age_ms=3275 timeout_ms=2800
[07:07:36.571] [INFO] GUI_PERF tick_ms=0 logs_visible=False gui_log_mode=OFF append_skipped=2216
[07:07:36.877] [INFO] [EXEC] STREAM_SELL_CANCEL_OLD stream_id=1 chunk_id=3209824581584 order_id=391405995
[07:07:36.877] [WARNING] [EXEC] STREAM_STOP_LOSS_EXIT stream_id=1 chunk_id=3209824581584 order_id=391405995 stop_price=79841.53 retry_count=2 retry_max=2
[07:07:37.198] [INFO] [EXEC] STREAM_REPAIR_SKIP reason=stream_owned_inventory
[07:07:37.198] [INFO] [EXEC] STREAM_GLOBAL_SELL_SKIP reason=exit_recovery_inventory_no_sell
[07:07:37.198] [INFO] [EXEC] STREAM_GLOBAL_SELL_SKIP reason=place_sell
[07:07:38.047] [INFO] [EXEC] STREAM_SELL_STATUS stream_id=1 chunk_id=3209824581584 order_id=391406052 status=NEW
[07:07:38.047] [INFO] GUI_PERF tick_ms=0 logs_visible=False gui_log_mode=OFF append_skipped=2222
[07:07:39.692] [WARNING] [EXEC] STREAM_SELL_TIMEOUT stream_id=1 chunk_id=3209824581584 order_id=391406052 age_ms=3104 timeout_ms=2800
[07:07:39.692] [INFO] GUI_PERF tick_ms=0 logs_visible=False gui_log_mode=OFF append_skipped=2223
[07:07:40.050] [INFO] [EXEC] STREAM_SELL_CANCEL_OLD stream_id=1 chunk_id=3209824581584 order_id=391406052
[07:07:40.050] [WARNING] [EXEC] STREAM_STOP_LOSS_EXIT stream_id=1 chunk_id=3209824581584 order_id=391406052 stop_price=79841.53 retry_count=2 retry_max=2
[07:07:40.332] [INFO] [EXEC] STREAM_REPAIR_SKIP reason=stream_owned_inventory
[07:07:40.332] [INFO] [EXEC] STREAM_GLOBAL_SELL_SKIP reason=exit_recovery_inventory_no_sell
[07:07:40.332] [INFO] [EXEC] STREAM_GLOBAL_SELL_SKIP reason=place_sell
[07:07:40.332] [INFO] [EXEC] STREAM_STATS_UI cycles=44 wins=42 losses=2 pnl=+0.001195 winrate=95.45%
[07:07:40.988] [INFO] [EXEC] STREAM_SELL_STATUS stream_id=1 chunk_id=3209824581584 order_id=391406073 status=NEW
[07:07:40.988] [INFO] GUI_PERF tick_ms=0 logs_visible=False gui_log_mode=OFF append_skipped=2230
[07:07:43.288] [WARNING] [EXEC] STREAM_SELL_TIMEOUT stream_id=1 chunk_id=3209824581584 order_id=391406073 age_ms=3625 timeout_ms=2800
[07:07:43.288] [INFO] GUI_PERF tick_ms=0 logs_visible=False gui_log_mode=OFF append_skipped=2231
[07:07:43.568] [INFO] [EXEC] STREAM_SELL_CANCEL_OLD stream_id=1 chunk_id=3209824581584 order_id=391406073
[07:07:43.568] [WARNING] [EXEC] STREAM_STOP_LOSS_EXIT stream_id=1 chunk_id=3209824581584 order_id=391406073 stop_price=79841.53 retry_count=2 retry_max=2
[07:07:43.952] [INFO] [EXEC] STREAM_REPAIR_SKIP reason=stream_owned_inventory
[07:07:43.952] [INFO] [EXEC] STREAM_GLOBAL_SELL_SKIP reason=exit_recovery_inventory_no_sell
[07:07:43.955] [INFO] [EXEC] STREAM_GLOBAL_SELL_SKIP reason=place_sell
[07:07:45.240] [INFO] [EXEC] STREAM_SELL_STATUS stream_id=1 chunk_id=3209824581584 order_id=391406163 status=NEW
[07:07:45.240] [INFO] GUI_PERF tick_ms=0 logs_visible=False gui_log_mode=OFF append_skipped=2237
[07:07:46.017] [INFO] [EXEC] STREAM_STATS_UI cycles=44 wins=42 losses=2 pnl=+0.001195 winrate=95.45%
[07:07:46.779] [INFO] [EXEC] STREAM_SELL_STATUS stream_id=1 chunk_id=3209824581584 order_id=391406163 status=NEW
[07:07:46.779] [INFO] GUI_PERF tick_ms=0 logs_visible=False gui_log_mode=OFF append_skipped=2239
[07:07:46.779] [WARNING] [EXEC] STREAM_SELL_TIMEOUT stream_id=1 chunk_id=3209824581584 order_id=391406163 age_ms=3470 timeout_ms=2800
[07:07:47.033] [INFO] [EXEC] STREAM_SELL_CANCEL_OLD stream_id=1 chunk_id=3209824581584 order_id=391406163
[07:07:47.033] [WARNING] [EXEC] STREAM_STOP_LOSS_EXIT stream_id=1 chunk_id=3209824581584 order_id=391406163 stop_price=79841.53 retry_count=2 retry_max=2
[07:07:47.625] [INFO] [EXEC] STREAM_REPAIR_SKIP reason=stream_owned_inventory
[07:07:47.625] [INFO] [EXEC] STREAM_GLOBAL_SELL_SKIP reason=exit_recovery_inventory_no_sell
[07:07:47.625] [INFO] [EXEC] STREAM_GLOBAL_SELL_SKIP reason=place_sell
[07:07:48.718] [INFO] [EXEC] STREAM_SELL_STATUS stream_id=1 chunk_id=3209824581584 order_id=391406456 status=NEW
[07:07:48.718] [INFO] GUI_PERF tick_ms=0 logs_visible=False gui_log_mode=OFF append_skipped=2246
[07:07:50.200] [WARNING] [EXEC] STREAM_SELL_TIMEOUT stream_id=1 chunk_id=3209824581584 order_id=391406456 age_ms=3382 timeout_ms=2800
[07:07:50.200] [INFO] GUI_PERF tick_ms=0 logs_visible=False gui_log_mode=OFF append_skipped=2247
[07:07:50.501] [INFO] [EXEC] STREAM_SELL_CANCEL_OLD stream_id=1 chunk_id=3209824581584 order_id=391406456
[07:07:50.501] [WARNING] [EXEC] STREAM_STOP_LOSS_EXIT stream_id=1 chunk_id=3209824581584 order_id=391406456 stop_price=79841.53 retry_count=2 retry_max=2
[07:07:50.805] [INFO] [EXEC] STREAM_REPAIR_SKIP reason=stream_owned_inventory
[07:07:50.805] [INFO] [EXEC] STREAM_GLOBAL_SELL_SKIP reason=exit_recovery_inventory_no_sell
[07:07:50.805] [INFO] [EXEC] STREAM_GLOBAL_SELL_SKIP reason=place_sell
[07:07:51.855] [INFO] [EXEC] STREAM_SELL_STATUS stream_id=1 chunk_id=3209824581584 order_id=391406478 status=NEW
[07:07:51.855] [INFO] GUI_PERF tick_ms=0 logs_visible=False gui_log_mode=OFF append_skipped=2253
[07:07:51.855] [INFO] [EXEC] STREAM_STATS_UI cycles=44 wins=42 losses=2 pnl=+0.001195 winrate=95.45%
[07:07:52.649] [INFO] [EXEC] STREAM_SELL_STATUS stream_id=1 chunk_id=3209824581584 order_id=391406478 status=NEW
[07:07:53.360] [WARNING] [EXEC] STREAM_SELL_TIMEOUT stream_id=1 chunk_id=3209824581584 order_id=391406478 age_ms=3220 timeout_ms=2800
[07:07:53.360] [INFO] GUI_PERF tick_ms=0 logs_visible=False gui_log_mode=OFF append_skipped=2256
[07:07:53.677] [INFO] [EXEC] STREAM_SELL_CANCEL_OLD stream_id=1 chunk_id=3209824581584 order_id=391406478
[07:07:53.677] [WARNING] [EXEC] STREAM_STOP_LOSS_EXIT stream_id=1 chunk_id=3209824581584 order_id=391406478 stop_price=79841.53 retry_count=2 retry_max=2
[07:07:53.970] [INFO] [EXEC] STREAM_REPAIR_SKIP reason=stream_owned_inventory
[07:07:53.970] [INFO] [EXEC] STREAM_GLOBAL_SELL_SKIP reason=exit_recovery_inventory_no_sell
[07:07:53.970] [INFO] [EXEC] STREAM_GLOBAL_SELL_SKIP reason=place_sell
[07:07:54.793] [INFO] [EXEC] STREAM_SELL_STATUS stream_id=1 chunk_id=3209824581584 order_id=391406573 status=NEW
[07:07:54.793] [INFO] GUI_PERF tick_ms=0 logs_visible=False gui_log_mode=OFF append_skipped=2262
[07:07:56.909] [WARNING] [EXEC] STREAM_SELL_TIMEOUT stream_id=1 chunk_id=3209824581584 order_id=391406573 age_ms=3546 timeout_ms=2800
[07:07:56.909] [INFO] GUI_PERF tick_ms=0 logs_visible=False gui_log_mode=OFF append_skipped=2263
[07:07:57.188] [INFO] [EXEC] STREAM_SELL_CANCEL_OLD stream_id=1 chunk_id=3209824581584 order_id=391406573
[07:07:57.188] [WARNING] [EXEC] STREAM_STOP_LOSS_EXIT stream_id=1 chunk_id=3209824581584 order_id=391406573 stop_price=79841.53 retry_count=2 retry_max=2
[07:07:57.466] [INFO] [EXEC] STREAM_REPAIR_SKIP reason=stream_owned_inventory
[07:07:57.466] [INFO] [EXEC] STREAM_GLOBAL_SELL_SKIP reason=exit_recovery_inventory_no_sell
[07:07:57.466] [INFO] [EXEC] STREAM_GLOBAL_SELL_SKIP reason=place_sell
[07:07:57.729] [INFO] [EXEC] STREAM_STATS_UI cycles=44 wins=42 losses=2 pnl=+0.001195 winrate=95.45%
[07:07:58.280] [INFO] [EXEC] STREAM_SELL_STATUS stream_id=1 chunk_id=3209824581584 order_id=391406630 status=NEW
[07:07:58.280] [INFO] GUI_PERF tick_ms=0 logs_visible=False gui_log_mode=OFF append_skipped=2270
[07:08:00.232] [WARNING] [EXEC] STREAM_SELL_TIMEOUT stream_id=1 chunk_id=3209824581584 order_id=391406630 age_ms=3302 timeout_ms=2800
[07:08:00.238] [INFO] GUI_PERF tick_ms=0 logs_visible=False gui_log_mode=OFF append_skipped=2271
[07:08:00.499] [INFO] [EXEC] STREAM_SELL_CANCEL_OLD stream_id=1 chunk_id=3209824581584 order_id=391406630
[07:08:00.499] [WARNING] [EXEC] STREAM_STOP_LOSS_EXIT stream_id=1 chunk_id=3209824581584 order_id=391406630 stop_price=79841.53 retry_count=2 retry_max=2
[07:08:00.777] [INFO] [EXEC] STREAM_REPAIR_SKIP reason=stream_owned_inventory
[07:08:00.777] [INFO] [EXEC] STREAM_GLOBAL_SELL_SKIP reason=exit_recovery_inventory_no_sell
[07:08:00.777] [INFO] [EXEC] STREAM_GLOBAL_SELL_SKIP reason=place_sell
[07:08:01.497] [INFO] [EXEC] STREAM_SELL_STATUS stream_id=1 chunk_id=3209824581584 order_id=391406770 status=NEW
[07:08:01.497] [INFO] GUI_PERF tick_ms=0 logs_visible=False gui_log_mode=OFF append_skipped=2277
[07:08:03.294] [WARNING] [EXEC] STREAM_SELL_TIMEOUT stream_id=1 chunk_id=3209824581584 order_id=391406770 age_ms=3062 timeout_ms=2800
[07:08:03.294] [INFO] GUI_PERF tick_ms=0 logs_visible=False gui_log_mode=OFF append_skipped=2278
[07:08:03.591] [INFO] [EXEC] STREAM_SELL_CANCEL_OLD stream_id=1 chunk_id=3209824581584 order_id=391406770
[07:08:03.591] [WARNING] [EXEC] STREAM_STOP_LOSS_EXIT stream_id=1 chunk_id=3209824581584 order_id=391406770 stop_price=79841.53 retry_count=2 retry_max=2
[07:08:03.855] [INFO] [EXEC] STREAM_REPAIR_SKIP reason=stream_owned_inventory
[07:08:03.855] [INFO] [EXEC] STREAM_GLOBAL_SELL_SKIP reason=exit_recovery_inventory_no_sell
[07:08:03.855] [INFO] [EXEC] STREAM_GLOBAL_SELL_SKIP reason=place_sell
[07:08:04.317] [INFO] [EXEC] STREAM_STATS_UI cycles=44 wins=42 losses=2 pnl=+0.001195 winrate=95.45%
[07:08:04.317] [INFO] GUI_PERF tick_ms=0 logs_visible=False gui_log_mode=OFF append_skipped=2284
[07:08:04.925] [INFO] [EXEC] STREAM_SELL_STATUS stream_id=1 chunk_id=3209824581584 order_id=391407064 status=NEW
[07:08:06.359] [WARNING] [EXEC] STREAM_SELL_TIMEOUT stream_id=1 chunk_id=3209824581584 order_id=391407064 age_ms=3057 timeout_ms=2800
[07:08:06.359] [INFO] GUI_PERF tick_ms=0 logs_visible=False gui_log_mode=OFF append_skipped=2286
[07:08:06.673] [INFO] [EXEC] STREAM_SELL_CANCEL_OLD stream_id=1 chunk_id=3209824581584 order_id=391407064
[07:08:06.673] [WARNING] [EXEC] STREAM_STOP_LOSS_EXIT stream_id=1 chunk_id=3209824581584 order_id=391407064 stop_price=79841.53 retry_count=2 retry_max=2
[07:08:06.932] [INFO] [EXEC] STREAM_REPAIR_SKIP reason=stream_owned_inventory
[07:08:06.932] [INFO] [EXEC] STREAM_GLOBAL_SELL_SKIP reason=exit_recovery_inventory_no_sell
[07:08:06.940] [INFO] [EXEC] STREAM_GLOBAL_SELL_SKIP reason=place_sell
[07:08:07.700] [INFO] [EXEC] STREAM_SELL_STATUS stream_id=1 chunk_id=3209824581584 order_id=391407111 status=NEW
[07:08:07.700] [INFO] GUI_PERF tick_ms=0 logs_visible=False gui_log_mode=OFF append_skipped=2292
[07:08:09.373] [WARNING] [EXEC] STREAM_SELL_TIMEOUT stream_id=1 chunk_id=3209824581584 order_id=391407111 age_ms=3048 timeout_ms=2800
[07:08:09.373] [INFO] GUI_PERF tick_ms=0 logs_visible=False gui_log_mode=OFF append_skipped=2293
[07:08:09.737] [INFO] [EXEC] STREAM_SELL_CANCEL_OLD stream_id=1 chunk_id=3209824581584 order_id=391407111
[07:08:09.737] [WARNING] [EXEC] STREAM_STOP_LOSS_EXIT stream_id=1 chunk_id=3209824581584 order_id=391407111 stop_price=79841.53 retry_count=2 retry_max=2
[07:08:09.998] [INFO] [EXEC] STREAM_REPAIR_SKIP reason=stream_owned_inventory
[07:08:10.013] [INFO] [EXEC] STREAM_GLOBAL_SELL_SKIP reason=exit_recovery_inventory_no_sell
[07:08:10.013] [INFO] [EXEC] STREAM_GLOBAL_SELL_SKIP reason=place_sell
[07:08:10.282] [INFO] [EXEC] STREAM_STATS_UI cycles=44 wins=42 losses=2 pnl=+0.001195 winrate=95.45%
[07:08:10.639] [INFO] [EXEC] STREAM_SELL_STATUS stream_id=1 chunk_id=3209824581584 order_id=391407124 status=NEW
[07:08:10.639] [INFO] GUI_PERF tick_ms=0 logs_visible=False gui_log_mode=OFF append_skipped=2300
[07:08:12.939] [WARNING] [EXEC] STREAM_SELL_TIMEOUT stream_id=1 chunk_id=3209824581584 order_id=391407124 age_ms=3563 timeout_ms=2800
[07:08:12.939] [INFO] GUI_PERF tick_ms=0 logs_visible=False gui_log_mode=OFF append_skipped=2301
[07:08:13.625] [INFO] [EXEC] STREAM_SELL_CANCEL_OLD stream_id=1 chunk_id=3209824581584 order_id=391407124
[07:08:13.625] [WARNING] [EXEC] STREAM_STOP_LOSS_EXIT stream_id=1 chunk_id=3209824581584 order_id=391407124 stop_price=79841.53 retry_count=2 retry_max=2
[07:08:13.887] [INFO] [EXEC] STREAM_REPAIR_SKIP reason=stream_owned_inventory
[07:08:13.887] [INFO] [EXEC] STREAM_GLOBAL_SELL_SKIP reason=exit_recovery_inventory_no_sell
[07:08:13.887] [INFO] [EXEC] STREAM_GLOBAL_SELL_SKIP reason=place_sell
[07:08:15.191] [INFO] [EXEC] STREAM_SELL_STATUS stream_id=1 chunk_id=3209824581584 order_id=391407277 status=NEW
[07:08:15.191] [INFO] GUI_PERF tick_ms=0 logs_visible=False gui_log_mode=OFF append_skipped=2307
[07:08:15.763] [INFO] [EXEC] STREAM_STATS_UI cycles=44 wins=42 losses=2 pnl=+0.001195 winrate=95.45%
