[13:28:07.822] [EXEC] [EXEC] LIVE ON
[13:28:07.822] [EXEC] [EXEC] WAIT READY
[13:28:08.353] [EXEC] [EXEC] BUY ORDER SENT orderId=381964073 price=81144.32 qty=0.061610
[13:28:08.353] [EXEC] [EXEC] PLACE BUY price=81144.32 qty=0.061610
[13:28:10.697] [EXEC] [EXEC] BUY FILLED id=381964073
[13:28:10.822] [EXEC] [EXEC] PLACE SELL price=81150.11 qty=0.061610
[13:28:11.088] [EXEC] [EXEC] SELL ORDER SENT orderId=381964226
[13:28:12.103] [EXEC] [EXEC] REALIZED pnl=+0.356722
[13:28:12.650] [EXEC] [EXEC] BUY ORDER SENT orderId=381964367 price=81148.00 qty=0.061610
[13:28:12.650] [EXEC] [EXEC] PLACE BUY price=81148.00 qty=0.061610
[13:28:16.227] [EXEC] [EXEC] BUY FILLED id=381964367
[13:28:17.069] [EXEC] [EXEC] PLACE SELL price=81149.78 qty=0.061610
[13:28:17.326] [EXEC] [EXEC] SELL ORDER SENT orderId=381964671
[13:28:17.389] [EXEC] [EXEC] CANCEL SELL orderId=381964671
[13:28:17.654] [EXEC] [EXEC] HARD SL triggered
[13:28:17.654] [EXEC] [EXEC] PANIC EXIT sl_mode
[13:28:17.654] [EXEC] [EXEC] FORCE EXIT price=81151.90
[13:28:17.654] [EXEC] [EXEC] PLACE SELL price=81151.90 qty=0.061610
[13:28:17.922] [EXEC] [EXEC] SELL ORDER SENT orderId=381964704
[13:28:18.952] [EXEC] [EXEC] REALIZED pnl=+0.240279
[13:28:20.018] [EXEC] [EXEC] BUY ORDER SENT orderId=381964820 price=81148.01 qty=0.061610
[13:28:20.018] [EXEC] [EXEC] PLACE BUY price=81148.01 qty=0.061610
[13:28:20.452] [EXEC] [EXEC] BUY FILLED id=381964820
[13:28:20.971] [EXEC] [EXEC] PLACE SELL price=81148.08 qty=0.061610
[13:28:21.234] [EXEC] [EXEC] SELL ORDER SENT orderId=381964949
[13:28:22.497] [EXEC] [EXEC] CANCEL SELL orderId=381964949
[13:28:22.762] [EXEC] [EXEC] HARD SL triggered
[13:28:22.762] [EXEC] [EXEC] PANIC EXIT sl_mode
[13:28:22.762] [EXEC] [EXEC] FORCE EXIT price=81147.08
[13:28:22.762] [EXEC] [EXEC] PLACE SELL price=81147.08 qty=0.061610
[13:28:23.020] [EXEC] [EXEC] SELL ORDER SENT orderId=381965007
[13:28:25.795] [EXEC] [EXEC] SELL TIMEOUT orderId=381965007
[13:28:25.795] [EXEC] [EXEC] CANCEL SELL orderId=381965007
[13:28:26.327] [EXEC] [EXEC] SELL FINAL STATUS status=CANCELED orderId=381965007
[13:28:26.342] [EXEC] [EXEC] PANIC EXIT final_recover_place_sell
[13:28:26.342] [EXEC] [EXEC] PANIC EXIT panic_final_recover
[13:28:26.342] [EXEC] [EXEC] FORCE EXIT price=81145.00
[13:28:26.342] [EXEC] [EXEC] PLACE SELL price=81145.00 qty=0.061610
[13:28:26.608] [EXEC] [EXEC] SELL ORDER SENT orderId=381965109
[13:28:28.762] [EXEC] [EXEC] SELL TIMEOUT orderId=381965109
[13:28:28.762] [EXEC] [EXEC] CANCEL SELL orderId=381965109
[13:28:29.295] [EXEC] [EXEC] SELL FINAL STATUS status=CANCELED orderId=381965109
[13:28:29.295] [EXEC] [EXEC] PANIC EXIT final_recover_place_sell
[13:28:29.295] [EXEC] [EXEC] PANIC EXIT panic_final_recover
[13:28:29.295] [EXEC] [EXEC] FORCE EXIT price=81138.00
[13:28:29.295] [EXEC] [EXEC] PLACE SELL price=81138.00 qty=0.061610
[13:28:29.561] [EXEC] [EXEC] SELL ORDER SENT orderId=381965161
[13:28:30.092] [EXEC] [EXEC] REALIZED pnl=-0.616716
[13:28:31.717] [EXEC] [EXEC] BUY ORDER SENT orderId=381965184 price=81134.79 qty=0.061620
[13:28:31.717] [EXEC] [EXEC] PLACE BUY price=81134.79 qty=0.061620
[13:28:33.278] [EXEC] [EXEC] PLACE SELL price=81136.00 qty=0.061620
[13:28:33.544] [EXEC] [EXEC] SELL ORDER SENT orderId=381965323
[13:28:34.527] [EXEC] [EXEC] SELL FILLED id=381965323
[13:28:34.527] [EXEC] [EXEC] SELL FILLED qty=0.061620 remaining=0.000000
[13:28:34.527] [EXEC] [EXEC] REALIZED pnl=+0.074560
[13:28:35.794] [EXEC] [EXEC] BUY ORDER SENT orderId=381965388 price=81132.01 qty=0.061620
[13:28:35.794] [EXEC] [EXEC] PLACE BUY price=81132.01 qty=0.061620
[13:28:39.216] [EXEC] [EXEC] PLACE SELL price=81137.30 qty=0.061620
[13:28:39.497] [EXEC] [EXEC] SELL ORDER SENT orderId=381965627
[13:28:41.309] [EXEC] [EXEC] REALIZED pnl=+0.325970
[13:28:41.700] [EXEC] [EXEC] BUY ORDER SENT orderId=381965778 price=81138.87 qty=0.061620
[13:28:41.715] [EXEC] [EXEC] PLACE BUY price=81138.87 qty=0.061620
[13:28:45.762] [EXEC] [EXEC] BUY TIMEOUT orderId=381965778
[13:28:45.777] [EXEC] [EXEC] CANCEL BUY orderId=381965778
[13:28:46.039] [EXEC] [EXEC] BUY CANCELED confirmed
[13:28:46.293] [EXEC] [EXEC] BUY FINAL STATUS status=CANCELED orderId=381965778
[13:28:46.308] [EXEC] [EXEC] BLOCK reason=buy_not_filled
[13:28:47.636] [EXEC] [EXEC] BUY ORDER SENT orderId=381965926 price=81138.04 qty=0.061620
[13:28:47.652] [EXEC] [EXEC] PLACE BUY price=81138.04 qty=0.061620
[13:28:52.324] [EXEC] [EXEC] BUY FILLED id=381965926
[13:28:54.089] [EXEC] [EXEC] PLACE SELL price=81142.69 qty=0.061620
[13:28:54.354] [EXEC] [EXEC] SELL ORDER SENT orderId=381966040
[13:28:56.976] [EXEC] [EXEC] SELL FILLED id=381966040
[13:28:56.976] [EXEC] [EXEC] SELL FILLED qty=0.061620 remaining=0.000000
[13:28:56.992] [EXEC] [EXEC] REALIZED pnl=+0.286533
[13:28:59.104] [EXEC] [EXEC] BUY ORDER SENT orderId=381966194 price=81141.08 qty=0.061620
[13:28:59.104] [EXEC] [EXEC] PLACE BUY price=81141.08 qty=0.061620
[13:29:03.572] [EXEC] [EXEC] BUY TIMEOUT orderId=381966194
[13:29:03.572] [EXEC] [EXEC] CANCEL BUY orderId=381966194
[13:29:03.893] [EXEC] [EXEC] BUY CANCELED confirmed
[13:29:04.196] [EXEC] [EXEC] BUY FINAL STATUS status=CANCELED orderId=381966194
[13:29:04.196] [EXEC] [EXEC] BLOCK reason=buy_not_filled
[13:29:12.908] [EXEC] [EXEC] BUY ORDER SENT orderId=381966688 price=81150.19 qty=0.061610
[13:29:12.923] [EXEC] [EXEC] PLACE BUY price=81150.19 qty=0.061610
[13:29:14.421] [EXEC] [EXEC] BUY FILLED id=381966688
[13:29:15.655] [EXEC] [EXEC] PLACE SELL price=81158.00 qty=0.061610
[13:29:15.922] [EXEC] [EXEC] SELL ORDER SENT orderId=381966950
[13:29:16.765] [EXEC] [EXEC] CANCEL SELL orderId=381966950
[13:29:17.018] [EXEC] [EXEC] HARD SL triggered
[13:29:17.018] [EXEC] [EXEC] PANIC EXIT sl_mode
[13:29:17.033] [EXEC] [EXEC] FORCE EXIT price=81155.61
[13:29:17.033] [EXEC] [EXEC] PLACE SELL price=81155.61 qty=0.061610
[13:29:17.296] [EXEC] [EXEC] SELL ORDER SENT orderId=381966970
[13:29:18.575] [EXEC] [EXEC] SELL FILLED id=381966970
[13:29:18.575] [EXEC] [EXEC] SELL FILLED qty=0.061610 remaining=0.000000
[13:29:18.590] [EXEC] [EXEC] REALIZED pnl=+0.333926
[13:29:19.868] [EXEC] [EXEC] BUY ORDER SENT orderId=381967128 price=81156.01 qty=0.061600
[13:29:19.868] [EXEC] [EXEC] PLACE BUY price=81156.01 qty=0.061600
[13:29:24.201] [EXEC] [EXEC] BUY TIMEOUT orderId=381967128
[13:29:24.201] [EXEC] [EXEC] CANCEL BUY orderId=381967128
[13:29:24.467] [EXEC] [EXEC] BUY CANCELED confirmed
[13:29:24.732] [EXEC] [EXEC] BUY FINAL STATUS status=CANCELED orderId=381967128
[13:29:24.748] [EXEC] [EXEC] BLOCK reason=buy_not_filled
[13:29:25.778] [EXEC] [EXEC] BUY ORDER SENT orderId=381967304 price=81158.02 qty=0.061600
[13:29:25.778] [EXEC] [EXEC] PLACE BUY price=81158.02 qty=0.061600
[13:29:30.716] [EXEC] [EXEC] PLACE SELL price=81163.31 qty=0.061600
[13:29:30.976] [EXEC] [EXEC] SELL ORDER SENT orderId=381967466
[13:29:33.904] [EXEC] [EXEC] SELL TIMEOUT orderId=381967466
[13:29:33.904] [EXEC] [EXEC] CANCEL SELL orderId=381967466
[13:29:34.435] [EXEC] [EXEC] SELL FINAL STATUS status=CANCELED orderId=381967466
[13:29:34.435] [EXEC] [EXEC] PANIC EXIT final_recover_place_sell
[13:29:34.435] [EXEC] [EXEC] PANIC EXIT panic_final_recover
[13:29:34.435] [EXEC] [EXEC] FORCE EXIT price=81160.72
[13:29:34.450] [EXEC] [EXEC] PLACE SELL price=81160.72 qty=0.061600
[13:29:34.700] [EXEC] [EXEC] SELL ORDER SENT orderId=381967570
[13:29:37.450] [EXEC] [EXEC] SELL TIMEOUT orderId=381967570
[13:29:37.450] [EXEC] [EXEC] CANCEL SELL orderId=381967570
[13:29:37.993] [EXEC] [EXEC] SELL FINAL STATUS status=CANCELED orderId=381967570
[13:29:37.993] [EXEC] [EXEC] PANIC EXIT final_recover_place_sell
[13:29:37.993] [EXEC] [EXEC] PANIC EXIT panic_final_recover
[13:29:38.009] [EXEC] [EXEC] FORCE EXIT price=81159.72
[13:29:38.009] [EXEC] [EXEC] PLACE SELL price=81159.72 qty=0.061600
[13:29:38.262] [EXEC] [EXEC] SELL ORDER SENT orderId=381967685
[13:29:40.919] [EXEC] [EXEC] SELL TIMEOUT orderId=381967685
[13:29:40.935] [EXEC] [EXEC] CANCEL SELL orderId=381967685
[13:29:41.449] [EXEC] [EXEC] SELL FINAL STATUS status=CANCELED orderId=381967685
[13:29:41.465] [EXEC] [EXEC] PANIC EXIT final_recover_place_sell
[13:29:41.465] [EXEC] [EXEC] PANIC EXIT panic_final_recover
[13:29:41.465] [EXEC] [EXEC] FORCE EXIT price=81143.78
[13:29:41.465] [EXEC] [EXEC] PLACE SELL price=81143.78 qty=0.061600
[13:29:41.730] [EXEC] [EXEC] SELL ORDER SENT orderId=381967969
[13:29:43.449] [EXEC] [EXEC] SELL FILLED id=381967969
[13:29:43.449] [EXEC] [EXEC] SELL FILLED qty=0.061600 remaining=0.000000
[13:29:43.449] [EXEC] [EXEC] REALIZED pnl=-0.877184
[13:29:44.942] [EXEC] [EXEC] BUY ORDER SENT orderId=381968276 price=81133.71 qty=0.061620
[13:29:44.948] [EXEC] [EXEC] PLACE BUY price=81133.71 qty=0.061620
[13:29:48.823] [EXEC] [EXEC] PLACE SELL price=81137.33 qty=0.061620
[13:29:49.104] [EXEC] [EXEC] SELL ORDER SENT orderId=381968478
[13:29:51.023] [EXEC] [EXEC] REALIZED pnl=+0.223064
[13:29:51.417] [EXEC] [EXEC] BUY ORDER SENT orderId=381968688 price=81138.61 qty=0.061620
[13:29:51.417] [EXEC] [EXEC] PLACE BUY price=81138.61 qty=0.061620
[13:29:55.776] [EXEC] [EXEC] BUY FILLED id=381968688
[13:29:57.698] [EXEC] [EXEC] PLACE SELL price=81141.45 qty=0.061620
[13:29:58.447] [EXEC] [EXEC] SELL ORDER SENT orderId=381969175
[13:30:00.180] [EXEC] [EXEC] REALIZED pnl=+0.175001
[13:30:00.953] [EXEC] [EXEC] BUY ORDER SENT orderId=381969634 price=81144.41 qty=0.061610
[13:30:00.959] [EXEC] [EXEC] PLACE BUY price=81144.41 qty=0.061610
[13:30:02.069] [EXEC] [EXEC] PLACE SELL price=81144.45 qty=0.061610
[13:30:02.806] [EXEC] [EXEC] SELL ORDER SENT orderId=381969952
[13:30:04.578] [EXEC] [EXEC] CANCEL SELL orderId=381969952
[13:30:04.841] [EXEC] [EXEC] HARD SL triggered
[13:30:04.848] [EXEC] [EXEC] PANIC EXIT sl_mode
[13:30:04.848] [EXEC] [EXEC] FORCE EXIT price=81130.32
[13:30:04.848] [EXEC] [EXEC] PLACE SELL price=81130.32 qty=0.061610
[13:30:05.125] [EXEC] [EXEC] SELL ORDER SENT orderId=381970242
[13:30:06.125] [EXEC] [EXEC] REALIZED pnl=-0.868085
[13:30:06.421] [EXEC] [EXEC] BUY ORDER SENT orderId=381970355 price=81117.69 qty=0.061630
[13:30:06.421] [EXEC] [EXEC] PLACE BUY price=81117.69 qty=0.061630
[13:30:07.718] [EXEC] [EXEC] PLACE SELL price=81118.24 qty=0.061630
[13:30:07.989] [EXEC] [EXEC] SELL ORDER SENT orderId=381970586
[13:30:11.296] [EXEC] [EXEC] SELL TIMEOUT orderId=381970586
[13:30:11.296] [EXEC] [EXEC] CANCEL SELL orderId=381970586
[13:30:11.835] [EXEC] [EXEC] SELL FINAL STATUS status=CANCELED orderId=381970586
[13:30:11.839] [EXEC] [EXEC] PANIC EXIT final_recover_place_sell
[13:30:11.840] [EXEC] [EXEC] PANIC EXIT panic_final_recover
[13:30:11.840] [EXEC] [EXEC] FORCE EXIT price=81113.00
[13:30:11.840] [EXEC] [EXEC] PLACE SELL price=81113.00 qty=0.061630
[13:30:12.093] [EXEC] [EXEC] SELL ORDER SENT orderId=381971059
[13:30:15.069] [EXEC] [EXEC] SELL TIMEOUT orderId=381971059
[13:30:15.075] [EXEC] [EXEC] CANCEL SELL orderId=381971059
[13:30:15.622] [EXEC] [EXEC] SELL FINAL STATUS status=CANCELED orderId=381971059
[13:30:15.638] [EXEC] [EXEC] PANIC EXIT final_recover_place_sell
[13:30:15.638] [EXEC] [EXEC] PANIC EXIT panic_final_recover
[13:30:15.638] [EXEC] [EXEC] FORCE EXIT price=81102.52
[13:30:15.638] [EXEC] [EXEC] PLACE SELL price=81102.52 qty=0.061630
[13:30:15.906] [EXEC] [EXEC] SELL ORDER SENT orderId=381971455
[13:30:18.280] [EXEC] [EXEC] SELL TIMEOUT orderId=381971455
[13:30:18.280] [EXEC] [EXEC] CANCEL SELL orderId=381971455
[13:30:18.811] [EXEC] [EXEC] SELL FINAL STATUS status=CANCELED orderId=381971455
[13:30:18.811] [EXEC] [EXEC] PANIC EXIT final_recover_place_sell
[13:30:18.811] [EXEC] [EXEC] PANIC EXIT panic_final_recover
[13:30:18.811] [EXEC] [EXEC] FORCE EXIT price=81096.71
[13:30:18.811] [EXEC] [EXEC] PLACE SELL price=81096.71 qty=0.061630
[13:30:19.076] [EXEC] [EXEC] SELL ORDER SENT orderId=381971834
[13:30:20.076] [EXEC] [EXEC] REALIZED pnl=-1.292997
[13:30:20.467] [EXEC] [EXEC] BUY ORDER SENT orderId=381972029 price=81084.01 qty=0.061660
[13:30:20.467] [EXEC] [EXEC] PLACE BUY price=81084.01 qty=0.061660
[13:30:24.294] [EXEC] [EXEC] BUY TIMEOUT orderId=381972029
[13:30:24.294] [EXEC] [EXEC] CANCEL BUY orderId=381972029
[13:30:24.560] [EXEC] [EXEC] BUY CANCELED confirmed
[13:30:24.826] [EXEC] [EXEC] BUY FINAL STATUS status=CANCELED orderId=381972029
[13:30:24.830] [EXEC] [EXEC] BLOCK reason=buy_not_filled
[13:30:25.776] [EXEC] [EXEC] BUY ORDER SENT orderId=381972638 price=81095.30 qty=0.061650
[13:30:25.776] [EXEC] [EXEC] PLACE BUY price=81095.30 qty=0.061650
[13:30:27.074] [EXEC] [EXEC] PLACE SELL price=81103.17 qty=0.061650
[13:30:27.340] [EXEC] [EXEC] SELL ORDER SENT orderId=381972786
[13:30:28.372] [EXEC] [EXEC] REALIZED pnl=+0.485186
[13:30:29.402] [EXEC] [EXEC] BUY ORDER SENT orderId=381972965 price=81097.17 qty=0.061650
[13:30:29.402] [EXEC] [EXEC] PLACE BUY price=81097.17 qty=0.061650
[13:30:33.431] [EXEC] [EXEC] BUY TIMEOUT orderId=381972965
[13:30:33.431] [EXEC] [EXEC] CANCEL BUY orderId=381972965
[13:30:33.697] [EXEC] [EXEC] BUY CANCELED confirmed
[13:30:33.975] [EXEC] [EXEC] BUY FINAL STATUS status=CANCELED orderId=381972965
[13:30:33.975] [EXEC] [EXEC] BLOCK reason=buy_not_filled
[13:30:35.793] [EXEC] [EXEC] BUY ORDER SENT orderId=381973819 price=81124.01 qty=0.061630
[13:30:35.793] [EXEC] [EXEC] PLACE BUY price=81124.01 qty=0.061630
[13:30:37.955] [EXEC] [EXEC] BUY FILLED id=381973819
[13:30:38.447] [EXEC] [EXEC] PLACE SELL price=81124.05 qty=0.061630
[13:30:38.712] [EXEC] [EXEC] SELL ORDER SENT orderId=381974220
[13:30:39.761] [EXEC] [EXEC] CANCEL SELL orderId=381974220
[13:30:40.023] [EXEC] [EXEC] HARD SL triggered
[13:30:40.023] [EXEC] [EXEC] PANIC EXIT sl_mode
[13:30:40.023] [EXEC] [EXEC] FORCE EXIT price=81105.77
[13:30:40.023] [EXEC] [EXEC] PLACE SELL price=81105.77 qty=0.061630
[13:30:40.761] [EXEC] [EXEC] SELL ORDER SENT orderId=381974429
[13:30:41.777] [EXEC] [EXEC] REALIZED pnl=-1.124131
[13:30:42.587] [EXEC] [EXEC] BUY ORDER SENT orderId=381974522 price=81101.56 qty=0.061650
[13:30:42.603] [EXEC] [EXEC] PLACE BUY price=81101.56 qty=0.061650
[13:30:43.634] [EXEC] [EXEC] PLACE SELL price=81103.97 qty=0.061650
[13:30:43.900] [EXEC] [EXEC] SELL ORDER SENT orderId=381974633
[13:30:44.945] [EXEC] [EXEC] REALIZED pnl=+0.148576
[13:30:45.494] [EXEC] [EXEC] BUY ORDER SENT orderId=381974934 price=81105.52 qty=0.061640
[13:30:45.509] [EXEC] [EXEC] PLACE BUY price=81105.52 qty=0.061640
[13:30:49.909] [EXEC] [EXEC] BUY TIMEOUT orderId=381974934
[13:30:49.909] [EXEC] [EXEC] CANCEL BUY orderId=381974934
[13:30:50.181] [EXEC] [EXEC] BUY CANCELED confirmed
[13:30:50.478] [EXEC] [EXEC] BUY FINAL STATUS status=CANCELED orderId=381974934
[13:30:50.494] [EXEC] [EXEC] BLOCK reason=buy_not_filled
[13:30:51.711] [EXEC] [EXEC] BUY ORDER SENT orderId=381975444 price=81116.01 qty=0.061640
[13:30:51.711] [EXEC] [EXEC] PLACE BUY price=81116.01 qty=0.061640
[13:30:56.734] [EXEC] [EXEC] BUY TIMEOUT orderId=381975444
[13:30:56.736] [EXEC] [EXEC] CANCEL BUY orderId=381975444
[13:30:57.023] [EXEC] [EXEC] BUY CANCELED confirmed
[13:30:57.298] [EXEC] [EXEC] BUY FINAL STATUS status=CANCELED orderId=381975444
[13:30:57.299] [EXEC] [EXEC] BLOCK reason=buy_not_filled
[13:30:58.289] [EXEC] [EXEC] BUY ORDER SENT orderId=381975859 price=81117.68 qty=0.061630
[13:30:58.290] [EXEC] [EXEC] PLACE BUY price=81117.68 qty=0.061630
[13:30:59.569] [EXEC] [EXEC] PLACE SELL price=81126.09 qty=0.061630
[13:30:59.843] [EXEC] [EXEC] SELL ORDER SENT orderId=381975926
[13:31:03.503] [EXEC] [EXEC] SELL FILLED id=381975926
[13:31:03.503] [EXEC] [EXEC] SELL FILLED qty=0.061630 remaining=0.000000
[13:31:03.503] [EXEC] [EXEC] REALIZED pnl=+0.518308
[13:31:04.289] [EXEC] [EXEC] BUY ORDER SENT orderId=381976496 price=81129.85 qty=0.061620
[13:31:04.289] [EXEC] [EXEC] PLACE BUY price=81129.85 qty=0.061620
[13:31:05.554] [EXEC] [EXEC] PLACE SELL price=81138.96 qty=0.061620
[13:31:05.804] [EXEC] [EXEC] SELL ORDER SENT orderId=381976646
[13:31:08.645] [EXEC] [EXEC] SELL TIMEOUT orderId=381976646
[13:31:08.648] [EXEC] [EXEC] CANCEL SELL orderId=381976646
[13:31:09.163] [EXEC] [EXEC] SELL FINAL STATUS status=FILLED orderId=381976646
[13:31:09.182] [EXEC] [EXEC] SELL FILLED id=381976646
[13:31:09.185] [EXEC] [EXEC] SELL FILLED qty=0.061620 remaining=0.000000
[13:31:09.189] [EXEC] [EXEC] REALIZED pnl=+0.561358
[13:31:10.132] [EXEC] [EXEC] BUY ORDER SENT orderId=381977193 price=81118.51 qty=0.061630
[13:31:10.132] [EXEC] [EXEC] PLACE BUY price=81118.51 qty=0.061630
[13:31:11.430] [EXEC] [EXEC] PLACE SELL price=81128.00 qty=0.061630
[13:31:11.709] [EXEC] [EXEC] SELL ORDER SENT orderId=381977372
[13:31:12.247] [EXEC] [EXEC] REALIZED pnl=+0.584869
[13:31:13.459] [EXEC] [EXEC] BUY ORDER SENT orderId=381977569 price=81131.03 qty=0.061620
[13:31:13.459] [EXEC] [EXEC] PLACE BUY price=81131.03 qty=0.061620
[13:31:15.334] [EXEC] [EXEC] PLACE SELL price=81134.08 qty=0.061620
[13:31:15.601] [EXEC] [EXEC] SELL ORDER SENT orderId=381977714
[13:31:16.695] [EXEC] [EXEC] REALIZED pnl=+0.187941
[13:31:17.748] [EXEC] [EXEC] BUY ORDER SENT orderId=381977868 price=81124.00 qty=0.061630
[13:31:17.750] [EXEC] [EXEC] PLACE BUY price=81124.00 qty=0.061630
[13:31:19.744] [EXEC] [EXEC] PLACE SELL price=81124.04 qty=0.061630
[13:31:20.021] [EXEC] [EXEC] SELL ORDER SENT orderId=381978160
[13:31:24.227] [EXEC] [EXEC] SELL TIMEOUT orderId=381978160
[13:31:24.229] [EXEC] [EXEC] CANCEL SELL orderId=381978160
[13:31:24.771] [EXEC] [EXEC] SELL FINAL STATUS status=CANCELED orderId=381978160
[13:31:24.774] [EXEC] [EXEC] PANIC EXIT final_recover_place_sell
[13:31:24.777] [EXEC] [EXEC] PANIC EXIT panic_final_recover
[13:31:24.781] [EXEC] [EXEC] FORCE EXIT price=81102.59
[13:31:24.783] [EXEC] [EXEC] PLACE SELL price=81102.59 qty=0.061630
[13:31:25.044] [EXEC] [EXEC] SELL ORDER SENT orderId=381978518
[13:31:28.303] [EXEC] [EXEC] SELL TIMEOUT orderId=381978518
[13:31:28.303] [EXEC] [EXEC] CANCEL SELL orderId=381978518
[13:31:28.872] [EXEC] [EXEC] SELL FINAL STATUS status=CANCELED orderId=381978518
[13:31:28.872] [EXEC] [EXEC] PANIC EXIT final_recover_place_sell
[13:31:28.872] [EXEC] [EXEC] PANIC EXIT panic_final_recover
[13:31:28.872] [EXEC] [EXEC] FORCE EXIT price=81066.45
[13:31:28.872] [EXEC] [EXEC] PLACE SELL price=81066.45 qty=0.061630
[13:31:29.147] [EXEC] [EXEC] SELL ORDER SENT orderId=381979343
[13:31:30.985] [EXEC] [EXEC] SELL TIMEOUT orderId=381979343
[13:31:30.988] [EXEC] [EXEC] CANCEL SELL orderId=381979343
[13:31:31.523] [EXEC] [EXEC] SELL FINAL STATUS status=CANCELED orderId=381979343
[13:31:31.523] [EXEC] [EXEC] PANIC EXIT final_recover_place_sell
[13:31:31.523] [EXEC] [EXEC] PANIC EXIT panic_final_recover
[13:31:31.523] [EXEC] [EXEC] FORCE EXIT price=81053.87
[13:31:31.523] [EXEC] [EXEC] PLACE SELL price=81053.87 qty=0.061630
[13:31:31.798] [EXEC] [EXEC] SELL ORDER SENT orderId=381979677
[13:31:32.940] [EXEC] [EXEC] REALIZED pnl=-4.322112
[13:31:33.857] [EXEC] [EXEC] BUY ORDER SENT orderId=381979912 price=81052.65 qty=0.061680
[13:31:33.862] [EXEC] [EXEC] PLACE BUY price=81052.65 qty=0.061680
[13:31:35.008] [EXEC] [EXEC] PLACE SELL price=81052.69 qty=0.061680
[13:31:35.287] [EXEC] [EXEC] SELL ORDER SENT orderId=381980168
[13:31:38.804] [EXEC] [EXEC] SELL FILLED id=381980168
[13:31:38.804] [EXEC] [EXEC] SELL FILLED qty=0.061680 remaining=0.000000
[13:31:38.804] [EXEC] [EXEC] REALIZED pnl=+0.002467
[13:31:39.490] [EXEC] [EXEC] BUY ORDER SENT orderId=381980746 price=81044.74 qty=0.061690
[13:31:39.490] [EXEC] [EXEC] PLACE BUY price=81044.74 qty=0.061690
[13:31:41.047] [EXEC] [EXEC] PLACE SELL price=81044.78 qty=0.061690
[13:31:41.309] [EXEC] [EXEC] SELL ORDER SENT orderId=381981066
[13:31:42.844] [EXEC] [EXEC] SELL FILLED id=381981066
[13:31:42.847] [EXEC] [EXEC] SELL FILLED qty=0.061690 remaining=0.000000
[13:31:42.849] [EXEC] [EXEC] REALIZED pnl=+0.002468
[13:31:43.583] [EXEC] [EXEC] BUY ORDER SENT orderId=381981282 price=81036.02 qty=0.061700
[13:31:43.585] [EXEC] [EXEC] PLACE BUY price=81036.02 qty=0.061700
[13:31:47.491] [EXEC] [EXEC] BUY TIMEOUT orderId=381981282
[13:31:47.507] [EXEC] [EXEC] CANCEL BUY orderId=381981282
[13:31:47.773] [EXEC] [EXEC] BUY CANCELED confirmed
[13:31:48.041] [EXEC] [EXEC] BUY FINAL STATUS status=CANCELED orderId=381981282
[13:31:48.045] [EXEC] [EXEC] BLOCK reason=buy_not_filled
[13:31:48.944] [EXEC] [EXEC] BUY ORDER SENT orderId=381981972 price=81049.52 qty=0.061690
[13:31:48.947] [EXEC] [EXEC] PLACE BUY price=81049.52 qty=0.061690
[13:31:51.631] [EXEC] [EXEC] PLACE SELL price=81049.56 qty=0.061690
[13:31:51.909] [EXEC] [EXEC] SELL ORDER SENT orderId=381982319
[13:31:52.694] [EXEC] [EXEC] SELL FILLED id=381982319
[13:31:52.709] [EXEC] [EXEC] SELL FILLED qty=0.061690 remaining=0.000000
[13:31:52.709] [EXEC] [EXEC] REALIZED pnl=+0.001851
[13:31:54.351] [EXEC] [EXEC] BUY ORDER SENT orderId=381982500 price=81052.69 qty=0.061680
[13:31:54.355] [EXEC] [EXEC] PLACE BUY price=81052.69 qty=0.061680
[13:31:54.991] [EXEC] [EXEC] PLACE SELL price=81052.73 qty=0.061680
[13:31:55.272] [EXEC] [EXEC] SELL ORDER SENT orderId=381982661
[13:31:58.850] [EXEC] [EXEC] SELL TIMEOUT orderId=381982661
[13:31:58.854] [EXEC] [EXEC] CANCEL SELL orderId=381982661
[13:31:59.388] [EXEC] [EXEC] SELL FINAL STATUS status=CANCELED orderId=381982661
[13:31:59.391] [EXEC] [EXEC] PANIC EXIT final_recover_place_sell
[13:31:59.393] [EXEC] [EXEC] PANIC EXIT panic_final_recover
[13:31:59.394] [EXEC] [EXEC] FORCE EXIT price=81041.00
[13:31:59.395] [EXEC] [EXEC] PLACE SELL price=81041.00 qty=0.061680
[13:31:59.663] [EXEC] [EXEC] SELL ORDER SENT orderId=381983086
[13:32:01.890] [EXEC] [EXEC] SELL FILLED id=381983086
[13:32:01.893] [EXEC] [EXEC] SELL FILLED qty=0.061680 remaining=0.000000
[13:32:01.895] [EXEC] [EXEC] REALIZED pnl=-0.721039
[13:32:03.155] [EXEC] [EXEC] BUY ORDER SENT orderId=381983572 price=81028.58 qty=0.061700
[13:32:03.155] [EXEC] [EXEC] PLACE BUY price=81028.58 qty=0.061700
[13:32:04.630] [EXEC] [EXEC] PLACE SELL price=81028.62 qty=0.061700
[13:32:04.895] [EXEC] [EXEC] SELL ORDER SENT orderId=381983769
[13:32:05.694] [EXEC] [EXEC] SELL FILLED id=381983769
[13:32:05.694] [EXEC] [EXEC] SELL FILLED qty=0.061700 remaining=0.000000
[13:32:05.710] [EXEC] [EXEC] REALIZED pnl=+0.002468
[13:32:07.350] [EXEC] [EXEC] BUY ORDER SENT orderId=381983965 price=81036.01 qty=0.061700
[13:32:07.350] [EXEC] [EXEC] PLACE BUY price=81036.01 qty=0.061700
[13:32:08.178] [EXEC] [EXEC] BUY FILLED id=381983965
[13:32:09.566] [EXEC] [EXEC] PLACE SELL price=81050.78 qty=0.061700
[13:32:09.838] [EXEC] [EXEC] SELL ORDER SENT orderId=381984287
[13:32:10.756] [EXEC] [EXEC] SELL FILLED id=381984287
[13:32:10.756] [EXEC] [EXEC] SELL FILLED qty=0.061700 remaining=0.000000
[13:32:10.756] [EXEC] [EXEC] REALIZED pnl=+0.911309
[13:32:12.662] [EXEC] [EXEC] BUY ORDER SENT orderId=381984549 price=81044.00 qty=0.061690
[13:32:12.678] [EXEC] [EXEC] PLACE BUY price=81044.00 qty=0.061690
[13:32:12.973] [EXEC] [EXEC] BUY FILLED id=381984549
[13:32:13.006] [EXEC] [EXEC] PLACE SELL price=81043.29 qty=0.061690
[13:32:13.256] [EXEC] [EXEC] SELL ORDER SENT orderId=381984639
[13:32:14.584] [EXEC] [EXEC] CANCEL SELL orderId=381984639
[13:32:14.850] [EXEC] [EXEC] HARD SL triggered
[13:32:14.853] [EXEC] [EXEC] PANIC EXIT sl_mode
[13:32:14.853] [EXEC] [EXEC] FORCE EXIT price=81028.38
[13:32:14.853] [EXEC] [EXEC] PLACE SELL price=81028.38 qty=0.061690
[13:32:15.116] [EXEC] [EXEC] SELL ORDER SENT orderId=381984841
[13:32:16.193] [EXEC] [EXEC] REALIZED pnl=-0.917525
[13:32:17.239] [EXEC] [EXEC] BUY ORDER SENT orderId=381985081 price=81020.46 qty=0.061710
[13:32:17.241] [EXEC] [EXEC] PLACE BUY price=81020.46 qty=0.061710
[13:32:18.007] [EXEC] [EXEC] PLACE SELL price=81028.56 qty=0.061710
[13:32:18.273] [EXEC] [EXEC] SELL ORDER SENT orderId=381985216
[13:32:21.444] [EXEC] [EXEC] SELL TIMEOUT orderId=381985216
[13:32:21.444] [EXEC] [EXEC] CANCEL SELL orderId=381985216
[13:32:21.994] [EXEC] [EXEC] SELL FINAL STATUS status=CANCELED orderId=381985216
[13:32:21.998] [EXEC] [EXEC] PANIC EXIT final_recover_place_sell
[13:32:21.999] [EXEC] [EXEC] PANIC EXIT panic_final_recover
[13:32:22.000] [EXEC] [EXEC] FORCE EXIT price=81016.07
[13:32:22.002] [EXEC] [EXEC] PLACE SELL price=81016.07 qty=0.061710
[13:32:22.268] [EXEC] [EXEC] SELL ORDER SENT orderId=381985648
[13:32:23.259] [EXEC] [EXEC] REALIZED pnl=-0.270907
[13:32:23.655] [EXEC] [EXEC] BUY ORDER SENT orderId=381985876 price=81005.80 qty=0.061720
[13:32:23.660] [EXEC] [EXEC] PLACE BUY price=81005.80 qty=0.061720
[13:32:27.745] [EXEC] [EXEC] BUY TIMEOUT orderId=381985876
[13:32:27.745] [EXEC] [EXEC] CANCEL BUY orderId=381985876
[13:32:28.009] [EXEC] [EXEC] BUY CANCELED confirmed
[13:32:28.279] [EXEC] [EXEC] BUY FINAL STATUS status=CANCELED orderId=381985876
[13:32:28.282] [EXEC] [EXEC] BLOCK reason=buy_not_filled
[13:32:29.319] [EXEC] [EXEC] BUY ORDER SENT orderId=381986498 price=81008.29 qty=0.061720
[13:32:29.335] [EXEC] [EXEC] PLACE BUY price=81008.29 qty=0.061720
[13:32:32.116] [EXEC] [EXEC] BUY FILLED id=381986498
[13:32:33.847] [EXEC] [EXEC] PLACE SELL price=81008.33 qty=0.061720
[13:32:34.129] [EXEC] [EXEC] SELL ORDER SENT orderId=381986973
[13:32:34.662] [EXEC] [EXEC] REALIZED pnl=+0.001852
[13:32:34.960] [EXEC] [EXEC] BUY ORDER SENT orderId=381987117 price=81003.95 qty=0.061720
[13:32:34.967] [EXEC] [EXEC] PLACE BUY price=81003.95 qty=0.061720
[13:32:39.960] [EXEC] [EXEC] BUY TIMEOUT orderId=381987117
[13:32:39.966] [EXEC] [EXEC] CANCEL BUY orderId=381987117
[13:32:40.225] [EXEC] [EXEC] BUY CANCELED confirmed
[13:32:40.522] [EXEC] [EXEC] BUY FINAL STATUS status=CANCELED orderId=381987117
[13:32:40.522] [EXEC] [EXEC] BLOCK reason=buy_not_filled
[13:32:42.091] [EXEC] [EXEC] BUY ORDER SENT orderId=381987775 price=81030.42 qty=0.061700
[13:32:42.095] [EXEC] [EXEC] PLACE BUY price=81030.42 qty=0.061700
[13:32:42.933] [EXEC] [EXEC] PLACE SELL price=81031.99 qty=0.061700
[13:32:43.201] [EXEC] [EXEC] SELL ORDER SENT orderId=381987861
[13:32:43.756] [EXEC] [EXEC] CANCEL SELL orderId=381987861
[13:32:44.022] [EXEC] [EXEC] HARD SL triggered
[13:32:44.022] [EXEC] [EXEC] PANIC EXIT sl_mode
[13:32:44.022] [EXEC] [EXEC] FORCE EXIT price=81030.99
[13:32:44.022] [EXEC] [EXEC] PLACE SELL price=81030.99 qty=0.061700
[13:32:44.303] [EXEC] [EXEC] SELL ORDER SENT orderId=381987952
[13:32:45.348] [EXEC] [EXEC] REALIZED pnl=+0.355392
[13:32:45.913] [EXEC] [EXEC] BUY ORDER SENT orderId=381988279 price=81066.98 qty=0.061670
[13:32:45.913] [EXEC] [EXEC] PLACE BUY price=81066.98 qty=0.061670
[13:32:48.063] [EXEC] [EXEC] PLACE SELL price=81071.99 qty=0.061670
[13:32:48.330] [EXEC] [EXEC] SELL ORDER SENT orderId=381988467
[13:32:51.124] [EXEC] [EXEC] REALIZED pnl=+0.308967
[13:32:51.568] [EXEC] [EXEC] BUY ORDER SENT orderId=381988720 price=81086.10 qty=0.061660
[13:32:51.571] [EXEC] [EXEC] PLACE BUY price=81086.10 qty=0.061660
[13:32:52.869] [EXEC] [EXEC] PLACE SELL price=81086.14 qty=0.061660
[13:32:53.145] [EXEC] [EXEC] SELL ORDER SENT orderId=381988908
[13:32:56.774] [EXEC] [EXEC] SELL TIMEOUT orderId=381988908
[13:32:56.775] [EXEC] [EXEC] CANCEL SELL orderId=381988908
[13:32:57.294] [EXEC] [EXEC] SELL FINAL STATUS status=CANCELED orderId=381988908
[13:32:57.296] [EXEC] [EXEC] PANIC EXIT final_recover_place_sell
[13:32:57.298] [EXEC] [EXEC] PANIC EXIT panic_final_recover
[13:32:57.299] [EXEC] [EXEC] FORCE EXIT price=81075.04
[13:32:57.301] [EXEC] [EXEC] PLACE SELL price=81075.04 qty=0.061660
[13:32:57.553] [EXEC] [EXEC] SELL ORDER SENT orderId=381989236
[13:32:58.372] [EXEC] [EXEC] REALIZED pnl=-0.681960
[13:32:59.217] [EXEC] [EXEC] BUY ORDER SENT orderId=381989424 price=81056.90 qty=0.061680
[13:32:59.219] [EXEC] [EXEC] PLACE BUY price=81056.90 qty=0.061680
[13:33:01.340] [EXEC] [EXEC] PLACE SELL price=81056.94 qty=0.061680
[13:33:01.603] [EXEC] [EXEC] SELL ORDER SENT orderId=381989770
[13:33:05.226] [EXEC] [EXEC] SELL TIMEOUT orderId=381989770
[13:33:05.229] [EXEC] [EXEC] CANCEL SELL orderId=381989770
[13:33:05.741] [EXEC] [EXEC] SELL FINAL STATUS status=CANCELED orderId=381989770
[13:33:05.741] [EXEC] [EXEC] PANIC EXIT final_recover_place_sell
[13:33:05.741] [EXEC] [EXEC] PANIC EXIT panic_final_recover
[13:33:05.741] [EXEC] [EXEC] FORCE EXIT price=81037.48
[13:33:05.741] [EXEC] [EXEC] PLACE SELL price=81037.48 qty=0.061680
[13:33:06.017] [EXEC] [EXEC] SELL ORDER SENT orderId=381990215
[13:33:06.549] [EXEC] [EXEC] REALIZED pnl=-1.197826
[13:33:07.727] [EXEC] [EXEC] BUY ORDER SENT orderId=381990419 price=81032.01 qty=0.061700
[13:33:07.731] [EXEC] [EXEC] PLACE BUY price=81032.01 qty=0.061700
[13:33:09.195] [EXEC] [EXEC] BUY FILLED id=381990419
[13:33:09.835] [EXEC] [EXEC] PLACE SELL price=81039.73 qty=0.061700
[13:33:10.097] [EXEC] [EXEC] SELL ORDER SENT orderId=381990693
[13:33:11.209] [EXEC] [EXEC] REALIZED pnl=+0.476324
[13:33:12.240] [EXEC] [EXEC] BUY ORDER SENT orderId=381990816 price=81041.64 qty=0.061690
[13:33:12.242] [EXEC] [EXEC] PLACE BUY price=81041.64 qty=0.061690
[13:33:13.710] [EXEC] [EXEC] BUY FILLED id=381990816
[13:33:15.188] [EXEC] [EXEC] PLACE SELL price=81041.68 qty=0.061690
[13:33:15.460] [EXEC] [EXEC] SELL ORDER SENT orderId=381991053
[13:33:15.506] [EXEC] [EXEC] CANCEL SELL orderId=381991053
[13:33:15.768] [EXEC] [EXEC] HARD SL triggered
[13:33:15.773] [EXEC] [EXEC] PANIC EXIT sl_mode
[13:33:15.775] [EXEC] [EXEC] FORCE EXIT price=81040.66
[13:33:15.775] [EXEC] [EXEC] PLACE SELL price=81040.66 qty=0.061690
[13:33:16.038] [EXEC] [EXEC] SELL ORDER SENT orderId=381991096
[13:33:17.141] [EXEC] [EXEC] REALIZED pnl=-0.060456
[13:33:18.588] [EXEC] [EXEC] BUY ORDER SENT orderId=381991291 price=81035.90 qty=0.061700
[13:33:18.592] [EXEC] [EXEC] PLACE BUY price=81035.90 qty=0.061700
[13:33:20.150] [EXEC] [EXEC] BUY FILLED id=381991291
[13:33:21.972] [EXEC] [EXEC] PLACE SELL price=81044.87 qty=0.061700
[13:33:22.236] [EXEC] [EXEC] SELL ORDER SENT orderId=381991473
[13:33:22.776] [EXEC] [EXEC] REALIZED pnl=+0.553449
[13:33:23.772] [EXEC] [EXEC] BUY ORDER SENT orderId=381991659 price=81043.21 qty=0.061690
[13:33:23.772] [EXEC] [EXEC] PLACE BUY price=81043.21 qty=0.061690
[13:33:25.366] [EXEC] [EXEC] BUY FILLED id=381991659
[13:33:26.586] [EXEC] [EXEC] PLACE SELL price=81045.31 qty=0.061690
[13:33:26.851] [EXEC] [EXEC] SELL ORDER SENT orderId=381991904
[13:33:27.714] [EXEC] [EXEC] CANCEL SELL orderId=381991904
[13:33:27.987] [EXEC] [EXEC] HARD SL triggered
[13:33:27.990] [EXEC] [EXEC] PANIC EXIT sl_mode
[13:33:27.991] [EXEC] [EXEC] FORCE EXIT price=81039.29
[13:33:27.991] [EXEC] [EXEC] PLACE SELL price=81039.29 qty=0.061690
[13:33:28.241] [EXEC] [EXEC] SELL ORDER SENT orderId=381992017
[13:33:31.460] [EXEC] [EXEC] SELL TIMEOUT orderId=381992017
[13:33:31.463] [EXEC] [EXEC] CANCEL SELL orderId=381992017
[13:33:32.064] [EXEC] [EXEC] SELL FINAL STATUS status=CANCELED orderId=381992017
[13:33:32.066] [EXEC] [EXEC] PANIC EXIT final_recover_place_sell
[13:33:32.070] [EXEC] [EXEC] PANIC EXIT panic_final_recover
[13:33:32.072] [EXEC] [EXEC] FORCE EXIT price=81036.52
[13:33:32.074] [EXEC] [EXEC] PLACE SELL price=81036.52 qty=0.061690
[13:33:32.382] [EXEC] [EXEC] SELL ORDER SENT orderId=381992178
[13:33:34.022] [EXEC] [EXEC] REALIZED pnl=-0.412706
[13:33:34.299] [EXEC] [EXEC] BUY ORDER SENT orderId=381992356 price=81033.22 qty=0.061700
[13:33:34.303] [EXEC] [EXEC] PLACE BUY price=81033.22 qty=0.061700
[13:33:38.263] [EXEC] [EXEC] BUY TIMEOUT orderId=381992356
[13:33:38.266] [EXEC] [EXEC] CANCEL BUY orderId=381992356
[13:33:38.534] [EXEC] [EXEC] BUY CANCELED confirmed
[13:33:38.788] [EXEC] [EXEC] BUY FINAL STATUS status=CANCELED orderId=381992356
[13:33:38.803] [EXEC] [EXEC] BLOCK reason=buy_not_filled
[13:33:40.538] [EXEC] [EXEC] BUY ORDER SENT orderId=381992795 price=81027.25 qty=0.061700
[13:33:40.541] [EXEC] [EXEC] PLACE BUY price=81027.25 qty=0.061700
[13:33:40.881] [EXEC] [EXEC] BUY FILLED id=381992795
[13:33:40.929] [EXEC] [EXEC] PLACE SELL price=81029.67 qty=0.061700
[13:33:41.193] [EXEC] [EXEC] SELL ORDER SENT orderId=381992864
[13:33:42.303] [EXEC] [EXEC] REALIZED pnl=+0.149314
[13:33:42.756] [EXEC] [EXEC] BUY ORDER SENT orderId=381993014 price=81031.36 qty=0.061700
[13:33:42.756] [EXEC] [EXEC] PLACE BUY price=81031.36 qty=0.061700
[13:33:44.527] [EXEC] [EXEC] PLACE SELL price=81031.40 qty=0.061700
[13:33:44.787] [EXEC] [EXEC] SELL ORDER SENT orderId=381993237
[13:33:46.037] [EXEC] [EXEC] CANCEL SELL orderId=381993237
[13:33:46.299] [EXEC] [EXEC] HARD SL triggered
[13:33:46.302] [EXEC] [EXEC] PANIC EXIT sl_mode
[13:33:46.303] [EXEC] [EXEC] FORCE EXIT price=81029.22
[13:33:46.303] [EXEC] [EXEC] PLACE SELL price=81029.22 qty=0.061700
[13:33:46.569] [EXEC] [EXEC] SELL ORDER SENT orderId=381993316
[13:33:47.101] [EXEC] [EXEC] REALIZED pnl=-0.132038
[13:33:48.566] [EXEC] [EXEC] BUY ORDER SENT orderId=381993509 price=81031.09 qty=0.061700
[13:33:48.570] [EXEC] [EXEC] PLACE BUY price=81031.09 qty=0.061700
[13:33:49.007] [EXEC] [EXEC] BUY FILLED id=381993509
[13:33:49.573] [EXEC] [EXEC] PLACE SELL price=81031.13 qty=0.061700
[13:33:49.835] [EXEC] [EXEC] SELL ORDER SENT orderId=381993775
[13:33:51.509] [EXEC] [EXEC] CANCEL SELL orderId=381993775
[13:33:51.771] [EXEC] [EXEC] HARD SL triggered
[13:33:51.771] [EXEC] [EXEC] PANIC EXIT sl_mode
[13:33:51.771] [EXEC] [EXEC] FORCE EXIT price=81014.54
[13:33:51.771] [EXEC] [EXEC] PLACE SELL price=81014.54 qty=0.061700
[13:33:52.053] [EXEC] [EXEC] SELL ORDER SENT orderId=381993980
[13:33:54.725] [EXEC] [EXEC] REALIZED pnl=-1.021135
[13:33:55.622] [EXEC] [EXEC] BUY ORDER SENT orderId=381994232 price=81006.29 qty=0.061720
[13:33:55.628] [EXEC] [EXEC] PLACE BUY price=81006.29 qty=0.061720
[13:33:57.192] [EXEC] [EXEC] BUY FILLED id=381994232
[13:33:58.551] [EXEC] [EXEC] PLACE SELL price=81006.66 qty=0.061720
[13:33:58.831] [EXEC] [EXEC] SELL ORDER SENT orderId=381994400
[13:33:59.413] [EXEC] [EXEC] CANCEL SELL orderId=381994400
[13:33:59.694] [EXEC] [EXEC] HARD SL triggered
[13:33:59.694] [EXEC] [EXEC] PANIC EXIT sl_mode
[13:33:59.694] [EXEC] [EXEC] FORCE EXIT price=80998.98
[13:33:59.694] [EXEC] [EXEC] PLACE SELL price=80998.98 qty=0.061720
[13:33:59.969] [EXEC] [EXEC] SELL ORDER SENT orderId=381994659
[13:34:02.813] [EXEC] [EXEC] SELL TIMEOUT orderId=381994659
[13:34:02.818] [EXEC] [EXEC] CANCEL SELL orderId=381994659
[13:34:03.351] [EXEC] [EXEC] SELL FINAL STATUS status=CANCELED orderId=381994659
[13:34:03.355] [EXEC] [EXEC] PANIC EXIT final_recover_place_sell
[13:34:03.357] [EXEC] [EXEC] PANIC EXIT panic_final_recover
[13:34:03.359] [EXEC] [EXEC] FORCE EXIT price=80991.78
[13:34:03.360] [EXEC] [EXEC] PLACE SELL price=80991.78 qty=0.061720
[13:34:03.616] [EXEC] [EXEC] SELL ORDER SENT orderId=381995208
[13:34:05.911] [EXEC] [EXEC] SELL TIMEOUT orderId=381995208
[13:34:05.917] [EXEC] [EXEC] CANCEL SELL orderId=381995208
[13:34:06.428] [EXEC] [EXEC] SELL FINAL STATUS status=CANCELED orderId=381995208
[13:34:06.446] [EXEC] [EXEC] PANIC EXIT final_recover_place_sell
[13:34:06.448] [EXEC] [EXEC] PANIC EXIT panic_final_recover
[13:34:06.449] [EXEC] [EXEC] FORCE EXIT price=80968.78
[13:34:06.451] [EXEC] [EXEC] PLACE SELL price=80968.78 qty=0.061720
[13:34:06.725] [EXEC] [EXEC] SELL ORDER SENT orderId=381995544
[13:34:07.266] [EXEC] [EXEC] REALIZED pnl=-2.315117
[13:34:08.314] [EXEC] [EXEC] BUY ORDER SENT orderId=381995816 price=80960.89 qty=0.061750
[13:34:08.318] [EXEC] [EXEC] PLACE BUY price=80960.89 qty=0.061750
[13:37:30.350] [EXEC] [EXEC] LIVE ON
[13:37:30.350] [EXEC] [EXEC] WAIT READY
[13:37:30.903] [EXEC] [EXEC] BUY ORDER SENT orderId=382020323 price=80835.89 qty=0.061850
[13:37:30.903] [EXEC] [EXEC] PLACE BUY price=80835.89 qty=0.061850
[13:37:34.389] [EXEC] [EXEC] BUY FILLED id=382020323
[13:37:34.940] [EXEC] [EXEC] PLACE SELL price=80835.93 qty=0.061850
[13:37:35.209] [EXEC] [EXEC] SELL ORDER SENT orderId=382020773
[13:37:36.252] [EXEC] [EXEC] CANCEL SELL orderId=382020773
[13:37:36.530] [EXEC] [EXEC] HARD SL triggered
[13:37:36.533] [EXEC] [EXEC] PANIC EXIT sl_mode
[13:37:36.536] [EXEC] [EXEC] FORCE EXIT price=80824.00
[13:37:36.537] [EXEC] [EXEC] PLACE SELL price=80824.00 qty=0.061850
[13:37:36.803] [EXEC] [EXEC] SELL ORDER SENT orderId=382021040
[13:37:39.756] [EXEC] [EXEC] SELL TIMEOUT orderId=382021040
[13:37:39.756] [EXEC] [EXEC] CANCEL SELL orderId=382021040
[13:37:40.300] [EXEC] [EXEC] SELL FINAL STATUS status=CANCELED orderId=382021040
[13:37:40.303] [EXEC] [EXEC] PANIC EXIT final_recover_place_sell
[13:37:40.306] [EXEC] [EXEC] PANIC EXIT panic_final_recover
[13:37:40.307] [EXEC] [EXEC] FORCE EXIT price=80816.64
[13:37:40.308] [EXEC] [EXEC] PLACE SELL price=80816.64 qty=0.061850
[13:37:40.573] [EXEC] [EXEC] SELL ORDER SENT orderId=382021327
[13:37:42.772] [EXEC] [EXEC] SELL TIMEOUT orderId=382021327
[13:37:42.772] [EXEC] [EXEC] CANCEL SELL orderId=382021327
[13:37:43.302] [EXEC] [EXEC] SELL FINAL STATUS status=CANCELED orderId=382021327
[13:37:43.306] [EXEC] [EXEC] PANIC EXIT final_recover_place_sell
[13:37:43.307] [EXEC] [EXEC] PANIC EXIT panic_final_recover
[13:37:43.308] [EXEC] [EXEC] FORCE EXIT price=80810.91
[13:37:43.309] [EXEC] [EXEC] PLACE SELL price=80810.91 qty=0.061850
[13:37:43.575] [EXEC] [EXEC] SELL ORDER SENT orderId=382021548
[13:37:45.924] [EXEC] [EXEC] SELL TIMEOUT orderId=382021548
[13:37:45.929] [EXEC] [EXEC] CANCEL SELL orderId=382021548
[13:37:46.454] [EXEC] [EXEC] SELL FINAL STATUS status=CANCELED orderId=382021548
[13:37:46.457] [EXEC] [EXEC] PANIC EXIT final_recover_place_sell
[13:37:46.459] [EXEC] [EXEC] PANIC EXIT panic_final_recover
[13:37:46.460] [EXEC] [EXEC] FORCE EXIT price=80792.99
[13:37:46.461] [EXEC] [EXEC] PLACE SELL price=80792.99 qty=0.061850
[13:37:46.728] [EXEC] [EXEC] SELL ORDER SENT orderId=382021871
[13:37:48.757] [EXEC] [EXEC] SELL TIMEOUT orderId=382021871
[13:37:48.760] [EXEC] [EXEC] CANCEL SELL orderId=382021871
[13:37:49.301] [EXEC] [EXEC] SELL FINAL STATUS status=CANCELED orderId=382021871
[13:37:49.303] [EXEC] [EXEC] PANIC EXIT final_recover_place_sell
[13:37:49.303] [EXEC] [EXEC] PANIC EXIT panic_final_recover
[13:37:49.303] [EXEC] [EXEC] FORCE EXIT price=80758.47
[13:37:49.303] [EXEC] [EXEC] PLACE SELL price=80758.47 qty=0.061850
[13:37:49.569] [EXEC] [EXEC] SELL ORDER SENT orderId=382022282
[13:37:50.116] [EXEC] [EXEC] REALIZED pnl=-4.788427
[13:37:51.425] [EXEC] [EXEC] BUY ORDER SENT orderId=382022603 price=80765.01 qty=0.061900
[13:37:51.428] [EXEC] [EXEC] PLACE BUY price=80765.01 qty=0.061900
[13:37:55.428] [EXEC] [EXEC] PLACE SELL price=80765.05 qty=0.061900
[13:37:55.717] [EXEC] [EXEC] SELL ORDER SENT orderId=382023130
[13:37:59.181] [EXEC] [EXEC] SELL TIMEOUT orderId=382023130
[13:37:59.184] [EXEC] [EXEC] CANCEL SELL orderId=382023130
[13:37:59.710] [EXEC] [EXEC] SELL FINAL STATUS status=CANCELED orderId=382023130
[13:37:59.710] [EXEC] [EXEC] PANIC EXIT final_recover_place_sell
[13:37:59.710] [EXEC] [EXEC] PANIC EXIT panic_final_recover
[13:37:59.710] [EXEC] [EXEC] FORCE EXIT price=80757.66
[13:37:59.710] [EXEC] [EXEC] PLACE SELL price=80757.66 qty=0.061900
[13:37:59.990] [EXEC] [EXEC] SELL ORDER SENT orderId=382023646
[13:38:00.989] [EXEC] [EXEC] REALIZED pnl=-0.454965
[13:38:01.350] [EXEC] [EXEC] BUY ORDER SENT orderId=382023785 price=80752.42 qty=0.061910
[13:38:01.350] [EXEC] [EXEC] PLACE BUY price=80752.42 qty=0.061910
[13:38:02.849] [EXEC] [EXEC] PLACE SELL price=80757.51 qty=0.061910
[13:38:03.132] [EXEC] [EXEC] SELL ORDER SENT orderId=382023868
[13:38:04.598] [EXEC] [EXEC] SELL FILLED id=382023868
[13:38:04.603] [EXEC] [EXEC] SELL FILLED qty=0.061910 remaining=0.000000
[13:38:04.605] [EXEC] [EXEC] REALIZED pnl=+0.315122
[13:38:05.468] [EXEC] [EXEC] BUY ORDER SENT orderId=382024161 price=80764.02 qty=0.061900
[13:38:05.472] [EXEC] [EXEC] PLACE BUY price=80764.02 qty=0.061900
[13:38:07.178] [EXEC] [EXEC] PLACE SELL price=80783.99 qty=0.061900
[13:38:07.444] [EXEC] [EXEC] SELL ORDER SENT orderId=382024431
[13:38:09.298] [EXEC] [EXEC] REALIZED pnl=+1.236143
[13:38:09.571] [EXEC] [EXEC] BUY ORDER SENT orderId=382024768 price=80780.06 qty=0.061890
[13:38:09.575] [EXEC] [EXEC] PLACE BUY price=80780.06 qty=0.061890
[13:38:13.662] [EXEC] [EXEC] BUY TIMEOUT orderId=382024768
[13:38:13.662] [EXEC] [EXEC] CANCEL BUY orderId=382024768
[13:38:13.943] [EXEC] [EXEC] BUY CANCELED confirmed
[13:38:14.210] [EXEC] [EXEC] BUY FINAL STATUS status=CANCELED orderId=382024768
[13:38:14.210] [EXEC] [EXEC] BLOCK reason=buy_not_filled
[13:38:15.240] [EXEC] [EXEC] BUY ORDER SENT orderId=382025598 price=80808.44 qty=0.061870
[13:38:15.256] [EXEC] [EXEC] PLACE BUY price=80808.44 qty=0.061870
[13:38:16.866] [EXEC] [EXEC] PLACE SELL price=80823.08 qty=0.061870
[13:38:17.627] [EXEC] [EXEC] SELL ORDER SENT orderId=382025868
[13:38:19.764] [EXEC] [EXEC] SELL FILLED id=382025868
[13:38:19.768] [EXEC] [EXEC] SELL FILLED qty=0.061870 remaining=0.000000
[13:38:19.769] [EXEC] [EXEC] REALIZED pnl=+0.905777
[13:38:20.335] [EXEC] [EXEC] BUY ORDER SENT orderId=382026123 price=80817.05 qty=0.061860
[13:38:20.353] [EXEC] [EXEC] PLACE BUY price=80817.05 qty=0.061860
[13:38:21.951] [EXEC] [EXEC] PLACE SELL price=80830.78 qty=0.061860
[13:38:22.222] [EXEC] [EXEC] SELL ORDER SENT orderId=382026288
[13:38:25.056] [EXEC] [EXEC] SELL TIMEOUT orderId=382026288
[13:38:25.059] [EXEC] [EXEC] CANCEL SELL orderId=382026288
[13:38:25.590] [EXEC] [EXEC] SELL FINAL STATUS status=CANCELED orderId=382026288
[13:38:25.594] [EXEC] [EXEC] PANIC EXIT final_recover_place_sell
[13:38:25.595] [EXEC] [EXEC] PANIC EXIT panic_final_recover
[13:38:25.596] [EXEC] [EXEC] FORCE EXIT price=80825.00
[13:38:25.597] [EXEC] [EXEC] PLACE SELL price=80825.00 qty=0.061860
[13:38:25.864] [EXEC] [EXEC] SELL ORDER SENT orderId=382026517
[13:38:26.889] [EXEC] [EXEC] REALIZED pnl=+0.491787
[13:38:27.991] [EXEC] [EXEC] BUY ORDER SENT orderId=382026730 price=80827.50 qty=0.061860
[13:38:28.007] [EXEC] [EXEC] PLACE BUY price=80827.50 qty=0.061860
[13:38:28.804] [EXEC] [EXEC] BUY FILLED id=382026730
[13:38:30.576] [EXEC] [EXEC] PLACE SELL price=80839.33 qty=0.061860
[13:38:30.869] [EXEC] [EXEC] SELL ORDER SENT orderId=382027029
[13:38:31.397] [EXEC] [EXEC] REALIZED pnl=+0.731804
[13:38:33.386] [EXEC] [EXEC] BUY ORDER SENT orderId=382027287 price=80841.77 qty=0.061840
[13:38:33.390] [EXEC] [EXEC] PLACE BUY price=80841.77 qty=0.061840
[13:38:37.387] [EXEC] [EXEC] BUY TIMEOUT orderId=382027287
[13:38:37.389] [EXEC] [EXEC] CANCEL BUY orderId=382027287
[13:38:37.647] [EXEC] [EXEC] BUY CANCELED confirmed
[13:38:37.912] [EXEC] [EXEC] BUY FINAL STATUS status=CANCELED orderId=382027287
[13:38:37.912] [EXEC] [EXEC] BLOCK reason=buy_not_filled
[13:38:39.257] [EXEC] [EXEC] BUY ORDER SENT orderId=382027967 price=80853.78 qty=0.061840
[13:38:39.257] [EXEC] [EXEC] PLACE BUY price=80853.78 qty=0.061840
[13:38:40.538] [EXEC] [EXEC] PLACE SELL price=80853.82 qty=0.061840
[13:38:40.804] [EXEC] [EXEC] SELL ORDER SENT orderId=382028167
[13:38:41.824] [EXEC] [EXEC] REALIZED pnl=+0.001855
[13:38:42.390] [EXEC] [EXEC] BUY ORDER SENT orderId=382028320 price=80844.01 qty=0.061840
[13:38:42.393] [EXEC] [EXEC] PLACE BUY price=80844.01 qty=0.061840
[13:38:43.695] [EXEC] [EXEC] PLACE SELL price=80844.05 qty=0.061840
[13:38:43.961] [EXEC] [EXEC] SELL ORDER SENT orderId=382028511
[13:38:45.707] [EXEC] [EXEC] CANCEL SELL orderId=382028511
[13:38:45.971] [EXEC] [EXEC] HARD SL triggered
[13:38:45.973] [EXEC] [EXEC] PANIC EXIT sl_mode
[13:38:45.975] [EXEC] [EXEC] FORCE EXIT price=80840.27
[13:38:45.978] [EXEC] [EXEC] PLACE SELL price=80840.27 qty=0.061840
[13:38:46.251] [EXEC] [EXEC] SELL ORDER SENT orderId=382028727
[13:38:46.782] [EXEC] [EXEC] REALIZED pnl=-0.231282
[13:38:47.100] [EXEC] [EXEC] BUY ORDER SENT orderId=382028814 price=80828.19 qty=0.061850
[13:38:47.105] [EXEC] [EXEC] PLACE BUY price=80828.19 qty=0.061850
[13:38:51.053] [EXEC] [EXEC] BUY FILLED id=382028814
[13:38:52.254] [EXEC] [EXEC] PLACE SELL price=80828.23 qty=0.061850
[13:38:52.538] [EXEC] [EXEC] SELL ORDER SENT orderId=382029227
[13:38:53.116] [EXEC] [EXEC] REALIZED pnl=+0.002474
[13:38:54.071] [EXEC] [EXEC] BUY ORDER SENT orderId=382029390 price=80807.19 qty=0.061870
[13:38:54.073] [EXEC] [EXEC] PLACE BUY price=80807.19 qty=0.061870
[13:38:58.559] [EXEC] [EXEC] BUY FILLED id=382029390
[13:38:59.104] [EXEC] [EXEC] PLACE SELL price=80813.95 qty=0.061870
[13:38:59.376] [EXEC] [EXEC] SELL ORDER SENT orderId=382029865
[13:39:00.373] [EXEC] [EXEC] REALIZED pnl=+0.418241
[13:39:00.991] [EXEC] [EXEC] BUY ORDER SENT orderId=382030001 price=80809.09 qty=0.061870
[13:39:00.991] [EXEC] [EXEC] PLACE BUY price=80809.09 qty=0.061870
[13:39:05.320] [EXEC] [EXEC] BUY TIMEOUT orderId=382030001
[13:39:05.323] [EXEC] [EXEC] CANCEL BUY orderId=382030001
[13:39:05.584] [EXEC] [EXEC] BUY CANCELED confirmed
[13:39:05.854] [EXEC] [EXEC] BUY FINAL STATUS status=CANCELED orderId=382030001
[13:39:05.855] [EXEC] [EXEC] BLOCK reason=buy_not_filled
[13:39:06.908] [EXEC] [EXEC] BUY ORDER SENT orderId=382030605 price=80807.48 qty=0.061870
[13:39:06.912] [EXEC] [EXEC] PLACE BUY price=80807.48 qty=0.061870
[13:39:12.132] [EXEC] [EXEC] BUY TIMEOUT orderId=382030605
[13:39:12.147] [EXEC] [EXEC] CANCEL BUY orderId=382030605
[13:39:12.424] [EXEC] [EXEC] BUY CANCELED confirmed
[13:39:12.699] [EXEC] [EXEC] BUY FINAL STATUS status=CANCELED orderId=382030605
[13:39:12.702] [EXEC] [EXEC] BLOCK reason=buy_not_filled
[13:39:13.508] [EXEC] [EXEC] BUY ORDER SENT orderId=382031009 price=80808.81 qty=0.061870
[13:39:13.513] [EXEC] [EXEC] PLACE BUY price=80808.81 qty=0.061870
[13:39:18.220] [EXEC] [EXEC] BUY TIMEOUT orderId=382031009
[13:39:18.224] [EXEC] [EXEC] CANCEL BUY orderId=382031009
[13:39:18.475] [EXEC] [EXEC] BUY CANCELED confirmed
[13:39:18.757] [EXEC] [EXEC] BUY FINAL STATUS status=CANCELED orderId=382031009
[13:39:18.763] [EXEC] [EXEC] BLOCK reason=buy_not_filled
[13:39:20.083] [EXEC] [EXEC] BUY ORDER SENT orderId=382031368 price=80807.49 qty=0.061870
[13:39:20.086] [EXEC] [EXEC] PLACE BUY price=80807.49 qty=0.061870
[13:39:23.601] [EXEC] [EXEC] BUY FILLED id=382031368
[13:39:24.210] [EXEC] [EXEC] PLACE SELL price=80810.11 qty=0.061870
[13:39:24.489] [EXEC] [EXEC] SELL ORDER SENT orderId=382031732
[13:39:25.536] [EXEC] [EXEC] REALIZED pnl=+0.162099
[13:39:26.226] [EXEC] [EXEC] BUY ORDER SENT orderId=382031792 price=80807.03 qty=0.061870
[13:39:26.230] [EXEC] [EXEC] PLACE BUY price=80807.03 qty=0.061870
[13:39:26.980] [EXEC] [EXEC] BUY FILLED id=382031792
[13:39:28.296] [EXEC] [EXEC] PLACE SELL price=80807.07 qty=0.061870
[13:39:28.553] [EXEC] [EXEC] SELL ORDER SENT orderId=382031996
[13:39:30.288] [EXEC] [EXEC] CANCEL SELL orderId=382031996
[13:39:30.554] [EXEC] [EXEC] HARD SL triggered
[13:39:30.554] [EXEC] [EXEC] PANIC EXIT sl_mode
[13:39:30.554] [EXEC] [EXEC] FORCE EXIT price=80798.55
[13:39:30.554] [EXEC] [EXEC] PLACE SELL price=80798.55 qty=0.061870
[13:39:30.839] [EXEC] [EXEC] SELL ORDER SENT orderId=382032141
[13:39:31.934] [EXEC] [EXEC] REALIZED pnl=-0.524658
[13:39:32.702] [EXEC] [EXEC] BUY ORDER SENT orderId=382032304 price=80794.78 qty=0.061880
[13:39:32.705] [EXEC] [EXEC] PLACE BUY price=80794.78 qty=0.061880
[13:39:37.677] [EXEC] [EXEC] BUY TIMEOUT orderId=382032304
[13:39:37.681] [EXEC] [EXEC] CANCEL BUY orderId=382032304
[13:39:37.941] [EXEC] [EXEC] BUY CANCELED confirmed
[13:39:38.215] [EXEC] [EXEC] BUY FINAL STATUS status=CANCELED orderId=382032304
[13:39:38.218] [EXEC] [EXEC] BLOCK reason=buy_not_filled
[13:39:39.568] [EXEC] [EXEC] BUY ORDER SENT orderId=382032675 price=80810.88 qty=0.061870
[13:39:39.568] [EXEC] [EXEC] PLACE BUY price=80810.88 qty=0.061870
[13:39:40.861] [EXEC] [EXEC] PLACE SELL price=80812.90 qty=0.061870
[13:39:41.126] [EXEC] [EXEC] SELL ORDER SENT orderId=382032781
[13:39:42.194] [EXEC] [EXEC] REALIZED pnl=+0.124977
[13:39:45.328] [EXEC] [EXEC] BUY ORDER SENT orderId=382033097 price=80809.75 qty=0.061870
[13:39:45.331] [EXEC] [EXEC] PLACE BUY price=80809.75 qty=0.061870
[13:39:49.303] [EXEC] [EXEC] BUY TIMEOUT orderId=382033097
[13:39:49.319] [EXEC] [EXEC] CANCEL BUY orderId=382033097
[13:39:49.590] [EXEC] [EXEC] BUY CANCELED confirmed
[13:39:49.861] [EXEC] [EXEC] BUY FINAL STATUS status=CANCELED orderId=382033097
[13:39:49.865] [EXEC] [EXEC] BLOCK reason=buy_not_filled
[13:39:51.382] [EXEC] [EXEC] BUY ORDER SENT orderId=382033728 price=80845.68 qty=0.061840
[13:39:51.382] [EXEC] [EXEC] PLACE BUY price=80845.68 qty=0.061840
[13:39:55.679] [EXEC] [EXEC] PLACE SELL price=80855.25 qty=0.061840
[13:39:55.950] [EXEC] [EXEC] SELL ORDER SENT orderId=382034029
[13:39:56.495] [EXEC] [EXEC] REALIZED pnl=+0.591809
[13:39:56.871] [EXEC] [EXEC] BUY ORDER SENT orderId=382034061 price=80852.01 qty=0.061840
[13:39:56.875] [EXEC] [EXEC] PLACE BUY price=80852.01 qty=0.061840
[13:39:58.179] [EXEC] [EXEC] PLACE SELL price=80852.05 qty=0.061840
[13:39:58.429] [EXEC] [EXEC] SELL ORDER SENT orderId=382034180
[13:40:00.476] [EXEC] [EXEC] SELL FILLED id=382034180
[13:40:00.476] [EXEC] [EXEC] SELL FILLED qty=0.061840 remaining=0.000000
[13:40:00.491] [EXEC] [EXEC] REALIZED pnl=+0.002474
[13:40:01.975] [EXEC] [EXEC] BUY ORDER SENT orderId=382034551 price=80841.87 qty=0.061840
[13:40:01.975] [EXEC] [EXEC] PLACE BUY price=80841.87 qty=0.061840
[13:40:07.563] [EXEC] [EXEC] BUY TIMEOUT orderId=382034551
[13:40:07.566] [EXEC] [EXEC] CANCEL BUY orderId=382034551
[13:40:07.819] [EXEC] [EXEC] BUY CANCELED confirmed
[13:40:08.092] [EXEC] [EXEC] BUY FINAL STATUS status=CANCELED orderId=382034551
[13:40:08.092] [EXEC] [EXEC] BLOCK reason=buy_not_filled
[13:40:09.525] [EXEC] [EXEC] BUY ORDER SENT orderId=382035553 price=80849.12 qty=0.061840
[13:40:09.529] [EXEC] [EXEC] PLACE BUY price=80849.12 qty=0.061840
[13:40:13.810] [EXEC] [EXEC] BUY TIMEOUT orderId=382035553
[13:40:13.813] [EXEC] [EXEC] CANCEL BUY orderId=382035553
[13:40:14.084] [EXEC] [EXEC] BUY CANCELED confirmed
[13:40:14.361] [EXEC] [EXEC] BUY FINAL STATUS status=CANCELED orderId=382035553
[13:40:14.364] [EXEC] [EXEC] BLOCK reason=buy_not_filled
[13:40:15.414] [EXEC] [EXEC] BUY ORDER SENT orderId=382036501 price=80839.19 qty=0.061850
[13:40:15.418] [EXEC] [EXEC] PLACE BUY price=80839.19 qty=0.061850
[13:40:16.711] [EXEC] [EXEC] PLACE SELL price=80853.09 qty=0.061850
[13:40:16.979] [EXEC] [EXEC] SELL ORDER SENT orderId=382036640
[13:40:20.115] [EXEC] [EXEC] SELL TIMEOUT orderId=382036640
[13:40:20.115] [EXEC] [EXEC] CANCEL SELL orderId=382036640
[13:40:20.648] [EXEC] [EXEC] SELL FINAL STATUS status=CANCELED orderId=382036640
[13:40:20.648] [EXEC] [EXEC] PANIC EXIT final_recover_place_sell
[13:40:20.648] [EXEC] [EXEC] PANIC EXIT panic_final_recover
[13:40:20.648] [EXEC] [EXEC] FORCE EXIT price=80852.09
[13:40:20.663] [EXEC] [EXEC] PLACE SELL price=80852.09 qty=0.061850
[13:40:20.927] [EXEC] [EXEC] SELL ORDER SENT orderId=382037076
[13:40:22.795] [EXEC] [EXEC] SELL TIMEOUT orderId=382037076
[13:40:22.798] [EXEC] [EXEC] CANCEL SELL orderId=382037076
[13:40:23.319] [EXEC] [EXEC] SELL FINAL STATUS status=CANCELED orderId=382037076
[13:40:23.337] [EXEC] [EXEC] PANIC EXIT final_recover_place_sell
[13:40:23.340] [EXEC] [EXEC] PANIC EXIT panic_final_recover
[13:40:23.342] [EXEC] [EXEC] FORCE EXIT price=80831.64
[13:40:23.344] [EXEC] [EXEC] PLACE SELL price=80831.64 qty=0.061850
[13:40:23.608] [EXEC] [EXEC] SELL ORDER SENT orderId=382037389
[13:40:24.968] [EXEC] [EXEC] SELL FILLED id=382037389
[13:40:24.971] [EXEC] [EXEC] SELL FILLED qty=0.061850 remaining=0.000000
[13:40:24.973] [EXEC] [EXEC] REALIZED pnl=-0.190810
[13:40:26.082] [EXEC] [EXEC] BUY ORDER SENT orderId=382037709 price=80844.00 qty=0.061840
[13:40:26.084] [EXEC] [EXEC] PLACE BUY price=80844.00 qty=0.061840
[13:40:31.116] [EXEC] [EXEC] BUY TIMEOUT orderId=382037709
[13:40:31.116] [EXEC] [EXEC] CANCEL BUY orderId=382037709
[13:40:31.397] [EXEC] [EXEC] BUY CANCELED confirmed
[13:40:31.663] [EXEC] [EXEC] BUY FINAL STATUS status=CANCELED orderId=382037709
[13:40:31.663] [EXEC] [EXEC] BLOCK reason=buy_not_filled
[13:40:34.741] [EXEC] [EXEC] BUY ORDER SENT orderId=382038708 price=80878.41 qty=0.061820
[13:40:34.741] [EXEC] [EXEC] PLACE BUY price=80878.41 qty=0.061820
[13:40:35.990] [EXEC] [EXEC] PLACE SELL price=80879.03 qty=0.061820
[13:40:36.258] [EXEC] [EXEC] SELL ORDER SENT orderId=382038872
[13:40:40.725] [EXEC] [EXEC] SELL TIMEOUT orderId=382038872
[13:40:40.742] [EXEC] [EXEC] CANCEL SELL orderId=382038872
[13:40:41.277] [EXEC] [EXEC] SELL FINAL STATUS status=CANCELED orderId=382038872
[13:40:41.281] [EXEC] [EXEC] PANIC EXIT final_recover_place_sell
[13:40:41.282] [EXEC] [EXEC] PANIC EXIT panic_final_recover
[13:40:41.283] [EXEC] [EXEC] FORCE EXIT price=80860.92
[13:40:41.284] [EXEC] [EXEC] PLACE SELL price=80860.92 qty=0.061820
[13:40:41.568] [EXEC] [EXEC] SELL ORDER SENT orderId=382039315
[13:40:42.475] [EXEC] [EXEC] SELL FILLED id=382039315
[13:40:42.491] [EXEC] [EXEC] SELL FILLED qty=0.061820 remaining=0.000000
[13:40:42.491] [EXEC] [EXEC] REALIZED pnl=-1.081232
[13:40:44.268] [EXEC] [EXEC] BUY ORDER SENT orderId=382039532 price=80854.79 qty=0.061830
[13:40:44.272] [EXEC] [EXEC] PLACE BUY price=80854.79 qty=0.061830
[13:40:45.383] [EXEC] [EXEC] PLACE SELL price=80854.83 qty=0.061830
[13:40:45.647] [EXEC] [EXEC] SELL ORDER SENT orderId=382039700
[13:40:48.787] [EXEC] [EXEC] SELL TIMEOUT orderId=382039700
[13:40:48.787] [EXEC] [EXEC] CANCEL SELL orderId=382039700
[13:40:49.333] [EXEC] [EXEC] SELL FINAL STATUS status=CANCELED orderId=382039700
[13:40:49.335] [EXEC] [EXEC] PANIC EXIT final_recover_place_sell
[13:40:49.335] [EXEC] [EXEC] PANIC EXIT panic_final_recover
[13:40:49.335] [EXEC] [EXEC] FORCE EXIT price=80849.00
[13:40:49.335] [EXEC] [EXEC] PLACE SELL price=80849.00 qty=0.061830
[13:40:49.604] [EXEC] [EXEC] SELL ORDER SENT orderId=382040132
[13:40:50.662] [EXEC] [EXEC] REALIZED pnl=-0.357996
[13:40:51.023] [EXEC] [EXEC] BUY ORDER SENT orderId=382040329 price=80850.68 qty=0.061840
[13:40:51.023] [EXEC] [EXEC] PLACE BUY price=80850.68 qty=0.061840
[13:40:54.812] [EXEC] [EXEC] BUY TIMEOUT orderId=382040329
[13:40:54.815] [EXEC] [EXEC] CANCEL BUY orderId=382040329
[13:40:55.081] [EXEC] [EXEC] BUY CANCELED confirmed
[13:40:55.349] [EXEC] [EXEC] BUY FINAL STATUS status=CANCELED orderId=382040329
[13:40:55.351] [EXEC] [EXEC] BLOCK reason=buy_not_filled
[13:40:56.912] [EXEC] [EXEC] BUY ORDER SENT orderId=382040709 price=80858.83 qty=0.061830
[13:40:56.912] [EXEC] [EXEC] PLACE BUY price=80858.83 qty=0.061830
[13:40:58.570] [EXEC] [EXEC] BUY FILLED id=382040709
[13:40:59.623] [EXEC] [EXEC] PLACE SELL price=80863.98 qty=0.061830
[13:40:59.891] [EXEC] [EXEC] SELL ORDER SENT orderId=382040914
[13:41:00.430] [EXEC] [EXEC] REALIZED pnl=+0.318425
[13:41:00.770] [EXEC] [EXEC] BUY ORDER SENT orderId=382041020 price=80859.45 qty=0.061830
[13:41:00.774] [EXEC] [EXEC] PLACE BUY price=80859.45 qty=0.061830
[13:41:05.434] [EXEC] [EXEC] BUY TIMEOUT orderId=382041020
[13:41:05.438] [EXEC] [EXEC] CANCEL BUY orderId=382041020
[13:41:05.694] [EXEC] [EXEC] BUY CANCELED confirmed
[13:41:05.964] [EXEC] [EXEC] BUY FINAL STATUS status=CANCELED orderId=382041020
[13:41:05.967] [EXEC] [EXEC] BLOCK reason=buy_not_filled
[13:41:06.787] [EXEC] [EXEC] BUY ORDER SENT orderId=382041603 price=80898.49 qty=0.061800
[13:41:06.787] [EXEC] [EXEC] PLACE BUY price=80898.49 qty=0.061800
[13:41:08.709] [EXEC] [EXEC] PLACE SELL price=80898.53 qty=0.061800
[13:41:08.975] [EXEC] [EXEC] SELL ORDER SENT orderId=382041761
[13:41:09.522] [EXEC] [EXEC] REALIZED pnl=+0.001854
[13:41:09.942] [EXEC] [EXEC] BUY ORDER SENT orderId=382041867 price=80894.17 qty=0.061800
[13:41:09.944] [EXEC] [EXEC] PLACE BUY price=80894.17 qty=0.061800
[13:41:15.437] [EXEC] [EXEC] BUY TIMEOUT orderId=382041867
[13:41:15.441] [EXEC] [EXEC] CANCEL BUY orderId=382041867
[13:41:15.709] [EXEC] [EXEC] BUY CANCELED confirmed
[13:41:15.980] [EXEC] [EXEC] BUY FINAL STATUS status=CANCELED orderId=382041867
[13:41:15.984] [EXEC] [EXEC] BLOCK reason=buy_not_filled
[13:41:16.585] [EXEC] [EXEC] BUY ORDER SENT orderId=382042572 price=80898.16 qty=0.061800
[13:41:16.585] [EXEC] [EXEC] PLACE BUY price=80898.16 qty=0.061800
[13:41:18.163] [EXEC] [EXEC] PLACE SELL price=80911.28 qty=0.061800
[13:41:18.431] [EXEC] [EXEC] SELL ORDER SENT orderId=382042774
[13:41:18.970] [EXEC] [EXEC] REALIZED pnl=+0.810816
[13:41:20.022] [EXEC] [EXEC] BUY ORDER SENT orderId=382042998 price=80893.50 qty=0.061800
[13:41:20.022] [EXEC] [EXEC] PLACE BUY price=80893.50 qty=0.061800
[13:41:21.350] [EXEC] [EXEC] PLACE SELL price=80910.71 qty=0.061800
[13:41:21.615] [EXEC] [EXEC] SELL ORDER SENT orderId=382043237
[13:41:23.618] [EXEC] [EXEC] SELL FILLED id=382043237
[13:41:23.621] [EXEC] [EXEC] SELL FILLED qty=0.061800 remaining=0.000000
[13:41:23.622] [EXEC] [EXEC] REALIZED pnl=+1.063578
[13:41:24.433] [EXEC] [EXEC] BUY ORDER SENT orderId=382043465 price=80897.41 qty=0.061800
[13:41:24.436] [EXEC] [EXEC] PLACE BUY price=80897.41 qty=0.061800
[13:41:25.787] [EXEC] [EXEC] PLACE SELL price=80904.00 qty=0.061800
[13:41:26.063] [EXEC] [EXEC] SELL ORDER SENT orderId=382043577
[13:41:26.971] [EXEC] [EXEC] SELL FILLED id=382043577
[13:41:26.974] [EXEC] [EXEC] SELL FILLED qty=0.061800 remaining=0.000000
[13:41:26.976] [EXEC] [EXEC] REALIZED pnl=+0.407262
[13:41:29.144] [EXEC] [EXEC] BUY ORDER SENT orderId=382043960 price=80919.76 qty=0.061780
[13:41:29.148] [EXEC] [EXEC] PLACE BUY price=80919.76 qty=0.061780
[13:41:29.865] [EXEC] [EXEC] PLACE SELL price=80920.00 qty=0.061780
[13:41:30.134] [EXEC] [EXEC] SELL ORDER SENT orderId=382044050
[13:41:31.773] [EXEC] [EXEC] CANCEL SELL orderId=382044050
[13:41:32.042] [EXEC] [EXEC] HARD SL triggered
[13:41:32.045] [EXEC] [EXEC] PANIC EXIT sl_mode
[13:41:32.048] [EXEC] [EXEC] FORCE EXIT price=80913.00
[13:41:32.050] [EXEC] [EXEC] PLACE SELL price=80913.00 qty=0.061780
[13:41:32.319] [EXEC] [EXEC] SELL ORDER SENT orderId=382044196
[13:41:33.381] [EXEC] [EXEC] REALIZED pnl=-0.417633
[13:41:34.122] [EXEC] [EXEC] BUY ORDER SENT orderId=382044385 price=80913.11 qty=0.061790
[13:41:34.125] [EXEC] [EXEC] PLACE BUY price=80913.11 qty=0.061790
[13:41:35.821] [EXEC] [EXEC] PLACE SELL price=80919.99 qty=0.061790
[13:41:36.091] [EXEC] [EXEC] SELL ORDER SENT orderId=382044520
[13:41:37.142] [EXEC] [EXEC] REALIZED pnl=+0.425115
[13:41:38.476] [EXEC] [EXEC] BUY ORDER SENT orderId=382044731 price=80916.46 qty=0.061790
[13:41:38.476] [EXEC] [EXEC] PLACE BUY price=80916.46 qty=0.061790
[13:41:39.021] [EXEC] [EXEC] PLACE SELL price=80919.98 qty=0.061790
[13:41:39.301] [EXEC] [EXEC] SELL ORDER SENT orderId=382044776
[13:41:39.584] [EXEC] [EXEC] SELL FILLED id=382044776
[13:41:39.584] [EXEC] [EXEC] SELL FILLED qty=0.061790 remaining=0.000000
[13:41:39.584] [EXEC] [EXEC] REALIZED pnl=+0.217501
[13:41:41.290] [EXEC] [EXEC] BUY ORDER SENT orderId=382045075 price=80929.55 qty=0.061780
[13:41:41.292] [EXEC] [EXEC] PLACE BUY price=80929.55 qty=0.061780
[13:41:46.283] [EXEC] [EXEC] BUY TIMEOUT orderId=382045075
[13:41:46.287] [EXEC] [EXEC] CANCEL BUY orderId=382045075
[13:41:46.569] [EXEC] [EXEC] BUY CANCELED confirmed
[13:41:46.869] [EXEC] [EXEC] BUY FINAL STATUS status=CANCELED orderId=382045075
[13:41:46.875] [EXEC] [EXEC] BLOCK reason=buy_not_filled
[13:41:47.467] [EXEC] [EXEC] BUY ORDER SENT orderId=382045675 price=80943.08 qty=0.061770
[13:41:47.467] [EXEC] [EXEC] PLACE BUY price=80943.08 qty=0.061770
[13:41:51.429] [EXEC] [EXEC] BUY FILLED id=382045675
[13:41:52.646] [EXEC] [EXEC] PLACE SELL price=80950.16 qty=0.061770
[13:41:52.930] [EXEC] [EXEC] SELL ORDER SENT orderId=382046010
[13:41:53.496] [EXEC] [EXEC] REALIZED pnl=+0.437332
[13:41:55.435] [EXEC] [EXEC] BUY ORDER SENT orderId=382046304 price=80953.38 qty=0.061760
[13:41:55.440] [EXEC] [EXEC] PLACE BUY price=80953.38 qty=0.061760
[13:41:56.023] [EXEC] [EXEC] PLACE SELL price=80959.55 qty=0.061760
[13:41:56.287] [EXEC] [EXEC] SELL ORDER SENT orderId=382046398
[13:41:57.320] [EXEC] [EXEC] REALIZED pnl=+0.381059
[13:41:58.092] [EXEC] [EXEC] BUY ORDER SENT orderId=382046619 price=80967.57 qty=0.061750
[13:41:58.092] [EXEC] [EXEC] PLACE BUY price=80967.57 qty=0.061750
[13:42:02.287] [EXEC] [EXEC] BUY TIMEOUT orderId=382046619
[13:42:02.287] [EXEC] [EXEC] CANCEL BUY orderId=382046619
[13:42:02.571] [EXEC] [EXEC] BUY CANCELED confirmed
[13:42:02.844] [EXEC] [EXEC] BUY FINAL STATUS status=CANCELED orderId=382046619
[13:42:02.848] [EXEC] [EXEC] BLOCK reason=buy_not_filled
[13:42:04.766] [EXEC] [EXEC] BUY ORDER SENT orderId=382047531 price=81004.74 qty=0.061720
[13:42:04.770] [EXEC] [EXEC] PLACE BUY price=81004.74 qty=0.061720
[13:42:07.064] [EXEC] [EXEC] BUY FILLED id=382047531
[13:42:08.937] [EXEC] [EXEC] PLACE SELL price=81015.99 qty=0.061720
[13:42:09.205] [EXEC] [EXEC] SELL ORDER SENT orderId=382048027
[13:42:10.329] [EXEC] [EXEC] CANCEL SELL orderId=382048027
[13:42:10.597] [EXEC] [EXEC] HARD SL triggered
[13:42:10.600] [EXEC] [EXEC] PANIC EXIT sl_mode
[13:42:10.600] [EXEC] [EXEC] FORCE EXIT price=81013.75
[13:42:10.600] [EXEC] [EXEC] PLACE SELL price=81013.75 qty=0.061720
[13:42:11.362] [EXEC] [EXEC] SELL ORDER SENT orderId=382048229
[13:42:11.901] [EXEC] [EXEC] REALIZED pnl=+0.556097
[13:42:13.164] [EXEC] [EXEC] BUY ORDER SENT orderId=382048528 price=81024.74 qty=0.061700
[13:42:13.167] [EXEC] [EXEC] PLACE BUY price=81024.74 qty=0.061700
[13:42:18.422] [EXEC] [EXEC] BUY TIMEOUT orderId=382048528
[13:42:18.426] [EXEC] [EXEC] CANCEL BUY orderId=382048528
[13:42:18.678] [EXEC] [EXEC] BUY CANCELED confirmed
[13:42:18.964] [EXEC] [EXEC] BUY FINAL STATUS status=CANCELED orderId=382048528
[13:42:18.968] [EXEC] [EXEC] BLOCK reason=buy_not_filled
[13:42:20.688] [EXEC] [EXEC] BUY ORDER SENT orderId=382050182 price=81080.22 qty=0.061660
[13:42:20.692] [EXEC] [EXEC] PLACE BUY price=81080.22 qty=0.061660
[13:42:24.741] [EXEC] [EXEC] BUY TIMEOUT orderId=382050182
[13:42:24.741] [EXEC] [EXEC] CANCEL BUY orderId=382050182
[13:42:25.025] [EXEC] [EXEC] BUY CANCELED confirmed
[13:42:25.287] [EXEC] [EXEC] BUY FINAL STATUS status=CANCELED orderId=382050182
[13:42:25.287] [EXEC] [EXEC] BLOCK reason=buy_not_filled
[13:42:26.588] [EXEC] [EXEC] BUY ORDER SENT orderId=382051851 price=81207.44 qty=0.061570
[13:42:26.591] [EXEC] [EXEC] PLACE BUY price=81207.44 qty=0.061570
[13:42:27.912] [EXEC] [EXEC] PLACE SELL price=81212.66 qty=0.061570
[13:42:28.182] [EXEC] [EXEC] SELL ORDER SENT orderId=382052263
[13:42:29.187] [EXEC] [EXEC] REALIZED pnl=+0.321395
[13:42:29.741] [EXEC] [EXEC] BUY ORDER SENT orderId=382052639 price=81214.06 qty=0.061560
[13:42:29.758] [EXEC] [EXEC] PLACE BUY price=81214.06 qty=0.061560
[13:42:32.078] [EXEC] [EXEC] PLACE SELL price=81214.10 qty=0.061560
[13:42:32.335] [EXEC] [EXEC] SELL ORDER SENT orderId=382053150
[13:42:36.380] [EXEC] [EXEC] SELL TIMEOUT orderId=382053150
[13:42:36.384] [EXEC] [EXEC] CANCEL SELL orderId=382053150
[13:42:36.924] [EXEC] [EXEC] SELL FINAL STATUS status=CANCELED orderId=382053150
[13:42:36.928] [EXEC] [EXEC] PANIC EXIT final_recover_place_sell
[13:42:36.929] [EXEC] [EXEC] PANIC EXIT panic_final_recover
[13:42:36.930] [EXEC] [EXEC] FORCE EXIT price=81164.04
[13:42:36.930] [EXEC] [EXEC] PLACE SELL price=81164.04 qty=0.061560
[13:42:37.194] [EXEC] [EXEC] SELL ORDER SENT orderId=382053952
[13:42:38.215] [EXEC] [EXEC] REALIZED pnl=-3.079231
[13:42:39.366] [EXEC] [EXEC] BUY ORDER SENT orderId=382054196 price=81169.14 qty=0.061590
[13:42:39.369] [EXEC] [EXEC] PLACE BUY price=81169.14 qty=0.061590
[13:42:40.602] [EXEC] [EXEC] PLACE SELL price=81178.00 qty=0.061590
[13:42:40.869] [EXEC] [EXEC] SELL ORDER SENT orderId=382054428
[13:42:42.757] [EXEC] [EXEC] REALIZED pnl=+0.545687
[13:42:43.433] [EXEC] [EXEC] BUY ORDER SENT orderId=382055050 price=81182.01 qty=0.061590
[13:42:43.435] [EXEC] [EXEC] PLACE BUY price=81182.01 qty=0.061590
[13:42:47.433] [EXEC] [EXEC] BUY FILLED id=382055050
[13:42:48.414] [EXEC] [EXEC] PLACE SELL price=81182.05 qty=0.061590
[13:42:48.679] [EXEC] [EXEC] SELL ORDER SENT orderId=382055869
[13:42:50.007] [EXEC] [EXEC] CANCEL SELL orderId=382055869
[13:42:50.272] [EXEC] [EXEC] HARD SL triggered
[13:42:50.272] [EXEC] [EXEC] PANIC EXIT sl_mode
[13:42:50.272] [EXEC] [EXEC] FORCE EXIT price=81166.80
[13:42:50.272] [EXEC] [EXEC] PLACE SELL price=81166.80 qty=0.061590
[13:42:50.537] [EXEC] [EXEC] SELL ORDER SENT orderId=382056187
[13:42:53.056] [EXEC] [EXEC] SELL TIMEOUT orderId=382056187
[13:42:53.061] [EXEC] [EXEC] CANCEL SELL orderId=382056187
[13:42:53.615] [EXEC] [EXEC] SELL FINAL STATUS status=CANCELED orderId=382056187
[13:42:53.615] [EXEC] [EXEC] PANIC EXIT final_recover_place_sell
[13:42:53.615] [EXEC] [EXEC] PANIC EXIT panic_final_recover
[13:42:53.631] [EXEC] [EXEC] FORCE EXIT price=81160.99
[13:42:53.633] [EXEC] [EXEC] PLACE SELL price=81160.99 qty=0.061590
[13:42:53.902] [EXEC] [EXEC] SELL ORDER SENT orderId=382056486
[13:42:55.882] [EXEC] [EXEC] SELL TIMEOUT orderId=382056486
[13:42:55.882] [EXEC] [EXEC] CANCEL SELL orderId=382056486
[13:42:56.420] [EXEC] [EXEC] SELL FINAL STATUS status=CANCELED orderId=382056486
[13:42:56.422] [EXEC] [EXEC] PANIC EXIT final_recover_place_sell
[13:42:56.425] [EXEC] [EXEC] PANIC EXIT panic_final_recover
[13:42:56.426] [EXEC] [EXEC] FORCE EXIT price=81152.99
[13:42:56.426] [EXEC] [EXEC] PLACE SELL price=81152.99 qty=0.061590
[13:42:56.695] [EXEC] [EXEC] SELL ORDER SENT orderId=382056763
[13:42:57.741] [EXEC] [EXEC] REALIZED pnl=-1.787342
[13:44:46.272] [EXEC] [EXEC] LIVE ON
[13:44:46.272] [EXEC] [EXEC] WAIT READY
[13:44:46.844] [EXEC] [EXEC] BUY ORDER SENT orderId=382068333 price=81056.76 qty=0.086350
[13:44:46.848] [EXEC] [EXEC] PLACE BUY price=81056.76 qty=0.086350
[13:44:48.461] [EXEC] [EXEC] PLACE SELL price=81057.55 qty=0.086350
[13:44:48.740] [EXEC] [EXEC] SELL ORDER SENT orderId=382068499
[13:44:49.275] [EXEC] [EXEC] REALIZED pnl=+0.068216
[13:44:49.881] [EXEC] [EXEC] BUY ORDER SENT orderId=382068610 price=81052.02 qty=0.086360
[13:44:49.881] [EXEC] [EXEC] PLACE BUY price=81052.02 qty=0.086360
[13:44:54.241] [EXEC] [EXEC] BUY TIMEOUT orderId=382068610
[13:44:54.243] [EXEC] [EXEC] CANCEL BUY orderId=382068610
[13:44:54.539] [EXEC] [EXEC] BUY CANCELED confirmed
[13:44:54.838] [EXEC] [EXEC] BUY FINAL STATUS status=CANCELED orderId=382068610
[13:44:54.840] [EXEC] [EXEC] BLOCK reason=buy_not_filled
[13:44:56.007] [EXEC] [EXEC] BUY ORDER SENT orderId=382069229 price=81068.01 qty=0.086340
[13:44:56.022] [EXEC] [EXEC] PLACE BUY price=81068.01 qty=0.086340
[13:44:57.296] [EXEC] [EXEC] PLACE SELL price=81068.05 qty=0.086340
[13:44:57.563] [EXEC] [EXEC] SELL ORDER SENT orderId=382069370
[13:44:58.867] [EXEC] [EXEC] CANCEL SELL orderId=382069370
[13:44:59.135] [EXEC] [EXEC] HARD SL triggered
[13:44:59.138] [EXEC] [EXEC] PANIC EXIT sl_mode
[13:44:59.141] [EXEC] [EXEC] FORCE EXIT price=81060.58
[13:44:59.143] [EXEC] [EXEC] PLACE SELL price=81060.58 qty=0.086340
[13:44:59.424] [EXEC] [EXEC] SELL ORDER SENT orderId=382069496
[13:45:00.502] [EXEC] [EXEC] REALIZED pnl=-0.641506
[13:45:01.350] [EXEC] [EXEC] BUY ORDER SENT orderId=382069722 price=81064.60 qty=0.086350
[13:45:01.354] [EXEC] [EXEC] PLACE BUY price=81064.60 qty=0.086350
[13:45:05.459] [EXEC] [EXEC] BUY TIMEOUT orderId=382069722
[13:45:05.459] [EXEC] [EXEC] CANCEL BUY orderId=382069722
[13:45:05.726] [EXEC] [EXEC] BUY CANCELED confirmed
[13:45:05.991] [EXEC] [EXEC] BUY FINAL STATUS status=CANCELED orderId=382069722
[13:45:06.010] [EXEC] [EXEC] BLOCK reason=buy_not_filled
[13:45:07.803] [EXEC] [EXEC] BUY ORDER SENT orderId=382070949 price=81076.01 qty=0.086330
[13:45:07.803] [EXEC] [EXEC] PLACE BUY price=81076.01 qty=0.086330
[13:45:13.006] [EXEC] [EXEC] BUY TIMEOUT orderId=382070949
[13:45:13.024] [EXEC] [EXEC] CANCEL BUY orderId=382070949
[13:45:13.286] [EXEC] [EXEC] BUY CANCELED confirmed
[13:45:13.555] [EXEC] [EXEC] BUY FINAL STATUS status=CANCELED orderId=382070949
[13:45:13.558] [EXEC] [EXEC] BLOCK reason=buy_not_filled
[13:45:14.607] [EXEC] [EXEC] BUY ORDER SENT orderId=382071629 price=81083.15 qty=0.086330
[13:45:14.612] [EXEC] [EXEC] PLACE BUY price=81083.15 qty=0.086330
[13:45:16.523] [EXEC] [EXEC] PLACE SELL price=81087.99 qty=0.086330
[13:45:16.796] [EXEC] [EXEC] SELL ORDER SENT orderId=382071805
[13:45:17.869] [EXEC] [EXEC] REALIZED pnl=+0.417837
[13:45:18.930] [EXEC] [EXEC] BUY ORDER SENT orderId=382071927 price=81081.40 qty=0.086330
[13:45:18.936] [EXEC] [EXEC] PLACE BUY price=81081.40 qty=0.086330
[13:45:19.319] [EXEC] [EXEC] BUY FILLED id=382071927
[13:45:20.616] [EXEC] [EXEC] PLACE SELL price=81086.75 qty=0.086330
[13:45:20.913] [EXEC] [EXEC] SELL ORDER SENT orderId=382072172
[13:45:22.995] [EXEC] [EXEC] CANCEL SELL orderId=382072172
[13:45:23.256] [EXEC] [EXEC] HARD SL triggered
[13:45:23.274] [EXEC] [EXEC] PANIC EXIT sl_mode
[13:45:23.276] [EXEC] [EXEC] FORCE EXIT price=81085.74
[13:45:23.277] [EXEC] [EXEC] PLACE SELL price=81085.74 qty=0.086330
[13:45:23.539] [EXEC] [EXEC] SELL ORDER SENT orderId=382072401
[13:45:26.459] [EXEC] [EXEC] SELL TIMEOUT orderId=382072401
[13:45:26.459] [EXEC] [EXEC] CANCEL SELL orderId=382072401
[13:45:27.938] [EXEC] [EXEC] SELL FINAL STATUS status=CANCELED orderId=382072401
[13:45:27.943] [EXEC] [EXEC] PANIC EXIT final_recover_place_sell
[13:45:27.944] [EXEC] [EXEC] PANIC EXIT panic_final_recover
[13:45:27.944] [EXEC] [EXEC] FORCE EXIT price=81084.21
[13:45:27.944] [EXEC] [EXEC] PLACE SELL price=81084.21 qty=0.086330
[13:45:28.208] [EXEC] [EXEC] SELL ORDER SENT orderId=382072956
[13:45:30.631] [EXEC] [EXEC] SELL TIMEOUT orderId=382072956
[13:45:30.632] [EXEC] [EXEC] CANCEL SELL orderId=382072956
[13:45:31.170] [EXEC] [EXEC] SELL FINAL STATUS status=CANCELED orderId=382072956
[13:45:31.174] [EXEC] [EXEC] PANIC EXIT final_recover_place_sell
[13:45:31.175] [EXEC] [EXEC] PANIC EXIT panic_final_recover
[13:45:31.176] [EXEC] [EXEC] FORCE EXIT price=81053.22
[13:45:31.177] [EXEC] [EXEC] PLACE SELL price=81053.22 qty=0.086330
[13:45:31.441] [EXEC] [EXEC] SELL ORDER SENT orderId=382073215
[13:45:32.480] [EXEC] [EXEC] REALIZED pnl=-2.432779
[13:45:32.851] [EXEC] [EXEC] BUY ORDER SENT orderId=382073276 price=81049.42 qty=0.086360
[13:45:32.858] [EXEC] [EXEC] PLACE BUY price=81049.42 qty=0.086360
[13:45:36.967] [EXEC] [EXEC] BUY TIMEOUT orderId=382073276
[13:45:36.970] [EXEC] [EXEC] CANCEL BUY orderId=382073276
[13:45:37.238] [EXEC] [EXEC] BUY CANCELED confirmed
[13:45:37.509] [EXEC] [EXEC] BUY FINAL STATUS status=CANCELED orderId=382073276
[13:45:37.512] [EXEC] [EXEC] BLOCK reason=buy_not_filled
[13:45:38.475] [EXEC] [EXEC] BUY ORDER SENT orderId=382073959 price=81068.01 qty=0.086340
[13:45:38.475] [EXEC] [EXEC] PLACE BUY price=81068.01 qty=0.086340
[13:45:42.874] [EXEC] [EXEC] BUY TIMEOUT orderId=382073959
[13:45:42.874] [EXEC] [EXEC] CANCEL BUY orderId=382073959
[13:45:43.147] [EXEC] [EXEC] BUY CANCELED confirmed
[13:45:43.414] [EXEC] [EXEC] BUY FINAL STATUS status=CANCELED orderId=382073959
[13:45:43.414] [EXEC] [EXEC] BLOCK reason=buy_not_filled
[13:45:45.710] [EXEC] [EXEC] BUY ORDER SENT orderId=382074624 price=81084.00 qty=0.086330
[13:45:45.710] [EXEC] [EXEC] PLACE BUY price=81084.00 qty=0.086330
[13:45:48.288] [EXEC] [EXEC] PLACE SELL price=81094.79 qty=0.086330
[13:45:48.552] [EXEC] [EXEC] SELL ORDER SENT orderId=382074839
[13:45:51.398] [EXEC] [EXEC] SELL TIMEOUT orderId=382074839
[13:45:51.402] [EXEC] [EXEC] CANCEL SELL orderId=382074839
[13:45:51.934] [EXEC] [EXEC] SELL FINAL STATUS status=CANCELED orderId=382074839
[13:45:51.938] [EXEC] [EXEC] PANIC EXIT final_recover_place_sell
[13:45:51.941] [EXEC] [EXEC] PANIC EXIT panic_final_recover
[13:45:51.942] [EXEC] [EXEC] FORCE EXIT price=81076.16
[13:45:51.943] [EXEC] [EXEC] PLACE SELL price=81076.16 qty=0.086330
[13:45:52.210] [EXEC] [EXEC] SELL ORDER SENT orderId=382075210
[13:45:52.741] [EXEC] [EXEC] REALIZED pnl=-0.676827
[13:45:53.632] [EXEC] [EXEC] BUY ORDER SENT orderId=382075410 price=81055.71 qty=0.086360
[13:45:53.638] [EXEC] [EXEC] PLACE BUY price=81055.71 qty=0.086360
[13:45:54.930] [EXEC] [EXEC] PLACE SELL price=81055.93 qty=0.086360
[13:45:55.192] [EXEC] [EXEC] SELL ORDER SENT orderId=382075584
[13:45:58.216] [EXEC] [EXEC] REALIZED pnl=+0.018999
[13:45:58.634] [EXEC] [EXEC] BUY ORDER SENT orderId=382075778 price=81049.97 qty=0.086360
[13:45:58.637] [EXEC] [EXEC] PLACE BUY price=81049.97 qty=0.086360
[13:46:00.420] [EXEC] [EXEC] PLACE SELL price=81050.01 qty=0.086360
[13:46:00.679] [EXEC] [EXEC] SELL ORDER SENT orderId=382075980
[13:46:03.523] [EXEC] [EXEC] SELL TIMEOUT orderId=382075980
[13:46:03.527] [EXEC] [EXEC] CANCEL SELL orderId=382075980
[13:46:04.065] [EXEC] [EXEC] SELL FINAL STATUS status=CANCELED orderId=382075980
[13:46:04.066] [EXEC] [EXEC] PANIC EXIT final_recover_place_sell
[13:46:04.071] [EXEC] [EXEC] PANIC EXIT panic_final_recover
[13:46:04.074] [EXEC] [EXEC] FORCE EXIT price=81033.00
[13:46:04.076] [EXEC] [EXEC] PLACE SELL price=81033.00 qty=0.086360
[13:46:04.335] [EXEC] [EXEC] SELL ORDER SENT orderId=382076371
[13:46:05.714] [EXEC] [EXEC] REALIZED pnl=-1.465529
[13:46:05.990] [EXEC] [EXEC] BUY ORDER SENT orderId=382076556 price=81038.20 qty=0.086370
[13:46:05.990] [EXEC] [EXEC] PLACE BUY price=81038.20 qty=0.086370
[13:46:07.350] [EXEC] [EXEC] PLACE SELL price=81044.14 qty=0.086370
[13:46:07.627] [EXEC] [EXEC] SELL ORDER SENT orderId=382076772
[13:46:12.251] [EXEC] [EXEC] SELL TIMEOUT orderId=382076772
[13:46:12.254] [EXEC] [EXEC] CANCEL SELL orderId=382076772
[13:46:12.794] [EXEC] [EXEC] SELL FINAL STATUS status=CANCELED orderId=382076772
[13:46:12.796] [EXEC] [EXEC] PANIC EXIT final_recover_place_sell
[13:46:12.797] [EXEC] [EXEC] PANIC EXIT panic_final_recover
[13:46:12.798] [EXEC] [EXEC] FORCE EXIT price=81032.99
[13:46:12.799] [EXEC] [EXEC] PLACE SELL price=81032.99 qty=0.086370
[13:46:13.064] [EXEC] [EXEC] SELL ORDER SENT orderId=382077258
[13:46:15.042] [EXEC] [EXEC] REALIZED pnl=-0.449988
[13:46:16.315] [EXEC] [EXEC] BUY ORDER SENT orderId=382077612 price=81034.09 qty=0.086380
[13:46:16.320] [EXEC] [EXEC] PLACE BUY price=81034.09 qty=0.086380
[13:46:16.902] [EXEC] [EXEC] PLACE SELL price=81035.28 qty=0.086380
[13:46:17.163] [EXEC] [EXEC] SELL ORDER SENT orderId=382077720
[13:46:18.184] [EXEC] [EXEC] REALIZED pnl=+0.121093
[13:46:18.836] [EXEC] [EXEC] BUY ORDER SENT orderId=382077863 price=81031.24 qty=0.086380
[13:46:18.839] [EXEC] [EXEC] PLACE BUY price=81031.24 qty=0.086380
[13:46:19.652] [EXEC] [EXEC] BUY FILLED id=382077863
[13:46:20.964] [EXEC] [EXEC] PLACE SELL price=81037.31 qty=0.086380
[13:46:21.246] [EXEC] [EXEC] SELL ORDER SENT orderId=382078043
[13:46:23.053] [EXEC] [EXEC] CANCEL SELL orderId=382078043
[13:46:23.321] [EXEC] [EXEC] HARD SL triggered
[13:46:23.324] [EXEC] [EXEC] PANIC EXIT sl_mode
[13:46:23.326] [EXEC] [EXEC] FORCE EXIT price=81019.66
[13:46:23.328] [EXEC] [EXEC] PLACE SELL price=81019.66 qty=0.086380
[13:46:23.598] [EXEC] [EXEC] SELL ORDER SENT orderId=382078260
[13:46:27.193] [EXEC] [EXEC] SELL TIMEOUT orderId=382078260
[13:46:27.193] [EXEC] [EXEC] CANCEL SELL orderId=382078260
[13:46:27.739] [EXEC] [EXEC] SELL FINAL STATUS status=CANCELED orderId=382078260
[13:46:27.740] [EXEC] [EXEC] PANIC EXIT final_recover_place_sell
[13:46:27.740] [EXEC] [EXEC] PANIC EXIT panic_final_recover
[13:46:27.740] [EXEC] [EXEC] FORCE EXIT price=81012.38
[13:46:27.740] [EXEC] [EXEC] PLACE SELL price=81012.38 qty=0.086380
[13:46:28.007] [EXEC] [EXEC] SELL ORDER SENT orderId=382078638
[13:46:29.029] [EXEC] [EXEC] REALIZED pnl=-1.629127
[13:46:29.820] [EXEC] [EXEC] BUY ORDER SENT orderId=382078973 price=81017.91 qty=0.086400
[13:46:29.824] [EXEC] [EXEC] PLACE BUY price=81017.91 qty=0.086400
[13:46:30.413] [EXEC] [EXEC] PLACE SELL price=81030.78 qty=0.086400
[13:46:30.678] [EXEC] [EXEC] SELL ORDER SENT orderId=382079107
[13:46:33.819] [EXEC] [EXEC] SELL TIMEOUT orderId=382079107
[13:46:33.819] [EXEC] [EXEC] CANCEL SELL orderId=382079107
[13:46:34.358] [EXEC] [EXEC] SELL FINAL STATUS status=CANCELED orderId=382079107
[13:46:34.361] [EXEC] [EXEC] PANIC EXIT final_recover_place_sell
[13:46:34.362] [EXEC] [EXEC] PANIC EXIT panic_final_recover
[13:46:34.363] [EXEC] [EXEC] FORCE EXIT price=81025.78
[13:46:34.364] [EXEC] [EXEC] PLACE SELL price=81025.78 qty=0.086400
[13:46:34.639] [EXEC] [EXEC] SELL ORDER SENT orderId=382079575
[13:46:36.903] [EXEC] [EXEC] SELL FILLED id=382079575
[13:46:36.906] [EXEC] [EXEC] SELL FILLED qty=0.086400 remaining=0.000000
[13:46:36.907] [EXEC] [EXEC] REALIZED pnl=+0.679968
[13:46:37.632] [EXEC] [EXEC] BUY ORDER SENT orderId=382080038 price=81004.61 qty=0.086410
[13:46:37.632] [EXEC] [EXEC] PLACE BUY price=81004.61 qty=0.086410
[13:46:38.930] [EXEC] [EXEC] PLACE SELL price=81004.65 qty=0.086410
[13:46:39.201] [EXEC] [EXEC] SELL ORDER SENT orderId=382080164
[13:46:40.194] [EXEC] [EXEC] REALIZED pnl=+0.003456
[13:46:41.414] [EXEC] [EXEC] BUY ORDER SENT orderId=382080307 price=81004.01 qty=0.086410
[13:46:41.418] [EXEC] [EXEC] PLACE BUY price=81004.01 qty=0.086410
[13:46:46.474] [EXEC] [EXEC] BUY TIMEOUT orderId=382080307
[13:46:46.474] [EXEC] [EXEC] CANCEL BUY orderId=382080307
[13:46:46.757] [EXEC] [EXEC] BUY CANCELED confirmed
[13:46:47.029] [EXEC] [EXEC] BUY FINAL STATUS status=CANCELED orderId=382080307
[13:46:47.033] [EXEC] [EXEC] BLOCK reason=buy_not_filled
[13:46:48.974] [EXEC] [EXEC] BUY ORDER SENT orderId=382081045 price=81005.89 qty=0.086410
[13:46:48.976] [EXEC] [EXEC] PLACE BUY price=81005.89 qty=0.086410
[13:46:49.881] [EXEC] [EXEC] BUY FILLED id=382081045
[13:46:51.702] [EXEC] [EXEC] PLACE SELL price=81019.81 qty=0.086410
[13:46:51.967] [EXEC] [EXEC] SELL ORDER SENT orderId=382081299
[13:46:52.511] [EXEC] [EXEC] REALIZED pnl=+1.202827
[13:46:53.634] [EXEC] [EXEC] BUY ORDER SENT orderId=382081473 price=81015.94 qty=0.086400
[13:46:53.639] [EXEC] [EXEC] PLACE BUY price=81015.94 qty=0.086400
[13:46:55.260] [EXEC] [EXEC] PLACE SELL price=81021.61 qty=0.086400
[13:46:55.523] [EXEC] [EXEC] SELL ORDER SENT orderId=382081612
[13:46:55.838] [EXEC] [EXEC] SELL FILLED id=382081612
[13:46:55.843] [EXEC] [EXEC] SELL FILLED qty=0.086400 remaining=0.000000
[13:46:55.846] [EXEC] [EXEC] REALIZED pnl=+0.489888
[13:46:58.320] [EXEC] [EXEC] BUY ORDER SENT orderId=382081830 price=81012.01 qty=0.086400
[13:46:58.325] [EXEC] [EXEC] PLACE BUY price=81012.01 qty=0.086400
[13:46:58.702] [EXEC] [EXEC] BUY FILLED id=382081830
[13:46:58.722] [EXEC] [EXEC] PLACE SELL price=81013.25 qty=0.086400
[13:46:59.003] [EXEC] [EXEC] SELL ORDER SENT orderId=382081907
[13:47:00.758] [EXEC] [EXEC] CANCEL SELL orderId=382081907
[13:47:01.036] [EXEC] [EXEC] HARD SL triggered
[13:47:01.038] [EXEC] [EXEC] PANIC EXIT sl_mode
[13:47:01.043] [EXEC] [EXEC] FORCE EXIT price=81031.68
[13:47:01.046] [EXEC] [EXEC] PLACE SELL price=81031.68 qty=0.086400
[13:47:01.312] [EXEC] [EXEC] PANIC SELL FAILED reason=Binance request failed status=400 code=-2010 msg=Account has insufficient balance for requested action. body={"code":-2010,"msg":"Account has insufficient balance for requested action."}
[13:47:01.851] [EXEC] [EXEC] REALIZED pnl=+0.107136
[13:47:02.163] [EXEC] [EXEC] BUY ORDER SENT orderId=382082363 price=81028.76 qty=0.086380
[13:47:02.163] [EXEC] [EXEC] PLACE BUY price=81028.76 qty=0.086380
[13:47:04.554] [EXEC] [EXEC] BUY FILLED id=382082363
[13:47:05.383] [EXEC] [EXEC] PLACE SELL price=81028.80 qty=0.086380
[13:47:05.647] [EXEC] [EXEC] SELL ORDER SENT orderId=382082607
[13:47:07.273] [EXEC] [EXEC] CANCEL SELL orderId=382082607
[13:47:07.538] [EXEC] [EXEC] HARD SL triggered
[13:47:07.538] [EXEC] [EXEC] PANIC EXIT sl_mode
[13:47:07.538] [EXEC] [EXEC] FORCE EXIT price=81027.78
[13:47:07.538] [EXEC] [EXEC] PLACE SELL price=81027.78 qty=0.086380
[13:47:07.820] [EXEC] [EXEC] SELL ORDER SENT orderId=382082815
[13:47:09.806] [EXEC] [EXEC] REALIZED pnl=-0.084652
[13:47:10.383] [EXEC] [EXEC] BUY ORDER SENT orderId=382083192 price=81021.71 qty=0.086390
[13:47:10.387] [EXEC] [EXEC] PLACE BUY price=81021.71 qty=0.086390
[13:47:11.678] [EXEC] [EXEC] PLACE SELL price=81032.00 qty=0.086390
[13:47:11.941] [EXEC] [EXEC] SELL ORDER SENT orderId=382083394
[13:47:15.076] [EXEC] [EXEC] SELL FILLED id=382083394
[13:47:15.093] [EXEC] [EXEC] SELL FILLED qty=0.086390 remaining=0.000000
[13:47:15.097] [EXEC] [EXEC] REALIZED pnl=+0.888953
[13:47:16.993] [EXEC] [EXEC] BUY ORDER SENT orderId=382083760 price=81032.58 qty=0.086380
[13:47:16.998] [EXEC] [EXEC] PLACE BUY price=81032.58 qty=0.086380
[13:47:18.303] [EXEC] [EXEC] PLACE SELL price=81033.61 qty=0.086380
[13:47:18.568] [EXEC] [EXEC] SELL ORDER SENT orderId=382083846
[13:47:21.152] [EXEC] [EXEC] REALIZED pnl=+0.088971
[13:47:23.615] [EXEC] [EXEC] BUY ORDER SENT orderId=382084260 price=81010.15 qty=0.086400
[13:47:23.615] [EXEC] [EXEC] PLACE BUY price=81010.15 qty=0.086400
[13:47:29.498] [EXEC] [EXEC] BUY TIMEOUT orderId=382084260
[13:47:29.502] [EXEC] [EXEC] CANCEL BUY orderId=382084260
[13:47:29.756] [EXEC] [EXEC] BUY CANCELED confirmed
[13:47:30.032] [EXEC] [EXEC] BUY FINAL STATUS status=CANCELED orderId=382084260
[13:47:30.036] [EXEC] [EXEC] BLOCK reason=buy_not_filled
[13:47:32.475] [EXEC] [EXEC] BUY ORDER SENT orderId=382085210 price=81014.53 qty=0.086400
[13:47:32.480] [EXEC] [EXEC] PLACE BUY price=81014.53 qty=0.086400
[13:47:36.334] [EXEC] [EXEC] BUY FILLED id=382085210
[13:47:36.919] [EXEC] [EXEC] PLACE SELL price=81024.00 qty=0.086400
[13:47:37.178] [EXEC] [EXEC] SELL ORDER SENT orderId=382085651
[13:47:38.227] [EXEC] [EXEC] REALIZED pnl=+1.246642
[13:47:39.710] [EXEC] [EXEC] BUY ORDER SENT orderId=382086159 price=81045.07 qty=0.086370
[13:47:39.715] [EXEC] [EXEC] PLACE BUY price=81045.07 qty=0.086370
[13:47:41.038] [EXEC] [EXEC] PLACE SELL price=81045.11 qty=0.086370
[13:47:41.305] [EXEC] [EXEC] SELL ORDER SENT orderId=382086367
[13:47:43.075] [EXEC] [EXEC] CANCEL SELL orderId=382086367
[13:47:43.344] [EXEC] [EXEC] HARD SL triggered
[13:47:43.347] [EXEC] [EXEC] PANIC EXIT sl_mode
[13:47:43.349] [EXEC] [EXEC] FORCE EXIT price=81033.69
[13:47:43.350] [EXEC] [EXEC] PLACE SELL price=81033.69 qty=0.086370
[13:47:43.615] [EXEC] [EXEC] SELL ORDER SENT orderId=382086397
[13:47:44.152] [EXEC] [EXEC] REALIZED pnl=-0.983754
[13:47:44.473] [EXEC] [EXEC] BUY ORDER SENT orderId=382086459 price=81036.39 qty=0.086380
[13:47:44.476] [EXEC] [EXEC] PLACE BUY price=81036.39 qty=0.086380
[13:47:45.077] [EXEC] [EXEC] BUY FILLED id=382086459
[13:47:46.553] [EXEC] [EXEC] PLACE SELL price=81037.14 qty=0.086380
[13:47:46.835] [EXEC] [EXEC] SELL ORDER SENT orderId=382086642
[13:47:47.352] [EXEC] [EXEC] CANCEL SELL orderId=382086642
[13:47:47.600] [EXEC] [EXEC] HARD SL triggered
[13:47:47.616] [EXEC] [EXEC] PANIC EXIT sl_mode
[13:47:47.617] [EXEC] [EXEC] FORCE EXIT price=81035.57
[13:47:47.618] [EXEC] [EXEC] PLACE SELL price=81035.57 qty=0.086380
[13:47:47.901] [EXEC] [EXEC] SELL ORDER SENT orderId=382086693
[13:47:48.933] [EXEC] [EXEC] REALIZED pnl=-0.070832
[13:47:52.941] [EXEC] [EXEC] BUY ORDER SENT orderId=382087138 price=81036.31 qty=0.086380
[13:47:52.945] [EXEC] [EXEC] PLACE BUY price=81036.31 qty=0.086380
[13:47:54.380] [EXEC] [EXEC] PLACE SELL price=81037.85 qty=0.086380
[13:47:54.650] [EXEC] [EXEC] SELL ORDER SENT orderId=382087285
[13:47:58.392] [EXEC] [EXEC] SELL TIMEOUT orderId=382087285
[13:47:58.395] [EXEC] [EXEC] CANCEL SELL orderId=382087285
[13:47:58.926] [EXEC] [EXEC] SELL FINAL STATUS status=CANCELED orderId=382087285
[13:47:58.930] [EXEC] [EXEC] PANIC EXIT final_recover_place_sell
[13:47:58.931] [EXEC] [EXEC] PANIC EXIT panic_final_recover
[13:47:58.932] [EXEC] [EXEC] FORCE EXIT price=81034.70
[13:47:58.933] [EXEC] [EXEC] PLACE SELL price=81034.70 qty=0.086380
[13:47:59.194] [EXEC] [EXEC] SELL ORDER SENT orderId=382087569
[13:48:01.078] [EXEC] [EXEC] SELL TIMEOUT orderId=382087569
[13:48:01.078] [EXEC] [EXEC] CANCEL SELL orderId=382087569
[13:48:01.617] [EXEC] [EXEC] SELL FINAL STATUS status=CANCELED orderId=382087569
[13:48:01.617] [EXEC] [EXEC] PANIC EXIT final_recover_place_sell
[13:48:01.617] [EXEC] [EXEC] PANIC EXIT panic_final_recover
[13:48:01.617] [EXEC] [EXEC] FORCE EXIT price=81020.23
[13:48:01.617] [EXEC] [EXEC] PLACE SELL price=81020.23 qty=0.086380
[13:48:01.904] [EXEC] [EXEC] SELL ORDER SENT orderId=382087780
[13:48:04.335] [EXEC] [EXEC] SELL TIMEOUT orderId=382087780
[13:48:04.335] [EXEC] [EXEC] CANCEL SELL orderId=382087780
[13:48:04.872] [EXEC] [EXEC] SELL FINAL STATUS status=CANCELED orderId=382087780
[13:48:04.876] [EXEC] [EXEC] PANIC EXIT final_recover_place_sell
[13:48:04.877] [EXEC] [EXEC] PANIC EXIT panic_final_recover
[13:48:04.878] [EXEC] [EXEC] FORCE EXIT price=81006.37
[13:48:04.879] [EXEC] [EXEC] PLACE SELL price=81006.37 qty=0.086380
[13:48:05.176] [EXEC] [EXEC] SELL ORDER SENT orderId=382088029
[13:48:06.875] [EXEC] [EXEC] SELL TIMEOUT orderId=382088029
[13:48:06.878] [EXEC] [EXEC] CANCEL SELL orderId=382088029
[13:48:07.397] [EXEC] [EXEC] SELL FINAL STATUS status=CANCELED orderId=382088029
[13:48:07.413] [EXEC] [EXEC] PANIC EXIT final_recover_place_sell
[13:48:07.414] [EXEC] [EXEC] PANIC EXIT panic_final_recover
[13:48:07.415] [EXEC] [EXEC] FORCE EXIT price=80983.38
[13:48:07.416] [EXEC] [EXEC] PLACE SELL price=80983.38 qty=0.086380
[13:48:07.681] [EXEC] [EXEC] SELL ORDER SENT orderId=382088313
[13:48:09.523] [EXEC] [EXEC] SELL TIMEOUT orderId=382088313
[13:48:09.526] [EXEC] [EXEC] CANCEL SELL orderId=382088313
[13:48:10.056] [EXEC] [EXEC] SELL FINAL STATUS status=CANCELED orderId=382088313
[13:48:10.060] [EXEC] [EXEC] PANIC EXIT final_recover_place_sell
[13:48:10.063] [EXEC] [EXEC] PANIC EXIT panic_final_recover
[13:48:10.066] [EXEC] [EXEC] FORCE EXIT price=80976.99
[13:48:10.068] [EXEC] [EXEC] PLACE SELL price=80976.99 qty=0.086380
[13:48:10.335] [EXEC] [EXEC] SELL ORDER SENT orderId=382088629
[13:48:13.596] [EXEC] [EXEC] SELL TIMEOUT orderId=382088629
[13:48:13.599] [EXEC] [EXEC] CANCEL SELL orderId=382088629
[13:48:14.131] [EXEC] [EXEC] SELL FINAL STATUS status=CANCELED orderId=382088629
[13:48:14.131] [EXEC] [EXEC] PANIC EXIT final_recover_place_sell
[13:48:14.131] [EXEC] [EXEC] PANIC EXIT panic_final_recover
[13:48:14.131] [EXEC] [EXEC] FORCE EXIT price=80961.42
[13:48:14.131] [EXEC] [EXEC] PLACE SELL price=80961.42 qty=0.086380
[13:48:14.398] [EXEC] [EXEC] SELL ORDER SENT orderId=382088947
[13:48:16.335] [EXEC] [EXEC] SELL TIMEOUT orderId=382088947
[13:48:16.335] [EXEC] [EXEC] CANCEL SELL orderId=382088947
[13:48:16.890] [EXEC] [EXEC] SELL FINAL STATUS status=CANCELED orderId=382088947
[13:48:16.890] [EXEC] [EXEC] PANIC EXIT final_recover_place_sell
[13:48:16.890] [EXEC] [EXEC] PANIC EXIT panic_final_recover
[13:48:16.890] [EXEC] [EXEC] FORCE EXIT price=80945.00
[13:48:16.890] [EXEC] [EXEC] PLACE SELL price=80945.00 qty=0.086380
[13:48:17.167] [EXEC] [EXEC] SELL ORDER SENT orderId=382089251
[13:48:18.206] [EXEC] [EXEC] REALIZED pnl=-7.874822
[13:48:18.522] [EXEC] [EXEC] BUY ORDER SENT orderId=382089474 price=80940.01 qty=0.086480
[13:48:18.522] [EXEC] [EXEC] PLACE BUY price=80940.01 qty=0.086480
[13:48:23.663] [EXEC] [EXEC] PLACE SELL price=80941.36 qty=0.086480
[13:48:23.940] [EXEC] [EXEC] SELL ORDER SENT orderId=382089921
[13:48:26.675] [EXEC] [EXEC] SELL FILLED id=382089921
[13:48:26.679] [EXEC] [EXEC] SELL FILLED qty=0.086480 remaining=0.000000
[13:48:26.683] [EXEC] [EXEC] REALIZED pnl=+0.116748
[13:48:27.052] [EXEC] [EXEC] BUY ORDER SENT orderId=382090261 price=80929.38 qty=0.086490
[13:48:27.056] [EXEC] [EXEC] PLACE BUY price=80929.38 qty=0.086490
[13:48:32.209] [EXEC] [EXEC] BUY TIMEOUT orderId=382090261
[13:48:32.209] [EXEC] [EXEC] CANCEL BUY orderId=382090261
[13:48:32.494] [EXEC] [EXEC] BUY CANCELED confirmed
[13:48:32.759] [EXEC] [EXEC] BUY FINAL STATUS status=CANCELED orderId=382090261
[13:48:32.761] [EXEC] [EXEC] BLOCK reason=buy_not_filled
[13:48:33.663] [EXEC] [EXEC] BUY ORDER SENT orderId=382090968 price=80957.59 qty=0.086460
[13:48:33.667] [EXEC] [EXEC] PLACE BUY price=80957.59 qty=0.086460
[13:49:25.295] [EXEC] [EXEC] LIVE ON
[13:49:25.297] [EXEC] [EXEC] WAIT READY
[13:49:27.086] [EXEC] [EXEC] BUY ORDER SENT orderId=382095730 price=80980.14 qty=0.185230
[13:49:27.102] [EXEC] [EXEC] PLACE BUY price=80980.14 qty=0.185230
[13:49:32.803] [EXEC] [EXEC] BUY TIMEOUT orderId=382095730
[13:49:32.803] [EXEC] [EXEC] CANCEL BUY orderId=382095730
[13:49:33.085] [EXEC] [EXEC] BUY CANCELED confirmed
[13:49:33.357] [EXEC] [EXEC] BUY FINAL STATUS status=CANCELED orderId=382095730
[13:49:33.360] [EXEC] [EXEC] BLOCK reason=buy_not_filled
[13:49:35.073] [EXEC] [EXEC] BUY ORDER SENT orderId=382096397 price=80988.00 qty=0.185210
[13:49:35.073] [EXEC] [EXEC] PLACE BUY price=80988.00 qty=0.185210
[13:49:35.878] [EXEC] [EXEC] PLACE SELL price=80988.04 qty=0.185210
[13:49:36.149] [EXEC] [EXEC] SELL ORDER SENT orderId=382096487
[13:49:36.664] [EXEC] [EXEC] CANCEL SELL orderId=382096487
[13:49:36.935] [EXEC] [EXEC] HARD SL triggered
[13:49:36.939] [EXEC] [EXEC] PANIC EXIT sl_mode
[13:49:36.941] [EXEC] [EXEC] FORCE EXIT price=80992.13
[13:49:36.942] [EXEC] [EXEC] PLACE SELL price=80992.13 qty=0.185210
[13:49:37.204] [EXEC] [EXEC] PANIC SELL FAILED reason=Binance request failed status=400 code=-2010 msg=Account has insufficient balance for requested action. body={"code":-2010,"msg":"Account has insufficient balance for requested action."}
[13:49:38.225] [EXEC] [EXEC] REALIZED pnl=+0.007408
[13:49:38.520] [EXEC] [EXEC] BUY ORDER SENT orderId=382096726 price=80991.64 qty=0.185200
[13:49:38.525] [EXEC] [EXEC] PLACE BUY price=80991.64 qty=0.185200
[13:49:39.939] [EXEC] [EXEC] PLACE SELL price=80991.68 qty=0.185200
[13:49:40.203] [EXEC] [EXEC] SELL ORDER SENT orderId=382096951
[13:49:40.787] [EXEC] [EXEC] CANCEL SELL orderId=382096951
[13:49:41.058] [EXEC] [EXEC] HARD SL triggered
[13:49:41.061] [EXEC] [EXEC] PANIC EXIT sl_mode
[13:49:41.063] [EXEC] [EXEC] FORCE EXIT price=80990.62
[13:49:41.065] [EXEC] [EXEC] PLACE SELL price=80990.62 qty=0.185200
[13:49:41.319] [EXEC] [EXEC] PANIC SELL FAILED reason=Binance request failed status=400 code=-2010 msg=Account has insufficient balance for requested action. body={"code":-2010,"msg":"Account has insufficient balance for requested action."}
[13:49:42.412] [EXEC] [EXEC] REALIZED pnl=+0.007408
[13:49:43.834] [EXEC] [EXEC] BUY ORDER SENT orderId=382097319 price=80995.45 qty=0.185190
[13:49:43.842] [EXEC] [EXEC] PLACE BUY price=80995.45 qty=0.185190
[13:49:48.631] [EXEC] [EXEC] BUY TIMEOUT orderId=382097319
[13:49:48.632] [EXEC] [EXEC] CANCEL BUY orderId=382097319
[13:49:48.892] [EXEC] [EXEC] BUY CANCELED confirmed
[13:49:49.165] [EXEC] [EXEC] BUY FINAL STATUS status=CANCELED orderId=382097319
[13:49:49.168] [EXEC] [EXEC] BLOCK reason=buy_not_filled
[13:49:52.256] [EXEC] [EXEC] BUY ORDER SENT orderId=382097855 price=81007.74 qty=0.185160
[13:49:52.256] [EXEC] [EXEC] PLACE BUY price=81007.74 qty=0.185160
[13:49:53.132] [EXEC] [EXEC] PLACE SELL price=81013.35 qty=0.185160
[13:49:53.398] [EXEC] [EXEC] SELL ORDER SENT orderId=382097943
[13:49:53.460] [EXEC] [EXEC] CANCEL SELL orderId=382097943
[13:49:53.725] [EXEC] [EXEC] HARD SL triggered
[13:49:53.725] [EXEC] [EXEC] PANIC EXIT sl_mode
[13:49:53.725] [EXEC] [EXEC] FORCE EXIT price=81012.34
[13:49:53.725] [EXEC] [EXEC] PLACE SELL price=81012.34 qty=0.185160
[13:49:54.007] [EXEC] [EXEC] SELL ORDER SENT orderId=382097997
[13:49:57.273] [EXEC] [EXEC] SELL TIMEOUT orderId=382097997
[13:49:57.273] [EXEC] [EXEC] CANCEL SELL orderId=382097997
[13:49:57.811] [EXEC] [EXEC] SELL FINAL STATUS status=CANCELED orderId=382097997
[13:49:57.815] [EXEC] [EXEC] PANIC EXIT final_recover_place_sell
[13:49:57.815] [EXEC] [EXEC] PANIC EXIT panic_final_recover
[13:49:57.816] [EXEC] [EXEC] FORCE EXIT price=81007.52
[13:49:57.817] [EXEC] [EXEC] PLACE SELL price=81007.52 qty=0.185160
[13:49:58.104] [EXEC] [EXEC] SELL ORDER SENT orderId=382098182
[13:49:59.124] [EXEC] [EXEC] REALIZED pnl=-0.040735
[13:49:59.739] [EXEC] [EXEC] BUY ORDER SENT orderId=382098466 price=81007.55 qty=0.185160
[13:49:59.744] [EXEC] [EXEC] PLACE BUY price=81007.55 qty=0.185160
[13:50:02.205] [EXEC] [EXEC] PLACE SELL price=81008.59 qty=0.185160
[13:50:02.476] [EXEC] [EXEC] SELL ORDER SENT orderId=382098876
[13:50:04.319] [EXEC] [EXEC] SELL FILLED id=382098876
[13:50:04.319] [EXEC] [EXEC] SELL FILLED qty=0.185160 remaining=0.000000
[13:50:04.319] [EXEC] [EXEC] REALIZED pnl=+0.192566
[13:50:05.033] [EXEC] [EXEC] BUY ORDER SENT orderId=382099189 price=81002.77 qty=0.185170
[13:50:05.039] [EXEC] [EXEC] PLACE BUY price=81002.77 qty=0.185170
[13:50:09.788] [EXEC] [EXEC] BUY TIMEOUT orderId=382099189
[13:50:09.805] [EXEC] [EXEC] CANCEL BUY orderId=382099189
[13:50:10.069] [EXEC] [EXEC] BUY CANCELED confirmed
[13:50:10.336] [EXEC] [EXEC] BUY FINAL STATUS status=CANCELED orderId=382099189
[13:50:10.340] [EXEC] [EXEC] BLOCK reason=buy_not_filled
[13:50:12.351] [EXEC] [EXEC] BUY ORDER SENT orderId=382099913 price=81039.01 qty=0.185090
[13:50:12.351] [EXEC] [EXEC] PLACE BUY price=81039.01 qty=0.185090
[13:50:13.352] [EXEC] [EXEC] PLACE SELL price=81039.99 qty=0.185090
[13:50:13.617] [EXEC] [EXEC] SELL ORDER SENT orderId=382100006
[13:50:14.647] [EXEC] [EXEC] REALIZED pnl=+0.181388
[13:50:15.866] [EXEC] [EXEC] BUY ORDER SENT orderId=382100069 price=81036.56 qty=0.185100
[13:50:15.871] [EXEC] [EXEC] PLACE BUY price=81036.56 qty=0.185100
[13:50:16.754] [EXEC] [EXEC] BUY FILLED id=382100069
[13:50:18.380] [EXEC] [EXEC] PLACE SELL price=81036.60 qty=0.185100
[13:50:18.647] [EXEC] [EXEC] SELL ORDER SENT orderId=382100287
[13:50:20.258] [EXEC] [EXEC] CANCEL SELL orderId=382100287
[13:50:20.529] [EXEC] [EXEC] HARD SL triggered
[13:50:20.531] [EXEC] [EXEC] PANIC EXIT sl_mode
[13:50:20.534] [EXEC] [EXEC] FORCE EXIT price=81033.00
[13:50:20.536] [EXEC] [EXEC] PLACE SELL price=81033.00 qty=0.185100
[13:50:20.787] [EXEC] [EXEC] SELL ORDER SENT orderId=382100421
[13:50:24.288] [EXEC] [EXEC] SELL TIMEOUT orderId=382100421
[13:50:24.304] [EXEC] [EXEC] CANCEL SELL orderId=382100421
[13:50:24.831] [EXEC] [EXEC] SELL FINAL STATUS status=CANCELED orderId=382100421
[13:50:24.835] [EXEC] [EXEC] PANIC EXIT final_recover_place_sell
[13:50:24.835] [EXEC] [EXEC] PANIC EXIT panic_final_recover
[13:50:24.843] [EXEC] [EXEC] FORCE EXIT price=81023.08
[13:50:24.844] [EXEC] [EXEC] PLACE SELL price=81023.08 qty=0.185100
[13:50:25.100] [EXEC] [EXEC] SELL ORDER SENT orderId=382100770
[13:50:26.693] [EXEC] [EXEC] REALIZED pnl=-2.495148
[13:50:27.479] [EXEC] [EXEC] BUY ORDER SENT orderId=382100998 price=81012.01 qty=0.185150
[13:50:27.483] [EXEC] [EXEC] PLACE BUY price=81012.01 qty=0.185150
[13:50:29.413] [EXEC] [EXEC] PLACE SELL price=81012.05 qty=0.185150
[13:50:29.679] [EXEC] [EXEC] SELL ORDER SENT orderId=382101238
[13:50:32.549] [EXEC] [EXEC] SELL TIMEOUT orderId=382101238
[13:50:32.553] [EXEC] [EXEC] CANCEL SELL orderId=382101238
[13:50:33.085] [EXEC] [EXEC] SELL FINAL STATUS status=CANCELED orderId=382101238
[13:50:33.085] [EXEC] [EXEC] PANIC EXIT final_recover_place_sell
[13:50:33.085] [EXEC] [EXEC] PANIC EXIT panic_final_recover
[13:50:33.085] [EXEC] [EXEC] FORCE EXIT price=81001.08
[13:50:33.085] [EXEC] [EXEC] PLACE SELL price=81001.08 qty=0.185150
[13:50:33.350] [EXEC] [EXEC] SELL ORDER SENT orderId=382101523
[13:50:35.507] [EXEC] [EXEC] SELL TIMEOUT orderId=382101523
[13:50:35.507] [EXEC] [EXEC] CANCEL SELL orderId=382101523
[13:50:36.102] [EXEC] [EXEC] SELL FINAL STATUS status=CANCELED orderId=382101523
[13:50:36.106] [EXEC] [EXEC] PANIC EXIT final_recover_place_sell
[13:50:36.107] [EXEC] [EXEC] PANIC EXIT panic_final_recover
[13:50:36.110] [EXEC] [EXEC] FORCE EXIT price=80992.58
[13:50:36.112] [EXEC] [EXEC] PLACE SELL price=80992.58 qty=0.185150
[13:50:36.365] [EXEC] [EXEC] SELL ORDER SENT orderId=382101784
[13:50:36.912] [EXEC] [EXEC] REALIZED pnl=-3.597465
[13:50:38.038] [EXEC] [EXEC] BUY ORDER SENT orderId=382101900 price=80999.67 qty=0.185180
[13:50:38.045] [EXEC] [EXEC] PLACE BUY price=80999.67 qty=0.185180
[13:50:39.559] [EXEC] [EXEC] BUY FILLED id=382101900
[13:50:40.131] [EXEC] [EXEC] PLACE SELL price=80999.71 qty=0.185180
[13:50:40.397] [EXEC] [EXEC] SELL ORDER SENT orderId=382102081
[13:50:42.180] [EXEC] [EXEC] CANCEL SELL orderId=382102081
[13:50:42.455] [EXEC] [EXEC] HARD SL triggered
[13:50:42.459] [EXEC] [EXEC] PANIC EXIT sl_mode
[13:50:42.460] [EXEC] [EXEC] FORCE EXIT price=80993.00
[13:50:42.462] [EXEC] [EXEC] PLACE SELL price=80993.00 qty=0.185180
[13:50:42.725] [EXEC] [EXEC] SELL ORDER SENT orderId=382102192
[13:50:43.848] [EXEC] [EXEC] SELL FILLED id=382102192
[13:50:43.855] [EXEC] [EXEC] SELL FILLED qty=0.185180 remaining=0.000000
[13:50:43.856] [EXEC] [EXEC] REALIZED pnl=-1.235151
[13:50:46.052] [EXEC] [EXEC] BUY ORDER SENT orderId=382102336 price=80989.73 qty=0.185200
[13:50:46.056] [EXEC] [EXEC] PLACE BUY price=80989.73 qty=0.185200
[13:50:47.616] [EXEC] [EXEC] PLACE SELL price=80989.77 qty=0.185200
[13:50:47.881] [EXEC] [EXEC] SELL ORDER SENT orderId=382102605
[13:50:52.301] [EXEC] [EXEC] SELL TIMEOUT orderId=382102605
[13:50:52.306] [EXEC] [EXEC] CANCEL SELL orderId=382102605
[13:50:52.833] [EXEC] [EXEC] SELL FINAL STATUS status=FILLED orderId=382102605
[13:50:52.837] [EXEC] [EXEC] SELL FILLED id=382102605
[13:50:52.838] [EXEC] [EXEC] SELL FILLED qty=0.185200 remaining=0.000000
[13:50:52.839] [EXEC] [EXEC] REALIZED pnl=+0.005556
[13:50:53.928] [EXEC] [EXEC] BUY ORDER SENT orderId=382103109 price=80982.72 qty=0.185220
[13:50:53.929] [EXEC] [EXEC] PLACE BUY price=80982.72 qty=0.185220
[13:50:55.428] [EXEC] [EXEC] PLACE SELL price=80982.76 qty=0.185220
[13:50:55.694] [EXEC] [EXEC] SELL ORDER SENT orderId=382103275
[13:50:56.856] [EXEC] [EXEC] REALIZED pnl=+0.007409
[13:50:58.959] [EXEC] [EXEC] BUY ORDER SENT orderId=382103434 price=80972.01 qty=0.185240
[13:50:58.962] [EXEC] [EXEC] PLACE BUY price=80972.01 qty=0.185240
[13:51:00.897] [EXEC] [EXEC] PLACE SELL price=80972.05 qty=0.185240
[13:51:01.162] [EXEC] [EXEC] SELL ORDER SENT orderId=382103661
[13:51:04.600] [EXEC] [EXEC] SELL TIMEOUT orderId=382103661
[13:51:04.615] [EXEC] [EXEC] CANCEL SELL orderId=382103661
[13:51:05.131] [EXEC] [EXEC] SELL FINAL STATUS status=CANCELED orderId=382103661
[13:51:05.147] [EXEC] [EXEC] PANIC EXIT final_recover_place_sell
[13:51:05.147] [EXEC] [EXEC] PANIC EXIT panic_final_recover
[13:51:05.147] [EXEC] [EXEC] FORCE EXIT price=80944.24
[13:51:05.147] [EXEC] [EXEC] PLACE SELL price=80944.24 qty=0.185240
[13:51:05.423] [EXEC] [EXEC] SELL ORDER SENT orderId=382104303
[13:51:05.956] [EXEC] [EXEC] REALIZED pnl=-5.098760
[13:51:08.350] [EXEC] [EXEC] BUY ORDER SENT orderId=382104622 price=80963.13 qty=0.185260
[13:51:08.350] [EXEC] [EXEC] PLACE BUY price=80963.13 qty=0.185260
[13:51:09.483] [EXEC] [EXEC] PLACE SELL price=80966.65 qty=0.185260
[13:51:09.751] [EXEC] [EXEC] SELL ORDER SENT orderId=382104689
[13:51:12.834] [EXEC] [EXEC] SELL TIMEOUT orderId=382104689
[13:51:12.838] [EXEC] [EXEC] CANCEL SELL orderId=382104689
[13:51:13.365] [EXEC] [EXEC] SELL FINAL STATUS status=CANCELED orderId=382104689
[13:51:13.368] [EXEC] [EXEC] PANIC EXIT final_recover_place_sell
[13:51:13.369] [EXEC] [EXEC] PANIC EXIT panic_final_recover
[13:51:13.371] [EXEC] [EXEC] FORCE EXIT price=80958.83
[13:51:13.374] [EXEC] [EXEC] PLACE SELL price=80958.83 qty=0.185260
[13:51:13.636] [EXEC] [EXEC] SELL ORDER SENT orderId=382105053
[13:51:14.772] [EXEC] [EXEC] REALIZED pnl=-0.785121
[13:51:15.035] [EXEC] [EXEC] BUY ORDER SENT orderId=382105236 price=80954.18 qty=0.185280
[13:51:15.039] [EXEC] [EXEC] PLACE BUY price=80954.18 qty=0.185280
[13:51:16.321] [EXEC] [EXEC] BUY FILLED id=382105236
[13:51:16.913] [EXEC] [EXEC] PLACE SELL price=80956.85 qty=0.185280
[13:51:17.178] [EXEC] [EXEC] SELL ORDER SENT orderId=382105424
[13:51:19.363] [EXEC] [EXEC] REALIZED pnl=+0.494698
[13:51:21.948] [EXEC] [EXEC] BUY ORDER SENT orderId=382105929 price=80968.46 qty=0.185250
[13:51:21.953] [EXEC] [EXEC] PLACE BUY price=80968.46 qty=0.185250
[13:58:00.236] [EXEC] [EXEC] LIVE ON
[13:58:00.239] [EXEC] [EXEC] WAIT READY
[13:58:03.460] [EXEC] [EXEC] BUY ORDER SENT orderId=382142374 price=81008.55 qty=0.185160
[13:58:03.460] [EXEC] [EXEC] PLACE BUY price=81008.55 qty=0.185160
[13:58:07.632] [EXEC] [EXEC] PLACE SELL price=81016.01 qty=0.185160
[13:58:07.903] [EXEC] [EXEC] SELL ORDER SENT orderId=382142679
[13:58:09.649] [EXEC] [EXEC] CANCEL SELL orderId=382142679
[13:58:09.913] [EXEC] [EXEC] HARD SL triggered
[13:58:09.914] [EXEC] [EXEC] PANIC EXIT sl_mode
[13:58:09.915] [EXEC] [EXEC] FORCE EXIT price=81015.01
[13:58:09.916] [EXEC] [EXEC] PLACE SELL price=81015.01 qty=0.185160
[13:58:10.176] [EXEC] [EXEC] SELL ORDER SENT orderId=382142819
[13:58:12.640] [EXEC] [EXEC] SELL TIMEOUT orderId=382142819
[13:58:12.642] [EXEC] [EXEC] CANCEL SELL orderId=382142819
[13:58:13.163] [EXEC] [EXEC] SELL FINAL STATUS status=CANCELED orderId=382142819
[13:58:13.163] [EXEC] [EXEC] PANIC EXIT final_recover_place_sell
[13:58:13.163] [EXEC] [EXEC] PANIC EXIT panic_final_recover
[13:58:13.163] [EXEC] [EXEC] FORCE EXIT price=80999.97
[13:58:13.163] [EXEC] [EXEC] PLACE SELL price=80999.97 qty=0.185160
[13:58:13.429] [EXEC] [EXEC] SELL ORDER SENT orderId=382143104
[13:58:14.444] [EXEC] [EXEC] REALIZED pnl=-1.588673
[13:58:17.619] [EXEC] [EXEC] BUY ORDER SENT orderId=382143383 price=80996.17 qty=0.185190
[13:58:17.623] [EXEC] [EXEC] PLACE BUY price=80996.17 qty=0.185190
[13:58:21.913] [EXEC] [EXEC] BUY TIMEOUT orderId=382143383
[13:58:21.913] [EXEC] [EXEC] CANCEL BUY orderId=382143383
[13:58:22.186] [EXEC] [EXEC] BUY CANCELED confirmed
[13:58:22.454] [EXEC] [EXEC] BUY FINAL STATUS status=CANCELED orderId=382143383
[13:58:22.457] [EXEC] [EXEC] BLOCK reason=buy_not_filled
[13:58:25.022] [EXEC] [EXEC] BUY ORDER SENT orderId=382143853 price=81005.01 qty=0.185170
[13:58:25.041] [EXEC] [EXEC] PLACE BUY price=81005.01 qty=0.185170
[13:58:27.714] [EXEC] [EXEC] BUY FILLED id=382143853
[13:58:29.241] [EXEC] [EXEC] PLACE SELL price=81005.05 qty=0.185170
[13:58:29.601] [EXEC] [EXEC] SELL ORDER SENT orderId=382144156
[13:58:30.140] [EXEC] [EXEC] REALIZED pnl=+0.007407
[13:58:31.800] [EXEC] [EXEC] BUY ORDER SENT orderId=382144335 price=81004.86 qty=0.185170
[13:58:31.803] [EXEC] [EXEC] PLACE BUY price=81004.86 qty=0.185170
[13:58:32.132] [EXEC] [EXEC] BUY FILLED id=382144335
[13:58:32.179] [EXEC] [EXEC] PLACE SELL price=81007.89 qty=0.185170
[13:58:32.445] [EXEC] [EXEC] SELL ORDER SENT orderId=382144388
[13:58:33.743] [EXEC] [EXEC] CANCEL SELL orderId=382144388
[13:58:34.012] [EXEC] [EXEC] HARD SL triggered
[13:58:34.016] [EXEC] [EXEC] PANIC EXIT sl_mode
[13:58:34.017] [EXEC] [EXEC] FORCE EXIT price=81004.53
[13:58:34.018] [EXEC] [EXEC] PLACE SELL price=81004.53 qty=0.185170
[13:58:34.301] [EXEC] [EXEC] SELL ORDER SENT orderId=382144534
[13:58:35.335] [EXEC] [EXEC] REALIZED pnl=-0.061106
[13:58:35.898] [EXEC] [EXEC] BUY ORDER SENT orderId=382144713 price=80996.17 qty=0.185190
[13:58:35.898] [EXEC] [EXEC] PLACE BUY price=80996.17 qty=0.185190
[13:58:40.600] [EXEC] [EXEC] BUY TIMEOUT orderId=382144713
[13:58:40.600] [EXEC] [EXEC] CANCEL BUY orderId=382144713
[13:58:41.350] [EXEC] [EXEC] BUY CANCELED confirmed
[13:58:41.623] [EXEC] [EXEC] BUY FINAL STATUS status=CANCELED orderId=382144713
[13:58:41.627] [EXEC] [EXEC] BLOCK reason=buy_not_filled
[13:58:49.715] [EXEC] [EXEC] BUY ORDER SENT orderId=382145318 price=81004.25 qty=0.185170
[13:58:49.718] [EXEC] [EXEC] PLACE BUY price=81004.25 qty=0.185170
[13:58:54.584] [EXEC] [EXEC] BUY TIMEOUT orderId=382145318
[13:58:54.584] [EXEC] [EXEC] CANCEL BUY orderId=382145318
[13:58:54.878] [EXEC] [EXEC] BUY CANCELED confirmed
[13:58:55.150] [EXEC] [EXEC] BUY FINAL STATUS status=CANCELED orderId=382145318
[13:58:55.153] [EXEC] [EXEC] BLOCK reason=buy_not_filled
[13:58:56.867] [EXEC] [EXEC] BUY ORDER SENT orderId=382145431 price=81007.00 qty=0.185160
[13:58:56.872] [EXEC] [EXEC] PLACE BUY price=81007.00 qty=0.185160
[13:59:01.022] [EXEC] [EXEC] BUY FILLED id=382145431
[13:59:02.306] [EXEC] [EXEC] PLACE SELL price=81011.21 qty=0.185160
[13:59:02.582] [EXEC] [EXEC] SELL ORDER SENT orderId=382145802
[13:59:03.880] [EXEC] [EXEC] CANCEL SELL orderId=382145802
[13:59:04.147] [EXEC] [EXEC] HARD SL triggered
[13:59:04.147] [EXEC] [EXEC] PANIC EXIT sl_mode
[13:59:04.163] [EXEC] [EXEC] FORCE EXIT price=81004.11
[13:59:04.163] [EXEC] [EXEC] PLACE SELL price=81004.11 qty=0.185160
[13:59:04.428] [EXEC] [EXEC] SELL ORDER SENT orderId=382146041
[13:59:08.732] [EXEC] [EXEC] REALIZED pnl=-0.535112
[13:59:09.014] [EXEC] [EXEC] BUY ORDER SENT orderId=382146335 price=80997.67 qty=0.185190
[13:59:09.016] [EXEC] [EXEC] PLACE BUY price=80997.67 qty=0.185190
[13:59:14.051] [EXEC] [EXEC] BUY TIMEOUT orderId=382146335
[13:59:14.054] [EXEC] [EXEC] CANCEL BUY orderId=382146335
[13:59:14.327] [EXEC] [EXEC] BUY CANCELED confirmed
[13:59:14.607] [EXEC] [EXEC] BUY FINAL STATUS status=CANCELED orderId=382146335
[13:59:14.614] [EXEC] [EXEC] BLOCK reason=buy_not_filled
[13:59:43.246] [EXEC] [EXEC] LIVE ON
[13:59:43.248] [EXEC] [EXEC] WAIT READY
[13:59:43.788] [EXEC] [EXEC] BUY ORDER SENT orderId=382148753 price=81044.74 qty=0.185080
[13:59:43.788] [EXEC] [EXEC] PLACE BUY price=81044.74 qty=0.185080
[13:59:46.854] [EXEC] [EXEC] BUY FILLED id=382148753
[13:59:48.148] [EXEC] [EXEC] PLACE SELL price=81047.29 qty=0.185080
[13:59:48.412] [EXEC] [EXEC] SELL ORDER SENT orderId=382148885
[13:59:49.726] [EXEC] [EXEC] CANCEL SELL orderId=382148885
[13:59:49.988] [EXEC] [EXEC] HARD SL triggered
[13:59:49.988] [EXEC] [EXEC] PANIC EXIT sl_mode
[13:59:49.988] [EXEC] [EXEC] FORCE EXIT price=81046.28
[13:59:50.004] [EXEC] [EXEC] PLACE SELL price=81046.28 qty=0.185080
[13:59:50.278] [EXEC] [EXEC] SELL ORDER SENT orderId=382148919
[14:00:25.491] [EXEC] [EXEC] BLOCK reason=balance_low
[14:00:27.132] [EXEC] [EXEC] LIVE ON
[14:00:27.132] [EXEC] [EXEC] WAIT READY
[14:00:32.962] [EXEC] [EXEC] BLOCK reason=balance_low
[14:00:36.260] [EXEC] [EXEC] BLOCK reason=balance_low
[14:00:41.913] [EXEC] [EXEC] BLOCK reason=balance_low
[14:00:45.368] [EXEC] [EXEC] BLOCK reason=balance_low
[14:00:50.075] [EXEC] [EXEC] BLOCK reason=balance_low
[14:00:56.413] [EXEC] [EXEC] BUY ORDER SENT orderId=382154372 price=81120.26 qty=0.246540
[14:00:56.416] [EXEC] [EXEC] PLACE BUY price=81120.26 qty=0.246540
[14:01:00.414] [EXEC] [EXEC] PLACE SELL price=81130.77 qty=0.246540
[14:01:00.698] [EXEC] [EXEC] SELL ORDER SENT orderId=382154594
[14:01:01.237] [EXEC] [EXEC] REALIZED pnl=+2.591135
[14:01:02.263] [EXEC] [EXEC] BUY ORDER SENT orderId=382154878 price=81105.18 qty=0.246590
[14:01:02.267] [EXEC] [EXEC] PLACE BUY price=81105.18 qty=0.246590
[14:01:18.331] [EXEC] [EXEC] LIVE ON
[14:01:18.333] [EXEC] [EXEC] WAIT READY
[14:01:20.616] [EXEC] [EXEC] BUY ORDER SENT orderId=382157274 price=81156.77 qty=0.246430
[14:01:20.616] [EXEC] [EXEC] PLACE BUY price=81156.77 qty=0.246430
[14:01:21.210] [EXEC] [EXEC] PLACE SELL price=81156.59 qty=0.246430
[14:01:21.475] [EXEC] [EXEC] SELL ORDER SENT orderId=382157408
[14:01:22.789] [EXEC] [EXEC] CANCEL SELL orderId=382157408
[14:01:23.060] [EXEC] [EXEC] HARD SL triggered
[14:01:23.063] [EXEC] [EXEC] PANIC EXIT sl_mode
[14:01:23.066] [EXEC] [EXEC] FORCE EXIT price=81134.57
[14:01:23.068] [EXEC] [EXEC] PLACE SELL price=81134.57 qty=0.246430
[14:01:23.331] [EXEC] [EXEC] SELL ORDER SENT orderId=382157658
[14:01:24.398] [EXEC] [EXEC] REALIZED pnl=-5.416113
[14:01:24.949] [EXEC] [EXEC] BUY ORDER SENT orderId=382157845 price=81124.00 qty=0.246530
[14:01:24.952] [EXEC] [EXEC] PLACE BUY price=81124.00 qty=0.246530
[14:01:26.273] [EXEC] [EXEC] PLACE SELL price=81124.04 qty=0.246530
[14:01:26.545] [EXEC] [EXEC] SELL ORDER SENT orderId=382157973
[14:01:31.241] [EXEC] [EXEC] BLOCK reason=balance_low
[14:01:35.506] [EXEC] [EXEC] RECOVER EXIT position_qty=0.246530
[14:01:35.990] [EXEC] [EXEC] PLACE SELL price=81128.74 qty=0.246530
[14:01:36.256] [EXEC] [EXEC] SELL ORDER SENT orderId=382158679
[14:01:39.309] [EXEC] [EXEC] SELL TIMEOUT orderId=382158679
[14:01:39.313] [EXEC] [EXEC] CANCEL SELL orderId=382158679
[14:01:39.842] [EXEC] [EXEC] SELL FINAL STATUS status=CANCELED orderId=382158679
[14:01:39.845] [EXEC] [EXEC] PANIC EXIT final_recover_place_sell
[14:01:39.848] [EXEC] [EXEC] PANIC EXIT panic_final_recover
[14:01:39.850] [EXEC] [EXEC] FORCE EXIT price=81119.12
[14:01:39.852] [EXEC] [EXEC] PLACE SELL price=81119.12 qty=0.246530
[14:01:40.121] [EXEC] [EXEC] SELL ORDER SENT orderId=382159018
[14:01:42.716] [EXEC] [EXEC] SELL TIMEOUT orderId=382159018
[14:01:42.719] [EXEC] [EXEC] CANCEL SELL orderId=382159018
[14:01:43.736] [EXEC] [EXEC] SELL FINAL STATUS status=CANCELED orderId=382159018
[14:01:43.740] [EXEC] [EXEC] PANIC EXIT final_recover_place_sell
[14:01:43.741] [EXEC] [EXEC] PANIC EXIT panic_final_recover
[14:01:43.742] [EXEC] [EXEC] FORCE EXIT price=81112.99
[14:01:43.743] [EXEC] [EXEC] PLACE SELL price=81112.99 qty=0.246530
[14:01:44.009] [EXEC] [EXEC] SELL ORDER SENT orderId=382159210
[14:01:44.017] [EXEC] [EXEC] BLOCK reason=balance_low
[14:01:45.085] [EXEC] [EXEC] REALIZED pnl=-2.578595
[14:01:46.163] [EXEC] [EXEC] BUY ORDER SENT orderId=382159504 price=81143.67 qty=0.246470
[14:01:46.163] [EXEC] [EXEC] PLACE BUY price=81143.67 qty=0.246470
[14:01:47.139] [EXEC] [EXEC] BUY FILLED id=382159504
[14:01:48.412] [EXEC] [EXEC] PLACE SELL price=81150.77 qty=0.246470
[14:01:48.679] [EXEC] [EXEC] SELL ORDER SENT orderId=382159763
[14:01:49.961] [EXEC] [EXEC] CANCEL SELL orderId=382159763
[14:01:50.227] [EXEC] [EXEC] HARD SL triggered
[14:01:50.230] [EXEC] [EXEC] PANIC EXIT sl_mode
[14:01:50.232] [EXEC] [EXEC] FORCE EXIT price=81139.96
[14:01:50.233] [EXEC] [EXEC] PLACE SELL price=81139.96 qty=0.246470
[14:01:50.498] [EXEC] [EXEC] SELL ORDER SENT orderId=382160000
[14:01:52.991] [EXEC] [EXEC] SELL TIMEOUT orderId=382160000
[14:01:53.006] [EXEC] [EXEC] CANCEL SELL orderId=382160000
[14:01:53.553] [EXEC] [EXEC] SELL FINAL STATUS status=CANCELED orderId=382160000
[14:01:53.553] [EXEC] [EXEC] PANIC EXIT final_recover_place_sell
[14:01:53.553] [EXEC] [EXEC] PANIC EXIT panic_final_recover
[14:01:53.553] [EXEC] [EXEC] FORCE EXIT price=81133.01
[14:01:53.553] [EXEC] [EXEC] PLACE SELL price=81133.01 qty=0.246470
[14:01:53.832] [EXEC] [EXEC] SELL ORDER SENT orderId=382160175
[14:01:54.288] [EXEC] [EXEC] SELL FILLED id=382160175
[14:01:54.288] [EXEC] [EXEC] SELL FILLED qty=0.246470 remaining=0.000000
[14:01:54.303] [EXEC] [EXEC] REALIZED pnl=-2.627370
[14:01:56.022] [EXEC] [EXEC] BUY ORDER SENT orderId=382160428 price=81140.01 qty=0.246480
[14:01:56.022] [EXEC] [EXEC] PLACE BUY price=81140.01 qty=0.246480
[14:01:57.463] [EXEC] [EXEC] BUY FILLED id=382160428
[14:01:57.467] [EXEC] [EXEC] BLOCK reason=balance_low
[14:01:59.257] [EXEC] [EXEC] PLACE SELL price=81147.99 qty=0.246480
[14:01:59.524] [EXEC] [EXEC] SELL ORDER SENT orderId=382160693
[14:02:00.066] [EXEC] [EXEC] REALIZED pnl=+1.966910
[14:02:04.741] [EXEC] [EXEC] BLOCK reason=balance_low
[14:02:06.278] [EXEC] [EXEC] BUY ORDER SENT orderId=382161391 price=81162.05 qty=0.246420
[14:02:06.281] [EXEC] [EXEC] PLACE BUY price=81162.05 qty=0.246420
[14:02:07.104] [EXEC] [EXEC] BUY FILLED id=382161391
[14:02:08.247] [EXEC] [EXEC] PLACE SELL price=81163.15 qty=0.246420
[14:02:08.538] [EXEC] [EXEC] SELL ORDER SENT orderId=382161533
[14:02:09.148] [EXEC] [EXEC] CANCEL SELL orderId=382161533
[14:02:09.453] [EXEC] [EXEC] HARD SL triggered
[14:02:09.456] [EXEC] [EXEC] PANIC EXIT sl_mode
[14:02:09.457] [EXEC] [EXEC] FORCE EXIT price=81162.13
[14:02:09.459] [EXEC] [EXEC] PLACE SELL price=81162.13 qty=0.246420
[14:02:09.723] [EXEC] [EXEC] SELL ORDER SENT orderId=382161672
[14:02:11.652] [EXEC] [EXEC] SELL FILLED id=382161672
[14:02:11.655] [EXEC] [EXEC] SELL FILLED qty=0.246420 remaining=0.000000
[14:02:11.657] [EXEC] [EXEC] REALIZED pnl=+0.019714
[14:02:12.229] [EXEC] [EXEC] BUY ORDER SENT orderId=382161886 price=81155.96 qty=0.246430
[14:02:12.233] [EXEC] [EXEC] PLACE BUY price=81155.96 qty=0.246430
[14:02:14.810] [EXEC] [EXEC] PLACE SELL price=81158.08 qty=0.246430
[14:02:15.072] [EXEC] [EXEC] SELL ORDER SENT orderId=382162131
[14:02:16.973] [EXEC] [EXEC] BLOCK reason=balance_low
[14:02:18.537] [EXEC] [EXEC] SELL TIMEOUT orderId=382162131
[14:02:18.541] [EXEC] [EXEC] CANCEL SELL orderId=382162131
[14:02:19.084] [EXEC] [EXEC] SELL FINAL STATUS status=CANCELED orderId=382162131
[14:02:19.084] [EXEC] [EXEC] PANIC EXIT final_recover_place_sell
[14:02:19.084] [EXEC] [EXEC] PANIC EXIT panic_final_recover
[14:02:19.084] [EXEC] [EXEC] FORCE EXIT price=81139.63
[14:02:19.084] [EXEC] [EXEC] PLACE SELL price=81139.63 qty=0.246430
[14:02:19.381] [EXEC] [EXEC] SELL ORDER SENT orderId=382162523
[14:02:20.444] [EXEC] [EXEC] REALIZED pnl=-4.024202
[14:04:35.740] [EXEC] [EXEC] LIVE ON
[14:04:35.740] [EXEC] [EXEC] WAIT READY
[14:04:36.927] [EXEC] [EXEC] BUY ORDER SENT orderId=382172460 price=81155.60 qty=0.246440
[14:04:36.928] [EXEC] [EXEC] PLACE BUY price=81155.60 qty=0.246440
[14:04:38.974] [EXEC] [EXEC] PLACE SELL price=81155.64 qty=0.246440
[14:04:39.256] [EXEC] [EXEC] SELL ORDER SENT orderId=382172624
[14:04:39.568] [EXEC] [EXEC] CANCEL SELL orderId=382172624
[14:04:39.844] [EXEC] [EXEC] HARD SL triggered
[14:04:39.847] [EXEC] [EXEC] PANIC EXIT sl_mode
[14:04:39.850] [EXEC] [EXEC] FORCE EXIT price=81149.00
[14:04:39.855] [EXEC] [EXEC] PLACE SELL price=81149.00 qty=0.246440
[14:04:40.116] [EXEC] [EXEC] SELL ORDER SENT orderId=382172713
[14:04:43.794] [EXEC] [EXEC] SELL TIMEOUT orderId=382172713
[14:04:43.794] [EXEC] [EXEC] CANCEL SELL orderId=382172713
[14:04:44.350] [EXEC] [EXEC] SELL FINAL STATUS status=CANCELED orderId=382172713
[14:04:44.350] [EXEC] [EXEC] PANIC EXIT final_recover_place_sell
[14:04:44.350] [EXEC] [EXEC] PANIC EXIT panic_final_recover
[14:04:44.350] [EXEC] [EXEC] FORCE EXIT price=81148.00
[14:04:44.350] [EXEC] [EXEC] PLACE SELL price=81148.00 qty=0.246440
[14:04:44.630] [EXEC] [EXEC] SELL ORDER SENT orderId=382172955
[14:04:44.636] [EXEC] [EXEC] BLOCK reason=balance_low
[14:04:47.372] [EXEC] [EXEC] SELL TIMEOUT orderId=382172955
[14:04:47.376] [EXEC] [EXEC] CANCEL SELL orderId=382172955
[14:04:47.968] [EXEC] [EXEC] SELL FINAL STATUS status=CANCELED orderId=382172955
[14:04:47.970] [EXEC] [EXEC] PANIC EXIT final_recover_place_sell
[14:04:47.972] [EXEC] [EXEC] PANIC EXIT panic_final_recover
[14:04:47.974] [EXEC] [EXEC] FORCE EXIT price=81145.73
[14:04:47.975] [EXEC] [EXEC] PLACE SELL price=81145.73 qty=0.246440
[14:04:48.236] [EXEC] [EXEC] SELL ORDER SENT orderId=382173124
[14:04:48.771] [EXEC] [EXEC] REALIZED pnl=-2.398003
[14:04:49.787] [EXEC] [EXEC] BLOCK reason=balance_low
[14:04:55.162] [EXEC] [EXEC] BUY ORDER SENT orderId=382173565 price=81157.85 qty=0.246430
[14:04:55.162] [EXEC] [EXEC] PLACE BUY price=81157.85 qty=0.246430
[14:04:56.694] [EXEC] [EXEC] BUY FILLED id=382173565
[14:04:57.792] [EXEC] [EXEC] PLACE SELL price=81168.45 qty=0.246430
[14:04:58.055] [EXEC] [EXEC] SELL ORDER SENT orderId=382173818
[14:04:58.588] [EXEC] [EXEC] REALIZED pnl=+2.612158
[14:04:59.195] [EXEC] [EXEC] BUY ORDER SENT orderId=382173910 price=81165.01 qty=0.246410
[14:04:59.195] [EXEC] [EXEC] PLACE BUY price=81165.01 qty=0.246410
[14:05:00.563] [EXEC] [EXEC] BUY FILLED id=382173910
[14:05:01.273] [EXEC] [EXEC] PLACE SELL price=81165.05 qty=0.246410
[14:05:01.537] [EXEC] [EXEC] SELL ORDER SENT orderId=382174211
[14:05:04.061] [EXEC] [EXEC] CANCEL SELL orderId=382174211
[14:05:04.334] [EXEC] [EXEC] HARD SL triggered
[14:05:04.334] [EXEC] [EXEC] PANIC EXIT sl_mode
[14:05:04.334] [EXEC] [EXEC] FORCE EXIT price=81152.99
[14:05:04.334] [EXEC] [EXEC] PLACE SELL price=81152.99 qty=0.246410
[14:05:04.681] [EXEC] [EXEC] SELL ORDER SENT orderId=382174350
[14:05:05.759] [EXEC] [EXEC] BLOCK reason=balance_low
[14:05:07.199] [EXEC] [EXEC] REALIZED pnl=-2.961848
[14:05:13.868] [EXEC] [EXEC] BUY ORDER SENT orderId=382175206 price=81174.79 qty=0.246380
[14:05:13.872] [EXEC] [EXEC] PLACE BUY price=81174.79 qty=0.246380
[14:05:15.135] [EXEC] [EXEC] PLACE SELL price=81177.22 qty=0.246380
[14:05:15.397] [EXEC] [EXEC] SELL ORDER SENT orderId=382175251
[14:05:18.335] [EXEC] [EXEC] SELL TIMEOUT orderId=382175251
[14:05:18.335] [EXEC] [EXEC] CANCEL SELL orderId=382175251
[14:05:18.878] [EXEC] [EXEC] SELL FINAL STATUS status=CANCELED orderId=382175251
[14:05:18.881] [EXEC] [EXEC] PANIC EXIT final_recover_place_sell
[14:05:18.884] [EXEC] [EXEC] PANIC EXIT panic_final_recover
[14:05:18.885] [EXEC] [EXEC] FORCE EXIT price=81174.96
[14:05:18.885] [EXEC] [EXEC] PLACE SELL price=81174.96 qty=0.246380
[14:05:19.146] [EXEC] [EXEC] SELL ORDER SENT orderId=382175443
[14:05:22.020] [EXEC] [EXEC] REALIZED pnl=+0.041885
[14:05:22.276] [EXEC] [EXEC] BUY ORDER SENT orderId=382175677 price=81174.39 qty=0.246380
[14:05:22.276] [EXEC] [EXEC] PLACE BUY price=81174.39 qty=0.246380
[14:05:23.694] [EXEC] [EXEC] BLOCK reason=balance_low
[14:05:26.824] [EXEC] [EXEC] BUY TIMEOUT orderId=382175677
[14:05:26.829] [EXEC] [EXEC] CANCEL BUY orderId=382175677
[14:05:27.099] [EXEC] [EXEC] BUY CANCELED confirmed
[14:05:27.845] [EXEC] [EXEC] BUY FINAL STATUS status=CANCELED orderId=382175677
[14:05:27.849] [EXEC] [EXEC] BLOCK reason=buy_not_filled
[14:05:28.787] [EXEC] [EXEC] BLOCK reason=balance_low
[14:05:33.600] [EXEC] [EXEC] BUY ORDER SENT orderId=382176713 price=81193.84 qty=0.246320
[14:05:33.600] [EXEC] [EXEC] PLACE BUY price=81193.84 qty=0.246320
[14:05:39.148] [EXEC] [EXEC] BUY TIMEOUT orderId=382176713
[14:05:39.148] [EXEC] [EXEC] CANCEL BUY orderId=382176713
[14:05:39.431] [EXEC] [EXEC] BUY CANCELED confirmed
[14:05:39.689] [EXEC] [EXEC] BUY FINAL STATUS status=CANCELED orderId=382176713
[14:05:39.689] [EXEC] [EXEC] BLOCK reason=buy_not_filled
[14:05:40.633] [EXEC] [EXEC] BUY ORDER SENT orderId=382177574 price=81200.12 qty=0.246300
[14:05:40.637] [EXEC] [EXEC] PLACE BUY price=81200.12 qty=0.246300
[14:05:41.875] [EXEC] [EXEC] PLACE SELL price=81207.95 qty=0.246300
[14:05:42.151] [EXEC] [EXEC] SELL ORDER SENT orderId=382177775
[14:05:43.522] [EXEC] [EXEC] BLOCK reason=balance_low
[14:05:45.559] [EXEC] [EXEC] SELL TIMEOUT orderId=382177775
[14:05:45.562] [EXEC] [EXEC] CANCEL SELL orderId=382177775
[14:05:46.100] [EXEC] [EXEC] SELL FINAL STATUS status=CANCELED orderId=382177775
[14:05:46.100] [EXEC] [EXEC] PANIC EXIT final_recover_place_sell
[14:05:46.100] [EXEC] [EXEC] PANIC EXIT panic_final_recover
[14:05:46.100] [EXEC] [EXEC] FORCE EXIT price=81198.99
[14:05:46.100] [EXEC] [EXEC] PLACE SELL price=81198.99 qty=0.246300
[14:05:46.391] [EXEC] [EXEC] SELL ORDER SENT orderId=382177973
[14:05:48.075] [EXEC] [EXEC] SELL TIMEOUT orderId=382177973
[14:05:48.078] [EXEC] [EXEC] CANCEL SELL orderId=382177973
[14:05:48.617] [EXEC] [EXEC] SELL FINAL STATUS status=CANCELED orderId=382177973
[14:05:48.617] [EXEC] [EXEC] PANIC EXIT final_recover_place_sell
[14:05:48.617] [EXEC] [EXEC] PANIC EXIT panic_final_recover
[14:05:48.632] [EXEC] [EXEC] FORCE EXIT price=81197.98
[14:05:48.634] [EXEC] [EXEC] PLACE SELL price=81197.98 qty=0.246300
[14:05:48.905] [EXEC] [EXEC] SELL ORDER SENT orderId=382178221
[14:05:48.909] [EXEC] [EXEC] BLOCK reason=balance_low
[14:05:49.470] [EXEC] [EXEC] REALIZED pnl=-0.478925
[14:07:59.022] [EXEC] [EXEC] LIVE ON
[14:07:59.025] [EXEC] [EXEC] WAIT READY
[14:08:01.374] [EXEC] [EXEC] BUY ORDER SENT orderId=382187599 price=81190.40 qty=0.246330
[14:08:01.375] [EXEC] [EXEC] PLACE BUY price=81190.40 qty=0.246330
[14:08:02.637] [EXEC] [EXEC] PLACE SELL price=81196.86 qty=0.246330
[14:08:02.897] [EXEC] [EXEC] SELL ORDER SENT orderId=382187725
[14:08:03.444] [EXEC] [EXEC] CANCEL SELL orderId=382187725
[14:08:03.758] [EXEC] [EXEC] HARD SL triggered
[14:08:03.761] [EXEC] [EXEC] PANIC EXIT sl_mode
[14:08:03.763] [EXEC] [EXEC] FORCE EXIT price=81193.00
[14:08:03.765] [EXEC] [EXEC] PLACE SELL price=81193.00 qty=0.246330
[14:08:04.043] [EXEC] [EXEC] SELL ORDER SENT orderId=382187813
[14:08:06.016] [EXEC] [EXEC] SELL FILLED id=382187813
[14:08:06.019] [EXEC] [EXEC] SELL FILLED qty=0.246330 remaining=0.000000
[14:08:06.022] [EXEC] [EXEC] REALIZED pnl=+0.640458
[14:08:06.866] [EXEC] [EXEC] BUY ORDER SENT orderId=382187987 price=81190.04 qty=0.246330
[14:08:06.869] [EXEC] [EXEC] PLACE BUY price=81190.04 qty=0.246330
[14:08:08.781] [EXEC] [EXEC] PLACE SELL price=81193.66 qty=0.246330
[14:08:09.047] [EXEC] [EXEC] SELL ORDER SENT orderId=382188163
[14:08:09.051] [EXEC] [EXEC] BLOCK reason=balance_low
[14:08:12.073] [EXEC] [EXEC] SELL TIMEOUT orderId=382188163
[14:08:12.073] [EXEC] [EXEC] CANCEL SELL orderId=382188163
[14:08:12.613] [EXEC] [EXEC] SELL FINAL STATUS status=CANCELED orderId=382188163
[14:08:12.615] [EXEC] [EXEC] PANIC EXIT final_recover_place_sell
[14:08:12.615] [EXEC] [EXEC] PANIC EXIT panic_final_recover
[14:08:12.615] [EXEC] [EXEC] FORCE EXIT price=81188.72
[14:08:12.615] [EXEC] [EXEC] PLACE SELL price=81188.72 qty=0.246330
[14:08:12.882] [EXEC] [EXEC] SELL ORDER SENT orderId=382188359
[14:08:14.359] [EXEC] [EXEC] SELL FILLED id=382188359
[14:08:14.363] [EXEC] [EXEC] SELL FILLED qty=0.246330 remaining=0.000000
[14:08:14.365] [EXEC] [EXEC] REALIZED pnl=-0.325156
[14:08:15.120] [EXEC] [EXEC] BLOCK reason=balance_low
[14:08:18.303] [EXEC] [EXEC] BUY ORDER SENT orderId=382188562 price=81180.00 qty=0.246360
[14:08:18.303] [EXEC] [EXEC] PLACE BUY price=81180.00 qty=0.246360
[14:08:22.488] [EXEC] [EXEC] BUY TIMEOUT orderId=382188562
[14:08:22.490] [EXEC] [EXEC] CANCEL BUY orderId=382188562
[14:08:22.756] [EXEC] [EXEC] BUY CANCELED confirmed
[14:08:23.022] [EXEC] [EXEC] BUY FINAL STATUS status=CANCELED orderId=382188562
[14:08:23.025] [EXEC] [EXEC] BLOCK reason=buy_not_filled
[14:08:23.919] [EXEC] [EXEC] BUY ORDER SENT orderId=382188867 price=81194.44 qty=0.246320
[14:08:23.923] [EXEC] [EXEC] PLACE BUY price=81194.44 qty=0.246320
[14:08:28.725] [EXEC] [EXEC] PLACE SELL price=81198.32 qty=0.246320
[14:08:28.994] [EXEC] [EXEC] SELL ORDER SENT orderId=382188990
[14:08:29.898] [EXEC] [EXEC] BLOCK reason=balance_low
[14:08:33.071] [EXEC] [EXEC] SELL TIMEOUT orderId=382188990
[14:08:33.071] [EXEC] [EXEC] CANCEL SELL orderId=382188990
[14:08:33.601] [EXEC] [EXEC] SELL FINAL STATUS status=CANCELED orderId=382188990
[14:08:33.601] [EXEC] [EXEC] PANIC EXIT final_recover_place_sell
[14:08:33.601] [EXEC] [EXEC] PANIC EXIT panic_final_recover
[14:08:33.601] [EXEC] [EXEC] FORCE EXIT price=81195.72
[14:08:33.617] [EXEC] [EXEC] PLACE SELL price=81195.72 qty=0.246320
[14:08:33.881] [EXEC] [EXEC] SELL ORDER SENT orderId=382189250
[14:08:36.207] [EXEC] [EXEC] SELL TIMEOUT orderId=382189250
[14:08:36.209] [EXEC] [EXEC] CANCEL SELL orderId=382189250
[14:08:36.740] [EXEC] [EXEC] SELL FINAL STATUS status=CANCELED orderId=382189250
[14:08:36.744] [EXEC] [EXEC] PANIC EXIT final_recover_place_sell
[14:08:36.745] [EXEC] [EXEC] PANIC EXIT panic_final_recover
[14:08:36.746] [EXEC] [EXEC] FORCE EXIT price=81188.38
[14:08:36.747] [EXEC] [EXEC] PLACE SELL price=81188.38 qty=0.246320
[14:08:37.019] [EXEC] [EXEC] SELL ORDER SENT orderId=382189490
[14:08:38.725] [EXEC] [EXEC] SELL TIMEOUT orderId=382189490
[14:08:38.725] [EXEC] [EXEC] CANCEL SELL orderId=382189490
[14:08:39.257] [EXEC] [EXEC] SELL FINAL STATUS status=FILLED orderId=382189490
[14:08:39.257] [EXEC] [EXEC] SELL FILLED id=382189490
[14:08:39.257] [EXEC] [EXEC] SELL FILLED qty=0.246320 remaining=0.000000
[14:08:39.257] [EXEC] [EXEC] REALIZED pnl=-1.492699
[14:08:46.835] [EXEC] [EXEC] BLOCK reason=balance_low
[14:08:49.667] [EXEC] [EXEC] BUY ORDER SENT orderId=382190125 price=81180.77 qty=0.246360
[14:08:49.671] [EXEC] [EXEC] PLACE BUY price=81180.77 qty=0.246360
[14:08:53.943] [EXEC] [EXEC] BUY TIMEOUT orderId=382190125
[14:08:53.944] [EXEC] [EXEC] CANCEL BUY orderId=382190125
[14:08:54.260] [EXEC] [EXEC] BUY CANCELED confirmed
[14:08:54.527] [EXEC] [EXEC] BUY FINAL STATUS status=CANCELED orderId=382190125
[14:08:54.531] [EXEC] [EXEC] BLOCK reason=buy_not_filled
[14:08:56.170] [EXEC] [EXEC] BUY ORDER SENT orderId=382190518 price=81172.01 qty=0.246390
[14:08:56.171] [EXEC] [EXEC] PLACE BUY price=81172.01 qty=0.246390
[14:08:58.310] [EXEC] [EXEC] BUY FILLED id=382190518
[14:08:59.595] [EXEC] [EXEC] PLACE SELL price=81172.63 qty=0.246390
[14:08:59.864] [EXEC] [EXEC] SELL ORDER SENT orderId=382190807
[14:08:59.866] [EXEC] [EXEC] BLOCK reason=balance_low
[14:09:01.169] [EXEC] [EXEC] CANCEL SELL orderId=382190807
[14:09:01.429] [EXEC] [EXEC] HARD SL triggered
[14:09:01.443] [EXEC] [EXEC] PANIC EXIT sl_mode
[14:09:01.446] [EXEC] [EXEC] FORCE EXIT price=81169.22
[14:09:01.448] [EXEC] [EXEC] PLACE SELL price=81169.22 qty=0.246390
[14:09:01.717] [EXEC] [EXEC] SELL ORDER SENT orderId=382190912
[14:09:04.868] [EXEC] [EXEC] SELL TIMEOUT orderId=382190912
[14:09:04.873] [EXEC] [EXEC] CANCEL SELL orderId=382190912
[14:09:05.413] [EXEC] [EXEC] SELL FINAL STATUS status=CANCELED orderId=382190912
[14:09:05.415] [EXEC] [EXEC] PANIC EXIT final_recover_place_sell
[14:09:05.416] [EXEC] [EXEC] PANIC EXIT panic_final_recover
[14:09:05.416] [EXEC] [EXEC] FORCE EXIT price=81164.46
[14:09:05.419] [EXEC] [EXEC] PLACE SELL price=81164.46 qty=0.246390
[14:09:05.705] [EXEC] [EXEC] SELL ORDER SENT orderId=382191085
[14:09:07.375] [EXEC] [EXEC] SELL TIMEOUT orderId=382191085
[14:09:07.379] [EXEC] [EXEC] CANCEL SELL orderId=382191085
[14:09:07.911] [EXEC] [EXEC] SELL FINAL STATUS status=CANCELED orderId=382191085
[14:09:07.915] [EXEC] [EXEC] PANIC EXIT final_recover_place_sell
[14:09:07.916] [EXEC] [EXEC] PANIC EXIT panic_final_recover
[14:09:07.917] [EXEC] [EXEC] FORCE EXIT price=81163.45
[14:09:07.918] [EXEC] [EXEC] PLACE SELL price=81163.45 qty=0.246390
[14:09:08.185] [EXEC] [EXEC] SELL ORDER SENT orderId=382191291
[14:09:09.595] [EXEC] [EXEC] REALIZED pnl=-2.109098
[14:09:10.878] [EXEC] [EXEC] BUY ORDER SENT orderId=382191495 price=81165.97 qty=0.246400
[14:09:10.881] [EXEC] [EXEC] PLACE BUY price=81165.97 qty=0.246400
[14:09:12.772] [EXEC] [EXEC] PLACE SELL price=81170.38 qty=0.246400
[14:09:13.044] [EXEC] [EXEC] SELL ORDER SENT orderId=382191585
[14:09:14.664] [EXEC] [EXEC] REALIZED pnl=+1.086624
[14:09:19.184] [EXEC] [EXEC] BUY ORDER SENT orderId=382191987 price=81151.31 qty=0.246450
[14:09:19.188] [EXEC] [EXEC] PLACE BUY price=81151.31 qty=0.246450
[14:09:20.444] [EXEC] [EXEC] PLACE SELL price=81153.38 qty=0.246450
[14:09:20.728] [EXEC] [EXEC] SELL ORDER SENT orderId=382192077
[14:09:23.620] [EXEC] [EXEC] REALIZED pnl=+0.510151
[14:09:25.538] [EXEC] [EXEC] BUY ORDER SENT orderId=382192480 price=81167.94 qty=0.246400
[14:09:25.538] [EXEC] [EXEC] PLACE BUY price=81167.94 qty=0.246400
[14:09:25.887] [EXEC] [EXEC] BUY FILLED id=382192480
[14:09:26.541] [EXEC] [EXEC] PLACE SELL price=81169.02 qty=0.246400
[14:09:26.803] [EXEC] [EXEC] SELL ORDER SENT orderId=382192566
[14:09:28.241] [EXEC] [EXEC] REALIZED pnl=+0.266112
[14:09:28.257] [EXEC] [EXEC] BLOCK reason=balance_low
[14:09:34.658] [EXEC] [EXEC] BLOCK reason=balance_low
[14:09:39.499] [EXEC] [EXEC] BUY ORDER SENT orderId=382193192 price=81183.86 qty=0.246350
[14:09:39.502] [EXEC] [EXEC] PLACE BUY price=81183.86 qty=0.246350
[14:09:43.452] [EXEC] [EXEC] BUY TIMEOUT orderId=382193192
[14:09:43.455] [EXEC] [EXEC] CANCEL BUY orderId=382193192
[14:09:43.719] [EXEC] [EXEC] BUY CANCELED confirmed
[14:09:43.988] [EXEC] [EXEC] BUY FINAL STATUS status=CANCELED orderId=382193192
[14:09:43.988] [EXEC] [EXEC] BLOCK reason=buy_not_filled
[14:09:50.579] [EXEC] [EXEC] BUY ORDER SENT orderId=382193680 price=81191.53 qty=0.246330
[14:09:50.583] [EXEC] [EXEC] PLACE BUY price=81191.53 qty=0.246330
[14:09:52.093] [EXEC] [EXEC] BUY FILLED id=382193680
[14:09:53.847] [EXEC] [EXEC] PLACE SELL price=81195.07 qty=0.246330
[14:09:54.118] [EXEC] [EXEC] SELL ORDER SENT orderId=382193777
[14:09:55.818] [EXEC] [EXEC] CANCEL SELL orderId=382193777
[14:09:56.098] [EXEC] [EXEC] HARD SL triggered
[14:09:56.101] [EXEC] [EXEC] PANIC EXIT sl_mode
[14:09:56.101] [EXEC] [EXEC] FORCE EXIT price=81193.07
[14:09:56.108] [EXEC] [EXEC] PLACE SELL price=81193.07 qty=0.246330
[14:09:56.397] [EXEC] [EXEC] SELL ORDER SENT orderId=382193876
[14:09:58.851] [EXEC] [EXEC] SELL TIMEOUT orderId=382193876
[14:09:58.854] [EXEC] [EXEC] CANCEL SELL orderId=382193876
[14:09:59.379] [EXEC] [EXEC] SELL FINAL STATUS status=CANCELED orderId=382193876
[14:09:59.381] [EXEC] [EXEC] PANIC EXIT final_recover_place_sell
[14:09:59.381] [EXEC] [EXEC] PANIC EXIT panic_final_recover
[14:09:59.386] [EXEC] [EXEC] FORCE EXIT price=81192.06
[14:09:59.386] [EXEC] [EXEC] PLACE SELL price=81192.06 qty=0.246330
[14:09:59.673] [EXEC] [EXEC] PANIC SELL FAILED reason=Binance request failed status=400 code=-2010 msg=Account has insufficient balance for requested action. body={"code":-2010,"msg":"Account has insufficient balance for requested action."}
[14:09:59.680] [EXEC] [EXEC] BLOCK reason=balance_low
[14:10:01.117] [EXEC] [EXEC] WATCHDOG position open without sell -> recover
[14:10:02.053] [EXEC] [EXEC] PLACE SELL price=81191.57 qty=0.246330
[14:10:07.121] [EXEC] [EXEC] PLACE SELL price=81197.06 qty=0.246330
[14:10:08.695] [EXEC] [EXEC] PLACE SELL price=81197.00 qty=0.246330
[14:10:10.412] [EXEC] [EXEC] PLACE SELL price=81191.57 qty=0.246330
[14:10:16.257] [EXEC] [EXEC] PLACE SELL price=81191.57 qty=0.246330
[14:10:17.845] [EXEC] [EXEC] PLACE SELL price=81191.57 qty=0.246330
[14:10:38.615] [EXEC] [EXEC] PLACE SELL price=81191.57 qty=0.246330
[14:10:41.131] [EXEC] [EXEC] PLACE SELL price=81191.57 qty=0.246330
[14:11:01.569] [EXEC] [EXEC] PLACE SELL price=81191.57 qty=0.246330
[14:11:03.162] [EXEC] [EXEC] PLACE SELL price=81199.99 qty=0.246330
[14:11:04.413] [EXEC] [EXEC] PLACE SELL price=81200.00 qty=0.246330
[14:11:06.224] [EXEC] [EXEC] PLACE SELL price=81198.42 qty=0.246330
[14:11:07.758] [EXEC] [EXEC] PLACE SELL price=81198.47 qty=0.246330
[14:11:09.056] [EXEC] [EXEC] PLACE SELL price=81206.95 qty=0.246330
[14:11:11.023] [EXEC] [EXEC] PLACE SELL price=81191.57 qty=0.246330
[14:11:44.585] [EXEC] [EXEC] BLOCK reason=balance_low
[14:12:12.402] [EXEC] [EXEC] LIVE ON
[14:12:12.405] [EXEC] [EXEC] WAIT READY
[14:12:12.951] [EXEC] [EXEC] BUY ORDER SENT orderId=382204788 price=81156.98 qty=0.012320
[14:12:12.954] [EXEC] [EXEC] PLACE BUY price=81156.98 qty=0.012320
[14:12:17.520] [EXEC] [EXEC] BUY FILLED id=382204788
[14:12:18.633] [EXEC] [EXEC] PLACE SELL price=81157.02 qty=0.012320
[14:12:18.882] [EXEC] [EXEC] SELL ORDER SENT orderId=382205179
[14:12:20.124] [EXEC] [EXEC] CANCEL SELL orderId=382205179
[14:12:20.400] [EXEC] [EXEC] HARD SL triggered
[14:12:20.404] [EXEC] [EXEC] PANIC EXIT sl_mode
[14:12:20.405] [EXEC] [EXEC] FORCE EXIT price=81145.00
[14:12:20.406] [EXEC] [EXEC] PLACE SELL price=81145.00 qty=0.012320
[14:12:20.662] [EXEC] [EXEC] SELL ORDER SENT orderId=382205297
[14:12:22.413] [EXEC] [EXEC] SELL FILLED id=382205297
[14:12:22.416] [EXEC] [EXEC] SELL FILLED qty=0.012320 remaining=0.000000
[14:12:22.417] [EXEC] [EXEC] REALIZED pnl=-0.147594
[14:12:25.257] [EXEC] [EXEC] BUY ORDER SENT orderId=382205699 price=81127.01 qty=0.012320
[14:12:25.274] [EXEC] [EXEC] PLACE BUY price=81127.01 qty=0.012320
[14:12:29.194] [EXEC] [EXEC] PLACE SELL price=81134.57 qty=0.012320
[14:12:29.488] [EXEC] [EXEC] SELL ORDER SENT orderId=382205961
[14:12:32.914] [EXEC] [EXEC] SELL TIMEOUT orderId=382205961
[14:12:32.917] [EXEC] [EXEC] CANCEL SELL orderId=382205961
[14:12:33.447] [EXEC] [EXEC] SELL FINAL STATUS status=CANCELED orderId=382205961
[14:12:33.451] [EXEC] [EXEC] PANIC EXIT final_recover_place_sell
[14:12:33.452] [EXEC] [EXEC] PANIC EXIT panic_final_recover
[14:12:33.452] [EXEC] [EXEC] FORCE EXIT price=81125.86
[14:12:33.454] [EXEC] [EXEC] PLACE SELL price=81125.86 qty=0.012320
[14:12:33.741] [EXEC] [EXEC] SELL ORDER SENT orderId=382206182
[14:12:34.775] [EXEC] [EXEC] REALIZED pnl=-0.014168
[14:12:35.538] [EXEC] [EXEC] BUY ORDER SENT orderId=382206300 price=81123.44 qty=0.012320
[14:12:35.554] [EXEC] [EXEC] PLACE BUY price=81123.44 qty=0.012320
[14:12:36.116] [EXEC] [EXEC] PLACE SELL price=81127.24 qty=0.012320
[14:12:36.378] [EXEC] [EXEC] SELL ORDER SENT orderId=382206317
[14:12:40.654] [EXEC] [EXEC] SELL TIMEOUT orderId=382206317
[14:12:40.657] [EXEC] [EXEC] CANCEL SELL orderId=382206317
[14:12:41.211] [EXEC] [EXEC] SELL FINAL STATUS status=CANCELED orderId=382206317
[14:12:41.215] [EXEC] [EXEC] PANIC EXIT final_recover_place_sell
[14:12:41.218] [EXEC] [EXEC] PANIC EXIT panic_final_recover
[14:12:41.221] [EXEC] [EXEC] FORCE EXIT price=81120.34
[14:12:41.223] [EXEC] [EXEC] PLACE SELL price=81120.34 qty=0.012320
[14:12:41.475] [EXEC] [EXEC] SELL ORDER SENT orderId=382206635
[14:12:43.178] [EXEC] [EXEC] SELL TIMEOUT orderId=382206635
[14:12:43.193] [EXEC] [EXEC] CANCEL SELL orderId=382206635
[14:12:43.733] [EXEC] [EXEC] SELL FINAL STATUS status=CANCELED orderId=382206635
[14:12:43.736] [EXEC] [EXEC] PANIC EXIT final_recover_place_sell
[14:12:43.738] [EXEC] [EXEC] PANIC EXIT panic_final_recover
[14:12:43.739] [EXEC] [EXEC] FORCE EXIT price=81106.26
[14:12:43.740] [EXEC] [EXEC] PLACE SELL price=81106.26 qty=0.012320
[14:12:44.007] [EXEC] [EXEC] SELL ORDER SENT orderId=382206730
[14:12:45.696] [EXEC] [EXEC] SELL TIMEOUT orderId=382206730
[14:12:45.699] [EXEC] [EXEC] CANCEL SELL orderId=382206730
[14:12:46.256] [EXEC] [EXEC] SELL FINAL STATUS status=CANCELED orderId=382206730
[14:12:46.259] [EXEC] [EXEC] PANIC EXIT final_recover_place_sell
[14:12:46.261] [EXEC] [EXEC] PANIC EXIT panic_final_recover
[14:12:46.262] [EXEC] [EXEC] FORCE EXIT price=81094.37
[14:12:46.263] [EXEC] [EXEC] PLACE SELL price=81094.37 qty=0.012320
[14:12:46.522] [EXEC] [EXEC] SELL ORDER SENT orderId=382206895
[14:12:47.085] [EXEC] [EXEC] REALIZED pnl=-0.358142
[14:12:47.397] [EXEC] [EXEC] BUY ORDER SENT orderId=382206969 price=81089.13 qty=0.012330
[14:12:47.397] [EXEC] [EXEC] PLACE BUY price=81089.13 qty=0.012330
[14:12:51.451] [EXEC] [EXEC] BUY TIMEOUT orderId=382206969
[14:12:51.455] [EXEC] [EXEC] CANCEL BUY orderId=382206969
[14:12:51.762] [EXEC] [EXEC] BUY CANCELED confirmed
[14:12:52.022] [EXEC] [EXEC] BUY FINAL STATUS status=CANCELED orderId=382206969
[14:12:52.022] [EXEC] [EXEC] BLOCK reason=buy_not_filled
[14:12:57.359] [EXEC] [EXEC] BUY ORDER SENT orderId=382207538 price=81084.00 qty=0.012330
[14:12:57.362] [EXEC] [EXEC] PLACE BUY price=81084.00 qty=0.012330
[14:12:58.085] [EXEC] [EXEC] PLACE SELL price=81087.61 qty=0.012330
[14:12:58.348] [EXEC] [EXEC] SELL ORDER SENT orderId=382207589
[14:13:02.203] [EXEC] [EXEC] SELL TIMEOUT orderId=382207589
[14:13:02.206] [EXEC] [EXEC] CANCEL SELL orderId=382207589
[14:13:02.752] [EXEC] [EXEC] SELL FINAL STATUS status=CANCELED orderId=382207589
[14:13:02.755] [EXEC] [EXEC] PANIC EXIT final_recover_place_sell
[14:13:02.756] [EXEC] [EXEC] PANIC EXIT panic_final_recover
[14:13:02.757] [EXEC] [EXEC] FORCE EXIT price=81081.06
[14:13:02.758] [EXEC] [EXEC] PLACE SELL price=81081.06 qty=0.012330
[14:13:03.029] [EXEC] [EXEC] SELL ORDER SENT orderId=382208035
[14:13:04.381] [EXEC] [EXEC] SELL FILLED id=382208035
[14:13:04.399] [EXEC] [EXEC] SELL FILLED qty=0.012330 remaining=0.000000
[14:13:04.399] [EXEC] [EXEC] REALIZED pnl=-0.036250
[14:13:05.020] [EXEC] [EXEC] BUY ORDER SENT orderId=382208225 price=81078.02 qty=0.012330
[14:13:05.023] [EXEC] [EXEC] PLACE BUY price=81078.02 qty=0.012330
[14:13:08.825] [EXEC] [EXEC] BUY TIMEOUT orderId=382208225
[14:13:08.828] [EXEC] [EXEC] CANCEL BUY orderId=382208225
[14:13:09.101] [EXEC] [EXEC] BUY CANCELED confirmed
[14:13:09.366] [EXEC] [EXEC] BUY FINAL STATUS status=CANCELED orderId=382208225
[14:13:09.366] [EXEC] [EXEC] BLOCK reason=buy_not_filled
[14:13:37.344] [EXEC] [EXEC] LIVE ON
[14:13:37.347] [EXEC] [EXEC] WAIT READY
[14:13:41.350] [EXEC] [EXEC] BUY ORDER SENT orderId=382210755 price=81113.29 qty=0.184920
[14:13:41.367] [EXEC] [EXEC] PLACE BUY price=81113.29 qty=0.184920
[14:13:46.310] [EXEC] [EXEC] BUY TIMEOUT orderId=382210755
[14:13:46.312] [EXEC] [EXEC] CANCEL BUY orderId=382210755
[14:13:46.579] [EXEC] [EXEC] BUY CANCELED confirmed
[14:13:46.845] [EXEC] [EXEC] BUY FINAL STATUS status=CANCELED orderId=382210755
[14:13:46.849] [EXEC] [EXEC] BLOCK reason=buy_not_filled
[14:13:46.849] [EXEC] [EXEC] BLOCK reason=balance_low
[14:14:08.241] [EXEC] [EXEC] LIVE ON
[14:14:08.241] [EXEC] [EXEC] WAIT READY
[14:14:10.244] [EXEC] [EXEC] BUY ORDER SENT orderId=382212752 price=81121.95 qty=0.184900
[14:14:10.249] [EXEC] [EXEC] PLACE BUY price=81121.95 qty=0.184900
[14:14:12.002] [EXEC] [EXEC] PLACE SELL price=81126.27 qty=0.184900
[14:14:12.312] [EXEC] [EXEC] SELL ORDER SENT orderId=382212882
[14:14:12.316] [EXEC] [EXEC] BLOCK reason=balance_low
[14:14:12.633] [EXEC] [EXEC] CANCEL SELL orderId=382212882
[14:14:12.900] [EXEC] [EXEC] HARD SL triggered
[14:14:12.903] [EXEC] [EXEC] PANIC EXIT sl_mode
[14:14:12.905] [EXEC] [EXEC] FORCE EXIT price=81127.27
[14:14:12.907] [EXEC] [EXEC] PLACE SELL price=81127.27 qty=0.184900
[14:14:13.169] [EXEC] [EXEC] PANIC SELL FAILED reason=Binance request failed status=400 code=-2010 msg=Account has insufficient balance for requested action. body={"code":-2010,"msg":"Account has insufficient balance for requested action."}
[14:14:14.240] [EXEC] [EXEC] REALIZED pnl=+0.798768
[14:14:17.784] [EXEC] [EXEC] BLOCK reason=balance_low
[14:14:21.723] [EXEC] [EXEC] BUY ORDER SENT orderId=382213712 price=81092.98 qty=0.184970
[14:14:21.725] [EXEC] [EXEC] PLACE BUY price=81092.98 qty=0.184970
[14:14:22.007] [EXEC] [EXEC] BUY FILLED id=382213712
[14:14:23.319] [EXEC] [EXEC] PLACE SELL price=81105.14 qty=0.184970
[14:14:23.585] [EXEC] [EXEC] SELL ORDER SENT orderId=382213915
[14:14:26.232] [EXEC] [EXEC] REALIZED pnl=+2.249235
[14:14:27.132] [EXEC] [EXEC] BUY ORDER SENT orderId=382214212 price=81105.82 qty=0.184940
[14:14:27.135] [EXEC] [EXEC] PLACE BUY price=81105.82 qty=0.184940
[14:14:32.480] [EXEC] [EXEC] BUY TIMEOUT orderId=382214212
[14:14:32.484] [EXEC] [EXEC] CANCEL BUY orderId=382214212
[14:14:32.787] [EXEC] [EXEC] BUY CANCELED confirmed
[14:14:33.083] [EXEC] [EXEC] BUY FINAL STATUS status=CANCELED orderId=382214212
[14:14:33.085] [EXEC] [EXEC] BLOCK reason=buy_not_filled
[14:14:33.085] [EXEC] [EXEC] BLOCK reason=balance_low
[14:14:41.898] [EXEC] [EXEC] BUY ORDER SENT orderId=382214919 price=81108.01 qty=0.184930
[14:14:41.901] [EXEC] [EXEC] PLACE BUY price=81108.01 qty=0.184930
[14:14:44.108] [EXEC] [EXEC] PLACE SELL price=81110.84 qty=0.184930
[14:14:44.383] [EXEC] [EXEC] SELL ORDER SENT orderId=382215034
[14:14:44.981] [EXEC] [EXEC] REALIZED pnl=+0.523352
[14:14:51.319] [EXEC] [EXEC] BUY ORDER SENT orderId=382215482 price=81113.73 qty=0.184920
[14:14:51.319] [EXEC] [EXEC] PLACE BUY price=81113.73 qty=0.184920
[14:14:54.054] [EXEC] [EXEC] BUY FILLED id=382215482
[14:14:54.061] [EXEC] [EXEC] BLOCK reason=balance_low
[14:14:54.620] [EXEC] [EXEC] PLACE SELL price=81121.08 qty=0.184920
[14:14:54.882] [EXEC] [EXEC] SELL ORDER SENT orderId=382215716
[14:14:56.022] [EXEC] [EXEC] REALIZED pnl=+1.359162
[14:15:04.631] [EXEC] [EXEC] BUY ORDER SENT orderId=382216339 price=81136.03 qty=0.184870
[14:15:04.632] [EXEC] [EXEC] PLACE BUY price=81136.03 qty=0.184870
[14:15:05.631] [EXEC] [EXEC] BUY FILLED id=382216339
[14:15:07.378] [EXEC] [EXEC] PLACE SELL price=81138.02 qty=0.184870
[14:15:07.649] [EXEC] [EXEC] SELL ORDER SENT orderId=382216602
[14:15:09.367] [EXEC] [EXEC] CANCEL SELL orderId=382216602
[14:15:09.742] [EXEC] [EXEC] HARD SL triggered
[14:15:09.746] [EXEC] [EXEC] PANIC EXIT sl_mode
[14:15:09.749] [EXEC] [EXEC] FORCE EXIT price=81133.37
[14:15:09.751] [EXEC] [EXEC] PLACE SELL price=81133.37 qty=0.184870
[14:15:10.517] [EXEC] [EXEC] SELL ORDER SENT orderId=382216826
[14:15:13.148] [EXEC] [EXEC] SELL TIMEOUT orderId=382216826
[14:15:13.164] [EXEC] [EXEC] CANCEL SELL orderId=382216826
[14:15:13.722] [EXEC] [EXEC] SELL FINAL STATUS status=CANCELED orderId=382216826
[14:15:13.725] [EXEC] [EXEC] PANIC EXIT final_recover_place_sell
[14:15:13.725] [EXEC] [EXEC] PANIC EXIT panic_final_recover
[14:15:13.725] [EXEC] [EXEC] FORCE EXIT price=81132.36
[14:15:13.725] [EXEC] [EXEC] PLACE SELL price=81132.36 qty=0.184870
[14:15:13.991] [EXEC] [EXEC] PANIC SELL FAILED reason=Binance request failed status=400 code=-2010 msg=Account has insufficient balance for requested action. body={"code":-2010,"msg":"Account has insufficient balance for requested action."}
[14:15:15.089] [EXEC] [EXEC] WATCHDOG position open without sell -> recover
[14:15:15.413] [EXEC] [EXEC] PLACE SELL price=81136.07 qty=0.184870
[14:15:16.677] [EXEC] [EXEC] PLACE SELL price=81141.63 qty=0.184870
[14:15:17.476] [EXEC] [EXEC] PLACE SELL price=81142.10 qty=0.184870
[14:15:18.255] [EXEC] [EXEC] PLACE SELL price=81142.10 qty=0.184870
[14:15:20.006] [EXEC] [EXEC] PLACE SELL price=81136.07 qty=0.184870
[14:16:31.021] [EXEC] [EXEC] LIVE ON
[14:16:31.021] [EXEC] [EXEC] WAIT READY
[14:16:32.039] [EXEC] [EXEC] BUY ORDER SENT orderId=382221252 price=81132.01 qty=0.184880
[14:16:32.040] [EXEC] [EXEC] PLACE BUY price=81132.01 qty=0.184880
[14:16:36.226] [EXEC] [EXEC] PLACE SELL price=81143.47 qty=0.184880
[14:16:36.492] [EXEC] [EXEC] SELL ORDER SENT orderId=382221596
[14:16:38.457] [EXEC] [EXEC] CANCEL SELL orderId=382221596
[14:16:38.726] [EXEC] [EXEC] HARD SL triggered
[14:16:38.744] [EXEC] [EXEC] PANIC EXIT sl_mode
[14:16:38.745] [EXEC] [EXEC] FORCE EXIT price=81133.76
[14:16:38.747] [EXEC] [EXEC] PLACE SELL price=81133.76 qty=0.184880
[14:16:39.048] [EXEC] [EXEC] SELL ORDER SENT orderId=382221700
[14:16:39.599] [EXEC] [EXEC] REALIZED pnl=+0.323540
[14:16:42.860] [EXEC] [EXEC] BUY ORDER SENT orderId=382221982 price=81138.94 qty=0.184860
[14:16:42.864] [EXEC] [EXEC] PLACE BUY price=81138.94 qty=0.184860
[14:16:47.617] [EXEC] [EXEC] BUY TIMEOUT orderId=382221982
[14:16:47.617] [EXEC] [EXEC] CANCEL BUY orderId=382221982
[14:16:47.881] [EXEC] [EXEC] BUY CANCELED confirmed
[14:16:48.146] [EXEC] [EXEC] BUY FINAL STATUS status=CANCELED orderId=382221982
[14:16:48.146] [EXEC] [EXEC] BLOCK reason=buy_not_filled
[14:16:53.991] [EXEC] [EXEC] BUY ORDER SENT orderId=382222695 price=81158.90 qty=0.184820
[14:16:54.008] [EXEC] [EXEC] PLACE BUY price=81158.90 qty=0.184820
[14:16:56.840] [EXEC] [EXEC] BUY FILLED id=382222695
[14:16:58.040] [EXEC] [EXEC] PLACE SELL price=81166.48 qty=0.184820
[14:16:58.311] [EXEC] [EXEC] SELL ORDER SENT orderId=382222948
[14:16:59.272] [EXEC] [EXEC] CANCEL SELL orderId=382222948
[14:16:59.538] [EXEC] [EXEC] HARD SL triggered
[14:16:59.538] [EXEC] [EXEC] PANIC EXIT sl_mode
[14:16:59.554] [EXEC] [EXEC] FORCE EXIT price=81167.48
[14:16:59.555] [EXEC] [EXEC] PLACE SELL price=81167.48 qty=0.184820
[14:16:59.819] [EXEC] [EXEC] SELL ORDER SENT orderId=382223013
[14:17:02.397] [EXEC] [EXEC] SELL TIMEOUT orderId=382223013
[14:17:02.397] [EXEC] [EXEC] CANCEL SELL orderId=382223013
[14:17:02.963] [EXEC] [EXEC] SELL FINAL STATUS status=CANCELED orderId=382223013
[14:17:02.966] [EXEC] [EXEC] PANIC EXIT final_recover_place_sell
[14:17:02.968] [EXEC] [EXEC] PANIC EXIT panic_final_recover
[14:17:02.969] [EXEC] [EXEC] FORCE EXIT price=81158.84
[14:17:02.970] [EXEC] [EXEC] PLACE SELL price=81158.84 qty=0.184820
[14:17:03.235] [EXEC] [EXEC] SELL ORDER SENT orderId=382223196
[14:17:05.236] [EXEC] [EXEC] SELL TIMEOUT orderId=382223196
[14:17:05.239] [EXEC] [EXEC] CANCEL SELL orderId=382223196
[14:17:05.772] [EXEC] [EXEC] SELL FINAL STATUS status=CANCELED orderId=382223196
[14:17:05.772] [EXEC] [EXEC] PANIC EXIT final_recover_place_sell
[14:17:05.772] [EXEC] [EXEC] PANIC EXIT panic_final_recover
[14:17:05.772] [EXEC] [EXEC] FORCE EXIT price=81157.68
[14:17:05.772] [EXEC] [EXEC] PLACE SELL price=81157.68 qty=0.184820
[14:17:06.052] [EXEC] [EXEC] SELL ORDER SENT orderId=382223479
[14:17:10.490] [EXEC] [EXEC] SELL TIMEOUT orderId=382223479
[14:17:10.494] [EXEC] [EXEC] CANCEL SELL orderId=382223479
[14:17:11.052] [EXEC] [EXEC] SELL FINAL STATUS status=CANCELED orderId=382223479
[14:17:11.056] [EXEC] [EXEC] PANIC EXIT final_recover_place_sell
[14:17:11.059] [EXEC] [EXEC] PANIC EXIT panic_final_recover
[14:17:11.062] [EXEC] [EXEC] FORCE EXIT price=81130.58
[14:17:11.064] [EXEC] [EXEC] PLACE SELL price=81130.58 qty=0.184820
[14:17:11.334] [EXEC] [EXEC] SELL ORDER SENT orderId=382223911
[14:17:11.845] [EXEC] [EXEC] SELL FILLED id=382223911
[14:17:11.852] [EXEC] [EXEC] SELL FILLED qty=0.184820 remaining=0.000000
[14:17:11.853] [EXEC] [EXEC] REALIZED pnl=-5.234102
[14:17:14.984] [EXEC] [EXEC] BUY ORDER SENT orderId=382224016 price=81124.01 qty=0.184900
[14:17:14.987] [EXEC] [EXEC] PLACE BUY price=81124.01 qty=0.184900
[14:17:19.522] [EXEC] [EXEC] PLACE SELL price=81132.99 qty=0.184900
[14:17:19.800] [EXEC] [EXEC] SELL ORDER SENT orderId=382224099
[14:17:24.616] [EXEC] [EXEC] SELL TIMEOUT orderId=382224099
[14:17:24.620] [EXEC] [EXEC] CANCEL SELL orderId=382224099
[14:17:25.164] [EXEC] [EXEC] SELL FINAL STATUS status=CANCELED orderId=382224099
[14:17:25.168] [EXEC] [EXEC] PANIC EXIT final_recover_place_sell
[14:17:25.170] [EXEC] [EXEC] PANIC EXIT panic_final_recover
[14:17:25.173] [EXEC] [EXEC] FORCE EXIT price=81120.01
[14:17:25.175] [EXEC] [EXEC] PLACE SELL price=81120.01 qty=0.184900
[14:17:25.443] [EXEC] [EXEC] SELL ORDER SENT orderId=382224374
[14:17:25.991] [EXEC] [EXEC] REALIZED pnl=-0.671101
[14:17:27.378] [EXEC] [EXEC] BUY ORDER SENT orderId=382224561 price=81130.15 qty=0.184880
[14:17:27.382] [EXEC] [EXEC] PLACE BUY price=81130.15 qty=0.184880
[14:17:29.841] [EXEC] [EXEC] PLACE SELL price=81132.55 qty=0.184880
[14:17:30.147] [EXEC] [EXEC] SELL ORDER SENT orderId=382224715
[14:17:30.695] [EXEC] [EXEC] REALIZED pnl=+0.443712
[14:17:31.069] [EXEC] [EXEC] BUY ORDER SENT orderId=382224786 price=81124.01 qty=0.184900
[14:17:31.072] [EXEC] [EXEC] PLACE BUY price=81124.01 qty=0.184900
[14:17:34.435] [EXEC] [EXEC] PLACE SELL price=81129.20 qty=0.184900
[14:17:34.693] [EXEC] [EXEC] SELL ORDER SENT orderId=382225092
[14:17:39.028] [EXEC] [EXEC] SELL TIMEOUT orderId=382225092
[14:17:39.031] [EXEC] [EXEC] CANCEL SELL orderId=382225092
[14:17:39.553] [EXEC] [EXEC] SELL FINAL STATUS status=CANCELED orderId=382225092
[14:17:39.553] [EXEC] [EXEC] PANIC EXIT final_recover_place_sell
[14:17:39.553] [EXEC] [EXEC] PANIC EXIT panic_final_recover
[14:17:39.553] [EXEC] [EXEC] FORCE EXIT price=81097.00
[14:17:39.553] [EXEC] [EXEC] PLACE SELL price=81097.00 qty=0.184900
[14:17:39.880] [EXEC] [EXEC] SELL ORDER SENT orderId=382225415
[14:17:41.084] [EXEC] [EXEC] REALIZED pnl=-4.989291
[14:17:42.055] [EXEC] [EXEC] BUY ORDER SENT orderId=382225556 price=81092.01 qty=0.184970
[14:17:42.058] [EXEC] [EXEC] PLACE BUY price=81092.01 qty=0.184970
[14:17:46.906] [EXEC] [EXEC] BUY TIMEOUT orderId=382225556
[14:17:46.906] [EXEC] [EXEC] CANCEL BUY orderId=382225556
[14:17:47.175] [EXEC] [EXEC] BUY CANCELED confirmed
[14:17:47.445] [EXEC] [EXEC] BUY FINAL STATUS status=CANCELED orderId=382225556
[14:17:47.448] [EXEC] [EXEC] BLOCK reason=buy_not_filled
[14:17:49.678] [EXEC] [EXEC] BUY ORDER SENT orderId=382225676 price=81098.09 qty=0.184960
[14:17:49.696] [EXEC] [EXEC] PLACE BUY price=81098.09 qty=0.184960
[14:17:50.678] [EXEC] [EXEC] BUY FILLED id=382225676
[14:17:51.974] [EXEC] [EXEC] PLACE SELL price=81100.04 qty=0.184960
[14:17:52.243] [EXEC] [EXEC] SELL ORDER SENT orderId=382225732
[14:17:53.340] [EXEC] [EXEC] REALIZED pnl=+0.360672
[14:17:53.788] [EXEC] [EXEC] BUY ORDER SENT orderId=382225769 price=81097.74 qty=0.184960
[14:17:53.788] [EXEC] [EXEC] PLACE BUY price=81097.74 qty=0.184960
[14:17:55.428] [EXEC] [EXEC] PLACE SELL price=81101.15 qty=0.184960
[14:17:55.694] [EXEC] [EXEC] SELL ORDER SENT orderId=382225781
[14:17:56.991] [EXEC] [EXEC] CANCEL SELL orderId=382225781
[14:17:57.255] [EXEC] [EXEC] HARD SL triggered
[14:17:57.258] [EXEC] [EXEC] PANIC EXIT sl_mode
[14:17:57.259] [EXEC] [EXEC] FORCE EXIT price=81100.14
[14:17:57.260] [EXEC] [EXEC] PLACE SELL price=81100.14 qty=0.184960
[14:17:57.523] [EXEC] [EXEC] SELL ORDER SENT orderId=382225862
[14:17:58.538] [EXEC] [EXEC] REALIZED pnl=+0.443904
[14:17:59.147] [EXEC] [EXEC] BUY ORDER SENT orderId=382226036 price=81104.75 qty=0.184940
[14:17:59.147] [EXEC] [EXEC] PLACE BUY price=81104.75 qty=0.184940
[14:18:00.475] [EXEC] [EXEC] PLACE SELL price=81103.85 qty=0.184940
[14:18:00.760] [EXEC] [EXEC] SELL ORDER SENT orderId=382226308
[14:18:04.663] [EXEC] [EXEC] SELL TIMEOUT orderId=382226308
[14:18:04.666] [EXEC] [EXEC] CANCEL SELL orderId=382226308
[14:18:20.417] [EXEC] [EXEC] LIVE ON
[14:18:20.419] [EXEC] [EXEC] WAIT READY
[14:18:22.111] [EXEC] [EXEC] BUY ORDER SENT orderId=382227899 price=81044.18 qty=0.000180
[14:18:22.116] [EXEC] [EXEC] PLACE BUY price=81044.18 qty=0.000180
[14:18:24.600] [EXEC] [EXEC] PLACE SELL price=81054.19 qty=0.000180
[14:18:24.865] [EXEC] [EXEC] SELL ORDER SENT orderId=382228073
[14:18:27.718] [EXEC] [EXEC] SELL FILLED id=382228073
[14:18:27.721] [EXEC] [EXEC] SELL FILLED qty=0.000180 remaining=0.000000
[14:18:27.723] [EXEC] [EXEC] REALIZED pnl=+0.001802
[14:18:30.575] [EXEC] [EXEC] BUY ORDER SENT orderId=382228374 price=81047.38 qty=0.000180
[14:18:30.579] [EXEC] [EXEC] PLACE BUY price=81047.38 qty=0.000180
[14:18:31.179] [EXEC] [EXEC] PLACE SELL price=81052.51 qty=0.000180
[14:18:31.459] [EXEC] [EXEC] SELL ORDER SENT orderId=382228435
[14:18:33.256] [EXEC] [EXEC] CANCEL SELL orderId=382228435
[14:18:33.538] [EXEC] [EXEC] HARD SL triggered
[14:18:33.538] [EXEC] [EXEC] PANIC EXIT sl_mode
[14:18:33.538] [EXEC] [EXEC] FORCE EXIT price=81049.00
[14:18:33.538] [EXEC] [EXEC] PLACE SELL price=81049.00 qty=0.000180
[14:18:33.808] [EXEC] [EXEC] SELL ORDER SENT orderId=382228492
[14:18:35.989] [EXEC] [EXEC] REALIZED pnl=+0.000292
[14:18:37.427] [EXEC] [EXEC] BUY ORDER SENT orderId=382228594 price=81046.39 qty=0.000180
[14:18:37.429] [EXEC] [EXEC] PLACE BUY price=81046.39 qty=0.000180
[14:18:39.398] [EXEC] [EXEC] PLACE SELL price=81050.72 qty=0.000180
[14:18:39.675] [EXEC] [EXEC] SELL ORDER SENT orderId=382228641
[14:18:41.000] [EXEC] [EXEC] SELL FILLED id=382228641
[14:18:41.003] [EXEC] [EXEC] SELL FILLED qty=0.000180 remaining=0.000000
[14:18:41.004] [EXEC] [EXEC] REALIZED pnl=+0.000779
[14:18:42.533] [EXEC] [EXEC] BUY ORDER SENT orderId=382228704 price=81045.10 qty=0.000180
[14:18:42.536] [EXEC] [EXEC] PLACE BUY price=81045.10 qty=0.000180
[14:18:47.600] [EXEC] [EXEC] BUY TIMEOUT orderId=382228704
[14:18:47.600] [EXEC] [EXEC] CANCEL BUY orderId=382228704
[14:18:47.879] [EXEC] [EXEC] BUY CANCELED confirmed
[14:18:48.149] [EXEC] [EXEC] BUY FINAL STATUS status=CANCELED orderId=382228704
[14:18:48.152] [EXEC] [EXEC] BLOCK reason=buy_not_filled
[14:18:51.558] [EXEC] [EXEC] BUY ORDER SENT orderId=382229296 price=81072.24 qty=0.000180
[14:18:51.561] [EXEC] [EXEC] PLACE BUY price=81072.24 qty=0.000180
[14:18:55.451] [EXEC] [EXEC] BUY TIMEOUT orderId=382229296
[14:18:55.455] [EXEC] [EXEC] CANCEL BUY orderId=382229296
[14:18:55.722] [EXEC] [EXEC] BUY CANCELED confirmed
[14:18:56.004] [EXEC] [EXEC] BUY FINAL STATUS status=CANCELED orderId=382229296
[14:18:56.007] [EXEC] [EXEC] BLOCK reason=buy_not_filled
[14:18:57.658] [EXEC] [EXEC] BUY ORDER SENT orderId=382229744 price=81090.19 qty=0.000180
[14:18:57.662] [EXEC] [EXEC] PLACE BUY price=81090.19 qty=0.000180
[14:18:58.351] [EXEC] [EXEC] PLACE SELL price=81094.16 qty=0.000180
[14:18:58.647] [EXEC] [EXEC] SELL ORDER SENT orderId=382229763
[14:19:02.194] [EXEC] [EXEC] SELL TIMEOUT orderId=382229763
[14:19:02.198] [EXEC] [EXEC] CANCEL SELL orderId=382229763
[14:19:02.815] [EXEC] [EXEC] SELL FINAL STATUS status=CANCELED orderId=382229763
[14:19:02.818] [EXEC] [EXEC] PANIC EXIT final_recover_place_sell
[14:19:02.819] [EXEC] [EXEC] PANIC EXIT panic_final_recover
[14:19:02.819] [EXEC] [EXEC] FORCE EXIT price=81091.96
[14:19:02.819] [EXEC] [EXEC] PLACE SELL price=81091.96 qty=0.000180
[14:19:03.141] [EXEC] [EXEC] SELL ORDER SENT orderId=382230049
[14:19:06.588] [EXEC] [EXEC] SELL TIMEOUT orderId=382230049
[14:19:06.591] [EXEC] [EXEC] CANCEL SELL orderId=382230049
[14:19:07.131] [EXEC] [EXEC] SELL FINAL STATUS status=CANCELED orderId=382230049
[14:19:07.131] [EXEC] [EXEC] PANIC EXIT final_recover_place_sell
[14:19:07.131] [EXEC] [EXEC] PANIC EXIT panic_final_recover
[14:19:07.131] [EXEC] [EXEC] FORCE EXIT price=81088.98
[14:19:07.131] [EXEC] [EXEC] PLACE SELL price=81088.98 qty=0.000180
[14:19:07.410] [EXEC] [EXEC] SELL ORDER SENT orderId=382230271
[14:19:10.007] [EXEC] [EXEC] SELL TIMEOUT orderId=382230271
[14:19:10.007] [EXEC] [EXEC] CANCEL SELL orderId=382230271
[14:19:10.623] [EXEC] [EXEC] SELL FINAL STATUS status=CANCELED orderId=382230271
[14:19:10.627] [EXEC] [EXEC] PANIC EXIT final_recover_place_sell
[14:19:10.628] [EXEC] [EXEC] PANIC EXIT panic_final_recover
[14:19:10.629] [EXEC] [EXEC] FORCE EXIT price=81077.41
[14:19:10.631] [EXEC] [EXEC] PLACE SELL price=81077.41 qty=0.000180
[14:19:10.881] [EXEC] [EXEC] SELL ORDER SENT orderId=382230487
[14:19:12.803] [EXEC] [EXEC] SELL TIMEOUT orderId=382230487
[14:19:12.819] [EXEC] [EXEC] CANCEL SELL orderId=382230487
[14:19:13.350] [EXEC] [EXEC] SELL FINAL STATUS status=CANCELED orderId=382230487
[14:19:13.365] [EXEC] [EXEC] PANIC EXIT final_recover_place_sell
[14:19:13.365] [EXEC] [EXEC] PANIC EXIT panic_final_recover
[14:19:13.365] [EXEC] [EXEC] FORCE EXIT price=81075.41
[14:19:13.365] [EXEC] [EXEC] PLACE SELL price=81075.41 qty=0.000180
[14:19:13.645] [EXEC] [EXEC] SELL ORDER SENT orderId=382230655
[14:19:16.319] [EXEC] [EXEC] SELL FILLED id=382230655
[14:19:16.336] [EXEC] [EXEC] SELL FILLED qty=0.000180 remaining=0.000000
[14:19:16.339] [EXEC] [EXEC] REALIZED pnl=-0.002660
[14:19:17.585] [EXEC] [EXEC] BUY ORDER SENT orderId=382230768 price=81075.21 qty=0.000180
[14:19:17.601] [EXEC] [EXEC] PLACE BUY price=81075.21 qty=0.000180
[14:19:19.241] [EXEC] [EXEC] PLACE SELL price=81078.07 qty=0.000180
[14:19:19.530] [EXEC] [EXEC] SELL ORDER SENT orderId=382230838
[14:19:23.646] [EXEC] [EXEC] SELL TIMEOUT orderId=382230838
[14:19:23.646] [EXEC] [EXEC] CANCEL SELL orderId=382230838
[14:19:24.195] [EXEC] [EXEC] SELL FINAL STATUS status=CANCELED orderId=382230838
[14:19:24.198] [EXEC] [EXEC] PANIC EXIT final_recover_place_sell
[14:19:24.201] [EXEC] [EXEC] PANIC EXIT panic_final_recover
[14:19:24.203] [EXEC] [EXEC] FORCE EXIT price=81075.86
[14:19:24.205] [EXEC] [EXEC] PLACE SELL price=81075.86 qty=0.000180
[14:19:24.480] [EXEC] [EXEC] SELL ORDER SENT orderId=382231000
[14:19:25.937] [EXEC] [EXEC] SELL FILLED id=382231000
[14:19:25.941] [EXEC] [EXEC] SELL FILLED qty=0.000180 remaining=0.000000
[14:19:25.944] [EXEC] [EXEC] REALIZED pnl=+0.000117
[14:19:28.449] [EXEC] [EXEC] BUY ORDER SENT orderId=382231308 price=81086.61 qty=0.000180
[14:19:28.453] [EXEC] [EXEC] PLACE BUY price=81086.61 qty=0.000180
[14:19:32.382] [EXEC] [EXEC] BUY FILLED id=382231308
[14:19:33.678] [EXEC] [EXEC] PLACE SELL price=81086.65 qty=0.000180
[14:19:33.950] [EXEC] [EXEC] SELL ORDER SENT orderId=382231669
[14:19:34.601] [EXEC] [EXEC] CANCEL SELL orderId=382231669
[14:19:34.869] [EXEC] [EXEC] HARD SL triggered
[14:19:34.874] [EXEC] [EXEC] PANIC EXIT sl_mode
[14:19:34.877] [EXEC] [EXEC] FORCE EXIT price=81064.77
[14:19:34.880] [EXEC] [EXEC] PLACE SELL price=81064.77 qty=0.000180
[14:19:35.131] [EXEC] [EXEC] SELL ORDER SENT orderId=382231759
[14:19:36.989] [EXEC] [EXEC] SELL FILLED id=382231759
[14:19:36.993] [EXEC] [EXEC] SELL FILLED qty=0.000180 remaining=0.000000
[14:19:36.995] [EXEC] [EXEC] REALIZED pnl=-0.003931
[14:19:41.010] [EXEC] [EXEC] BUY ORDER SENT orderId=382232051 price=81055.37 qty=0.000180
[14:19:41.015] [EXEC] [EXEC] PLACE BUY price=81055.37 qty=0.000180
[14:19:44.991] [EXEC] [EXEC] BUY TIMEOUT orderId=382232051
[14:19:45.008] [EXEC] [EXEC] CANCEL BUY orderId=382232051
[14:19:45.292] [EXEC] [EXEC] BUY CANCELED confirmed
[14:19:45.557] [EXEC] [EXEC] BUY FINAL STATUS status=CANCELED orderId=382232051
[14:19:45.560] [EXEC] [EXEC] BLOCK reason=buy_not_filled
[14:19:46.866] [EXEC] [EXEC] BUY ORDER SENT orderId=382232427 price=81075.93 qty=0.000180
[14:19:46.872] [EXEC] [EXEC] PLACE BUY price=81075.93 qty=0.000180
[14:19:48.882] [EXEC] [EXEC] BUY FILLED id=382232427
[14:25:42.459] [EXEC] [EXEC] LIVE ON
[14:25:42.459] [EXEC] [EXEC] WAIT READY
[14:25:42.991] [EXEC] [EXEC] BUY ORDER SENT orderId=382256004 price=80964.01 qty=0.123510
[14:25:42.995] [EXEC] [EXEC] PLACE BUY price=80964.01 qty=0.123510
[14:25:43.279] [EXEC] [EXEC] BUY FILLED id=382256004
[14:25:44.788] [EXEC] [EXEC] PLACE SELL price=80968.75 qty=0.123510
[14:25:45.051] [EXEC] [EXEC] SELL ORDER SENT orderId=382256214
[14:25:46.194] [EXEC] [EXEC] CANCEL SELL orderId=382256214
[14:25:46.465] [EXEC] [EXEC] HARD SL triggered
[14:25:46.468] [EXEC] [EXEC] PANIC EXIT sl_mode
[14:25:46.470] [EXEC] [EXEC] FORCE EXIT price=80944.40
[14:25:46.471] [EXEC] [EXEC] PLACE SELL price=80944.40 qty=0.123510
[14:25:46.725] [EXEC] [EXEC] SELL ORDER SENT orderId=382256446
[14:25:47.757] [EXEC] [EXEC] REALIZED pnl=-2.422031
[14:25:49.123] [EXEC] [EXEC] BUY ORDER SENT orderId=382256816 price=80927.00 qty=0.123560
[14:25:49.127] [EXEC] [EXEC] PLACE BUY price=80927.00 qty=0.123560
[14:25:50.516] [EXEC] [EXEC] BUY FILLED id=382256816
[14:25:51.208] [EXEC] [EXEC] PLACE SELL price=80927.02 qty=0.123560
[14:25:51.490] [EXEC] [EXEC] SELL ORDER SENT orderId=382257129
[14:25:52.537] [EXEC] [EXEC] REALIZED pnl=+0.004816
[14:25:53.722] [EXEC] [EXEC] BUY ORDER SENT orderId=382257230 price=80926.98 qty=0.123560
[14:25:53.726] [EXEC] [EXEC] PLACE BUY price=80926.98 qty=0.123560
[14:25:55.027] [EXEC] [EXEC] BUY FILLED id=382257230
[14:25:55.602] [EXEC] [EXEC] PLACE SELL price=80927.50 qty=0.123560
[14:25:55.866] [EXEC] [EXEC] SELL ORDER SENT orderId=382257342
[14:25:56.966] [EXEC] [EXEC] REALIZED pnl=+0.064251
[14:25:57.717] [EXEC] [EXEC] BUY ORDER SENT orderId=382257544 price=80940.71 qty=0.123540
[14:25:57.723] [EXEC] [EXEC] PLACE BUY price=80940.71 qty=0.123540
[14:25:59.273] [EXEC] [EXEC] PLACE SELL price=80940.75 qty=0.123540
[14:25:59.554] [EXEC] [EXEC] SELL ORDER SENT orderId=382257672
[14:26:00.074] [EXEC] [EXEC] REALIZED pnl=+0.004942
[14:26:01.122] [EXEC] [EXEC] BUY ORDER SENT orderId=382257832 price=80932.00 qty=0.123560
[14:26:01.125] [EXEC] [EXEC] PLACE BUY price=80932.00 qty=0.123560
[14:26:02.346] [EXEC] [EXEC] PLACE SELL price=80935.50 qty=0.123560
[14:26:03.108] [EXEC] [EXEC] SELL ORDER SENT orderId=382257965
[14:26:03.663] [EXEC] [EXEC] REALIZED pnl=+0.432460
[14:26:04.083] [EXEC] [EXEC] BUY ORDER SENT orderId=382258034 price=80936.84 qty=0.123550
[14:26:04.087] [EXEC] [EXEC] PLACE BUY price=80936.84 qty=0.123550
[14:26:09.097] [EXEC] [EXEC] BUY TIMEOUT orderId=382258034
[14:26:09.100] [EXEC] [EXEC] CANCEL BUY orderId=382258034
[14:26:09.372] [EXEC] [EXEC] BUY CANCELED confirmed
[14:26:09.635] [EXEC] [EXEC] BUY FINAL STATUS status=CANCELED orderId=382258034
[14:26:09.637] [EXEC] [EXEC] BLOCK reason=buy_not_filled
[14:26:10.363] [EXEC] [EXEC] BUY ORDER SENT orderId=382258415 price=80950.91 qty=0.123530
[14:26:10.366] [EXEC] [EXEC] PLACE BUY price=80950.91 qty=0.123530
[14:26:11.689] [EXEC] [EXEC] PLACE SELL price=80950.95 qty=0.123530
[14:26:11.953] [EXEC] [EXEC] SELL ORDER SENT orderId=382258618
[14:26:13.581] [EXEC] [EXEC] CANCEL SELL orderId=382258618
[14:26:13.834] [EXEC] [EXEC] HARD SL triggered
[14:26:13.834] [EXEC] [EXEC] PANIC EXIT sl_mode
[14:26:13.850] [EXEC] [EXEC] FORCE EXIT price=80941.37
[14:26:13.850] [EXEC] [EXEC] PLACE SELL price=80941.37 qty=0.123530
[14:26:14.100] [EXEC] [EXEC] SELL ORDER SENT orderId=382258770
[14:26:17.898] [EXEC] [EXEC] SELL TIMEOUT orderId=382258770
[14:26:17.898] [EXEC] [EXEC] CANCEL SELL orderId=382258770
[14:26:18.428] [EXEC] [EXEC] SELL FINAL STATUS status=CANCELED orderId=382258770
[14:26:18.428] [EXEC] [EXEC] PANIC EXIT final_recover_place_sell
[14:26:18.428] [EXEC] [EXEC] PANIC EXIT panic_final_recover
[14:26:18.428] [EXEC] [EXEC] FORCE EXIT price=80937.00
[14:26:18.428] [EXEC] [EXEC] PLACE SELL price=80937.00 qty=0.123530
[14:26:18.693] [EXEC] [EXEC] SELL ORDER SENT orderId=382259142
[14:26:19.759] [EXEC] [EXEC] REALIZED pnl=-1.718302
[14:26:20.147] [EXEC] [EXEC] BUY ORDER SENT orderId=382259212 price=80934.44 qty=0.123550
[14:26:20.147] [EXEC] [EXEC] PLACE BUY price=80934.44 qty=0.123550
[14:26:24.550] [EXEC] [EXEC] BUY TIMEOUT orderId=382259212
[14:26:24.553] [EXEC] [EXEC] CANCEL BUY orderId=382259212
[14:26:24.815] [EXEC] [EXEC] BUY CANCELED confirmed
[14:26:25.079] [EXEC] [EXEC] BUY FINAL STATUS status=CANCELED orderId=382259212
[14:26:25.082] [EXEC] [EXEC] BLOCK reason=buy_not_filled
[14:26:26.960] [EXEC] [EXEC] BUY ORDER SENT orderId=382259650 price=80933.71 qty=0.123550
[14:26:26.967] [EXEC] [EXEC] PLACE BUY price=80933.71 qty=0.123550
[14:26:27.370] [EXEC] [EXEC] BUY FILLED id=382259650
[14:26:29.509] [EXEC] [EXEC] PLACE SELL price=80946.03 qty=0.123550
[14:26:29.773] [EXEC] [EXEC] SELL ORDER SENT orderId=382259855
[14:26:30.303] [EXEC] [EXEC] REALIZED pnl=+1.536288
[14:26:31.202] [EXEC] [EXEC] BUY ORDER SENT orderId=382259905 price=80943.07 qty=0.123540
[14:26:31.205] [EXEC] [EXEC] PLACE BUY price=80943.07 qty=0.123540
[14:26:32.032] [EXEC] [EXEC] PLACE SELL price=80946.24 qty=0.123540
[14:26:32.294] [EXEC] [EXEC] SELL ORDER SENT orderId=382259947
[14:26:33.431] [EXEC] [EXEC] CANCEL SELL orderId=382259947
[14:26:33.704] [EXEC] [EXEC] HARD SL triggered
[14:26:33.709] [EXEC] [EXEC] PANIC EXIT sl_mode
[14:26:33.713] [EXEC] [EXEC] FORCE EXIT price=80947.41
[14:26:33.716] [EXEC] [EXEC] PLACE SELL price=80947.41 qty=0.123540
[14:26:33.974] [EXEC] [EXEC] PANIC SELL FAILED reason=Binance request failed status=400 code=-2010 msg=Account has insufficient balance for requested action. body={"code":-2010,"msg":"Account has insufficient balance for requested action."}
[14:26:34.509] [EXEC] [EXEC] REALIZED pnl=+0.391622
[14:26:34.903] [EXEC] [EXEC] BUY ORDER SENT orderId=382260032 price=80942.70 qty=0.123540
[14:26:34.906] [EXEC] [EXEC] PLACE BUY price=80942.70 qty=0.123540
[14:26:39.100] [EXEC] [EXEC] BUY TIMEOUT orderId=382260032
[14:26:39.115] [EXEC] [EXEC] CANCEL BUY orderId=382260032
[14:26:39.407] [EXEC] [EXEC] BUY CANCELED confirmed
[14:26:39.672] [EXEC] [EXEC] BUY FINAL STATUS status=CANCELED orderId=382260032
[14:26:39.676] [EXEC] [EXEC] BLOCK reason=buy_not_filled
[14:26:40.646] [EXEC] [EXEC] BUY ORDER SENT orderId=382260413 price=80953.67 qty=0.123520
[14:26:40.646] [EXEC] [EXEC] PLACE BUY price=80953.67 qty=0.123520
[14:26:41.850] [EXEC] [EXEC] PLACE SELL price=80954.15 qty=0.123520
[14:26:42.100] [EXEC] [EXEC] SELL ORDER SENT orderId=382260483
[14:26:43.142] [EXEC] [EXEC] REALIZED pnl=+0.059290
[14:26:43.709] [EXEC] [EXEC] BUY ORDER SENT orderId=382260595 price=80951.12 qty=0.123530
[14:26:43.709] [EXEC] [EXEC] PLACE BUY price=80951.12 qty=0.123530
[14:26:48.312] [EXEC] [EXEC] BUY FILLED id=382260595
[14:26:49.628] [EXEC] [EXEC] PLACE SELL price=80951.16 qty=0.123530
[14:26:49.894] [EXEC] [EXEC] SELL ORDER SENT orderId=382260925
[14:26:51.602] [EXEC] [EXEC] REALIZED pnl=+0.003706
[14:26:52.395] [EXEC] [EXEC] BUY ORDER SENT orderId=382261061 price=80946.23 qty=0.123530
[14:26:52.399] [EXEC] [EXEC] PLACE BUY price=80946.23 qty=0.123530
[14:26:56.406] [EXEC] [EXEC] BUY TIMEOUT orderId=382261061
[14:26:56.410] [EXEC] [EXEC] CANCEL BUY orderId=382261061
[14:26:56.686] [EXEC] [EXEC] BUY CANCELED confirmed
[14:26:56.949] [EXEC] [EXEC] BUY FINAL STATUS status=CANCELED orderId=382261061
[14:26:56.952] [EXEC] [EXEC] BLOCK reason=buy_not_filled
[14:26:58.710] [EXEC] [EXEC] BUY ORDER SENT orderId=382261282 price=80948.54 qty=0.123530
[14:26:58.715] [EXEC] [EXEC] PLACE BUY price=80948.54 qty=0.123530
[14:27:02.600] [EXEC] [EXEC] PLACE SELL price=80948.58 qty=0.123530
[14:27:02.877] [EXEC] [EXEC] SELL ORDER SENT orderId=382261523
[14:27:04.163] [EXEC] [EXEC] CANCEL SELL orderId=382261523
[14:27:04.429] [EXEC] [EXEC] HARD SL triggered
[14:27:04.432] [EXEC] [EXEC] PANIC EXIT sl_mode
[14:27:04.434] [EXEC] [EXEC] FORCE EXIT price=80937.68
[14:27:04.435] [EXEC] [EXEC] PLACE SELL price=80937.68 qty=0.123530
[14:27:04.694] [EXEC] [EXEC] SELL ORDER SENT orderId=382261752
[14:27:08.894] [EXEC] [EXEC] SELL TIMEOUT orderId=382261752
[14:27:08.897] [EXEC] [EXEC] CANCEL SELL orderId=382261752
[14:27:09.451] [EXEC] [EXEC] SELL FINAL STATUS status=CANCELED orderId=382261752
[14:27:09.454] [EXEC] [EXEC] PANIC EXIT final_recover_place_sell
[14:27:09.455] [EXEC] [EXEC] PANIC EXIT panic_final_recover
[14:27:09.457] [EXEC] [EXEC] FORCE EXIT price=80932.18
[14:27:09.458] [EXEC] [EXEC] PLACE SELL price=80932.18 qty=0.123530
[14:27:09.718] [EXEC] [EXEC] SELL ORDER SENT orderId=382261963
[14:27:12.468] [EXEC] [EXEC] SELL TIMEOUT orderId=382261963
[14:27:12.471] [EXEC] [EXEC] CANCEL SELL orderId=382261963
[14:27:12.994] [EXEC] [EXEC] SELL FINAL STATUS status=CANCELED orderId=382261963
[14:27:12.997] [EXEC] [EXEC] PANIC EXIT final_recover_place_sell
[14:27:13.000] [EXEC] [EXEC] PANIC EXIT panic_final_recover
[14:27:13.002] [EXEC] [EXEC] FORCE EXIT price=80926.96
[14:27:13.003] [EXEC] [EXEC] PLACE SELL price=80926.96 qty=0.123530
[14:27:13.303] [EXEC] [EXEC] SELL ORDER SENT orderId=382262274
[14:27:15.867] [EXEC] [EXEC] SELL TIMEOUT orderId=382262274
[14:27:15.871] [EXEC] [EXEC] CANCEL SELL orderId=382262274
[14:27:16.395] [EXEC] [EXEC] SELL FINAL STATUS status=CANCELED orderId=382262274
[14:27:16.400] [EXEC] [EXEC] PANIC EXIT final_recover_place_sell
[14:27:16.403] [EXEC] [EXEC] PANIC EXIT panic_final_recover
[14:27:16.405] [EXEC] [EXEC] FORCE EXIT price=80920.43
[14:27:16.408] [EXEC] [EXEC] PLACE SELL price=80920.43 qty=0.123530
[14:27:16.663] [EXEC] [EXEC] SELL ORDER SENT orderId=382262566
[14:27:17.692] [EXEC] [EXEC] REALIZED pnl=-3.472428
[14:27:20.503] [EXEC] [EXEC] BUY ORDER SENT orderId=382262797 price=80914.14 qty=0.123580
[14:27:20.506] [EXEC] [EXEC] PLACE BUY price=80914.14 qty=0.123580
[14:27:21.794] [EXEC] [EXEC] PLACE SELL price=80914.18 qty=0.123580
[14:27:22.057] [EXEC] [EXEC] SELL ORDER SENT orderId=382262962
[14:27:26.225] [EXEC] [EXEC] SELL TIMEOUT orderId=382262962
[14:27:26.229] [EXEC] [EXEC] CANCEL SELL orderId=382262962
[14:27:26.762] [EXEC] [EXEC] SELL FINAL STATUS status=CANCELED orderId=382262962
[14:27:26.766] [EXEC] [EXEC] PANIC EXIT final_recover_place_sell
[14:27:26.767] [EXEC] [EXEC] PANIC EXIT panic_final_recover
[14:27:26.768] [EXEC] [EXEC] FORCE EXIT price=80913.00
[14:27:26.769] [EXEC] [EXEC] PLACE SELL price=80913.00 qty=0.123580
[14:27:27.046] [EXEC] [EXEC] SELL ORDER SENT orderId=382263220
[14:27:28.944] [EXEC] [EXEC] SELL TIMEOUT orderId=382263220
[14:27:28.947] [EXEC] [EXEC] CANCEL SELL orderId=382263220
[14:27:29.477] [EXEC] [EXEC] SELL FINAL STATUS status=CANCELED orderId=382263220
[14:27:29.481] [EXEC] [EXEC] PANIC EXIT final_recover_place_sell
[14:27:29.482] [EXEC] [EXEC] PANIC EXIT panic_final_recover
[14:27:29.483] [EXEC] [EXEC] FORCE EXIT price=80908.13
[14:27:29.485] [EXEC] [EXEC] PLACE SELL price=80908.13 qty=0.123580
[14:27:29.741] [EXEC] [EXEC] SELL ORDER SENT orderId=382263414
[14:27:32.712] [EXEC] [EXEC] SELL TIMEOUT orderId=382263414
[14:27:32.715] [EXEC] [EXEC] CANCEL SELL orderId=382263414
[14:27:33.334] [EXEC] [EXEC] SELL FINAL STATUS status=CANCELED orderId=382263414
[14:27:33.338] [EXEC] [EXEC] PANIC EXIT final_recover_place_sell
[14:27:33.339] [EXEC] [EXEC] PANIC EXIT panic_final_recover
[14:27:33.340] [EXEC] [EXEC] FORCE EXIT price=80899.45
[14:27:33.341] [EXEC] [EXEC] PLACE SELL price=80899.45 qty=0.123580
[14:27:33.604] [EXEC] [EXEC] SELL ORDER SENT orderId=382263689
[14:27:35.209] [EXEC] [EXEC] SELL TIMEOUT orderId=382263689
[14:27:35.225] [EXEC] [EXEC] CANCEL SELL orderId=382263689
[14:27:36.226] [EXEC] [EXEC] SELL FINAL STATUS status=CANCELED orderId=382263689
[14:27:36.230] [EXEC] [EXEC] PANIC EXIT final_recover_place_sell
[14:27:36.232] [EXEC] [EXEC] PANIC EXIT panic_final_recover
[14:27:36.234] [EXEC] [EXEC] FORCE EXIT price=80874.61
[14:27:36.234] [EXEC] [EXEC] PLACE SELL price=80874.61 qty=0.123580
[14:27:36.490] [EXEC] [EXEC] SELL ORDER SENT orderId=382264276
[14:27:38.037] [EXEC] [EXEC] SELL FILLED id=382264276
[14:27:38.037] [EXEC] [EXEC] SELL FILLED qty=0.123580 remaining=0.000000
[14:27:38.037] [EXEC] [EXEC] REALIZED pnl=-4.885117
[14:27:39.288] [EXEC] [EXEC] BUY ORDER SENT orderId=382264450 price=80868.01 qty=0.123650
[14:27:39.303] [EXEC] [EXEC] PLACE BUY price=80868.01 qty=0.123650
[14:27:42.506] [EXEC] [EXEC] PLACE SELL price=80868.05 qty=0.123650
[14:27:42.769] [EXEC] [EXEC] SELL ORDER SENT orderId=382264673
[14:27:43.305] [EXEC] [EXEC] REALIZED pnl=+0.004946
[14:27:43.694] [EXEC] [EXEC] BUY ORDER SENT orderId=382264760 price=80869.39 qty=0.123650
[14:27:43.694] [EXEC] [EXEC] PLACE BUY price=80869.39 qty=0.123650
[14:27:45.262] [EXEC] [EXEC] BUY FILLED id=382264760
[14:27:46.555] [EXEC] [EXEC] PLACE SELL price=80871.99 qty=0.123650
[14:27:46.821] [EXEC] [EXEC] SELL ORDER SENT orderId=382265144
[14:27:48.138] [EXEC] [EXEC] CANCEL SELL orderId=382265144
[14:27:48.439] [EXEC] [EXEC] HARD SL triggered
[14:27:48.443] [EXEC] [EXEC] PANIC EXIT sl_mode
[14:27:48.443] [EXEC] [EXEC] FORCE EXIT price=80852.16
[14:27:48.443] [EXEC] [EXEC] PLACE SELL price=80852.16 qty=0.123650
[14:27:48.710] [EXEC] [EXEC] SELL ORDER SENT orderId=382265440
[14:27:53.271] [EXEC] [EXEC] SELL TIMEOUT orderId=382265440
[14:27:53.271] [EXEC] [EXEC] CANCEL SELL orderId=382265440
[14:27:54.287] [EXEC] [EXEC] SELL FINAL STATUS status=CANCELED orderId=382265440
[14:27:54.303] [EXEC] [EXEC] PANIC EXIT final_recover_place_sell
[14:27:54.304] [EXEC] [EXEC] PANIC EXIT panic_final_recover
[14:27:54.305] [EXEC] [EXEC] FORCE EXIT price=80840.99
[14:27:54.306] [EXEC] [EXEC] PLACE SELL price=80840.99 qty=0.123650
[14:27:54.555] [EXEC] [EXEC] SELL ORDER SENT orderId=382265979
[14:27:57.804] [EXEC] [EXEC] SELL TIMEOUT orderId=382265979
[14:27:57.804] [EXEC] [EXEC] CANCEL SELL orderId=382265979
[14:27:58.333] [EXEC] [EXEC] SELL FINAL STATUS status=CANCELED orderId=382265979
[14:27:58.336] [EXEC] [EXEC] PANIC EXIT final_recover_place_sell
[14:27:58.337] [EXEC] [EXEC] PANIC EXIT panic_final_recover
[14:27:58.338] [EXEC] [EXEC] FORCE EXIT price=80816.99
[14:27:58.339] [EXEC] [EXEC] PLACE SELL price=80816.99 qty=0.123650
[14:27:58.600] [EXEC] [EXEC] SELL ORDER SENT orderId=382266289
[14:28:01.293] [EXEC] [EXEC] REALIZED pnl=-6.479260
[14:28:55.703] [EXEC] [EXEC] LIVE ON
[14:28:55.705] [EXEC] [EXEC] WAIT READY
[14:28:57.842] [EXEC] [EXEC] BUY ORDER SENT orderId=382271781 price=80828.00 qty=0.123710
[14:28:57.845] [EXEC] [EXEC] PLACE BUY price=80828.00 qty=0.123710
[14:28:58.741] [EXEC] [EXEC] BUY PARTIAL filled=0.123710 total=0.123710
[14:28:58.741] [EXEC] [EXEC] BUY REMAINING qty=0.000000
[14:28:58.741] [EXEC] [EXEC] POSITION qty=0.123710
[14:28:58.741] [EXEC] [EXEC] BUY FILLED id=382271781
[14:28:59.897] [EXEC] [EXEC] PLACE SELL price=80840.00 qty=0.123710
[14:29:00.165] [EXEC] [EXEC] SELL ORDER SENT orderId=382271967
[14:29:01.647] [EXEC] [EXEC] REALIZED pnl=+1.484520
[14:29:02.459] [EXEC] [EXEC] BUY ORDER SENT orderId=382272094 price=80836.48 qty=0.123700
[14:29:02.459] [EXEC] [EXEC] PLACE BUY price=80836.48 qty=0.123700
[14:29:05.725] [EXEC] [EXEC] PLACE SELL price=80836.52 qty=0.123700
[14:29:05.995] [EXEC] [EXEC] SELL ORDER SENT orderId=382272462
[14:29:07.688] [EXEC] [EXEC] CANCEL SELL orderId=382272462
[14:29:07.959] [EXEC] [EXEC] HARD SL triggered
[14:29:07.960] [EXEC] [EXEC] PANIC EXIT sl_mode
[14:29:07.961] [EXEC] [EXEC] FORCE EXIT price=80828.58
[14:29:07.962] [EXEC] [EXEC] PLACE SELL price=80828.58 qty=0.123700
[14:29:08.224] [EXEC] [EXEC] SELL ORDER SENT orderId=382272527
[14:29:08.835] [EXEC] [EXEC] REALIZED pnl=-0.977230
[14:29:09.928] [EXEC] [EXEC] BUY ORDER SENT orderId=382272784 price=80838.35 qty=0.123700
[14:29:09.943] [EXEC] [EXEC] PLACE BUY price=80838.35 qty=0.123700
[14:29:11.974] [EXEC] [EXEC] BUY PARTIAL filled=0.123700 total=0.123700
[14:29:11.990] [EXEC] [EXEC] BUY REMAINING qty=0.000000
[14:29:11.991] [EXEC] [EXEC] POSITION qty=0.123700
[14:29:11.994] [EXEC] [EXEC] BUY FILLED id=382272784
[14:29:12.842] [EXEC] [EXEC] PLACE SELL price=80841.69 qty=0.123700
[14:29:13.124] [EXEC] [EXEC] SELL ORDER SENT orderId=382272931
[14:29:13.147] [EXEC] [EXEC] CANCEL SELL orderId=382272931
[14:29:13.413] [EXEC] [EXEC] HARD SL triggered
[14:29:13.417] [EXEC] [EXEC] PANIC EXIT sl_mode
[14:29:13.419] [EXEC] [EXEC] FORCE EXIT price=80840.68
[14:29:13.420] [EXEC] [EXEC] PLACE SELL price=80840.68 qty=0.123700
[14:29:13.680] [EXEC] [EXEC] SELL ORDER SENT orderId=382272960
[14:29:16.989] [EXEC] [EXEC] SELL TIMEOUT orderId=382272960
[14:29:16.989] [EXEC] [EXEC] CANCEL SELL orderId=382272960
[14:29:17.522] [EXEC] [EXEC] SELL FINAL STATUS status=CANCELED orderId=382272960
[14:29:17.522] [EXEC] [EXEC] PANIC EXIT final_recover_place_sell
[14:29:17.522] [EXEC] [EXEC] PANIC EXIT panic_final_recover
[14:29:17.522] [EXEC] [EXEC] FORCE EXIT price=80832.99
[14:29:17.522] [EXEC] [EXEC] PLACE SELL price=80832.99 qty=0.123700
[14:29:17.799] [EXEC] [EXEC] SELL ORDER SENT orderId=382273215
[14:29:19.916] [EXEC] [EXEC] REALIZED pnl=-0.663032
[14:29:20.987] [EXEC] [EXEC] BUY ORDER SENT orderId=382273410 price=80831.28 qty=0.123710
[14:29:20.987] [EXEC] [EXEC] PLACE BUY price=80831.28 qty=0.123710
[14:29:21.630] [EXEC] [EXEC] PLACE SELL price=80831.99 qty=0.123710
[14:29:21.902] [EXEC] [EXEC] SELL ORDER SENT orderId=382273448
[14:29:23.194] [EXEC] [EXEC] REALIZED pnl=+0.087834
[14:29:23.476] [EXEC] [EXEC] BUY ORDER SENT orderId=382273535 price=80833.43 qty=0.123710
[14:29:23.476] [EXEC] [EXEC] PLACE BUY price=80833.43 qty=0.123710
[14:29:25.912] [EXEC] [EXEC] BUY PARTIAL filled=0.123710 total=0.123710
[14:29:25.915] [EXEC] [EXEC] BUY REMAINING qty=0.000000
[14:29:25.918] [EXEC] [EXEC] POSITION qty=0.123710
[14:29:25.921] [EXEC] [EXEC] BUY FILLED id=382273535
[14:29:26.019] [EXEC] [EXEC] PLACE SELL price=80833.84 qty=0.123710
[14:29:26.304] [EXEC] [EXEC] SELL ORDER SENT orderId=382273698
[14:29:27.600] [EXEC] [EXEC] CANCEL SELL orderId=382273698
[14:29:27.867] [EXEC] [EXEC] HARD SL triggered
[14:29:27.870] [EXEC] [EXEC] PANIC EXIT sl_mode
[14:29:27.871] [EXEC] [EXEC] FORCE EXIT price=80825.94
[14:29:27.872] [EXEC] [EXEC] PLACE SELL price=80825.94 qty=0.123710
[14:29:28.133] [EXEC] [EXEC] SELL ORDER SENT orderId=382273817
[14:29:29.170] [EXEC] [EXEC] REALIZED pnl=-0.926588
[14:29:30.036] [EXEC] [EXEC] BUY ORDER SENT orderId=382273942 price=80828.01 qty=0.123710
[14:29:30.041] [EXEC] [EXEC] PLACE BUY price=80828.01 qty=0.123710
[14:29:30.725] [EXEC] [EXEC] PLACE SELL price=80828.78 qty=0.123710
[14:29:31.023] [EXEC] [EXEC] SELL ORDER SENT orderId=382274004
[14:29:32.066] [EXEC] [EXEC] REALIZED pnl=+0.095257
[14:29:32.913] [EXEC] [EXEC] BUY ORDER SENT orderId=382274135 price=80834.79 qty=0.123700
[14:29:32.931] [EXEC] [EXEC] PLACE BUY price=80834.79 qty=0.123700
[14:29:34.272] [EXEC] [EXEC] PLACE SELL price=80838.14 qty=0.123700
[14:29:34.537] [EXEC] [EXEC] SELL ORDER SENT orderId=382274203
[14:29:35.584] [EXEC] [EXEC] REALIZED pnl=+0.414395
[14:29:37.055] [EXEC] [EXEC] BUY ORDER SENT orderId=382274384 price=80830.25 qty=0.123710
[14:29:37.061] [EXEC] [EXEC] PLACE BUY price=80830.25 qty=0.123710
[14:29:39.116] [EXEC] [EXEC] BUY PARTIAL filled=0.123710 total=0.123710
[14:29:39.134] [EXEC] [EXEC] BUY REMAINING qty=0.000000
[14:29:39.137] [EXEC] [EXEC] POSITION qty=0.123710
[14:29:39.139] [EXEC] [EXEC] BUY FILLED id=382274384
[14:29:40.266] [EXEC] [EXEC] PLACE SELL price=80832.00 qty=0.123710
[14:29:40.554] [EXEC] [EXEC] SELL ORDER SENT orderId=382274633
[14:29:41.135] [EXEC] [EXEC] REALIZED pnl=+0.216492
[14:29:41.474] [EXEC] [EXEC] BUY ORDER SENT orderId=382274700 price=80828.00 qty=0.123710
[14:29:41.494] [EXEC] [EXEC] PLACE BUY price=80828.00 qty=0.123710
[14:29:43.374] [EXEC] [EXEC] BUY PARTIAL filled=0.123710 total=0.123710
[14:29:43.378] [EXEC] [EXEC] BUY REMAINING qty=0.000000
[14:29:43.379] [EXEC] [EXEC] POSITION qty=0.123710
[14:29:43.380] [EXEC] [EXEC] BUY FILLED id=382274700
[14:29:44.680] [EXEC] [EXEC] PLACE SELL price=80828.04 qty=0.123710
[14:29:44.950] [EXEC] [EXEC] SELL ORDER SENT orderId=382275010
[14:29:46.241] [EXEC] [EXEC] CANCEL SELL orderId=382275010
[14:29:46.538] [EXEC] [EXEC] HARD SL triggered
[14:29:46.542] [EXEC] [EXEC] PANIC EXIT sl_mode
[14:29:46.545] [EXEC] [EXEC] FORCE EXIT price=80797.16
[14:29:46.547] [EXEC] [EXEC] PLACE SELL price=80797.16 qty=0.123710
[14:29:46.927] [EXEC] [EXEC] SELL ORDER SENT orderId=382275231
[14:29:48.352] [EXEC] [EXEC] REALIZED pnl=-3.815216
[14:29:48.757] [EXEC] [EXEC] BUY ORDER SENT orderId=382275372 price=80796.00 qty=0.123760
[14:29:48.775] [EXEC] [EXEC] PLACE BUY price=80796.00 qty=0.123760
[14:29:49.953] [EXEC] [EXEC] PLACE SELL price=80798.71 qty=0.123760
[14:29:50.221] [EXEC] [EXEC] SELL ORDER SENT orderId=382275436
[14:29:51.585] [EXEC] [EXEC] SELL FILLED id=382275436
[14:29:51.585] [EXEC] [EXEC] SELL FILLED qty=0.123760 remaining=0.000000
[14:29:51.585] [EXEC] [EXEC] REALIZED pnl=+0.335390
[14:29:52.725] [EXEC] [EXEC] BUY ORDER SENT orderId=382275923 price=80742.02 qty=0.123850
[14:29:52.728] [EXEC] [EXEC] PLACE BUY price=80742.02 qty=0.123850
[14:29:54.194] [EXEC] [EXEC] PLACE SELL price=80755.25 qty=0.123850
[14:29:54.466] [EXEC] [EXEC] SELL ORDER SENT orderId=382276386
[14:29:58.002] [EXEC] [EXEC] SELL TIMEOUT orderId=382276386
[14:29:58.006] [EXEC] [EXEC] CANCEL SELL orderId=382276386
[14:29:58.565] [EXEC] [EXEC] SELL FINAL STATUS status=CANCELED orderId=382276386
[14:29:58.568] [EXEC] [EXEC] PANIC EXIT final_recover_place_sell
[14:29:58.569] [EXEC] [EXEC] PANIC EXIT panic_final_recover
[14:29:58.569] [EXEC] [EXEC] FORCE EXIT price=80744.21
[14:29:58.569] [EXEC] [EXEC] PLACE SELL price=80744.21 qty=0.123850
[14:29:58.834] [EXEC] [EXEC] SELL ORDER SENT orderId=382276763
[14:30:00.751] [EXEC] [EXEC] SELL FILLED id=382276763
[14:30:00.755] [EXEC] [EXEC] SELL FILLED qty=0.123850 remaining=0.000000
[14:30:00.757] [EXEC] [EXEC] REALIZED pnl=+0.271232
[14:30:01.396] [EXEC] [EXEC] BUY ORDER SENT orderId=382277326 price=80737.11 qty=0.123850
[14:30:01.400] [EXEC] [EXEC] PLACE BUY price=80737.11 qty=0.123850
[14:30:04.230] [EXEC] [EXEC] PLACE SELL price=80737.15 qty=0.123850
[14:30:04.491] [EXEC] [EXEC] SELL ORDER SENT orderId=382277926
[14:30:05.506] [EXEC] [EXEC] REALIZED pnl=+0.004954
[14:30:05.781] [EXEC] [EXEC] BUY ORDER SENT orderId=382278325 price=80714.78 qty=0.123890
[14:30:05.783] [EXEC] [EXEC] PLACE BUY price=80714.78 qty=0.123890
[14:30:09.849] [EXEC] [EXEC] BUY TIMEOUT orderId=382278325
[14:30:09.851] [EXEC] [EXEC] CANCEL BUY orderId=382278325
[14:30:10.129] [EXEC] [EXEC] BUY CANCELED confirmed
[14:30:10.382] [EXEC] [EXEC] BUY FINAL STATUS status=CANCELED orderId=382278325
[14:30:10.382] [EXEC] [EXEC] BLOCK reason=buy_not_filled
[14:30:11.191] [EXEC] [EXEC] BUY ORDER SENT orderId=382278985 price=80732.01 qty=0.123860
[14:30:11.195] [EXEC] [EXEC] PLACE BUY price=80732.01 qty=0.123860
[14:30:16.388] [EXEC] [EXEC] BUY TIMEOUT orderId=382278985
[14:30:16.394] [EXEC] [EXEC] CANCEL BUY orderId=382278985
[14:30:16.676] [EXEC] [EXEC] BUY CANCELED confirmed
[14:30:16.942] [EXEC] [EXEC] BUY FINAL STATUS status=CANCELED orderId=382278985
[14:30:16.945] [EXEC] [EXEC] BLOCK reason=buy_not_filled
[14:30:17.785] [EXEC] [EXEC] BUY ORDER SENT orderId=382280156 price=80764.00 qty=0.123810
[14:30:17.788] [EXEC] [EXEC] PLACE BUY price=80764.00 qty=0.123810
[14:30:19.077] [EXEC] [EXEC] PLACE SELL price=80776.66 qty=0.123810
[14:30:19.334] [EXEC] [EXEC] SELL ORDER SENT orderId=382280365
[14:30:20.435] [EXEC] [EXEC] REALIZED pnl=+1.567435
[14:30:21.351] [EXEC] [EXEC] BUY ORDER SENT orderId=382280604 price=80776.11 qty=0.123790
[14:30:21.355] [EXEC] [EXEC] PLACE BUY price=80776.11 qty=0.123790
[14:30:25.163] [EXEC] [EXEC] PLACE SELL price=80776.15 qty=0.123790
[14:30:25.436] [EXEC] [EXEC] SELL ORDER SENT orderId=382281165
[14:30:26.265] [EXEC] [EXEC] SELL FILLED id=382281165
[14:30:26.268] [EXEC] [EXEC] SELL FILLED qty=0.123790 remaining=0.000000
[14:30:26.271] [EXEC] [EXEC] REALIZED pnl=+0.004952
[14:30:28.374] [EXEC] [EXEC] BUY ORDER SENT orderId=382281490 price=80772.05 qty=0.123800
[14:30:28.378] [EXEC] [EXEC] PLACE BUY price=80772.05 qty=0.123800
[14:30:29.491] [EXEC] [EXEC] PLACE SELL price=80784.00 qty=0.123800
[14:30:29.797] [EXEC] [EXEC] SELL ORDER SENT orderId=382281674
[14:30:32.209] [EXEC] [EXEC] SELL FILLED id=382281674
[14:30:32.209] [EXEC] [EXEC] SELL FILLED qty=0.123800 remaining=0.000000
[14:30:32.209] [EXEC] [EXEC] REALIZED pnl=+1.479410
[14:30:33.788] [EXEC] [EXEC] BUY ORDER SENT orderId=382282255 price=80794.33 qty=0.123770
[14:30:33.788] [EXEC] [EXEC] PLACE BUY price=80794.33 qty=0.123770
[14:30:35.107] [EXEC] [EXEC] PLACE SELL price=80794.37 qty=0.123770
[14:30:35.379] [EXEC] [EXEC] SELL ORDER SENT orderId=382282515
[14:30:37.991] [EXEC] [EXEC] REALIZED pnl=+0.004951
[14:30:38.966] [EXEC] [EXEC] BUY ORDER SENT orderId=382282739 price=80785.98 qty=0.123780
[14:30:38.969] [EXEC] [EXEC] PLACE BUY price=80785.98 qty=0.123780
[14:30:43.814] [EXEC] [EXEC] PLACE SELL price=80786.02 qty=0.123780
[14:30:44.084] [EXEC] [EXEC] SELL ORDER SENT orderId=382283331
[14:30:44.544] [EXEC] [EXEC] SELL FILLED id=382283331
[14:30:44.548] [EXEC] [EXEC] SELL FILLED qty=0.123780 remaining=0.000000
[14:30:44.550] [EXEC] [EXEC] REALIZED pnl=+0.003713
[14:30:45.765] [EXEC] [EXEC] BUY ORDER SENT orderId=382283557 price=80780.00 qty=0.123790
[14:30:45.769] [EXEC] [EXEC] PLACE BUY price=80780.00 qty=0.123790
[14:30:46.584] [EXEC] [EXEC] BUY PARTIAL filled=0.123790 total=0.123790
[14:30:46.588] [EXEC] [EXEC] BUY REMAINING qty=0.000000
[14:30:46.589] [EXEC] [EXEC] POSITION qty=0.123790
[14:30:46.590] [EXEC] [EXEC] BUY FILLED id=382283557
[14:30:47.820] [EXEC] [EXEC] PLACE SELL price=80780.04 qty=0.123790
[14:30:48.084] [EXEC] [EXEC] SELL ORDER SENT orderId=382283729
[14:30:49.303] [EXEC] [EXEC] CANCEL SELL orderId=382283729
[14:30:49.580] [EXEC] [EXEC] HARD SL triggered
[14:30:49.583] [EXEC] [EXEC] PANIC EXIT sl_mode
[14:30:49.585] [EXEC] [EXEC] FORCE EXIT price=80763.35
[14:30:49.585] [EXEC] [EXEC] PLACE SELL price=80763.35 qty=0.123790
[14:30:49.858] [EXEC] [EXEC] SELL ORDER SENT orderId=382283948
[14:30:50.397] [EXEC] [EXEC] REALIZED pnl=-2.061104
[14:30:50.785] [EXEC] [EXEC] BUY ORDER SENT orderId=382284033 price=80758.86 qty=0.123820
[14:30:50.791] [EXEC] [EXEC] PLACE BUY price=80758.86 qty=0.123820
[14:30:54.710] [EXEC] [EXEC] BUY TIMEOUT orderId=382284033
[14:30:54.710] [EXEC] [EXEC] CANCEL BUY orderId=382284033
[14:30:54.975] [EXEC] [EXEC] BUY CANCELED confirmed
[14:30:55.247] [EXEC] [EXEC] BUY FINAL STATUS status=CANCELED orderId=382284033
[14:30:55.251] [EXEC] [EXEC] BLOCK reason=buy_not_filled
[14:30:56.334] [EXEC] [EXEC] BUY ORDER SENT orderId=382284484 price=80764.00 qty=0.123810
[14:30:56.334] [EXEC] [EXEC] PLACE BUY price=80764.00 qty=0.123810
[14:31:00.522] [EXEC] [EXEC] BUY TIMEOUT orderId=382284484
[14:31:00.522] [EXEC] [EXEC] CANCEL BUY orderId=382284484
[14:31:00.849] [EXEC] [EXEC] BUY CANCELED confirmed
[14:31:01.132] [EXEC] [EXEC] BUY FINAL STATUS status=CANCELED orderId=382284484
[14:31:01.132] [EXEC] [EXEC] BLOCK reason=buy_not_filled
[14:31:02.569] [EXEC] [EXEC] BUY ORDER SENT orderId=382285251 price=80762.01 qty=0.123820
[14:31:02.569] [EXEC] [EXEC] PLACE BUY price=80762.01 qty=0.123820
[14:31:07.137] [EXEC] [EXEC] BUY TIMEOUT orderId=382285251
[14:31:07.140] [EXEC] [EXEC] CANCEL BUY orderId=382285251
[14:31:07.423] [EXEC] [EXEC] BUY CANCELED confirmed
[14:31:07.694] [EXEC] [EXEC] BUY FINAL STATUS status=CANCELED orderId=382285251
[14:31:07.694] [EXEC] [EXEC] BLOCK reason=buy_not_filled
[14:31:09.009] [EXEC] [EXEC] BUY ORDER SENT orderId=382286097 price=80797.64 qty=0.123760
[14:31:09.013] [EXEC] [EXEC] PLACE BUY price=80797.64 qty=0.123760
[14:31:10.334] [EXEC] [EXEC] PLACE SELL price=80800.00 qty=0.123760
[14:31:10.608] [EXEC] [EXEC] SELL ORDER SENT orderId=382286289
[14:31:14.601] [EXEC] [EXEC] SELL TIMEOUT orderId=382286289
[14:31:14.605] [EXEC] [EXEC] CANCEL SELL orderId=382286289
[14:31:15.126] [EXEC] [EXEC] SELL FINAL STATUS status=CANCELED orderId=382286289
[14:31:15.129] [EXEC] [EXEC] PANIC EXIT final_recover_place_sell
[14:31:15.132] [EXEC] [EXEC] PANIC EXIT panic_final_recover
[14:31:15.135] [EXEC] [EXEC] FORCE EXIT price=80785.00
[14:31:15.137] [EXEC] [EXEC] PLACE SELL price=80785.00 qty=0.123760
[14:31:15.397] [EXEC] [EXEC] SELL ORDER SENT orderId=382286730
[14:31:16.794] [EXEC] [EXEC] SELL FILLED id=382286730
[14:31:16.798] [EXEC] [EXEC] SELL FILLED qty=0.123760 remaining=0.000000
[14:31:16.801] [EXEC] [EXEC] REALIZED pnl=-1.564326
[14:31:17.566] [EXEC] [EXEC] BUY ORDER SENT orderId=382286891 price=80777.01 qty=0.123790
[14:31:17.569] [EXEC] [EXEC] PLACE BUY price=80777.01 qty=0.123790
[14:31:21.644] [EXEC] [EXEC] BUY TIMEOUT orderId=382286891
[14:31:21.647] [EXEC] [EXEC] CANCEL BUY orderId=382286891
[14:31:21.927] [EXEC] [EXEC] BUY CANCELED confirmed
[14:31:22.191] [EXEC] [EXEC] BUY FINAL STATUS status=CANCELED orderId=382286891
[14:31:22.194] [EXEC] [EXEC] BLOCK reason=buy_not_filled
[14:31:24.773] [EXEC] [EXEC] BUY ORDER SENT orderId=382287594 price=80786.51 qty=0.123780
[14:31:24.790] [EXEC] [EXEC] PLACE BUY price=80786.51 qty=0.123780
[14:31:26.693] [EXEC] [EXEC] PLACE SELL price=80789.64 qty=0.123780
[14:31:26.963] [EXEC] [EXEC] SELL ORDER SENT orderId=382287885
[14:31:29.819] [EXEC] [EXEC] SELL TIMEOUT orderId=382287885
[14:31:29.819] [EXEC] [EXEC] CANCEL SELL orderId=382287885
[14:31:30.367] [EXEC] [EXEC] SELL FINAL STATUS status=CANCELED orderId=382287885
[14:31:30.367] [EXEC] [EXEC] PANIC EXIT final_recover_place_sell
[14:31:30.367] [EXEC] [EXEC] PANIC EXIT panic_final_recover
[14:31:30.367] [EXEC] [EXEC] FORCE EXIT price=80759.38
[14:31:30.382] [EXEC] [EXEC] PLACE SELL price=80759.38 qty=0.123780
[14:31:30.646] [EXEC] [EXEC] SELL ORDER SENT orderId=382288392
[14:31:31.079] [EXEC] [EXEC] SELL FILLED id=382288392
[14:31:31.082] [EXEC] [EXEC] SELL FILLED qty=0.123780 remaining=0.000000
[14:31:31.084] [EXEC] [EXEC] REALIZED pnl=-3.358151
[14:31:32.591] [EXEC] [EXEC] BUY ORDER SENT orderId=382288597 price=80772.40 qty=0.123800
[14:31:32.596] [EXEC] [EXEC] PLACE BUY price=80772.40 qty=0.123800
[14:31:33.928] [EXEC] [EXEC] PLACE SELL price=80805.31 qty=0.123800
[14:31:34.199] [EXEC] [EXEC] SELL ORDER SENT orderId=382289005
[14:31:36.840] [EXEC] [EXEC] REALIZED pnl=+4.074258
[14:31:37.349] [EXEC] [EXEC] BUY ORDER SENT orderId=382289303 price=80796.01 qty=0.123760
[14:31:37.353] [EXEC] [EXEC] PLACE BUY price=80796.01 qty=0.123760
[14:31:39.116] [EXEC] [EXEC] PLACE SELL price=80796.05 qty=0.123760
[14:31:39.601] [EXEC] [EXEC] SELL ORDER SENT orderId=382289852
[14:31:42.605] [EXEC] [EXEC] SELL TIMEOUT orderId=382289852
[14:31:42.609] [EXEC] [EXEC] CANCEL SELL orderId=382289852
[14:31:43.131] [EXEC] [EXEC] SELL FINAL STATUS status=CANCELED orderId=382289852
[14:31:43.131] [EXEC] [EXEC] PANIC EXIT final_recover_place_sell
[14:31:43.131] [EXEC] [EXEC] PANIC EXIT panic_final_recover
[14:31:43.131] [EXEC] [EXEC] FORCE EXIT price=80652.00
[14:31:43.131] [EXEC] [EXEC] PLACE SELL price=80652.00 qty=0.123760
[14:31:43.419] [EXEC] [EXEC] SELL ORDER SENT orderId=382291438
[14:31:46.908] [EXEC] [EXEC] SELL TIMEOUT orderId=382291438
[14:31:46.912] [EXEC] [EXEC] CANCEL SELL orderId=382291438
[14:31:47.439] [EXEC] [EXEC] SELL FINAL STATUS status=CANCELED orderId=382291438
[14:31:47.443] [EXEC] [EXEC] PANIC EXIT final_recover_place_sell
[14:31:47.446] [EXEC] [EXEC] PANIC EXIT panic_final_recover
[14:31:47.449] [EXEC] [EXEC] FORCE EXIT price=80571.77
[14:31:47.451] [EXEC] [EXEC] PLACE SELL price=80571.77 qty=0.123760
[14:31:47.717] [EXEC] [EXEC] SELL ORDER SENT orderId=382292966
[14:31:48.250] [EXEC] [EXEC] REALIZED pnl=-27.751942
[14:31:48.646] [EXEC] [EXEC] BUY ORDER SENT orderId=382293236 price=80542.13 qty=0.124150
[14:31:48.646] [EXEC] [EXEC] PLACE BUY price=80542.13 qty=0.124150
[14:31:49.966] [EXEC] [EXEC] PLACE SELL price=80567.48 qty=0.124150
[14:31:50.252] [EXEC] [EXEC] SELL ORDER SENT orderId=382293600
[14:31:51.314] [EXEC] [EXEC] REALIZED pnl=+3.147203
[14:31:51.786] [EXEC] [EXEC] BUY ORDER SENT orderId=382293914 price=80565.09 qty=0.124120
[14:31:51.791] [EXEC] [EXEC] PLACE BUY price=80565.09 qty=0.124120
[14:31:55.857] [EXEC] [EXEC] BUY TIMEOUT orderId=382293914
[14:31:55.860] [EXEC] [EXEC] CANCEL BUY orderId=382293914
[14:31:56.115] [EXEC] [EXEC] BUY CANCELED confirmed
[14:31:56.381] [EXEC] [EXEC] BUY FINAL STATUS status=CANCELED orderId=382293914
[14:31:56.398] [EXEC] [EXEC] BLOCK reason=buy_not_filled
[14:31:58.468] [EXEC] [EXEC] BUY ORDER SENT orderId=382295037 price=80580.00 qty=0.124100
[14:31:58.472] [EXEC] [EXEC] PLACE BUY price=80580.00 qty=0.124100
[14:32:00.875] [EXEC] [EXEC] BUY PARTIAL filled=0.124100 total=0.124100
[14:32:00.879] [EXEC] [EXEC] BUY REMAINING qty=0.000000
[14:32:00.881] [EXEC] [EXEC] POSITION qty=0.124100
[14:32:00.881] [EXEC] [EXEC] BUY FILLED id=382295037
[14:32:02.321] [EXEC] [EXEC] PLACE SELL price=80580.04 qty=0.124100
[14:32:02.604] [EXEC] [EXEC] SELL ORDER SENT orderId=382296155
[14:32:05.310] [EXEC] [EXEC] CANCEL SELL orderId=382296155
[14:32:05.577] [EXEC] [EXEC] HARD SL triggered
[14:32:05.580] [EXEC] [EXEC] PANIC EXIT sl_mode
[14:32:05.582] [EXEC] [EXEC] FORCE EXIT price=80462.06
[14:32:05.584] [EXEC] [EXEC] PLACE SELL price=80462.06 qty=0.124100
[14:32:05.862] [EXEC] [EXEC] SELL ORDER SENT orderId=382297273
[14:32:06.194] [EXEC] [EXEC] SELL FILLED id=382297273
[14:32:06.194] [EXEC] [EXEC] SELL FILLED qty=0.124100 remaining=0.000000
[14:32:06.210] [EXEC] [EXEC] REALIZED pnl=-14.636354
[14:32:06.528] [EXEC] [EXEC] BUY ORDER SENT orderId=382297457 price=80447.38 qty=0.124300
[14:32:06.533] [EXEC] [EXEC] PLACE BUY price=80447.38 qty=0.124300
[14:32:11.592] [EXEC] [EXEC] BUY TIMEOUT orderId=382297457
[14:32:11.596] [EXEC] [EXEC] CANCEL BUY orderId=382297457
[14:32:11.859] [EXEC] [EXEC] BUY CANCELED confirmed
[14:32:12.123] [EXEC] [EXEC] BUY FINAL STATUS status=CANCELED orderId=382297457
[14:32:12.127] [EXEC] [EXEC] BLOCK reason=buy_not_filled
[14:32:13.455] [EXEC] [EXEC] BUY ORDER SENT orderId=382299219 price=80485.70 qty=0.124240
[14:32:13.459] [EXEC] [EXEC] PLACE BUY price=80485.70 qty=0.124240
[14:32:18.492] [EXEC] [EXEC] BUY TIMEOUT orderId=382299219
[14:32:18.496] [EXEC] [EXEC] CANCEL BUY orderId=382299219
[14:32:19.250] [EXEC] [EXEC] BUY CANCELED confirmed
[14:32:19.516] [EXEC] [EXEC] BUY FINAL STATUS status=CANCELED orderId=382299219
[14:32:19.520] [EXEC] [EXEC] BLOCK reason=buy_not_filled
[14:32:21.116] [EXEC] [EXEC] BUY ORDER SENT orderId=382300962 price=80603.99 qty=0.124060
[14:32:21.116] [EXEC] [EXEC] PLACE BUY price=80603.99 qty=0.124060
[14:32:21.757] [EXEC] [EXEC] PLACE SELL price=80604.03 qty=0.124060
[14:32:22.022] [EXEC] [EXEC] SELL ORDER SENT orderId=382301265
[14:37:41.411] [EXEC] [EXEC] LIVE ON
[14:37:41.413] [EXEC] [EXEC] WAIT READY
[14:37:42.711] [EXEC] [EXEC] BUY ORDER SENT orderId=382339851 price=80732.00 qty=0.012380
[14:37:42.714] [EXEC] [EXEC] PLACE BUY price=80732.00 qty=0.012380
[14:37:44.162] [EXEC] [EXEC] PLACE SELL price=80732.04 qty=0.012380
[14:37:44.438] [EXEC] [EXEC] SELL ORDER SENT orderId=382340051
[14:37:44.978] [EXEC] [EXEC] CANCEL SELL orderId=382340051
[14:37:45.256] [EXEC] [EXEC] HARD SL triggered
[14:37:45.256] [EXEC] [EXEC] PANIC EXIT sl_mode
[14:37:45.256] [EXEC] [EXEC] FORCE EXIT price=80729.00
[14:37:45.256] [EXEC] [EXEC] PLACE SELL price=80729.00 qty=0.012380
[14:37:45.542] [EXEC] [EXEC] SELL ORDER SENT orderId=382340130
[14:37:46.587] [EXEC] [EXEC] REALIZED pnl=-0.025324
[14:37:47.772] [EXEC] [EXEC] BUY ORDER SENT orderId=382340275 price=80724.01 qty=0.012380
[14:37:47.788] [EXEC] [EXEC] PLACE BUY price=80724.01 qty=0.012380
[14:37:49.351] [EXEC] [EXEC] BUY PARTIAL filled=0.012380 total=0.012380
[14:37:49.367] [EXEC] [EXEC] BUY REMAINING qty=0.000000
[14:37:49.368] [EXEC] [EXEC] POSITION qty=0.012380
[14:37:49.370] [EXEC] [EXEC] BUY FILLED id=382340275
[14:37:51.528] [EXEC] [EXEC] PLACE SELL price=80734.75 qty=0.012380
[14:37:52.357] [EXEC] [EXEC] SELL ORDER SENT orderId=382340546
[14:37:52.524] [EXEC] [EXEC] CANCEL SELL orderId=382340546
[14:37:52.834] [EXEC] [EXEC] HARD SL triggered
[14:37:52.838] [EXEC] [EXEC] PANIC EXIT sl_mode
[14:37:52.841] [EXEC] [EXEC] FORCE EXIT price=80733.74
[14:37:52.844] [EXEC] [EXEC] PLACE SELL price=80733.74 qty=0.012380
[14:37:53.703] [EXEC] [EXEC] SELL ORDER SENT orderId=382340711
[14:37:54.731] [EXEC] [EXEC] REALIZED pnl=+0.120457
[14:37:56.226] [EXEC] [EXEC] BUY ORDER SENT orderId=382340946 price=80732.46 qty=0.012380
[14:37:56.230] [EXEC] [EXEC] PLACE BUY price=80732.46 qty=0.012380
[14:37:56.557] [EXEC] [EXEC] BUY PARTIAL filled=0.012380 total=0.012380
[14:37:56.559] [EXEC] [EXEC] BUY REMAINING qty=0.000000
[14:37:56.560] [EXEC] [EXEC] POSITION qty=0.012380
[14:37:56.561] [EXEC] [EXEC] BUY FILLED id=382340946
[14:37:58.287] [EXEC] [EXEC] PLACE SELL price=80737.67 qty=0.012380
[14:37:58.550] [EXEC] [EXEC] SELL ORDER SENT orderId=382341147
[14:37:59.144] [EXEC] [EXEC] CANCEL SELL orderId=382341147
[14:37:59.397] [EXEC] [EXEC] HARD SL triggered
[14:37:59.397] [EXEC] [EXEC] PANIC EXIT sl_mode
[14:37:59.397] [EXEC] [EXEC] FORCE EXIT price=80735.33
[14:37:59.414] [EXEC] [EXEC] PLACE SELL price=80735.33 qty=0.012380
[14:38:00.161] [EXEC] [EXEC] SELL ORDER SENT orderId=382341268
[14:38:01.293] [EXEC] [EXEC] REALIZED pnl=+0.071622
[14:38:01.898] [EXEC] [EXEC] BUY ORDER SENT orderId=382341464 price=80724.01 qty=0.012380
[14:38:01.898] [EXEC] [EXEC] PLACE BUY price=80724.01 qty=0.012380
[14:38:05.954] [EXEC] [EXEC] BUY TIMEOUT orderId=382341464
[14:38:05.958] [EXEC] [EXEC] CANCEL BUY orderId=382341464
[14:38:06.243] [EXEC] [EXEC] BUY CANCELED confirmed
[14:38:06.507] [EXEC] [EXEC] BUY FINAL STATUS status=CANCELED orderId=382341464
[14:38:06.507] [EXEC] [EXEC] BLOCK reason=buy_not_filled
[14:38:09.585] [EXEC] [EXEC] BUY ORDER SENT orderId=382342389 price=80756.97 qty=0.012380
[14:38:09.585] [EXEC] [EXEC] PLACE BUY price=80756.97 qty=0.012380
[14:38:13.437] [EXEC] [EXEC] BUY PARTIAL filled=0.012380 total=0.012380
[14:38:13.437] [EXEC] [EXEC] BUY REMAINING qty=0.000000
[14:38:13.443] [EXEC] [EXEC] POSITION qty=0.012380
[14:38:13.444] [EXEC] [EXEC] BUY FILLED id=382342389
[14:38:13.985] [EXEC] [EXEC] PLACE SELL price=80757.01 qty=0.012380
[14:38:14.247] [EXEC] [EXEC] SELL ORDER SENT orderId=382343082
[14:38:15.392] [EXEC] [EXEC] REALIZED pnl=+0.000495
[14:38:15.665] [EXEC] [EXEC] BUY ORDER SENT orderId=382343305 price=80748.77 qty=0.012380
[14:38:15.667] [EXEC] [EXEC] PLACE BUY price=80748.77 qty=0.012380
[14:38:17.443] [EXEC] [EXEC] PLACE SELL price=80757.00 qty=0.012380
[14:38:17.709] [EXEC] [EXEC] SELL ORDER SENT orderId=382343580
[14:38:18.646] [EXEC] [EXEC] SELL FILLED id=382343580
[14:38:18.649] [EXEC] [EXEC] SELL FILLED qty=0.012380 remaining=0.000000
[14:38:18.651] [EXEC] [EXEC] REALIZED pnl=+0.130733
[14:38:19.410] [EXEC] [EXEC] BUY ORDER SENT orderId=382343751 price=80764.74 qty=0.012380
[14:38:19.414] [EXEC] [EXEC] PLACE BUY price=80764.74 qty=0.012380
[14:38:24.585] [EXEC] [EXEC] PLACE SELL price=80770.68 qty=0.012380
[14:38:24.851] [EXEC] [EXEC] SELL ORDER SENT orderId=382344391
[14:38:26.069] [EXEC] [EXEC] REALIZED pnl=+0.073537
[14:38:26.963] [EXEC] [EXEC] BUY ORDER SENT orderId=382344609 price=80757.36 qty=0.012380
[14:38:26.967] [EXEC] [EXEC] PLACE BUY price=80757.36 qty=0.012380
[14:38:28.521] [EXEC] [EXEC] PLACE SELL price=80759.99 qty=0.012380
[14:38:28.783] [EXEC] [EXEC] SELL ORDER SENT orderId=382344803
[14:38:29.767] [EXEC] [EXEC] SELL FILLED id=382344803
[14:38:29.769] [EXEC] [EXEC] SELL FILLED qty=0.012380 remaining=0.000000
[14:38:29.770] [EXEC] [EXEC] REALIZED pnl=+0.032559
[14:38:31.602] [EXEC] [EXEC] BUY ORDER SENT orderId=382344955 price=80761.14 qty=0.012380
[14:38:31.604] [EXEC] [EXEC] PLACE BUY price=80761.14 qty=0.012380
[14:38:33.180] [EXEC] [EXEC] BUY PARTIAL filled=0.012380 total=0.012380
[14:38:33.183] [EXEC] [EXEC] BUY REMAINING qty=0.000000
[14:38:33.185] [EXEC] [EXEC] POSITION qty=0.012380
[14:38:33.187] [EXEC] [EXEC] BUY FILLED id=382344955
[14:38:34.757] [EXEC] [EXEC] PLACE SELL price=80761.18 qty=0.012380
[14:38:35.026] [EXEC] [EXEC] SELL ORDER SENT orderId=382345274
[14:38:35.170] [EXEC] [EXEC] CANCEL SELL orderId=382345274
[14:38:35.434] [EXEC] [EXEC] HARD SL triggered
[14:38:35.441] [EXEC] [EXEC] PANIC EXIT sl_mode
[14:38:35.441] [EXEC] [EXEC] FORCE EXIT price=80760.17
[14:38:35.448] [EXEC] [EXEC] PLACE SELL price=80760.17 qty=0.012380
[14:38:35.722] [EXEC] [EXEC] SELL ORDER SENT orderId=382345307
[14:38:36.253] [EXEC] [EXEC] REALIZED pnl=-0.012009
[14:38:37.001] [EXEC] [EXEC] BUY ORDER SENT orderId=382345485 price=80769.61 qty=0.012380
[14:38:37.003] [EXEC] [EXEC] PLACE BUY price=80769.61 qty=0.012380
[14:38:38.646] [EXEC] [EXEC] PLACE SELL price=80774.69 qty=0.012380
[14:38:38.914] [EXEC] [EXEC] SELL ORDER SENT orderId=382345633
[14:38:43.105] [EXEC] [EXEC] SELL TIMEOUT orderId=382345633
[14:38:43.106] [EXEC] [EXEC] CANCEL SELL orderId=382345633
[14:38:43.634] [EXEC] [EXEC] SELL FINAL STATUS status=CANCELED orderId=382345633
[14:38:43.635] [EXEC] [EXEC] PANIC EXIT final_recover_place_sell
[14:38:43.636] [EXEC] [EXEC] PANIC EXIT panic_final_recover
[14:38:43.637] [EXEC] [EXEC] FORCE EXIT price=80768.99
[14:38:43.638] [EXEC] [EXEC] PLACE SELL price=80768.99 qty=0.012380
[14:38:43.905] [EXEC] [EXEC] SELL ORDER SENT orderId=382345968
[14:38:44.431] [EXEC] [EXEC] REALIZED pnl=-0.007676
[14:38:45.100] [EXEC] [EXEC] BUY ORDER SENT orderId=382346032 price=80768.01 qty=0.012380
[14:38:45.117] [EXEC] [EXEC] PLACE BUY price=80768.01 qty=0.012380
[14:38:46.827] [EXEC] [EXEC] PLACE SELL price=80768.09 qty=0.012380
[14:38:47.088] [EXEC] [EXEC] SELL ORDER SENT orderId=382346261
[14:38:51.050] [EXEC] [EXEC] SELL TIMEOUT orderId=382346261
[14:38:51.056] [EXEC] [EXEC] CANCEL SELL orderId=382346261
[14:38:51.578] [EXEC] [EXEC] SELL FINAL STATUS status=CANCELED orderId=382346261
[14:38:51.585] [EXEC] [EXEC] PANIC EXIT final_recover_place_sell
[14:38:51.585] [EXEC] [EXEC] PANIC EXIT panic_final_recover
[14:38:51.585] [EXEC] [EXEC] FORCE EXIT price=80744.36
[14:38:51.592] [EXEC] [EXEC] PLACE SELL price=80744.36 qty=0.012380
[14:38:51.857] [EXEC] [EXEC] SELL ORDER SENT orderId=382346761
[14:38:54.094] [EXEC] [EXEC] SELL TIMEOUT orderId=382346761
[14:38:54.095] [EXEC] [EXEC] CANCEL SELL orderId=382346761
[14:38:54.636] [EXEC] [EXEC] SELL FINAL STATUS status=CANCELED orderId=382346761
[14:38:54.638] [EXEC] [EXEC] PANIC EXIT final_recover_place_sell
[14:38:54.638] [EXEC] [EXEC] PANIC EXIT panic_final_recover
[14:38:54.639] [EXEC] [EXEC] FORCE EXIT price=80736.51
[14:38:54.640] [EXEC] [EXEC] PLACE SELL price=80736.51 qty=0.012380
[14:38:54.898] [EXEC] [EXEC] SELL ORDER SENT orderId=382347114
[14:38:57.444] [EXEC] [EXEC] REALIZED pnl=-0.389970
[14:38:57.719] [EXEC] [EXEC] BUY ORDER SENT orderId=382347345 price=80729.27 qty=0.012380
[14:38:57.724] [EXEC] [EXEC] PLACE BUY price=80729.27 qty=0.012380
[14:38:58.936] [EXEC] [EXEC] PLACE SELL price=80735.99 qty=0.012380
[14:38:59.210] [EXEC] [EXEC] SELL ORDER SENT orderId=382347510
[14:38:59.788] [EXEC] [EXEC] REALIZED pnl=+0.094459
[14:39:00.064] [EXEC] [EXEC] BUY ORDER SENT orderId=382347593 price=80729.53 qty=0.012380
[14:39:00.066] [EXEC] [EXEC] PLACE BUY price=80729.53 qty=0.012380
[14:39:01.101] [EXEC] [EXEC] BUY PARTIAL filled=0.012380 total=0.012380
[14:39:01.117] [EXEC] [EXEC] BUY REMAINING qty=0.000000
[14:39:01.120] [EXEC] [EXEC] POSITION qty=0.012380
[14:39:01.122] [EXEC] [EXEC] BUY FILLED id=382347593
[14:39:02.886] [EXEC] [EXEC] PLACE SELL price=80738.00 qty=0.012380
[14:39:03.153] [EXEC] [EXEC] SELL ORDER SENT orderId=382347989
[14:39:03.750] [EXEC] [EXEC] REALIZED pnl=+0.104859
[14:39:04.715] [EXEC] [EXEC] BUY ORDER SENT orderId=382348113 price=80728.94 qty=0.012380
[14:39:04.718] [EXEC] [EXEC] PLACE BUY price=80728.94 qty=0.012380
[14:39:08.646] [EXEC] [EXEC] BUY TIMEOUT orderId=382348113
[14:39:08.647] [EXEC] [EXEC] CANCEL BUY orderId=382348113
[14:39:08.907] [EXEC] [EXEC] BUY CANCELED confirmed
[14:39:09.188] [EXEC] [EXEC] BUY FINAL STATUS status=CANCELED orderId=382348113
[14:39:09.191] [EXEC] [EXEC] BLOCK reason=buy_not_filled
[14:39:10.507] [EXEC] [EXEC] BUY ORDER SENT orderId=382348547 price=80732.01 qty=0.012380
[14:39:10.524] [EXEC] [EXEC] PLACE BUY price=80732.01 qty=0.012380
[14:39:14.914] [EXEC] [EXEC] BUY TIMEOUT orderId=382348547
[14:39:14.920] [EXEC] [EXEC] CANCEL BUY orderId=382348547
[14:39:15.210] [EXEC] [EXEC] BUY CANCELED confirmed
[14:39:15.487] [EXEC] [EXEC] BUY FINAL STATUS status=CANCELED orderId=382348547
[14:39:15.491] [EXEC] [EXEC] BLOCK reason=buy_not_filled
[14:39:18.591] [EXEC] [EXEC] BUY ORDER SENT orderId=382349494 price=80774.85 qty=0.012380
[14:39:18.595] [EXEC] [EXEC] PLACE BUY price=80774.85 qty=0.012380
[14:39:22.672] [EXEC] [EXEC] BUY TIMEOUT orderId=382349494
[14:39:22.675] [EXEC] [EXEC] CANCEL BUY orderId=382349494
[14:39:22.964] [EXEC] [EXEC] BUY CANCELED confirmed
[14:39:23.230] [EXEC] [EXEC] BUY FINAL STATUS status=CANCELED orderId=382349494
[14:39:23.234] [EXEC] [EXEC] BLOCK reason=buy_not_filled
[14:39:24.004] [EXEC] [EXEC] BUY ORDER SENT orderId=382350270 price=80802.15 qty=0.012370
[14:39:24.008] [EXEC] [EXEC] PLACE BUY price=80802.15 qty=0.012370
[14:39:28.133] [EXEC] [EXEC] PLACE SELL price=80817.51 qty=0.012370
[14:39:28.428] [EXEC] [EXEC] SELL ORDER SENT orderId=382350912
[14:39:29.634] [EXEC] [EXEC] REALIZED pnl=+0.190003
[14:39:30.710] [EXEC] [EXEC] BUY ORDER SENT orderId=382351236 price=80813.35 qty=0.012370
[14:39:30.728] [EXEC] [EXEC] PLACE BUY price=80813.35 qty=0.012370
[14:39:35.844] [EXEC] [EXEC] BUY TIMEOUT orderId=382351236
[14:39:35.847] [EXEC] [EXEC] CANCEL BUY orderId=382351236
[14:39:36.112] [EXEC] [EXEC] BUY CANCELED confirmed
[14:39:36.382] [EXEC] [EXEC] BUY FINAL STATUS status=CANCELED orderId=382351236
[14:39:36.382] [EXEC] [EXEC] BLOCK reason=buy_not_filled
[14:39:37.821] [EXEC] [EXEC] BUY ORDER SENT orderId=382352177 price=80855.71 qty=0.012360
[14:39:37.826] [EXEC] [EXEC] PLACE BUY price=80855.71 qty=0.012360
[14:39:39.121] [EXEC] [EXEC] PLACE SELL price=80863.99 qty=0.012360
[14:39:39.386] [EXEC] [EXEC] SELL ORDER SENT orderId=382352333
[14:39:40.679] [EXEC] [EXEC] CANCEL SELL orderId=382352333
[14:39:40.944] [EXEC] [EXEC] HARD SL triggered
[14:39:40.947] [EXEC] [EXEC] PANIC EXIT sl_mode
[14:39:40.949] [EXEC] [EXEC] FORCE EXIT price=80856.99
[14:39:40.950] [EXEC] [EXEC] PLACE SELL price=80856.99 qty=0.012360
[14:39:41.224] [EXEC] [EXEC] SELL ORDER SENT orderId=382352605
[14:39:44.241] [EXEC] [EXEC] REALIZED pnl=+0.015821
[14:39:45.100] [EXEC] [EXEC] BUY ORDER SENT orderId=382353101 price=80849.57 qty=0.012360
[14:39:45.100] [EXEC] [EXEC] PLACE BUY price=80849.57 qty=0.012360
[14:39:50.667] [EXEC] [EXEC] BUY TIMEOUT orderId=382353101
[14:39:50.670] [EXEC] [EXEC] CANCEL BUY orderId=382353101
[14:39:50.939] [EXEC] [EXEC] BUY CANCELED confirmed
[14:39:51.251] [EXEC] [EXEC] BUY FINAL STATUS status=CANCELED orderId=382353101
[14:39:51.253] [EXEC] [EXEC] BLOCK reason=buy_not_filled
[14:39:52.640] [EXEC] [EXEC] BUY ORDER SENT orderId=382353904 price=80869.32 qty=0.012360
[14:39:52.644] [EXEC] [EXEC] PLACE BUY price=80869.32 qty=0.012360
[14:39:59.816] [EXEC] [EXEC] PLACE SELL price=80869.36 qty=0.012360
[14:40:11.726] [EXEC] [EXEC] PLACE SELL price=80869.36 qty=0.012360
[14:40:11.996] [EXEC] [EXEC] SELL ORDER SENT orderId=382356480
[14:40:15.605] [EXEC] [EXEC] SELL TIMEOUT orderId=382356480
[14:40:15.608] [EXEC] [EXEC] CANCEL SELL orderId=382356480
[14:40:16.163] [EXEC] [EXEC] SELL FINAL STATUS status=CANCELED orderId=382356480
[14:40:16.163] [EXEC] [EXEC] PANIC EXIT final_recover_place_sell
[14:40:16.163] [EXEC] [EXEC] PANIC EXIT panic_final_recover
[14:40:16.163] [EXEC] [EXEC] FORCE EXIT price=80848.89
[14:40:16.178] [EXEC] [EXEC] PLACE SELL price=80848.89 qty=0.012360
[14:40:16.506] [EXEC] [EXEC] SELL ORDER SENT orderId=382356828
[14:40:17.613] [EXEC] [EXEC] SELL FILLED id=382356828
[14:40:17.615] [EXEC] [EXEC] SELL FILLED qty=0.012360 remaining=0.000000
[14:40:17.617] [EXEC] [EXEC] REALIZED pnl=-0.252515
[14:40:20.132] [EXEC] [EXEC] BUY ORDER SENT orderId=382357166 price=80844.01 qty=0.012360
[14:40:20.137] [EXEC] [EXEC] PLACE BUY price=80844.01 qty=0.012360
[14:40:21.568] [EXEC] [EXEC] PLACE SELL price=80846.81 qty=0.012360
[14:40:21.832] [EXEC] [EXEC] SELL ORDER SENT orderId=382357260
[14:40:22.819] [EXEC] [EXEC] SELL FILLED id=382357260
[14:40:22.827] [EXEC] [EXEC] SELL FILLED qty=0.012360 remaining=0.000000
[14:40:22.831] [EXEC] [EXEC] REALIZED pnl=+0.034608
[14:40:24.258] [EXEC] [EXEC] BUY ORDER SENT orderId=382357612 price=80848.43 qty=0.012360
[14:40:24.277] [EXEC] [EXEC] PLACE BUY price=80848.43 qty=0.012360
[14:40:24.897] [EXEC] [EXEC] PLACE SELL price=80855.99 qty=0.012360
[14:40:25.165] [EXEC] [EXEC] SELL ORDER SENT orderId=382357717
[14:40:26.210] [EXEC] [EXEC] REALIZED pnl=+0.093442
[14:40:26.727] [EXEC] [EXEC] BUY ORDER SENT orderId=382357896 price=80844.01 qty=0.012360
[14:40:26.731] [EXEC] [EXEC] PLACE BUY price=80844.01 qty=0.012360
[14:40:28.735] [EXEC] [EXEC] BUY PARTIAL filled=0.012360 total=0.012360
[14:40:28.738] [EXEC] [EXEC] BUY REMAINING qty=0.000000
[14:40:28.740] [EXEC] [EXEC] POSITION qty=0.012360
[14:40:28.740] [EXEC] [EXEC] BUY FILLED id=382357896
[14:40:29.304] [EXEC] [EXEC] PLACE SELL price=80850.63 qty=0.012360
[14:40:29.568] [EXEC] [EXEC] SELL ORDER SENT orderId=382358143
[14:40:32.079] [EXEC] [EXEC] CANCEL SELL orderId=382358143
[14:40:32.364] [EXEC] [EXEC] HARD SL triggered
[14:40:32.369] [EXEC] [EXEC] PANIC EXIT sl_mode
[14:40:32.372] [EXEC] [EXEC] FORCE EXIT price=80843.59
[14:40:32.374] [EXEC] [EXEC] PLACE SELL price=80843.59 qty=0.012360
[14:40:32.646] [EXEC] [EXEC] SELL ORDER SENT orderId=382358474
[14:40:34.317] [EXEC] [EXEC] REALIZED pnl=-0.005191
[14:40:35.826] [EXEC] [EXEC] BUY ORDER SENT orderId=382358779 price=80836.01 qty=0.012370
[14:40:35.829] [EXEC] [EXEC] PLACE BUY price=80836.01 qty=0.012370
[14:40:40.481] [EXEC] [EXEC] PLACE SELL price=80836.05 qty=0.012370
[14:40:40.744] [EXEC] [EXEC] SELL ORDER SENT orderId=382359076
[14:40:43.826] [EXEC] [EXEC] SELL TIMEOUT orderId=382359076
[14:40:43.830] [EXEC] [EXEC] CANCEL SELL orderId=382359076
[14:40:44.841] [EXEC] [EXEC] SELL FINAL STATUS status=CANCELED orderId=382359076
[14:40:44.843] [EXEC] [EXEC] PANIC EXIT final_recover_place_sell
[14:40:44.844] [EXEC] [EXEC] PANIC EXIT panic_final_recover
[14:40:44.845] [EXEC] [EXEC] FORCE EXIT price=80828.69
[14:40:44.846] [EXEC] [EXEC] PLACE SELL price=80828.69 qty=0.012370
[14:40:45.108] [EXEC] [EXEC] SELL ORDER SENT orderId=382359448
[14:40:47.442] [EXEC] [EXEC] SELL TIMEOUT orderId=382359448
[14:40:47.446] [EXEC] [EXEC] CANCEL SELL orderId=382359448
[14:40:47.974] [EXEC] [EXEC] SELL FINAL STATUS status=CANCELED orderId=382359448
[14:40:47.976] [EXEC] [EXEC] PANIC EXIT final_recover_place_sell
[14:40:47.977] [EXEC] [EXEC] PANIC EXIT panic_final_recover
[14:40:47.978] [EXEC] [EXEC] FORCE EXIT price=80822.10
[14:40:47.979] [EXEC] [EXEC] PLACE SELL price=80822.10 qty=0.012370
[14:40:48.246] [EXEC] [EXEC] SELL ORDER SENT orderId=382359670
[14:40:49.258] [EXEC] [EXEC] REALIZED pnl=-0.172067
[14:40:49.946] [EXEC] [EXEC] BUY ORDER SENT orderId=382359798 price=80812.07 qty=0.012370
[14:40:49.948] [EXEC] [EXEC] PLACE BUY price=80812.07 qty=0.012370
[14:40:54.929] [EXEC] [EXEC] BUY TIMEOUT orderId=382359798
[14:40:54.933] [EXEC] [EXEC] CANCEL BUY orderId=382359798
[14:40:55.216] [EXEC] [EXEC] BUY CANCELED confirmed
[14:40:55.481] [EXEC] [EXEC] BUY FINAL STATUS status=CANCELED orderId=382359798
[14:40:55.485] [EXEC] [EXEC] BLOCK reason=buy_not_filled
[14:40:56.803] [EXEC] [EXEC] BUY ORDER SENT orderId=382360441 price=80840.27 qty=0.012370
[14:40:56.818] [EXEC] [EXEC] PLACE BUY price=80840.27 qty=0.012370
[14:40:57.210] [EXEC] [EXEC] BUY PARTIAL filled=0.012370 total=0.012370
[14:40:57.210] [EXEC] [EXEC] BUY REMAINING qty=0.000000
[14:40:57.210] [EXEC] [EXEC] POSITION qty=0.012370
[14:40:57.210] [EXEC] [EXEC] BUY FILLED id=382360441
[14:40:59.078] [EXEC] [EXEC] PLACE SELL price=80840.31 qty=0.012370
[14:40:59.335] [EXEC] [EXEC] SELL ORDER SENT orderId=382360812
[14:40:59.506] [EXEC] [EXEC] CANCEL SELL orderId=382360812
[14:40:59.772] [EXEC] [EXEC] HARD SL triggered
[14:40:59.772] [EXEC] [EXEC] PANIC EXIT sl_mode
[14:40:59.772] [EXEC] [EXEC] FORCE EXIT price=80831.47
[14:40:59.772] [EXEC] [EXEC] PLACE SELL price=80831.47 qty=0.012370
[14:41:00.043] [EXEC] [EXEC] SELL ORDER SENT orderId=382360842
[14:41:01.902] [EXEC] [EXEC] REALIZED pnl=-0.108856
[14:41:02.168] [EXEC] [EXEC] BUY ORDER SENT orderId=382361174 price=80821.27 qty=0.012370
[14:41:02.171] [EXEC] [EXEC] PLACE BUY price=80821.27 qty=0.012370
[14:41:06.415] [EXEC] [EXEC] BUY TIMEOUT orderId=382361174
[14:41:06.419] [EXEC] [EXEC] CANCEL BUY orderId=382361174
[14:41:06.678] [EXEC] [EXEC] BUY CANCELED confirmed
[14:41:06.948] [EXEC] [EXEC] BUY FINAL STATUS status=CANCELED orderId=382361174
[14:41:06.951] [EXEC] [EXEC] BLOCK reason=buy_not_filled
[14:41:09.617] [EXEC] [EXEC] BUY ORDER SENT orderId=382361710 price=80818.13 qty=0.012370
[14:41:09.620] [EXEC] [EXEC] PLACE BUY price=80818.13 qty=0.012370
[14:41:10.523] [EXEC] [EXEC] PLACE SELL price=80827.96 qty=0.012370
[14:41:10.788] [EXEC] [EXEC] SELL ORDER SENT orderId=382361838
[14:41:14.660] [EXEC] [EXEC] SELL TIMEOUT orderId=382361838
[14:41:14.662] [EXEC] [EXEC] CANCEL SELL orderId=382361838
[14:41:15.186] [EXEC] [EXEC] SELL FINAL STATUS status=CANCELED orderId=382361838
[14:41:15.188] [EXEC] [EXEC] PANIC EXIT final_recover_place_sell
[14:41:15.189] [EXEC] [EXEC] PANIC EXIT panic_final_recover
[14:41:15.190] [EXEC] [EXEC] FORCE EXIT price=80824.99
[14:41:15.192] [EXEC] [EXEC] PLACE SELL price=80824.99 qty=0.012370
[14:41:15.458] [EXEC] [EXEC] SELL ORDER SENT orderId=382362141
[14:41:16.414] [EXEC] [EXEC] SELL FILLED id=382362141
[14:41:16.417] [EXEC] [EXEC] SELL FILLED qty=0.012370 remaining=0.000000
[14:41:16.420] [EXEC] [EXEC] REALIZED pnl=+0.084858
[14:41:18.632] [EXEC] [EXEC] BUY ORDER SENT orderId=382362457 price=80820.00 qty=0.012370
[14:41:18.635] [EXEC] [EXEC] PLACE BUY price=80820.00 qty=0.012370
[14:41:20.246] [EXEC] [EXEC] PLACE SELL price=80820.04 qty=0.012370
[14:41:20.506] [EXEC] [EXEC] SELL ORDER SENT orderId=382362577
[14:41:21.072] [EXEC] [EXEC] REALIZED pnl=+0.000371
[14:41:22.068] [EXEC] [EXEC] BUY ORDER SENT orderId=382362759 price=80820.00 qty=0.012370
[14:41:22.073] [EXEC] [EXEC] PLACE BUY price=80820.00 qty=0.012370
[14:41:23.842] [EXEC] [EXEC] PLACE SELL price=80827.07 qty=0.012370
[14:41:24.100] [EXEC] [EXEC] SELL ORDER SENT orderId=382362949
[14:41:27.305] [EXEC] [EXEC] SELL TIMEOUT orderId=382362949
[14:41:27.308] [EXEC] [EXEC] CANCEL SELL orderId=382362949
[14:41:27.851] [EXEC] [EXEC] SELL FINAL STATUS status=CANCELED orderId=382362949
[14:41:27.855] [EXEC] [EXEC] PANIC EXIT final_recover_place_sell
[14:41:27.858] [EXEC] [EXEC] PANIC EXIT panic_final_recover
[14:41:27.859] [EXEC] [EXEC] FORCE EXIT price=80814.43
[14:41:27.860] [EXEC] [EXEC] PLACE SELL price=80814.43 qty=0.012370
[14:41:28.115] [EXEC] [EXEC] SELL ORDER SENT orderId=382363209
[14:41:28.677] [EXEC] [EXEC] REALIZED pnl=-0.068901
[14:41:30.559] [EXEC] [EXEC] BUY ORDER SENT orderId=382363384 price=80826.92 qty=0.012370
[14:41:30.564] [EXEC] [EXEC] PLACE BUY price=80826.92 qty=0.012370
[14:41:32.256] [EXEC] [EXEC] PLACE SELL price=80830.37 qty=0.012370
[14:41:32.522] [EXEC] [EXEC] SELL ORDER SENT orderId=382363611
[14:41:35.836] [EXEC] [EXEC] SELL TIMEOUT orderId=382363611
[14:41:35.837] [EXEC] [EXEC] CANCEL SELL orderId=382363611
[14:41:36.380] [EXEC] [EXEC] SELL FINAL STATUS status=CANCELED orderId=382363611
[14:41:36.383] [EXEC] [EXEC] PANIC EXIT final_recover_place_sell
[14:41:36.387] [EXEC] [EXEC] PANIC EXIT panic_final_recover
[14:41:36.390] [EXEC] [EXEC] FORCE EXIT price=80814.68
[14:41:36.393] [EXEC] [EXEC] PLACE SELL price=80814.68 qty=0.012370
[14:41:36.655] [EXEC] [EXEC] SELL ORDER SENT orderId=382363931
[14:41:37.228] [EXEC] [EXEC] REALIZED pnl=-0.151409
[14:41:39.072] [EXEC] [EXEC] BUY ORDER SENT orderId=382364108 price=80812.00 qty=0.012370
[14:41:39.077] [EXEC] [EXEC] PLACE BUY price=80812.00 qty=0.012370
[14:41:39.366] [EXEC] [EXEC] BUY PARTIAL filled=0.012370 total=0.012370
[14:41:39.366] [EXEC] [EXEC] BUY REMAINING qty=0.000000
[14:41:39.366] [EXEC] [EXEC] POSITION qty=0.012370
[14:41:39.366] [EXEC] [EXEC] BUY FILLED id=382364108
[14:41:39.399] [EXEC] [EXEC] PLACE SELL price=80812.04 qty=0.012370
[14:41:39.665] [EXEC] [EXEC] SELL ORDER SENT orderId=382364171
[14:41:41.600] [EXEC] [EXEC] CANCEL SELL orderId=382364171
[14:41:41.869] [EXEC] [EXEC] HARD SL triggered
[14:41:41.871] [EXEC] [EXEC] PANIC EXIT sl_mode
[14:41:41.874] [EXEC] [EXEC] FORCE EXIT price=80805.38
[14:41:41.876] [EXEC] [EXEC] PLACE SELL price=80805.38 qty=0.012370
[14:41:42.131] [EXEC] [EXEC] SELL ORDER SENT orderId=382364414
[14:41:43.163] [EXEC] [EXEC] REALIZED pnl=-0.081889
[14:54:41.647] [EXEC] [EXEC] LIVE ON
[14:54:41.647] [EXEC] [EXEC] WAIT READY
[14:54:43.428] [EXEC] [EXEC] BUY ORDER SENT orderId=382426408 price=80835.77 qty=0.012370
[14:54:43.428] [EXEC] [EXEC] PLACE BUY price=80835.77 qty=0.012370
[14:54:44.412] [EXEC] [EXEC] BUY PARTIAL filled=0.012370 total=0.012370
[14:54:44.412] [EXEC] [EXEC] BUY REMAINING qty=0.000000
[14:54:44.412] [EXEC] [EXEC] POSITION qty=0.012370
[14:54:44.412] [EXEC] [EXEC] BUY FILLED id=382426408
[14:54:45.930] [EXEC] [EXEC] PLACE SELL price=80835.81 qty=0.012370
[14:54:46.198] [EXEC] [EXEC] SELL ORDER SENT orderId=382426633
[14:54:47.397] [EXEC] [EXEC] RECOVERY WAIT hard_sl_pending_recovery
[14:54:47.676] [EXEC] [EXEC] SELL FILLED id=382426633
[14:54:47.679] [EXEC] [EXEC] SELL FILLED qty=0.012370 remaining=0.000000
[14:54:47.681] [EXEC] [EXEC] REALIZED pnl=+0.000371
[14:54:48.493] [EXEC] [EXEC] BUY ORDER SENT orderId=382426773 price=80833.31 qty=0.012370
[14:54:48.496] [EXEC] [EXEC] PLACE BUY price=80833.31 qty=0.012370
[14:54:52.908] [EXEC] [EXEC] BUY TIMEOUT orderId=382426773
[14:54:52.913] [EXEC] [EXEC] CANCEL BUY orderId=382426773
[14:54:53.162] [EXEC] [EXEC] BUY CANCELED confirmed
[14:54:53.445] [EXEC] [EXEC] BUY FINAL STATUS status=CANCELED orderId=382426773
[14:54:53.449] [EXEC] [EXEC] BLOCK reason=buy_not_filled
[14:54:56.683] [EXEC] [EXEC] BUY ORDER SENT orderId=382427525 price=80860.79 qty=0.012360
[14:54:56.686] [EXEC] [EXEC] PLACE BUY price=80860.79 qty=0.012360
[14:55:01.806] [EXEC] [EXEC] PLACE SELL price=80871.83 qty=0.012360
[14:55:02.071] [EXEC] [EXEC] SELL ORDER SENT orderId=382427967
[14:55:03.539] [EXEC] [EXEC] RECOVERY WAIT hard_sl_pending_recovery
[14:55:05.021] [EXEC] [EXEC] RECOVERY WAIT hard_sl_pending_recovery
[14:55:05.286] [EXEC] [EXEC] SELL FILLED id=382427967
[14:55:05.290] [EXEC] [EXEC] SELL FILLED qty=0.012360 remaining=0.000000
[14:55:05.293] [EXEC] [EXEC] REALIZED pnl=+0.136454
[14:55:05.832] [EXEC] [EXEC] BUY ORDER SENT orderId=382428341 price=80874.29 qty=0.012360
[14:55:05.835] [EXEC] [EXEC] PLACE BUY price=80874.29 qty=0.012360
[14:55:07.720] [EXEC] [EXEC] BUY PARTIAL filled=0.012360 total=0.012360
[14:55:07.721] [EXEC] [EXEC] BUY REMAINING qty=0.000000
[14:55:07.722] [EXEC] [EXEC] POSITION qty=0.012360
[14:55:07.723] [EXEC] [EXEC] BUY FILLED id=382428341
[14:55:09.335] [EXEC] [EXEC] PLACE SELL price=80879.70 qty=0.012360
[14:55:09.628] [EXEC] [EXEC] SELL ORDER SENT orderId=382428593
[14:55:10.661] [EXEC] [EXEC] REALIZED pnl=+0.066868
[14:55:11.157] [EXEC] [EXEC] BUY ORDER SENT orderId=382428682 price=80877.27 qty=0.012360
[14:55:11.163] [EXEC] [EXEC] PLACE BUY price=80877.27 qty=0.012360
[14:55:15.591] [EXEC] [EXEC] BUY TIMEOUT orderId=382428682
[14:55:15.593] [EXEC] [EXEC] CANCEL BUY orderId=382428682
[14:55:15.848] [EXEC] [EXEC] BUY CANCELED confirmed
[14:55:16.111] [EXEC] [EXEC] BUY FINAL STATUS status=CANCELED orderId=382428682
[14:55:16.113] [EXEC] [EXEC] BLOCK reason=buy_not_filled
[14:55:17.591] [EXEC] [EXEC] BUY ORDER SENT orderId=382428939 price=80882.35 qty=0.012360
[14:55:17.594] [EXEC] [EXEC] PLACE BUY price=80882.35 qty=0.012360
[14:55:19.023] [EXEC] [EXEC] PLACE SELL price=80910.09 qty=0.012360
[14:55:19.281] [EXEC] [EXEC] SELL ORDER SENT orderId=382429230
[14:55:20.585] [EXEC] [EXEC] RECOVERY WAIT hard_sl_pending_recovery
[14:55:23.049] [EXEC] [EXEC] SELL TIMEOUT orderId=382429230
[14:55:23.054] [EXEC] [EXEC] CANCEL SELL orderId=382429230
[14:55:23.669] [EXEC] [EXEC] SELL FINAL STATUS status=CANCELED orderId=382429230
[14:55:23.672] [EXEC] [EXEC] SAFE EXIT floor=80882.36
[14:55:23.675] [EXEC] [EXEC] SELL REPRICE old=80910.09 new=80910.08 count=1
[14:55:23.679] [EXEC] [EXEC] PLACE SELL price=80910.08 qty=0.012360
[14:55:24.057] [EXEC] [EXEC] SELL ORDER SENT orderId=382429657
[14:55:24.689] [EXEC] [EXEC] RECOVERY WAIT hard_sl_pending_recovery
[14:55:27.096] [EXEC] [EXEC] SELL TIMEOUT orderId=382429657
[14:55:27.099] [EXEC] [EXEC] CANCEL SELL orderId=382429657
[14:55:27.625] [EXEC] [EXEC] SELL FINAL STATUS status=CANCELED orderId=382429657
[14:55:27.628] [EXEC] [EXEC] SAFE EXIT floor=80882.36
[14:55:27.630] [EXEC] [EXEC] SELL REPRICE old=80910.08 new=80910.07 count=2
[14:55:27.634] [EXEC] [EXEC] PLACE SELL price=80910.07 qty=0.012360
[14:55:27.902] [EXEC] [EXEC] SELL ORDER SENT orderId=382429964
[14:55:28.748] [EXEC] [EXEC] RECOVERY WAIT hard_sl_pending_recovery
[14:55:31.077] [EXEC] [EXEC] SELL TIMEOUT orderId=382429964
[14:55:31.080] [EXEC] [EXEC] CANCEL SELL orderId=382429964
[14:55:31.624] [EXEC] [EXEC] SELL FINAL STATUS status=CANCELED orderId=382429964
[14:55:31.628] [EXEC] [EXEC] FORCE EXIT skipped market_stable
[14:55:32.477] [EXEC] [EXEC] WATCHDOG position open without sell -> recover
[14:55:33.164] [EXEC] [EXEC] PLACE SELL price=80905.45 qty=0.012360
[14:55:33.456] [EXEC] [EXEC] SELL ORDER SENT orderId=382430566
[14:55:36.570] [EXEC] [EXEC] SELL TIMEOUT orderId=382430566
[14:55:36.570] [EXEC] [EXEC] CANCEL SELL orderId=382430566
[14:55:37.121] [EXEC] [EXEC] SELL FINAL STATUS status=CANCELED orderId=382430566
[14:55:37.124] [EXEC] [EXEC] FORCE EXIT skipped market_stable
[14:55:39.328] [EXEC] [EXEC] BLOCK reason=position_open_no_new_buy
[14:55:40.631] [EXEC] [EXEC] WATCHDOG position open without sell -> recover
[14:55:40.709] [EXEC] [EXEC] PLACE SELL price=80903.16 qty=0.012360
[14:55:40.982] [EXEC] [EXEC] SELL ORDER SENT orderId=382431031
[14:55:42.055] [EXEC] [EXEC] REALIZED pnl=+0.257212
[14:55:43.491] [EXEC] [EXEC] BUY ORDER SENT orderId=382431375 price=80899.49 qty=0.012360
[14:55:43.491] [EXEC] [EXEC] PLACE BUY price=80899.49 qty=0.012360
[14:55:48.976] [EXEC] [EXEC] BUY TIMEOUT orderId=382431375
[14:55:48.976] [EXEC] [EXEC] CANCEL BUY orderId=382431375
[14:55:49.253] [EXEC] [EXEC] BUY CANCELED confirmed
[14:55:49.522] [EXEC] [EXEC] BUY FINAL STATUS status=CANCELED orderId=382431375
[14:55:49.525] [EXEC] [EXEC] BLOCK reason=buy_not_filled
[14:55:50.066] [EXEC] [EXEC] BUY ORDER SENT orderId=382431845 price=80919.91 qty=0.012350
[14:55:50.068] [EXEC] [EXEC] PLACE BUY price=80919.91 qty=0.012350
[14:55:51.869] [EXEC] [EXEC] PLACE SELL price=80922.46 qty=0.012350
[14:55:52.150] [EXEC] [EXEC] SELL ORDER SENT orderId=382431956
[14:55:52.663] [EXEC] [EXEC] RECOVERY WAIT hard_sl_pending_recovery
[14:55:52.976] [EXEC] [EXEC] SELL FILLED id=382431956
[14:55:52.978] [EXEC] [EXEC] SELL FILLED qty=0.012350 remaining=0.000000
[14:55:52.979] [EXEC] [EXEC] REALIZED pnl=+0.031493
[14:55:54.215] [EXEC] [EXEC] BUY ORDER SENT orderId=382432114 price=80907.64 qty=0.012350
[14:55:54.218] [EXEC] [EXEC] PLACE BUY price=80907.64 qty=0.012350
[14:55:55.788] [EXEC] [EXEC] PLACE SELL price=80911.08 qty=0.012350
[14:55:56.185] [EXEC] [EXEC] SELL ORDER SENT orderId=382432158
[14:55:57.908] [EXEC] [EXEC] RECOVERY WAIT hard_sl_pending_recovery
[14:55:59.730] [EXEC] [EXEC] SELL FILLED id=382432158
[14:55:59.734] [EXEC] [EXEC] SELL FILLED qty=0.012350 remaining=0.000000
[14:55:59.738] [EXEC] [EXEC] REALIZED pnl=+0.042484
[14:56:00.485] [EXEC] [EXEC] BUY ORDER SENT orderId=382432482 price=80913.16 qty=0.012350
[14:56:00.490] [EXEC] [EXEC] PLACE BUY price=80913.16 qty=0.012350
[14:56:03.484] [EXEC] [EXEC] PLACE SELL price=80913.20 qty=0.012350
[14:56:03.756] [EXEC] [EXEC] SELL ORDER SENT orderId=382432768
[14:56:04.928] [EXEC] [EXEC] RECOVERY WAIT hard_sl_pending_recovery
[14:56:07.244] [EXEC] [EXEC] SELL TIMEOUT orderId=382432768
[14:56:07.249] [EXEC] [EXEC] CANCEL SELL orderId=382432768
[14:56:07.793] [EXEC] [EXEC] SELL FINAL STATUS status=CANCELED orderId=382432768
[14:56:07.796] [EXEC] [EXEC] FORCE EXIT hard_sl_triggered
[14:56:07.799] [EXEC] [EXEC] HARD SL triggered
[14:56:07.803] [EXEC] [EXEC] PANIC EXIT sl_mode
[14:56:07.805] [EXEC] [EXEC] FORCE EXIT price=80895.23
[14:56:07.808] [EXEC] [EXEC] PLACE SELL price=80895.23 qty=0.012350
[14:56:08.081] [EXEC] [EXEC] SELL ORDER SENT orderId=382433113
[14:56:08.720] [EXEC] [EXEC] REALIZED pnl=-0.125723
[14:56:09.293] [EXEC] [EXEC] BUY ORDER SENT orderId=382433188 price=80902.98 qty=0.012360
[14:56:09.296] [EXEC] [EXEC] PLACE BUY price=80902.98 qty=0.012360
[14:56:13.179] [EXEC] [EXEC] BUY TIMEOUT orderId=382433188
[14:56:13.179] [EXEC] [EXEC] CANCEL BUY orderId=382433188
[14:56:13.460] [EXEC] [EXEC] BUY CANCELED confirmed
[14:56:13.723] [EXEC] [EXEC] BUY FINAL STATUS status=CANCELED orderId=382433188
[14:56:13.725] [EXEC] [EXEC] BLOCK reason=buy_not_filled
[14:56:15.109] [EXEC] [EXEC] BUY ORDER SENT orderId=382433646 price=80910.57 qty=0.012350
[14:56:15.113] [EXEC] [EXEC] PLACE BUY price=80910.57 qty=0.012350
[14:56:17.651] [EXEC] [EXEC] PLACE SELL price=80921.19 qty=0.012350
[14:56:17.916] [EXEC] [EXEC] SELL ORDER SENT orderId=382433831
[14:56:21.725] [EXEC] [EXEC] SELL TIMEOUT orderId=382433831
[14:56:21.729] [EXEC] [EXEC] CANCEL SELL orderId=382433831
[14:56:22.241] [EXEC] [EXEC] SELL FINAL STATUS status=CANCELED orderId=382433831
[14:56:22.241] [EXEC] [EXEC] PANIC EXIT final_recover_place_sell
[14:56:22.241] [EXEC] [EXEC] PANIC EXIT panic_final_recover
[14:56:22.258] [EXEC] [EXEC] FORCE EXIT price=80903.80
[14:56:22.260] [EXEC] [EXEC] PLACE SELL price=80903.80 qty=0.012350
[14:56:22.519] [EXEC] [EXEC] SELL ORDER SENT orderId=382434066
[14:56:23.870] [EXEC] [EXEC] SELL FILLED id=382434066
[14:56:23.874] [EXEC] [EXEC] SELL FILLED qty=0.012350 remaining=0.000000
[14:56:23.877] [EXEC] [EXEC] REALIZED pnl=-0.083609
[14:56:24.929] [EXEC] [EXEC] BUY ORDER SENT orderId=382434242 price=80895.43 qty=0.012360
[14:56:24.931] [EXEC] [EXEC] PLACE BUY price=80895.43 qty=0.012360
[14:56:29.382] [EXEC] [EXEC] PLACE SELL price=80904.27 qty=0.012360
[14:56:29.631] [EXEC] [EXEC] SELL ORDER SENT orderId=382434672
[14:56:32.846] [EXEC] [EXEC] SELL TIMEOUT orderId=382434672
[14:56:32.850] [EXEC] [EXEC] CANCEL SELL orderId=382434672
[14:56:33.386] [EXEC] [EXEC] SELL FINAL STATUS status=CANCELED orderId=382434672
[14:56:33.390] [EXEC] [EXEC] PANIC EXIT final_recover_place_sell
[14:56:33.395] [EXEC] [EXEC] PANIC EXIT panic_final_recover
[14:56:33.398] [EXEC] [EXEC] FORCE EXIT price=80891.57
[14:56:33.402] [EXEC] [EXEC] PLACE SELL price=80891.57 qty=0.012360
[14:56:33.684] [EXEC] [EXEC] SELL ORDER SENT orderId=382435126
[14:56:35.467] [EXEC] [EXEC] SELL TIMEOUT orderId=382435126
[14:56:35.471] [EXEC] [EXEC] CANCEL SELL orderId=382435126
[14:56:35.991] [EXEC] [EXEC] SELL FINAL STATUS status=CANCELED orderId=382435126
[14:56:36.009] [EXEC] [EXEC] PANIC EXIT final_recover_place_sell
[14:56:36.012] [EXEC] [EXEC] PANIC EXIT panic_final_recover
[14:56:36.015] [EXEC] [EXEC] FORCE EXIT price=80859.00
[14:56:36.017] [EXEC] [EXEC] PLACE SELL price=80859.00 qty=0.012360
[14:56:36.280] [EXEC] [EXEC] SELL ORDER SENT orderId=382435440
[14:56:38.853] [EXEC] [EXEC] SELL TIMEOUT orderId=382435440
[14:56:38.856] [EXEC] [EXEC] CANCEL SELL orderId=382435440
[14:56:39.381] [EXEC] [EXEC] SELL FINAL STATUS status=CANCELED orderId=382435440
[14:56:39.381] [EXEC] [EXEC] PANIC EXIT final_recover_place_sell
[14:56:39.381] [EXEC] [EXEC] PANIC EXIT panic_final_recover
[14:56:39.381] [EXEC] [EXEC] FORCE EXIT price=80856.99
[14:56:39.381] [EXEC] [EXEC] PLACE SELL price=80856.99 qty=0.012360
[14:56:39.655] [EXEC] [EXEC] SELL ORDER SENT orderId=382435589
[14:56:41.573] [EXEC] [EXEC] SELL FILLED id=382435589
[14:56:41.577] [EXEC] [EXEC] SELL FILLED qty=0.012360 remaining=0.000000
[14:56:41.578] [EXEC] [EXEC] REALIZED pnl=-0.475118
[14:56:42.346] [EXEC] [EXEC] BUY ORDER SENT orderId=382435854 price=80854.38 qty=0.012360
[14:56:42.350] [EXEC] [EXEC] PLACE BUY price=80854.38 qty=0.012360
[14:56:43.272] [EXEC] [EXEC] BUY PARTIAL filled=0.012360 total=0.012360
[14:56:43.288] [EXEC] [EXEC] BUY REMAINING qty=0.000000
[14:56:43.288] [EXEC] [EXEC] POSITION qty=0.012360
[14:56:43.288] [EXEC] [EXEC] BUY FILLED id=382435854
[14:56:43.798] [EXEC] [EXEC] PLACE SELL price=80854.42 qty=0.012360
[14:56:44.064] [EXEC] [EXEC] SELL ORDER SENT orderId=382436041
[14:56:44.585] [EXEC] [EXEC] REALIZED pnl=+0.000494
[14:56:45.559] [EXEC] [EXEC] BUY ORDER SENT orderId=382436149 price=80852.01 qty=0.012360
[14:56:45.563] [EXEC] [EXEC] PLACE BUY price=80852.01 qty=0.012360
[14:56:51.100] [EXEC] [EXEC] BUY TIMEOUT orderId=382436149
[14:56:51.116] [EXEC] [EXEC] CANCEL BUY orderId=382436149
[14:56:51.366] [EXEC] [EXEC] BUY CANCELED confirmed
[14:56:51.631] [EXEC] [EXEC] BUY FINAL STATUS status=CANCELED orderId=382436149
[14:56:51.647] [EXEC] [EXEC] BLOCK reason=buy_not_filled
[14:56:52.084] [EXEC] [EXEC] BUY ORDER SENT orderId=382436490 price=80860.74 qty=0.012360
[14:56:52.084] [EXEC] [EXEC] PLACE BUY price=80860.74 qty=0.012360
[14:56:56.712] [EXEC] [EXEC] BUY TIMEOUT orderId=382436490
[14:56:56.714] [EXEC] [EXEC] CANCEL BUY orderId=382436490
[14:56:56.978] [EXEC] [EXEC] BUY CANCELED confirmed
[14:56:57.226] [EXEC] [EXEC] BUY FINAL STATUS status=CANCELED orderId=382436490
[14:56:57.226] [EXEC] [EXEC] BLOCK reason=buy_not_filled
[14:56:57.772] [EXEC] [EXEC] BUY ORDER SENT orderId=382436938 price=80868.01 qty=0.012360
[14:56:57.788] [EXEC] [EXEC] PLACE BUY price=80868.01 qty=0.012360
[14:57:01.681] [EXEC] [EXEC] BUY PARTIAL filled=0.012360 total=0.012360
[14:57:01.685] [EXEC] [EXEC] BUY REMAINING qty=0.000000
[14:57:01.688] [EXEC] [EXEC] POSITION qty=0.012360
[14:57:01.691] [EXEC] [EXEC] BUY FILLED id=382436938
[14:57:02.240] [EXEC] [EXEC] PLACE SELL price=80875.29 qty=0.012360
[14:57:02.546] [EXEC] [EXEC] SELL ORDER SENT orderId=382437383
[14:57:03.804] [EXEC] [EXEC] RECOVERY WAIT hard_sl_pending_recovery
[14:57:04.073] [EXEC] [EXEC] SELL FILLED id=382437383
[14:57:04.077] [EXEC] [EXEC] SELL FILLED qty=0.012360 remaining=0.000000
[14:57:04.080] [EXEC] [EXEC] REALIZED pnl=+0.089981
[14:57:05.695] [EXEC] [EXEC] BUY ORDER SENT orderId=382437593 price=80871.34 qty=0.012360
[14:57:05.695] [EXEC] [EXEC] PLACE BUY price=80871.34 qty=0.012360
[14:57:07.867] [EXEC] [EXEC] PLACE SELL price=80874.00 qty=0.012360
[14:57:08.137] [EXEC] [EXEC] SELL ORDER SENT orderId=382437794
[14:57:09.421] [EXEC] [EXEC] REALIZED pnl=+0.032878
[14:57:09.710] [EXEC] [EXEC] BUY ORDER SENT orderId=382437831 price=80869.12 qty=0.012360
[14:57:09.710] [EXEC] [EXEC] PLACE BUY price=80869.12 qty=0.012360
[14:57:11.694] [EXEC] [EXEC] PLACE SELL price=80879.99 qty=0.012360
[14:57:11.974] [EXEC] [EXEC] SELL ORDER SENT orderId=382438079
[14:57:13.842] [EXEC] [EXEC] RECOVERY WAIT hard_sl_pending_recovery
[14:57:16.988] [EXEC] [EXEC] SELL TIMEOUT orderId=382438079
[14:57:17.004] [EXEC] [EXEC] CANCEL SELL orderId=382438079
[14:57:17.533] [EXEC] [EXEC] SELL FINAL STATUS status=CANCELED orderId=382438079
[14:57:17.537] [EXEC] [EXEC] SAFE EXIT floor=80869.13
[14:57:17.538] [EXEC] [EXEC] SELL REPRICE old=80879.99 new=80879.98 count=1
[14:57:17.538] [EXEC] [EXEC] PLACE SELL price=80879.98 qty=0.012360
[14:57:18.272] [EXEC] [EXEC] SELL ORDER SENT orderId=382438385
[14:57:19.170] [EXEC] [EXEC] RECOVERY WAIT hard_sl_pending_recovery
[14:57:19.444] [EXEC] [EXEC] SELL TIMEOUT orderId=382438385
[14:57:19.444] [EXEC] [EXEC] CANCEL SELL orderId=382438385
[14:57:20.480] [EXEC] [EXEC] SELL FINAL STATUS status=CANCELED orderId=382438385
[14:57:20.484] [EXEC] [EXEC] SAFE EXIT floor=80869.13
[14:57:20.487] [EXEC] [EXEC] SELL REPRICE old=80879.98 new=80879.97 count=2
[14:57:20.490] [EXEC] [EXEC] PLACE SELL price=80879.97 qty=0.012360
[14:57:20.757] [EXEC] [EXEC] SELL ORDER SENT orderId=382438542
[14:57:21.986] [EXEC] [EXEC] RECOVERY WAIT hard_sl_pending_recovery
[14:57:22.276] [EXEC] [EXEC] SELL TIMEOUT orderId=382438542
[14:57:22.279] [EXEC] [EXEC] CANCEL SELL orderId=382438542
[14:57:22.809] [EXEC] [EXEC] SELL FINAL STATUS status=CANCELED orderId=382438542
[14:57:22.809] [EXEC] [EXEC] FORCE EXIT hard_sl_triggered
[14:57:22.809] [EXEC] [EXEC] HARD SL triggered
[14:57:22.809] [EXEC] [EXEC] PANIC EXIT sl_mode
[14:57:22.809] [EXEC] [EXEC] FORCE EXIT price=80864.99
[14:57:22.809] [EXEC] [EXEC] PLACE SELL price=80864.99 qty=0.012360
[14:57:23.574] [EXEC] [EXEC] SELL ORDER SENT orderId=382438662
[14:57:24.640] [EXEC] [EXEC] REALIZED pnl=-0.051047
[14:57:26.380] [EXEC] [EXEC] BUY ORDER SENT orderId=382438752 price=80855.56 qty=0.012360
[14:57:26.383] [EXEC] [EXEC] PLACE BUY price=80855.56 qty=0.012360
[14:57:31.932] [EXEC] [EXEC] BUY TIMEOUT orderId=382438752
[14:57:31.935] [EXEC] [EXEC] CANCEL BUY orderId=382438752
[14:57:32.222] [EXEC] [EXEC] BUY CANCELED confirmed
[14:57:32.476] [EXEC] [EXEC] BUY FINAL STATUS status=CANCELED orderId=382438752
[14:57:32.495] [EXEC] [EXEC] BLOCK reason=buy_not_filled
[14:57:33.341] [EXEC] [EXEC] BUY ORDER SENT orderId=382438948 price=80860.01 qty=0.012360
[14:57:33.345] [EXEC] [EXEC] PLACE BUY price=80860.01 qty=0.012360
[14:57:36.658] [EXEC] [EXEC] PLACE SELL price=80864.39 qty=0.012360
[14:57:36.933] [EXEC] [EXEC] SELL ORDER SENT orderId=382439131
[14:57:37.459] [EXEC] [EXEC] REALIZED pnl=+0.054137
[14:57:39.297] [EXEC] [EXEC] BUY ORDER SENT orderId=382439373 price=80879.63 qty=0.012360
[14:57:39.301] [EXEC] [EXEC] PLACE BUY price=80879.63 qty=0.012360
[14:57:42.120] [EXEC] [EXEC] PLACE SELL price=80879.67 qty=0.012360
[14:57:42.427] [EXEC] [EXEC] SELL ORDER SENT orderId=382439546
[14:57:42.851] [EXEC] [EXEC] SELL FILLED id=382439546
[14:57:42.854] [EXEC] [EXEC] SELL FILLED qty=0.012360 remaining=0.000000
[14:57:42.856] [EXEC] [EXEC] REALIZED pnl=+0.000494
[14:57:44.013] [EXEC] [EXEC] BUY ORDER SENT orderId=382439625 price=80876.00 qty=0.012360
[14:57:44.013] [EXEC] [EXEC] PLACE BUY price=80876.00 qty=0.012360
[14:57:45.770] [EXEC] [EXEC] PLACE SELL price=80876.14 qty=0.012360
[14:57:46.052] [EXEC] [EXEC] SELL ORDER SENT orderId=382439728
[14:57:49.087] [EXEC] [EXEC] SELL FILLED id=382439728
[14:57:49.087] [EXEC] [EXEC] SELL FILLED qty=0.012360 remaining=0.000000
[14:57:49.087] [EXEC] [EXEC] REALIZED pnl=+0.001730
[14:57:50.910] [EXEC] [EXEC] BUY ORDER SENT orderId=382440008 price=80868.01 qty=0.012360
[14:57:50.913] [EXEC] [EXEC] PLACE BUY price=80868.01 qty=0.012360
[14:57:56.381] [EXEC] [EXEC] BUY TIMEOUT orderId=382440008
[14:57:56.381] [EXEC] [EXEC] CANCEL BUY orderId=382440008
[14:57:56.657] [EXEC] [EXEC] BUY CANCELED confirmed
[14:57:56.912] [EXEC] [EXEC] BUY FINAL STATUS status=CANCELED orderId=382440008
[14:57:56.912] [EXEC] [EXEC] BLOCK reason=buy_not_filled
[14:57:59.985] [EXEC] [EXEC] BUY ORDER SENT orderId=382440443 price=80889.64 qty=0.012360
[14:57:59.989] [EXEC] [EXEC] PLACE BUY price=80889.64 qty=0.012360
[14:58:02.744] [EXEC] [EXEC] PLACE SELL price=80891.61 qty=0.012360
[14:58:03.019] [EXEC] [EXEC] SELL ORDER SENT orderId=382440584
[14:58:05.287] [EXEC] [EXEC] REALIZED pnl=+0.024349
[14:58:05.570] [EXEC] [EXEC] BUY ORDER SENT orderId=382440718 price=80884.01 qty=0.012360
[14:58:05.570] [EXEC] [EXEC] PLACE BUY price=80884.01 qty=0.012360
[14:58:10.280] [EXEC] [EXEC] BUY TIMEOUT orderId=382440718
[14:58:10.284] [EXEC] [EXEC] CANCEL BUY orderId=382440718
[14:58:10.576] [EXEC] [EXEC] BUY CANCELED confirmed
[14:58:10.840] [EXEC] [EXEC] BUY FINAL STATUS status=CANCELED orderId=382440718
[14:58:10.843] [EXEC] [EXEC] BLOCK reason=buy_not_filled
[14:58:11.664] [EXEC] [EXEC] BUY ORDER SENT orderId=382441123 price=80894.78 qty=0.012360
[14:58:11.668] [EXEC] [EXEC] PLACE BUY price=80894.78 qty=0.012360
[14:58:12.962] [EXEC] [EXEC] PLACE SELL price=80894.82 qty=0.012360
[14:58:13.234] [EXEC] [EXEC] SELL ORDER SENT orderId=382441244
[14:58:14.804] [EXEC] [EXEC] SELL FILLED id=382441244
[14:58:14.808] [EXEC] [EXEC] SELL FILLED qty=0.012360 remaining=0.000000
[14:58:14.811] [EXEC] [EXEC] REALIZED pnl=+0.000371
[14:58:16.022] [EXEC] [EXEC] BUY ORDER SENT orderId=382441343 price=80889.61 qty=0.012360
[14:58:16.041] [EXEC] [EXEC] PLACE BUY price=80889.61 qty=0.012360
[14:58:20.314] [EXEC] [EXEC] BUY TIMEOUT orderId=382441343
[14:58:20.318] [EXEC] [EXEC] CANCEL BUY orderId=382441343
[14:58:20.587] [EXEC] [EXEC] BUY CANCELED confirmed
[14:58:20.851] [EXEC] [EXEC] BUY FINAL STATUS status=CANCELED orderId=382441343
[14:58:20.855] [EXEC] [EXEC] BLOCK reason=buy_not_filled
[14:58:21.992] [EXEC] [EXEC] BUY ORDER SENT orderId=382441612 price=80896.74 qty=0.012360
[14:58:21.994] [EXEC] [EXEC] PLACE BUY price=80896.74 qty=0.012360
[14:58:26.753] [EXEC] [EXEC] BUY TIMEOUT orderId=382441612
[14:58:26.756] [EXEC] [EXEC] CANCEL BUY orderId=382441612
[14:58:27.019] [EXEC] [EXEC] BUY CANCELED confirmed
[14:58:27.281] [EXEC] [EXEC] BUY FINAL STATUS status=CANCELED orderId=382441612
[14:58:27.284] [EXEC] [EXEC] BLOCK reason=buy_not_filled
[14:58:31.148] [EXEC] [EXEC] BUY ORDER SENT orderId=382442132 price=80916.01 qty=0.012350
[14:58:31.167] [EXEC] [EXEC] PLACE BUY price=80916.01 qty=0.012350
[14:58:35.464] [EXEC] [EXEC] BUY TIMEOUT orderId=382442132
[14:58:35.467] [EXEC] [EXEC] CANCEL BUY orderId=382442132
[14:58:35.730] [EXEC] [EXEC] BUY CANCELED confirmed
[14:58:35.991] [EXEC] [EXEC] BUY FINAL STATUS status=CANCELED orderId=382442132
[14:58:35.995] [EXEC] [EXEC] BLOCK reason=buy_not_filled
[14:58:36.929] [EXEC] [EXEC] BUY ORDER SENT orderId=382442505 price=80918.72 qty=0.012350
[14:58:36.934] [EXEC] [EXEC] PLACE BUY price=80918.72 qty=0.012350
[14:58:40.903] [EXEC] [EXEC] BUY TIMEOUT orderId=382442505
[14:58:40.906] [EXEC] [EXEC] CANCEL BUY orderId=382442505
[14:58:41.172] [EXEC] [EXEC] BUY CANCELED confirmed
[14:58:41.428] [EXEC] [EXEC] BUY FINAL STATUS status=CANCELED orderId=382442505
[14:58:41.428] [EXEC] [EXEC] BLOCK reason=buy_not_filled
[14:58:43.824] [EXEC] [EXEC] BUY ORDER SENT orderId=382442992 price=80932.15 qty=0.012350
[14:58:43.828] [EXEC] [EXEC] PLACE BUY price=80932.15 qty=0.012350
[14:58:44.690] [EXEC] [EXEC] BUY PARTIAL filled=0.012350 total=0.012350
[14:58:44.694] [EXEC] [EXEC] BUY REMAINING qty=0.000000
[14:58:44.697] [EXEC] [EXEC] POSITION qty=0.012350
[14:58:44.700] [EXEC] [EXEC] BUY FILLED id=382442992
[14:58:45.210] [EXEC] [EXEC] PLACE SELL price=80935.99 qty=0.012350
[14:58:45.475] [EXEC] [EXEC] SELL ORDER SENT orderId=382443050
[14:58:46.992] [EXEC] [EXEC] SELL FILLED id=382443050
[14:58:46.996] [EXEC] [EXEC] SELL FILLED qty=0.012350 remaining=0.000000
[14:58:46.998] [EXEC] [EXEC] REALIZED pnl=+0.047424
[14:58:47.796] [EXEC] [EXEC] BUY ORDER SENT orderId=382443254 price=80935.56 qty=0.012350
[14:58:47.796] [EXEC] [EXEC] PLACE BUY price=80935.56 qty=0.012350
[14:58:49.919] [EXEC] [EXEC] PLACE SELL price=80936.00 qty=0.012350
[14:58:50.178] [EXEC] [EXEC] SELL ORDER SENT orderId=382443437
[14:58:50.719] [EXEC] [EXEC] RECOVERY WAIT hard_sl_pending_recovery
[14:58:53.413] [EXEC] [EXEC] SELL TIMEOUT orderId=382443437
[14:58:53.429] [EXEC] [EXEC] CANCEL SELL orderId=382443437
[14:58:53.954] [EXEC] [EXEC] SELL FINAL STATUS status=CANCELED orderId=382443437
[14:58:53.956] [EXEC] [EXEC] SAFE EXIT floor=80935.57
[14:58:53.958] [EXEC] [EXEC] SELL REPRICE old=80936.00 new=80935.99 count=1
[14:58:53.959] [EXEC] [EXEC] PLACE SELL price=80935.99 qty=0.012350
[14:58:54.229] [EXEC] [EXEC] SELL ORDER SENT orderId=382443759
[14:58:55.828] [EXEC] [EXEC] RECOVERY WAIT hard_sl_pending_recovery
[14:58:56.100] [EXEC] [EXEC] SELL TIMEOUT orderId=382443759
[14:58:56.103] [EXEC] [EXEC] CANCEL SELL orderId=382443759
[14:58:56.638] [EXEC] [EXEC] SELL FINAL STATUS status=CANCELED orderId=382443759
[14:58:56.643] [EXEC] [EXEC] SAFE EXIT floor=80935.57
[14:58:56.646] [EXEC] [EXEC] SELL REPRICE old=80935.99 new=80935.98 count=2
[14:58:56.648] [EXEC] [EXEC] PLACE SELL price=80935.98 qty=0.012350
[14:58:56.911] [EXEC] [EXEC] SELL ORDER SENT orderId=382443874
[14:58:57.586] [EXEC] [EXEC] RECOVERY WAIT hard_sl_pending_recovery
[14:58:59.803] [EXEC] [EXEC] RECOVERY WAIT hard_sl_pending_recovery
[14:59:00.064] [EXEC] [EXEC] SELL TIMEOUT orderId=382443874
[14:59:00.065] [EXEC] [EXEC] CANCEL SELL orderId=382443874
[14:59:00.585] [EXEC] [EXEC] SELL FINAL STATUS status=CANCELED orderId=382443874
[14:59:00.603] [EXEC] [EXEC] FORCE EXIT hard_sl_triggered
[14:59:00.606] [EXEC] [EXEC] HARD SL triggered
[14:59:00.609] [EXEC] [EXEC] PANIC EXIT sl_mode
[14:59:00.610] [EXEC] [EXEC] FORCE EXIT price=80933.20
[14:59:00.612] [EXEC] [EXEC] PLACE SELL price=80933.20 qty=0.012350
[14:59:00.874] [EXEC] [EXEC] SELL ORDER SENT orderId=382444134
[14:59:01.403] [EXEC] [EXEC] REALIZED pnl=+0.076323
[14:59:01.944] [EXEC] [EXEC] BUY ORDER SENT orderId=382444207 price=80950.91 qty=0.012350
[14:59:01.945] [EXEC] [EXEC] PLACE BUY price=80950.91 qty=0.012350
[14:59:03.228] [EXEC] [EXEC] PLACE SELL price=80954.12 qty=0.012350
[14:59:03.490] [EXEC] [EXEC] SELL ORDER SENT orderId=382444276
[14:59:04.036] [EXEC] [EXEC] REALIZED pnl=+0.039643
[14:59:05.206] [EXEC] [EXEC] BUY ORDER SENT orderId=382444457 price=80943.81 qty=0.012350
[14:59:05.209] [EXEC] [EXEC] PLACE BUY price=80943.81 qty=0.012350
[14:59:05.992] [EXEC] [EXEC] BUY PARTIAL filled=0.012350 total=0.012350
[14:59:06.008] [EXEC] [EXEC] BUY REMAINING qty=0.000000
[14:59:06.011] [EXEC] [EXEC] POSITION qty=0.012350
[14:59:06.014] [EXEC] [EXEC] BUY FILLED id=382444457
[14:59:07.305] [EXEC] [EXEC] PLACE SELL price=80949.55 qty=0.012350
[14:59:07.573] [EXEC] [EXEC] SELL ORDER SENT orderId=382444562
[14:59:10.135] [EXEC] [EXEC] RECOVERY WAIT hard_sl_pending_recovery
[14:59:10.407] [EXEC] [EXEC] SELL TIMEOUT orderId=382444562
[14:59:10.410] [EXEC] [EXEC] CANCEL SELL orderId=382444562
[14:59:11.113] [EXEC] [EXEC] SELL FINAL STATUS status=CANCELED orderId=382444562
[14:59:11.118] [EXEC] [EXEC] SAFE EXIT floor=80943.82
[14:59:11.121] [EXEC] [EXEC] SELL REPRICE old=80949.55 new=80949.54 count=1
[14:59:11.123] [EXEC] [EXEC] PLACE SELL price=80949.54 qty=0.012350
[14:59:11.394] [EXEC] [EXEC] SELL ORDER SENT orderId=382444941
[14:59:11.925] [EXEC] [EXEC] RECOVERY WAIT hard_sl_pending_recovery
[14:59:13.194] [EXEC] [EXEC] SELL TIMEOUT orderId=382444941
[14:59:13.194] [EXEC] [EXEC] CANCEL SELL orderId=382444941
[14:59:13.753] [EXEC] [EXEC] SELL FINAL STATUS status=CANCELED orderId=382444941
[14:59:13.755] [EXEC] [EXEC] SAFE EXIT floor=80943.82
[14:59:13.759] [EXEC] [EXEC] SELL REPRICE old=80949.54 new=80949.53 count=2
[14:59:13.762] [EXEC] [EXEC] PLACE SELL price=80949.53 qty=0.012350
[14:59:14.028] [EXEC] [EXEC] SELL ORDER SENT orderId=382445359
[14:59:15.137] [EXEC] [EXEC] RECOVERY WAIT hard_sl_pending_recovery
[14:59:17.576] [EXEC] [EXEC] RECOVERY WAIT hard_sl_pending_recovery
[14:59:17.840] [EXEC] [EXEC] SELL TIMEOUT orderId=382445359
[14:59:17.843] [EXEC] [EXEC] CANCEL SELL orderId=382445359
[14:59:18.863] [EXEC] [EXEC] SELL FINAL STATUS status=CANCELED orderId=382445359
[14:59:18.867] [EXEC] [EXEC] FORCE EXIT hard_sl_triggered
[14:59:18.869] [EXEC] [EXEC] HARD SL triggered
[14:59:18.872] [EXEC] [EXEC] PANIC EXIT sl_mode
[14:59:18.874] [EXEC] [EXEC] FORCE EXIT price=80902.64
[14:59:18.876] [EXEC] [EXEC] PLACE SELL price=80902.64 qty=0.012350
[14:59:19.146] [EXEC] [EXEC] SELL ORDER SENT orderId=382445825
[14:59:20.869] [EXEC] [EXEC] SELL TIMEOUT orderId=382445825
[14:59:20.873] [EXEC] [EXEC] CANCEL SELL orderId=382445825
[14:59:21.397] [EXEC] [EXEC] SELL FINAL STATUS status=CANCELED orderId=382445825
[14:59:21.397] [EXEC] [EXEC] PANIC EXIT final_recover_place_sell
[14:59:21.397] [EXEC] [EXEC] PANIC EXIT panic_final_recover
[14:59:21.397] [EXEC] [EXEC] FORCE EXIT price=80894.78
[14:59:21.397] [EXEC] [EXEC] PLACE SELL price=80894.78 qty=0.012350
[14:59:21.695] [EXEC] [EXEC] SELL ORDER SENT orderId=382446039
[14:59:23.647] [EXEC] [EXEC] SELL TIMEOUT orderId=382446039
[14:59:23.647] [EXEC] [EXEC] CANCEL SELL orderId=382446039
[14:59:24.678] [EXEC] [EXEC] SELL FINAL STATUS status=CANCELED orderId=382446039
[14:59:24.681] [EXEC] [EXEC] PANIC EXIT final_recover_place_sell
[14:59:24.682] [EXEC] [EXEC] PANIC EXIT panic_final_recover
[14:59:24.683] [EXEC] [EXEC] FORCE EXIT price=80893.38
[14:59:24.684] [EXEC] [EXEC] PLACE SELL price=80893.38 qty=0.012350
[14:59:24.954] [EXEC] [EXEC] SELL ORDER SENT orderId=382446160
[14:59:25.968] [EXEC] [EXEC] REALIZED pnl=-0.622811
[14:59:26.828] [EXEC] [EXEC] BUY ORDER SENT orderId=382446234 price=80892.05 qty=0.012360
[14:59:26.832] [EXEC] [EXEC] PLACE BUY price=80892.05 qty=0.012360
[14:59:31.545] [EXEC] [EXEC] BUY TIMEOUT orderId=382446234
[14:59:31.549] [EXEC] [EXEC] CANCEL BUY orderId=382446234
[14:59:31.811] [EXEC] [EXEC] BUY CANCELED confirmed
[14:59:32.078] [EXEC] [EXEC] BUY FINAL STATUS status=CANCELED orderId=382446234
[14:59:32.082] [EXEC] [EXEC] BLOCK reason=buy_not_filled
[14:59:34.686] [EXEC] [EXEC] BUY ORDER SENT orderId=382446686 price=80909.53 qty=0.012350
[14:59:34.691] [EXEC] [EXEC] PLACE BUY price=80909.53 qty=0.012350
[14:59:37.802] [EXEC] [EXEC] BUY PARTIAL filled=0.012350 total=0.012350
[14:59:37.803] [EXEC] [EXEC] BUY REMAINING qty=0.000000
[14:59:37.803] [EXEC] [EXEC] POSITION qty=0.012350
[14:59:37.803] [EXEC] [EXEC] BUY FILLED id=382446686
[14:59:39.902] [EXEC] [EXEC] PLACE SELL price=80909.57 qty=0.012350
[14:59:40.168] [EXEC] [EXEC] SELL ORDER SENT orderId=382447008
[14:59:40.367] [EXEC] [EXEC] RECOVERY WAIT hard_sl_pending_recovery
[14:59:42.206] [EXEC] [EXEC] SELL FILLED id=382447008
[14:59:42.210] [EXEC] [EXEC] SELL FILLED qty=0.012350 remaining=0.000000
[14:59:42.214] [EXEC] [EXEC] REALIZED pnl=+0.000371
[14:59:46.296] [EXEC] [EXEC] BUY ORDER SENT orderId=382447458 price=80908.11 qty=0.012350
[14:59:46.301] [EXEC] [EXEC] PLACE BUY price=80908.11 qty=0.012350
[15:04:09.694] [EXEC] [EXEC] LIVE ON
[15:04:09.696] [EXEC] [EXEC] WAIT READY
[15:04:11.085] [EXEC] [EXEC] BUY ORDER SENT orderId=382465864 price=80858.84 qty=0.012360
[15:04:11.085] [EXEC] [EXEC] PLACE BUY price=80858.84 qty=0.012360
[15:04:15.303] [EXEC] [EXEC] BUY TIMEOUT orderId=382465864
[15:04:15.308] [EXEC] [EXEC] CANCEL BUY orderId=382465864
[15:04:15.569] [EXEC] [EXEC] BUY CANCELED confirmed
[15:04:15.846] [EXEC] [EXEC] BUY FINAL STATUS status=CANCELED orderId=382465864
[15:04:15.849] [EXEC] [EXEC] BLOCK reason=buy_not_filled
[15:04:19.806] [EXEC] [EXEC] BUY ORDER SENT orderId=382466167 price=80869.93 qty=0.012360
[15:04:19.810] [EXEC] [EXEC] PLACE BUY price=80869.93 qty=0.012360
[15:04:24.293] [EXEC] [EXEC] BUY PARTIAL filled=0.012360 total=0.012360
[15:04:24.297] [EXEC] [EXEC] BUY REMAINING qty=0.000000
[15:04:24.298] [EXEC] [EXEC] POSITION qty=0.012360
[15:04:24.299] [EXEC] [EXEC] BUY FILLED id=382466167
[15:04:26.078] [EXEC] [EXEC] PLACE SELL price=80869.97 qty=0.012360
[15:04:26.335] [EXEC] [EXEC] SELL ORDER SENT orderId=382466477
[15:04:26.937] [EXEC] [EXEC] REALIZED pnl=+0.000494
[15:04:27.872] [EXEC] [EXEC] BUY ORDER SENT orderId=382466634 price=80871.73 qty=0.012360
[15:04:27.872] [EXEC] [EXEC] PLACE BUY price=80871.73 qty=0.012360
[15:04:31.859] [EXEC] [EXEC] BUY TIMEOUT orderId=382466634
[15:04:31.863] [EXEC] [EXEC] CANCEL BUY orderId=382466634
[15:04:32.116] [EXEC] [EXEC] BUY CANCELED confirmed
[15:04:32.428] [EXEC] [EXEC] BUY FINAL STATUS status=CANCELED orderId=382466634
[15:04:32.429] [EXEC] [EXEC] BLOCK reason=buy_not_filled
[15:04:33.723] [EXEC] [EXEC] BUY ORDER SENT orderId=382467101 price=80868.54 qty=0.012360
[15:04:33.725] [EXEC] [EXEC] PLACE BUY price=80868.54 qty=0.012360
[15:04:35.282] [EXEC] [EXEC] BUY PARTIAL filled=0.012360 total=0.012360
[15:04:35.285] [EXEC] [EXEC] BUY REMAINING qty=0.000000
[15:04:35.287] [EXEC] [EXEC] POSITION qty=0.012360
[15:04:35.288] [EXEC] [EXEC] BUY FILLED id=382467101
[15:04:36.584] [EXEC] [EXEC] PLACE SELL price=80872.00 qty=0.012360
[15:04:36.850] [EXEC] [EXEC] SELL ORDER SENT orderId=382467281
[15:04:38.538] [EXEC] [EXEC] REALIZED pnl=+0.042766
[15:04:38.804] [EXEC] [EXEC] BUY ORDER SENT orderId=382467367 price=80870.74 qty=0.012360
[15:04:38.804] [EXEC] [EXEC] PLACE BUY price=80870.74 qty=0.012360
[15:04:39.676] [EXEC] [EXEC] BUY PARTIAL filled=0.012360 total=0.012360
[15:04:39.678] [EXEC] [EXEC] BUY REMAINING qty=0.000000
[15:04:39.678] [EXEC] [EXEC] POSITION qty=0.012360
[15:04:39.678] [EXEC] [EXEC] BUY FILLED id=382467367
[15:04:41.742] [EXEC] [EXEC] PLACE SELL price=80872.00 qty=0.012360
[15:04:42.006] [EXEC] [EXEC] SELL ORDER SENT orderId=382467545
[15:04:43.297] [EXEC] [EXEC] RECOVERY WAIT hard_sl_pending_recovery
[15:04:43.553] [EXEC] [EXEC] SELL FILLED id=382467545
[15:04:43.569] [EXEC] [EXEC] SELL FILLED qty=0.012360 remaining=0.000000
[15:04:43.569] [EXEC] [EXEC] REALIZED pnl=+0.015574
[15:04:44.396] [EXEC] [EXEC] BUY ORDER SENT orderId=382467777 price=80873.55 qty=0.012360
[15:04:44.400] [EXEC] [EXEC] PLACE BUY price=80873.55 qty=0.012360
[15:04:48.786] [EXEC] [EXEC] BUY TIMEOUT orderId=382467777
[15:04:48.790] [EXEC] [EXEC] CANCEL BUY orderId=382467777
[15:04:49.088] [EXEC] [EXEC] BUY CANCELED confirmed
[15:04:49.350] [EXEC] [EXEC] BUY FINAL STATUS status=CANCELED orderId=382467777
[15:04:49.350] [EXEC] [EXEC] BLOCK reason=buy_not_filled
[15:04:51.225] [EXEC] [EXEC] BUY ORDER SENT orderId=382468166 price=80884.00 qty=0.012360
[15:04:51.225] [EXEC] [EXEC] PLACE BUY price=80884.00 qty=0.012360
[15:04:52.616] [EXEC] [EXEC] BUY PARTIAL filled=0.012360 total=0.012360
[15:04:52.616] [EXEC] [EXEC] BUY REMAINING qty=0.000000
[15:04:52.616] [EXEC] [EXEC] POSITION qty=0.012360
[15:04:52.616] [EXEC] [EXEC] BUY FILLED id=382468166
[15:04:53.257] [EXEC] [EXEC] PLACE SELL price=80884.04 qty=0.012360
[15:04:53.524] [EXEC] [EXEC] SELL ORDER SENT orderId=382468243
[15:04:54.585] [EXEC] [EXEC] REALIZED pnl=+0.000494
[15:04:56.158] [EXEC] [EXEC] BUY ORDER SENT orderId=382468422 price=80878.68 qty=0.012360
[15:04:56.162] [EXEC] [EXEC] PLACE BUY price=80878.68 qty=0.012360
[15:05:00.756] [EXEC] [EXEC] BUY TIMEOUT orderId=382468422
[15:05:00.759] [EXEC] [EXEC] CANCEL BUY orderId=382468422
[15:05:01.023] [EXEC] [EXEC] BUY CANCELED confirmed
[15:05:01.293] [EXEC] [EXEC] BUY FINAL STATUS status=CANCELED orderId=382468422
[15:05:01.297] [EXEC] [EXEC] BLOCK reason=buy_not_filled
[15:05:02.661] [EXEC] [EXEC] BUY ORDER SENT orderId=382468677 price=80876.01 qty=0.012360
[15:05:02.666] [EXEC] [EXEC] PLACE BUY price=80876.01 qty=0.012360
[15:05:08.756] [EXEC] [EXEC] BUY PARTIAL filled=0.012360 total=0.012360
[15:05:08.756] [EXEC] [EXEC] BUY REMAINING qty=0.000000
[15:05:08.756] [EXEC] [EXEC] POSITION qty=0.012360
[15:05:08.756] [EXEC] [EXEC] BUY FILLED id=382468677
[15:05:08.946] [EXEC] [EXEC] PLACE SELL price=80879.59 qty=0.012360
[15:05:09.220] [EXEC] [EXEC] SELL ORDER SENT orderId=382469121
[15:05:10.834] [EXEC] [EXEC] RECOVERY WAIT hard_sl_pending_recovery
[15:05:12.382] [EXEC] [EXEC] RECOVERY WAIT hard_sl_pending_recovery
[15:05:12.647] [EXEC] [EXEC] SELL TIMEOUT orderId=382469121
[15:05:12.647] [EXEC] [EXEC] CANCEL SELL orderId=382469121
[15:05:13.209] [EXEC] [EXEC] SELL FINAL STATUS status=CANCELED orderId=382469121
[15:05:13.209] [EXEC] [EXEC] SAFE EXIT floor=80876.02
[15:05:13.209] [EXEC] [EXEC] SELL REPRICE old=80879.59 new=80879.58 count=1
[15:05:13.209] [EXEC] [EXEC] PLACE SELL price=80879.58 qty=0.012360
[15:05:13.588] [EXEC] [EXEC] SELL ORDER SENT orderId=382469453
[15:05:15.209] [EXEC] [EXEC] RECOVERY WAIT hard_sl_pending_recovery
[15:05:15.484] [EXEC] [EXEC] SELL TIMEOUT orderId=382469453
[15:05:15.488] [EXEC] [EXEC] CANCEL SELL orderId=382469453
[15:05:16.033] [EXEC] [EXEC] SELL FINAL STATUS status=CANCELED orderId=382469453
[15:05:16.036] [EXEC] [EXEC] SAFE EXIT floor=80876.02
[15:05:16.040] [EXEC] [EXEC] SELL REPRICE old=80879.58 new=80879.57 count=2
[15:05:16.043] [EXEC] [EXEC] PLACE SELL price=80879.57 qty=0.012360
[15:05:16.309] [EXEC] [EXEC] SELL ORDER SENT orderId=382469567
[15:05:17.348] [EXEC] [EXEC] RECOVERY WAIT hard_sl_pending_recovery
[15:05:19.535] [EXEC] [EXEC] SELL TIMEOUT orderId=382469567
[15:05:19.539] [EXEC] [EXEC] CANCEL SELL orderId=382469567
[15:05:20.173] [EXEC] [EXEC] SELL FINAL STATUS status=CANCELED orderId=382469567
[15:05:20.177] [EXEC] [EXEC] FORCE EXIT hard_sl_triggered
[15:05:20.178] [EXEC] [EXEC] HARD SL triggered
[15:05:20.181] [EXEC] [EXEC] PANIC EXIT sl_mode
[15:05:20.183] [EXEC] [EXEC] FORCE EXIT price=80866.09
[15:05:20.186] [EXEC] [EXEC] PLACE SELL price=80866.09 qty=0.012360
[15:05:20.457] [EXEC] [EXEC] SELL ORDER SENT orderId=382469729
[15:05:21.169] [EXEC] [EXEC] SELL FILLED id=382469729
[15:05:21.172] [EXEC] [EXEC] SELL FILLED qty=0.012360 remaining=0.000000
[15:05:21.175] [EXEC] [EXEC] REALIZED pnl=-0.122611
[15:05:22.444] [EXEC] [EXEC] BUY ORDER SENT orderId=382469913 price=80860.01 qty=0.012360
[15:05:22.444] [EXEC] [EXEC] PLACE BUY price=80860.01 qty=0.012360
[15:05:26.584] [EXEC] [EXEC] BUY TIMEOUT orderId=382469913
[15:05:26.584] [EXEC] [EXEC] CANCEL BUY orderId=382469913
[15:05:27.369] [EXEC] [EXEC] BUY CANCELED confirmed
[15:05:27.653] [EXEC] [EXEC] BUY FINAL STATUS status=CANCELED orderId=382469913
[15:05:27.656] [EXEC] [EXEC] BLOCK reason=buy_not_filled
[15:05:31.022] [EXEC] [EXEC] BUY ORDER SENT orderId=382470307 price=80860.00 qty=0.012360
[15:05:31.022] [EXEC] [EXEC] PLACE BUY price=80860.00 qty=0.012360
[15:05:32.902] [EXEC] [EXEC] BUY PARTIAL filled=0.000020 total=0.000020
[15:05:32.906] [EXEC] [EXEC] BUY REMAINING qty=0.012340
[15:05:32.907] [EXEC] [EXEC] POSITION qty=0.000020
[15:05:34.180] [EXEC] [EXEC] PLACE SELL price=80869.34 qty=0.000020
[15:05:35.758] [EXEC] [EXEC] PLACE SELL price=80865.19 qty=0.000020
[15:05:37.837] [EXEC] [EXEC] PLACE SELL price=80865.19 qty=0.000020
[15:05:39.757] [EXEC] [EXEC] PLACE SELL price=80861.71 qty=0.012360
[15:05:40.061] [EXEC] [EXEC] SELL ORDER SENT orderId=382470607
[15:05:40.731] [EXEC] [EXEC] SELL FILLED id=382470607
[15:05:40.735] [EXEC] [EXEC] SELL FILLED qty=0.012360 remaining=0.000000
[15:05:40.736] [EXEC] [EXEC] REALIZED pnl=+0.021136
[15:05:42.734] [EXEC] [EXEC] BUY ORDER SENT orderId=382470716 price=80866.42 qty=0.012360
[15:05:42.739] [EXEC] [EXEC] PLACE BUY price=80866.42 qty=0.012360
[15:05:44.179] [EXEC] [EXEC] BUY PARTIAL filled=0.012360 total=0.012360
[15:05:44.179] [EXEC] [EXEC] BUY REMAINING qty=0.000000
[15:05:44.179] [EXEC] [EXEC] POSITION qty=0.012360
[15:05:44.179] [EXEC] [EXEC] BUY FILLED id=382470716
[15:05:45.463] [EXEC] [EXEC] PLACE SELL price=80866.46 qty=0.012360
[15:05:45.745] [EXEC] [EXEC] SELL ORDER SENT orderId=382470884
[15:05:46.897] [EXEC] [EXEC] RECOVERY WAIT hard_sl_pending_recovery
[15:05:48.946] [EXEC] [EXEC] RECOVERY WAIT hard_sl_pending_recovery
[15:05:49.250] [EXEC] [EXEC] SELL TIMEOUT orderId=382470884
[15:05:49.254] [EXEC] [EXEC] CANCEL SELL orderId=382470884
[15:05:49.804] [EXEC] [EXEC] SELL FINAL STATUS status=CANCELED orderId=382470884
[15:05:49.804] [EXEC] [EXEC] SAFE EXIT floor=80866.43
[15:05:49.804] [EXEC] [EXEC] SELL REPRICE old=80866.46 new=80866.45 count=1
[15:05:49.804] [EXEC] [EXEC] PLACE SELL price=80866.45 qty=0.012360
[15:05:50.072] [EXEC] [EXEC] SELL ORDER SENT orderId=382471252
[15:05:50.972] [EXEC] [EXEC] RECOVERY WAIT hard_sl_pending_recovery
[15:05:51.834] [EXEC] [EXEC] RECOVERY WAIT hard_sl_pending_recovery
[15:05:52.101] [EXEC] [EXEC] SELL TIMEOUT orderId=382471252
[15:05:52.101] [EXEC] [EXEC] CANCEL SELL orderId=382471252
[15:05:52.663] [EXEC] [EXEC] SELL FINAL STATUS status=CANCELED orderId=382471252
[15:05:52.663] [EXEC] [EXEC] SAFE EXIT floor=80866.43
[15:05:52.679] [EXEC] [EXEC] SELL REPRICE old=80866.45 new=80866.44 count=2
[15:05:52.680] [EXEC] [EXEC] PLACE SELL price=80866.44 qty=0.012360
[15:05:52.969] [EXEC] [EXEC] SELL ORDER SENT orderId=382471350
[15:05:54.039] [EXEC] [EXEC] RECOVERY WAIT hard_sl_pending_recovery
[15:05:56.353] [EXEC] [EXEC] SELL TIMEOUT orderId=382471350
[15:05:56.357] [EXEC] [EXEC] CANCEL SELL orderId=382471350
[15:05:56.935] [EXEC] [EXEC] SELL FINAL STATUS status=CANCELED orderId=382471350
[15:05:56.939] [EXEC] [EXEC] FORCE EXIT hard_sl_triggered
[15:05:56.940] [EXEC] [EXEC] HARD SL triggered
[15:05:56.942] [EXEC] [EXEC] PANIC EXIT sl_mode
[15:05:56.945] [EXEC] [EXEC] FORCE EXIT price=80854.04
[15:05:56.948] [EXEC] [EXEC] PLACE SELL price=80854.04 qty=0.012360
[15:05:57.237] [EXEC] [EXEC] SELL ORDER SENT orderId=382471594
[15:05:58.069] [EXEC] [EXEC] SELL FILLED id=382471594
[15:05:58.072] [EXEC] [EXEC] SELL FILLED qty=0.012360 remaining=0.000000
[15:05:58.075] [EXEC] [EXEC] REALIZED pnl=-0.153017
[15:06:00.672] [EXEC] [EXEC] BUY ORDER SENT orderId=382471938 price=80862.10 qty=0.012360
[15:06:00.674] [EXEC] [EXEC] PLACE BUY price=80862.10 qty=0.012360
[15:06:01.542] [EXEC] [EXEC] BUY PARTIAL filled=0.012360 total=0.012360
[15:06:01.545] [EXEC] [EXEC] BUY REMAINING qty=0.000000
[15:06:01.547] [EXEC] [EXEC] POSITION qty=0.012360
[15:06:01.549] [EXEC] [EXEC] BUY FILLED id=382471938
[15:06:03.007] [EXEC] [EXEC] PLACE SELL price=80862.14 qty=0.012360
[15:06:03.273] [EXEC] [EXEC] SELL ORDER SENT orderId=382472170
[15:06:04.559] [EXEC] [EXEC] RECOVERY WAIT hard_sl_pending_recovery
[15:06:06.843] [EXEC] [EXEC] SELL TIMEOUT orderId=382472170
[15:06:06.846] [EXEC] [EXEC] CANCEL SELL orderId=382472170
[15:06:07.385] [EXEC] [EXEC] SELL FINAL STATUS status=CANCELED orderId=382472170
[15:06:07.388] [EXEC] [EXEC] SAFE EXIT floor=80862.11
[15:06:07.389] [EXEC] [EXEC] SELL REPRICE old=80862.14 new=80862.13 count=1
[15:06:07.391] [EXEC] [EXEC] PLACE SELL price=80862.13 qty=0.012360
[15:06:07.660] [EXEC] [EXEC] SELL ORDER SENT orderId=382472340
[15:06:08.240] [EXEC] [EXEC] RECOVERY WAIT hard_sl_pending_recovery
[15:06:10.398] [EXEC] [EXEC] SELL TIMEOUT orderId=382472340
[15:06:10.398] [EXEC] [EXEC] CANCEL SELL orderId=382472340
[15:06:10.938] [EXEC] [EXEC] SELL FINAL STATUS status=CANCELED orderId=382472340
[15:06:10.943] [EXEC] [EXEC] SAFE EXIT floor=80862.11
[15:06:10.943] [EXEC] [EXEC] SELL REPRICE old=80862.13 new=80862.12 count=2
[15:06:10.949] [EXEC] [EXEC] PLACE SELL price=80862.12 qty=0.012360
[15:06:11.209] [EXEC] [EXEC] SELL ORDER SENT orderId=382472577
[15:06:12.116] [EXEC] [EXEC] RECOVERY WAIT hard_sl_pending_recovery
[15:06:12.406] [EXEC] [EXEC] SELL FILLED id=382472577
[15:06:12.412] [EXEC] [EXEC] SELL FILLED qty=0.012360 remaining=0.000000
[15:06:12.413] [EXEC] [EXEC] REALIZED pnl=+0.000247
[15:06:13.132] [EXEC] [EXEC] BUY ORDER SENT orderId=382472759 price=80864.42 qty=0.012360
[15:06:13.150] [EXEC] [EXEC] PLACE BUY price=80864.42 qty=0.012360
[15:06:18.336] [EXEC] [EXEC] BUY TIMEOUT orderId=382472759
[15:06:18.336] [EXEC] [EXEC] CANCEL BUY orderId=382472759
[15:06:18.614] [EXEC] [EXEC] BUY CANCELED confirmed
[15:06:18.882] [EXEC] [EXEC] BUY FINAL STATUS status=CANCELED orderId=382472759
[15:06:18.886] [EXEC] [EXEC] BLOCK reason=buy_not_filled
[15:06:19.725] [EXEC] [EXEC] BUY ORDER SENT orderId=382473296 price=80885.24 qty=0.012360
[15:06:19.744] [EXEC] [EXEC] PLACE BUY price=80885.24 qty=0.012360
[15:06:21.742] [EXEC] [EXEC] PLACE SELL price=80885.28 qty=0.012360
[15:06:22.007] [EXEC] [EXEC] SELL ORDER SENT orderId=382473524
[15:06:22.549] [EXEC] [EXEC] REALIZED pnl=+0.000494
[15:06:22.891] [EXEC] [EXEC] BUY ORDER SENT orderId=382473616 price=80876.01 qty=0.012360
[15:06:22.894] [EXEC] [EXEC] PLACE BUY price=80876.01 qty=0.012360
[15:06:26.245] [EXEC] [EXEC] PLACE SELL price=80879.22 qty=0.012360
[15:06:26.511] [EXEC] [EXEC] SELL ORDER SENT orderId=382473902
[15:06:27.294] [EXEC] [EXEC] SELL FILLED id=382473902
[15:06:27.297] [EXEC] [EXEC] SELL FILLED qty=0.012360 remaining=0.000000
[15:06:27.298] [EXEC] [EXEC] REALIZED pnl=+0.039676
[15:06:32.991] [EXEC] [EXEC] BUY ORDER SENT orderId=382474150 price=80874.78 qty=0.012360
[15:06:32.991] [EXEC] [EXEC] PLACE BUY price=80874.78 qty=0.012360
[15:06:36.318] [EXEC] [EXEC] PLACE SELL price=80877.99 qty=0.012360
[15:06:36.584] [EXEC] [EXEC] SELL ORDER SENT orderId=382474355
[15:06:37.131] [EXEC] [EXEC] REALIZED pnl=+0.039676
[15:06:38.318] [EXEC] [EXEC] BUY ORDER SENT orderId=382474530 price=80867.46 qty=0.012360
[15:06:38.318] [EXEC] [EXEC] PLACE BUY price=80867.46 qty=0.012360
[15:06:42.647] [EXEC] [EXEC] BUY TIMEOUT orderId=382474530
[15:06:42.664] [EXEC] [EXEC] CANCEL BUY orderId=382474530
[15:06:42.953] [EXEC] [EXEC] BUY CANCELED confirmed
[15:06:43.239] [EXEC] [EXEC] BUY FINAL STATUS status=CANCELED orderId=382474530
[15:06:43.241] [EXEC] [EXEC] BLOCK reason=buy_not_filled
[15:06:44.595] [EXEC] [EXEC] BUY ORDER SENT orderId=382475091 price=80876.01 qty=0.012360
[15:06:44.599] [EXEC] [EXEC] PLACE BUY price=80876.01 qty=0.012360
[15:06:45.541] [EXEC] [EXEC] BUY PARTIAL filled=0.012360 total=0.012360
[15:06:45.545] [EXEC] [EXEC] BUY REMAINING qty=0.000000
[15:06:45.547] [EXEC] [EXEC] POSITION qty=0.012360
[15:06:45.550] [EXEC] [EXEC] BUY FILLED id=382475091
[15:06:47.351] [EXEC] [EXEC] PLACE SELL price=80876.32 qty=0.012360
[15:06:47.638] [EXEC] [EXEC] SELL ORDER SENT orderId=382475281
[15:06:48.905] [EXEC] [EXEC] RECOVERY WAIT hard_sl_pending_recovery
[15:06:51.158] [EXEC] [EXEC] RECOVERY WAIT hard_sl_pending_recovery
[15:06:51.430] [EXEC] [EXEC] SELL TIMEOUT orderId=382475281
[15:06:51.433] [EXEC] [EXEC] CANCEL SELL orderId=382475281
[15:06:51.975] [EXEC] [EXEC] SELL FINAL STATUS status=CANCELED orderId=382475281
[15:06:51.975] [EXEC] [EXEC] SAFE EXIT floor=80876.02
[15:06:51.990] [EXEC] [EXEC] SELL REPRICE old=80876.32 new=80876.31 count=1
[15:06:51.990] [EXEC] [EXEC] PLACE SELL price=80876.31 qty=0.012360
[15:06:52.256] [EXEC] [EXEC] SELL ORDER SENT orderId=382475536
[15:06:52.958] [EXEC] [EXEC] RECOVERY WAIT hard_sl_pending_recovery
[15:06:53.835] [EXEC] [EXEC] RECOVERY WAIT hard_sl_pending_recovery
[15:06:54.104] [EXEC] [EXEC] SELL TIMEOUT orderId=382475536
[15:06:54.108] [EXEC] [EXEC] CANCEL SELL orderId=382475536
[15:06:54.662] [EXEC] [EXEC] SELL FINAL STATUS status=CANCELED orderId=382475536
[15:06:54.662] [EXEC] [EXEC] SAFE EXIT floor=80876.02
[15:06:54.662] [EXEC] [EXEC] SELL REPRICE old=80876.31 new=80876.30 count=2
[15:06:54.662] [EXEC] [EXEC] PLACE SELL price=80876.30 qty=0.012360
[15:06:54.946] [EXEC] [EXEC] SELL ORDER SENT orderId=382475758
[15:06:56.869] [EXEC] [EXEC] RECOVERY WAIT hard_sl_pending_recovery
[15:06:57.154] [EXEC] [EXEC] SELL TIMEOUT orderId=382475758
[15:06:57.158] [EXEC] [EXEC] CANCEL SELL orderId=382475758
[15:06:57.699] [EXEC] [EXEC] SELL FINAL STATUS status=CANCELED orderId=382475758
[15:06:57.702] [EXEC] [EXEC] FORCE EXIT hard_sl_triggered
[15:06:57.703] [EXEC] [EXEC] HARD SL triggered
[15:06:57.705] [EXEC] [EXEC] PANIC EXIT sl_mode
[15:06:57.706] [EXEC] [EXEC] FORCE EXIT price=80866.66
[15:06:57.707] [EXEC] [EXEC] PLACE SELL price=80866.66 qty=0.012360
[15:06:57.981] [EXEC] [EXEC] SELL ORDER SENT orderId=382475813
[15:07:00.216] [EXEC] [EXEC] REALIZED pnl=-0.115566
[15:07:01.527] [EXEC] [EXEC] BUY ORDER SENT orderId=382476021 price=80873.90 qty=0.012360
[15:07:01.531] [EXEC] [EXEC] PLACE BUY price=80873.90 qty=0.012360
[15:07:05.647] [EXEC] [EXEC] PLACE SELL price=80880.56 qty=0.012360
[15:07:05.972] [EXEC] [EXEC] SELL ORDER SENT orderId=382476287
[15:11:28.031] [EXEC] [EXEC] LIVE ON
[15:11:28.033] [EXEC] [EXEC] WAIT READY
[15:11:31.272] [EXEC] [EXEC] BUY ORDER SENT orderId=382490640 price=80906.36 qty=0.012350
[15:11:31.272] [EXEC] [EXEC] PLACE BUY price=80906.36 qty=0.012350
[15:11:32.757] [EXEC] [EXEC] BUY PARTIAL filled=0.012300 total=0.012300
[15:11:32.775] [EXEC] [EXEC] BUY REMAINING qty=0.000050
[15:11:32.778] [EXEC] [EXEC] POSITION qty=0.012300
[15:11:33.782] [EXEC] [EXEC] PLACE SELL price=80913.50 qty=0.012300
[15:11:34.051] [EXEC] [EXEC] SELL ORDER SENT orderId=382490858
[15:11:34.693] [EXEC] [EXEC] REALIZED pnl=+0.091175
[15:11:35.520] [EXEC] [EXEC] BUY ORDER SENT orderId=382490955 price=80912.60 qty=0.012350
[15:11:35.524] [EXEC] [EXEC] PLACE BUY price=80912.60 qty=0.012350
[15:11:39.950] [EXEC] [EXEC] BUY TIMEOUT orderId=382490955
[15:11:39.953] [EXEC] [EXEC] CANCEL BUY orderId=382490955
[15:11:40.269] [EXEC] [EXEC] BUY CANCELED confirmed
[15:11:40.553] [EXEC] [EXEC] BUY FINAL STATUS status=CANCELED orderId=382490955
[15:11:40.553] [EXEC] [EXEC] BLOCK reason=buy_not_filled
[15:11:41.881] [EXEC] [EXEC] BUY ORDER SENT orderId=382491251 price=80915.82 qty=0.012350
[15:11:41.884] [EXEC] [EXEC] PLACE BUY price=80915.82 qty=0.012350
[15:11:46.564] [EXEC] [EXEC] BUY TIMEOUT orderId=382491251
[15:11:46.568] [EXEC] [EXEC] CANCEL BUY orderId=382491251
[15:11:46.837] [EXEC] [EXEC] BUY CANCELED confirmed
[15:11:47.103] [EXEC] [EXEC] BUY FINAL STATUS status=CANCELED orderId=382491251
[15:11:47.107] [EXEC] [EXEC] BLOCK reason=buy_not_filled
[15:11:48.476] [EXEC] [EXEC] BUY ORDER SENT orderId=382491682 price=80936.44 qty=0.012350
[15:11:48.481] [EXEC] [EXEC] PLACE BUY price=80936.44 qty=0.012350
[15:11:52.506] [EXEC] [EXEC] BUY TIMEOUT orderId=382491682
[15:11:52.506] [EXEC] [EXEC] CANCEL BUY orderId=382491682
[15:11:52.785] [EXEC] [EXEC] BUY CANCELED confirmed
[15:11:53.054] [EXEC] [EXEC] BUY FINAL STATUS status=CANCELED orderId=382491682
[15:11:53.058] [EXEC] [EXEC] BLOCK reason=buy_not_filled
[15:11:55.977] [EXEC] [EXEC] BUY ORDER SENT orderId=382492168 price=80944.05 qty=0.012350
[15:11:55.977] [EXEC] [EXEC] PLACE BUY price=80944.05 qty=0.012350
[15:11:57.258] [EXEC] [EXEC] PLACE SELL price=80946.70 qty=0.012350
[15:11:57.527] [EXEC] [EXEC] SELL ORDER SENT orderId=382492323
[15:11:58.058] [EXEC] [EXEC] REALIZED pnl=+0.032727
[15:11:59.288] [EXEC] [EXEC] BUY ORDER SENT orderId=382492582 price=80949.56 qty=0.012350
[15:11:59.289] [EXEC] [EXEC] PLACE BUY price=80949.56 qty=0.012350
[15:12:03.756] [EXEC] [EXEC] BUY TIMEOUT orderId=382492582
[15:12:03.756] [EXEC] [EXEC] CANCEL BUY orderId=382492582
[15:12:04.135] [EXEC] [EXEC] BUY CANCELED confirmed
[15:12:04.402] [EXEC] [EXEC] BUY FINAL STATUS status=CANCELED orderId=382492582
[15:12:04.406] [EXEC] [EXEC] BLOCK reason=buy_not_filled
[15:12:05.686] [EXEC] [EXEC] BUY ORDER SENT orderId=382493484 price=80946.61 qty=0.012350
[15:12:05.690] [EXEC] [EXEC] PLACE BUY price=80946.61 qty=0.012350
[15:12:07.448] [EXEC] [EXEC] PLACE SELL price=80955.52 qty=0.012350
[15:12:07.709] [EXEC] [EXEC] SELL ORDER SENT orderId=382493661
[15:12:08.975] [EXEC] [EXEC] RECOVERY WAIT hard_sl_pending_recovery
[15:12:11.100] [EXEC] [EXEC] REALIZED pnl=+0.110038
[15:12:12.493] [EXEC] [EXEC] BUY ORDER SENT orderId=382494038 price=80949.65 qty=0.012350
[15:12:12.497] [EXEC] [EXEC] PLACE BUY price=80949.65 qty=0.012350
[15:12:13.275] [EXEC] [EXEC] BUY PARTIAL filled=0.012350 total=0.012350
[15:12:13.280] [EXEC] [EXEC] BUY REMAINING qty=0.000000
[15:12:13.282] [EXEC] [EXEC] POSITION qty=0.012350
[15:12:13.285] [EXEC] [EXEC] BUY FILLED id=382494038
[15:12:13.913] [EXEC] [EXEC] PLACE SELL price=80949.69 qty=0.012350
[15:12:14.179] [EXEC] [EXEC] SELL ORDER SENT orderId=382494227
[15:12:16.240] [EXEC] [EXEC] RECOVERY WAIT hard_sl_pending_recovery
[15:12:17.524] [EXEC] [EXEC] RECOVERY WAIT hard_sl_pending_recovery
[15:12:17.790] [EXEC] [EXEC] SELL FILLED id=382494227
[15:12:17.793] [EXEC] [EXEC] SELL FILLED qty=0.012350 remaining=0.000000
[15:12:17.795] [EXEC] [EXEC] REALIZED pnl=+0.000494
[15:12:18.617] [EXEC] [EXEC] BUY ORDER SENT orderId=382494572 price=80951.10 qty=0.012350
[15:12:18.622] [EXEC] [EXEC] PLACE BUY price=80951.10 qty=0.012350
[15:12:19.943] [EXEC] [EXEC] PLACE SELL price=80951.14 qty=0.012350
[15:12:20.195] [EXEC] [EXEC] SELL ORDER SENT orderId=382494669
[15:12:21.862] [EXEC] [EXEC] RECOVERY WAIT hard_sl_pending_recovery
[15:12:22.131] [EXEC] [EXEC] SELL FILLED id=382494669
[15:12:22.131] [EXEC] [EXEC] SELL FILLED qty=0.012350 remaining=0.000000
[15:12:22.131] [EXEC] [EXEC] REALIZED pnl=+0.000494
[15:12:23.273] [EXEC] [EXEC] BUY ORDER SENT orderId=382495080 price=80947.20 qty=0.012350
[15:12:23.273] [EXEC] [EXEC] PLACE BUY price=80947.20 qty=0.012350
[15:12:27.772] [EXEC] [EXEC] BUY TIMEOUT orderId=382495080
[15:12:27.772] [EXEC] [EXEC] CANCEL BUY orderId=382495080
[15:12:28.044] [EXEC] [EXEC] BUY CANCELED confirmed
[15:12:28.304] [EXEC] [EXEC] BUY FINAL STATUS status=FILLED orderId=382495080
[15:12:28.320] [EXEC] [EXEC] BUY FILLED during cancel
[15:12:28.321] [EXEC] [EXEC] BUY FILLED id=382495080
[15:12:29.383] [EXEC] [EXEC] PLACE SELL price=80947.24 qty=0.012350
[15:12:29.647] [EXEC] [EXEC] SELL ORDER SENT orderId=382495601
[15:12:30.963] [EXEC] [EXEC] RECOVERY WAIT hard_sl_pending_recovery
[15:12:31.242] [EXEC] [EXEC] SELL FILLED id=382495601
[15:12:31.242] [EXEC] [EXEC] SELL FILLED qty=0.012350 remaining=0.000000
[15:12:31.242] [EXEC] [EXEC] REALIZED pnl=+0.000371
[15:12:32.874] [EXEC] [EXEC] BUY ORDER SENT orderId=382495841 price=80943.29 qty=0.012350
[15:12:32.874] [EXEC] [EXEC] PLACE BUY price=80943.29 qty=0.012350
[15:12:33.507] [EXEC] [EXEC] PLACE SELL price=80946.98 qty=0.012350
[15:12:33.774] [EXEC] [EXEC] SELL ORDER SENT orderId=382495902
[15:12:35.637] [EXEC] [EXEC] RECOVERY WAIT hard_sl_pending_recovery
[15:12:37.393] [EXEC] [EXEC] SELL TIMEOUT orderId=382495902
[15:12:37.397] [EXEC] [EXEC] CANCEL SELL orderId=382495902
[15:12:37.926] [EXEC] [EXEC] SELL FINAL STATUS status=CANCELED orderId=382495902
[15:12:37.930] [EXEC] [EXEC] SAFE EXIT floor=80943.30
[15:12:37.932] [EXEC] [EXEC] SELL REPRICE old=80946.98 new=80946.97 count=1
[15:12:37.934] [EXEC] [EXEC] PLACE SELL price=80946.97 qty=0.012350
[15:12:38.198] [EXEC] [EXEC] SELL ORDER SENT orderId=382496153
[15:12:38.898] [EXEC] [EXEC] RECOVERY WAIT hard_sl_pending_recovery
[15:12:40.942] [EXEC] [EXEC] REALIZED pnl=+0.045448
[15:12:41.213] [EXEC] [EXEC] BUY ORDER SENT orderId=382496373 price=80938.34 qty=0.012350
[15:12:41.217] [EXEC] [EXEC] PLACE BUY price=80938.34 qty=0.012350
[15:12:45.139] [EXEC] [EXEC] BUY TIMEOUT orderId=382496373
[15:12:45.143] [EXEC] [EXEC] CANCEL BUY orderId=382496373
[15:12:45.397] [EXEC] [EXEC] BUY CANCELED confirmed
[15:12:45.677] [EXEC] [EXEC] BUY FINAL STATUS status=CANCELED orderId=382496373
[15:12:45.679] [EXEC] [EXEC] BLOCK reason=buy_not_filled
[15:12:49.067] [EXEC] [EXEC] BUY ORDER SENT orderId=382496861 price=80959.33 qty=0.012350
[15:12:49.067] [EXEC] [EXEC] PLACE BUY price=80959.33 qty=0.012350
[15:12:53.038] [EXEC] [EXEC] BUY TIMEOUT orderId=382496861
[15:12:53.038] [EXEC] [EXEC] CANCEL BUY orderId=382496861
[15:12:53.303] [EXEC] [EXEC] BUY CANCELED confirmed
[15:12:53.574] [EXEC] [EXEC] BUY FINAL STATUS status=CANCELED orderId=382496861
[15:12:53.579] [EXEC] [EXEC] BLOCK reason=buy_not_filled
[15:12:56.568] [EXEC] [EXEC] BUY ORDER SENT orderId=382497304 price=80956.01 qty=0.012350
[15:12:56.573] [EXEC] [EXEC] PLACE BUY price=80956.01 qty=0.012350
[15:12:59.026] [EXEC] [EXEC] BUY PARTIAL filled=0.012350 total=0.012350
[15:12:59.029] [EXEC] [EXEC] BUY REMAINING qty=0.000000
[15:12:59.032] [EXEC] [EXEC] POSITION qty=0.012350
[15:12:59.034] [EXEC] [EXEC] BUY FILLED id=382497304
[15:13:00.475] [EXEC] [EXEC] PLACE SELL price=80969.82 qty=0.012350
[15:13:00.741] [EXEC] [EXEC] SELL ORDER SENT orderId=382497600
[15:13:02.225] [EXEC] [EXEC] SELL FILLED id=382497600
[15:13:02.225] [EXEC] [EXEC] SELL FILLED qty=0.012350 remaining=0.000000
[15:13:02.225] [EXEC] [EXEC] REALIZED pnl=+0.170553
[15:13:03.085] [EXEC] [EXEC] BUY ORDER SENT orderId=382497856 price=80980.01 qty=0.012340
[15:13:03.085] [EXEC] [EXEC] PLACE BUY price=80980.01 qty=0.012340
[15:13:04.538] [EXEC] [EXEC] PLACE SELL price=80984.00 qty=0.012340
[15:13:04.803] [EXEC] [EXEC] SELL ORDER SENT orderId=382497997
[15:13:05.906] [EXEC] [EXEC] REALIZED pnl=+0.049237
[15:13:06.225] [EXEC] [EXEC] BUY ORDER SENT orderId=382498096 price=80985.04 qty=0.012340
[15:13:06.225] [EXEC] [EXEC] PLACE BUY price=80985.04 qty=0.012340
[15:13:10.694] [EXEC] [EXEC] PLACE SELL price=80985.08 qty=0.012340
[15:13:10.959] [EXEC] [EXEC] SELL ORDER SENT orderId=382498432
[15:13:11.503] [EXEC] [EXEC] REALIZED pnl=+0.000370
[15:13:12.713] [EXEC] [EXEC] BUY ORDER SENT orderId=382498648 price=80984.27 qty=0.012340
[15:13:12.717] [EXEC] [EXEC] PLACE BUY price=80984.27 qty=0.012340
[15:13:16.615] [EXEC] [EXEC] BUY TIMEOUT orderId=382498648
[15:13:16.615] [EXEC] [EXEC] CANCEL BUY orderId=382498648
[15:13:16.880] [EXEC] [EXEC] BUY CANCELED confirmed
[15:13:17.144] [EXEC] [EXEC] BUY FINAL STATUS status=CANCELED orderId=382498648
[15:13:17.147] [EXEC] [EXEC] BLOCK reason=buy_not_filled
[15:13:19.702] [EXEC] [EXEC] BUY ORDER SENT orderId=382499131 price=80988.01 qty=0.012340
[15:13:19.705] [EXEC] [EXEC] PLACE BUY price=80988.01 qty=0.012340
[15:13:20.950] [EXEC] [EXEC] PLACE SELL price=80995.62 qty=0.012340
[15:13:21.222] [EXEC] [EXEC] SELL ORDER SENT orderId=382499244
[15:13:21.857] [EXEC] [EXEC] REALIZED pnl=+0.093907
[15:13:22.663] [EXEC] [EXEC] BUY ORDER SENT orderId=382499373 price=81001.16 qty=0.012340
[15:13:22.663] [EXEC] [EXEC] PLACE BUY price=81001.16 qty=0.012340
[15:13:25.683] [EXEC] [EXEC] PLACE SELL price=81005.83 qty=0.012340
[15:13:25.951] [EXEC] [EXEC] SELL ORDER SENT orderId=382499658
[15:13:27.934] [EXEC] [EXEC] RECOVERY WAIT hard_sl_pending_recovery
[15:13:28.208] [EXEC] [EXEC] SELL FILLED id=382499658
[15:13:28.210] [EXEC] [EXEC] SELL FILLED qty=0.012340 remaining=0.000000
[15:13:28.210] [EXEC] [EXEC] REALIZED pnl=+0.057628
[15:13:30.100] [EXEC] [EXEC] BUY ORDER SENT orderId=382500099 price=81014.44 qty=0.012340
[15:13:30.105] [EXEC] [EXEC] PLACE BUY price=81014.44 qty=0.012340
[15:13:31.038] [EXEC] [EXEC] BUY PARTIAL filled=0.012340 total=0.012340
[15:13:31.053] [EXEC] [EXEC] BUY REMAINING qty=0.000000
[15:13:31.057] [EXEC] [EXEC] POSITION qty=0.012340
[15:13:31.060] [EXEC] [EXEC] BUY FILLED id=382500099
[15:13:32.663] [EXEC] [EXEC] PLACE SELL price=81022.49 qty=0.012340
[15:13:32.930] [EXEC] [EXEC] SELL ORDER SENT orderId=382500301
[15:13:33.472] [EXEC] [EXEC] REALIZED pnl=+0.099337
[15:13:34.596] [EXEC] [EXEC] BUY ORDER SENT orderId=382500404 price=81020.01 qty=0.012340
[15:13:34.600] [EXEC] [EXEC] PLACE BUY price=81020.01 qty=0.012340
[15:13:37.665] [EXEC] [EXEC] PLACE SELL price=81024.00 qty=0.012340
[15:13:37.943] [EXEC] [EXEC] SELL ORDER SENT orderId=382500652
[15:13:38.708] [EXEC] [EXEC] SELL FILLED id=382500652
[15:13:38.712] [EXEC] [EXEC] SELL FILLED qty=0.012340 remaining=0.000000
[15:13:38.716] [EXEC] [EXEC] REALIZED pnl=+0.049237
[15:13:39.534] [EXEC] [EXEC] BUY ORDER SENT orderId=382500923 price=81039.21 qty=0.012330
[15:13:39.538] [EXEC] [EXEC] PLACE BUY price=81039.21 qty=0.012330
[15:13:44.210] [EXEC] [EXEC] PLACE SELL price=81039.25 qty=0.012330
[15:13:44.476] [EXEC] [EXEC] SELL ORDER SENT orderId=382501580
[15:13:46.371] [EXEC] [EXEC] RECOVERY WAIT hard_sl_pending_recovery
[15:13:47.383] [EXEC] [EXEC] RECOVERY WAIT hard_sl_pending_recovery
[15:13:47.649] [EXEC] [EXEC] SELL TIMEOUT orderId=382501580
[15:13:47.653] [EXEC] [EXEC] CANCEL SELL orderId=382501580
[15:13:48.204] [EXEC] [EXEC] SELL FINAL STATUS status=CANCELED orderId=382501580
[15:13:48.207] [EXEC] [EXEC] SAFE EXIT floor=81039.22
[15:13:48.210] [EXEC] [EXEC] SELL REPRICE old=81039.25 new=81039.24 count=1
[15:13:48.212] [EXEC] [EXEC] PLACE SELL price=81039.24 qty=0.012330
[15:13:48.494] [EXEC] [EXEC] SELL ORDER SENT orderId=382501947
[15:13:49.052] [EXEC] [EXEC] RECOVERY WAIT hard_sl_pending_recovery
[15:13:51.093] [EXEC] [EXEC] RECOVERY WAIT hard_sl_pending_recovery
[15:13:51.411] [EXEC] [EXEC] SELL TIMEOUT orderId=382501947
[15:13:51.413] [EXEC] [EXEC] CANCEL SELL orderId=382501947
[15:13:51.949] [EXEC] [EXEC] SELL FINAL STATUS status=CANCELED orderId=382501947
[15:13:51.952] [EXEC] [EXEC] SAFE EXIT floor=81039.22
[15:13:51.954] [EXEC] [EXEC] SELL REPRICE old=81039.24 new=81039.23 count=2
[15:13:51.957] [EXEC] [EXEC] PLACE SELL price=81039.23 qty=0.012330
[15:13:52.250] [EXEC] [EXEC] SELL ORDER SENT orderId=382502166
[15:13:52.825] [EXEC] [EXEC] RECOVERY WAIT hard_sl_pending_recovery
[15:13:54.807] [EXEC] [EXEC] SELL TIMEOUT orderId=382502166
[15:13:54.810] [EXEC] [EXEC] CANCEL SELL orderId=382502166
[15:13:55.335] [EXEC] [EXEC] SELL FINAL STATUS status=CANCELED orderId=382502166
[15:13:55.338] [EXEC] [EXEC] FORCE EXIT hard_sl_triggered
[15:13:55.339] [EXEC] [EXEC] HARD SL triggered
[15:13:55.340] [EXEC] [EXEC] PANIC EXIT sl_mode
[15:13:55.341] [EXEC] [EXEC] FORCE EXIT price=81038.22
[15:13:55.343] [EXEC] [EXEC] PLACE SELL price=81038.22 qty=0.012330
[15:13:55.600] [EXEC] [EXEC] PANIC START price=81038.22
[15:13:55.600] [EXEC] [EXEC] SELL ORDER SENT orderId=382502410
[15:13:56.203] [EXEC] [EXEC] REALIZED pnl=+0.037708
[15:13:57.939] [EXEC] [EXEC] BUY ORDER SENT orderId=382502642 price=81048.97 qty=0.012330
[15:13:57.945] [EXEC] [EXEC] PLACE BUY price=81048.97 qty=0.012330
[15:13:59.773] [EXEC] [EXEC] PLACE SELL price=81054.65 qty=0.012330
[15:14:00.068] [EXEC] [EXEC] SELL ORDER SENT orderId=382502868
[15:14:01.240] [EXEC] [EXEC] REALIZED pnl=+0.084677
[15:14:01.523] [EXEC] [EXEC] BUY ORDER SENT orderId=382503043 price=81062.72 qty=0.012330
[15:14:01.539] [EXEC] [EXEC] PLACE BUY price=81062.72 qty=0.012330
[15:14:03.399] [EXEC] [EXEC] BUY PARTIAL filled=0.000070 total=0.000070
[15:14:03.403] [EXEC] [EXEC] BUY REMAINING qty=0.012260
[15:14:03.407] [EXEC] [EXEC] POSITION qty=0.000070
[15:14:04.149] [EXEC] [EXEC] PLACE SELL price=81071.01 qty=0.000070
[15:14:04.419] [EXEC] [EXEC] SELL ORDER SENT orderId=382503205
[15:14:08.522] [EXEC] [EXEC] PANIC WAIT still_open orderId=382503205
[15:14:08.522] [EXEC] [EXEC] PANIC HOLD active orderId=382503205
[15:14:12.284] [EXEC] [EXEC] PANIC WAIT still_open orderId=382503205
[15:14:12.288] [EXEC] [EXEC] PANIC HOLD active orderId=382503205
[15:14:14.070] [EXEC] [EXEC] PANIC HOLD active orderId=382503205
[15:14:14.429] [EXEC] [EXEC] PANIC HOLD active orderId=382503205
[15:14:16.031] [EXEC] [EXEC] PANIC WAIT still_open orderId=382503205
[15:14:16.034] [EXEC] [EXEC] PANIC HOLD active orderId=382503205
[15:14:18.461] [EXEC] [EXEC] PANIC HOLD active orderId=382503205
[15:14:19.367] [EXEC] [EXEC] PANIC WAIT still_open orderId=382503205
[15:14:19.367] [EXEC] [EXEC] PANIC HOLD active orderId=382503205
[15:14:22.778] [EXEC] [EXEC] PANIC WAIT still_open orderId=382503205
[15:14:22.782] [EXEC] [EXEC] PANIC HOLD active orderId=382503205
[15:14:23.290] [EXEC] [EXEC] PANIC HOLD active orderId=382503205
[15:14:27.061] [EXEC] [EXEC] PANIC WAIT still_open orderId=382503205
[15:14:27.065] [EXEC] [EXEC] PANIC HOLD active orderId=382503205
[15:14:29.074] [EXEC] [EXEC] PANIC HOLD active orderId=382503205
[15:14:31.474] [EXEC] [EXEC] PANIC WAIT still_open orderId=382503205
[15:14:31.474] [EXEC] [EXEC] PANIC HOLD active orderId=382503205
[15:14:33.982] [EXEC] [EXEC] PANIC HOLD active orderId=382503205
[15:14:36.074] [EXEC] [EXEC] PANIC WAIT still_open orderId=382503205
[15:14:36.074] [EXEC] [EXEC] PANIC HOLD active orderId=382503205
[15:14:38.419] [EXEC] [EXEC] PANIC HOLD active orderId=382503205
[15:14:40.226] [EXEC] [EXEC] PANIC WAIT still_open orderId=382503205
[15:14:40.230] [EXEC] [EXEC] PANIC HOLD active orderId=382503205
[15:14:44.100] [EXEC] [EXEC] PANIC WAIT still_open orderId=382503205
[15:14:44.100] [EXEC] [EXEC] PANIC HOLD active orderId=382503205
[15:14:45.844] [EXEC] [EXEC] PANIC HOLD active orderId=382503205
[15:14:47.306] [EXEC] [EXEC] PANIC WAIT still_open orderId=382503205
[15:14:47.310] [EXEC] [EXEC] PANIC HOLD active orderId=382503205
[15:14:48.231] [EXEC] [EXEC] PANIC HOLD active orderId=382503205
[15:14:52.350] [EXEC] [EXEC] PANIC WAIT still_open orderId=382503205
[15:14:52.350] [EXEC] [EXEC] PANIC HOLD active orderId=382503205
[15:14:53.785] [EXEC] [EXEC] PANIC HOLD active orderId=382503205
[15:14:54.707] [EXEC] [EXEC] PANIC HOLD active orderId=382503205
[15:14:56.401] [EXEC] [EXEC] PANIC WAIT still_open orderId=382503205
[15:14:56.405] [EXEC] [EXEC] PANIC HOLD active orderId=382503205
[15:14:59.366] [EXEC] [EXEC] PANIC HOLD active orderId=382503205
[15:15:00.897] [EXEC] [EXEC] PANIC WAIT still_open orderId=382503205
[15:15:00.897] [EXEC] [EXEC] PANIC HOLD active orderId=382503205
[15:15:03.321] [EXEC] [EXEC] PANIC HOLD active orderId=382503205
[15:15:05.711] [EXEC] [EXEC] PANIC WAIT still_open orderId=382503205
[15:15:05.730] [EXEC] [EXEC] PANIC HOLD active orderId=382503205
[15:15:07.409] [EXEC] [EXEC] PANIC HOLD active orderId=382503205
[15:15:09.285] [EXEC] [EXEC] PANIC WAIT still_open orderId=382503205
[15:15:09.289] [EXEC] [EXEC] PANIC HOLD active orderId=382503205
[15:15:12.422] [EXEC] [EXEC] PANIC WAIT still_open orderId=382503205
[15:15:12.425] [EXEC] [EXEC] PANIC HOLD active orderId=382503205
[15:15:14.910] [EXEC] [EXEC] PANIC HOLD active orderId=382503205
[15:15:15.969] [EXEC] [EXEC] PANIC WAIT still_open orderId=382503205
[15:15:15.973] [EXEC] [EXEC] PANIC HOLD active orderId=382503205
[15:15:18.683] [EXEC] [EXEC] PANIC HOLD active orderId=382503205
[15:15:20.555] [EXEC] [EXEC] PANIC WAIT still_open orderId=382503205
[15:15:20.559] [EXEC] [EXEC] PANIC HOLD active orderId=382503205
[15:15:24.319] [EXEC] [EXEC] PANIC WAIT still_open orderId=382503205
[15:15:24.319] [EXEC] [EXEC] PANIC HOLD active orderId=382503205
[15:15:26.950] [EXEC] [EXEC] PANIC HOLD active orderId=382503205
[15:15:28.507] [EXEC] [EXEC] PANIC WAIT still_open orderId=382503205
[15:15:28.507] [EXEC] [EXEC] PANIC HOLD active orderId=382503205
[15:15:30.116] [EXEC] [EXEC] PANIC HOLD active orderId=382503205
[15:15:32.579] [EXEC] [EXEC] PANIC WAIT still_open orderId=382503205
[15:15:32.583] [EXEC] [EXEC] PANIC HOLD active orderId=382503205
[15:15:32.947] [EXEC] [EXEC] PANIC HOLD active orderId=382503205
[15:15:34.929] [EXEC] [EXEC] PANIC HOLD active orderId=382503205
[15:15:36.084] [EXEC] [EXEC] PANIC WAIT still_open orderId=382503205
[15:15:36.089] [EXEC] [EXEC] PANIC HOLD active orderId=382503205
[15:15:37.973] [EXEC] [EXEC] PANIC HOLD active orderId=382503205
[15:15:39.522] [EXEC] [EXEC] PANIC WAIT still_open orderId=382503205
[15:15:39.522] [EXEC] [EXEC] PANIC HOLD active orderId=382503205
[15:15:41.127] [EXEC] [EXEC] PANIC HOLD active orderId=382503205
[15:15:42.819] [EXEC] [EXEC] PANIC WAIT still_open orderId=382503205
[15:15:42.819] [EXEC] [EXEC] PANIC HOLD active orderId=382503205
[15:15:59.553] [EXEC] [EXEC] LIVE ON
[15:15:59.554] [EXEC] [EXEC] WAIT READY
[15:16:00.554] [EXEC] [EXEC] BUY ORDER SENT orderId=382512888 price=81048.53 qty=0.012330
[15:16:00.554] [EXEC] [EXEC] PLACE BUY price=81048.53 qty=0.012330
[15:16:03.210] [EXEC] [EXEC] PLACE SELL price=81048.57 qty=0.012330
[15:16:03.483] [EXEC] [EXEC] SELL ORDER SENT orderId=382513189
[15:16:04.031] [EXEC] [EXEC] RECOVERY WAIT hard_sl_pending_recovery
[15:16:04.288] [EXEC] [EXEC] SELL FILLED id=382513189
[15:16:04.288] [EXEC] [EXEC] SELL FILLED qty=0.012330 remaining=0.000000
[15:16:04.288] [EXEC] [EXEC] REALIZED pnl=+0.000370
[15:16:05.734] [EXEC] [EXEC] BUY ORDER SENT orderId=382513347 price=81040.77 qty=0.012330
[15:16:05.738] [EXEC] [EXEC] PLACE BUY price=81040.77 qty=0.012330
[15:16:06.366] [EXEC] [EXEC] PLACE SELL price=81044.67 qty=0.012330
[15:16:06.652] [EXEC] [EXEC] SELL ORDER SENT orderId=382513400
[15:16:07.725] [EXEC] [EXEC] REALIZED pnl=+0.048087
[15:16:08.831] [EXEC] [EXEC] BUY ORDER SENT orderId=382513603 price=81047.02 qty=0.012330
[15:16:08.833] [EXEC] [EXEC] PLACE BUY price=81047.02 qty=0.012330
[15:16:09.476] [EXEC] [EXEC] PLACE SELL price=81058.81 qty=0.012330
[15:16:09.760] [EXEC] [EXEC] SELL ORDER SENT orderId=382513725
[15:16:10.808] [EXEC] [EXEC] REALIZED pnl=+0.145371
[15:16:11.863] [EXEC] [EXEC] BUY ORDER SENT orderId=382513980 price=81059.81 qty=0.012330
[15:16:11.865] [EXEC] [EXEC] PLACE BUY price=81059.81 qty=0.012330
[15:16:15.808] [EXEC] [EXEC] BUY TIMEOUT orderId=382513980
[15:16:15.811] [EXEC] [EXEC] CANCEL BUY orderId=382513980
[15:16:16.077] [EXEC] [EXEC] BUY CANCELED confirmed
[15:16:16.352] [EXEC] [EXEC] BUY FINAL STATUS status=CANCELED orderId=382513980
[15:16:16.355] [EXEC] [EXEC] BLOCK reason=buy_not_filled
[15:16:17.717] [EXEC] [EXEC] BUY ORDER SENT orderId=382514505 price=81073.15 qty=0.012330
[15:16:17.720] [EXEC] [EXEC] PLACE BUY price=81073.15 qty=0.012330
[15:16:19.007] [EXEC] [EXEC] PLACE SELL price=81073.19 qty=0.012330
[15:16:19.289] [EXEC] [EXEC] SELL ORDER SENT orderId=382514632
[15:16:20.912] [EXEC] [EXEC] RECOVERY WAIT hard_sl_pending_recovery
[15:16:22.482] [EXEC] [EXEC] RECOVERY WAIT hard_sl_pending_recovery
[15:16:22.758] [EXEC] [EXEC] SELL TIMEOUT orderId=382514632
[15:16:22.761] [EXEC] [EXEC] CANCEL SELL orderId=382514632
[15:16:23.311] [EXEC] [EXEC] SELL FINAL STATUS status=CANCELED orderId=382514632
[15:16:23.315] [EXEC] [EXEC] SAFE EXIT floor=81073.16
[15:16:23.316] [EXEC] [EXEC] SELL REPRICE old=81073.19 new=81073.18 count=1
[15:16:23.318] [EXEC] [EXEC] PLACE SELL price=81073.18 qty=0.012330
[15:16:23.605] [EXEC] [EXEC] SELL ORDER SENT orderId=382515037
[15:16:24.684] [EXEC] [EXEC] RECOVERY WAIT hard_sl_pending_recovery
[15:16:26.661] [EXEC] [EXEC] RECOVERY WAIT hard_sl_pending_recovery
[15:16:27.037] [EXEC] [EXEC] SELL TIMEOUT orderId=382515037
[15:16:27.040] [EXEC] [EXEC] CANCEL SELL orderId=382515037
[15:16:27.602] [EXEC] [EXEC] SELL FINAL STATUS status=CANCELED orderId=382515037
[15:16:27.605] [EXEC] [EXEC] SAFE EXIT floor=81073.16
[15:16:27.608] [EXEC] [EXEC] SELL REPRICE old=81073.18 new=81073.17 count=2
[15:16:27.611] [EXEC] [EXEC] PLACE SELL price=81073.17 qty=0.012330
[15:16:27.897] [EXEC] [EXEC] SELL ORDER SENT orderId=382515420
[15:16:28.771] [EXEC] [EXEC] RECOVERY WAIT hard_sl_pending_recovery
[15:16:30.961] [EXEC] [EXEC] RECOVERY WAIT hard_sl_pending_recovery
[15:16:31.227] [EXEC] [EXEC] SELL TIMEOUT orderId=382515420
[15:16:31.231] [EXEC] [EXEC] CANCEL SELL orderId=382515420
[15:16:31.772] [EXEC] [EXEC] SELL FINAL STATUS status=CANCELED orderId=382515420
[15:16:31.775] [EXEC] [EXEC] FORCE EXIT hard_sl_triggered
[15:16:31.776] [EXEC] [EXEC] HARD SL triggered
[15:16:31.777] [EXEC] [EXEC] PANIC EXIT sl_mode
[15:16:31.778] [EXEC] [EXEC] FORCE EXIT price=81044.47
[15:16:31.779] [EXEC] [EXEC] PLACE SELL price=81044.47 qty=0.012330
[15:16:32.042] [EXEC] [EXEC] PANIC START price=81044.47
[15:16:32.046] [EXEC] [EXEC] SELL ORDER SENT orderId=382515761
[15:16:33.109] [EXEC] [EXEC] REALIZED pnl=-0.353624
[15:16:35.942] [EXEC] [EXEC] BUY ORDER SENT orderId=382516112 price=81037.19 qty=0.012340
[15:16:35.948] [EXEC] [EXEC] PLACE BUY price=81037.19 qty=0.012340
[15:16:37.586] [EXEC] [EXEC] PLACE SELL price=81038.01 qty=0.012340
[15:16:37.873] [EXEC] [EXEC] SELL ORDER SENT orderId=382516279
[15:16:39.585] [EXEC] [EXEC] REALIZED pnl=+0.010119
[15:16:39.851] [EXEC] [EXEC] BUY ORDER SENT orderId=382516428 price=81032.00 qty=0.012340
[15:16:39.855] [EXEC] [EXEC] PLACE BUY price=81032.00 qty=0.012340
[15:16:44.098] [EXEC] [EXEC] BUY TIMEOUT orderId=382516428
[15:16:44.102] [EXEC] [EXEC] CANCEL BUY orderId=382516428
[15:16:44.381] [EXEC] [EXEC] BUY CANCELED confirmed
[15:16:44.679] [EXEC] [EXEC] BUY FINAL STATUS status=CANCELED orderId=382516428
[15:16:44.679] [EXEC] [EXEC] BLOCK reason=buy_not_filled
[15:16:45.474] [EXEC] [EXEC] BUY ORDER SENT orderId=382516970 price=81053.18 qty=0.012330
[15:16:45.479] [EXEC] [EXEC] PLACE BUY price=81053.18 qty=0.012330
[15:16:47.007] [EXEC] [EXEC] BUY PARTIAL filled=0.012330 total=0.012330
[15:16:47.024] [EXEC] [EXEC] BUY REMAINING qty=0.000000
[15:16:47.025] [EXEC] [EXEC] POSITION qty=0.012330
[15:16:47.028] [EXEC] [EXEC] BUY FILLED id=382516970
[15:16:48.881] [EXEC] [EXEC] PLACE SELL price=81053.22 qty=0.012330
[15:16:49.159] [EXEC] [EXEC] SELL ORDER SENT orderId=382517318
[15:16:50.409] [EXEC] [EXEC] RECOVERY WAIT hard_sl_pending_recovery
[15:16:51.992] [EXEC] [EXEC] RECOVERY WAIT hard_sl_pending_recovery
[15:16:52.273] [EXEC] [EXEC] SELL TIMEOUT orderId=382517318
[15:16:52.273] [EXEC] [EXEC] CANCEL SELL orderId=382517318
[15:16:52.852] [EXEC] [EXEC] SELL FINAL STATUS status=CANCELED orderId=382517318
[15:16:52.856] [EXEC] [EXEC] SAFE EXIT floor=81053.19
[15:16:52.857] [EXEC] [EXEC] SELL REPRICE old=81053.22 new=81053.21 count=1
[15:16:52.858] [EXEC] [EXEC] PLACE SELL price=81053.21 qty=0.012330
[15:16:53.623] [EXEC] [EXEC] SELL ORDER SENT orderId=382517633
[15:16:54.288] [EXEC] [EXEC] RECOVERY WAIT hard_sl_pending_recovery
[15:16:56.150] [EXEC] [EXEC] SELL TIMEOUT orderId=382517633
[15:16:56.153] [EXEC] [EXEC] CANCEL SELL orderId=382517633
[15:16:56.705] [EXEC] [EXEC] SELL FINAL STATUS status=CANCELED orderId=382517633
[15:16:56.709] [EXEC] [EXEC] SAFE EXIT floor=81053.19
[15:16:56.712] [EXEC] [EXEC] SELL REPRICE old=81053.21 new=81053.20 count=2
[15:16:56.715] [EXEC] [EXEC] PLACE SELL price=81053.20 qty=0.012330
[15:16:56.991] [EXEC] [EXEC] SELL ORDER SENT orderId=382517860
[15:16:58.411] [EXEC] [EXEC] RECOVERY WAIT hard_sl_pending_recovery
[15:16:58.694] [EXEC] [EXEC] SELL TIMEOUT orderId=382517860
[15:16:58.709] [EXEC] [EXEC] CANCEL SELL orderId=382517860
[15:16:59.307] [EXEC] [EXEC] SELL FINAL STATUS status=CANCELED orderId=382517860
[15:16:59.311] [EXEC] [EXEC] FORCE EXIT hard_sl_triggered
[15:16:59.314] [EXEC] [EXEC] HARD SL triggered
[15:16:59.316] [EXEC] [EXEC] PANIC EXIT sl_mode
[15:16:59.319] [EXEC] [EXEC] FORCE EXIT price=81032.92
[15:16:59.319] [EXEC] [EXEC] PLACE SELL price=81032.92 qty=0.012330
[15:16:59.601] [EXEC] [EXEC] PANIC START price=81032.92
[15:16:59.605] [EXEC] [EXEC] SELL ORDER SENT orderId=382518024
[15:17:01.175] [EXEC] [EXEC] PANIC WAIT still_open orderId=382518024
[15:17:01.180] [EXEC] [EXEC] PANIC HOLD active orderId=382518024
[15:17:03.766] [EXEC] [EXEC] PANIC HOLD active orderId=382518024
[15:17:05.115] [EXEC] [EXEC] PANIC WAIT still_open orderId=382518024
[15:17:05.115] [EXEC] [EXEC] PANIC HOLD active orderId=382518024
[15:17:07.390] [EXEC] [EXEC] PANIC HOLD active orderId=382518024
[15:17:08.804] [EXEC] [EXEC] PANIC WAIT still_open orderId=382518024
[15:17:08.809] [EXEC] [EXEC] PANIC HOLD active orderId=382518024
[15:17:13.490] [EXEC] [EXEC] REALIZED pnl=-0.249806
[15:17:13.775] [EXEC] [EXEC] BUY ORDER SENT orderId=382519230 price=81022.47 qty=0.012340
[15:17:13.777] [EXEC] [EXEC] PLACE BUY price=81022.47 qty=0.012340
[15:17:17.616] [EXEC] [EXEC] BUY TIMEOUT orderId=382519230
[15:17:17.616] [EXEC] [EXEC] CANCEL BUY orderId=382519230
[15:17:17.912] [EXEC] [EXEC] BUY CANCELED confirmed
[15:17:18.213] [EXEC] [EXEC] BUY FINAL STATUS status=CANCELED orderId=382519230
[15:17:18.216] [EXEC] [EXEC] BLOCK reason=buy_not_filled
[15:17:19.833] [EXEC] [EXEC] BUY ORDER SENT orderId=382519602 price=81016.74 qty=0.012340
[15:17:19.837] [EXEC] [EXEC] PLACE BUY price=81016.74 qty=0.012340
[15:17:22.322] [EXEC] [EXEC] BUY PARTIAL filled=0.012340 total=0.012340
[15:17:22.325] [EXEC] [EXEC] BUY REMAINING qty=0.000000
[15:17:22.327] [EXEC] [EXEC] POSITION qty=0.012340
[15:17:22.328] [EXEC] [EXEC] BUY FILLED id=382519602
[15:17:24.274] [EXEC] [EXEC] PLACE SELL price=81016.78 qty=0.012340
[15:17:24.553] [EXEC] [EXEC] SELL ORDER SENT orderId=382519933
[15:17:24.585] [EXEC] [EXEC] RECOVERY WAIT hard_sl_pending_recovery
[15:17:28.363] [EXEC] [EXEC] RECOVERY WAIT hard_sl_pending_recovery
[15:17:28.715] [EXEC] [EXEC] SELL TIMEOUT orderId=382519933
[15:17:28.717] [EXEC] [EXEC] CANCEL SELL orderId=382519933
[15:17:29.423] [EXEC] [EXEC] SELL FINAL STATUS status=CANCELED orderId=382519933
[15:17:29.427] [EXEC] [EXEC] SAFE EXIT floor=81016.75
[15:17:29.428] [EXEC] [EXEC] SELL REPRICE old=81016.78 new=81016.77 count=1
[15:17:29.429] [EXEC] [EXEC] PLACE SELL price=81016.77 qty=0.012340
[15:17:29.834] [EXEC] [EXEC] SELL ORDER SENT orderId=382520248
[15:17:31.072] [EXEC] [EXEC] RECOVERY WAIT hard_sl_pending_recovery
[15:17:31.335] [EXEC] [EXEC] SELL TIMEOUT orderId=382520248
[15:17:31.335] [EXEC] [EXEC] CANCEL SELL orderId=382520248
[15:17:31.874] [EXEC] [EXEC] SELL FINAL STATUS status=CANCELED orderId=382520248
[15:17:31.877] [EXEC] [EXEC] SAFE EXIT floor=81016.75
[15:17:31.879] [EXEC] [EXEC] SELL REPRICE old=81016.77 new=81016.76 count=2
[15:17:31.882] [EXEC] [EXEC] PLACE SELL price=81016.76 qty=0.012340
[15:17:32.148] [EXEC] [EXEC] SELL ORDER SENT orderId=382520441
[15:17:32.773] [EXEC] [EXEC] RECOVERY WAIT hard_sl_pending_recovery
[15:17:35.743] [EXEC] [EXEC] SELL TIMEOUT orderId=382520441
[15:17:35.747] [EXEC] [EXEC] CANCEL SELL orderId=382520441
[15:17:36.273] [EXEC] [EXEC] SELL FINAL STATUS status=CANCELED orderId=382520441
[15:17:36.273] [EXEC] [EXEC] FORCE EXIT hard_sl_triggered
[15:17:36.273] [EXEC] [EXEC] HARD SL triggered
[15:17:36.273] [EXEC] [EXEC] PANIC EXIT sl_mode
[15:17:36.273] [EXEC] [EXEC] FORCE EXIT price=81012.16
[15:17:36.273] [EXEC] [EXEC] PLACE SELL price=81012.16 qty=0.012340
[15:17:36.546] [EXEC] [EXEC] PANIC START price=81012.16
[15:17:36.550] [EXEC] [EXEC] SELL ORDER SENT orderId=382520623
[15:17:38.757] [EXEC] [EXEC] PANIC WAIT still_open orderId=382520623
[15:17:38.757] [EXEC] [EXEC] PANIC HOLD active orderId=382520623
[15:17:41.918] [EXEC] [EXEC] PANIC WAIT still_open orderId=382520623
[15:17:41.922] [EXEC] [EXEC] PANIC HOLD active orderId=382520623
[15:17:44.049] [EXEC] [EXEC] PANIC HOLD active orderId=382520623
[15:17:46.303] [EXEC] [EXEC] PANIC WAIT still_open orderId=382520623
[15:17:46.303] [EXEC] [EXEC] PANIC HOLD active orderId=382520623
[15:17:48.520] [EXEC] [EXEC] PANIC HOLD active orderId=382520623
[15:17:50.081] [EXEC] [EXEC] PANIC WAIT still_open orderId=382520623
[15:17:50.084] [EXEC] [EXEC] PANIC HOLD active orderId=382520623
[15:17:52.016] [EXEC] [EXEC] SELL FILLED id=382520623
[15:17:52.020] [EXEC] [EXEC] SELL FILLED qty=0.012340 remaining=0.000000
[15:17:52.022] [EXEC] [EXEC] REALIZED pnl=-0.056517
[15:17:52.025] [EXEC] [EXEC] PANIC FILLED
[15:17:52.027] [EXEC] [EXEC] PANIC RESET
[15:17:53.603] [EXEC] [EXEC] BUY ORDER SENT orderId=382521240 price=81009.41 qty=0.012340
[15:17:53.607] [EXEC] [EXEC] PLACE BUY price=81009.41 qty=0.012340
[15:17:54.226] [EXEC] [EXEC] PLACE SELL price=81009.45 qty=0.012340
[15:17:54.493] [EXEC] [EXEC] SELL ORDER SENT orderId=382521290
[15:17:55.820] [EXEC] [EXEC] RECOVERY WAIT hard_sl_pending_recovery
[15:17:57.711] [EXEC] [EXEC] RECOVERY WAIT hard_sl_pending_recovery
[15:17:58.074] [EXEC] [EXEC] SELL TIMEOUT orderId=382521290
[15:17:58.077] [EXEC] [EXEC] CANCEL SELL orderId=382521290
[15:17:58.600] [EXEC] [EXEC] SELL FINAL STATUS status=CANCELED orderId=382521290
[15:17:58.600] [EXEC] [EXEC] FORCE EXIT hard_sl_triggered
[15:17:58.600] [EXEC] [EXEC] HARD SL triggered
[15:17:58.600] [EXEC] [EXEC] PANIC EXIT sl_mode
[15:17:58.600] [EXEC] [EXEC] FORCE EXIT price=80994.95
[15:17:58.600] [EXEC] [EXEC] PLACE SELL price=80994.95 qty=0.012340
[15:17:58.882] [EXEC] [EXEC] PANIC START price=80994.95
[15:17:58.882] [EXEC] [EXEC] SELL ORDER SENT orderId=382521653
[15:18:00.470] [EXEC] [EXEC] PANIC WAIT still_open orderId=382521653
[15:18:00.474] [EXEC] [EXEC] PANIC HOLD active orderId=382521653
[15:18:02.193] [EXEC] [EXEC] REALIZED pnl=-0.178436
[15:18:02.681] [EXEC] [EXEC] BUY ORDER SENT orderId=382521758 price=80991.98 qty=0.012340
[15:18:02.685] [EXEC] [EXEC] PLACE BUY price=80991.98 qty=0.012340
[15:18:03.632] [EXEC] [EXEC] BUY PARTIAL filled=0.012340 total=0.012340
[15:18:03.636] [EXEC] [EXEC] BUY REMAINING qty=0.000000
[15:18:03.640] [EXEC] [EXEC] POSITION qty=0.012340
[15:18:03.643] [EXEC] [EXEC] BUY FILLED id=382521758
[15:18:04.898] [EXEC] [EXEC] PLACE SELL price=80992.02 qty=0.012340
[15:18:05.164] [EXEC] [EXEC] SELL ORDER SENT orderId=382522000
[15:18:06.896] [EXEC] [EXEC] RECOVERY WAIT hard_sl_pending_recovery
[15:18:08.556] [EXEC] [EXEC] RECOVERY WAIT hard_sl_pending_recovery
[15:18:08.842] [EXEC] [EXEC] SELL TIMEOUT orderId=382522000
[15:18:08.845] [EXEC] [EXEC] CANCEL SELL orderId=382522000
[15:18:09.382] [EXEC] [EXEC] SELL FINAL STATUS status=CANCELED orderId=382522000
[15:18:09.387] [EXEC] [EXEC] SAFE EXIT floor=80991.99
[15:18:09.389] [EXEC] [EXEC] SELL REPRICE old=80992.02 new=80992.01 count=1
[15:18:09.390] [EXEC] [EXEC] PLACE SELL price=80992.01 qty=0.012340
[15:18:09.707] [EXEC] [EXEC] SELL ORDER SENT orderId=382522375
[15:18:10.272] [EXEC] [EXEC] RECOVERY WAIT hard_sl_pending_recovery
[15:18:12.114] [EXEC] [EXEC] SELL TIMEOUT orderId=382522375
[15:18:12.118] [EXEC] [EXEC] CANCEL SELL orderId=382522375
[15:18:12.661] [EXEC] [EXEC] SELL FINAL STATUS status=CANCELED orderId=382522375
[15:18:12.664] [EXEC] [EXEC] SAFE EXIT floor=80991.99
[15:18:12.666] [EXEC] [EXEC] SELL REPRICE old=80992.01 new=80992.00 count=2
[15:18:12.668] [EXEC] [EXEC] PLACE SELL price=80992.00 qty=0.012340
[15:18:12.931] [EXEC] [EXEC] SELL ORDER SENT orderId=382522531
[15:18:14.513] [EXEC] [EXEC] RECOVERY WAIT hard_sl_pending_recovery
[15:18:14.772] [EXEC] [EXEC] SELL TIMEOUT orderId=382522531
[15:18:14.772] [EXEC] [EXEC] CANCEL SELL orderId=382522531
[15:18:15.319] [EXEC] [EXEC] SELL FINAL STATUS status=CANCELED orderId=382522531
[15:18:15.322] [EXEC] [EXEC] FORCE EXIT hard_sl_triggered
[15:18:15.324] [EXEC] [EXEC] HARD SL triggered
[15:18:15.325] [EXEC] [EXEC] PANIC EXIT sl_mode
[15:18:15.326] [EXEC] [EXEC] FORCE EXIT price=80984.95
[15:18:15.327] [EXEC] [EXEC] PLACE SELL price=80984.95 qty=0.012340
[15:18:15.595] [EXEC] [EXEC] PANIC START price=80984.95
[15:18:15.599] [EXEC] [EXEC] SELL ORDER SENT orderId=382522933
[15:18:16.131] [EXEC] [EXEC] REALIZED pnl=-0.086750
[15:18:16.488] [EXEC] [EXEC] BUY ORDER SENT orderId=382522980 price=80980.60 qty=0.012340
[15:18:16.492] [EXEC] [EXEC] PLACE BUY price=80980.60 qty=0.012340
[15:18:18.530] [EXEC] [EXEC] BUY PARTIAL filled=0.012340 total=0.012340
[15:18:18.533] [EXEC] [EXEC] BUY REMAINING qty=0.000000
[15:18:18.537] [EXEC] [EXEC] POSITION qty=0.012340
[15:18:18.538] [EXEC] [EXEC] BUY FILLED id=382522980
[15:18:19.694] [EXEC] [EXEC] PLACE SELL price=80986.81 qty=0.012340
[15:18:19.958] [EXEC] [EXEC] SELL ORDER SENT orderId=382523110
[15:18:23.119] [EXEC] [EXEC] SELL TIMEOUT orderId=382523110
[15:18:23.123] [EXEC] [EXEC] CANCEL SELL orderId=382523110
[15:18:23.694] [EXEC] [EXEC] SELL FINAL STATUS status=FILLED orderId=382523110
[15:18:23.711] [EXEC] [EXEC] SELL FILLED id=382523110
[15:18:23.712] [EXEC] [EXEC] SELL FILLED qty=0.012340 remaining=0.000000
[15:18:23.715] [EXEC] [EXEC] REALIZED pnl=+0.076631
[15:18:26.233] [EXEC] [EXEC] BUY ORDER SENT orderId=382523342 price=80984.81 qty=0.012340
[15:18:26.237] [EXEC] [EXEC] PLACE BUY price=80984.81 qty=0.012340
[15:18:28.713] [EXEC] [EXEC] PLACE SELL price=80987.37 qty=0.012340
[15:18:29.016] [EXEC] [EXEC] SELL ORDER SENT orderId=382523527
[15:18:29.117] [EXEC] [EXEC] RECOVERY WAIT hard_sl_pending_recovery
[15:18:31.946] [EXEC] [EXEC] SELL TIMEOUT orderId=382523527
[15:18:31.949] [EXEC] [EXEC] CANCEL SELL orderId=382523527
[15:18:32.485] [EXEC] [EXEC] SELL FINAL STATUS status=CANCELED orderId=382523527
[15:18:32.489] [EXEC] [EXEC] SAFE EXIT floor=80984.82
[15:18:32.490] [EXEC] [EXEC] SELL REPRICE old=80987.37 new=80987.36 count=1
[15:18:32.491] [EXEC] [EXEC] PLACE SELL price=80987.36 qty=0.012340
[15:18:32.756] [EXEC] [EXEC] SELL ORDER SENT orderId=382523866
[15:18:32.881] [EXEC] [EXEC] RECOVERY WAIT hard_sl_pending_recovery
[15:18:33.663] [EXEC] [EXEC] RECOVERY WAIT hard_sl_pending_recovery
[15:18:35.994] [EXEC] [EXEC] SELL TIMEOUT orderId=382523866
[15:18:35.998] [EXEC] [EXEC] CANCEL SELL orderId=382523866
[15:18:37.079] [EXEC] [EXEC] SELL FINAL STATUS status=CANCELED orderId=382523866
[15:18:37.081] [EXEC] [EXEC] SAFE EXIT floor=80984.82
[15:18:37.084] [EXEC] [EXEC] SELL REPRICE old=80987.36 new=80987.35 count=2
[15:18:37.085] [EXEC] [EXEC] PLACE SELL price=80987.35 qty=0.012340
[15:18:37.818] [EXEC] [EXEC] SELL ORDER SENT orderId=382524239
[15:18:38.870] [EXEC] [EXEC] RECOVERY WAIT hard_sl_pending_recovery
[15:18:39.143] [EXEC] [EXEC] SELL TIMEOUT orderId=382524239
[15:18:39.147] [EXEC] [EXEC] CANCEL SELL orderId=382524239
[15:18:39.681] [EXEC] [EXEC] SELL FINAL STATUS status=CANCELED orderId=382524239
[15:18:39.685] [EXEC] [EXEC] FORCE EXIT hard_sl_triggered
[15:18:39.686] [EXEC] [EXEC] HARD SL triggered
[15:18:39.687] [EXEC] [EXEC] PANIC EXIT sl_mode
[15:18:39.688] [EXEC] [EXEC] FORCE EXIT price=80963.12
[15:18:39.689] [EXEC] [EXEC] PLACE SELL price=80963.12 qty=0.012340
[15:18:39.958] [EXEC] [EXEC] PANIC START price=80963.12
[15:18:39.960] [EXEC] [EXEC] SELL ORDER SENT orderId=382524336
[15:18:40.977] [EXEC] [EXEC] REALIZED pnl=-0.267655
[15:18:43.553] [EXEC] [EXEC] BUY ORDER SENT orderId=382524514 price=80956.01 qty=0.012350
[15:18:43.570] [EXEC] [EXEC] PLACE BUY price=80956.01 qty=0.012350
[15:18:44.242] [EXEC] [EXEC] PLACE SELL price=80957.71 qty=0.012350
[15:18:44.507] [EXEC] [EXEC] SELL ORDER SENT orderId=382524565
[15:18:47.116] [EXEC] [EXEC] REALIZED pnl=+0.020995
[15:18:48.139] [EXEC] [EXEC] BUY ORDER SENT orderId=382524845 price=80954.78 qty=0.012350
[15:18:48.142] [EXEC] [EXEC] PLACE BUY price=80954.78 qty=0.012350
[15:18:49.599] [EXEC] [EXEC] BUY PARTIAL filled=0.012350 total=0.012350
[15:18:49.600] [EXEC] [EXEC] BUY REMAINING qty=0.000000
[15:18:49.600] [EXEC] [EXEC] POSITION qty=0.012350
[15:18:49.600] [EXEC] [EXEC] BUY FILLED id=382524845
[15:18:50.225] [EXEC] [EXEC] PLACE SELL price=80958.60 qty=0.012350
[15:18:50.492] [EXEC] [EXEC] SELL ORDER SENT orderId=382525051
[15:18:51.616] [EXEC] [EXEC] REALIZED pnl=+0.047177
[15:18:52.052] [EXEC] [EXEC] BUY ORDER SENT orderId=382525307 price=80964.08 qty=0.012350
[15:18:52.056] [EXEC] [EXEC] PLACE BUY price=80964.08 qty=0.012350
[15:18:57.351] [EXEC] [EXEC] BUY TIMEOUT orderId=382525307
[15:18:57.356] [EXEC] [EXEC] CANCEL BUY orderId=382525307
[15:18:57.616] [EXEC] [EXEC] BUY CANCELED confirmed
[15:18:57.893] [EXEC] [EXEC] BUY FINAL STATUS status=CANCELED orderId=382525307
[15:18:57.897] [EXEC] [EXEC] BLOCK reason=buy_not_filled
[15:18:59.717] [EXEC] [EXEC] BUY ORDER SENT orderId=382525854 price=80980.60 qty=0.012340
[15:18:59.721] [EXEC] [EXEC] PLACE BUY price=80980.60 qty=0.012340
[15:19:02.251] [EXEC] [EXEC] PLACE SELL price=80986.22 qty=0.012340
[15:19:02.523] [EXEC] [EXEC] SELL ORDER SENT orderId=382526064
[15:19:03.090] [EXEC] [EXEC] RECOVERY WAIT hard_sl_pending_recovery
[15:19:05.538] [EXEC] [EXEC] RECOVERY WAIT hard_sl_pending_recovery
[15:19:05.806] [EXEC] [EXEC] SELL TIMEOUT orderId=382526064
[15:19:05.809] [EXEC] [EXEC] CANCEL SELL orderId=382526064
[15:19:06.329] [EXEC] [EXEC] SELL FINAL STATUS status=CANCELED orderId=382526064
[15:19:06.333] [EXEC] [EXEC] SAFE EXIT floor=80980.61
[15:19:06.336] [EXEC] [EXEC] SELL REPRICE old=80986.22 new=80986.21 count=1
[15:19:06.339] [EXEC] [EXEC] PLACE SELL price=80986.21 qty=0.012340
[15:19:06.608] [EXEC] [EXEC] SELL ORDER SENT orderId=382526385
[15:19:07.546] [EXEC] [EXEC] RECOVERY WAIT hard_sl_pending_recovery
[15:19:08.936] [EXEC] [EXEC] SELL TIMEOUT orderId=382526385
[15:19:08.939] [EXEC] [EXEC] CANCEL SELL orderId=382526385
[15:19:09.459] [EXEC] [EXEC] SELL FINAL STATUS status=CANCELED orderId=382526385
[15:19:09.459] [EXEC] [EXEC] SAFE EXIT floor=80980.61
[15:19:09.459] [EXEC] [EXEC] SELL REPRICE old=80986.21 new=80986.20 count=2
[15:19:09.459] [EXEC] [EXEC] PLACE SELL price=80986.20 qty=0.012340
[15:19:09.738] [EXEC] [EXEC] SELL ORDER SENT orderId=382526523
[15:20:56.547] [EXEC] [EXEC] LIVE ON
[15:20:56.549] [EXEC] [EXEC] WAIT READY
[15:20:57.553] [EXEC] [EXEC] BUY ORDER SENT orderId=382533118 price=80978.18 qty=0.061740
[15:20:57.553] [EXEC] [EXEC] PLACE BUY price=80978.18 qty=0.061740
[15:21:02.048] [EXEC] [EXEC] BUY TIMEOUT orderId=382533118
[15:21:02.051] [EXEC] [EXEC] CANCEL BUY orderId=382533118
[15:21:02.313] [EXEC] [EXEC] BUY CANCELED confirmed
[15:21:02.569] [EXEC] [EXEC] BUY FINAL STATUS status=CANCELED orderId=382533118
[15:21:02.569] [EXEC] [EXEC] BLOCK reason=buy_not_filled
[15:21:04.288] [EXEC] [EXEC] BUY ORDER SENT orderId=382533370 price=80983.25 qty=0.061740
[15:21:04.288] [EXEC] [EXEC] PLACE BUY price=80983.25 qty=0.061740
[15:21:08.300] [EXEC] [EXEC] BUY TIMEOUT orderId=382533370
[15:21:08.303] [EXEC] [EXEC] CANCEL BUY orderId=382533370
[15:21:08.553] [EXEC] [EXEC] BUY CANCELED confirmed
[15:21:08.819] [EXEC] [EXEC] BUY FINAL STATUS status=CANCELED orderId=382533370
[15:21:08.837] [EXEC] [EXEC] BLOCK reason=buy_not_filled
[15:21:11.169] [EXEC] [EXEC] BUY ORDER SENT orderId=382533810 price=80967.43 qty=0.061750
[15:21:11.172] [EXEC] [EXEC] PLACE BUY price=80967.43 qty=0.061750
[15:21:13.612] [EXEC] [EXEC] PLACE SELL price=80970.72 qty=0.061750
[15:21:13.897] [EXEC] [EXEC] SELL ORDER SENT orderId=382533944
[15:21:15.006] [EXEC] [EXEC] RECOVERY WAIT hard_sl_pending_recovery
[15:21:16.823] [EXEC] [EXEC] SELL TIMEOUT orderId=382533944
[15:21:16.827] [EXEC] [EXEC] CANCEL SELL orderId=382533944
[15:21:17.353] [EXEC] [EXEC] SELL FINAL STATUS status=CANCELED orderId=382533944
[15:21:17.356] [EXEC] [EXEC] SAFE EXIT floor=80967.44
[15:21:17.358] [EXEC] [EXEC] SELL REPRICE old=80970.72 new=80970.71 count=1
[15:21:17.359] [EXEC] [EXEC] PLACE SELL price=80970.71 qty=0.061750
[15:21:17.617] [EXEC] [EXEC] SELL ORDER SENT orderId=382534177
[15:21:19.237] [EXEC] [EXEC] RECOVERY WAIT hard_sl_pending_recovery
[15:21:19.491] [EXEC] [EXEC] SELL TIMEOUT orderId=382534177
[15:21:19.491] [EXEC] [EXEC] CANCEL SELL orderId=382534177
[15:21:20.058] [EXEC] [EXEC] SELL FINAL STATUS status=CANCELED orderId=382534177
[15:21:20.061] [EXEC] [EXEC] SAFE EXIT floor=80967.44
[15:21:20.063] [EXEC] [EXEC] SELL REPRICE old=80970.71 new=80970.70 count=2
[15:21:20.065] [EXEC] [EXEC] PLACE SELL price=80970.70 qty=0.061750
[15:21:20.335] [EXEC] [EXEC] SELL ORDER SENT orderId=382534303
[15:21:21.247] [EXEC] [EXEC] SELL FILLED id=382534303
[15:21:21.250] [EXEC] [EXEC] SELL FILLED qty=0.061750 remaining=0.000000
[15:21:21.253] [EXEC] [EXEC] REALIZED pnl=+0.201923
[15:21:23.194] [EXEC] [EXEC] BUY ORDER SENT orderId=382534494 price=80964.01 qty=0.061750
[15:21:23.194] [EXEC] [EXEC] PLACE BUY price=80964.01 qty=0.061750
[15:21:25.631] [EXEC] [EXEC] BUY PARTIAL filled=0.061750 total=0.061750
[15:21:25.647] [EXEC] [EXEC] BUY REMAINING qty=0.000000
[15:21:25.647] [EXEC] [EXEC] POSITION qty=0.061750
[15:21:25.647] [EXEC] [EXEC] BUY FILLED id=382534494
[15:21:26.197] [EXEC] [EXEC] PLACE SELL price=80972.38 qty=0.061750
[15:21:26.465] [EXEC] [EXEC] SELL ORDER SENT orderId=382534681
[15:21:27.010] [EXEC] [EXEC] REALIZED pnl=+0.516848
[15:21:28.182] [EXEC] [EXEC] BUY ORDER SENT orderId=382534775 price=80969.20 qty=0.061750
[15:21:28.188] [EXEC] [EXEC] PLACE BUY price=80969.20 qty=0.061750
[15:21:30.522] [EXEC] [EXEC] PLACE SELL price=80975.99 qty=0.061750
[15:21:30.791] [EXEC] [EXEC] SELL ORDER SENT orderId=382535135
[15:21:31.344] [EXEC] [EXEC] RECOVERY WAIT hard_sl_pending_recovery
[15:21:33.972] [EXEC] [EXEC] SELL TIMEOUT orderId=382535135
[15:21:33.972] [EXEC] [EXEC] CANCEL SELL orderId=382535135
[15:21:34.514] [EXEC] [EXEC] SELL FINAL STATUS status=CANCELED orderId=382535135
[15:21:34.518] [EXEC] [EXEC] SAFE EXIT floor=80969.21
[15:21:34.519] [EXEC] [EXEC] SELL REPRICE old=80975.99 new=80975.98 count=1
[15:21:34.520] [EXEC] [EXEC] PLACE SELL price=80975.98 qty=0.061750
[15:21:34.794] [EXEC] [EXEC] SELL ORDER SENT orderId=382535266
[15:21:35.131] [EXEC] [EXEC] RECOVERY WAIT hard_sl_pending_recovery
[15:21:36.971] [EXEC] [EXEC] SELL TIMEOUT orderId=382535266
[15:21:36.971] [EXEC] [EXEC] CANCEL SELL orderId=382535266
[15:21:37.979] [EXEC] [EXEC] SELL FINAL STATUS status=FILLED orderId=382535266
[15:21:37.981] [EXEC] [EXEC] SELL FILLED id=382535266
[15:21:37.983] [EXEC] [EXEC] SELL FILLED qty=0.061750 remaining=0.000000
[15:21:37.985] [EXEC] [EXEC] REALIZED pnl=+0.418665
[15:21:41.378] [EXEC] [EXEC] BUY ORDER SENT orderId=382535853 price=80978.43 qty=0.061740
[15:21:41.382] [EXEC] [EXEC] PLACE BUY price=80978.43 qty=0.061740
[15:21:43.266] [EXEC] [EXEC] BUY PARTIAL filled=0.061310 total=0.061310
[15:21:43.270] [EXEC] [EXEC] BUY REMAINING qty=0.000430
[15:21:43.271] [EXEC] [EXEC] POSITION qty=0.061310
[15:21:43.319] [EXEC] [EXEC] PLACE SELL price=80982.96 qty=0.061310
[15:21:43.589] [EXEC] [EXEC] SELL ORDER SENT orderId=382535917
[15:21:44.633] [EXEC] [EXEC] REALIZED pnl=+0.277734
[15:21:46.398] [EXEC] [EXEC] BUY ORDER SENT orderId=382536023 price=80980.44 qty=0.061740
[15:21:46.402] [EXEC] [EXEC] PLACE BUY price=80980.44 qty=0.061740
[15:21:50.964] [EXEC] [EXEC] BUY TIMEOUT orderId=382536023
[15:21:50.967] [EXEC] [EXEC] CANCEL BUY orderId=382536023
[15:21:51.709] [EXEC] [EXEC] BUY CANCELED confirmed
[15:21:51.991] [EXEC] [EXEC] BUY FINAL STATUS status=CANCELED orderId=382536023
[15:21:51.993] [EXEC] [EXEC] BLOCK reason=buy_not_filled
[15:21:54.938] [EXEC] [EXEC] BUY ORDER SENT orderId=382536705 price=81011.44 qty=0.061710
[15:21:54.942] [EXEC] [EXEC] PLACE BUY price=81011.44 qty=0.061710
[15:22:00.271] [EXEC] [EXEC] BUY PARTIAL filled=0.029300 total=0.029300
[15:22:00.272] [EXEC] [EXEC] BUY REMAINING qty=0.032410
[15:22:00.272] [EXEC] [EXEC] POSITION qty=0.029300
[15:22:00.272] [EXEC] [EXEC] BUY TIMEOUT orderId=382536705
[15:22:00.272] [EXEC] [EXEC] CANCEL BUY orderId=382536705
[15:22:00.547] [EXEC] [EXEC] BUY CANCELED confirmed
[15:22:00.813] [EXEC] [EXEC] BUY FINAL STATUS status=FILLED orderId=382536705
[15:22:00.815] [EXEC] [EXEC] BUY FILLED during cancel
[15:22:00.816] [EXEC] [EXEC] BUY FILLED id=382536705
[15:22:00.928] [EXEC] [EXEC] PLACE SELL price=81018.88 qty=0.029300
[15:22:01.197] [EXEC] [EXEC] SELL ORDER SENT orderId=382537025
[15:22:02.213] [EXEC] [EXEC] REALIZED pnl=+0.217992
[15:22:03.706] [EXEC] [EXEC] BUY ORDER SENT orderId=382537178 price=81019.27 qty=0.061710
[15:22:03.710] [EXEC] [EXEC] PLACE BUY price=81019.27 qty=0.061710
[15:22:05.012] [EXEC] [EXEC] PLACE SELL price=81022.78 qty=0.061710
[15:22:05.278] [EXEC] [EXEC] SELL ORDER SENT orderId=382537253
[15:22:06.570] [EXEC] [EXEC] RECOVERY WAIT hard_sl_pending_recovery
[15:22:08.801] [EXEC] [EXEC] SELL TIMEOUT orderId=382537253
[15:22:08.803] [EXEC] [EXEC] CANCEL SELL orderId=382537253
[15:22:09.412] [EXEC] [EXEC] SELL FINAL STATUS status=CANCELED orderId=382537253
[15:22:09.412] [EXEC] [EXEC] SAFE EXIT floor=81019.28
[15:22:09.412] [EXEC] [EXEC] SELL REPRICE old=81022.78 new=81022.77 count=2
[15:22:09.412] [EXEC] [EXEC] PLACE SELL price=81022.77 qty=0.061710
[15:22:09.686] [EXEC] [EXEC] SELL ORDER SENT orderId=382537572
[15:22:10.881] [EXEC] [EXEC] RECOVERY WAIT hard_sl_pending_recovery
[15:22:12.507] [EXEC] [EXEC] SELL TIMEOUT orderId=382537572
[15:22:12.507] [EXEC] [EXEC] CANCEL SELL orderId=382537572
[15:22:13.040] [EXEC] [EXEC] SELL FINAL STATUS status=CANCELED orderId=382537572
[15:22:13.043] [EXEC] [EXEC] FORCE EXIT hard_sl_triggered
[15:22:13.046] [EXEC] [EXEC] HARD SL triggered
[15:22:13.049] [EXEC] [EXEC] PANIC EXIT sl_mode
[15:22:13.051] [EXEC] [EXEC] FORCE EXIT price=81009.00
[15:22:13.052] [EXEC] [EXEC] PLACE SELL price=81009.00 qty=0.058800
[15:22:13.337] [EXEC] [EXEC] PANIC START price=81009.00
[15:22:13.340] [EXEC] [EXEC] SELL ORDER SENT orderId=382537907
[15:22:15.021] [EXEC] [EXEC] PANIC PARTIAL filled=0.032000 remaining=0.026800
[15:22:15.022] [EXEC] [EXEC] PANIC WAIT still_open orderId=382537907
[15:22:15.022] [EXEC] [EXEC] PANIC HOLD active orderId=382537907
[15:22:15.958] [EXEC] [EXEC] PANIC HOLD active orderId=382537907
[15:22:16.507] [EXEC] [EXEC] REALIZED pnl=-0.603876
[15:22:19.600] [EXEC] [EXEC] BUY ORDER SENT orderId=382538143 price=80996.01 qty=0.061730
[15:22:19.616] [EXEC] [EXEC] PLACE BUY price=80996.01 qty=0.061730
[15:22:21.381] [EXEC] [EXEC] PLACE SELL price=80998.06 qty=0.061730
[15:22:21.650] [EXEC] [EXEC] SELL ORDER SENT orderId=382538312
[15:22:22.177] [EXEC] [EXEC] REALIZED pnl=+0.147940
[15:22:23.854] [EXEC] [EXEC] BUY ORDER SENT orderId=382538414 price=81000.82 qty=0.061720
[15:22:23.857] [EXEC] [EXEC] PLACE BUY price=81000.82 qty=0.061720
[15:22:25.177] [EXEC] [EXEC] PLACE SELL price=81008.00 qty=0.061720
[15:22:25.429] [EXEC] [EXEC] SELL ORDER SENT orderId=382538555
[15:22:28.727] [EXEC] [EXEC] PANIC WAIT still_open orderId=382538555
[15:22:28.730] [EXEC] [EXEC] PANIC HOLD active orderId=382538555
[15:22:31.989] [EXEC] [EXEC] PANIC WAIT still_open orderId=382538555
[15:22:31.991] [EXEC] [EXEC] PANIC HOLD active orderId=382538555
[15:22:36.990] [EXEC] [EXEC] PANIC WAIT still_open orderId=382538555
[15:22:36.993] [EXEC] [EXEC] PANIC HOLD active orderId=382538555
[15:22:39.068] [EXEC] [EXEC] REALIZED pnl=+0.443150
[15:22:42.913] [EXEC] [EXEC] BUY ORDER SENT orderId=382539166 price=81004.01 qty=0.061720
[15:22:42.913] [EXEC] [EXEC] PLACE BUY price=81004.01 qty=0.061720
[15:22:48.569] [EXEC] [EXEC] BUY TIMEOUT orderId=382539166
[15:22:48.569] [EXEC] [EXEC] CANCEL BUY orderId=382539166
[15:22:48.835] [EXEC] [EXEC] BUY CANCELED confirmed
[15:22:49.107] [EXEC] [EXEC] BUY FINAL STATUS status=CANCELED orderId=382539166
[15:22:49.110] [EXEC] [EXEC] BLOCK reason=buy_not_filled
[15:22:49.942] [EXEC] [EXEC] BUY ORDER SENT orderId=382539433 price=81013.63 qty=0.061710
[15:22:49.945] [EXEC] [EXEC] PLACE BUY price=81013.63 qty=0.061710
[15:22:51.554] [EXEC] [EXEC] PLACE SELL price=81016.20 qty=0.061710
[15:22:51.826] [EXEC] [EXEC] SELL ORDER SENT orderId=382539500
[15:22:53.163] [EXEC] [EXEC] REALIZED pnl=+0.158595
[15:22:53.925] [EXEC] [EXEC] BUY ORDER SENT orderId=382539598 price=81017.22 qty=0.061710
[15:22:53.928] [EXEC] [EXEC] PLACE BUY price=81017.22 qty=0.061710
[15:22:54.975] [EXEC] [EXEC] BUY PARTIAL filled=0.061710 total=0.061710
[15:22:54.993] [EXEC] [EXEC] BUY REMAINING qty=0.000000
[15:22:54.996] [EXEC] [EXEC] POSITION qty=0.061710
[15:22:54.998] [EXEC] [EXEC] BUY FILLED id=382539598
[15:22:56.513] [EXEC] [EXEC] PLACE SELL price=81018.18 qty=0.061710
[15:22:56.773] [EXEC] [EXEC] SELL ORDER SENT orderId=382539675
[15:22:58.021] [EXEC] [EXEC] RECOVERY WAIT hard_sl_pending_recovery
[15:22:59.710] [EXEC] [EXEC] SELL TIMEOUT orderId=382539675
[15:22:59.726] [EXEC] [EXEC] CANCEL SELL orderId=382539675
[15:23:00.240] [EXEC] [EXEC] SELL FINAL STATUS status=CANCELED orderId=382539675
[15:23:00.258] [EXEC] [EXEC] SAFE EXIT floor=81017.23
[15:23:00.259] [EXEC] [EXEC] SELL REPRICE old=81018.18 new=81018.17 count=1
[15:23:00.260] [EXEC] [EXEC] PLACE SELL price=81018.17 qty=0.061710
[15:23:00.536] [EXEC] [EXEC] SELL ORDER SENT orderId=382539921
[15:23:01.678] [EXEC] [EXEC] RECOVERY WAIT hard_sl_pending_recovery
[15:23:03.834] [EXEC] [EXEC] SELL TIMEOUT orderId=382539921
[15:23:03.834] [EXEC] [EXEC] CANCEL SELL orderId=382539921
[15:23:04.376] [EXEC] [EXEC] SELL FINAL STATUS status=CANCELED orderId=382539921
[15:23:04.380] [EXEC] [EXEC] SAFE EXIT floor=81017.23
[15:23:04.382] [EXEC] [EXEC] SELL REPRICE old=81018.17 new=81018.16 count=2
[15:23:04.385] [EXEC] [EXEC] PLACE SELL price=81018.16 qty=0.006040
[15:23:04.647] [EXEC] [EXEC] SELL ORDER SENT orderId=382540166
[15:23:05.506] [EXEC] [EXEC] RECOVERY WAIT hard_sl_pending_recovery
[15:23:07.390] [EXEC] [EXEC] RECOVERY WAIT hard_sl_pending_recovery
[15:23:07.659] [EXEC] [EXEC] SELL TIMEOUT orderId=382540166
[15:23:07.663] [EXEC] [EXEC] CANCEL SELL orderId=382540166
[15:23:08.193] [EXEC] [EXEC] SELL FINAL STATUS status=CANCELED orderId=382540166
[15:23:08.193] [EXEC] [EXEC] FORCE EXIT hard_sl_triggered
[15:23:08.193] [EXEC] [EXEC] HARD SL triggered
[15:23:08.193] [EXEC] [EXEC] PANIC EXIT sl_mode
[15:23:08.210] [EXEC] [EXEC] FORCE EXIT price=81012.15
[15:23:08.213] [EXEC] [EXEC] PLACE SELL price=81012.15 qty=0.006040
[15:23:08.505] [EXEC] [EXEC] PANIC START price=81012.15
[15:23:08.509] [EXEC] [EXEC] SELL ORDER SENT orderId=382540247
[15:23:09.875] [EXEC] [EXEC] SELL FILLED id=382540247
[15:23:09.875] [EXEC] [EXEC] SELL FILLED qty=0.006040 remaining=0.000000
[15:23:09.875] [EXEC] [EXEC] REALIZED pnl=-0.030623
[15:23:09.875] [EXEC] [EXEC] PANIC FILLED
[15:23:09.875] [EXEC] [EXEC] PANIC RESET
[15:23:14.568] [EXEC] [EXEC] BUY ORDER SENT orderId=382540617 price=80996.01 qty=0.061730
[15:23:14.572] [EXEC] [EXEC] PLACE BUY price=80996.01 qty=0.061730
[15:23:19.476] [EXEC] [EXEC] BUY TIMEOUT orderId=382540617
[15:23:19.476] [EXEC] [EXEC] CANCEL BUY orderId=382540617
[15:23:19.748] [EXEC] [EXEC] BUY CANCELED confirmed
[15:23:20.010] [EXEC] [EXEC] BUY FINAL STATUS status=CANCELED orderId=382540617
[15:23:20.014] [EXEC] [EXEC] BLOCK reason=buy_not_filled
[15:23:22.482] [EXEC] [EXEC] BUY ORDER SENT orderId=382540904 price=80993.71 qty=0.061730
[15:23:22.483] [EXEC] [EXEC] PLACE BUY price=80993.71 qty=0.061730
[15:23:26.989] [EXEC] [EXEC] BUY TIMEOUT orderId=382540904
[15:23:26.990] [EXEC] [EXEC] CANCEL BUY orderId=382540904
[15:23:27.262] [EXEC] [EXEC] BUY CANCELED confirmed
[15:23:27.531] [EXEC] [EXEC] BUY FINAL STATUS status=CANCELED orderId=382540904
[15:23:27.533] [EXEC] [EXEC] BLOCK reason=buy_not_filled
[15:23:30.337] [EXEC] [EXEC] BUY ORDER SENT orderId=382541147 price=80996.00 qty=0.061730
[15:23:30.340] [EXEC] [EXEC] PLACE BUY price=80996.00 qty=0.061730
[15:23:31.284] [EXEC] [EXEC] BUY PARTIAL filled=0.061730 total=0.061730
[15:23:31.288] [EXEC] [EXEC] BUY REMAINING qty=0.000000
[15:23:31.289] [EXEC] [EXEC] POSITION qty=0.061730
[15:23:31.292] [EXEC] [EXEC] BUY FILLED id=382541147
[15:23:32.599] [EXEC] [EXEC] PLACE SELL price=80996.04 qty=0.061730
[15:23:32.860] [EXEC] [EXEC] SELL ORDER SENT orderId=382541283
[15:23:34.319] [EXEC] [EXEC] RECOVERY WAIT hard_sl_pending_recovery
[15:23:35.992] [EXEC] [EXEC] SELL TIMEOUT orderId=382541283
[15:23:35.995] [EXEC] [EXEC] CANCEL SELL orderId=382541283
[15:23:36.522] [EXEC] [EXEC] SELL FINAL STATUS status=CANCELED orderId=382541283
[15:23:36.522] [EXEC] [EXEC] SAFE EXIT floor=80996.01
[15:23:36.540] [EXEC] [EXEC] SELL REPRICE old=80996.04 new=80996.03 count=1
[15:23:36.541] [EXEC] [EXEC] PLACE SELL price=80996.03 qty=0.061730
[15:23:36.814] [EXEC] [EXEC] SELL ORDER SENT orderId=382541616
[15:23:37.913] [EXEC] [EXEC] RECOVERY WAIT hard_sl_pending_recovery
[15:23:38.232] [EXEC] [EXEC] RECOVERY WAIT hard_sl_pending_recovery
[15:23:38.491] [EXEC] [EXEC] SELL TIMEOUT orderId=382541616
[15:23:38.491] [EXEC] [EXEC] CANCEL SELL orderId=382541616
[15:23:39.028] [EXEC] [EXEC] SELL FINAL STATUS status=CANCELED orderId=382541616
[15:23:39.033] [EXEC] [EXEC] SAFE EXIT floor=80996.01
[15:23:39.036] [EXEC] [EXEC] SELL REPRICE old=80996.03 new=80996.02 count=2
[15:23:39.040] [EXEC] [EXEC] PLACE SELL price=80996.02 qty=0.061730
[15:23:39.304] [EXEC] [EXEC] SELL ORDER SENT orderId=382541898
[15:23:41.100] [EXEC] [EXEC] RECOVERY WAIT hard_sl_pending_recovery
[15:23:41.844] [EXEC] [EXEC] SELL TIMEOUT orderId=382541898
[15:23:41.847] [EXEC] [EXEC] CANCEL SELL orderId=382541898
[15:23:42.874] [EXEC] [EXEC] SELL FINAL STATUS status=CANCELED orderId=382541898
[15:23:42.876] [EXEC] [EXEC] FORCE EXIT hard_sl_triggered
[15:23:42.878] [EXEC] [EXEC] HARD SL triggered
[15:23:42.879] [EXEC] [EXEC] PANIC EXIT sl_mode
[15:23:42.880] [EXEC] [EXEC] FORCE EXIT price=80973.32
[15:23:42.881] [EXEC] [EXEC] PLACE SELL price=80973.32 qty=0.061730
[15:23:43.142] [EXEC] [EXEC] PANIC START price=80973.32
[15:23:43.146] [EXEC] [EXEC] SELL ORDER SENT orderId=382542067
[15:23:45.709] [EXEC] [EXEC] PANIC WAIT still_open orderId=382542067
[15:23:45.709] [EXEC] [EXEC] PANIC HOLD active orderId=382542067
[15:23:47.988] [EXEC] [EXEC] PANIC HOLD active orderId=382542067
[15:23:50.411] [EXEC] [EXEC] PANIC WAIT still_open orderId=382542067
[15:23:50.414] [EXEC] [EXEC] PANIC HOLD active orderId=382542067
[15:23:52.741] [EXEC] [EXEC] PANIC HOLD active orderId=382542067
[15:23:53.783] [EXEC] [EXEC] REALIZED pnl=-1.400036
[15:23:54.573] [EXEC] [EXEC] BUY ORDER SENT orderId=382542479 price=80976.06 qty=0.061740
[15:23:54.578] [EXEC] [EXEC] PLACE BUY price=80976.06 qty=0.061740
[15:23:59.667] [EXEC] [EXEC] BUY TIMEOUT orderId=382542479
[15:23:59.671] [EXEC] [EXEC] CANCEL BUY orderId=382542479
[15:23:59.935] [EXEC] [EXEC] BUY CANCELED confirmed
[15:24:00.198] [EXEC] [EXEC] BUY FINAL STATUS status=CANCELED orderId=382542479
[15:24:00.202] [EXEC] [EXEC] BLOCK reason=buy_not_filled
[15:24:03.443] [EXEC] [EXEC] BUY ORDER SENT orderId=382543104 price=81005.30 qty=0.061720
[15:24:03.443] [EXEC] [EXEC] PLACE BUY price=81005.30 qty=0.061720
[15:24:07.396] [EXEC] [EXEC] BUY TIMEOUT orderId=382543104
[15:24:07.414] [EXEC] [EXEC] CANCEL BUY orderId=382543104
[15:24:07.687] [EXEC] [EXEC] BUY CANCELED confirmed
[15:24:07.960] [EXEC] [EXEC] BUY FINAL STATUS status=CANCELED orderId=382543104
[15:24:07.964] [EXEC] [EXEC] BLOCK reason=buy_not_filled
[15:24:08.542] [EXEC] [EXEC] BUY ORDER SENT orderId=382543297 price=81004.45 qty=0.061720
[15:24:08.546] [EXEC] [EXEC] PLACE BUY price=81004.45 qty=0.061720
[15:24:12.428] [EXEC] [EXEC] BUY TIMEOUT orderId=382543297
[15:24:12.428] [EXEC] [EXEC] CANCEL BUY orderId=382543297
[15:24:12.698] [EXEC] [EXEC] BUY CANCELED confirmed
[15:24:12.963] [EXEC] [EXEC] BUY FINAL STATUS status=CANCELED orderId=382543297
[15:24:12.966] [EXEC] [EXEC] BLOCK reason=buy_not_filled
[15:24:15.161] [EXEC] [EXEC] BUY ORDER SENT orderId=382543763 price=81023.38 qty=0.061710
[15:24:15.165] [EXEC] [EXEC] PLACE BUY price=81023.38 qty=0.061710
[15:24:20.273] [EXEC] [EXEC] BUY TIMEOUT orderId=382543763
[15:24:20.273] [EXEC] [EXEC] CANCEL BUY orderId=382543763
[15:24:20.537] [EXEC] [EXEC] BUY CANCELED confirmed
[15:24:20.820] [EXEC] [EXEC] BUY FINAL STATUS status=CANCELED orderId=382543763
[15:24:20.820] [EXEC] [EXEC] BLOCK reason=buy_not_filled
[15:24:22.631] [EXEC] [EXEC] BUY ORDER SENT orderId=382544405 price=81044.00 qty=0.061690
[15:24:22.631] [EXEC] [EXEC] PLACE BUY price=81044.00 qty=0.061690
[15:24:24.585] [EXEC] [EXEC] BUY PARTIAL filled=0.061690 total=0.061690
[15:24:24.589] [EXEC] [EXEC] BUY REMAINING qty=0.000000
[15:24:24.591] [EXEC] [EXEC] POSITION qty=0.061690
[15:24:24.592] [EXEC] [EXEC] BUY FILLED id=382544405
[15:24:26.569] [EXEC] [EXEC] PLACE SELL price=81044.04 qty=0.061690
[15:24:26.912] [EXEC] [EXEC] SELL ORDER SENT orderId=382544745
[15:24:27.195] [EXEC] [EXEC] RECOVERY WAIT hard_sl_pending_recovery
[15:24:30.055] [EXEC] [EXEC] RECOVERY WAIT hard_sl_pending_recovery
[15:24:30.320] [EXEC] [EXEC] SELL TIMEOUT orderId=382544745
[15:24:30.323] [EXEC] [EXEC] CANCEL SELL orderId=382544745
[15:24:30.877] [EXEC] [EXEC] SELL FINAL STATUS status=CANCELED orderId=382544745
[15:24:30.881] [EXEC] [EXEC] SAFE EXIT floor=81044.01
[15:24:30.882] [EXEC] [EXEC] SELL REPRICE old=81044.04 new=81044.03 count=1
[15:24:30.882] [EXEC] [EXEC] PLACE SELL price=81044.03 qty=0.061690
[15:24:31.151] [EXEC] [EXEC] SELL ORDER SENT orderId=382545108
[15:24:32.740] [EXEC] [EXEC] RECOVERY WAIT hard_sl_pending_recovery
[15:24:33.013] [EXEC] [EXEC] SELL TIMEOUT orderId=382545108
[15:24:33.017] [EXEC] [EXEC] CANCEL SELL orderId=382545108
[15:24:33.538] [EXEC] [EXEC] SELL FINAL STATUS status=CANCELED orderId=382545108
[15:24:33.538] [EXEC] [EXEC] SAFE EXIT floor=81044.01
[15:24:33.538] [EXEC] [EXEC] SELL REPRICE old=81044.03 new=81044.02 count=2
[15:24:33.538] [EXEC] [EXEC] PLACE SELL price=81044.02 qty=0.061690
[15:24:33.814] [EXEC] [EXEC] SELL ORDER SENT orderId=382545237
[15:24:34.788] [EXEC] [EXEC] RECOVERY WAIT hard_sl_pending_recovery
[15:24:36.631] [EXEC] [EXEC] SELL TIMEOUT orderId=382545237
[15:24:36.631] [EXEC] [EXEC] CANCEL SELL orderId=382545237
[15:24:37.176] [EXEC] [EXEC] SELL FINAL STATUS status=CANCELED orderId=382545237
[15:24:37.179] [EXEC] [EXEC] FORCE EXIT hard_sl_triggered
[15:24:37.182] [EXEC] [EXEC] HARD SL triggered
[15:24:37.184] [EXEC] [EXEC] PANIC EXIT sl_mode
[15:24:37.185] [EXEC] [EXEC] FORCE EXIT price=81028.25
[15:24:37.186] [EXEC] [EXEC] PLACE SELL price=81028.25 qty=0.061690
[15:24:37.446] [EXEC] [EXEC] PANIC START price=81028.25
[15:24:37.450] [EXEC] [EXEC] SELL ORDER SENT orderId=382545360
[15:24:38.464] [EXEC] [EXEC] REALIZED pnl=-0.896269
[15:24:39.115] [EXEC] [EXEC] BUY ORDER SENT orderId=382545535 price=81027.59 qty=0.061700
[15:24:39.133] [EXEC] [EXEC] PLACE BUY price=81027.59 qty=0.061700
[15:24:44.216] [EXEC] [EXEC] BUY TIMEOUT orderId=382545535
[15:24:44.219] [EXEC] [EXEC] CANCEL BUY orderId=382545535
[15:24:44.478] [EXEC] [EXEC] BUY CANCELED confirmed
[15:24:44.741] [EXEC] [EXEC] BUY FINAL STATUS status=CANCELED orderId=382545535
[15:24:44.741] [EXEC] [EXEC] BLOCK reason=buy_not_filled
[15:24:46.622] [EXEC] [EXEC] BUY ORDER SENT orderId=382545805 price=81044.16 qty=0.061690
[15:24:46.625] [EXEC] [EXEC] PLACE BUY price=81044.16 qty=0.061690
[15:24:47.756] [EXEC] [EXEC] PLACE SELL price=81044.20 qty=0.061690
[15:24:48.023] [EXEC] [EXEC] SELL ORDER SENT orderId=382545896
[15:24:48.554] [EXEC] [EXEC] REALIZED pnl=+0.002468
[15:24:52.128] [EXEC] [EXEC] BUY ORDER SENT orderId=382546131 price=81037.53 qty=0.061690
[15:24:52.132] [EXEC] [EXEC] PLACE BUY price=81037.53 qty=0.061690
[15:24:53.413] [EXEC] [EXEC] PLACE SELL price=81040.36 qty=0.061690
[15:24:53.692] [EXEC] [EXEC] SELL ORDER SENT orderId=382546259
[15:24:57.144] [EXEC] [EXEC] PANIC WAIT still_open orderId=382546259
[15:24:57.147] [EXEC] [EXEC] PANIC HOLD active orderId=382546259
[15:25:00.608] [EXEC] [EXEC] PANIC WAIT still_open orderId=382546259
[15:25:00.612] [EXEC] [EXEC] PANIC HOLD active orderId=382546259
[15:25:03.881] [EXEC] [EXEC] PANIC WAIT still_open orderId=382546259
[15:25:03.896] [EXEC] [EXEC] PANIC HOLD active orderId=382546259
[15:25:05.512] [EXEC] [EXEC] PANIC HOLD active orderId=382546259
[15:25:07.413] [EXEC] [EXEC] PANIC WAIT still_open orderId=382546259
[15:25:07.429] [EXEC] [EXEC] PANIC HOLD active orderId=382546259
[15:25:11.194] [EXEC] [EXEC] PANIC WAIT still_open orderId=382546259
[15:25:11.198] [EXEC] [EXEC] PANIC HOLD active orderId=382546259
[15:25:14.506] [EXEC] [EXEC] PANIC WAIT still_open orderId=382546259
[15:25:14.506] [EXEC] [EXEC] PANIC HOLD active orderId=382546259
[15:25:15.056] [EXEC] [EXEC] PANIC HOLD active orderId=382546259
[15:25:17.985] [EXEC] [EXEC] REALIZED pnl=+0.174583
[15:25:19.179] [EXEC] [EXEC] BUY ORDER SENT orderId=382547781 price=81035.96 qty=0.061700
[15:25:19.179] [EXEC] [EXEC] PLACE BUY price=81035.96 qty=0.061700
[15:25:19.521] [EXEC] [EXEC] BUY PARTIAL filled=0.061700 total=0.061700
[15:25:19.525] [EXEC] [EXEC] BUY REMAINING qty=0.000000
[15:25:19.527] [EXEC] [EXEC] POSITION qty=0.061700
[15:25:19.529] [EXEC] [EXEC] BUY FILLED id=382547781
[15:25:21.301] [EXEC] [EXEC] PLACE SELL price=81036.00 qty=0.061700
[15:25:21.553] [EXEC] [EXEC] SELL ORDER SENT orderId=382547933
[15:25:22.803] [EXEC] [EXEC] RECOVERY WAIT hard_sl_pending_recovery
[15:25:23.073] [EXEC] [EXEC] SELL FILLED id=382547933
[15:25:23.076] [EXEC] [EXEC] SELL FILLED qty=0.061700 remaining=0.000000
[15:25:23.078] [EXEC] [EXEC] REALIZED pnl=+0.002468
[15:25:31.134] [EXEC] [EXEC] BUY ORDER SENT orderId=382548621 price=81041.70 qty=0.061690
[15:25:31.136] [EXEC] [EXEC] PLACE BUY price=81041.70 qty=0.061690
[15:25:31.820] [EXEC] [EXEC] PLACE SELL price=81043.99 qty=0.061690
[15:25:32.085] [EXEC] [EXEC] SELL ORDER SENT orderId=382548703
[15:25:33.116] [EXEC] [EXEC] REALIZED pnl=+0.141270
[15:25:34.137] [EXEC] [EXEC] BUY ORDER SENT orderId=382548818 price=81042.24 qty=0.061690
[15:25:34.138] [EXEC] [EXEC] PLACE BUY price=81042.24 qty=0.061690
[15:25:35.602] [EXEC] [EXEC] PLACE SELL price=81047.07 qty=0.061690
[15:25:35.863] [EXEC] [EXEC] SELL ORDER SENT orderId=382548985
[15:25:36.397] [EXEC] [EXEC] REALIZED pnl=+0.361786
[15:25:37.449] [EXEC] [EXEC] BUY ORDER SENT orderId=382549065 price=81051.40 qty=0.061680
[15:25:37.452] [EXEC] [EXEC] PLACE BUY price=81051.40 qty=0.061680
[15:25:38.913] [EXEC] [EXEC] PLACE SELL price=81054.12 qty=0.061680
[15:25:39.193] [EXEC] [EXEC] SELL ORDER SENT orderId=382549233
[15:25:39.987] [EXEC] [EXEC] SELL FILLED id=382549233
[15:25:39.990] [EXEC] [EXEC] SELL FILLED qty=0.061680 remaining=0.000000
[15:25:39.991] [EXEC] [EXEC] REALIZED pnl=+0.236015
[15:25:43.458] [EXEC] [EXEC] BUY ORDER SENT orderId=382549498 price=81058.62 qty=0.061680
[15:25:43.461] [EXEC] [EXEC] PLACE BUY price=81058.62 qty=0.061680
[15:25:48.256] [EXEC] [EXEC] BUY TIMEOUT orderId=382549498
[15:25:48.259] [EXEC] [EXEC] CANCEL BUY orderId=382549498
[15:25:48.521] [EXEC] [EXEC] BUY CANCELED confirmed
[15:25:48.784] [EXEC] [EXEC] BUY FINAL STATUS status=CANCELED orderId=382549498
[15:25:48.788] [EXEC] [EXEC] BLOCK reason=buy_not_filled
[15:25:49.381] [EXEC] [EXEC] BUY ORDER SENT orderId=382549826 price=81065.98 qty=0.061670
[15:25:49.385] [EXEC] [EXEC] PLACE BUY price=81065.98 qty=0.061670
[15:25:51.562] [EXEC] [EXEC] PLACE SELL price=81068.57 qty=0.061670
[15:25:51.826] [EXEC] [EXEC] SELL ORDER SENT orderId=382549930
[15:25:51.964] [EXEC] [EXEC] RECOVERY WAIT hard_sl_pending_recovery
[15:25:53.240] [EXEC] [EXEC] REALIZED pnl=+0.159725
[15:25:54.526] [EXEC] [EXEC] BUY ORDER SENT orderId=382550127 price=81068.69 qty=0.061670
[15:25:54.530] [EXEC] [EXEC] PLACE BUY price=81068.69 qty=0.061670
[15:25:58.553] [EXEC] [EXEC] BUY TIMEOUT orderId=382550127
[15:25:58.553] [EXEC] [EXEC] CANCEL BUY orderId=382550127
[15:25:58.819] [EXEC] [EXEC] BUY CANCELED confirmed
[15:25:59.092] [EXEC] [EXEC] BUY FINAL STATUS status=CANCELED orderId=382550127
[15:25:59.092] [EXEC] [EXEC] BLOCK reason=buy_not_filled
[15:26:00.075] [EXEC] [EXEC] BUY ORDER SENT orderId=382550691 price=81089.72 qty=0.061660
[15:26:00.075] [EXEC] [EXEC] PLACE BUY price=81089.72 qty=0.061660
[15:26:05.663] [EXEC] [EXEC] BUY TIMEOUT orderId=382550691
[15:26:05.667] [EXEC] [EXEC] CANCEL BUY orderId=382550691
[15:26:05.942] [EXEC] [EXEC] BUY CANCELED confirmed
[15:26:06.231] [EXEC] [EXEC] BUY FINAL STATUS status=CANCELED orderId=382550691
[15:26:06.234] [EXEC] [EXEC] BLOCK reason=buy_not_filled
[15:26:07.006] [EXEC] [EXEC] BUY ORDER SENT orderId=382552001 price=81148.00 qty=0.061610
[15:26:07.006] [EXEC] [EXEC] PLACE BUY price=81148.00 qty=0.061610
[15:26:08.748] [EXEC] [EXEC] PLACE SELL price=81168.00 qty=0.061610
[15:26:09.012] [EXEC] [EXEC] SELL ORDER SENT orderId=382552385
[15:26:09.553] [EXEC] [EXEC] REALIZED pnl=+1.232200
[15:26:09.843] [EXEC] [EXEC] BUY ORDER SENT orderId=382552528 price=81162.01 qty=0.061600
[15:26:09.845] [EXEC] [EXEC] PLACE BUY price=81162.01 qty=0.061600
[15:26:14.757] [EXEC] [EXEC] BUY TIMEOUT orderId=382552528
[15:26:14.757] [EXEC] [EXEC] CANCEL BUY orderId=382552528
[15:26:15.022] [EXEC] [EXEC] BUY CANCELED confirmed
[15:26:15.287] [EXEC] [EXEC] BUY FINAL STATUS status=CANCELED orderId=382552528
[15:26:15.288] [EXEC] [EXEC] BLOCK reason=buy_not_filled
[15:26:16.611] [EXEC] [EXEC] BUY ORDER SENT orderId=382553436 price=81184.71 qty=0.061580
[15:26:16.615] [EXEC] [EXEC] PLACE BUY price=81184.71 qty=0.061580
[15:26:17.393] [EXEC] [EXEC] BUY PARTIAL filled=0.061580 total=0.061580
[15:26:17.397] [EXEC] [EXEC] BUY REMAINING qty=0.000000
[15:26:17.397] [EXEC] [EXEC] POSITION qty=0.061580
[15:26:17.397] [EXEC] [EXEC] BUY FILLED id=382553436
[15:26:18.758] [EXEC] [EXEC] PLACE SELL price=81191.25 qty=0.061580
[15:26:19.022] [EXEC] [EXEC] SELL ORDER SENT orderId=382553700
[15:26:20.072] [EXEC] [EXEC] REALIZED pnl=+0.402733
[15:26:21.343] [EXEC] [EXEC] BUY ORDER SENT orderId=382554052 price=81180.02 qty=0.061590
[15:26:21.347] [EXEC] [EXEC] PLACE BUY price=81180.02 qty=0.061590
[15:26:21.907] [EXEC] [EXEC] BUY PARTIAL filled=0.061590 total=0.061590
[15:26:21.911] [EXEC] [EXEC] BUY REMAINING qty=0.000000
[15:26:21.912] [EXEC] [EXEC] POSITION qty=0.061590
[15:26:21.913] [EXEC] [EXEC] BUY FILLED id=382554052
[15:26:23.435] [EXEC] [EXEC] PLACE SELL price=81180.06 qty=0.061590
[15:26:23.699] [EXEC] [EXEC] SELL ORDER SENT orderId=382554441
[15:26:25.081] [EXEC] [EXEC] RECOVERY WAIT hard_sl_pending_recovery
[15:26:26.489] [EXEC] [EXEC] REALIZED pnl=+0.001848
[15:26:26.740] [EXEC] [EXEC] BUY ORDER SENT orderId=382554665 price=81166.92 qty=0.061600
[15:26:26.756] [EXEC] [EXEC] PLACE BUY price=81166.92 qty=0.061600
[15:26:31.553] [EXEC] [EXEC] BUY TIMEOUT orderId=382554665
[15:26:31.571] [EXEC] [EXEC] CANCEL BUY orderId=382554665
[15:26:31.841] [EXEC] [EXEC] BUY CANCELED confirmed
[15:26:32.110] [EXEC] [EXEC] BUY FINAL STATUS status=CANCELED orderId=382554665
[15:26:32.114] [EXEC] [EXEC] BLOCK reason=buy_not_filled
[15:26:32.538] [EXEC] [EXEC] BUY ORDER SENT orderId=382554901 price=81180.01 qty=0.061590
[15:26:32.542] [EXEC] [EXEC] PLACE BUY price=81180.01 qty=0.061590
[15:26:34.006] [EXEC] [EXEC] PLACE SELL price=81185.55 qty=0.061590
[15:26:34.272] [EXEC] [EXEC] SELL ORDER SENT orderId=382555006
[15:26:35.086] [EXEC] [EXEC] RECOVERY WAIT hard_sl_pending_recovery
[15:26:37.093] [EXEC] [EXEC] REALIZED pnl=+0.341209
[15:26:37.363] [EXEC] [EXEC] BUY ORDER SENT orderId=382555238 price=81164.48 qty=0.061600
[15:26:37.367] [EXEC] [EXEC] PLACE BUY price=81164.48 qty=0.061600
[15:26:43.955] [EXEC] [EXEC] BUY TIMEOUT orderId=382555238
[15:26:43.958] [EXEC] [EXEC] CANCEL BUY orderId=382555238
[15:26:44.696] [EXEC] [EXEC] BUY CANCELED confirmed
[15:26:44.971] [EXEC] [EXEC] BUY FINAL STATUS status=CANCELED orderId=382555238
[15:26:44.972] [EXEC] [EXEC] BLOCK reason=buy_not_filled
[15:26:46.049] [EXEC] [EXEC] BUY ORDER SENT orderId=382556190 price=81188.01 qty=0.061580
[15:26:46.052] [EXEC] [EXEC] PLACE BUY price=81188.01 qty=0.061580
[15:26:47.382] [EXEC] [EXEC] PLACE SELL price=81191.68 qty=0.061580
[15:26:47.647] [EXEC] [EXEC] SELL ORDER SENT orderId=382556291
[15:26:48.288] [EXEC] [EXEC] RECOVERY WAIT hard_sl_pending_recovery
[15:26:48.553] [EXEC] [EXEC] SELL FILLED id=382556291
[15:26:48.557] [EXEC] [EXEC] SELL FILLED qty=0.061580 remaining=0.000000
[15:26:48.558] [EXEC] [EXEC] REALIZED pnl=+0.225999
[15:26:50.185] [EXEC] [EXEC] BUY ORDER SENT orderId=382556710 price=81212.84 qty=0.061560
[15:26:50.188] [EXEC] [EXEC] PLACE BUY price=81212.84 qty=0.061560
[15:26:50.820] [EXEC] [EXEC] PLACE SELL price=81228.71 qty=0.061560
[15:26:51.090] [EXEC] [EXEC] SELL ORDER SENT orderId=382556825
[15:26:52.396] [EXEC] [EXEC] RECOVERY WAIT hard_sl_pending_recovery
[15:26:53.950] [EXEC] [EXEC] RECOVERY WAIT hard_sl_pending_recovery
[15:26:54.213] [EXEC] [EXEC] SELL TIMEOUT orderId=382556825
[15:26:54.216] [EXEC] [EXEC] CANCEL SELL orderId=382556825
[15:26:54.741] [EXEC] [EXEC] SELL FINAL STATUS status=CANCELED orderId=382556825
[15:26:54.759] [EXEC] [EXEC] SAFE EXIT floor=81212.85
[15:26:54.762] [EXEC] [EXEC] SELL REPRICE old=81228.71 new=81228.70 count=1
[15:26:54.764] [EXEC] [EXEC] PLACE SELL price=81228.70 qty=0.061560
[15:26:55.031] [EXEC] [EXEC] SELL ORDER SENT orderId=382557303
[15:26:56.878] [EXEC] [EXEC] RECOVERY WAIT hard_sl_pending_recovery
[15:26:57.144] [EXEC] [EXEC] SELL TIMEOUT orderId=382557303
[15:26:57.147] [EXEC] [EXEC] CANCEL SELL orderId=382557303
[15:26:57.678] [EXEC] [EXEC] SELL FINAL STATUS status=CANCELED orderId=382557303
[15:26:57.678] [EXEC] [EXEC] SAFE EXIT floor=81212.85
[15:26:57.693] [EXEC] [EXEC] SELL REPRICE old=81228.70 new=81228.69 count=2
[15:26:57.696] [EXEC] [EXEC] PLACE SELL price=81228.69 qty=0.061560
[15:26:57.958] [EXEC] [EXEC] SELL ORDER SENT orderId=382557523
[15:26:58.991] [EXEC] [EXEC] RECOVERY WAIT hard_sl_pending_recovery
[15:27:00.392] [EXEC] [EXEC] REALIZED pnl=+0.975726
[15:27:00.656] [EXEC] [EXEC] BUY ORDER SENT orderId=382557972 price=81194.78 qty=0.061580
[15:27:00.660] [EXEC] [EXEC] PLACE BUY price=81194.78 qty=0.061580
[15:27:06.176] [EXEC] [EXEC] BUY TIMEOUT orderId=382557972
[15:27:06.181] [EXEC] [EXEC] CANCEL BUY orderId=382557972
[15:27:06.445] [EXEC] [EXEC] BUY CANCELED confirmed
[15:27:06.716] [EXEC] [EXEC] BUY FINAL STATUS status=CANCELED orderId=382557972
[15:27:06.720] [EXEC] [EXEC] BLOCK reason=buy_not_filled
[15:27:07.773] [EXEC] [EXEC] BUY ORDER SENT orderId=382559081 price=81253.37 qty=0.061530
[15:27:07.777] [EXEC] [EXEC] PLACE BUY price=81253.37 qty=0.061530
[15:27:09.844] [EXEC] [EXEC] BUY PARTIAL filled=0.061530 total=0.061530
[15:27:09.844] [EXEC] [EXEC] BUY REMAINING qty=0.000000
[15:27:09.851] [EXEC] [EXEC] POSITION qty=0.061530
[15:27:09.853] [EXEC] [EXEC] BUY FILLED id=382559081
[15:27:11.494] [EXEC] [EXEC] PLACE SELL price=81253.85 qty=0.061530
[15:27:11.767] [EXEC] [EXEC] SELL ORDER SENT orderId=382559383
[15:27:12.397] [EXEC] [EXEC] REALIZED pnl=+0.029534
[15:27:12.663] [EXEC] [EXEC] BUY ORDER SENT orderId=382559567 price=81247.70 qty=0.061540
[15:27:12.663] [EXEC] [EXEC] PLACE BUY price=81247.70 qty=0.061540
[15:27:17.386] [EXEC] [EXEC] BUY TIMEOUT orderId=382559567
[15:27:17.390] [EXEC] [EXEC] CANCEL BUY orderId=382559567
[15:27:17.683] [EXEC] [EXEC] BUY CANCELED confirmed
[15:27:17.949] [EXEC] [EXEC] BUY FINAL STATUS status=CANCELED orderId=382559567
[15:27:17.954] [EXEC] [EXEC] BLOCK reason=buy_not_filled
[15:27:19.694] [EXEC] [EXEC] BUY ORDER SENT orderId=382560333 price=81292.00 qty=0.061500
[15:27:19.712] [EXEC] [EXEC] PLACE BUY price=81292.00 qty=0.061500
[15:27:21.007] [EXEC] [EXEC] PLACE SELL price=81298.95 qty=0.061500
[15:27:21.272] [EXEC] [EXEC] SELL ORDER SENT orderId=382560496
[15:27:21.804] [EXEC] [EXEC] REALIZED pnl=+0.427425
[15:27:23.005] [EXEC] [EXEC] BUY ORDER SENT orderId=382560828 price=81293.32 qty=0.061500
[15:27:23.010] [EXEC] [EXEC] PLACE BUY price=81293.32 qty=0.061500
[15:27:26.949] [EXEC] [EXEC] BUY TIMEOUT orderId=382560828
[15:27:26.954] [EXEC] [EXEC] CANCEL BUY orderId=382560828
[15:27:27.273] [EXEC] [EXEC] BUY CANCELED confirmed
[15:27:27.694] [EXEC] [EXEC] BUY FINAL STATUS status=CANCELED orderId=382560828
[15:27:27.694] [EXEC] [EXEC] BLOCK reason=buy_not_filled
[15:27:28.847] [EXEC] [EXEC] BUY ORDER SENT orderId=382562421 price=81357.40 qty=0.061450
[15:27:28.850] [EXEC] [EXEC] PLACE BUY price=81357.40 qty=0.061450
[15:27:30.163] [EXEC] [EXEC] PLACE SELL price=81363.50 qty=0.061450
[15:27:30.489] [EXEC] [EXEC] SELL ORDER SENT orderId=382562593
[15:27:33.650] [EXEC] [EXEC] REALIZED pnl=+0.374845
[15:27:34.787] [EXEC] [EXEC] BUY ORDER SENT orderId=382563237 price=81378.14 qty=0.061440
[15:27:34.787] [EXEC] [EXEC] PLACE BUY price=81378.14 qty=0.061440
[15:27:38.513] [EXEC] [EXEC] PLACE SELL price=81382.76 qty=0.061440
[15:27:38.778] [EXEC] [EXEC] SELL ORDER SENT orderId=382563745
[15:27:39.585] [EXEC] [EXEC] SELL FILLED id=382563745
[15:27:39.603] [EXEC] [EXEC] SELL FILLED qty=0.061440 remaining=0.000000
[15:27:39.606] [EXEC] [EXEC] REALIZED pnl=+0.585523
[15:27:40.838] [EXEC] [EXEC] BUY ORDER SENT orderId=382564150 price=81388.01 qty=0.061430
[15:27:40.841] [EXEC] [EXEC] PLACE BUY price=81388.01 qty=0.061430
[15:27:42.348] [EXEC] [EXEC] PLACE SELL price=81390.77 qty=0.061430
[15:27:42.612] [EXEC] [EXEC] SELL ORDER SENT orderId=382564374
[15:27:44.131] [EXEC] [EXEC] SELL FILLED id=382564374
[15:27:44.135] [EXEC] [EXEC] SELL FILLED qty=0.061430 remaining=0.000000
[15:27:44.142] [EXEC] [EXEC] REALIZED pnl=+0.841683
[15:27:46.152] [EXEC] [EXEC] BUY ORDER SENT orderId=382564821 price=81364.98 qty=0.061450
[15:27:46.157] [EXEC] [EXEC] PLACE BUY price=81364.98 qty=0.061450
[15:27:47.963] [EXEC] [EXEC] PLACE SELL price=81367.99 qty=0.061450
[15:27:48.229] [EXEC] [EXEC] SELL ORDER SENT orderId=382565024
[15:27:48.427] [EXEC] [EXEC] RECOVERY WAIT hard_sl_pending_recovery
[15:27:50.434] [EXEC] [EXEC] RECOVERY WAIT hard_sl_pending_recovery
[15:27:51.536] [EXEC] [EXEC] SELL TIMEOUT orderId=382565024
[15:27:51.540] [EXEC] [EXEC] CANCEL SELL orderId=382565024
[15:27:52.121] [EXEC] [EXEC] SELL FINAL STATUS status=CANCELED orderId=382565024
[15:27:52.127] [EXEC] [EXEC] SAFE EXIT floor=81364.99
[15:27:52.130] [EXEC] [EXEC] SELL REPRICE old=81367.99 new=81367.98 count=1
[15:27:52.131] [EXEC] [EXEC] PLACE SELL price=81367.98 qty=0.061450
[15:27:52.875] [EXEC] [EXEC] SELL ORDER SENT orderId=382565436
[15:27:54.448] [EXEC] [EXEC] RECOVERY WAIT hard_sl_pending_recovery
[15:27:54.709] [EXEC] [EXEC] SELL FILLED id=382565436
[15:27:54.709] [EXEC] [EXEC] SELL FILLED qty=0.061450 remaining=0.000000
[15:27:54.709] [EXEC] [EXEC] REALIZED pnl=+0.184350
[15:27:55.627] [EXEC] [EXEC] BUY ORDER SENT orderId=382566141 price=81364.00 qty=0.061450
[15:27:55.631] [EXEC] [EXEC] PLACE BUY price=81364.00 qty=0.061450
[15:27:56.930] [EXEC] [EXEC] PLACE SELL price=81364.04 qty=0.061450
[15:27:57.198] [EXEC] [EXEC] SELL ORDER SENT orderId=382566356
[15:27:58.837] [EXEC] [EXEC] RECOVERY WAIT hard_sl_pending_recovery
[15:28:00.413] [EXEC] [EXEC] RECOVERY WAIT hard_sl_pending_recovery
[15:28:00.677] [EXEC] [EXEC] SELL TIMEOUT orderId=382566356
[15:28:00.682] [EXEC] [EXEC] CANCEL SELL orderId=382566356
[15:28:01.202] [EXEC] [EXEC] SELL FINAL STATUS status=CANCELED orderId=382566356
[15:28:01.207] [EXEC] [EXEC] SAFE EXIT floor=81364.01
[15:28:01.211] [EXEC] [EXEC] SELL REPRICE old=81364.04 new=81364.03 count=2
[15:28:01.216] [EXEC] [EXEC] PLACE SELL price=81364.03 qty=0.061450
[15:28:01.481] [EXEC] [EXEC] SELL ORDER SENT orderId=382566765
[15:28:02.492] [EXEC] [EXEC] REALIZED pnl=+0.001844
[15:28:02.867] [EXEC] [EXEC] BUY ORDER SENT orderId=382567038 price=81373.71 qty=0.061440
[15:28:02.872] [EXEC] [EXEC] PLACE BUY price=81373.71 qty=0.061440
[15:28:05.283] [EXEC] [EXEC] PLACE SELL price=81375.93 qty=0.061440
[15:28:05.695] [EXEC] [EXEC] SELL ORDER SENT orderId=382567438
[15:28:05.788] [EXEC] [EXEC] RECOVERY WAIT hard_sl_pending_recovery
[15:28:07.658] [EXEC] [EXEC] SELL FILLED id=382567438
[15:28:07.666] [EXEC] [EXEC] SELL FILLED qty=0.061440 remaining=0.000000
[15:28:07.669] [EXEC] [EXEC] REALIZED pnl=+0.136397
[15:28:08.912] [EXEC] [EXEC] BUY ORDER SENT orderId=382567763 price=81356.21 qty=0.061450
[15:28:08.916] [EXEC] [EXEC] PLACE BUY price=81356.21 qty=0.061450
[15:28:10.665] [EXEC] [EXEC] PLACE SELL price=81356.49 qty=0.061450
[15:28:11.002] [EXEC] [EXEC] SELL ORDER SENT orderId=382568121
[15:28:12.154] [EXEC] [EXEC] RECOVERY WAIT hard_sl_pending_recovery
[15:28:12.444] [EXEC] [EXEC] SELL FILLED id=382568121
[15:28:12.444] [EXEC] [EXEC] SELL FILLED qty=0.061450 remaining=0.000000
[15:28:12.444] [EXEC] [EXEC] REALIZED pnl=+0.017206
[15:28:13.006] [EXEC] [EXEC] BUY ORDER SENT orderId=382568434 price=81356.03 qty=0.061450
[15:28:13.006] [EXEC] [EXEC] PLACE BUY price=81356.03 qty=0.061450
[15:28:13.303] [EXEC] [EXEC] BUY PARTIAL filled=0.061450 total=0.061450
[15:28:13.303] [EXEC] [EXEC] BUY REMAINING qty=0.000000
[15:28:13.318] [EXEC] [EXEC] POSITION qty=0.061450
[15:28:13.318] [EXEC] [EXEC] BUY FILLED id=382568434
[15:28:15.477] [EXEC] [EXEC] PLACE SELL price=81356.07 qty=0.061450
[15:28:15.745] [EXEC] [EXEC] SELL ORDER SENT orderId=382568646
[15:28:15.856] [EXEC] [EXEC] RECOVERY WAIT hard_sl_pending_recovery
[15:28:18.913] [EXEC] [EXEC] SELL TIMEOUT orderId=382568646
[15:28:18.913] [EXEC] [EXEC] CANCEL SELL orderId=382568646
[15:28:19.445] [EXEC] [EXEC] SELL FINAL STATUS status=CANCELED orderId=382568646
[15:28:19.445] [EXEC] [EXEC] SAFE EXIT floor=81356.04
[15:28:19.445] [EXEC] [EXEC] SELL REPRICE old=81356.07 new=81356.06 count=1
[15:28:19.445] [EXEC] [EXEC] PLACE SELL price=81356.06 qty=0.061450
[15:28:19.719] [EXEC] [EXEC] SELL ORDER SENT orderId=382569237
[15:28:20.240] [EXEC] [EXEC] RECOVERY WAIT hard_sl_pending_recovery
[15:28:21.659] [EXEC] [EXEC] RECOVERY WAIT hard_sl_pending_recovery
[15:28:21.922] [EXEC] [EXEC] SELL TIMEOUT orderId=382569237
[15:28:21.926] [EXEC] [EXEC] CANCEL SELL orderId=382569237
[15:28:22.460] [EXEC] [EXEC] SELL FINAL STATUS status=CANCELED orderId=382569237
[15:28:22.460] [EXEC] [EXEC] SAFE EXIT floor=81356.04
[15:28:22.460] [EXEC] [EXEC] SELL REPRICE old=81356.06 new=81356.05 count=2
[15:28:22.460] [EXEC] [EXEC] PLACE SELL price=81356.05 qty=0.061450
[15:28:22.734] [EXEC] [EXEC] SELL ORDER SENT orderId=382569458
[15:28:23.787] [EXEC] [EXEC] RECOVERY WAIT hard_sl_pending_recovery
[15:28:25.226] [EXEC] [EXEC] SELL TIMEOUT orderId=382569458
[15:28:25.226] [EXEC] [EXEC] CANCEL SELL orderId=382569458
[15:28:25.761] [EXEC] [EXEC] SELL FINAL STATUS status=CANCELED orderId=382569458
[15:28:25.764] [EXEC] [EXEC] FORCE EXIT hard_sl_triggered
[15:28:25.766] [EXEC] [EXEC] HARD SL triggered
[15:28:25.768] [EXEC] [EXEC] PANIC EXIT sl_mode
[15:28:25.769] [EXEC] [EXEC] FORCE EXIT price=81300.81
[15:28:25.770] [EXEC] [EXEC] PLACE SELL price=81300.81 qty=0.061450
[15:28:26.035] [EXEC] [EXEC] PANIC START price=81300.81
[15:28:26.040] [EXEC] [EXEC] SELL ORDER SENT orderId=382569733
[15:28:27.071] [EXEC] [EXEC] REALIZED pnl=-3.393269
[15:28:27.426] [EXEC] [EXEC] BUY ORDER SENT orderId=382569919 price=81311.12 qty=0.061490
[15:28:27.430] [EXEC] [EXEC] PLACE BUY price=81311.12 qty=0.061490
[15:28:31.569] [EXEC] [EXEC] BUY TIMEOUT orderId=382569919
[15:28:31.573] [EXEC] [EXEC] CANCEL BUY orderId=382569919
[15:28:31.836] [EXEC] [EXEC] BUY CANCELED confirmed
[15:28:32.100] [EXEC] [EXEC] BUY FINAL STATUS status=CANCELED orderId=382569919
[15:28:32.100] [EXEC] [EXEC] BLOCK reason=buy_not_filled
[15:28:32.448] [EXEC] [EXEC] BUY ORDER SENT orderId=382570481 price=81336.30 qty=0.061470
[15:28:32.452] [EXEC] [EXEC] PLACE BUY price=81336.30 qty=0.061470
[15:29:07.506] [EXEC] [EXEC] LIVE ON
[15:29:07.506] [EXEC] [EXEC] WAIT READY
[15:29:08.058] [EXEC] [EXEC] BUY ORDER SENT orderId=382573774 price=81354.31 qty=0.061450
[15:29:08.064] [EXEC] [EXEC] PLACE BUY price=81354.31 qty=0.061450
[15:29:09.855] [EXEC] [EXEC] PLACE SELL price=81360.00 qty=0.061450
[15:29:10.125] [EXEC] [EXEC] SELL ORDER SENT orderId=382573919
[15:29:10.913] [EXEC] [EXEC] RECOVERY WAIT hard_sl_pending_recovery
[15:29:13.856] [EXEC] [EXEC] RECOVERY WAIT hard_sl_pending_recovery
[15:29:14.123] [EXEC] [EXEC] SELL TIMEOUT orderId=382573919
[15:29:14.125] [EXEC] [EXEC] CANCEL SELL orderId=382573919
[15:29:14.659] [EXEC] [EXEC] SELL FINAL STATUS status=CANCELED orderId=382573919
[15:29:14.663] [EXEC] [EXEC] SAFE EXIT floor=81354.32
[15:29:14.665] [EXEC] [EXEC] SELL REPRICE old=81360.00 new=81359.99 count=1
[15:29:14.666] [EXEC] [EXEC] PLACE SELL price=81359.99 qty=0.061450
[15:29:14.929] [EXEC] [EXEC] SELL ORDER SENT orderId=382574546
[15:29:16.007] [EXEC] [EXEC] RECOVERY WAIT hard_sl_pending_recovery
[15:29:16.288] [EXEC] [EXEC] SELL FILLED id=382574546
[15:29:16.288] [EXEC] [EXEC] SELL FILLED qty=0.061450 remaining=0.000000
[15:29:16.288] [EXEC] [EXEC] REALIZED pnl=+0.349036
[15:29:17.376] [EXEC] [EXEC] BUY ORDER SENT orderId=382574809 price=81356.01 qty=0.061450
[15:29:17.379] [EXEC] [EXEC] PLACE BUY price=81356.01 qty=0.061450
[15:29:20.490] [EXEC] [EXEC] BUY PARTIAL filled=0.061450 total=0.061450
[15:29:20.495] [EXEC] [EXEC] BUY REMAINING qty=0.000000
[15:29:20.500] [EXEC] [EXEC] POSITION qty=0.061450
[15:29:20.502] [EXEC] [EXEC] BUY FILLED id=382574809
[15:29:22.030] [EXEC] [EXEC] PLACE SELL price=81360.00 qty=0.061450
[15:29:22.309] [EXEC] [EXEC] SELL ORDER SENT orderId=382575256
[15:29:23.531] [EXEC] [EXEC] RECOVERY WAIT hard_sl_pending_recovery
[15:29:24.385] [EXEC] [EXEC] RECOVERY WAIT hard_sl_pending_recovery
[15:29:26.201] [EXEC] [EXEC] SELL TIMEOUT orderId=382575256
[15:29:26.201] [EXEC] [EXEC] CANCEL SELL orderId=382575256
[15:29:26.740] [EXEC] [EXEC] SELL FINAL STATUS status=CANCELED orderId=382575256
[15:29:26.740] [EXEC] [EXEC] SAFE EXIT floor=81356.02
[15:29:26.740] [EXEC] [EXEC] SELL REPRICE old=81360.00 new=81359.99 count=1
[15:29:26.740] [EXEC] [EXEC] PLACE SELL price=81359.99 qty=0.061450
[15:29:27.020] [EXEC] [EXEC] SELL ORDER SENT orderId=382575699
[15:29:28.662] [EXEC] [EXEC] RECOVERY WAIT hard_sl_pending_recovery
[15:29:28.942] [EXEC] [EXEC] SELL TIMEOUT orderId=382575699
[15:29:28.944] [EXEC] [EXEC] CANCEL SELL orderId=382575699
[15:29:29.470] [EXEC] [EXEC] SELL FINAL STATUS status=CANCELED orderId=382575699
[15:29:29.474] [EXEC] [EXEC] SAFE EXIT floor=81356.02
[15:29:29.475] [EXEC] [EXEC] SELL REPRICE old=81359.99 new=81359.98 count=2
[15:29:29.475] [EXEC] [EXEC] PLACE SELL price=81359.98 qty=0.061450
[15:29:29.742] [EXEC] [EXEC] SELL ORDER SENT orderId=382575943
[15:29:31.081] [EXEC] [EXEC] RECOVERY WAIT hard_sl_pending_recovery
[15:29:32.263] [EXEC] [EXEC] SELL TIMEOUT orderId=382575943
[15:29:32.266] [EXEC] [EXEC] CANCEL SELL orderId=382575943
[15:29:32.819] [EXEC] [EXEC] SELL FINAL STATUS status=CANCELED orderId=382575943
[15:29:32.819] [EXEC] [EXEC] FORCE EXIT hard_sl_triggered
[15:29:32.819] [EXEC] [EXEC] HARD SL triggered
[15:29:32.819] [EXEC] [EXEC] PANIC EXIT sl_mode
[15:29:32.819] [EXEC] [EXEC] FORCE EXIT price=81335.83
[15:29:32.819] [EXEC] [EXEC] PLACE SELL price=81335.83 qty=0.061450
[15:29:33.093] [EXEC] [EXEC] PANIC START price=81335.83
[15:29:33.095] [EXEC] [EXEC] SELL ORDER SENT orderId=382576313
[15:29:34.101] [EXEC] [EXEC] REALIZED pnl=-1.240061
[15:29:35.873] [EXEC] [EXEC] BUY ORDER SENT orderId=382576633 price=81336.87 qty=0.061470
[15:29:35.877] [EXEC] [EXEC] PLACE BUY price=81336.87 qty=0.061470
[15:29:37.429] [EXEC] [EXEC] PLACE SELL price=81339.97 qty=0.061470
[15:29:37.741] [EXEC] [EXEC] SELL ORDER SENT orderId=382576811
[15:29:38.720] [EXEC] [EXEC] SELL FILLED id=382576811
[15:29:38.724] [EXEC] [EXEC] SELL FILLED qty=0.061470 remaining=0.000000
[15:29:38.727] [EXEC] [EXEC] REALIZED pnl=+0.190557
[15:29:38.729] [EXEC] [EXEC] PANIC FILLED
[15:29:38.731] [EXEC] [EXEC] PANIC RESET
[15:29:39.793] [EXEC] [EXEC] BUY ORDER SENT orderId=382576934 price=81334.76 qty=0.061470
[15:29:39.798] [EXEC] [EXEC] PLACE BUY price=81334.76 qty=0.061470
[15:29:41.702] [EXEC] [EXEC] PLACE SELL price=81334.80 qty=0.061470
[15:29:41.965] [EXEC] [EXEC] SELL ORDER SENT orderId=382577175
[15:29:42.662] [EXEC] [EXEC] RECOVERY WAIT hard_sl_pending_recovery
[15:29:44.683] [EXEC] [EXEC] RECOVERY WAIT hard_sl_pending_recovery
[15:29:44.947] [EXEC] [EXEC] SELL TIMEOUT orderId=382577175
[15:29:44.948] [EXEC] [EXEC] CANCEL SELL orderId=382577175
[15:29:45.473] [EXEC] [EXEC] SELL FINAL STATUS status=CANCELED orderId=382577175
[15:29:45.477] [EXEC] [EXEC] FORCE EXIT hard_sl_triggered
[15:29:45.478] [EXEC] [EXEC] HARD SL triggered
[15:29:45.479] [EXEC] [EXEC] PANIC EXIT sl_mode
[15:29:45.480] [EXEC] [EXEC] FORCE EXIT price=81325.41
[15:29:45.481] [EXEC] [EXEC] PLACE SELL price=81325.41 qty=0.061470
[15:29:46.223] [EXEC] [EXEC] PANIC START price=81325.41
[15:29:46.227] [EXEC] [EXEC] SELL ORDER SENT orderId=382577447
[15:29:48.521] [EXEC] [EXEC] PANIC WAIT still_open orderId=382577447
[15:29:48.527] [EXEC] [EXEC] PANIC HOLD active orderId=382577447
[15:29:48.865] [EXEC] [EXEC] PANIC HOLD active orderId=382577447
[15:29:50.960] [EXEC] [EXEC] REALIZED pnl=-0.574744
[15:29:52.507] [EXEC] [EXEC] BUY ORDER SENT orderId=382578056 price=81321.59 qty=0.061480
[15:29:52.507] [EXEC] [EXEC] PLACE BUY price=81321.59 qty=0.061480
[15:29:54.114] [EXEC] [EXEC] PLACE SELL price=81327.10 qty=0.061480
[15:29:54.365] [EXEC] [EXEC] SELL ORDER SENT orderId=382578186
[15:29:57.570] [EXEC] [EXEC] PANIC WAIT still_open orderId=382578186
[15:29:57.574] [EXEC] [EXEC] PANIC HOLD active orderId=382578186
[15:29:59.895] [EXEC] [EXEC] REALIZED pnl=+0.338755
[15:30:00.646] [EXEC] [EXEC] BUY ORDER SENT orderId=382578741 price=81316.00 qty=0.061480
[15:30:00.646] [EXEC] [EXEC] PLACE BUY price=81316.00 qty=0.061480
[15:30:03.019] [EXEC] [EXEC] PLACE SELL price=81328.00 qty=0.061480
[15:30:03.297] [EXEC] [EXEC] SELL ORDER SENT orderId=382579109
[15:30:05.100] [EXEC] [EXEC] SELL FILLED id=382579109
[15:30:05.100] [EXEC] [EXEC] SELL FILLED qty=0.061480 remaining=0.000000
[15:30:05.100] [EXEC] [EXEC] REALIZED pnl=+0.737760
[15:30:05.100] [EXEC] [EXEC] PANIC FILLED
[15:30:05.100] [EXEC] [EXEC] PANIC RESET
[15:30:05.887] [EXEC] [EXEC] BUY ORDER SENT orderId=382579421 price=81324.01 qty=0.061480
[15:30:05.890] [EXEC] [EXEC] PLACE BUY price=81324.01 qty=0.061480
[15:30:07.226] [EXEC] [EXEC] PLACE SELL price=81325.02 qty=0.061480
[15:30:07.497] [EXEC] [EXEC] SELL ORDER SENT orderId=382579616
[15:30:08.378] [EXEC] [EXEC] SELL FILLED id=382579616
[15:30:08.382] [EXEC] [EXEC] SELL FILLED qty=0.061480 remaining=0.000000
[15:30:08.383] [EXEC] [EXEC] REALIZED pnl=+0.062095
[15:30:10.118] [EXEC] [EXEC] BUY ORDER SENT orderId=382579814 price=81327.53 qty=0.061470
[15:30:10.121] [EXEC] [EXEC] PLACE BUY price=81327.53 qty=0.061470
[15:30:15.125] [EXEC] [EXEC] BUY TIMEOUT orderId=382579814
[15:30:15.125] [EXEC] [EXEC] CANCEL BUY orderId=382579814
[15:30:15.399] [EXEC] [EXEC] BUY CANCELED confirmed
[15:30:15.663] [EXEC] [EXEC] BUY FINAL STATUS status=CANCELED orderId=382579814
[15:30:15.663] [EXEC] [EXEC] BLOCK reason=buy_not_filled
[15:30:17.882] [EXEC] [EXEC] BUY ORDER SENT orderId=382580480 price=81348.01 qty=0.061460
[15:30:17.886] [EXEC] [EXEC] PLACE BUY price=81348.01 qty=0.061460
[15:30:18.454] [EXEC] [EXEC] BUY PARTIAL filled=0.061460 total=0.061460
[15:30:18.458] [EXEC] [EXEC] BUY REMAINING qty=0.000000
[15:30:18.459] [EXEC] [EXEC] POSITION qty=0.061460
[15:30:18.462] [EXEC] [EXEC] BUY FILLED id=382580480
[15:30:19.974] [EXEC] [EXEC] PLACE SELL price=81347.64 qty=0.061460
[15:30:20.240] [EXEC] [EXEC] SELL ORDER SENT orderId=382580762
[15:30:21.662] [EXEC] [EXEC] RECOVERY WAIT hard_sl_pending_recovery
[15:30:23.717] [EXEC] [EXEC] SELL TIMEOUT orderId=382580762
[15:30:23.721] [EXEC] [EXEC] CANCEL SELL orderId=382580762
[15:30:24.263] [EXEC] [EXEC] SELL FINAL STATUS status=CANCELED orderId=382580762
[15:30:24.267] [EXEC] [EXEC] SAFE EXIT floor=81347.61
[15:30:24.270] [EXEC] [EXEC] SELL REPRICE old=81347.64 new=81347.63 count=1
[15:30:24.273] [EXEC] [EXEC] PLACE SELL price=81347.63 qty=0.061460
[15:30:24.540] [EXEC] [EXEC] SELL ORDER SENT orderId=382581145
[15:30:25.194] [EXEC] [EXEC] RECOVERY WAIT hard_sl_pending_recovery
[15:30:27.805] [EXEC] [EXEC] SELL TIMEOUT orderId=382581145
[15:30:27.809] [EXEC] [EXEC] CANCEL SELL orderId=382581145
[15:30:28.334] [EXEC] [EXEC] SELL FINAL STATUS status=CANCELED orderId=382581145
[15:30:28.334] [EXEC] [EXEC] SAFE EXIT floor=81347.61
[15:30:28.334] [EXEC] [EXEC] SELL REPRICE old=81347.63 new=81347.62 count=2
[15:30:28.334] [EXEC] [EXEC] PLACE SELL price=81347.62 qty=0.061460
[15:30:28.609] [EXEC] [EXEC] SELL ORDER SENT orderId=382581543
[15:30:28.629] [EXEC] [EXEC] RECOVERY WAIT hard_sl_pending_recovery
[15:30:31.247] [EXEC] [EXEC] SELL FILLED id=382581543
[15:30:31.251] [EXEC] [EXEC] SELL FILLED qty=0.061460 remaining=0.000000
[15:30:31.253] [EXEC] [EXEC] REALIZED pnl=+0.000792
[15:30:32.044] [EXEC] [EXEC] BUY ORDER SENT orderId=382581940 price=81340.90 qty=0.061460
[15:30:32.047] [EXEC] [EXEC] PLACE BUY price=81340.90 qty=0.061460
[15:30:36.795] [EXEC] [EXEC] BUY TIMEOUT orderId=382581940
[15:30:36.799] [EXEC] [EXEC] CANCEL BUY orderId=382581940
[15:30:37.066] [EXEC] [EXEC] BUY CANCELED confirmed
[15:30:37.331] [EXEC] [EXEC] BUY FINAL STATUS status=CANCELED orderId=382581940
[15:30:37.335] [EXEC] [EXEC] BLOCK reason=buy_not_filled
[15:30:38.366] [EXEC] [EXEC] BUY ORDER SENT orderId=382582726 price=81349.77 qty=0.061460
[15:30:38.366] [EXEC] [EXEC] PLACE BUY price=81349.77 qty=0.061460
[15:30:39.961] [EXEC] [EXEC] PLACE SELL price=81356.41 qty=0.061460
[15:30:40.230] [EXEC] [EXEC] SELL ORDER SENT orderId=382582880
[15:30:41.537] [EXEC] [EXEC] RECOVERY WAIT hard_sl_pending_recovery
[15:30:43.835] [EXEC] [EXEC] SELL TIMEOUT orderId=382582880
[15:30:43.838] [EXEC] [EXEC] CANCEL SELL orderId=382582880
[15:30:44.364] [EXEC] [EXEC] SELL FINAL STATUS status=CANCELED orderId=382582880
[15:30:44.368] [EXEC] [EXEC] FORCE EXIT hard_sl_triggered
[15:30:44.370] [EXEC] [EXEC] HARD SL triggered
[15:30:44.371] [EXEC] [EXEC] PANIC EXIT sl_mode
[15:30:44.372] [EXEC] [EXEC] FORCE EXIT price=81344.99
[15:30:44.372] [EXEC] [EXEC] PLACE SELL price=81344.99 qty=0.061460
[15:30:44.631] [EXEC] [EXEC] PANIC START price=81344.99
[15:30:44.631] [EXEC] [EXEC] SELL ORDER SENT orderId=382583235
[15:30:47.350] [EXEC] [EXEC] PANIC WAIT still_open orderId=382583235
[15:30:47.365] [EXEC] [EXEC] PANIC HOLD active orderId=382583235
[15:30:48.768] [EXEC] [EXEC] PANIC HOLD active orderId=382583235
[15:30:50.162] [EXEC] [EXEC] PANIC HOLD active orderId=382583235
[15:30:51.208] [EXEC] [EXEC] SELL FILLED id=382583235
[15:30:51.212] [EXEC] [EXEC] SELL FILLED qty=0.061460 remaining=0.000000
[15:30:51.214] [EXEC] [EXEC] REALIZED pnl=-0.293779
[15:30:51.215] [EXEC] [EXEC] PANIC FILLED
[15:30:51.217] [EXEC] [EXEC] PANIC RESET
[15:30:53.163] [EXEC] [EXEC] BUY ORDER SENT orderId=382584328 price=81342.57 qty=0.061460
[15:30:53.163] [EXEC] [EXEC] PLACE BUY price=81342.57 qty=0.061460
[15:30:57.226] [EXEC] [EXEC] BUY TIMEOUT orderId=382584328
[15:30:57.226] [EXEC] [EXEC] CANCEL BUY orderId=382584328
[15:30:57.499] [EXEC] [EXEC] BUY CANCELED confirmed
[15:30:57.756] [EXEC] [EXEC] BUY FINAL STATUS status=CANCELED orderId=382584328
[15:30:57.772] [EXEC] [EXEC] BLOCK reason=buy_not_filled
[15:31:00.460] [EXEC] [EXEC] BUY ORDER SENT orderId=382584748 price=81348.01 qty=0.061460
[15:31:00.463] [EXEC] [EXEC] PLACE BUY price=81348.01 qty=0.061460
[15:31:05.022] [EXEC] [EXEC] BUY TIMEOUT orderId=382584748
[15:31:05.026] [EXEC] [EXEC] CANCEL BUY orderId=382584748
[15:31:05.289] [EXEC] [EXEC] BUY CANCELED confirmed
[15:31:05.559] [EXEC] [EXEC] BUY FINAL STATUS status=CANCELED orderId=382584748
[15:31:05.562] [EXEC] [EXEC] BLOCK reason=buy_not_filled
[15:31:06.382] [EXEC] [EXEC] BUY ORDER SENT orderId=382585331 price=81388.35 qty=0.061430
[15:31:06.386] [EXEC] [EXEC] PLACE BUY price=81388.35 qty=0.061430
[15:31:07.695] [EXEC] [EXEC] PLACE SELL price=81393.08 qty=0.061430
[15:31:07.960] [EXEC] [EXEC] SELL ORDER SENT orderId=382585419
[15:31:09.012] [EXEC] [EXEC] REALIZED pnl=+0.290564
[15:31:10.190] [EXEC] [EXEC] BUY ORDER SENT orderId=382585774 price=81380.00 qty=0.061440
[15:31:10.192] [EXEC] [EXEC] PLACE BUY price=81380.00 qty=0.061440
[15:31:10.787] [EXEC] [EXEC] BUY PARTIAL filled=0.061440 total=0.061440
[15:31:10.805] [EXEC] [EXEC] BUY REMAINING qty=0.000000
[15:31:10.807] [EXEC] [EXEC] POSITION qty=0.061440
[15:31:10.811] [EXEC] [EXEC] BUY FILLED id=382585774
[15:31:12.290] [EXEC] [EXEC] PLACE SELL price=81382.84 qty=0.061440
[15:31:12.555] [EXEC] [EXEC] SELL ORDER SENT orderId=382586084
[15:31:13.350] [EXEC] [EXEC] RECOVERY WAIT hard_sl_pending_recovery
[15:31:13.632] [EXEC] [EXEC] SELL FILLED id=382586084
[15:31:13.636] [EXEC] [EXEC] SELL FILLED qty=0.061440 remaining=0.000000
[15:31:13.638] [EXEC] [EXEC] REALIZED pnl=+0.174490
[15:31:14.883] [EXEC] [EXEC] BUY ORDER SENT orderId=382586267 price=81375.30 qty=0.061440
[15:31:14.885] [EXEC] [EXEC] PLACE BUY price=81375.30 qty=0.061440
[15:31:19.991] [EXEC] [EXEC] BUY TIMEOUT orderId=382586267
[15:31:19.991] [EXEC] [EXEC] CANCEL BUY orderId=382586267
[15:31:20.366] [EXEC] [EXEC] BUY CANCELED confirmed
[15:31:20.663] [EXEC] [EXEC] BUY FINAL STATUS status=CANCELED orderId=382586267
[15:31:20.663] [EXEC] [EXEC] BLOCK reason=buy_not_filled
[15:31:22.476] [EXEC] [EXEC] BUY ORDER SENT orderId=382586814 price=81388.00 qty=0.061430
[15:31:22.479] [EXEC] [EXEC] PLACE BUY price=81388.00 qty=0.061430
[15:31:23.741] [EXEC] [EXEC] PLACE SELL price=81388.04 qty=0.061430
[15:31:24.007] [EXEC] [EXEC] SELL ORDER SENT orderId=382586973
[15:31:25.336] [EXEC] [EXEC] RECOVERY WAIT hard_sl_pending_recovery
[15:31:26.144] [EXEC] [EXEC] REALIZED pnl=+0.002457
[15:31:27.396] [EXEC] [EXEC] BUY ORDER SENT orderId=382587220 price=81385.00 qty=0.061430
[15:31:27.401] [EXEC] [EXEC] PLACE BUY price=81385.00 qty=0.061430
[15:31:28.740] [EXEC] [EXEC] BUY PARTIAL filled=0.061430 total=0.061430
[15:31:28.740] [EXEC] [EXEC] BUY REMAINING qty=0.000000
[15:31:28.740] [EXEC] [EXEC] POSITION qty=0.061430
[15:31:28.740] [EXEC] [EXEC] BUY FILLED id=382587220
[15:31:29.428] [EXEC] [EXEC] PLACE SELL price=81389.44 qty=0.061430
[15:31:29.694] [EXEC] [EXEC] SELL ORDER SENT orderId=382587381
[15:31:32.038] [EXEC] [EXEC] RECOVERY WAIT hard_sl_pending_recovery
[15:31:33.804] [EXEC] [EXEC] SELL TIMEOUT orderId=382587381
[15:31:33.804] [EXEC] [EXEC] CANCEL SELL orderId=382587381
[15:31:34.376] [EXEC] [EXEC] SELL FINAL STATUS status=CANCELED orderId=382587381
[15:31:34.380] [EXEC] [EXEC] SAFE EXIT floor=81385.01
[15:31:34.382] [EXEC] [EXEC] SELL REPRICE old=81389.44 new=81389.43 count=1
[15:31:34.385] [EXEC] [EXEC] PLACE SELL price=81389.43 qty=0.061430
[15:31:34.657] [EXEC] [EXEC] SELL ORDER SENT orderId=382587704
[15:31:34.772] [EXEC] [EXEC] RECOVERY WAIT hard_sl_pending_recovery
[15:31:36.060] [EXEC] [EXEC] REALIZED pnl=+0.272135
[15:31:36.601] [EXEC] [EXEC] BUY ORDER SENT orderId=382587887 price=81380.84 qty=0.061430
[15:31:36.601] [EXEC] [EXEC] PLACE BUY price=81380.84 qty=0.061430
[15:31:41.299] [EXEC] [EXEC] BUY TIMEOUT orderId=382587887
[15:31:41.303] [EXEC] [EXEC] CANCEL BUY orderId=382587887
[15:31:41.573] [EXEC] [EXEC] BUY CANCELED confirmed
[15:31:41.846] [EXEC] [EXEC] BUY FINAL STATUS status=CANCELED orderId=382587887
[15:31:41.849] [EXEC] [EXEC] BLOCK reason=buy_not_filled
[15:31:43.862] [EXEC] [EXEC] BUY ORDER SENT orderId=382588536 price=81391.82 qty=0.061430
[15:31:43.866] [EXEC] [EXEC] PLACE BUY price=81391.82 qty=0.061430
[15:31:45.397] [EXEC] [EXEC] BUY PARTIAL filled=0.061350 total=0.061350
[15:31:45.415] [EXEC] [EXEC] BUY REMAINING qty=0.000080
[15:31:45.417] [EXEC] [EXEC] POSITION qty=0.061350
[15:31:47.772] [EXEC] [EXEC] PLACE SELL price=81415.99 qty=0.061350
[15:31:48.047] [EXEC] [EXEC] SELL ORDER SENT orderId=382588935
[15:31:48.617] [EXEC] [EXEC] REALIZED pnl=+1.482829
[15:31:51.335] [EXEC] [EXEC] BUY ORDER SENT orderId=382589274 price=81399.23 qty=0.061420
[15:31:51.351] [EXEC] [EXEC] PLACE BUY price=81399.23 qty=0.061420
[15:31:53.553] [EXEC] [EXEC] PLACE SELL price=81407.99 qty=0.061420
[15:31:53.840] [EXEC] [EXEC] SELL ORDER SENT orderId=382589561
[15:31:54.971] [EXEC] [EXEC] RECOVERY WAIT hard_sl_pending_recovery
[15:31:56.740] [EXEC] [EXEC] RECOVERY WAIT hard_sl_pending_recovery
[15:31:57.005] [EXEC] [EXEC] SELL TIMEOUT orderId=382589561
[15:31:57.008] [EXEC] [EXEC] CANCEL SELL orderId=382589561
[15:31:57.549] [EXEC] [EXEC] SELL FINAL STATUS status=CANCELED orderId=382589561
[15:31:57.552] [EXEC] [EXEC] SAFE EXIT floor=81399.24
[15:31:57.553] [EXEC] [EXEC] SELL REPRICE old=81407.99 new=81407.98 count=2
[15:31:57.553] [EXEC] [EXEC] PLACE SELL price=81407.98 qty=0.061420
[15:31:57.826] [EXEC] [EXEC] SELL ORDER SENT orderId=382589910
[15:31:58.521] [EXEC] [EXEC] RECOVERY WAIT hard_sl_pending_recovery
[15:31:59.600] [EXEC] [EXEC] SELL TIMEOUT orderId=382589910
[15:31:59.600] [EXEC] [EXEC] CANCEL SELL orderId=382589910
[15:32:00.151] [EXEC] [EXEC] SELL FINAL STATUS status=CANCELED orderId=382589910
[15:32:00.153] [EXEC] [EXEC] FORCE EXIT hard_sl_triggered
[15:32:00.155] [EXEC] [EXEC] HARD SL triggered
[15:32:00.157] [EXEC] [EXEC] PANIC EXIT sl_mode
[15:32:00.158] [EXEC] [EXEC] FORCE EXIT price=81374.58
[15:32:00.160] [EXEC] [EXEC] PLACE SELL price=81374.58 qty=0.061420
[15:32:00.427] [EXEC] [EXEC] PANIC START price=81374.58
[15:32:00.427] [EXEC] [EXEC] SELL ORDER SENT orderId=382590327
[15:32:02.099] [EXEC] [EXEC] PANIC WAIT still_open orderId=382590327
[15:32:02.099] [EXEC] [EXEC] PANIC HOLD active orderId=382590327
[15:32:05.899] [EXEC] [EXEC] PANIC WAIT still_open orderId=382590327
[15:32:05.902] [EXEC] [EXEC] PANIC HOLD active orderId=382590327
[15:32:07.299] [EXEC] [EXEC] PANIC HOLD active orderId=382590327
[15:32:09.366] [EXEC] [EXEC] PANIC WAIT still_open orderId=382590327
[15:32:09.384] [EXEC] [EXEC] PANIC HOLD active orderId=382590327
[15:32:12.004] [EXEC] [EXEC] PANIC HOLD active orderId=382590327
[15:32:12.942] [EXEC] [EXEC] PANIC WAIT still_open orderId=382590327
[15:32:12.947] [EXEC] [EXEC] PANIC HOLD active orderId=382590327
[15:32:16.163] [EXEC] [EXEC] PANIC WAIT still_open orderId=382590327
[15:32:16.163] [EXEC] [EXEC] PANIC HOLD active orderId=382590327
[15:32:16.599] [EXEC] [EXEC] PANIC HOLD active orderId=382590327
[15:32:19.970] [EXEC] [EXEC] PANIC WAIT still_open orderId=382590327
[15:32:19.973] [EXEC] [EXEC] PANIC HOLD active orderId=382590327
[15:32:21.000] [EXEC] [EXEC] PANIC HOLD active orderId=382590327
[15:32:24.917] [EXEC] [EXEC] PANIC WAIT still_open orderId=382590327
[15:32:24.920] [EXEC] [EXEC] PANIC HOLD active orderId=382590327
[15:32:26.022] [EXEC] [EXEC] PANIC HOLD active orderId=382590327
[15:32:29.193] [EXEC] [EXEC] PANIC WAIT still_open orderId=382590327
[15:32:29.193] [EXEC] [EXEC] PANIC HOLD active orderId=382590327
[15:32:31.285] [EXEC] [EXEC] PANIC HOLD active orderId=382590327
[15:32:32.710] [EXEC] [EXEC] PANIC WAIT still_open orderId=382590327
[15:32:32.710] [EXEC] [EXEC] PANIC HOLD active orderId=382590327
[15:32:35.627] [EXEC] [EXEC] PANIC HOLD active orderId=382590327
[15:32:36.397] [EXEC] [EXEC] PANIC WAIT still_open orderId=382590327
[15:32:36.397] [EXEC] [EXEC] PANIC HOLD active orderId=382590327
[15:32:39.233] [EXEC] [EXEC] PANIC HOLD active orderId=382590327
[15:32:40.822] [EXEC] [EXEC] PANIC WAIT still_open orderId=382590327
[15:32:40.825] [EXEC] [EXEC] PANIC HOLD active orderId=382590327
[15:32:44.425] [EXEC] [EXEC] PANIC WAIT still_open orderId=382590327
[15:32:44.428] [EXEC] [EXEC] PANIC HOLD active orderId=382590327
[15:32:45.908] [EXEC] [EXEC] PANIC HOLD active orderId=382590327
[15:32:46.788] [EXEC] [EXEC] PANIC HOLD active orderId=382590327
[15:32:48.361] [EXEC] [EXEC] PANIC WAIT still_open orderId=382590327
[15:32:48.365] [EXEC] [EXEC] PANIC HOLD active orderId=382590327
[15:32:51.978] [EXEC] [EXEC] PANIC WAIT still_open orderId=382590327
[15:32:51.982] [EXEC] [EXEC] PANIC HOLD active orderId=382590327
[15:32:53.476] [EXEC] [EXEC] PANIC HOLD active orderId=382590327
[15:32:54.320] [EXEC] [EXEC] PANIC HOLD active orderId=382590327
[15:32:55.887] [EXEC] [EXEC] PANIC WAIT still_open orderId=382590327
[15:32:55.890] [EXEC] [EXEC] PANIC HOLD active orderId=382590327
[15:32:59.038] [EXEC] [EXEC] PANIC WAIT still_open orderId=382590327
[15:32:59.043] [EXEC] [EXEC] PANIC HOLD active orderId=382590327
[15:33:00.921] [EXEC] [EXEC] PANIC HOLD active orderId=382590327
[15:33:02.822] [EXEC] [EXEC] PANIC WAIT still_open orderId=382590327
[15:33:02.825] [EXEC] [EXEC] PANIC HOLD active orderId=382590327
[15:33:05.958] [EXEC] [EXEC] PANIC WAIT still_open orderId=382590327
[15:33:05.959] [EXEC] [EXEC] PANIC HOLD active orderId=382590327
[15:33:11.163] [EXEC] [EXEC] PANIC WAIT still_open orderId=382590327
[15:33:11.163] [EXEC] [EXEC] PANIC HOLD active orderId=382590327
[15:33:11.968] [EXEC] [EXEC] PANIC HOLD active orderId=382590327
[15:33:13.554] [EXEC] [EXEC] PANIC HOLD active orderId=382590327
[15:33:15.595] [EXEC] [EXEC] PANIC WAIT still_open orderId=382590327
[15:33:15.598] [EXEC] [EXEC] PANIC HOLD active orderId=382590327
[15:33:17.647] [EXEC] [EXEC] PANIC HOLD active orderId=382590327
[15:33:20.043] [EXEC] [EXEC] PANIC WAIT still_open orderId=382590327
[15:33:20.048] [EXEC] [EXEC] PANIC HOLD active orderId=382590327
[15:33:23.171] [EXEC] [EXEC] PANIC WAIT still_open orderId=382590327
[15:33:23.174] [EXEC] [EXEC] PANIC HOLD active orderId=382590327
[15:33:26.951] [EXEC] [EXEC] STOP canceled panic order, position remains open
[15:39:16.741] [EXEC] [EXEC] LIVE ON
[15:39:16.741] [EXEC] [EXEC] WAIT READY
[15:39:24.460] [EXEC] [EXEC] BUY ORDER SENT orderId=382622987 price=81230.83 qty=0.061550
[15:39:24.460] [EXEC] [EXEC] PLACE BUY price=81230.83 qty=0.061550
[15:39:29.413] [EXEC] [EXEC] BUY TIMEOUT orderId=382622987
[15:39:29.413] [EXEC] [EXEC] CANCEL BUY orderId=382622987
[15:39:29.684] [EXEC] [EXEC] BUY CANCELED confirmed
[15:39:29.950] [EXEC] [EXEC] BUY FINAL STATUS status=CANCELED orderId=382622987
[15:39:29.953] [EXEC] [EXEC] BLOCK reason=buy_not_filled
[15:39:41.524] [EXEC] [EXEC] BUY ORDER SENT orderId=382623701 price=81243.45 qty=0.061540
[15:39:41.529] [EXEC] [EXEC] PLACE BUY price=81243.45 qty=0.061540
[15:39:45.301] [EXEC] [EXEC] BUY TIMEOUT orderId=382623701
[15:39:45.304] [EXEC] [EXEC] CANCEL BUY orderId=382623701
[15:39:45.588] [EXEC] [EXEC] BUY CANCELED confirmed
[15:39:45.850] [EXEC] [EXEC] BUY FINAL STATUS status=CANCELED orderId=382623701
[15:39:45.856] [EXEC] [EXEC] BLOCK reason=buy_not_filled
[15:39:50.162] [EXEC] [EXEC] BUY ORDER SENT orderId=382624149 price=81261.52 qty=0.061520
[15:39:50.167] [EXEC] [EXEC] PLACE BUY price=81261.52 qty=0.061520
[15:39:51.006] [EXEC] [EXEC] BUY PARTIAL filled=0.061520 total=0.061520
[15:39:51.006] [EXEC] [EXEC] BUY REMAINING qty=0.000000
[15:39:51.006] [EXEC] [EXEC] POSITION qty=0.061520
[15:39:51.006] [EXEC] [EXEC] BUY FILLED id=382624149
[15:39:51.646] [EXEC] [EXEC] PLACE SELL price=81261.56 qty=0.061520
[15:39:51.911] [EXEC] [EXEC] SELL ORDER SENT orderId=382624273
[15:39:53.241] [EXEC] [EXEC] REALIZED pnl=+0.002461
[15:40:01.038] [EXEC] [EXEC] BUY ORDER SENT orderId=382624538 price=81260.00 qty=0.061530
[15:40:01.042] [EXEC] [EXEC] PLACE BUY price=81260.00 qty=0.061530
[15:40:01.679] [EXEC] [EXEC] PLACE SELL price=81262.08 qty=0.061530
[15:40:01.988] [EXEC] [EXEC] SELL ORDER SENT orderId=382624582
[15:40:03.341] [EXEC] [EXEC] REALIZED pnl=+0.127982
[15:40:04.028] [EXEC] [EXEC] BUY ORDER SENT orderId=382624823 price=81261.89 qty=0.061520
[15:40:04.033] [EXEC] [EXEC] PLACE BUY price=81261.89 qty=0.061520
[15:40:05.527] [EXEC] [EXEC] BUY PARTIAL filled=0.061520 total=0.061520
[15:40:05.530] [EXEC] [EXEC] BUY REMAINING qty=0.000000
[15:40:05.531] [EXEC] [EXEC] POSITION qty=0.061520
[15:40:05.532] [EXEC] [EXEC] BUY FILLED id=382624823
[15:40:07.055] [EXEC] [EXEC] PLACE SELL price=81261.93 qty=0.061520
[15:40:07.322] [EXEC] [EXEC] SELL ORDER SENT orderId=382625273
[15:40:07.345] [EXEC] [EXEC] RECOVERY WAIT hard_sl_pending_recovery
[15:40:10.475] [EXEC] [EXEC] RECOVERY WAIT hard_sl_pending_recovery
[15:40:10.743] [EXEC] [EXEC] SELL TIMEOUT orderId=382625273
[15:40:10.746] [EXEC] [EXEC] CANCEL SELL orderId=382625273
[15:40:11.320] [EXEC] [EXEC] SELL FINAL STATUS status=CANCELED orderId=382625273
[15:40:11.324] [EXEC] [EXEC] SAFE EXIT floor=81261.90
[15:40:11.327] [EXEC] [EXEC] SELL REPRICE old=81261.93 new=81261.92 count=1
[15:40:11.329] [EXEC] [EXEC] PLACE SELL price=81261.92 qty=0.061520
[15:40:11.610] [EXEC] [EXEC] SELL ORDER SENT orderId=382625384
[15:40:13.632] [EXEC] [EXEC] RECOVERY WAIT hard_sl_pending_recovery
[15:40:13.894] [EXEC] [EXEC] SELL TIMEOUT orderId=382625384
[15:40:13.898] [EXEC] [EXEC] CANCEL SELL orderId=382625384
[15:40:14.430] [EXEC] [EXEC] SELL FINAL STATUS status=CANCELED orderId=382625384
[15:40:14.434] [EXEC] [EXEC] SAFE EXIT floor=81261.90
[15:40:14.438] [EXEC] [EXEC] SELL REPRICE old=81261.92 new=81261.91 count=2
[15:40:14.440] [EXEC] [EXEC] PLACE SELL price=81261.91 qty=0.061520
[15:40:14.713] [EXEC] [EXEC] SELL ORDER SENT orderId=382625598
[15:40:16.386] [EXEC] [EXEC] RECOVERY WAIT hard_sl_pending_recovery
[15:40:16.657] [EXEC] [EXEC] SELL TIMEOUT orderId=382625598
[15:40:16.661] [EXEC] [EXEC] CANCEL SELL orderId=382625598
[15:40:17.226] [EXEC] [EXEC] SELL FINAL STATUS status=CANCELED orderId=382625598
[15:40:17.242] [EXEC] [EXEC] FORCE EXIT hard_sl_triggered
[15:40:17.243] [EXEC] [EXEC] HARD SL triggered
[15:40:17.244] [EXEC] [EXEC] PANIC EXIT sl_mode
[15:40:17.245] [EXEC] [EXEC] FORCE EXIT price=81255.79
[15:40:17.246] [EXEC] [EXEC] PLACE SELL price=81255.79 qty=0.061520
[15:40:17.513] [EXEC] [EXEC] PANIC START price=81255.79
[15:40:17.516] [EXEC] [EXEC] SELL ORDER SENT orderId=382625642
[15:40:21.033] [EXEC] [EXEC] PANIC WAIT still_open orderId=382625642
[15:40:21.037] [EXEC] [EXEC] PANIC HOLD active orderId=382625642
[15:40:23.038] [EXEC] [EXEC] SELL FILLED id=382625642
[15:40:23.042] [EXEC] [EXEC] SELL FILLED qty=0.061520 remaining=0.000000
[15:40:23.044] [EXEC] [EXEC] REALIZED pnl=-0.375272
[15:40:23.046] [EXEC] [EXEC] PANIC FILLED
[15:40:23.047] [EXEC] [EXEC] PANIC RESET
[15:40:25.711] [EXEC] [EXEC] BUY ORDER SENT orderId=382626100 price=81259.96 qty=0.061530
[15:40:25.715] [EXEC] [EXEC] PLACE BUY price=81259.96 qty=0.061530
[15:40:29.650] [EXEC] [EXEC] BUY TIMEOUT orderId=382626100
[15:40:29.653] [EXEC] [EXEC] CANCEL BUY orderId=382626100
[15:40:29.916] [EXEC] [EXEC] BUY CANCELED confirmed
[15:40:30.178] [EXEC] [EXEC] BUY FINAL STATUS status=CANCELED orderId=382626100
[15:40:30.178] [EXEC] [EXEC] BLOCK reason=buy_not_filled
[15:40:31.772] [EXEC] [EXEC] BUY ORDER SENT orderId=382626417 price=81271.86 qty=0.061520
[15:40:31.772] [EXEC] [EXEC] PLACE BUY price=81271.86 qty=0.061520
[15:40:34.429] [EXEC] [EXEC] PLACE SELL price=81274.42 qty=0.061520
[15:40:34.694] [EXEC] [EXEC] SELL ORDER SENT orderId=382626557
[15:40:36.474] [EXEC] [EXEC] RECOVERY WAIT hard_sl_pending_recovery
[15:40:37.522] [EXEC] [EXEC] SELL TIMEOUT orderId=382626557
[15:40:37.522] [EXEC] [EXEC] CANCEL SELL orderId=382626557
[15:40:38.057] [EXEC] [EXEC] SELL FINAL STATUS status=CANCELED orderId=382626557
[15:40:38.060] [EXEC] [EXEC] FORCE EXIT hard_sl_triggered
[15:40:38.061] [EXEC] [EXEC] HARD SL triggered
[15:40:38.063] [EXEC] [EXEC] PANIC EXIT sl_mode
[15:40:38.064] [EXEC] [EXEC] FORCE EXIT price=81272.99
[15:40:38.065] [EXEC] [EXEC] PLACE SELL price=81272.99 qty=0.061520
[15:40:38.331] [EXEC] [EXEC] PANIC START price=81272.99
[15:40:38.335] [EXEC] [EXEC] SELL ORDER SENT orderId=382626725
[15:40:40.796] [EXEC] [EXEC] PANIC WAIT still_open orderId=382626725
[15:40:40.800] [EXEC] [EXEC] PANIC HOLD active orderId=382626725
[15:40:41.632] [EXEC] [EXEC] PANIC HOLD active orderId=382626725
[15:40:42.640] [EXEC] [EXEC] REALIZED pnl=+0.069518
[15:40:49.244] [EXEC] [EXEC] BUY ORDER SENT orderId=382627190 price=81269.61 qty=0.061520
[15:40:49.248] [EXEC] [EXEC] PLACE BUY price=81269.61 qty=0.061520
[15:40:50.803] [EXEC] [EXEC] BUY PARTIAL filled=0.061520 total=0.061520
[15:40:50.820] [EXEC] [EXEC] BUY REMAINING qty=0.000000
[15:40:50.823] [EXEC] [EXEC] POSITION qty=0.061520
[15:40:50.825] [EXEC] [EXEC] BUY FILLED id=382627190
[15:40:52.179] [EXEC] [EXEC] PLACE SELL price=81269.65 qty=0.061520
[15:40:52.446] [EXEC] [EXEC] SELL ORDER SENT orderId=382627450
[15:40:54.131] [EXEC] [EXEC] RECOVERY WAIT hard_sl_pending_recovery
[15:40:55.241] [EXEC] [EXEC] SELL TIMEOUT orderId=382627450
[15:40:55.246] [EXEC] [EXEC] CANCEL SELL orderId=382627450
[15:40:55.780] [EXEC] [EXEC] SELL FINAL STATUS status=CANCELED orderId=382627450
[15:40:55.783] [EXEC] [EXEC] SAFE EXIT floor=81269.62
[15:40:55.785] [EXEC] [EXEC] SELL REPRICE old=81269.65 new=81269.64 count=1
[15:40:55.786] [EXEC] [EXEC] PLACE SELL price=81269.64 qty=0.061520
[15:40:56.054] [EXEC] [EXEC] SELL ORDER SENT orderId=382627706
[15:40:57.162] [EXEC] [EXEC] RECOVERY WAIT hard_sl_pending_recovery
[15:40:59.360] [EXEC] [EXEC] SELL TIMEOUT orderId=382627706
[15:40:59.364] [EXEC] [EXEC] CANCEL SELL orderId=382627706
[15:40:59.900] [EXEC] [EXEC] SELL FINAL STATUS status=CANCELED orderId=382627706
[15:40:59.903] [EXEC] [EXEC] SAFE EXIT floor=81269.62
[15:40:59.904] [EXEC] [EXEC] SELL REPRICE old=81269.64 new=81269.63 count=2
[15:40:59.905] [EXEC] [EXEC] PLACE SELL price=81269.63 qty=0.061520
[15:41:00.166] [EXEC] [EXEC] SELL ORDER SENT orderId=382628141
[15:41:01.274] [EXEC] [EXEC] RECOVERY WAIT hard_sl_pending_recovery
[15:41:02.799] [EXEC] [EXEC] SELL TIMEOUT orderId=382628141
[15:41:02.803] [EXEC] [EXEC] CANCEL SELL orderId=382628141
[15:41:03.334] [EXEC] [EXEC] SELL FINAL STATUS status=CANCELED orderId=382628141
[15:41:03.335] [EXEC] [EXEC] FORCE EXIT hard_sl_triggered
[15:41:03.335] [EXEC] [EXEC] HARD SL triggered
[15:41:03.335] [EXEC] [EXEC] PANIC EXIT sl_mode
[15:41:03.335] [EXEC] [EXEC] FORCE EXIT price=81252.06
[15:41:03.335] [EXEC] [EXEC] PLACE SELL price=81252.06 qty=0.061520
[15:41:03.616] [EXEC] [EXEC] PANIC START price=81252.06
[15:41:03.619] [EXEC] [EXEC] SELL ORDER SENT orderId=382628353
[15:41:04.959] [EXEC] [EXEC] SELL FILLED id=382628353
[15:41:04.959] [EXEC] [EXEC] SELL FILLED qty=0.061520 remaining=0.000000
[15:41:04.965] [EXEC] [EXEC] REALIZED pnl=-1.079676
[15:41:04.968] [EXEC] [EXEC] PANIC FILLED
[15:41:04.969] [EXEC] [EXEC] PANIC RESET
[15:41:08.605] [EXEC] [EXEC] BUY ORDER SENT orderId=382628597 price=81250.95 qty=0.061530
[15:41:08.610] [EXEC] [EXEC] PLACE BUY price=81250.95 qty=0.061530
[15:41:09.931] [EXEC] [EXEC] PLACE SELL price=81250.99 qty=0.061530
[15:41:10.196] [EXEC] [EXEC] SELL ORDER SENT orderId=382628632
[15:41:10.350] [EXEC] [EXEC] RECOVERY WAIT hard_sl_pending_recovery
[15:41:12.677] [EXEC] [EXEC] RECOVERY WAIT hard_sl_pending_recovery
[15:41:13.507] [EXEC] [EXEC] RECOVERY WAIT hard_sl_pending_recovery
[15:41:13.789] [EXEC] [EXEC] SELL TIMEOUT orderId=382628632
[15:41:13.792] [EXEC] [EXEC] CANCEL SELL orderId=382628632
[15:41:14.316] [EXEC] [EXEC] SELL FINAL STATUS status=CANCELED orderId=382628632
[15:41:14.319] [EXEC] [EXEC] FORCE EXIT hard_sl_triggered
[15:41:14.319] [EXEC] [EXEC] HARD SL triggered
[15:41:14.319] [EXEC] [EXEC] PANIC EXIT sl_mode
[15:41:14.319] [EXEC] [EXEC] FORCE EXIT price=81248.06
[15:41:14.319] [EXEC] [EXEC] PLACE SELL price=81248.06 qty=0.061530
[15:41:14.593] [EXEC] [EXEC] PANIC START price=81248.06
[15:41:14.597] [EXEC] [EXEC] SELL ORDER SENT orderId=382628757
[15:41:15.618] [EXEC] [EXEC] REALIZED pnl=-0.177822
[15:41:15.928] [EXEC] [EXEC] BUY ORDER SENT orderId=382628800 price=81244.77 qty=0.061540
[15:41:15.932] [EXEC] [EXEC] PLACE BUY price=81244.77 qty=0.061540
[15:41:19.865] [EXEC] [EXEC] BUY TIMEOUT orderId=382628800
[15:41:19.868] [EXEC] [EXEC] CANCEL BUY orderId=382628800
[15:41:20.132] [EXEC] [EXEC] BUY CANCELED confirmed
[15:41:20.397] [EXEC] [EXEC] BUY FINAL STATUS status=CANCELED orderId=382628800
[15:41:20.401] [EXEC] [EXEC] BLOCK reason=buy_not_filled
[15:41:24.545] [EXEC] [EXEC] BUY ORDER SENT orderId=382629412 price=81237.12 qty=0.061540
[15:41:24.549] [EXEC] [EXEC] PLACE BUY price=81237.12 qty=0.061540
[15:41:25.365] [EXEC] [EXEC] BUY PARTIAL filled=0.061540 total=0.061540
[15:41:25.365] [EXEC] [EXEC] BUY REMAINING qty=0.000000
[15:41:25.365] [EXEC] [EXEC] POSITION qty=0.061540
[15:41:25.365] [EXEC] [EXEC] BUY FILLED id=382629412
[15:41:25.933] [EXEC] [EXEC] PLACE SELL price=81237.16 qty=0.061540
[15:41:26.193] [EXEC] [EXEC] SELL ORDER SENT orderId=382629597
[15:41:27.819] [EXEC] [EXEC] RECOVERY WAIT hard_sl_pending_recovery
[15:41:29.022] [EXEC] [EXEC] SELL TIMEOUT orderId=382629597
[15:41:29.023] [EXEC] [EXEC] CANCEL SELL orderId=382629597
[15:41:29.559] [EXEC] [EXEC] SELL FINAL STATUS status=CANCELED orderId=382629597
[15:41:29.563] [EXEC] [EXEC] SAFE EXIT floor=81237.13
[15:41:29.566] [EXEC] [EXEC] SELL REPRICE old=81237.16 new=81237.15 count=1
[15:41:29.568] [EXEC] [EXEC] PLACE SELL price=81237.15 qty=0.061540
[15:41:29.843] [EXEC] [EXEC] SELL ORDER SENT orderId=382629762
[15:41:30.870] [EXEC] [EXEC] RECOVERY WAIT hard_sl_pending_recovery
[15:41:32.288] [EXEC] [EXEC] REALIZED pnl=+0.001846
[15:41:32.552] [EXEC] [EXEC] BUY ORDER SENT orderId=382630018 price=81237.11 qty=0.061540
[15:41:32.555] [EXEC] [EXEC] PLACE BUY price=81237.11 qty=0.061540
[15:41:36.757] [EXEC] [EXEC] BUY TIMEOUT orderId=382630018
[15:41:36.757] [EXEC] [EXEC] CANCEL BUY orderId=382630018
[15:41:37.026] [EXEC] [EXEC] BUY CANCELED confirmed
[15:41:37.287] [EXEC] [EXEC] BUY FINAL STATUS status=CANCELED orderId=382630018
[15:41:37.287] [EXEC] [EXEC] BLOCK reason=buy_not_filled
[15:41:40.753] [EXEC] [EXEC] BUY ORDER SENT orderId=382630402 price=81241.31 qty=0.061540
[15:41:40.757] [EXEC] [EXEC] PLACE BUY price=81241.31 qty=0.061540
[15:41:45.260] [EXEC] [EXEC] PLACE SELL price=81241.35 qty=0.061540
[15:41:45.522] [EXEC] [EXEC] SELL ORDER SENT orderId=382630710
[15:41:46.089] [EXEC] [EXEC] RECOVERY WAIT hard_sl_pending_recovery
[15:41:46.352] [EXEC] [EXEC] SELL FILLED id=382630710
[15:41:46.355] [EXEC] [EXEC] SELL FILLED qty=0.061540 remaining=0.000000
[15:41:46.358] [EXEC] [EXEC] REALIZED pnl=+0.002462
[15:41:50.897] [EXEC] [EXEC] BUY ORDER SENT orderId=382630924 price=81228.01 qty=0.061550
[15:41:50.897] [EXEC] [EXEC] PLACE BUY price=81228.01 qty=0.061550
[15:41:54.662] [EXEC] [EXEC] PLACE SELL price=81228.77 qty=0.061550
[15:41:54.948] [EXEC] [EXEC] SELL ORDER SENT orderId=382631104
[15:41:55.054] [EXEC] [EXEC] RECOVERY WAIT hard_sl_pending_recovery
[15:41:55.320] [EXEC] [EXEC] SELL FILLED id=382631104
[15:41:55.324] [EXEC] [EXEC] SELL FILLED qty=0.061550 remaining=0.000000
[15:41:55.327] [EXEC] [EXEC] REALIZED pnl=+0.046778
[15:41:58.020] [EXEC] [EXEC] BUY ORDER SENT orderId=382631241 price=81222.01 qty=0.061550
[15:41:58.020] [EXEC] [EXEC] PLACE BUY price=81222.01 qty=0.061550
[15:41:59.398] [EXEC] [EXEC] PLACE SELL price=81223.03 qty=0.061550
[15:42:00.142] [EXEC] [EXEC] SELL ORDER SENT orderId=382631499
[15:42:00.773] [EXEC] [EXEC] RECOVERY WAIT hard_sl_pending_recovery
[15:42:01.041] [EXEC] [EXEC] SELL FILLED id=382631499
[15:42:01.044] [EXEC] [EXEC] SELL FILLED qty=0.061550 remaining=0.000000
[15:42:01.046] [EXEC] [EXEC] REALIZED pnl=+0.062781
[15:42:04.366] [EXEC] [EXEC] BUY ORDER SENT orderId=382631859 price=81217.37 qty=0.061560
[15:42:04.366] [EXEC] [EXEC] PLACE BUY price=81217.37 qty=0.061560
[15:42:04.772] [EXEC] [EXEC] BUY PARTIAL filled=0.061560 total=0.061560
[15:42:04.788] [EXEC] [EXEC] BUY REMAINING qty=0.000000
[15:42:04.791] [EXEC] [EXEC] POSITION qty=0.061560
[15:42:04.794] [EXEC] [EXEC] BUY FILLED id=382631859
[15:42:05.318] [EXEC] [EXEC] PLACE SELL price=81217.41 qty=0.061560
[15:42:05.613] [EXEC] [EXEC] SELL ORDER SENT orderId=382631917
[15:42:06.131] [EXEC] [EXEC] REALIZED pnl=+0.002462
[15:42:08.116] [EXEC] [EXEC] BUY ORDER SENT orderId=382631991 price=81212.01 qty=0.061560
[15:42:08.119] [EXEC] [EXEC] PLACE BUY price=81212.01 qty=0.061560
[15:42:12.040] [EXEC] [EXEC] BUY TIMEOUT orderId=382631991
[15:42:12.044] [EXEC] [EXEC] CANCEL BUY orderId=382631991
[15:42:12.312] [EXEC] [EXEC] BUY CANCELED confirmed
[15:42:12.582] [EXEC] [EXEC] BUY FINAL STATUS status=FILLED orderId=382631991
[15:42:12.585] [EXEC] [EXEC] BUY FILLED during cancel
[15:42:12.586] [EXEC] [EXEC] BUY FILLED id=382631991
[15:42:14.382] [EXEC] [EXEC] PLACE SELL price=81212.05 qty=0.061560
[15:42:14.657] [EXEC] [EXEC] SELL ORDER SENT orderId=382632196
[15:42:15.179] [EXEC] [EXEC] REALIZED pnl=+0.001847
[15:42:15.509] [EXEC] [EXEC] BUY ORDER SENT orderId=382632242 price=81207.00 qty=0.061570
[15:42:15.513] [EXEC] [EXEC] PLACE BUY price=81207.00 qty=0.061570
[15:42:17.084] [EXEC] [EXEC] BUY PARTIAL filled=0.061570 total=0.061570
[15:42:17.084] [EXEC] [EXEC] BUY REMAINING qty=0.000000
[15:42:17.084] [EXEC] [EXEC] POSITION qty=0.061570
[15:42:17.084] [EXEC] [EXEC] BUY FILLED id=382632242
[15:42:18.413] [EXEC] [EXEC] PLACE SELL price=81208.78 qty=0.061570
[15:42:18.662] [EXEC] [EXEC] SELL ORDER SENT orderId=382632485
[15:42:20.849] [EXEC] [EXEC] RECOVERY WAIT hard_sl_pending_recovery
[15:42:22.038] [EXEC] [EXEC] SELL TIMEOUT orderId=382632485
[15:42:22.044] [EXEC] [EXEC] CANCEL SELL orderId=382632485
[15:42:22.568] [EXEC] [EXEC] SELL FINAL STATUS status=CANCELED orderId=382632485
[15:42:22.587] [EXEC] [EXEC] SAFE EXIT floor=81207.01
[15:42:22.588] [EXEC] [EXEC] SELL REPRICE old=81208.78 new=81208.77 count=1
[15:42:22.589] [EXEC] [EXEC] PLACE SELL price=81208.77 qty=0.061570
[15:42:22.850] [EXEC] [EXEC] SELL ORDER SENT orderId=382632630
[15:42:24.036] [EXEC] [EXEC] SELL FILLED id=382632630
[15:42:24.040] [EXEC] [EXEC] SELL FILLED qty=0.061570 remaining=0.000000
[15:42:24.043] [EXEC] [EXEC] REALIZED pnl=+0.108979
[15:42:25.712] [EXEC] [EXEC] BUY ORDER SENT orderId=382632891 price=81211.93 qty=0.061560
[15:42:25.715] [EXEC] [EXEC] PLACE BUY price=81211.93 qty=0.061560
[15:42:26.320] [EXEC] [EXEC] PLACE SELL price=81213.96 qty=0.061560
[15:42:26.587] [EXEC] [EXEC] SELL ORDER SENT orderId=382632974
[15:42:27.600] [EXEC] [EXEC] REALIZED pnl=+0.124967
[15:42:28.165] [EXEC] [EXEC] BUY ORDER SENT orderId=382633102 price=81215.92 qty=0.061560
[15:42:28.169] [EXEC] [EXEC] PLACE BUY price=81215.92 qty=0.061560
[15:42:29.476] [EXEC] [EXEC] PLACE SELL price=81219.42 qty=0.061560
[15:42:29.758] [EXEC] [EXEC] SELL ORDER SENT orderId=382633180
[15:42:31.554] [EXEC] [EXEC] RECOVERY WAIT hard_sl_pending_recovery
[15:42:32.928] [EXEC] [EXEC] RECOVERY WAIT hard_sl_pending_recovery
[15:42:33.194] [EXEC] [EXEC] SELL TIMEOUT orderId=382633180
[15:42:33.194] [EXEC] [EXEC] CANCEL SELL orderId=382633180
[15:42:33.723] [EXEC] [EXEC] SELL FINAL STATUS status=CANCELED orderId=382633180
[15:42:33.726] [EXEC] [EXEC] SAFE EXIT floor=81215.93
[15:42:33.729] [EXEC] [EXEC] SELL REPRICE old=81219.42 new=81219.41 count=2
[15:42:33.731] [EXEC] [EXEC] PLACE SELL price=81219.41 qty=0.061560
[15:42:34.000] [EXEC] [EXEC] SELL ORDER SENT orderId=382633461
[15:42:35.147] [EXEC] [EXEC] RECOVERY WAIT hard_sl_pending_recovery
[15:42:37.306] [EXEC] [EXEC] SELL TIMEOUT orderId=382633461
[15:42:37.309] [EXEC] [EXEC] CANCEL SELL orderId=382633461
[15:42:37.859] [EXEC] [EXEC] SELL FINAL STATUS status=CANCELED orderId=382633461
[15:42:37.862] [EXEC] [EXEC] FORCE EXIT hard_sl_triggered
[15:42:37.864] [EXEC] [EXEC] HARD SL triggered
[15:42:37.867] [EXEC] [EXEC] PANIC EXIT sl_mode
[15:42:37.870] [EXEC] [EXEC] FORCE EXIT price=81206.49
[15:42:37.872] [EXEC] [EXEC] PLACE SELL price=81206.49 qty=0.061560
[15:42:38.131] [EXEC] [EXEC] PANIC START price=81206.49
[15:42:38.131] [EXEC] [EXEC] SELL ORDER SENT orderId=382633700
[15:42:38.684] [EXEC] [EXEC] REALIZED pnl=-0.580511
[15:42:44.864] [EXEC] [EXEC] BUY ORDER SENT orderId=382633969 price=81206.76 qty=0.061570
[15:42:44.867] [EXEC] [EXEC] PLACE BUY price=81206.76 qty=0.061570
[15:42:45.538] [EXEC] [EXEC] PLACE SELL price=81208.00 qty=0.061570
[15:42:45.807] [EXEC] [EXEC] SELL ORDER SENT orderId=382634014
[15:42:46.940] [EXEC] [EXEC] REALIZED pnl=+0.076347
[15:42:48.327] [EXEC] [EXEC] BUY ORDER SENT orderId=382634146 price=81197.10 qty=0.061570
[15:42:48.331] [EXEC] [EXEC] PLACE BUY price=81197.10 qty=0.061570
[15:42:53.451] [EXEC] [EXEC] BUY TIMEOUT orderId=382634146
[15:42:53.455] [EXEC] [EXEC] CANCEL BUY orderId=382634146
[15:42:53.719] [EXEC] [EXEC] BUY CANCELED confirmed
[15:42:53.991] [EXEC] [EXEC] BUY FINAL STATUS status=CANCELED orderId=382634146
[15:42:53.991] [EXEC] [EXEC] BLOCK reason=buy_not_filled
[15:42:55.866] [EXEC] [EXEC] BUY ORDER SENT orderId=382634451 price=81212.08 qty=0.061560
[15:42:55.869] [EXEC] [EXEC] PLACE BUY price=81212.08 qty=0.061560
[15:42:57.195] [EXEC] [EXEC] PLACE SELL price=81212.80 qty=0.061560
[15:42:57.464] [EXEC] [EXEC] SELL ORDER SENT orderId=382634479
[15:42:58.002] [EXEC] [EXEC] REALIZED pnl=+0.044323
[15:42:59.177] [EXEC] [EXEC] BUY ORDER SENT orderId=382634578 price=81203.59 qty=0.061570
[15:42:59.181] [EXEC] [EXEC] PLACE BUY price=81203.59 qty=0.061570
[15:43:03.102] [EXEC] [EXEC] BUY TIMEOUT orderId=382634578
[15:43:03.106] [EXEC] [EXEC] CANCEL BUY orderId=382634578
[15:43:03.365] [EXEC] [EXEC] BUY CANCELED confirmed
[15:43:03.648] [EXEC] [EXEC] BUY FINAL STATUS status=CANCELED orderId=382634578
[15:43:03.651] [EXEC] [EXEC] BLOCK reason=buy_not_filled
[15:43:05.929] [EXEC] [EXEC] BUY ORDER SENT orderId=382635013 price=81227.42 qty=0.061550
[15:43:05.933] [EXEC] [EXEC] PLACE BUY price=81227.42 qty=0.061550
[15:43:07.624] [EXEC] [EXEC] PLACE SELL price=81230.74 qty=0.061550
[15:43:07.889] [EXEC] [EXEC] SELL ORDER SENT orderId=382635094
[15:43:09.047] [EXEC] [EXEC] REALIZED pnl=+0.204346
[15:43:11.684] [EXEC] [EXEC] BUY ORDER SENT orderId=382635416 price=81237.84 qty=0.061540
[15:43:11.688] [EXEC] [EXEC] PLACE BUY price=81237.84 qty=0.061540
[15:43:16.839] [EXEC] [EXEC] BUY TIMEOUT orderId=382635416
[15:43:16.844] [EXEC] [EXEC] CANCEL BUY orderId=382635416
[15:43:17.589] [EXEC] [EXEC] BUY CANCELED confirmed
[15:43:18.349] [EXEC] [EXEC] BUY FINAL STATUS status=CANCELED orderId=382635416
[15:43:18.349] [EXEC] [EXEC] BLOCK reason=buy_not_filled
[15:43:21.709] [EXEC] [EXEC] BUY ORDER SENT orderId=382635961 price=81247.54 qty=0.061540
[15:43:21.709] [EXEC] [EXEC] PLACE BUY price=81247.54 qty=0.061540
[15:43:24.720] [EXEC] [EXEC] BUY PARTIAL filled=0.061540 total=0.061540
[15:43:24.723] [EXEC] [EXEC] BUY REMAINING qty=0.000000
[15:43:24.723] [EXEC] [EXEC] POSITION qty=0.061540
[15:43:24.726] [EXEC] [EXEC] BUY FILLED id=382635961
[15:43:26.198] [EXEC] [EXEC] PLACE SELL price=81250.73 qty=0.061540
[15:43:26.466] [EXEC] [EXEC] SELL ORDER SENT orderId=382636200
[15:43:26.475] [EXEC] [EXEC] RECOVERY WAIT hard_sl_pending_recovery
[15:43:29.287] [EXEC] [EXEC] RECOVERY WAIT hard_sl_pending_recovery
[15:43:29.553] [EXEC] [EXEC] SELL TIMEOUT orderId=382636200
[15:43:29.553] [EXEC] [EXEC] CANCEL SELL orderId=382636200
[15:43:30.090] [EXEC] [EXEC] SELL FINAL STATUS status=CANCELED orderId=382636200
[15:43:30.094] [EXEC] [EXEC] SAFE EXIT floor=81247.55
[15:43:30.095] [EXEC] [EXEC] SELL REPRICE old=81250.73 new=81250.72 count=1
[15:43:30.096] [EXEC] [EXEC] PLACE SELL price=81250.72 qty=0.061540
[15:43:30.360] [EXEC] [EXEC] SELL ORDER SENT orderId=382636462
[15:43:31.972] [EXEC] [EXEC] RECOVERY WAIT hard_sl_pending_recovery
[15:43:32.239] [EXEC] [EXEC] SELL TIMEOUT orderId=382636462
[15:43:32.242] [EXEC] [EXEC] CANCEL SELL orderId=382636462
[15:43:32.764] [EXEC] [EXEC] SELL FINAL STATUS status=CANCELED orderId=382636462
[15:43:32.767] [EXEC] [EXEC] SAFE EXIT floor=81247.55
[15:43:32.770] [EXEC] [EXEC] SELL REPRICE old=81250.72 new=81250.71 count=2
[15:43:32.772] [EXEC] [EXEC] PLACE SELL price=81250.71 qty=0.061540
[15:43:33.033] [EXEC] [EXEC] SELL ORDER SENT orderId=382636728
[15:43:34.467] [EXEC] [EXEC] RECOVERY WAIT hard_sl_pending_recovery
[15:43:35.898] [EXEC] [EXEC] RECOVERY WAIT hard_sl_pending_recovery
[15:43:36.164] [EXEC] [EXEC] SELL TIMEOUT orderId=382636728
[15:43:36.167] [EXEC] [EXEC] CANCEL SELL orderId=382636728
[15:43:36.694] [EXEC] [EXEC] SELL FINAL STATUS status=CANCELED orderId=382636728
[15:43:36.694] [EXEC] [EXEC] FORCE EXIT hard_sl_triggered
[15:43:36.694] [EXEC] [EXEC] HARD SL triggered
[15:43:36.694] [EXEC] [EXEC] PANIC EXIT sl_mode
[15:43:36.694] [EXEC] [EXEC] FORCE EXIT price=81224.99
[15:43:36.694] [EXEC] [EXEC] PLACE SELL price=81224.99 qty=0.061540
[15:43:36.975] [EXEC] [EXEC] PANIC START price=81224.99
[15:43:36.978] [EXEC] [EXEC] SELL ORDER SENT orderId=382636911
[15:43:38.862] [EXEC] [EXEC] PANIC WAIT still_open orderId=382636911
[15:43:38.866] [EXEC] [EXEC] PANIC HOLD active orderId=382636911
[15:43:40.894] [EXEC] [EXEC] PANIC HOLD active orderId=382636911
[15:43:44.402] [EXEC] [EXEC] PANIC WAIT still_open orderId=382636911
[15:43:44.405] [EXEC] [EXEC] PANIC HOLD active orderId=382636911
[15:43:45.839] [EXEC] [EXEC] PANIC HOLD active orderId=382636911
[15:43:47.518] [EXEC] [EXEC] PANIC WAIT still_open orderId=382636911
[15:43:47.521] [EXEC] [EXEC] PANIC HOLD active orderId=382636911
[15:43:50.365] [EXEC] [EXEC] PANIC HOLD active orderId=382636911
[15:43:52.365] [EXEC] [EXEC] PANIC WAIT still_open orderId=382636911
[15:43:52.365] [EXEC] [EXEC] PANIC HOLD active orderId=382636911
[15:43:55.464] [EXEC] [EXEC] PANIC WAIT still_open orderId=382636911
[15:43:55.468] [EXEC] [EXEC] PANIC HOLD active orderId=382636911
[15:43:56.299] [EXEC] [EXEC] PANIC STALE detected orderId=382636911
[15:43:56.303] [EXEC] [EXEC] PANIC ESCALATE old=81224.99 new=81219.79 qty=0.061540
[15:43:58.182] [EXEC] [EXEC] WATCHDOG position open without sell -> recover
[15:43:58.714] [EXEC] [EXEC] PLACE SELL price=81247.58 qty=0.061540
[15:43:58.972] [EXEC] [EXEC] SELL ORDER SENT orderId=382637620
[15:44:02.007] [EXEC] [EXEC] SELL FILLED id=382637620
[15:44:02.011] [EXEC] [EXEC] SELL FILLED qty=0.061540 remaining=0.000000
[15:44:02.012] [EXEC] [EXEC] REALIZED pnl=+0.002462
[15:44:02.013] [EXEC] [EXEC] PANIC FILLED
[15:44:02.014] [EXEC] [EXEC] PANIC RESET
[15:44:03.606] [EXEC] [EXEC] BUY ORDER SENT orderId=382637975 price=81252.75 qty=0.061530
[15:44:03.610] [EXEC] [EXEC] PLACE BUY price=81252.75 qty=0.061530
[15:44:06.063] [EXEC] [EXEC] BUY PARTIAL filled=0.061530 total=0.061530
[15:44:06.067] [EXEC] [EXEC] BUY REMAINING qty=0.000000
[15:44:06.071] [EXEC] [EXEC] POSITION qty=0.061530
[15:44:06.073] [EXEC] [EXEC] BUY FILLED id=382637975
[15:44:06.741] [EXEC] [EXEC] PLACE SELL price=81253.26 qty=0.061530
[15:44:07.491] [EXEC] [EXEC] SELL ORDER SENT orderId=382638238
[15:44:08.991] [EXEC] [EXEC] REALIZED pnl=+0.031380
[15:44:14.177] [EXEC] [EXEC] BUY ORDER SENT orderId=382638688 price=81250.03 qty=0.061530
[15:44:14.183] [EXEC] [EXEC] PLACE BUY price=81250.03 qty=0.061530
[15:44:15.507] [EXEC] [EXEC] BUY PARTIAL filled=0.061530 total=0.061530
[15:44:15.511] [EXEC] [EXEC] BUY REMAINING qty=0.000000
[15:44:15.514] [EXEC] [EXEC] POSITION qty=0.061530
[15:44:15.516] [EXEC] [EXEC] BUY FILLED id=382638688
[15:44:16.819] [EXEC] [EXEC] PLACE SELL price=81250.13 qty=0.061530
[15:44:17.085] [EXEC] [EXEC] SELL ORDER SENT orderId=382638836
[15:44:18.384] [EXEC] [EXEC] RECOVERY WAIT hard_sl_pending_recovery
[15:44:21.090] [EXEC] [EXEC] SELL TIMEOUT orderId=382638836
[15:44:21.094] [EXEC] [EXEC] CANCEL SELL orderId=382638836
[15:44:21.618] [EXEC] [EXEC] SELL FINAL STATUS status=CANCELED orderId=382638836
[15:44:21.621] [EXEC] [EXEC] SAFE EXIT floor=81250.04
[15:44:21.622] [EXEC] [EXEC] SELL REPRICE old=81250.13 new=81250.12 count=1
[15:44:21.623] [EXEC] [EXEC] PLACE SELL price=81250.12 qty=0.061530
[15:44:21.871] [EXEC] [EXEC] SELL ORDER SENT orderId=382639103
[15:44:23.694] [EXEC] [EXEC] RECOVERY WAIT hard_sl_pending_recovery
[15:44:23.972] [EXEC] [EXEC] SELL TIMEOUT orderId=382639103
[15:44:23.975] [EXEC] [EXEC] CANCEL SELL orderId=382639103
[15:44:24.491] [EXEC] [EXEC] SELL FINAL STATUS status=CANCELED orderId=382639103
[15:44:24.506] [EXEC] [EXEC] SAFE EXIT floor=81250.04
[15:44:24.506] [EXEC] [EXEC] SELL REPRICE old=81250.12 new=81250.11 count=2
[15:44:24.506] [EXEC] [EXEC] PLACE SELL price=81250.11 qty=0.061530
[15:44:24.792] [EXEC] [EXEC] SELL ORDER SENT orderId=382639184
[15:44:25.428] [EXEC] [EXEC] RECOVERY WAIT hard_sl_pending_recovery
[15:44:26.245] [EXEC] [EXEC] RECOVERY WAIT hard_sl_pending_recovery
[15:44:26.506] [EXEC] [EXEC] SELL TIMEOUT orderId=382639184
[15:44:26.510] [EXEC] [EXEC] CANCEL SELL orderId=382639184
[15:44:27.039] [EXEC] [EXEC] SELL FINAL STATUS status=CANCELED orderId=382639184
[15:44:27.043] [EXEC] [EXEC] FORCE EXIT hard_sl_triggered
[15:44:27.046] [EXEC] [EXEC] HARD SL triggered
[15:44:27.049] [EXEC] [EXEC] PANIC EXIT sl_mode
[15:44:27.052] [EXEC] [EXEC] FORCE EXIT price=81249.00
[15:44:27.054] [EXEC] [EXEC] PLACE SELL price=81249.00 qty=0.061530
[15:44:27.303] [EXEC] [EXEC] PANIC START price=81249.00
[15:44:27.321] [EXEC] [EXEC] SELL ORDER SENT orderId=382639271
[15:44:28.354] [EXEC] [EXEC] REALIZED pnl=-0.063376
[15:44:29.210] [EXEC] [EXEC] BUY ORDER SENT orderId=382639439 price=81244.02 qty=0.061540
[15:44:29.210] [EXEC] [EXEC] PLACE BUY price=81244.02 qty=0.061540
[15:44:30.475] [EXEC] [EXEC] PLACE SELL price=81244.06 qty=0.061540
[15:44:30.741] [EXEC] [EXEC] SELL ORDER SENT orderId=382639497
[15:44:32.615] [EXEC] [EXEC] REALIZED pnl=+0.001846
[15:44:35.160] [EXEC] [EXEC] BUY ORDER SENT orderId=382639703 price=81250.44 qty=0.061530
[15:44:35.163] [EXEC] [EXEC] PLACE BUY price=81250.44 qty=0.061530
[15:44:39.632] [EXEC] [EXEC] BUY TIMEOUT orderId=382639703
[15:44:39.650] [EXEC] [EXEC] CANCEL BUY orderId=382639703
[15:44:39.920] [EXEC] [EXEC] BUY CANCELED confirmed
[15:44:40.179] [EXEC] [EXEC] BUY FINAL STATUS status=CANCELED orderId=382639703
[15:44:40.179] [EXEC] [EXEC] BLOCK reason=buy_not_filled
[15:44:41.054] [EXEC] [EXEC] BUY ORDER SENT orderId=382640267 price=81254.78 qty=0.061530
[15:44:41.057] [EXEC] [EXEC] PLACE BUY price=81254.78 qty=0.061530
[15:44:43.123] [EXEC] [EXEC] PLACE SELL price=81254.82 qty=0.061530
[15:44:43.399] [EXEC] [EXEC] SELL ORDER SENT orderId=382640872
[15:44:46.679] [EXEC] [EXEC] PANIC WAIT still_open orderId=382640872
[15:44:46.683] [EXEC] [EXEC] PANIC STALE detected orderId=382640872
[15:44:46.684] [EXEC] [EXEC] PANIC ESCALATE old=81249.00 new=81210.52 qty=0.061530
[15:44:48.305] [EXEC] [EXEC] BLOCK reason=position_open_no_new_buy
[15:44:54.631] [EXEC] [EXEC] BLOCK reason=position_open_no_new_buy
[15:44:58.138] [EXEC] [EXEC] BLOCK reason=position_open_no_new_buy
[15:45:00.176] [EXEC] [EXEC] WATCHDOG position open without sell -> recover
[15:45:01.697] [EXEC] [EXEC] PLACE SELL price=81254.82 qty=0.061530
[15:45:01.969] [EXEC] [EXEC] SELL ORDER SENT orderId=382642968
[15:45:06.413] [EXEC] [EXEC] PANIC WAIT still_open orderId=382642968
[15:45:06.413] [EXEC] [EXEC] PANIC STALE detected orderId=382642968
[15:45:06.413] [EXEC] [EXEC] PANIC ESCALATE old=81249.00 new=81185.86 qty=0.061530
[15:45:07.506] [EXEC] [EXEC] WATCHDOG position open without sell -> recover
[15:45:08.517] [EXEC] [EXEC] PLACE SELL price=81254.82 qty=0.061530
[15:45:08.796] [EXEC] [EXEC] SELL ORDER SENT orderId=382643702
[15:45:13.100] [EXEC] [EXEC] PANIC WAIT still_open orderId=382643702
[15:45:13.117] [EXEC] [EXEC] PANIC STALE detected orderId=382643702
[15:45:13.120] [EXEC] [EXEC] PANIC ESCALATE old=81249.00 new=81211.42 qty=0.061530
[15:45:14.662] [EXEC] [EXEC] PANIC STALE detected orderId=382643702
[15:45:14.662] [EXEC] [EXEC] PANIC ESCALATE old=81249.00 new=81207.39 qty=0.061530
[15:45:16.475] [EXEC] [EXEC] BLOCK reason=position_open_no_new_buy
[15:45:19.050] [EXEC] [EXEC] WATCHDOG position open without sell -> recover
[15:45:19.117] [EXEC] [EXEC] PLACE SELL price=81254.82 qty=0.061530
[15:45:19.380] [EXEC] [EXEC] SELL ORDER SENT orderId=382644866
[15:45:23.113] [EXEC] [EXEC] PANIC WAIT still_open orderId=382644866
[15:45:23.116] [EXEC] [EXEC] PANIC STALE detected orderId=382644866
[15:45:23.116] [EXEC] [EXEC] PANIC ESCALATE old=81249.00 new=81204.26 qty=0.061530
[15:45:24.516] [EXEC] [EXEC] BLOCK reason=position_open_no_new_buy
[15:45:26.304] [EXEC] [EXEC] WATCHDOG position open without sell -> recover
[15:45:26.823] [EXEC] [EXEC] PLACE SELL price=81254.82 qty=0.061530
[15:45:27.085] [EXEC] [EXEC] SELL ORDER SENT orderId=382645719
[15:45:30.147] [EXEC] [EXEC] PANIC WAIT still_open orderId=382645719
[15:45:30.150] [EXEC] [EXEC] PANIC STALE detected orderId=382645719
[15:45:30.152] [EXEC] [EXEC] PANIC ESCALATE old=81249.00 new=81201.43 qty=0.061530
[15:45:31.367] [EXEC] [EXEC] BLOCK reason=position_open_no_new_buy
[15:45:32.760] [EXEC] [EXEC] WATCHDOG position open without sell -> recover
[15:45:33.412] [EXEC] [EXEC] PLACE SELL price=81254.82 qty=0.061530
[15:45:33.684] [EXEC] [EXEC] SELL ORDER SENT orderId=382646239
[15:45:37.608] [EXEC] [EXEC] PANIC WAIT still_open orderId=382646239
[15:45:37.611] [EXEC] [EXEC] PANIC STALE detected orderId=382646239
[15:45:37.612] [EXEC] [EXEC] PANIC ESCALATE old=81249.00 new=81194.14 qty=0.061530
[15:45:39.936] [EXEC] [EXEC] WATCHDOG position open without sell -> recover
[15:45:40.959] [EXEC] [EXEC] PLACE SELL price=81254.82 qty=0.061530
[15:45:41.422] [EXEC] [EXEC] SELL ORDER SENT orderId=382646652
[15:45:44.552] [EXEC] [EXEC] PANIC WAIT still_open orderId=382646652
[15:45:44.553] [EXEC] [EXEC] PANIC STALE detected orderId=382646652
[15:45:44.553] [EXEC] [EXEC] PANIC ESCALATE old=81249.00 new=81200.01 qty=0.061530
[15:45:46.104] [EXEC] [EXEC] PANIC STALE detected orderId=382646652
[15:45:46.107] [EXEC] [EXEC] PANIC ESCALATE old=81249.00 new=81224.89 qty=0.061530
[15:45:47.742] [EXEC] [EXEC] BLOCK reason=position_open_no_new_buy
[15:45:49.965] [EXEC] [EXEC] WATCHDOG position open without sell -> recover
[15:45:50.761] [EXEC] [EXEC] PLACE SELL price=81254.82 qty=0.061530
[15:45:51.032] [EXEC] [EXEC] SELL ORDER SENT orderId=382647628
[15:45:55.225] [EXEC] [EXEC] PANIC WAIT still_open orderId=382647628
[15:45:55.225] [EXEC] [EXEC] PANIC STALE detected orderId=382647628
[15:45:55.225] [EXEC] [EXEC] PANIC ESCALATE old=81249.00 new=81230.12 qty=0.061530
[15:45:57.535] [EXEC] [EXEC] WATCHDOG position open without sell -> recover
[15:45:58.584] [EXEC] [EXEC] PLACE SELL price=81254.82 qty=0.061530
[15:45:58.859] [EXEC] [EXEC] SELL ORDER SENT orderId=382648321
[15:46:01.865] [EXEC] [EXEC] PANIC WAIT still_open orderId=382648321
[15:46:01.870] [EXEC] [EXEC] PANIC STALE detected orderId=382648321
[15:46:01.872] [EXEC] [EXEC] PANIC ESCALATE old=81249.00 new=81212.79 qty=0.061530
[15:46:03.430] [EXEC] [EXEC] BLOCK reason=position_open_no_new_buy
[15:46:04.358] [EXEC] [EXEC] WATCHDOG position open without sell -> recover
[15:46:04.380] [EXEC] [EXEC] PLACE SELL price=81254.82 qty=0.061530
[15:46:04.647] [EXEC] [EXEC] SELL ORDER SENT orderId=382648792
[15:46:08.382] [EXEC] [EXEC] PANIC WAIT still_open orderId=382648792
[15:46:08.382] [EXEC] [EXEC] PANIC STALE detected orderId=382648792
[15:46:08.382] [EXEC] [EXEC] PANIC ESCALATE old=81249.00 new=81213.91 qty=0.061530
[15:46:09.350] [EXEC] [EXEC] PANIC STALE detected orderId=382648792
[15:46:09.350] [EXEC] [EXEC] PANIC ESCALATE old=81249.00 new=81214.12 qty=0.061530
[15:46:11.006] [EXEC] [EXEC] WATCHDOG position open without sell -> recover
[15:46:11.660] [EXEC] [EXEC] PLACE SELL price=81254.82 qty=0.061530
[15:46:11.928] [EXEC] [EXEC] SELL ORDER SENT orderId=382649207
[15:46:16.855] [EXEC] [EXEC] PANIC WAIT still_open orderId=382649207
[15:46:16.860] [EXEC] [EXEC] PANIC STALE detected orderId=382649207
[15:46:16.861] [EXEC] [EXEC] PANIC ESCALATE old=81249.00 new=81219.07 qty=0.061530
[15:46:18.191] [EXEC] [EXEC] PANIC STALE detected orderId=382649207
[15:46:18.195] [EXEC] [EXEC] PANIC ESCALATE old=81249.00 new=81223.45 qty=0.061530
[15:46:19.835] [EXEC] [EXEC] BLOCK reason=position_open_no_new_buy
[15:46:20.725] [EXEC] [EXEC] WATCHDOG position open without sell -> recover
[15:46:21.076] [EXEC] [EXEC] PLACE SELL price=81254.82 qty=0.061530
[15:46:21.343] [EXEC] [EXEC] SELL ORDER SENT orderId=382649830
[15:46:26.082] [EXEC] [EXEC] PANIC WAIT still_open orderId=382649830
[15:46:26.086] [EXEC] [EXEC] PANIC STALE detected orderId=382649830
[15:46:26.088] [EXEC] [EXEC] PANIC ESCALATE old=81249.00 new=81230.43 qty=0.061530
[15:46:26.991] [EXEC] [EXEC] PANIC STALE detected orderId=382649830
[15:46:26.997] [EXEC] [EXEC] PANIC ESCALATE old=81249.00 new=81234.01 qty=0.061530
[15:46:28.617] [EXEC] [EXEC] BLOCK reason=position_open_no_new_buy
[15:46:29.306] [EXEC] [EXEC] WATCHDOG position open without sell -> recover
[15:46:29.584] [EXEC] [EXEC] PLACE SELL price=81254.82 qty=0.061530
[15:46:29.854] [EXEC] [EXEC] SELL ORDER SENT orderId=382650377
[15:46:33.567] [EXEC] [EXEC] PANIC WAIT still_open orderId=382650377
[15:46:33.572] [EXEC] [EXEC] PANIC STALE detected orderId=382650377
[15:46:33.574] [EXEC] [EXEC] PANIC ESCALATE old=81249.00 new=81234.01 qty=0.061530
[15:46:35.272] [EXEC] [EXEC] WATCHDOG position open without sell -> recover
[15:46:36.072] [EXEC] [EXEC] PLACE SELL price=81254.82 qty=0.061530
[15:46:36.336] [EXEC] [EXEC] SELL ORDER SENT orderId=382650502
[15:46:39.501] [EXEC] [EXEC] PANIC WAIT still_open orderId=382650502
[15:46:39.505] [EXEC] [EXEC] PANIC STALE detected orderId=382650502
[15:46:39.506] [EXEC] [EXEC] PANIC ESCALATE old=81249.00 new=81218.01 qty=0.061530
[15:46:40.568] [EXEC] [EXEC] PANIC STALE detected orderId=382650502
[15:46:40.573] [EXEC] [EXEC] PANIC ESCALATE old=81249.00 new=81229.33 qty=0.061530
[15:51:28.131] [EXEC] [EXEC] LIVE ON
[15:51:28.131] [EXEC] [EXEC] WAIT READY
[15:51:28.717] [EXEC] [EXEC] BUY ORDER SENT orderId=382667642 price=81340.01 qty=0.061470
[15:51:28.721] [EXEC] [EXEC] PLACE BUY price=81340.01 qty=0.061470
[15:51:32.616] [EXEC] [EXEC] BUY TIMEOUT orderId=382667642
[15:51:32.616] [EXEC] [EXEC] CANCEL BUY orderId=382667642
[15:51:32.897] [EXEC] [EXEC] BUY CANCELED confirmed
[15:51:33.163] [EXEC] [EXEC] BUY FINAL STATUS status=CANCELED orderId=382667642
[15:51:33.163] [EXEC] [EXEC] BLOCK reason=buy_not_filled
[15:51:34.123] [EXEC] [EXEC] BUY ORDER SENT orderId=382668016 price=81322.39 qty=0.061480
[15:51:34.129] [EXEC] [EXEC] PLACE BUY price=81322.39 qty=0.061480
[15:51:39.787] [EXEC] [EXEC] BUY TIMEOUT orderId=382668016
[15:51:39.787] [EXEC] [EXEC] CANCEL BUY orderId=382668016
[15:51:40.073] [EXEC] [EXEC] BUY CANCELED confirmed
[15:51:40.359] [EXEC] [EXEC] BUY FINAL STATUS status=CANCELED orderId=382668016
[15:51:40.362] [EXEC] [EXEC] BLOCK reason=buy_not_filled
[15:51:41.116] [EXEC] [EXEC] BUY ORDER SENT orderId=382668516 price=81340.01 qty=0.061470
[15:51:41.119] [EXEC] [EXEC] PLACE BUY price=81340.01 qty=0.061470
[15:51:42.099] [EXEC] [EXEC] BUY PARTIAL filled=0.061470 total=0.061470
[15:51:42.099] [EXEC] [EXEC] BUY REMAINING qty=0.000000
[15:51:42.099] [EXEC] [EXEC] POSITION qty=0.061470
[15:51:42.099] [EXEC] [EXEC] BUY FILLED id=382668516
[15:51:44.407] [EXEC] [EXEC] PLACE SELL price=81336.59 qty=0.061470
[15:51:44.675] [EXEC] [EXEC] SELL ORDER SENT orderId=382668898
[15:51:45.350] [EXEC] [EXEC] RECOVERY WAIT hard_sl_pending_recovery
[15:51:47.537] [EXEC] [EXEC] SELL TIMEOUT orderId=382668898
[15:51:47.541] [EXEC] [EXEC] CANCEL SELL orderId=382668898
[15:51:48.562] [EXEC] [EXEC] SELL FINAL STATUS status=CANCELED orderId=382668898
[15:51:48.564] [EXEC] [EXEC] SAFE EXIT floor=81336.56
[15:51:48.565] [EXEC] [EXEC] SELL REPRICE old=81336.59 new=81336.58 count=1
[15:51:48.567] [EXEC] [EXEC] PLACE SELL price=81336.58 qty=0.061470
[15:51:48.862] [EXEC] [EXEC] SELL ORDER SENT orderId=382669166
[15:51:50.596] [EXEC] [EXEC] RECOVERY WAIT hard_sl_pending_recovery
[15:51:50.875] [EXEC] [EXEC] SELL TIMEOUT orderId=382669166
[15:51:50.878] [EXEC] [EXEC] CANCEL SELL orderId=382669166
[15:51:51.418] [EXEC] [EXEC] SELL FINAL STATUS status=CANCELED orderId=382669166
[15:51:51.422] [EXEC] [EXEC] SAFE EXIT floor=81336.56
[15:51:51.425] [EXEC] [EXEC] SELL REPRICE old=81336.58 new=81336.57 count=2
[15:51:51.428] [EXEC] [EXEC] PLACE SELL price=81336.57 qty=0.061470
[15:51:51.725] [EXEC] [EXEC] SELL ORDER SENT orderId=382669374
[15:51:53.592] [EXEC] [EXEC] RECOVERY WAIT hard_sl_pending_recovery
[15:51:53.868] [EXEC] [EXEC] SELL TIMEOUT orderId=382669374
[15:51:53.868] [EXEC] [EXEC] CANCEL SELL orderId=382669374
[15:51:54.403] [EXEC] [EXEC] SELL FINAL STATUS status=CANCELED orderId=382669374
[15:51:54.406] [EXEC] [EXEC] FORCE EXIT hard_sl_triggered
[15:51:54.410] [EXEC] [EXEC] HARD SL triggered
[15:51:54.412] [EXEC] [EXEC] PANIC EXIT sl_mode
[15:51:54.412] [EXEC] [EXEC] FORCE EXIT price=81310.38
[15:51:54.412] [EXEC] [EXEC] PLACE SELL price=81310.38 qty=0.061470
[15:51:54.689] [EXEC] [EXEC] PANIC START price=81310.38
[15:51:54.692] [EXEC] [EXEC] SELL ORDER SENT orderId=382669566
[15:51:55.825] [EXEC] [EXEC] SELL FILLED id=382669566
[15:51:55.829] [EXEC] [EXEC] SELL FILLED qty=0.061470 remaining=0.000000
[15:51:55.830] [EXEC] [EXEC] REALIZED pnl=-1.607833
[15:51:55.831] [EXEC] [EXEC] PANIC FILLED
[15:51:55.832] [EXEC] [EXEC] PANIC RESET
[15:51:58.304] [EXEC] [EXEC] BUY ORDER SENT orderId=382669834 price=81315.96 qty=0.061480
[15:51:58.307] [EXEC] [EXEC] PLACE BUY price=81315.96 qty=0.061480
[15:52:00.478] [EXEC] [EXEC] PLACE SELL price=81320.00 qty=0.061480
[15:52:00.741] [EXEC] [EXEC] SELL ORDER SENT orderId=382669952
[15:52:01.858] [EXEC] [EXEC] REALIZED pnl=+0.248379
[15:52:03.295] [EXEC] [EXEC] BUY ORDER SENT orderId=382670249 price=81317.73 qty=0.061480
[15:52:03.299] [EXEC] [EXEC] PLACE BUY price=81317.73 qty=0.061480
[15:52:07.818] [EXEC] [EXEC] BUY TIMEOUT orderId=382670249
[15:52:07.818] [EXEC] [EXEC] CANCEL BUY orderId=382670249
[15:52:08.599] [EXEC] [EXEC] BUY CANCELED confirmed
[15:52:08.882] [EXEC] [EXEC] BUY FINAL STATUS status=CANCELED orderId=382670249
[15:52:08.885] [EXEC] [EXEC] BLOCK reason=buy_not_filled
[15:52:12.910] [EXEC] [EXEC] BUY ORDER SENT orderId=382671184 price=81346.02 qty=0.061460
[15:52:12.915] [EXEC] [EXEC] PLACE BUY price=81346.02 qty=0.061460
[15:52:18.504] [EXEC] [EXEC] BUY TIMEOUT orderId=382671184
[15:52:18.508] [EXEC] [EXEC] CANCEL BUY orderId=382671184
[15:52:19.257] [EXEC] [EXEC] BUY CANCELED confirmed
[15:52:19.526] [EXEC] [EXEC] BUY FINAL STATUS status=CANCELED orderId=382671184
[15:52:19.528] [EXEC] [EXEC] BLOCK reason=buy_not_filled
[15:52:20.412] [EXEC] [EXEC] BUY ORDER SENT orderId=382671696 price=81356.07 qty=0.061450
[15:52:20.416] [EXEC] [EXEC] PLACE BUY price=81356.07 qty=0.061450
[15:52:24.209] [EXEC] [EXEC] PLACE SELL price=81360.31 qty=0.061450
[15:52:24.476] [EXEC] [EXEC] SELL ORDER SENT orderId=382671863
[15:52:25.819] [EXEC] [EXEC] REALIZED pnl=+0.260548
[15:52:26.332] [EXEC] [EXEC] BUY ORDER SENT orderId=382672036 price=81356.01 qty=0.061450
[15:52:26.334] [EXEC] [EXEC] PLACE BUY price=81356.01 qty=0.061450
[15:52:30.238] [EXEC] [EXEC] PLACE SELL price=81358.55 qty=0.061450
[15:52:30.522] [EXEC] [EXEC] SELL ORDER SENT orderId=382672245
[15:52:31.670] [EXEC] [EXEC] RECOVERY WAIT hard_sl_pending_recovery
[15:52:33.609] [EXEC] [EXEC] SELL TIMEOUT orderId=382672245
[15:52:33.613] [EXEC] [EXEC] CANCEL SELL orderId=382672245
[15:52:34.178] [EXEC] [EXEC] SELL FINAL STATUS status=CANCELED orderId=382672245
[15:52:34.178] [EXEC] [EXEC] FORCE EXIT hard_sl_triggered
[15:52:34.178] [EXEC] [EXEC] HARD SL triggered
[15:52:34.178] [EXEC] [EXEC] PANIC EXIT sl_mode
[15:52:34.178] [EXEC] [EXEC] FORCE EXIT price=81353.00
[15:52:34.194] [EXEC] [EXEC] PLACE SELL price=81353.00 qty=0.061450
[15:52:34.460] [EXEC] [EXEC] PANIC START price=81353.00
[15:52:34.464] [EXEC] [EXEC] SELL ORDER SENT orderId=382672396
[15:52:34.995] [EXEC] [EXEC] REALIZED pnl=-0.184965
[15:52:36.585] [EXEC] [EXEC] BUY ORDER SENT orderId=382672442 price=81350.91 qty=0.061460
[15:52:36.585] [EXEC] [EXEC] PLACE BUY price=81350.91 qty=0.061460
[15:52:40.560] [EXEC] [EXEC] BUY TIMEOUT orderId=382672442
[15:52:40.563] [EXEC] [EXEC] CANCEL BUY orderId=382672442
[15:52:40.842] [EXEC] [EXEC] BUY CANCELED confirmed
[15:52:41.111] [EXEC] [EXEC] BUY FINAL STATUS status=CANCELED orderId=382672442
[15:52:41.114] [EXEC] [EXEC] BLOCK reason=buy_not_filled
[15:52:42.425] [EXEC] [EXEC] BUY ORDER SENT orderId=382672673 price=81352.73 qty=0.061460
[15:52:42.429] [EXEC] [EXEC] PLACE BUY price=81352.73 qty=0.061460
[15:52:47.108] [EXEC] [EXEC] PLACE SELL price=81357.12 qty=0.061460
[15:52:47.384] [EXEC] [EXEC] SELL ORDER SENT orderId=382672831
[15:52:48.131] [EXEC] [EXEC] SELL FILLED id=382672831
[15:52:48.147] [EXEC] [EXEC] SELL FILLED qty=0.061460 remaining=0.000000
[15:52:48.147] [EXEC] [EXEC] REALIZED pnl=+0.269809
[15:52:48.147] [EXEC] [EXEC] PANIC FILLED
[15:52:48.147] [EXEC] [EXEC] PANIC RESET
[15:52:49.773] [EXEC] [EXEC] BUY ORDER SENT orderId=382673113 price=81324.00 qty=0.061480
[15:52:49.773] [EXEC] [EXEC] PLACE BUY price=81324.00 qty=0.061480
[15:52:50.616] [EXEC] [EXEC] PLACE SELL price=81329.70 qty=0.061480
[15:52:50.898] [EXEC] [EXEC] SELL ORDER SENT orderId=382673203
[15:52:51.377] [EXEC] [EXEC] RECOVERY WAIT hard_sl_pending_recovery
[15:52:51.632] [EXEC] [EXEC] SELL FILLED id=382673203
[15:52:51.632] [EXEC] [EXEC] SELL FILLED qty=0.061480 remaining=0.000000
[15:52:51.632] [EXEC] [EXEC] REALIZED pnl=+0.350436
[15:52:53.304] [EXEC] [EXEC] BUY ORDER SENT orderId=382673381 price=81316.01 qty=0.061480
[15:52:53.308] [EXEC] [EXEC] PLACE BUY price=81316.01 qty=0.061480
[15:52:57.868] [EXEC] [EXEC] BUY TIMEOUT orderId=382673381
[15:52:57.873] [EXEC] [EXEC] CANCEL BUY orderId=382673381
[15:52:58.139] [EXEC] [EXEC] BUY CANCELED confirmed
[15:52:58.426] [EXEC] [EXEC] BUY FINAL STATUS status=FILLED orderId=382673381
[15:52:58.430] [EXEC] [EXEC] BUY FILLED during cancel
[15:52:58.433] [EXEC] [EXEC] BUY FILLED id=382673381
[15:52:59.507] [EXEC] [EXEC] PLACE SELL price=81332.03 qty=0.061480
[15:52:59.781] [EXEC] [EXEC] SELL ORDER SENT orderId=382673759
[15:53:02.787] [EXEC] [EXEC] SELL TIMEOUT orderId=382673759
[15:53:02.787] [EXEC] [EXEC] CANCEL SELL orderId=382673759
[15:53:03.396] [EXEC] [EXEC] SELL FINAL STATUS status=FILLED orderId=382673759
[15:53:03.397] [EXEC] [EXEC] SELL FILLED id=382673759
[15:53:03.397] [EXEC] [EXEC] SELL FILLED qty=0.061480 remaining=0.000000
[15:53:03.397] [EXEC] [EXEC] REALIZED pnl=+0.984910
[15:53:04.271] [EXEC] [EXEC] BUY ORDER SENT orderId=382674053 price=81326.19 qty=0.061480
[15:53:04.271] [EXEC] [EXEC] PLACE BUY price=81326.19 qty=0.061480
[15:53:06.091] [EXEC] [EXEC] PLACE SELL price=81328.22 qty=0.061480
[15:53:06.350] [EXEC] [EXEC] SELL ORDER SENT orderId=382674113
[15:53:06.912] [EXEC] [EXEC] REALIZED pnl=+0.124804
[15:53:11.117] [EXEC] [EXEC] BUY ORDER SENT orderId=382674353 price=81314.79 qty=0.061480
[15:53:11.117] [EXEC] [EXEC] PLACE BUY price=81314.79 qty=0.061480
[15:53:15.410] [EXEC] [EXEC] BUY TIMEOUT orderId=382674353
[15:53:15.413] [EXEC] [EXEC] CANCEL BUY orderId=382674353
[15:53:15.676] [EXEC] [EXEC] BUY CANCELED confirmed
[15:53:15.941] [EXEC] [EXEC] BUY FINAL STATUS status=CANCELED orderId=382674353
[15:53:15.941] [EXEC] [EXEC] BLOCK reason=buy_not_filled
[15:53:17.776] [EXEC] [EXEC] BUY ORDER SENT orderId=382674784 price=81329.04 qty=0.061470
[15:53:17.779] [EXEC] [EXEC] PLACE BUY price=81329.04 qty=0.061470
[15:53:19.054] [EXEC] [EXEC] PLACE SELL price=81332.62 qty=0.061470
[15:53:19.346] [EXEC] [EXEC] SELL ORDER SENT orderId=382674951
[15:53:20.625] [EXEC] [EXEC] RECOVERY WAIT hard_sl_pending_recovery
[15:53:22.690] [EXEC] [EXEC] RECOVERY WAIT hard_sl_pending_recovery
[15:53:22.951] [EXEC] [EXEC] SELL TIMEOUT orderId=382674951
[15:53:22.954] [EXEC] [EXEC] CANCEL SELL orderId=382674951
[15:53:23.475] [EXEC] [EXEC] SELL FINAL STATUS status=CANCELED orderId=382674951
[15:53:23.475] [EXEC] [EXEC] FORCE EXIT hard_sl_triggered
[15:53:23.475] [EXEC] [EXEC] HARD SL triggered
[15:53:23.491] [EXEC] [EXEC] PANIC EXIT sl_mode
[15:53:23.491] [EXEC] [EXEC] FORCE EXIT price=81320.33
[15:53:23.491] [EXEC] [EXEC] PLACE SELL price=81320.33 qty=0.061470
[15:53:23.770] [EXEC] [EXEC] PANIC START price=81320.33
[15:53:23.773] [EXEC] [EXEC] SELL ORDER SENT orderId=382675176
[15:53:24.990] [EXEC] [EXEC] SELL FILLED id=382675176
[15:53:24.990] [EXEC] [EXEC] SELL FILLED qty=0.061470 remaining=0.000000
[15:53:24.990] [EXEC] [EXEC] REALIZED pnl=-0.461571
[15:53:24.990] [EXEC] [EXEC] PANIC FILLED
[15:53:24.990] [EXEC] [EXEC] PANIC RESET
[15:53:26.531] [EXEC] [EXEC] BUY ORDER SENT orderId=382675440 price=81324.01 qty=0.061480
[15:53:26.534] [EXEC] [EXEC] PLACE BUY price=81324.01 qty=0.061480
[15:53:31.473] [EXEC] [EXEC] BUY TIMEOUT orderId=382675440
[15:53:31.476] [EXEC] [EXEC] CANCEL BUY orderId=382675440
[15:53:31.767] [EXEC] [EXEC] BUY CANCELED confirmed
[15:53:32.041] [EXEC] [EXEC] BUY FINAL STATUS status=CANCELED orderId=382675440
[15:53:32.044] [EXEC] [EXEC] BLOCK reason=buy_not_filled
[15:53:33.819] [EXEC] [EXEC] BUY ORDER SENT orderId=382675925 price=81343.76 qty=0.061460
[15:53:33.819] [EXEC] [EXEC] PLACE BUY price=81343.76 qty=0.061460
[15:53:38.119] [EXEC] [EXEC] BUY PARTIAL filled=0.020000 total=0.020000
[15:53:38.123] [EXEC] [EXEC] BUY REMAINING qty=0.041460
[15:53:38.126] [EXEC] [EXEC] POSITION qty=0.020000
[15:53:38.128] [EXEC] [EXEC] BUY TIMEOUT orderId=382675925
[15:53:38.130] [EXEC] [EXEC] CANCEL BUY orderId=382675925
[15:53:38.437] [EXEC] [EXEC] BUY CANCELED confirmed
[15:53:38.724] [EXEC] [EXEC] BUY FINAL STATUS status=CANCELED orderId=382675925
[15:53:38.726] [EXEC] [EXEC] BUY REMAINDER CANCELLED
[15:53:38.726] [EXEC] [EXEC] POSITION qty=0.020000
[15:53:39.225] [EXEC] [EXEC] PLACE SELL price=81347.06 qty=0.020000
[15:53:39.646] [EXEC] [EXEC] SELL ORDER SENT orderId=382676098
[15:53:40.730] [EXEC] [EXEC] REALIZED pnl=+0.066000
[15:53:41.991] [EXEC] [EXEC] BUY ORDER SENT orderId=382676195 price=81345.13 qty=0.061460
[15:53:41.991] [EXEC] [EXEC] PLACE BUY price=81345.13 qty=0.061460
[15:53:45.163] [EXEC] [EXEC] PLACE SELL price=81368.00 qty=0.061460
[15:53:45.429] [EXEC] [EXEC] SELL ORDER SENT orderId=382676506
[15:53:46.475] [EXEC] [EXEC] REALIZED pnl=+1.405590
[15:53:47.006] [EXEC] [EXEC] BUY ORDER SENT orderId=382676661 price=81364.01 qty=0.061450
[15:53:47.010] [EXEC] [EXEC] PLACE BUY price=81364.01 qty=0.061450
[15:53:48.523] [EXEC] [EXEC] PLACE SELL price=81367.71 qty=0.061450
[15:53:48.808] [EXEC] [EXEC] SELL ORDER SENT orderId=382676763
[15:53:49.881] [EXEC] [EXEC] RECOVERY WAIT hard_sl_pending_recovery
[15:53:52.662] [EXEC] [EXEC] SELL TIMEOUT orderId=382676763
[15:53:52.679] [EXEC] [EXEC] CANCEL SELL orderId=382676763
[15:53:53.212] [EXEC] [EXEC] SELL FINAL STATUS status=CANCELED orderId=382676763
[15:53:53.216] [EXEC] [EXEC] FORCE EXIT hard_sl_triggered
[15:53:53.218] [EXEC] [EXEC] HARD SL triggered
[15:53:53.221] [EXEC] [EXEC] PANIC EXIT sl_mode
[15:53:53.224] [EXEC] [EXEC] FORCE EXIT price=81360.99
[15:53:53.226] [EXEC] [EXEC] PLACE SELL price=81360.99 qty=0.061450
[15:53:53.490] [EXEC] [EXEC] PANIC START price=81360.99
[15:53:53.508] [EXEC] [EXEC] SELL ORDER SENT orderId=382676940
[15:53:54.537] [EXEC] [EXEC] REALIZED pnl=-0.185579
[15:53:55.225] [EXEC] [EXEC] BUY ORDER SENT orderId=382677018 price=81356.00 qty=0.061450
[15:53:55.225] [EXEC] [EXEC] PLACE BUY price=81356.00 qty=0.061450
[15:53:59.656] [EXEC] [EXEC] BUY TIMEOUT orderId=382677018
[15:53:59.660] [EXEC] [EXEC] CANCEL BUY orderId=382677018
[15:53:59.925] [EXEC] [EXEC] BUY CANCELED confirmed
[15:54:00.202] [EXEC] [EXEC] BUY FINAL STATUS status=CANCELED orderId=382677018
[15:54:00.205] [EXEC] [EXEC] BLOCK reason=buy_not_filled
[15:54:02.259] [EXEC] [EXEC] BUY ORDER SENT orderId=382677434 price=81356.01 qty=0.061450
[15:54:02.264] [EXEC] [EXEC] PLACE BUY price=81356.01 qty=0.061450
[15:54:03.116] [EXEC] [EXEC] BUY PARTIAL filled=0.061450 total=0.061450
[15:54:03.116] [EXEC] [EXEC] BUY REMAINING qty=0.000000
[15:54:03.116] [EXEC] [EXEC] POSITION qty=0.061450
[15:54:03.116] [EXEC] [EXEC] BUY FILLED id=382677434
[15:54:04.571] [EXEC] [EXEC] PLACE SELL price=81355.91 qty=0.061450
[15:54:04.851] [EXEC] [EXEC] SELL ORDER SENT orderId=382677622
[15:54:07.006] [EXEC] [EXEC] RECOVERY WAIT hard_sl_pending_recovery
[15:54:07.927] [EXEC] [EXEC] RECOVERY WAIT hard_sl_pending_recovery
[15:54:08.241] [EXEC] [EXEC] SELL TIMEOUT orderId=382677622
[15:54:08.244] [EXEC] [EXEC] CANCEL SELL orderId=382677622
[15:54:08.787] [EXEC] [EXEC] SELL FINAL STATUS status=CANCELED orderId=382677622
[15:54:08.791] [EXEC] [EXEC] SAFE EXIT floor=81355.88
[15:54:08.792] [EXEC] [EXEC] SELL REPRICE old=81355.91 new=81355.90 count=1
[15:54:08.793] [EXEC] [EXEC] PLACE SELL price=81355.90 qty=0.061450
[15:54:09.057] [EXEC] [EXEC] SELL ORDER SENT orderId=382677834
[15:54:10.146] [EXEC] [EXEC] RECOVERY WAIT hard_sl_pending_recovery
[15:54:12.898] [EXEC] [EXEC] SELL TIMEOUT orderId=382677834
[15:54:12.902] [EXEC] [EXEC] CANCEL SELL orderId=382677834
[15:54:13.428] [EXEC] [EXEC] SELL FINAL STATUS status=CANCELED orderId=382677834
[15:54:13.428] [EXEC] [EXEC] SAFE EXIT floor=81355.88
[15:54:13.428] [EXEC] [EXEC] SELL REPRICE old=81355.90 new=81355.89 count=2
[15:54:13.428] [EXEC] [EXEC] PLACE SELL price=81355.89 qty=0.061450
[15:54:13.700] [EXEC] [EXEC] SELL ORDER SENT orderId=382678088
[15:54:14.731] [EXEC] [EXEC] RECOVERY WAIT hard_sl_pending_recovery
[15:54:15.508] [EXEC] [EXEC] RECOVERY WAIT hard_sl_pending_recovery
[15:54:15.778] [EXEC] [EXEC] SELL TIMEOUT orderId=382678088
[15:54:15.781] [EXEC] [EXEC] CANCEL SELL orderId=382678088
[15:54:16.304] [EXEC] [EXEC] SELL FINAL STATUS status=CANCELED orderId=382678088
[15:54:16.304] [EXEC] [EXEC] FORCE EXIT hard_sl_triggered
[15:54:16.304] [EXEC] [EXEC] HARD SL triggered
[15:54:16.304] [EXEC] [EXEC] PANIC EXIT sl_mode
[15:54:16.321] [EXEC] [EXEC] FORCE EXIT price=81341.48
[15:54:16.324] [EXEC] [EXEC] PLACE SELL price=81341.48 qty=0.061450
[15:54:16.589] [EXEC] [EXEC] PANIC START price=81341.48
[15:54:16.591] [EXEC] [EXEC] SELL ORDER SENT orderId=382678253
[15:54:20.026] [EXEC] [EXEC] PANIC WAIT still_open orderId=382678253
[15:54:20.029] [EXEC] [EXEC] PANIC HOLD active orderId=382678253
[15:54:24.174] [EXEC] [EXEC] REALIZED pnl=-0.883969
[15:54:26.171] [EXEC] [EXEC] BUY ORDER SENT orderId=382678712 price=81336.56 qty=0.061470
[15:54:26.175] [EXEC] [EXEC] PLACE BUY price=81336.56 qty=0.061470
[15:54:26.488] [EXEC] [EXEC] BUY PARTIAL filled=0.061470 total=0.061470
[15:54:26.493] [EXEC] [EXEC] BUY REMAINING qty=0.000000
[15:54:26.494] [EXEC] [EXEC] POSITION qty=0.061470
[15:54:26.495] [EXEC] [EXEC] BUY FILLED id=382678712
[15:54:27.788] [EXEC] [EXEC] PLACE SELL price=81336.60 qty=0.061470
[15:54:28.056] [EXEC] [EXEC] SELL ORDER SENT orderId=382678869
[15:54:29.835] [EXEC] [EXEC] RECOVERY WAIT hard_sl_pending_recovery
[15:54:30.630] [EXEC] [EXEC] RECOVERY WAIT hard_sl_pending_recovery
[15:54:30.897] [EXEC] [EXEC] SELL TIMEOUT orderId=382678869
[15:54:30.901] [EXEC] [EXEC] CANCEL SELL orderId=382678869
[15:54:31.428] [EXEC] [EXEC] SELL FINAL STATUS status=CANCELED orderId=382678869
[15:54:31.428] [EXEC] [EXEC] SAFE EXIT floor=81336.57
[15:54:31.428] [EXEC] [EXEC] SELL REPRICE old=81336.60 new=81336.59 count=1
[15:54:31.428] [EXEC] [EXEC] PLACE SELL price=81336.59 qty=0.061470
[15:54:31.708] [EXEC] [EXEC] SELL ORDER SENT orderId=382679214
[15:54:32.835] [EXEC] [EXEC] RECOVERY WAIT hard_sl_pending_recovery
[15:54:35.053] [EXEC] [EXEC] RECOVERY WAIT hard_sl_pending_recovery
[15:54:35.324] [EXEC] [EXEC] SELL TIMEOUT orderId=382679214
[15:54:35.328] [EXEC] [EXEC] CANCEL SELL orderId=382679214
[15:54:35.857] [EXEC] [EXEC] SELL FINAL STATUS status=CANCELED orderId=382679214
[15:54:35.860] [EXEC] [EXEC] SAFE EXIT floor=81336.57
[15:54:35.861] [EXEC] [EXEC] SELL REPRICE old=81336.59 new=81336.58 count=2
[15:54:35.863] [EXEC] [EXEC] PLACE SELL price=81336.58 qty=0.061470
[15:54:36.115] [EXEC] [EXEC] SELL ORDER SENT orderId=382679511
[15:54:36.928] [EXEC] [EXEC] RECOVERY WAIT hard_sl_pending_recovery
[15:54:38.913] [EXEC] [EXEC] RECOVERY WAIT hard_sl_pending_recovery
[15:54:39.210] [EXEC] [EXEC] SELL TIMEOUT orderId=382679511
[15:54:39.214] [EXEC] [EXEC] CANCEL SELL orderId=382679511
[15:54:39.741] [EXEC] [EXEC] SELL FINAL STATUS status=CANCELED orderId=382679511
[15:54:39.759] [EXEC] [EXEC] FORCE EXIT hard_sl_triggered
[15:54:39.760] [EXEC] [EXEC] HARD SL triggered
[15:54:39.761] [EXEC] [EXEC] PANIC EXIT sl_mode
[15:54:39.763] [EXEC] [EXEC] FORCE EXIT price=81331.24
[15:54:39.766] [EXEC] [EXEC] PLACE SELL price=81331.24 qty=0.061470
[15:54:40.031] [EXEC] [EXEC] PANIC START price=81331.24
[15:54:40.036] [EXEC] [EXEC] SELL ORDER SENT orderId=382679734
[15:54:40.575] [EXEC] [EXEC] REALIZED pnl=-0.327020
[15:54:55.232] [EXEC] [EXEC] BUY ORDER SENT orderId=382680457 price=81324.01 qty=0.061480
[15:54:55.236] [EXEC] [EXEC] PLACE BUY price=81324.01 qty=0.061480
[15:54:57.031] [EXEC] [EXEC] PLACE SELL price=81335.88 qty=0.061480
[15:54:57.314] [EXEC] [EXEC] SELL ORDER SENT orderId=382680630
[15:55:00.722] [EXEC] [EXEC] REALIZED pnl=+0.729768
[15:55:02.462] [EXEC] [EXEC] BUY ORDER SENT orderId=382680959 price=81342.99 qty=0.061460
[15:55:02.466] [EXEC] [EXEC] PLACE BUY price=81342.99 qty=0.061460
[15:55:06.225] [EXEC] [EXEC] BUY TIMEOUT orderId=382680959
[15:55:06.225] [EXEC] [EXEC] CANCEL BUY orderId=382680959
[15:55:06.505] [EXEC] [EXEC] BUY CANCELED confirmed
[15:55:06.771] [EXEC] [EXEC] BUY FINAL STATUS status=CANCELED orderId=382680959
[15:55:06.771] [EXEC] [EXEC] BLOCK reason=buy_not_filled
[15:55:08.119] [EXEC] [EXEC] BUY ORDER SENT orderId=382681228 price=81356.02 qty=0.061450
[15:55:08.122] [EXEC] [EXEC] PLACE BUY price=81356.02 qty=0.061450
[15:55:13.265] [EXEC] [EXEC] BUY TIMEOUT orderId=382681228
[15:55:13.269] [EXEC] [EXEC] CANCEL BUY orderId=382681228
[15:55:13.537] [EXEC] [EXEC] BUY CANCELED confirmed
[15:55:13.814] [EXEC] [EXEC] BUY FINAL STATUS status=CANCELED orderId=382681228
[15:55:13.818] [EXEC] [EXEC] BLOCK reason=buy_not_filled
[15:55:20.524] [EXEC] [EXEC] BUY ORDER SENT orderId=382682085 price=81367.60 qty=0.061440
[15:55:20.528] [EXEC] [EXEC] PLACE BUY price=81367.60 qty=0.061440
[15:55:23.222] [EXEC] [EXEC] PLACE SELL price=81373.56 qty=0.061440
[15:55:23.490] [EXEC] [EXEC] SELL ORDER SENT orderId=382682260
[15:55:25.022] [EXEC] [EXEC] SELL FILLED id=382682260
[15:55:25.022] [EXEC] [EXEC] SELL FILLED qty=0.061440 remaining=0.000000
[15:55:25.022] [EXEC] [EXEC] REALIZED pnl=+0.366182
[15:55:25.022] [EXEC] [EXEC] PANIC FILLED
[15:55:25.022] [EXEC] [EXEC] PANIC RESET
[15:55:26.774] [EXEC] [EXEC] BUY ORDER SENT orderId=382682748 price=81394.79 qty=0.061420
[15:55:26.778] [EXEC] [EXEC] PLACE BUY price=81394.79 qty=0.061420
[15:55:28.448] [EXEC] [EXEC] PLACE SELL price=81399.99 qty=0.061420
[15:55:28.716] [EXEC] [EXEC] SELL ORDER SENT orderId=382682894
[15:55:29.268] [EXEC] [EXEC] RECOVERY WAIT hard_sl_pending_recovery
[15:55:30.258] [EXEC] [EXEC] RECOVERY WAIT hard_sl_pending_recovery
[15:55:32.600] [EXEC] [EXEC] SELL TIMEOUT orderId=382682894
[15:55:32.600] [EXEC] [EXEC] CANCEL SELL orderId=382682894
[15:55:33.164] [EXEC] [EXEC] SELL FINAL STATUS status=CANCELED orderId=382682894
[15:55:33.167] [EXEC] [EXEC] FORCE EXIT hard_sl_triggered
[15:55:33.169] [EXEC] [EXEC] HARD SL triggered
[15:55:33.170] [EXEC] [EXEC] PANIC EXIT sl_mode
[15:55:33.171] [EXEC] [EXEC] FORCE EXIT price=81392.61
[15:55:33.172] [EXEC] [EXEC] PLACE SELL price=81392.61 qty=0.061420
[15:55:33.464] [EXEC] [EXEC] PANIC START price=81392.61
[15:55:33.467] [EXEC] [EXEC] SELL ORDER SENT orderId=382683235
[15:55:34.054] [EXEC] [EXEC] REALIZED pnl=-0.133896
[15:55:36.943] [EXEC] [EXEC] BUY ORDER SENT orderId=382683556 price=81391.34 qty=0.061430
[15:55:36.946] [EXEC] [EXEC] PLACE BUY price=81391.34 qty=0.061430
[15:55:40.787] [EXEC] [EXEC] BUY TIMEOUT orderId=382683556
[15:55:40.787] [EXEC] [EXEC] CANCEL BUY orderId=382683556
[15:55:41.063] [EXEC] [EXEC] BUY CANCELED confirmed
[15:55:41.338] [EXEC] [EXEC] BUY FINAL STATUS status=FILLED orderId=382683556
[15:55:41.341] [EXEC] [EXEC] BUY FILLED during cancel
[15:55:41.343] [EXEC] [EXEC] BUY FILLED id=382683556
[15:55:41.881] [EXEC] [EXEC] BLOCK reason=no_position_to_sell
[15:55:43.162] [EXEC] [EXEC] PLACE SELL price=81391.38 qty=0.061430
[15:55:43.438] [EXEC] [EXEC] SELL ORDER SENT orderId=382684251
[15:55:46.583] [EXEC] [EXEC] PANIC WAIT still_open orderId=382684251
[15:55:46.584] [EXEC] [EXEC] PANIC HOLD active orderId=382684251
[15:55:50.459] [EXEC] [EXEC] PANIC WAIT still_open orderId=382684251
[15:55:50.459] [EXEC] [EXEC] PANIC HOLD active orderId=382684251
[15:55:51.319] [EXEC] [EXEC] PANIC HOLD active orderId=382684251
[15:55:54.318] [EXEC] [EXEC] PANIC WAIT still_open orderId=382684251
[15:55:54.318] [EXEC] [EXEC] PANIC STALE detected orderId=382684251
[15:55:54.318] [EXEC] [EXEC] PANIC ESCALATE old=81392.61 new=81354.51 qty=0.061430
[15:55:55.137] [EXEC] [EXEC] PANIC ESCALATE placed orderId=382685055
[15:55:56.013] [EXEC] [EXEC] REALIZED pnl=-2.221955
[15:55:56.314] [EXEC] [EXEC] BUY ORDER SENT orderId=382685114 price=81359.14 qty=0.061450
[15:55:56.317] [EXEC] [EXEC] PLACE BUY price=81359.14 qty=0.061450
[15:55:57.472] [EXEC] [EXEC] PLACE SELL price=81367.75 qty=0.061450
[15:55:57.740] [EXEC] [EXEC] SELL ORDER SENT orderId=382685249
[15:56:02.729] [EXEC] [EXEC] PANIC WAIT still_open orderId=382685249
[15:56:02.733] [EXEC] [EXEC] PANIC HOLD active orderId=382685249
[15:56:06.787] [EXEC] [EXEC] SELL FILLED id=382685249
[15:56:06.804] [EXEC] [EXEC] SELL FILLED qty=0.061450 remaining=0.000000
[15:56:06.807] [EXEC] [EXEC] REALIZED pnl=+0.529084
[15:56:06.810] [EXEC] [EXEC] PANIC FILLED
[15:56:06.811] [EXEC] [EXEC] PANIC RESET
[15:56:08.067] [EXEC] [EXEC] BUY ORDER SENT orderId=382685982 price=81365.92 qty=0.061450
[15:56:08.071] [EXEC] [EXEC] PLACE BUY price=81365.92 qty=0.061450
[15:56:08.363] [EXEC] [EXEC] BUY PARTIAL filled=0.061450 total=0.061450
[15:56:08.366] [EXEC] [EXEC] BUY REMAINING qty=0.000000
[15:56:08.367] [EXEC] [EXEC] POSITION qty=0.061450
[15:56:08.369] [EXEC] [EXEC] BUY FILLED id=382685982
[15:56:09.855] [EXEC] [EXEC] PLACE SELL price=81369.73 qty=0.061450
[15:56:10.142] [EXEC] [EXEC] SELL ORDER SENT orderId=382686133
[15:56:11.205] [EXEC] [EXEC] RECOVERY WAIT hard_sl_pending_recovery
[15:56:12.656] [EXEC] [EXEC] RECOVERY WAIT hard_sl_pending_recovery
[15:56:12.932] [EXEC] [EXEC] SELL TIMEOUT orderId=382686133
[15:56:12.936] [EXEC] [EXEC] CANCEL SELL orderId=382686133
[15:56:13.495] [EXEC] [EXEC] SELL FINAL STATUS status=CANCELED orderId=382686133
[15:56:13.497] [EXEC] [EXEC] SAFE EXIT floor=81365.93
[15:56:13.498] [EXEC] [EXEC] SELL REPRICE old=81369.73 new=81369.72 count=1
[15:56:13.499] [EXEC] [EXEC] PLACE SELL price=81369.72 qty=0.061450
[15:56:13.770] [EXEC] [EXEC] SELL ORDER SENT orderId=382686308
[15:56:14.703] [EXEC] [EXEC] RECOVERY WAIT hard_sl_pending_recovery
[15:56:16.749] [EXEC] [EXEC] RECOVERY WAIT hard_sl_pending_recovery
[15:56:17.050] [EXEC] [EXEC] SELL TIMEOUT orderId=382686308
[15:56:17.054] [EXEC] [EXEC] CANCEL SELL orderId=382686308
[15:56:17.617] [EXEC] [EXEC] SELL FINAL STATUS status=CANCELED orderId=382686308
[15:56:17.620] [EXEC] [EXEC] SAFE EXIT floor=81365.93
[15:56:17.622] [EXEC] [EXEC] SELL REPRICE old=81369.72 new=81369.71 count=2
[15:56:17.623] [EXEC] [EXEC] PLACE SELL price=81369.71 qty=0.061450
[15:56:17.892] [EXEC] [EXEC] SELL ORDER SENT orderId=382686456
[15:56:19.792] [EXEC] [EXEC] RECOVERY WAIT hard_sl_pending_recovery
[15:56:20.059] [EXEC] [EXEC] SELL TIMEOUT orderId=382686456
[15:56:20.062] [EXEC] [EXEC] CANCEL SELL orderId=382686456
[15:56:20.610] [EXEC] [EXEC] SELL FINAL STATUS status=CANCELED orderId=382686456
[15:56:20.613] [EXEC] [EXEC] FORCE EXIT hard_sl_triggered
[15:56:20.614] [EXEC] [EXEC] HARD SL triggered
[15:56:20.615] [EXEC] [EXEC] PANIC EXIT sl_mode
[15:56:20.617] [EXEC] [EXEC] FORCE EXIT price=81360.99
[15:56:20.618] [EXEC] [EXEC] PLACE SELL price=81360.99 qty=0.061450
[15:56:20.882] [EXEC] [EXEC] PANIC START price=81360.99
[15:56:20.886] [EXEC] [EXEC] SELL ORDER SENT orderId=382686659
[15:56:22.358] [EXEC] [EXEC] REALIZED pnl=-0.302949
[15:56:22.786] [EXEC] [EXEC] BUY ORDER SENT orderId=382686817 price=81356.01 qty=0.061450
[15:56:22.790] [EXEC] [EXEC] PLACE BUY price=81356.01 qty=0.061450
[15:56:27.076] [EXEC] [EXEC] BUY TIMEOUT orderId=382686817
[15:56:27.078] [EXEC] [EXEC] CANCEL BUY orderId=382686817
[15:56:27.369] [EXEC] [EXEC] BUY CANCELED confirmed
[15:56:27.648] [EXEC] [EXEC] BUY FINAL STATUS status=CANCELED orderId=382686817
[15:56:27.652] [EXEC] [EXEC] BLOCK reason=buy_not_filled
[15:56:29.994] [EXEC] [EXEC] BUY ORDER SENT orderId=382686970 price=81359.13 qty=0.061450
[15:56:29.997] [EXEC] [EXEC] PLACE BUY price=81359.13 qty=0.061450
[15:56:31.579] [EXEC] [EXEC] BUY PARTIAL filled=0.061450 total=0.061450
[15:56:31.582] [EXEC] [EXEC] BUY REMAINING qty=0.000000
[15:56:31.583] [EXEC] [EXEC] POSITION qty=0.061450
[15:56:31.584] [EXEC] [EXEC] BUY FILLED id=382686970
[15:56:33.739] [EXEC] [EXEC] PLACE SELL price=81359.99 qty=0.061450
[15:56:34.042] [EXEC] [EXEC] SELL ORDER SENT orderId=382687187
[15:56:34.112] [EXEC] [EXEC] RECOVERY WAIT hard_sl_pending_recovery
[15:56:34.913] [EXEC] [EXEC] REALIZED pnl=+0.052847
[15:56:36.595] [EXEC] [EXEC] BUY ORDER SENT orderId=382687349 price=81356.27 qty=0.061450
[15:56:36.599] [EXEC] [EXEC] PLACE BUY price=81356.27 qty=0.061450
[15:56:39.055] [EXEC] [EXEC] BUY PARTIAL filled=0.061450 total=0.061450
[15:56:39.058] [EXEC] [EXEC] BUY REMAINING qty=0.000000
[15:56:39.060] [EXEC] [EXEC] POSITION qty=0.061450
[15:56:39.061] [EXEC] [EXEC] BUY FILLED id=382687349
[15:56:40.363] [EXEC] [EXEC] PLACE SELL price=81356.31 qty=0.061450
[15:56:40.663] [EXEC] [EXEC] SELL ORDER SENT orderId=382687719
[15:56:42.356] [EXEC] [EXEC] RECOVERY WAIT hard_sl_pending_recovery
[15:56:43.889] [EXEC] [EXEC] REALIZED pnl=+0.002458
[16:03:51.908] [EXEC] [EXEC] LIVE ON
[16:03:51.910] [EXEC] [EXEC] WAIT READY
[16:03:52.439] [EXEC] [EXEC] BUY ORDER SENT orderId=382713865 price=81328.58 qty=0.061470
[16:03:52.442] [EXEC] [EXEC] PLACE BUY price=81328.58 qty=0.061470
[16:03:57.294] [EXEC] [EXEC] BUY PARTIAL filled=0.061470 total=0.061470
[16:03:57.297] [EXEC] [EXEC] BUY REMAINING qty=0.000000
[16:03:57.298] [EXEC] [EXEC] POSITION qty=0.061470
[16:03:57.299] [EXEC] [EXEC] BUY FILLED id=382713865
[16:03:58.590] [EXEC] [EXEC] PLACE SELL price=81328.62 qty=0.061470
[16:03:58.880] [EXEC] [EXEC] SELL ORDER SENT orderId=382714071
[16:04:00.630] [EXEC] [EXEC] RECOVERY WAIT hard_sl_pending_recovery
[16:04:00.896] [EXEC] [EXEC] SELL FILLED id=382714071
[16:04:00.899] [EXEC] [EXEC] SELL FILLED qty=0.061470 remaining=0.000000
[16:04:00.900] [EXEC] [EXEC] REALIZED pnl=+0.002459
[16:04:01.766] [EXEC] [EXEC] BUY ORDER SENT orderId=382714227 price=81321.30 qty=0.061480
[16:04:01.769] [EXEC] [EXEC] PLACE BUY price=81321.30 qty=0.061480
[16:04:06.667] [EXEC] [EXEC] BUY TIMEOUT orderId=382714227
[16:04:06.670] [EXEC] [EXEC] CANCEL BUY orderId=382714227
[16:04:06.939] [EXEC] [EXEC] BUY CANCELED confirmed
[16:04:07.206] [EXEC] [EXEC] BUY FINAL STATUS status=CANCELED orderId=382714227
[16:04:07.210] [EXEC] [EXEC] BLOCK reason=buy_not_filled
[16:04:08.256] [EXEC] [EXEC] BUY ORDER SENT orderId=382714563 price=81335.33 qty=0.061470
[16:04:08.259] [EXEC] [EXEC] PLACE BUY price=81335.33 qty=0.061470
[16:04:09.566] [EXEC] [EXEC] PLACE SELL price=81339.06 qty=0.061470
[16:04:09.837] [EXEC] [EXEC] SELL ORDER SENT orderId=382714655
[16:04:10.462] [EXEC] [EXEC] RECOVERY WAIT hard_sl_pending_recovery
[16:04:10.734] [EXEC] [EXEC] SELL FILLED id=382714655
[16:04:10.738] [EXEC] [EXEC] SELL FILLED qty=0.061470 remaining=0.000000
[16:04:10.739] [EXEC] [EXEC] REALIZED pnl=+0.229283
[16:04:12.961] [EXEC] [EXEC] BUY ORDER SENT orderId=382714784 price=81333.07 qty=0.061470
[16:04:12.965] [EXEC] [EXEC] PLACE BUY price=81333.07 qty=0.061470
[16:04:16.671] [EXEC] [EXEC] PLACE SELL price=81335.81 qty=0.061470
[16:04:16.941] [EXEC] [EXEC] SELL ORDER SENT orderId=382714901
[16:04:17.734] [EXEC] [EXEC] RECOVERY WAIT hard_sl_pending_recovery
[16:04:19.919] [EXEC] [EXEC] REALIZED pnl=+0.168428
[16:04:20.435] [EXEC] [EXEC] BUY ORDER SENT orderId=382714959 price=81334.39 qty=0.061470
[16:04:20.438] [EXEC] [EXEC] PLACE BUY price=81334.39 qty=0.061470
[16:04:21.734] [EXEC] [EXEC] PLACE SELL price=81343.99 qty=0.061470
[16:04:22.009] [EXEC] [EXEC] SELL ORDER SENT orderId=382714997
[16:04:23.938] [EXEC] [EXEC] RECOVERY WAIT hard_sl_pending_recovery
[16:04:25.808] [EXEC] [EXEC] RECOVERY WAIT hard_sl_pending_recovery
[16:04:26.096] [EXEC] [EXEC] SELL TIMEOUT orderId=382714997
[16:04:26.100] [EXEC] [EXEC] CANCEL SELL orderId=382714997
[16:04:26.634] [EXEC] [EXEC] SELL FINAL STATUS status=CANCELED orderId=382714997
[16:04:26.638] [EXEC] [EXEC] SELL TIMEOUT check fast_exit
[16:04:26.641] [EXEC] [EXEC] FORCE EXIT hard_sl_triggered
[16:04:26.643] [EXEC] [EXEC] HARD SL triggered
[16:04:26.646] [EXEC] [EXEC] PANIC EXIT sl_mode
[16:04:26.648] [EXEC] [EXEC] FORCE EXIT price=81321.96
[16:04:26.649] [EXEC] [EXEC] PLACE SELL price=81321.96 qty=0.061470
[16:04:26.911] [EXEC] [EXEC] PANIC START price=81321.96
[16:04:26.914] [EXEC] [EXEC] SELL ORDER SENT orderId=382715263
[16:04:29.534] [EXEC] [EXEC] PANIC WAIT still_open orderId=382715263
[16:04:29.537] [EXEC] [EXEC] PANIC HOLD active orderId=382715263
[16:04:30.444] [EXEC] [EXEC] PANIC HOLD active orderId=382715263
[16:04:31.579] [EXEC] [EXEC] REALIZED pnl=-0.764072
[16:04:32.789] [EXEC] [EXEC] BUY ORDER SENT orderId=382715597 price=81331.72 qty=0.061470
[16:04:32.792] [EXEC] [EXEC] PLACE BUY price=81331.72 qty=0.061470
[16:04:36.688] [EXEC] [EXEC] BUY TIMEOUT orderId=382715597
[16:04:36.691] [EXEC] [EXEC] CANCEL BUY orderId=382715597
[16:04:36.954] [EXEC] [EXEC] BUY CANCELED confirmed
[16:04:37.231] [EXEC] [EXEC] BUY FINAL STATUS status=CANCELED orderId=382715597
[16:04:37.235] [EXEC] [EXEC] BLOCK reason=buy_not_filled
[16:04:38.589] [EXEC] [EXEC] BUY ORDER SENT orderId=382715797 price=81338.12 qty=0.061470
[16:04:38.592] [EXEC] [EXEC] PLACE BUY price=81338.12 qty=0.061470
[16:04:39.242] [EXEC] [EXEC] PLACE SELL price=81338.16 qty=0.061470
[16:04:39.511] [EXEC] [EXEC] SELL ORDER SENT orderId=382715885
[16:04:40.556] [EXEC] [EXEC] REALIZED pnl=+0.002459
[16:04:41.097] [EXEC] [EXEC] BUY ORDER SENT orderId=382716028 price=81343.99 qty=0.061460
[16:04:41.100] [EXEC] [EXEC] PLACE BUY price=81343.99 qty=0.061460
[16:04:43.369] [EXEC] [EXEC] PLACE SELL price=81346.59 qty=0.061460
[16:04:43.637] [EXEC] [EXEC] SELL ORDER SENT orderId=382716114
[16:04:44.309] [EXEC] [EXEC] REALIZED pnl=+0.159796
[16:04:46.684] [EXEC] [EXEC] BUY ORDER SENT orderId=382716212 price=81341.51 qty=0.061460
[16:04:46.689] [EXEC] [EXEC] PLACE BUY price=81341.51 qty=0.061460
[16:04:48.644] [EXEC] [EXEC] PLACE SELL price=81342.86 qty=0.061460
[16:04:48.927] [EXEC] [EXEC] SELL ORDER SENT orderId=382716291
[16:04:50.567] [EXEC] [EXEC] REALIZED pnl=+0.082971
[16:04:55.980] [EXEC] [EXEC] BUY ORDER SENT orderId=382716550 price=81340.00 qty=0.061470
[16:04:55.984] [EXEC] [EXEC] PLACE BUY price=81340.00 qty=0.061470
[16:04:57.945] [EXEC] [EXEC] BUY PARTIAL filled=0.061470 total=0.061470
[16:04:57.949] [EXEC] [EXEC] BUY REMAINING qty=0.000000
[16:04:57.952] [EXEC] [EXEC] POSITION qty=0.061470
[16:04:57.955] [EXEC] [EXEC] BUY FILLED id=382716550
[16:04:59.505] [EXEC] [EXEC] PLACE SELL price=81340.04 qty=0.061470
[16:04:59.791] [EXEC] [EXEC] SELL ORDER SENT orderId=382716767
[16:05:00.806] [EXEC] [EXEC] RECOVERY WAIT hard_sl_pending_recovery
[16:05:02.525] [EXEC] [EXEC] REALIZED pnl=+0.002459
[16:05:03.066] [EXEC] [EXEC] BUY ORDER SENT orderId=382717058 price=81336.03 qty=0.061470
[16:05:03.069] [EXEC] [EXEC] PLACE BUY price=81336.03 qty=0.061470
[16:05:09.494] [EXEC] [EXEC] BUY TIMEOUT orderId=382717058
[16:05:09.497] [EXEC] [EXEC] CANCEL BUY orderId=382717058
[16:05:09.804] [EXEC] [EXEC] BUY CANCELED confirmed
[16:05:10.279] [EXEC] [EXEC] BUY FINAL STATUS status=CANCELED orderId=382717058
[16:05:10.282] [EXEC] [EXEC] BLOCK reason=buy_not_filled
[16:05:12.238] [EXEC] [EXEC] BUY ORDER SENT orderId=382717455 price=81348.01 qty=0.061460
[16:05:12.241] [EXEC] [EXEC] PLACE BUY price=81348.01 qty=0.061460
[16:05:13.833] [EXEC] [EXEC] BUY PARTIAL filled=0.000070 total=0.000070
[16:05:13.836] [EXEC] [EXEC] BUY REMAINING qty=0.061390
[16:05:13.838] [EXEC] [EXEC] POSITION qty=0.000070
[16:05:15.008] [EXEC] [EXEC] PLACE SELL price=81367.99 qty=0.000070
[16:05:15.276] [EXEC] [EXEC] SELL ORDER SENT orderId=382717611
[16:05:17.369] [EXEC] [EXEC] REALIZED pnl=+0.001399
[16:05:19.823] [EXEC] [EXEC] BUY ORDER SENT orderId=382718003 price=81372.29 qty=0.061440
[16:05:19.827] [EXEC] [EXEC] PLACE BUY price=81372.29 qty=0.061440
[16:05:24.815] [EXEC] [EXEC] BUY TIMEOUT orderId=382718003
[16:05:24.819] [EXEC] [EXEC] CANCEL BUY orderId=382718003
[16:05:25.085] [EXEC] [EXEC] BUY CANCELED confirmed
[16:05:25.375] [EXEC] [EXEC] BUY FINAL STATUS status=CANCELED orderId=382718003
[16:05:25.378] [EXEC] [EXEC] BLOCK reason=buy_not_filled
[16:05:28.741] [EXEC] [EXEC] BUY ORDER SENT orderId=382718478 price=81363.01 qty=0.061450
[16:05:28.744] [EXEC] [EXEC] PLACE BUY price=81363.01 qty=0.061450
[16:05:33.258] [EXEC] [EXEC] BUY TIMEOUT orderId=382718478
[16:05:33.261] [EXEC] [EXEC] CANCEL BUY orderId=382718478
[16:05:33.524] [EXEC] [EXEC] BUY CANCELED confirmed
[16:05:33.800] [EXEC] [EXEC] BUY FINAL STATUS status=CANCELED orderId=382718478
[16:05:33.804] [EXEC] [EXEC] BLOCK reason=buy_not_filled
[16:05:35.375] [EXEC] [EXEC] BUY ORDER SENT orderId=382718816 price=81374.91 qty=0.061440
[16:05:35.379] [EXEC] [EXEC] PLACE BUY price=81374.91 qty=0.061440
[16:05:38.459] [EXEC] [EXEC] PLACE SELL price=81379.88 qty=0.061440
[16:05:38.720] [EXEC] [EXEC] SELL ORDER SENT orderId=382718886
[16:05:39.242] [EXEC] [EXEC] RECOVERY WAIT hard_sl_pending_recovery
[16:05:41.672] [EXEC] [EXEC] RECOVERY WAIT hard_sl_pending_recovery
[16:05:41.940] [EXEC] [EXEC] SELL TIMEOUT orderId=382718886
[16:05:41.943] [EXEC] [EXEC] CANCEL SELL orderId=382718886
[16:05:42.484] [EXEC] [EXEC] SELL FINAL STATUS status=CANCELED orderId=382718886
[16:05:42.488] [EXEC] [EXEC] SELL TIMEOUT check fast_exit
[16:05:42.489] [EXEC] [EXEC] FORCE EXIT hard_sl_triggered
[16:05:42.490] [EXEC] [EXEC] HARD SL triggered
[16:05:42.491] [EXEC] [EXEC] PANIC EXIT sl_mode
[16:05:42.492] [EXEC] [EXEC] FORCE EXIT price=81371.81
[16:05:42.493] [EXEC] [EXEC] PLACE SELL price=81371.81 qty=0.061440
[16:05:42.760] [EXEC] [EXEC] PANIC START price=81371.81
[16:05:42.764] [EXEC] [EXEC] SELL ORDER SENT orderId=382719121
[16:05:43.361] [EXEC] [EXEC] REALIZED pnl=-0.188287
[16:05:45.168] [EXEC] [EXEC] BUY ORDER SENT orderId=382719259 price=81377.45 qty=0.061440
[16:05:45.170] [EXEC] [EXEC] PLACE BUY price=81377.45 qty=0.061440
[16:05:45.916] [EXEC] [EXEC] BUY PARTIAL filled=0.061440 total=0.061440
[16:05:45.917] [EXEC] [EXEC] BUY REMAINING qty=0.000000
[16:05:45.917] [EXEC] [EXEC] POSITION qty=0.061440
[16:05:45.918] [EXEC] [EXEC] BUY FILLED id=382719259
[16:05:47.376] [EXEC] [EXEC] PLACE SELL price=81383.20 qty=0.061440
[16:05:47.657] [EXEC] [EXEC] SELL ORDER SENT orderId=382719590
[16:05:48.443] [EXEC] [EXEC] SELL FILLED id=382719590
[16:05:48.446] [EXEC] [EXEC] SELL FILLED qty=0.061440 remaining=0.000000
[16:05:48.449] [EXEC] [EXEC] REALIZED pnl=+0.353280
[16:05:49.203] [EXEC] [EXEC] BUY ORDER SENT orderId=382719648 price=81380.01 qty=0.061440
[16:05:49.206] [EXEC] [EXEC] PLACE BUY price=81380.01 qty=0.061440
[16:05:50.493] [EXEC] [EXEC] PLACE SELL price=81381.80 qty=0.061440
[16:05:50.764] [EXEC] [EXEC] SELL ORDER SENT orderId=382719714
[16:05:51.424] [EXEC] [EXEC] REALIZED pnl=+0.109978
[16:05:53.261] [EXEC] [EXEC] BUY ORDER SENT orderId=382719958 price=81378.43 qty=0.061440
[16:05:53.265] [EXEC] [EXEC] PLACE BUY price=81378.43 qty=0.061440
[16:05:58.275] [EXEC] [EXEC] BUY TIMEOUT orderId=382719958
[16:05:58.279] [EXEC] [EXEC] CANCEL BUY orderId=382719958
[16:05:58.543] [EXEC] [EXEC] BUY CANCELED confirmed
[16:05:58.864] [EXEC] [EXEC] BUY FINAL STATUS status=CANCELED orderId=382719958
[16:05:58.867] [EXEC] [EXEC] BLOCK reason=buy_not_filled
[16:06:03.742] [EXEC] [EXEC] BUY ORDER SENT orderId=382720409 price=81388.01 qty=0.061430
[16:06:03.746] [EXEC] [EXEC] PLACE BUY price=81388.01 qty=0.061430
[16:06:08.929] [EXEC] [EXEC] BUY TIMEOUT orderId=382720409
[16:06:08.932] [EXEC] [EXEC] CANCEL BUY orderId=382720409
[16:06:09.461] [EXEC] [EXEC] BUY CANCELED confirmed
[16:06:09.874] [EXEC] [EXEC] BUY FINAL STATUS status=CANCELED orderId=382720409
[16:06:09.877] [EXEC] [EXEC] BLOCK reason=buy_not_filled
[16:06:11.549] [EXEC] [EXEC] BUY ORDER SENT orderId=382720948 price=81397.71 qty=0.061420
[16:06:11.552] [EXEC] [EXEC] PLACE BUY price=81397.71 qty=0.061420
[16:06:13.990] [EXEC] [EXEC] BUY PARTIAL filled=0.061420 total=0.061420
[16:06:13.993] [EXEC] [EXEC] BUY REMAINING qty=0.000000
[16:06:13.995] [EXEC] [EXEC] POSITION qty=0.061420
[16:06:13.996] [EXEC] [EXEC] BUY FILLED id=382720948
[16:06:16.272] [EXEC] [EXEC] PLACE SELL price=81406.11 qty=0.061420
[16:06:16.539] [EXEC] [EXEC] SELL ORDER SENT orderId=382721181
[16:06:17.089] [EXEC] [EXEC] REALIZED pnl=+0.515928
[16:06:17.644] [EXEC] [EXEC] BUY ORDER SENT orderId=382721255 price=81402.17 qty=0.061420
[16:06:17.648] [EXEC] [EXEC] PLACE BUY price=81402.17 qty=0.061420
[16:06:22.960] [EXEC] [EXEC] BUY TIMEOUT orderId=382721255
[16:06:22.963] [EXEC] [EXEC] CANCEL BUY orderId=382721255
[16:06:23.228] [EXEC] [EXEC] BUY CANCELED confirmed
[16:06:23.490] [EXEC] [EXEC] BUY FINAL STATUS status=CANCELED orderId=382721255
[16:06:23.494] [EXEC] [EXEC] BLOCK reason=buy_not_filled
[16:06:25.099] [EXEC] [EXEC] BUY ORDER SENT orderId=382722261 price=81440.38 qty=0.061390
[16:06:25.103] [EXEC] [EXEC] PLACE BUY price=81440.38 qty=0.061390
[16:06:26.699] [EXEC] [EXEC] BUY PARTIAL filled=0.000070 total=0.000070
[16:06:26.702] [EXEC] [EXEC] BUY REMAINING qty=0.061320
[16:06:26.705] [EXEC] [EXEC] POSITION qty=0.000070
[16:06:28.895] [EXEC] [EXEC] PLACE SELL price=81450.77 qty=0.000070
[16:06:29.163] [EXEC] [EXEC] SELL ORDER SENT orderId=382722543
[16:06:33.109] [EXEC] [EXEC] SELL TIMEOUT orderId=382722543
[16:06:33.113] [EXEC] [EXEC] CANCEL SELL orderId=382722543
[16:06:33.642] [EXEC] [EXEC] SELL FINAL STATUS status=CANCELED orderId=382722543
[16:06:33.645] [EXEC] [EXEC] SELL TIMEOUT check fast_exit
[16:06:33.646] [EXEC] [EXEC] FAST SAFE EXIT price=81442.01 entry=81440.38 bid=81442.00
[16:06:33.647] [EXEC] [EXEC] SELL REPRICE old=81450.77 new=81450.76 count=1
[16:06:33.649] [EXEC] [EXEC] SELL REPLACE remaining=0.000070
[16:06:33.650] [EXEC] [EXEC] PLACE SELL price=81450.76 qty=0.000070
[16:06:33.925] [EXEC] [EXEC] SELL ORDER SENT orderId=382722744
[16:06:34.568] [EXEC] [EXEC] RECOVERY WAIT hard_sl_pending_recovery
[16:06:35.941] [EXEC] [EXEC] RECOVERY WAIT hard_sl_pending_recovery
[16:06:36.226] [EXEC] [EXEC] SELL TIMEOUT orderId=382722744
[16:06:36.229] [EXEC] [EXEC] CANCEL SELL orderId=382722744
[16:06:36.760] [EXEC] [EXEC] SELL FINAL STATUS status=CANCELED orderId=382722744
[16:06:36.763] [EXEC] [EXEC] SELL TIMEOUT check fast_exit
[16:06:36.766] [EXEC] [EXEC] FORCE EXIT hard_sl_triggered
[16:06:36.769] [EXEC] [EXEC] HARD SL triggered
[16:06:36.771] [EXEC] [EXEC] PANIC EXIT sl_mode
[16:06:36.772] [EXEC] [EXEC] FORCE EXIT price=81442.80
[16:06:36.773] [EXEC] [EXEC] PLACE SELL price=81442.80 qty=0.000070
[16:06:37.035] [EXEC] [EXEC] PANIC START price=81442.80
[16:06:37.039] [EXEC] [EXEC] SELL ORDER SENT orderId=382722834
[16:06:39.689] [EXEC] [EXEC] PANIC WAIT still_open orderId=382722834
[16:06:39.692] [EXEC] [EXEC] PANIC HOLD active orderId=382722834
[16:06:41.145] [EXEC] [EXEC] SELL FILLED id=382722834
[16:06:41.149] [EXEC] [EXEC] SELL FILLED qty=0.000070 remaining=0.000000
[16:06:41.150] [EXEC] [EXEC] REALIZED pnl=+0.000169
[16:06:41.151] [EXEC] [EXEC] PANIC FILLED
[16:06:41.152] [EXEC] [EXEC] PANIC RESET
[16:06:41.704] [EXEC] [EXEC] BUY ORDER SENT orderId=382723055 price=81446.54 qty=0.061380
[16:06:41.708] [EXEC] [EXEC] PLACE BUY price=81446.54 qty=0.061380
[16:06:45.511] [EXEC] [EXEC] BUY TIMEOUT orderId=382723055
[16:06:45.515] [EXEC] [EXEC] CANCEL BUY orderId=382723055
[16:06:45.786] [EXEC] [EXEC] BUY CANCELED confirmed
[16:06:46.050] [EXEC] [EXEC] BUY FINAL STATUS status=CANCELED orderId=382723055
[16:06:46.054] [EXEC] [EXEC] BLOCK reason=buy_not_filled
[16:06:48.740] [EXEC] [EXEC] BUY ORDER SENT orderId=382723977 price=81452.24 qty=0.061380
[16:06:48.744] [EXEC] [EXEC] PLACE BUY price=81452.24 qty=0.061380
[16:06:49.920] [EXEC] [EXEC] PLACE SELL price=81458.65 qty=0.061380
[16:06:50.193] [EXEC] [EXEC] SELL ORDER SENT orderId=382724091
[16:06:50.742] [EXEC] [EXEC] REALIZED pnl=+0.393446
[16:06:52.021] [EXEC] [EXEC] BUY ORDER SENT orderId=382724329 price=81462.63 qty=0.061370
[16:06:52.024] [EXEC] [EXEC] PLACE BUY price=81462.63 qty=0.061370
[16:06:56.079] [EXEC] [EXEC] BUY TIMEOUT orderId=382724329
[16:06:56.083] [EXEC] [EXEC] CANCEL BUY orderId=382724329
[16:06:56.362] [EXEC] [EXEC] BUY CANCELED confirmed
[16:06:56.628] [EXEC] [EXEC] BUY FINAL STATUS status=CANCELED orderId=382724329
[16:06:56.631] [EXEC] [EXEC] BLOCK reason=buy_not_filled
[16:07:02.537] [EXEC] [EXEC] BUY ORDER SENT orderId=382725068 price=81475.82 qty=0.061360
[16:07:02.542] [EXEC] [EXEC] PLACE BUY price=81475.82 qty=0.061360
[16:07:07.201] [EXEC] [EXEC] BUY TIMEOUT orderId=382725068
[16:07:07.204] [EXEC] [EXEC] CANCEL BUY orderId=382725068
[16:07:07.472] [EXEC] [EXEC] BUY CANCELED confirmed
[16:07:07.745] [EXEC] [EXEC] BUY FINAL STATUS status=CANCELED orderId=382725068
[16:07:07.749] [EXEC] [EXEC] BLOCK reason=buy_not_filled
[16:07:10.290] [EXEC] [EXEC] BUY ORDER SENT orderId=382725618 price=81474.79 qty=0.061360
[16:07:10.293] [EXEC] [EXEC] PLACE BUY price=81474.79 qty=0.061360
[16:07:14.531] [EXEC] [EXEC] BUY TIMEOUT orderId=382725618
[16:07:14.534] [EXEC] [EXEC] CANCEL BUY orderId=382725618
[16:07:14.803] [EXEC] [EXEC] BUY CANCELED confirmed
[16:07:15.065] [EXEC] [EXEC] BUY FINAL STATUS status=CANCELED orderId=382725618
[16:07:15.069] [EXEC] [EXEC] BLOCK reason=buy_not_filled
[16:07:17.635] [EXEC] [EXEC] BUY ORDER SENT orderId=382726215 price=81486.74 qty=0.061350
[16:07:17.639] [EXEC] [EXEC] PLACE BUY price=81486.74 qty=0.061350
[16:07:22.847] [EXEC] [EXEC] BUY TIMEOUT orderId=382726215
[16:07:22.850] [EXEC] [EXEC] CANCEL BUY orderId=382726215
[16:07:23.144] [EXEC] [EXEC] BUY CANCELED confirmed
[16:07:23.463] [EXEC] [EXEC] BUY FINAL STATUS status=CANCELED orderId=382726215
[16:07:23.467] [EXEC] [EXEC] BLOCK reason=buy_not_filled
[16:07:25.172] [EXEC] [EXEC] BUY ORDER SENT orderId=382726906 price=81502.35 qty=0.061340
[16:07:25.176] [EXEC] [EXEC] PLACE BUY price=81502.35 qty=0.061340
[16:07:27.651] [EXEC] [EXEC] BUY PARTIAL filled=0.061340 total=0.061340
[16:07:27.655] [EXEC] [EXEC] BUY REMAINING qty=0.000000
[16:07:27.658] [EXEC] [EXEC] POSITION qty=0.061340
[16:07:27.660] [EXEC] [EXEC] BUY FILLED id=382726906
[16:07:28.944] [EXEC] [EXEC] PLACE SELL price=81502.39 qty=0.061340
[16:07:29.238] [EXEC] [EXEC] SELL ORDER SENT orderId=382727476
[16:07:29.772] [EXEC] [EXEC] REALIZED pnl=+0.001840
[16:07:31.010] [EXEC] [EXEC] BUY ORDER SENT orderId=382727731 price=81487.50 qty=0.061350
[16:07:31.013] [EXEC] [EXEC] PLACE BUY price=81487.50 qty=0.061350
[16:07:32.409] [EXEC] [EXEC] BUY PARTIAL filled=0.061350 total=0.061350
[16:07:32.412] [EXEC] [EXEC] BUY REMAINING qty=0.000000
[16:07:32.413] [EXEC] [EXEC] POSITION qty=0.061350
[16:07:32.414] [EXEC] [EXEC] BUY FILLED id=382727731
[16:07:33.020] [EXEC] [EXEC] PLACE SELL price=81495.99 qty=0.061350
[16:07:33.283] [EXEC] [EXEC] SELL ORDER SENT orderId=382728013
[16:07:34.353] [EXEC] [EXEC] REALIZED pnl=+0.520862
[16:07:34.865] [EXEC] [EXEC] BUY ORDER SENT orderId=382728176 price=81507.77 qty=0.061340
[16:07:34.868] [EXEC] [EXEC] PLACE BUY price=81507.77 qty=0.061340
[16:07:36.645] [EXEC] [EXEC] PLACE SELL price=81508.69 qty=0.061340
[16:07:36.920] [EXEC] [EXEC] SELL ORDER SENT orderId=382728314
[16:07:38.470] [EXEC] [EXEC] RECOVERY WAIT hard_sl_pending_recovery
[16:07:39.268] [EXEC] [EXEC] RECOVERY WAIT hard_sl_pending_recovery
[16:07:39.857] [EXEC] [EXEC] SELL TIMEOUT orderId=382728314
[16:07:39.861] [EXEC] [EXEC] CANCEL SELL orderId=382728314
[16:07:40.408] [EXEC] [EXEC] SELL FINAL STATUS status=CANCELED orderId=382728314
[16:07:40.411] [EXEC] [EXEC] SELL TIMEOUT check fast_exit
[16:07:40.412] [EXEC] [EXEC] FORCE EXIT hard_sl_triggered
[16:07:40.413] [EXEC] [EXEC] HARD SL triggered
[16:07:40.415] [EXEC] [EXEC] PANIC EXIT sl_mode
[16:07:40.416] [EXEC] [EXEC] FORCE EXIT price=81504.19
[16:07:40.417] [EXEC] [EXEC] PLACE SELL price=81504.19 qty=0.061340
[16:07:40.679] [EXEC] [EXEC] PANIC START price=81504.19
[16:07:40.683] [EXEC] [EXEC] SELL ORDER SENT orderId=382728457
[16:07:44.442] [EXEC] [EXEC] PANIC WAIT still_open orderId=382728457
[16:07:44.447] [EXEC] [EXEC] PANIC HOLD active orderId=382728457
[16:07:46.996] [EXEC] [EXEC] PANIC HOLD active orderId=382728457
[16:07:47.950] [EXEC] [EXEC] PANIC WAIT still_open orderId=382728457
[16:07:47.953] [EXEC] [EXEC] PANIC HOLD active orderId=382728457
[16:07:49.594] [EXEC] [EXEC] PANIC HOLD active orderId=382728457
[16:07:51.534] [EXEC] [EXEC] PANIC WAIT still_open orderId=382728457
[16:07:51.537] [EXEC] [EXEC] PANIC HOLD active orderId=382728457
[16:07:53.885] [EXEC] [EXEC] PANIC HOLD active orderId=382728457
[16:07:55.844] [EXEC] [EXEC] PANIC WAIT still_open orderId=382728457
[16:07:55.847] [EXEC] [EXEC] PANIC HOLD active orderId=382728457
[16:07:58.091] [EXEC] [EXEC] REALIZED pnl=-0.219597
[16:08:00.115] [EXEC] [EXEC] BUY ORDER SENT orderId=382730373 price=81465.72 qty=0.061370
[16:08:00.119] [EXEC] [EXEC] PLACE BUY price=81465.72 qty=0.061370
[16:08:00.955] [EXEC] [EXEC] PLACE SELL price=81482.17 qty=0.061370
[16:08:01.224] [EXEC] [EXEC] SELL ORDER SENT orderId=382730556
[16:08:02.020] [EXEC] [EXEC] SELL FILLED id=382730556
[16:08:02.024] [EXEC] [EXEC] SELL FILLED qty=0.061370 remaining=0.000000
[16:08:02.025] [EXEC] [EXEC] REALIZED pnl=+1.009537
[16:08:02.026] [EXEC] [EXEC] PANIC FILLED
[16:08:02.027] [EXEC] [EXEC] PANIC RESET
[16:08:04.599] [EXEC] [EXEC] BUY ORDER SENT orderId=382730794 price=81476.01 qty=0.061360
[16:08:04.603] [EXEC] [EXEC] PLACE BUY price=81476.01 qty=0.061360
[16:08:09.794] [EXEC] [EXEC] BUY TIMEOUT orderId=382730794
[16:08:09.797] [EXEC] [EXEC] CANCEL BUY orderId=382730794
[16:08:10.071] [EXEC] [EXEC] BUY CANCELED confirmed
[16:08:10.339] [EXEC] [EXEC] BUY FINAL STATUS status=CANCELED orderId=382730794
[16:08:10.342] [EXEC] [EXEC] BLOCK reason=buy_not_filled
[16:08:12.140] [EXEC] [EXEC] BUY ORDER SENT orderId=382731531 price=81501.65 qty=0.061340
[16:08:12.143] [EXEC] [EXEC] PLACE BUY price=81501.65 qty=0.061340
[16:08:16.104] [EXEC] [EXEC] BUY TIMEOUT orderId=382731531
[16:08:16.108] [EXEC] [EXEC] CANCEL BUY orderId=382731531
[16:08:16.376] [EXEC] [EXEC] BUY CANCELED confirmed
[16:08:16.643] [EXEC] [EXEC] BUY FINAL STATUS status=CANCELED orderId=382731531
[16:08:16.646] [EXEC] [EXEC] BLOCK reason=buy_not_filled
[16:08:18.654] [EXEC] [EXEC] BUY ORDER SENT orderId=382731917 price=81508.01 qty=0.061340
[16:08:18.657] [EXEC] [EXEC] PLACE BUY price=81508.01 qty=0.061340
[16:08:22.637] [EXEC] [EXEC] BUY TIMEOUT orderId=382731917
[16:08:22.641] [EXEC] [EXEC] CANCEL BUY orderId=382731917
[16:08:22.920] [EXEC] [EXEC] BUY CANCELED confirmed
[16:08:23.200] [EXEC] [EXEC] BUY FINAL STATUS status=CANCELED orderId=382731917
[16:08:23.204] [EXEC] [EXEC] BLOCK reason=buy_not_filled
[16:08:24.537] [EXEC] [EXEC] BUY ORDER SENT orderId=382732159 price=81511.60 qty=0.061340
[16:08:24.540] [EXEC] [EXEC] PLACE BUY price=81511.60 qty=0.061340
[16:08:26.383] [EXEC] [EXEC] PLACE SELL price=81511.64 qty=0.061340
[16:08:26.646] [EXEC] [EXEC] SELL ORDER SENT orderId=382732442
[16:08:28.420] [EXEC] [EXEC] RECOVERY WAIT hard_sl_pending_recovery
[16:08:29.266] [EXEC] [EXEC] RECOVERY WAIT hard_sl_pending_recovery
[16:08:29.555] [EXEC] [EXEC] SELL TIMEOUT orderId=382732442
[16:08:29.558] [EXEC] [EXEC] CANCEL SELL orderId=382732442
[16:08:30.105] [EXEC] [EXEC] SELL FINAL STATUS status=CANCELED orderId=382732442
[16:08:30.108] [EXEC] [EXEC] SELL TIMEOUT check fast_exit
[16:08:30.110] [EXEC] [EXEC] FORCE EXIT hard_sl_triggered
[16:08:30.111] [EXEC] [EXEC] HARD SL triggered
[16:08:30.112] [EXEC] [EXEC] PANIC EXIT sl_mode
[16:08:30.113] [EXEC] [EXEC] FORCE EXIT price=81484.26
[16:08:30.114] [EXEC] [EXEC] PLACE SELL price=81484.26 qty=0.061340
[16:08:30.376] [EXEC] [EXEC] PANIC START price=81484.26
[16:08:30.380] [EXEC] [EXEC] SELL ORDER SENT orderId=382732801
[16:08:31.441] [EXEC] [EXEC] REALIZED pnl=-1.677036
[16:08:32.157] [EXEC] [EXEC] BUY ORDER SENT orderId=382733010 price=81466.03 qty=0.061370
[16:08:32.160] [EXEC] [EXEC] PLACE BUY price=81466.03 qty=0.061370
[16:08:32.975] [EXEC] [EXEC] BUY PARTIAL filled=0.061370 total=0.061370
[16:08:32.978] [EXEC] [EXEC] BUY REMAINING qty=0.000000
[16:08:32.980] [EXEC] [EXEC] POSITION qty=0.061370
[16:08:32.983] [EXEC] [EXEC] BUY FILLED id=382733010
[16:08:34.258] [EXEC] [EXEC] PLACE SELL price=81469.73 qty=0.061370
[16:08:34.526] [EXEC] [EXEC] SELL ORDER SENT orderId=382733069
[16:08:35.076] [EXEC] [EXEC] REALIZED pnl=+0.227069
[16:08:38.795] [EXEC] [EXEC] BUY ORDER SENT orderId=382733464 price=81480.55 qty=0.061360
[16:08:38.799] [EXEC] [EXEC] PLACE BUY price=81480.55 qty=0.061360
[16:08:40.652] [EXEC] [EXEC] BUY PARTIAL filled=0.061360 total=0.061360
[16:08:40.655] [EXEC] [EXEC] BUY REMAINING qty=0.000000
[16:08:40.658] [EXEC] [EXEC] POSITION qty=0.061360
[16:08:40.661] [EXEC] [EXEC] BUY FILLED id=382733464
[16:08:41.280] [EXEC] [EXEC] PLACE SELL price=81480.59 qty=0.061360
[16:08:41.544] [EXEC] [EXEC] SELL ORDER SENT orderId=382733605
[16:08:42.083] [EXEC] [EXEC] RECOVERY WAIT hard_sl_pending_recovery
[16:08:44.582] [EXEC] [EXEC] RECOVERY WAIT hard_sl_pending_recovery
[16:08:44.845] [EXEC] [EXEC] SELL TIMEOUT orderId=382733605
[16:08:44.849] [EXEC] [EXEC] CANCEL SELL orderId=382733605
[16:08:45.399] [EXEC] [EXEC] SELL FINAL STATUS status=CANCELED orderId=382733605
[16:08:45.402] [EXEC] [EXEC] SELL TIMEOUT check fast_exit
[16:08:45.403] [EXEC] [EXEC] FORCE EXIT hard_sl_triggered
[16:08:45.404] [EXEC] [EXEC] HARD SL triggered
[16:08:45.405] [EXEC] [EXEC] PANIC EXIT sl_mode
[16:08:45.406] [EXEC] [EXEC] FORCE EXIT price=81474.94
[16:08:45.407] [EXEC] [EXEC] PLACE SELL price=81474.94 qty=0.061360
[16:08:45.723] [EXEC] [EXEC] PANIC START price=81474.94
[16:08:45.726] [EXEC] [EXEC] SELL ORDER SENT orderId=382733915
[16:08:48.309] [EXEC] [EXEC] PANIC WAIT still_open orderId=382733915
[16:08:48.314] [EXEC] [EXEC] PANIC HOLD active orderId=382733915
[16:08:48.861] [EXEC] [EXEC] REALIZED pnl=-0.344230
[16:08:49.231] [EXEC] [EXEC] BUY ORDER SENT orderId=382734128 price=81475.31 qty=0.061360
[16:08:49.235] [EXEC] [EXEC] PLACE BUY price=81475.31 qty=0.061360
[16:08:53.324] [EXEC] [EXEC] BUY TIMEOUT orderId=382734128
[16:08:53.328] [EXEC] [EXEC] CANCEL BUY orderId=382734128
[16:08:53.597] [EXEC] [EXEC] BUY CANCELED confirmed
[16:08:53.878] [EXEC] [EXEC] BUY FINAL STATUS status=CANCELED orderId=382734128
[16:08:53.881] [EXEC] [EXEC] BLOCK reason=buy_not_filled
[16:08:57.654] [EXEC] [EXEC] BUY ORDER SENT orderId=382734699 price=81492.01 qty=0.061350
[16:08:57.658] [EXEC] [EXEC] PLACE BUY price=81492.01 qty=0.061350
[16:09:02.955] [EXEC] [EXEC] BUY TIMEOUT orderId=382734699
[16:09:02.959] [EXEC] [EXEC] CANCEL BUY orderId=382734699
[16:09:03.236] [EXEC] [EXEC] BUY CANCELED confirmed
[16:09:03.504] [EXEC] [EXEC] BUY FINAL STATUS status=CANCELED orderId=382734699
[16:09:03.508] [EXEC] [EXEC] BLOCK reason=buy_not_filled
[16:09:04.212] [EXEC] [EXEC] BUY ORDER SENT orderId=382735195 price=81511.92 qty=0.061340
[16:09:04.216] [EXEC] [EXEC] PLACE BUY price=81511.92 qty=0.061340
[16:09:05.159] [EXEC] [EXEC] BUY PARTIAL filled=0.061340 total=0.061340
[16:09:05.163] [EXEC] [EXEC] BUY REMAINING qty=0.000000
[16:09:05.164] [EXEC] [EXEC] POSITION qty=0.061340
[16:09:05.165] [EXEC] [EXEC] BUY FILLED id=382735195
[16:09:07.523] [EXEC] [EXEC] PLACE SELL price=81516.91 qty=0.061340
[16:09:07.800] [EXEC] [EXEC] SELL ORDER SENT orderId=382735355
[16:09:10.116] [EXEC] [EXEC] RECOVERY WAIT hard_sl_pending_recovery
[16:09:11.568] [EXEC] [EXEC] REALIZED pnl=+0.306087
[16:09:12.349] [EXEC] [EXEC] BUY ORDER SENT orderId=382735805 price=81515.74 qty=0.061330
[16:09:12.353] [EXEC] [EXEC] PLACE BUY price=81515.74 qty=0.061330
[16:09:17.342] [EXEC] [EXEC] BUY TIMEOUT orderId=382735805
[16:09:17.345] [EXEC] [EXEC] CANCEL BUY orderId=382735805
[16:09:17.610] [EXEC] [EXEC] BUY CANCELED confirmed
[16:09:17.887] [EXEC] [EXEC] BUY FINAL STATUS status=CANCELED orderId=382735805
[16:09:17.891] [EXEC] [EXEC] BLOCK reason=buy_not_filled
[16:09:19.840] [EXEC] [EXEC] BUY ORDER SENT orderId=382736808 price=81544.91 qty=0.061310
[16:09:19.844] [EXEC] [EXEC] PLACE BUY price=81544.91 qty=0.061310
[16:09:24.524] [EXEC] [EXEC] BUY TIMEOUT orderId=382736808
[16:09:24.528] [EXEC] [EXEC] CANCEL BUY orderId=382736808
[16:09:24.794] [EXEC] [EXEC] BUY CANCELED confirmed
[16:09:25.059] [EXEC] [EXEC] BUY FINAL STATUS status=CANCELED orderId=382736808
[16:09:25.063] [EXEC] [EXEC] BLOCK reason=buy_not_filled
[16:09:26.722] [EXEC] [EXEC] BUY ORDER SENT orderId=382737320 price=81559.96 qty=0.061300
[16:09:26.727] [EXEC] [EXEC] PLACE BUY price=81559.96 qty=0.061300
[16:09:29.175] [EXEC] [EXEC] BUY PARTIAL filled=0.003030 total=0.003030
[16:09:29.178] [EXEC] [EXEC] BUY REMAINING qty=0.058270
[16:09:29.179] [EXEC] [EXEC] POSITION qty=0.003030
[16:09:29.793] [EXEC] [EXEC] PLACE SELL price=81570.58 qty=0.003030
[16:09:30.057] [EXEC] [EXEC] SELL ORDER SENT orderId=382737736
[16:09:31.195] [EXEC] [EXEC] REALIZED pnl=+0.033451
[16:09:31.945] [EXEC] [EXEC] BUY ORDER SENT orderId=382737931 price=81572.01 qty=0.061290
[16:09:31.949] [EXEC] [EXEC] PLACE BUY price=81572.01 qty=0.061290
[16:09:36.069] [EXEC] [EXEC] BUY TIMEOUT orderId=382737931
[16:09:36.073] [EXEC] [EXEC] CANCEL BUY orderId=382737931
[16:09:36.333] [EXEC] [EXEC] BUY CANCELED confirmed
[16:09:36.598] [EXEC] [EXEC] BUY FINAL STATUS status=CANCELED orderId=382737931
[16:09:36.602] [EXEC] [EXEC] BLOCK reason=buy_not_filled
[16:09:40.541] [EXEC] [EXEC] BUY ORDER SENT orderId=382738564 price=81580.01 qty=0.061280
[16:09:40.547] [EXEC] [EXEC] PLACE BUY price=81580.01 qty=0.061280
[16:09:41.554] [EXEC] [EXEC] BUY PARTIAL filled=0.061280 total=0.061280
[16:09:41.555] [EXEC] [EXEC] BUY REMAINING qty=0.000000
[16:09:41.557] [EXEC] [EXEC] POSITION qty=0.061280
[16:09:41.558] [EXEC] [EXEC] BUY FILLED id=382738564
[16:09:42.815] [EXEC] [EXEC] PLACE SELL price=81581.68 qty=0.061280
[16:09:43.097] [EXEC] [EXEC] SELL ORDER SENT orderId=382738835
[16:09:43.626] [EXEC] [EXEC] REALIZED pnl=+0.102338
[16:09:43.910] [EXEC] [EXEC] BUY ORDER SENT orderId=382738877 price=81579.37 qty=0.061290
[16:09:43.914] [EXEC] [EXEC] PLACE BUY price=81579.37 qty=0.061290
[16:09:47.888] [EXEC] [EXEC] PLACE SELL price=81579.41 qty=0.061290
[16:09:48.159] [EXEC] [EXEC] SELL ORDER SENT orderId=382739095
[16:09:48.771] [EXEC] [EXEC] RECOVERY WAIT hard_sl_pending_recovery
[16:09:51.227] [EXEC] [EXEC] REALIZED pnl=+0.001839
[16:09:52.220] [EXEC] [EXEC] BUY ORDER SENT orderId=382739488 price=81580.00 qty=0.061280
[16:09:52.224] [EXEC] [EXEC] PLACE BUY price=81580.00 qty=0.061280
[16:09:53.668] [EXEC] [EXEC] BUY PARTIAL filled=0.061280 total=0.061280
[16:09:53.671] [EXEC] [EXEC] BUY REMAINING qty=0.000000
[16:09:53.672] [EXEC] [EXEC] POSITION qty=0.061280
[16:09:53.674] [EXEC] [EXEC] BUY FILLED id=382739488
[16:09:54.260] [EXEC] [EXEC] PLACE SELL price=81588.53 qty=0.061280
[16:09:54.526] [EXEC] [EXEC] SELL ORDER SENT orderId=382739657
[16:09:58.954] [EXEC] [EXEC] RECOVERY WAIT hard_sl_pending_recovery
[16:09:59.224] [EXEC] [EXEC] SELL TIMEOUT orderId=382739657
[16:09:59.228] [EXEC] [EXEC] CANCEL SELL orderId=382739657
[16:09:59.784] [EXEC] [EXEC] SELL FINAL STATUS status=CANCELED orderId=382739657
[16:09:59.788] [EXEC] [EXEC] SELL TIMEOUT check fast_exit
[16:09:59.791] [EXEC] [EXEC] FORCE EXIT hard_sl_triggered
[16:09:59.793] [EXEC] [EXEC] HARD SL triggered
[16:09:59.795] [EXEC] [EXEC] PANIC EXIT sl_mode
[16:09:59.797] [EXEC] [EXEC] FORCE EXIT price=81562.20
[16:09:59.800] [EXEC] [EXEC] PLACE SELL price=81562.20 qty=0.061280
[16:10:00.067] [EXEC] [EXEC] PANIC START price=81562.20
[16:10:00.069] [EXEC] [EXEC] SELL ORDER SENT orderId=382740220
[16:10:01.109] [EXEC] [EXEC] REALIZED pnl=-1.090784
[16:10:01.413] [EXEC] [EXEC] BUY ORDER SENT orderId=382740426 price=81574.12 qty=0.061290
[16:10:01.418] [EXEC] [EXEC] PLACE BUY price=81574.12 qty=0.061290
[16:10:04.072] [EXEC] [EXEC] PLACE SELL price=81578.89 qty=0.061290
[16:10:04.606] [EXEC] [EXEC] SELL ORDER SENT orderId=382740626
[16:10:05.305] [EXEC] [EXEC] REALIZED pnl=+0.303798
[16:10:06.236] [EXEC] [EXEC] BUY ORDER SENT orderId=382740904 price=81586.09 qty=0.061280
[16:10:06.241] [EXEC] [EXEC] PLACE BUY price=81586.09 qty=0.061280
[16:10:11.805] [EXEC] [EXEC] BUY TIMEOUT orderId=382740904
[16:10:11.808] [EXEC] [EXEC] CANCEL BUY orderId=382740904
[16:10:12.078] [EXEC] [EXEC] BUY CANCELED confirmed
[16:10:12.381] [EXEC] [EXEC] BUY FINAL STATUS status=CANCELED orderId=382740904
[16:10:12.385] [EXEC] [EXEC] BLOCK reason=buy_not_filled
[16:10:14.225] [EXEC] [EXEC] BUY ORDER SENT orderId=382742012 price=81620.54 qty=0.061250
[16:10:14.229] [EXEC] [EXEC] PLACE BUY price=81620.54 qty=0.061250
[16:10:15.826] [EXEC] [EXEC] PLACE SELL price=81620.58 qty=0.061250
[16:10:16.203] [EXEC] [EXEC] SELL ORDER SENT orderId=382742280
[16:10:19.990] [EXEC] [EXEC] PANIC WAIT still_open orderId=382742280
[16:10:20.782] [EXEC] [EXEC] SELL FILLED id=382742280
[16:10:20.786] [EXEC] [EXEC] SELL FILLED qty=0.061250 remaining=0.000000
[16:10:20.787] [EXEC] [EXEC] REALIZED pnl=+0.001837
[16:10:20.789] [EXEC] [EXEC] PANIC FILLED
[16:10:20.790] [EXEC] [EXEC] PANIC RESET
[16:10:22.034] [EXEC] [EXEC] BUY ORDER SENT orderId=382742872 price=81612.01 qty=0.061260
[16:10:22.039] [EXEC] [EXEC] PLACE BUY price=81612.01 qty=0.061260
[16:10:23.325] [EXEC] [EXEC] PLACE SELL price=81612.05 qty=0.061260
[16:10:23.606] [EXEC] [EXEC] SELL ORDER SENT orderId=382743073
[16:10:25.587] [EXEC] [EXEC] RECOVERY WAIT hard_sl_pending_recovery
[16:10:26.772] [EXEC] [EXEC] RECOVERY WAIT hard_sl_pending_recovery
[16:10:27.103] [EXEC] [EXEC] SELL FILLED id=382743073
[16:10:27.107] [EXEC] [EXEC] SELL FILLED qty=0.061260 remaining=0.000000
[16:10:27.108] [EXEC] [EXEC] REALIZED pnl=+0.001838
[16:10:28.291] [EXEC] [EXEC] BUY ORDER SENT orderId=382743594 price=81611.28 qty=0.061260
[16:10:28.297] [EXEC] [EXEC] PLACE BUY price=81611.28 qty=0.061260
[16:10:32.652] [EXEC] [EXEC] BUY TIMEOUT orderId=382743594
[16:10:32.656] [EXEC] [EXEC] CANCEL BUY orderId=382743594
[16:10:32.923] [EXEC] [EXEC] BUY CANCELED confirmed
[16:10:33.187] [EXEC] [EXEC] BUY FINAL STATUS status=FILLED orderId=382743594
[16:10:33.191] [EXEC] [EXEC] BUY FILLED during cancel
[16:10:33.193] [EXEC] [EXEC] BUY FILLED id=382743594
[16:10:34.585] [EXEC] [EXEC] PLACE SELL price=81614.58 qty=0.061260
[16:10:34.848] [EXEC] [EXEC] SELL ORDER SENT orderId=382744096
[16:10:35.894] [EXEC] [EXEC] REALIZED pnl=+0.202158
[16:10:38.281] [EXEC] [EXEC] BUY ORDER SENT orderId=382744554 price=81643.21 qty=0.061240
[16:10:38.286] [EXEC] [EXEC] PLACE BUY price=81643.21 qty=0.061240
[16:10:39.576] [EXEC] [EXEC] PLACE SELL price=81643.25 qty=0.061240
[16:10:39.845] [EXEC] [EXEC] SELL ORDER SENT orderId=382744684
[16:10:41.520] [EXEC] [EXEC] REALIZED pnl=+0.002450
[16:10:41.790] [EXEC] [EXEC] BUY ORDER SENT orderId=382744976 price=81650.71 qty=0.061230
[16:10:41.794] [EXEC] [EXEC] PLACE BUY price=81650.71 qty=0.061230
[16:10:44.380] [EXEC] [EXEC] PLACE SELL price=81654.92 qty=0.061230
[16:10:44.646] [EXEC] [EXEC] SELL ORDER SENT orderId=382745249
[16:10:46.181] [EXEC] [EXEC] RECOVERY WAIT hard_sl_pending_recovery
[16:10:47.842] [EXEC] [EXEC] REALIZED pnl=+0.257778
[16:10:48.901] [EXEC] [EXEC] BUY ORDER SENT orderId=382745640 price=81652.01 qty=0.061230
[16:10:48.905] [EXEC] [EXEC] PLACE BUY price=81652.01 qty=0.061230
[16:10:53.737] [EXEC] [EXEC] BUY TIMEOUT orderId=382745640
[16:10:53.743] [EXEC] [EXEC] CANCEL BUY orderId=382745640
[16:10:54.010] [EXEC] [EXEC] BUY CANCELED confirmed
[16:10:54.284] [EXEC] [EXEC] BUY FINAL STATUS status=CANCELED orderId=382745640
[16:10:54.288] [EXEC] [EXEC] BLOCK reason=buy_not_filled
[16:10:55.147] [EXEC] [EXEC] BUY ORDER SENT orderId=382746629 price=81697.90 qty=0.061200
[16:10:55.153] [EXEC] [EXEC] PLACE BUY price=81697.90 qty=0.061200
[16:10:57.288] [EXEC] [EXEC] PLACE SELL price=81704.66 qty=0.061200
[16:10:57.559] [EXEC] [EXEC] SELL ORDER SENT orderId=382747049
[16:10:58.741] [EXEC] [EXEC] RECOVERY WAIT hard_sl_pending_recovery
[16:10:59.859] [EXEC] [EXEC] SELL FILLED id=382747049
[16:10:59.863] [EXEC] [EXEC] SELL FILLED qty=0.061200 remaining=0.000000
[16:10:59.865] [EXEC] [EXEC] REALIZED pnl=+0.413712
[16:11:01.706] [EXEC] [EXEC] BUY ORDER SENT orderId=382747947 price=81705.29 qty=0.061190
[16:11:01.711] [EXEC] [EXEC] PLACE BUY price=81705.29 qty=0.061190
[16:11:02.944] [EXEC] [EXEC] PLACE SELL price=81705.33 qty=0.061190
[16:11:03.209] [EXEC] [EXEC] SELL ORDER SENT orderId=382748199
[16:11:03.751] [EXEC] [EXEC] REALIZED pnl=+0.001836
[16:11:04.677] [EXEC] [EXEC] BUY ORDER SENT orderId=382748360 price=81692.01 qty=0.061200
[16:11:04.681] [EXEC] [EXEC] PLACE BUY price=81692.01 qty=0.061200
[16:11:05.790] [EXEC] [EXEC] BUY PARTIAL filled=0.061200 total=0.061200
[16:11:05.794] [EXEC] [EXEC] BUY REMAINING qty=0.000000
[16:11:05.795] [EXEC] [EXEC] POSITION qty=0.061200
[16:11:05.797] [EXEC] [EXEC] BUY FILLED id=382748360
[16:11:07.824] [EXEC] [EXEC] PLACE SELL price=81709.34 qty=0.061200
[16:11:08.092] [EXEC] [EXEC] SELL ORDER SENT orderId=382748727
[16:11:10.024] [EXEC] [EXEC] REALIZED pnl=+1.060596
[16:11:10.476] [EXEC] [EXEC] BUY ORDER SENT orderId=382749079 price=81708.80 qty=0.061190
[16:11:10.479] [EXEC] [EXEC] PLACE BUY price=81708.80 qty=0.061190
[16:11:11.783] [EXEC] [EXEC] PLACE SELL price=81717.99 qty=0.061190
[16:11:12.047] [EXEC] [EXEC] SELL ORDER SENT orderId=382749266
[16:11:13.095] [EXEC] [EXEC] REALIZED pnl=+0.562336
[16:11:13.867] [EXEC] [EXEC] BUY ORDER SENT orderId=382749478 price=81719.58 qty=0.061180
[16:11:13.872] [EXEC] [EXEC] PLACE BUY price=81719.58 qty=0.061180
[16:11:14.871] [EXEC] [EXEC] BUY PARTIAL filled=0.061180 total=0.061180
[16:11:14.875] [EXEC] [EXEC] BUY REMAINING qty=0.000000
[16:11:14.877] [EXEC] [EXEC] POSITION qty=0.061180
[16:11:14.878] [EXEC] [EXEC] BUY FILLED id=382749478
[16:11:16.677] [EXEC] [EXEC] PLACE SELL price=81720.00 qty=0.061180
[16:11:16.980] [EXEC] [EXEC] SELL ORDER SENT orderId=382749737
[16:11:18.113] [EXEC] [EXEC] REALIZED pnl=+0.025696
[16:11:18.382] [EXEC] [EXEC] BUY ORDER SENT orderId=382749900 price=81705.79 qty=0.061190
[16:11:18.386] [EXEC] [EXEC] PLACE BUY price=81705.79 qty=0.061190
[16:11:19.495] [EXEC] [EXEC] PLACE SELL price=81714.00 qty=0.061190
[16:11:19.815] [EXEC] [EXEC] SELL ORDER SENT orderId=382750080
[16:11:21.536] [EXEC] [EXEC] RECOVERY WAIT hard_sl_pending_recovery
[16:11:22.399] [EXEC] [EXEC] RECOVERY WAIT hard_sl_pending_recovery
[16:11:22.663] [EXEC] [EXEC] SELL TIMEOUT orderId=382750080
[16:11:22.667] [EXEC] [EXEC] CANCEL SELL orderId=382750080
[16:11:23.195] [EXEC] [EXEC] SELL FINAL STATUS status=CANCELED orderId=382750080
[16:11:23.202] [EXEC] [EXEC] SELL TIMEOUT check fast_exit
[16:11:23.206] [EXEC] [EXEC] FORCE EXIT hard_sl_triggered
[16:11:23.209] [EXEC] [EXEC] HARD SL triggered
[16:11:23.213] [EXEC] [EXEC] PANIC EXIT sl_mode
[16:11:23.217] [EXEC] [EXEC] FORCE EXIT price=81699.42
[16:11:23.219] [EXEC] [EXEC] PLACE SELL price=81699.42 qty=0.061190
[16:11:23.484] [EXEC] [EXEC] PANIC START price=81699.42
[16:11:23.492] [EXEC] [EXEC] SELL ORDER SENT orderId=382750532
[16:11:24.060] [EXEC] [EXEC] REALIZED pnl=-0.132615
[16:11:24.554] [EXEC] [EXEC] BUY ORDER SENT orderId=382750656 price=81700.10 qty=0.061190
[16:11:24.560] [EXEC] [EXEC] PLACE BUY price=81700.10 qty=0.061190
[16:11:28.172] [EXEC] [EXEC] PLACE SELL price=81700.14 qty=0.061190
[16:11:28.445] [EXEC] [EXEC] SELL ORDER SENT orderId=382751303
[16:11:28.937] [EXEC] [EXEC] SELL FILLED id=382751303
[16:11:28.941] [EXEC] [EXEC] SELL FILLED qty=0.061190 remaining=0.000000
[16:11:28.942] [EXEC] [EXEC] REALIZED pnl=+0.001836
[16:11:28.944] [EXEC] [EXEC] PANIC FILLED
[16:11:28.945] [EXEC] [EXEC] PANIC RESET
[16:11:30.660] [EXEC] [EXEC] BUY ORDER SENT orderId=382751718 price=81672.01 qty=0.061220
[16:11:30.664] [EXEC] [EXEC] PLACE BUY price=81672.01 qty=0.061220
[16:11:31.902] [EXEC] [EXEC] PLACE SELL price=81679.66 qty=0.061220
[16:11:32.190] [EXEC] [EXEC] SELL ORDER SENT orderId=382751989
[16:11:32.739] [EXEC] [EXEC] RECOVERY WAIT hard_sl_pending_recovery
[16:11:34.128] [EXEC] [EXEC] REALIZED pnl=+0.468333
[16:11:34.591] [EXEC] [EXEC] BUY ORDER SENT orderId=382752211 price=81672.88 qty=0.061210
[16:11:34.596] [EXEC] [EXEC] PLACE BUY price=81672.88 qty=0.061210
[16:11:39.558] [EXEC] [EXEC] BUY TIMEOUT orderId=382752211
[16:11:39.562] [EXEC] [EXEC] CANCEL BUY orderId=382752211
[16:11:39.831] [EXEC] [EXEC] BUY CANCELED confirmed
[16:11:40.106] [EXEC] [EXEC] BUY FINAL STATUS status=CANCELED orderId=382752211
[16:11:40.110] [EXEC] [EXEC] BLOCK reason=buy_not_filled
[16:11:41.116] [EXEC] [EXEC] BUY ORDER SENT orderId=382753181 price=81690.29 qty=0.061200
[16:11:41.121] [EXEC] [EXEC] PLACE BUY price=81690.29 qty=0.061200
[16:11:42.443] [EXEC] [EXEC] PLACE SELL price=81693.71 qty=0.061200
[16:11:42.742] [EXEC] [EXEC] SELL ORDER SENT orderId=382753270
[16:11:43.356] [EXEC] [EXEC] RECOVERY WAIT hard_sl_pending_recovery
[16:11:48.013] [EXEC] [EXEC] RECOVERY WAIT hard_sl_pending_recovery
[16:11:48.290] [EXEC] [EXEC] SELL TIMEOUT orderId=382753270
[16:11:48.294] [EXEC] [EXEC] CANCEL SELL orderId=382753270
[16:11:48.874] [EXEC] [EXEC] SELL FINAL STATUS status=CANCELED orderId=382753270
[16:11:48.879] [EXEC] [EXEC] SELL TIMEOUT check fast_exit
[16:11:48.883] [EXEC] [EXEC] FORCE EXIT hard_sl_triggered
[16:11:48.886] [EXEC] [EXEC] HARD SL triggered
[16:11:48.889] [EXEC] [EXEC] PANIC EXIT sl_mode
[16:11:48.890] [EXEC] [EXEC] FORCE EXIT price=81680.83
[16:11:48.891] [EXEC] [EXEC] PLACE SELL price=81680.83 qty=0.061200
[16:11:49.217] [EXEC] [EXEC] PANIC START price=81680.83
[16:11:49.222] [EXEC] [EXEC] SELL ORDER SENT orderId=382753919
[16:11:52.108] [EXEC] [EXEC] PANIC WAIT still_open orderId=382753919
[16:11:52.112] [EXEC] [EXEC] PANIC HOLD active orderId=382753919
[16:11:53.814] [EXEC] [EXEC] REALIZED pnl=-0.578952
[16:11:54.127] [EXEC] [EXEC] BUY ORDER SENT orderId=382754371 price=81678.37 qty=0.061210
[16:11:54.131] [EXEC] [EXEC] PLACE BUY price=81678.37 qty=0.061210
[16:11:58.302] [EXEC] [EXEC] BUY TIMEOUT orderId=382754371
[16:11:58.307] [EXEC] [EXEC] CANCEL BUY orderId=382754371
[16:11:58.606] [EXEC] [EXEC] BUY CANCELED confirmed
[16:11:58.873] [EXEC] [EXEC] BUY FINAL STATUS status=CANCELED orderId=382754371
[16:11:58.877] [EXEC] [EXEC] BLOCK reason=buy_not_filled
[16:12:00.864] [EXEC] [EXEC] BUY ORDER SENT orderId=382755051 price=81689.55 qty=0.061200
[16:12:00.871] [EXEC] [EXEC] PLACE BUY price=81689.55 qty=0.061200
[16:12:03.666] [EXEC] [EXEC] PLACE SELL price=81690.97 qty=0.061200
[16:12:03.946] [EXEC] [EXEC] SELL ORDER SENT orderId=382755356
[16:12:06.185] [EXEC] [EXEC] SELL FILLED id=382755356
[16:12:06.188] [EXEC] [EXEC] SELL FILLED qty=0.061200 remaining=0.000000
[16:12:06.191] [EXEC] [EXEC] REALIZED pnl=+0.086904
[16:12:06.194] [EXEC] [EXEC] PANIC FILLED
[16:12:06.197] [EXEC] [EXEC] PANIC RESET
[16:12:07.841] [EXEC] [EXEC] BUY ORDER SENT orderId=382755750 price=81676.01 qty=0.061210
[16:12:07.847] [EXEC] [EXEC] PLACE BUY price=81676.01 qty=0.061210
[16:12:09.080] [EXEC] [EXEC] PLACE SELL price=81676.05 qty=0.061210
[16:12:09.356] [EXEC] [EXEC] SELL ORDER SENT orderId=382755923
[16:12:09.932] [EXEC] [EXEC] RECOVERY WAIT hard_sl_pending_recovery
[16:12:11.480] [EXEC] [EXEC] RECOVERY WAIT hard_sl_pending_recovery
[16:12:13.343] [EXEC] [EXEC] SELL TIMEOUT orderId=382755923
[16:12:13.347] [EXEC] [EXEC] CANCEL SELL orderId=382755923
[16:12:13.893] [EXEC] [EXEC] SELL FINAL STATUS status=CANCELED orderId=382755923
[16:12:13.897] [EXEC] [EXEC] SELL TIMEOUT check fast_exit
[16:12:13.899] [EXEC] [EXEC] FORCE EXIT hard_sl_triggered
[16:12:13.900] [EXEC] [EXEC] HARD SL triggered
[16:12:13.902] [EXEC] [EXEC] PANIC EXIT sl_mode
[16:12:13.904] [EXEC] [EXEC] FORCE EXIT price=81659.08
[16:12:13.905] [EXEC] [EXEC] PLACE SELL price=81659.08 qty=0.061210
[16:12:14.167] [EXEC] [EXEC] PANIC START price=81659.08
[16:12:14.171] [EXEC] [EXEC] SELL ORDER SENT orderId=382756412
[16:12:15.812] [EXEC] [EXEC] SELL FILLED id=382756412
[16:12:15.816] [EXEC] [EXEC] SELL FILLED qty=0.061210 remaining=0.000000
[16:12:15.817] [EXEC] [EXEC] REALIZED pnl=-1.036285
[16:12:15.819] [EXEC] [EXEC] PANIC FILLED
[16:12:15.821] [EXEC] [EXEC] PANIC RESET
[16:12:17.402] [EXEC] [EXEC] BUY ORDER SENT orderId=382756745 price=81657.81 qty=0.061230
[16:12:17.407] [EXEC] [EXEC] PLACE BUY price=81657.81 qty=0.061230
[16:12:19.296] [EXEC] [EXEC] PLACE SELL price=81657.85 qty=0.061230
[16:12:19.573] [EXEC] [EXEC] SELL ORDER SENT orderId=382756867
[16:12:20.123] [EXEC] [EXEC] REALIZED pnl=+0.002449
[16:12:21.195] [EXEC] [EXEC] BUY ORDER SENT orderId=382757034 price=81643.65 qty=0.061240
[16:12:21.199] [EXEC] [EXEC] PLACE BUY price=81643.65 qty=0.061240
[16:12:24.248] [EXEC] [EXEC] BUY PARTIAL filled=0.061240 total=0.061240
[16:12:24.252] [EXEC] [EXEC] BUY REMAINING qty=0.000000
[16:12:24.256] [EXEC] [EXEC] POSITION qty=0.061240
[16:12:24.259] [EXEC] [EXEC] BUY FILLED id=382757034
[16:12:25.540] [EXEC] [EXEC] PLACE SELL price=81681.17 qty=0.061240
[16:12:25.812] [EXEC] [EXEC] SELL ORDER SENT orderId=382757510
[16:12:26.877] [EXEC] [EXEC] REALIZED pnl=+2.297725
[16:12:28.197] [EXEC] [EXEC] BUY ORDER SENT orderId=382757738 price=81654.79 qty=0.061230
[16:12:28.201] [EXEC] [EXEC] PLACE BUY price=81654.79 qty=0.061230
[16:12:32.203] [EXEC] [EXEC] BUY TIMEOUT orderId=382757738
[16:12:32.209] [EXEC] [EXEC] CANCEL BUY orderId=382757738
[16:12:32.473] [EXEC] [EXEC] BUY CANCELED confirmed
[16:12:32.747] [EXEC] [EXEC] BUY FINAL STATUS status=CANCELED orderId=382757738
[16:12:32.753] [EXEC] [EXEC] BLOCK reason=buy_not_filled
[16:12:33.653] [EXEC] [EXEC] BUY ORDER SENT orderId=382758139 price=81668.01 qty=0.061220
[16:12:33.657] [EXEC] [EXEC] PLACE BUY price=81668.01 qty=0.061220
[16:12:36.181] [EXEC] [EXEC] PLACE SELL price=81685.56 qty=0.061220
[16:12:36.457] [EXEC] [EXEC] SELL ORDER SENT orderId=382758738
[16:12:37.683] [EXEC] [EXEC] SELL FILLED id=382758738
[16:12:37.688] [EXEC] [EXEC] SELL FILLED qty=0.061220 remaining=0.000000
[16:12:37.689] [EXEC] [EXEC] REALIZED pnl=+1.074411
[16:12:39.875] [EXEC] [EXEC] BUY ORDER SENT orderId=382759043 price=81683.40 qty=0.061210
[16:12:39.880] [EXEC] [EXEC] PLACE BUY price=81683.40 qty=0.061210
[16:12:45.346] [EXEC] [EXEC] BUY TIMEOUT orderId=382759043
[16:12:45.351] [EXEC] [EXEC] CANCEL BUY orderId=382759043
[16:12:45.617] [EXEC] [EXEC] BUY CANCELED confirmed
[16:12:45.882] [EXEC] [EXEC] BUY FINAL STATUS status=CANCELED orderId=382759043
[16:12:45.887] [EXEC] [EXEC] BLOCK reason=buy_not_filled
[16:12:46.995] [EXEC] [EXEC] BUY ORDER SENT orderId=382759823 price=81710.67 qty=0.061190
[16:12:46.999] [EXEC] [EXEC] PLACE BUY price=81710.67 qty=0.061190
[16:12:50.929] [EXEC] [EXEC] PLACE SELL price=81712.65 qty=0.061190
[16:12:51.195] [EXEC] [EXEC] SELL ORDER SENT orderId=382760235
[16:12:52.826] [EXEC] [EXEC] REALIZED pnl=+0.121156
[16:12:53.096] [EXEC] [EXEC] BUY ORDER SENT orderId=382760342 price=81702.00 qty=0.061190
[16:12:53.101] [EXEC] [EXEC] PLACE BUY price=81702.00 qty=0.061190
[16:12:58.603] [EXEC] [EXEC] BUY TIMEOUT orderId=382760342
[16:12:58.607] [EXEC] [EXEC] CANCEL BUY orderId=382760342
[16:12:58.874] [EXEC] [EXEC] BUY CANCELED confirmed
[16:12:59.150] [EXEC] [EXEC] BUY FINAL STATUS status=CANCELED orderId=382760342
[16:12:59.153] [EXEC] [EXEC] BLOCK reason=buy_not_filled
[16:12:59.885] [EXEC] [EXEC] BUY ORDER SENT orderId=382760879 price=81694.78 qty=0.061200
[16:12:59.890] [EXEC] [EXEC] PLACE BUY price=81694.78 qty=0.061200
[16:13:02.544] [EXEC] [EXEC] BUY PARTIAL filled=0.061200 total=0.061200
[16:13:02.548] [EXEC] [EXEC] BUY REMAINING qty=0.000000
[16:13:02.550] [EXEC] [EXEC] POSITION qty=0.061200
[16:13:02.551] [EXEC] [EXEC] BUY FILLED id=382760879
[16:13:03.919] [EXEC] [EXEC] PLACE SELL price=81703.99 qty=0.061200
[16:13:04.211] [EXEC] [EXEC] SELL ORDER SENT orderId=382761244
[16:13:04.788] [EXEC] [EXEC] REALIZED pnl=+0.563652
[16:13:05.678] [EXEC] [EXEC] BUY ORDER SENT orderId=382761376 price=81700.00 qty=0.061190
[16:13:05.682] [EXEC] [EXEC] PLACE BUY price=81700.00 qty=0.061190
[16:13:06.860] [EXEC] [EXEC] PLACE SELL price=81703.99 qty=0.061190
[16:13:07.622] [EXEC] [EXEC] SELL ORDER SENT orderId=382761523
[16:13:08.852] [EXEC] [EXEC] RECOVERY WAIT hard_sl_pending_recovery
[16:13:10.319] [EXEC] [EXEC] RECOVERY WAIT hard_sl_pending_recovery
[16:13:10.612] [EXEC] [EXEC] SELL TIMEOUT orderId=382761523
[16:13:10.616] [EXEC] [EXEC] CANCEL SELL orderId=382761523
[16:13:11.164] [EXEC] [EXEC] SELL FINAL STATUS status=CANCELED orderId=382761523
[16:13:11.168] [EXEC] [EXEC] SELL TIMEOUT check fast_exit
[16:13:11.170] [EXEC] [EXEC] FORCE EXIT hard_sl_triggered
[16:13:11.171] [EXEC] [EXEC] HARD SL triggered
[16:13:11.172] [EXEC] [EXEC] PANIC EXIT sl_mode
[16:13:11.174] [EXEC] [EXEC] FORCE EXIT price=81690.16
[16:13:11.175] [EXEC] [EXEC] PLACE SELL price=81690.16 qty=0.061190
[16:13:11.450] [EXEC] [EXEC] PANIC START price=81690.16
[16:13:11.454] [EXEC] [EXEC] SELL ORDER SENT orderId=382762040
[16:13:14.471] [EXEC] [EXEC] PANIC WAIT still_open orderId=382762040
[16:13:14.476] [EXEC] [EXEC] PANIC HOLD active orderId=382762040
[16:13:15.536] [EXEC] [EXEC] REALIZED pnl=-0.602110
[16:13:15.835] [EXEC] [EXEC] BUY ORDER SENT orderId=382762283 price=81680.13 qty=0.061210
[16:13:15.840] [EXEC] [EXEC] PLACE BUY price=81680.13 qty=0.061210
[16:13:20.651] [EXEC] [EXEC] BUY TIMEOUT orderId=382762283
[16:13:20.656] [EXEC] [EXEC] CANCEL BUY orderId=382762283
[16:13:20.937] [EXEC] [EXEC] BUY CANCELED confirmed
[16:13:21.202] [EXEC] [EXEC] BUY FINAL STATUS status=CANCELED orderId=382762283
[16:13:21.207] [EXEC] [EXEC] BLOCK reason=buy_not_filled
[16:13:21.765] [EXEC] [EXEC] BUY ORDER SENT orderId=382762489 price=81684.02 qty=0.061210
[16:13:21.770] [EXEC] [EXEC] PLACE BUY price=81684.02 qty=0.061210
[16:13:26.149] [EXEC] [EXEC] BUY TIMEOUT orderId=382762489
[16:13:26.154] [EXEC] [EXEC] CANCEL BUY orderId=382762489
[16:13:26.438] [EXEC] [EXEC] BUY CANCELED confirmed
[16:13:26.738] [EXEC] [EXEC] BUY FINAL STATUS status=CANCELED orderId=382762489
[16:13:26.742] [EXEC] [EXEC] BLOCK reason=buy_not_filled
[16:13:28.213] [EXEC] [EXEC] BUY ORDER SENT orderId=382762962 price=81701.45 qty=0.061190
[16:13:28.217] [EXEC] [EXEC] PLACE BUY price=81701.45 qty=0.061190
[16:19:58.884] [EXEC] [EXEC] LIVE ON
[16:19:58.888] [EXEC] [EXEC] WAIT READY
[16:19:59.478] [EXEC] [EXEC] BUY ORDER SENT orderId=382795608 price=81804.00 qty=0.122240
[16:19:59.481] [EXEC] [EXEC] PLACE BUY price=81804.00 qty=0.122240
[16:20:00.337] [EXEC] [EXEC] BUY PARTIAL filled=0.122240 total=0.122240
[16:20:00.340] [EXEC] [EXEC] BUY REMAINING qty=0.000000
[16:20:00.341] [EXEC] [EXEC] POSITION qty=0.122240
[16:20:00.342] [EXEC] [EXEC] BUY FILLED id=382795608
[16:20:01.638] [EXEC] [EXEC] PLACE SELL price=81819.77 qty=0.122240
[16:20:02.004] [EXEC] [EXEC] SELL ORDER SENT orderId=382795826
[16:20:02.838] [EXEC] [EXEC] REALIZED pnl=+1.927725
[16:20:03.785] [EXEC] [EXEC] BUY ORDER SENT orderId=382796222 price=81814.78 qty=0.122220
[16:20:03.788] [EXEC] [EXEC] PLACE BUY price=81814.78 qty=0.122220
[16:20:04.841] [EXEC] [EXEC] PLACE SELL price=81814.82 qty=0.122220
[16:20:05.129] [EXEC] [EXEC] SELL ORDER SENT orderId=382796416
[16:20:06.270] [EXEC] [EXEC] RECOVERY WAIT hard_sl_pending_recovery
[16:20:08.792] [EXEC] [EXEC] SELL TIMEOUT orderId=382796416
[16:20:08.793] [EXEC] [EXEC] CANCEL SELL orderId=382796416
[16:20:09.329] [EXEC] [EXEC] SELL FINAL STATUS status=CANCELED orderId=382796416
[16:20:09.332] [EXEC] [EXEC] SELL TIMEOUT check fast_exit
[16:20:09.333] [EXEC] [EXEC] FORCE EXIT hard_sl_triggered
[16:20:09.334] [EXEC] [EXEC] HARD SL triggered
[16:20:09.335] [EXEC] [EXEC] PANIC EXIT sl_mode
[16:20:09.336] [EXEC] [EXEC] FORCE EXIT price=81782.15
[16:20:09.337] [EXEC] [EXEC] PLACE SELL price=81782.15 qty=0.122220
[16:20:09.620] [EXEC] [EXEC] PANIC START price=81782.15
[16:20:09.626] [EXEC] [EXEC] SELL ORDER SENT orderId=382796772
[16:20:09.632] [EXEC] [EXEC] BLOCK reason=balance_low
[16:20:10.184] [EXEC] [EXEC] REALIZED pnl=-3.988039
[16:20:17.838] [EXEC] [EXEC] BUY ORDER SENT orderId=382797815 price=81799.28 qty=0.122250
[16:20:17.842] [EXEC] [EXEC] PLACE BUY price=81799.28 qty=0.122250
[16:20:20.915] [EXEC] [EXEC] PLACE SELL price=81806.22 qty=0.122250
[16:20:21.182] [EXEC] [EXEC] SELL ORDER SENT orderId=382797966
[16:20:25.026] [EXEC] [EXEC] REALIZED pnl=+0.848415
[16:20:28.183] [EXEC] [EXEC] BUY ORDER SENT orderId=382798544 price=81818.41 qty=0.122220
[16:20:28.187] [EXEC] [EXEC] PLACE BUY price=81818.41 qty=0.122220
[16:20:28.844] [EXEC] [EXEC] PLACE SELL price=81820.78 qty=0.122220
[16:20:29.114] [EXEC] [EXEC] SELL ORDER SENT orderId=382798662
[16:20:31.697] [EXEC] [EXEC] REALIZED pnl=+0.289661
[16:20:32.924] [EXEC] [EXEC] BUY ORDER SENT orderId=382798936 price=81821.07 qty=0.122210
[16:20:32.928] [EXEC] [EXEC] PLACE BUY price=81821.07 qty=0.122210
[16:20:33.488] [EXEC] [EXEC] BUY PARTIAL filled=0.122210 total=0.122210
[16:20:33.491] [EXEC] [EXEC] BUY REMAINING qty=0.000000
[16:20:33.494] [EXEC] [EXEC] POSITION qty=0.122210
[16:20:33.497] [EXEC] [EXEC] BUY FILLED id=382798936
[16:20:35.012] [EXEC] [EXEC] PLACE SELL price=81821.11 qty=0.122210
[16:20:35.294] [EXEC] [EXEC] SELL ORDER SENT orderId=382799117
[16:20:36.022] [EXEC] [EXEC] RECOVERY WAIT hard_sl_pending_recovery
[16:20:38.202] [EXEC] [EXEC] SELL TIMEOUT orderId=382799117
[16:20:38.205] [EXEC] [EXEC] CANCEL SELL orderId=382799117
[16:20:38.794] [EXEC] [EXEC] SELL FINAL STATUS status=CANCELED orderId=382799117
[16:20:38.797] [EXEC] [EXEC] SELL TIMEOUT check fast_exit
[16:20:38.798] [EXEC] [EXEC] FORCE EXIT hard_sl_triggered
[16:20:38.799] [EXEC] [EXEC] HARD SL triggered
[16:20:38.800] [EXEC] [EXEC] PANIC EXIT sl_mode
[16:20:38.801] [EXEC] [EXEC] FORCE EXIT price=81792.00
[16:20:38.802] [EXEC] [EXEC] PLACE SELL price=81792.00 qty=0.122210
[16:20:39.075] [EXEC] [EXEC] PANIC START price=81792.00
[16:20:39.079] [EXEC] [EXEC] SELL ORDER SENT orderId=382799473
[16:20:41.262] [EXEC] [EXEC] PANIC WAIT still_open orderId=382799473
[16:20:41.265] [EXEC] [EXEC] PANIC HOLD active orderId=382799473
[16:20:41.268] [EXEC] [EXEC] BLOCK reason=balance_low
[16:20:42.241] [EXEC] [EXEC] PANIC HOLD active orderId=382799473
[16:20:45.798] [EXEC] [EXEC] PANIC WAIT still_open orderId=382799473
[16:20:45.802] [EXEC] [EXEC] PANIC HOLD active orderId=382799473
[16:20:46.330] [EXEC] [EXEC] REALIZED pnl=-3.552645
[16:20:46.348] [EXEC] [EXEC] BLOCK reason=balance_low
[16:20:48.172] [EXEC] [EXEC] BUY ORDER SENT orderId=382800179 price=81780.01 qty=0.122270
[16:20:48.175] [EXEC] [EXEC] PLACE BUY price=81780.01 qty=0.122270
[16:20:51.179] [EXEC] [EXEC] PLACE SELL price=81783.84 qty=0.122270
[16:20:51.466] [EXEC] [EXEC] SELL ORDER SENT orderId=382800395
[16:20:52.242] [EXEC] [EXEC] SELL FILLED id=382800395
[16:20:52.245] [EXEC] [EXEC] SELL FILLED qty=0.122270 remaining=0.000000
[16:20:52.248] [EXEC] [EXEC] REALIZED pnl=+0.475687
[16:20:52.251] [EXEC] [EXEC] PANIC FILLED
[16:20:52.253] [EXEC] [EXEC] PANIC RESET
[16:20:54.731] [EXEC] [EXEC] BUY ORDER SENT orderId=382800597 price=81780.92 qty=0.122270
[16:20:54.734] [EXEC] [EXEC] PLACE BUY price=81780.92 qty=0.122270
[16:20:56.150] [EXEC] [EXEC] PLACE SELL price=81785.44 qty=0.122270
[16:20:56.455] [EXEC] [EXEC] SELL ORDER SENT orderId=382800707
[16:20:57.272] [EXEC] [EXEC] RECOVERY WAIT hard_sl_pending_recovery
[16:20:58.564] [EXEC] [EXEC] REALIZED pnl=+0.552660
[16:20:59.510] [EXEC] [EXEC] BLOCK reason=balance_low
[16:21:01.984] [EXEC] [EXEC] BLOCK reason=balance_low
[16:21:09.756] [EXEC] [EXEC] BUY ORDER SENT orderId=382801719 price=81767.87 qty=0.122290
[16:21:09.760] [EXEC] [EXEC] PLACE BUY price=81767.87 qty=0.122290
[16:21:12.601] [EXEC] [EXEC] PLACE SELL price=81771.23 qty=0.122290
[16:21:12.901] [EXEC] [EXEC] SELL ORDER SENT orderId=382801930
[16:21:14.304] [EXEC] [EXEC] REALIZED pnl=+0.410894
[16:21:14.754] [EXEC] [EXEC] BUY ORDER SENT orderId=382802133 price=81774.50 qty=0.122280
[16:21:14.757] [EXEC] [EXEC] PLACE BUY price=81774.50 qty=0.122280
[16:21:19.838] [EXEC] [EXEC] BUY TIMEOUT orderId=382802133
[16:21:19.841] [EXEC] [EXEC] CANCEL BUY orderId=382802133
[16:21:20.106] [EXEC] [EXEC] BUY CANCELED confirmed
[16:21:20.388] [EXEC] [EXEC] BUY FINAL STATUS status=CANCELED orderId=382802133
[16:21:20.392] [EXEC] [EXEC] BLOCK reason=buy_not_filled
[16:21:20.398] [EXEC] [EXEC] BLOCK reason=balance_low
[16:21:23.710] [EXEC] [EXEC] BLOCK reason=balance_low
[16:21:28.182] [EXEC] [EXEC] BUY ORDER SENT orderId=382803299 price=81776.73 qty=0.122280
[16:21:28.187] [EXEC] [EXEC] PLACE BUY price=81776.73 qty=0.122280
[16:21:33.196] [EXEC] [EXEC] BUY TIMEOUT orderId=382803299
[16:21:33.200] [EXEC] [EXEC] CANCEL BUY orderId=382803299
[16:21:33.482] [EXEC] [EXEC] BUY CANCELED confirmed
[16:21:33.746] [EXEC] [EXEC] BUY FINAL STATUS status=CANCELED orderId=382803299
[16:21:33.750] [EXEC] [EXEC] BLOCK reason=buy_not_filled
[16:21:35.020] [EXEC] [EXEC] BUY ORDER SENT orderId=382803801 price=81791.41 qty=0.122260
[16:21:35.023] [EXEC] [EXEC] PLACE BUY price=81791.41 qty=0.122260
[16:21:39.454] [EXEC] [EXEC] BUY TIMEOUT orderId=382803801
[16:21:39.460] [EXEC] [EXEC] CANCEL BUY orderId=382803801
[16:21:39.727] [EXEC] [EXEC] BUY CANCELED confirmed
[16:21:39.993] [EXEC] [EXEC] BUY FINAL STATUS status=CANCELED orderId=382803801
[16:21:39.996] [EXEC] [EXEC] BLOCK reason=buy_not_filled
[16:21:39.999] [EXEC] [EXEC] BLOCK reason=balance_low
[16:21:43.268] [EXEC] [EXEC] BLOCK reason=balance_low
[16:21:48.877] [EXEC] [EXEC] BUY ORDER SENT orderId=382804699 price=81772.93 qty=0.122280
[16:21:48.881] [EXEC] [EXEC] PLACE BUY price=81772.93 qty=0.122280
[16:21:49.445] [EXEC] [EXEC] BUY PARTIAL filled=0.122280 total=0.122280
[16:21:49.450] [EXEC] [EXEC] BUY REMAINING qty=0.000000
[16:21:49.452] [EXEC] [EXEC] POSITION qty=0.122280
[16:21:49.455] [EXEC] [EXEC] BUY FILLED id=382804699
[16:21:50.942] [EXEC] [EXEC] PLACE SELL price=81780.66 qty=0.122280
[16:21:51.236] [EXEC] [EXEC] SELL ORDER SENT orderId=382804899
[16:21:52.608] [EXEC] [EXEC] RECOVERY WAIT hard_sl_pending_recovery
[16:21:54.034] [EXEC] [EXEC] RECOVERY WAIT hard_sl_pending_recovery
[16:21:54.308] [EXEC] [EXEC] SELL TIMEOUT orderId=382804899
[16:21:54.311] [EXEC] [EXEC] CANCEL SELL orderId=382804899
[16:21:54.857] [EXEC] [EXEC] SELL FINAL STATUS status=CANCELED orderId=382804899
[16:21:54.860] [EXEC] [EXEC] SELL TIMEOUT check fast_exit
[16:21:54.861] [EXEC] [EXEC] FORCE EXIT hard_sl_triggered
[16:21:54.863] [EXEC] [EXEC] HARD SL triggered
[16:21:54.865] [EXEC] [EXEC] PANIC EXIT sl_mode
[16:21:54.868] [EXEC] [EXEC] FORCE EXIT price=81774.55
[16:21:54.870] [EXEC] [EXEC] PLACE SELL price=81774.55 qty=0.122280
[16:21:55.148] [EXEC] [EXEC] PANIC START price=81774.55
[16:21:55.151] [EXEC] [EXEC] SELL ORDER SENT orderId=382805106
[16:21:55.999] [EXEC] [EXEC] SELL FILLED id=382805106
[16:21:56.002] [EXEC] [EXEC] SELL FILLED qty=0.122280 remaining=0.000000
[16:21:56.005] [EXEC] [EXEC] REALIZED pnl=+0.198094
[16:21:56.007] [EXEC] [EXEC] PANIC FILLED
[16:21:56.009] [EXEC] [EXEC] PANIC RESET
[16:21:58.507] [EXEC] [EXEC] BUY ORDER SENT orderId=382805318 price=81767.87 qty=0.122290
[16:21:58.511] [EXEC] [EXEC] PLACE BUY price=81767.87 qty=0.122290
[16:22:02.072] [EXEC] [EXEC] BUY PARTIAL filled=0.122290 total=0.122290
[16:22:02.075] [EXEC] [EXEC] BUY REMAINING qty=0.000000
[16:22:02.076] [EXEC] [EXEC] POSITION qty=0.122290
[16:22:02.077] [EXEC] [EXEC] BUY FILLED id=382805318
[16:22:02.916] [EXEC] [EXEC] PLACE SELL price=81775.51 qty=0.122290
[16:22:03.182] [EXEC] [EXEC] SELL ORDER SENT orderId=382805654
[16:22:04.732] [EXEC] [EXEC] REALIZED pnl=+0.934296
[16:22:05.327] [EXEC] [EXEC] BUY ORDER SENT orderId=382805814 price=81769.95 qty=0.122290
[16:22:05.329] [EXEC] [EXEC] PLACE BUY price=81769.95 qty=0.122290
[16:22:08.135] [EXEC] [EXEC] PLACE SELL price=81775.99 qty=0.122290
[16:22:08.398] [EXEC] [EXEC] SELL ORDER SENT orderId=382805953
[16:22:08.403] [EXEC] [EXEC] BLOCK reason=balance_low
[16:22:10.066] [EXEC] [EXEC] RECOVERY WAIT hard_sl_pending_recovery
[16:22:10.978] [EXEC] [EXEC] REALIZED pnl=+0.738632
[16:22:10.984] [EXEC] [EXEC] BLOCK reason=balance_low
[16:22:14.495] [EXEC] [EXEC] BLOCK reason=balance_low
[16:22:20.775] [EXEC] [EXEC] BUY ORDER SENT orderId=382806663 price=81793.10 qty=0.122250
[16:22:20.778] [EXEC] [EXEC] PLACE BUY price=81793.10 qty=0.122250
[16:22:22.658] [EXEC] [EXEC] PLACE SELL price=81798.04 qty=0.122250
[16:22:22.923] [EXEC] [EXEC] SELL ORDER SENT orderId=382806810
[16:22:22.950] [EXEC] [EXEC] RECOVERY WAIT hard_sl_pending_recovery
[16:22:24.287] [EXEC] [EXEC] REALIZED pnl=+0.603915
[16:22:26.665] [EXEC] [EXEC] BUY ORDER SENT orderId=382807003 price=81790.06 qty=0.122260
[16:22:26.669] [EXEC] [EXEC] PLACE BUY price=81790.06 qty=0.122260
[16:22:28.538] [EXEC] [EXEC] BUY PARTIAL filled=0.122260 total=0.122260
[16:22:28.542] [EXEC] [EXEC] BUY REMAINING qty=0.000000
[16:22:28.543] [EXEC] [EXEC] POSITION qty=0.122260
[16:22:28.544] [EXEC] [EXEC] BUY FILLED id=382807003
[16:22:28.546] [EXEC] [EXEC] BLOCK reason=balance_low
[16:22:29.085] [EXEC] [EXEC] PLACE SELL price=81790.57 qty=0.122260
[16:22:29.365] [EXEC] [EXEC] SELL ORDER SENT orderId=382807204
[16:22:29.955] [EXEC] [EXEC] REALIZED pnl=+0.062353
[16:23:29.608] [EXEC] [EXEC] LIVE ON
[16:23:29.610] [EXEC] [EXEC] WAIT READY
[16:23:35.907] [EXEC] [EXEC] BUY ORDER SENT orderId=382810244 price=81799.63 qty=0.122240
[16:23:35.911] [EXEC] [EXEC] PLACE BUY price=81799.63 qty=0.122240
[16:23:36.750] [EXEC] [EXEC] PLACE SELL price=81799.96 qty=0.122240
[16:23:37.020] [EXEC] [EXEC] SELL ORDER SENT orderId=382810260
[16:23:38.152] [EXEC] [EXEC] REALIZED pnl=+0.040339
[16:23:38.583] [EXEC] [EXEC] BUY ORDER SENT orderId=382810307 price=81794.81 qty=0.122250
[16:23:38.586] [EXEC] [EXEC] PLACE BUY price=81794.81 qty=0.122250
[16:23:39.871] [EXEC] [EXEC] PLACE SELL price=81794.85 qty=0.122250
[16:23:40.139] [EXEC] [EXEC] SELL ORDER SENT orderId=382810447
[16:23:41.318] [EXEC] [EXEC] REALIZED pnl=+0.003668
[16:23:42.138] [EXEC] [EXEC] BUY ORDER SENT orderId=382810624 price=81805.93 qty=0.122240
[16:23:42.143] [EXEC] [EXEC] PLACE BUY price=81805.93 qty=0.122240
[16:23:48.123] [EXEC] [EXEC] BUY TIMEOUT orderId=382810624
[16:23:48.126] [EXEC] [EXEC] CANCEL BUY orderId=382810624
[16:23:48.397] [EXEC] [EXEC] BUY CANCELED confirmed
[16:23:48.665] [EXEC] [EXEC] BUY FINAL STATUS status=CANCELED orderId=382810624
[16:23:48.668] [EXEC] [EXEC] BLOCK reason=buy_not_filled
[16:23:51.695] [EXEC] [EXEC] BUY ORDER SENT orderId=382811343 price=81819.21 qty=0.122220
[16:23:51.700] [EXEC] [EXEC] PLACE BUY price=81819.21 qty=0.122220
[16:23:56.345] [EXEC] [EXEC] BUY TIMEOUT orderId=382811343
[16:23:56.350] [EXEC] [EXEC] CANCEL BUY orderId=382811343
[16:23:56.615] [EXEC] [EXEC] BUY CANCELED confirmed
[16:23:56.891] [EXEC] [EXEC] BUY FINAL STATUS status=CANCELED orderId=382811343
[16:23:56.895] [EXEC] [EXEC] BLOCK reason=buy_not_filled
[16:24:00.158] [EXEC] [EXEC] BUY ORDER SENT orderId=382811674 price=81820.30 qty=0.122210
[16:24:00.161] [EXEC] [EXEC] PLACE BUY price=81820.30 qty=0.122210
[16:24:05.173] [EXEC] [EXEC] BUY TIMEOUT orderId=382811674
[16:24:05.180] [EXEC] [EXEC] CANCEL BUY orderId=382811674
[16:24:05.455] [EXEC] [EXEC] BUY CANCELED confirmed
[16:24:05.749] [EXEC] [EXEC] BUY FINAL STATUS status=FILLED orderId=382811674
[16:24:05.753] [EXEC] [EXEC] BUY FILLED during cancel
[16:24:05.754] [EXEC] [EXEC] BUY FILLED id=382811674
[16:24:08.292] [EXEC] [EXEC] PLACE SELL price=81822.10 qty=0.122210
[16:24:08.562] [EXEC] [EXEC] SELL ORDER SENT orderId=382812726
[16:24:09.263] [EXEC] [EXEC] RECOVERY WAIT hard_sl_pending_recovery
[16:24:12.764] [EXEC] [EXEC] RECOVERY WAIT hard_sl_pending_recovery
[16:24:13.031] [EXEC] [EXEC] SELL TIMEOUT orderId=382812726
[16:24:13.035] [EXEC] [EXEC] CANCEL SELL orderId=382812726
[16:24:13.588] [EXEC] [EXEC] SELL FINAL STATUS status=CANCELED orderId=382812726
[16:24:13.591] [EXEC] [EXEC] SELL TIMEOUT check fast_exit
[16:24:13.593] [EXEC] [EXEC] FORCE EXIT hard_sl_triggered
[16:24:13.594] [EXEC] [EXEC] HARD SL triggered
[16:24:13.595] [EXEC] [EXEC] PANIC EXIT sl_mode
[16:24:13.596] [EXEC] [EXEC] FORCE EXIT price=81816.99
[16:24:13.597] [EXEC] [EXEC] PLACE SELL price=81816.99 qty=0.122210
[16:24:13.861] [EXEC] [EXEC] PANIC START price=81816.99
[16:24:13.864] [EXEC] [EXEC] SELL ORDER SENT orderId=382813074
[16:24:15.303] [EXEC] [EXEC] SELL PARTIAL delta=0.122210
[16:24:15.307] [EXEC] [EXEC] INVENTORY remaining=0.000000
[16:24:15.308] [EXEC] [EXEC] SELL FILLED id=382813074
[16:24:15.309] [EXEC] [EXEC] SELL FILLED qty=0.122210 remaining=0.000000
[16:24:15.310] [EXEC] [EXEC] REALIZED pnl=-0.404515
[16:24:15.311] [EXEC] [EXEC] PANIC FILLED
[16:24:15.312] [EXEC] [EXEC] PANIC RESET
[16:24:16.421] [EXEC] [EXEC] BUY ORDER SENT orderId=382813394 price=81806.91 qty=0.122230
[16:24:16.425] [EXEC] [EXEC] PLACE BUY price=81806.91 qty=0.122230
[16:24:19.224] [EXEC] [EXEC] BUY PARTIAL delta=0.122230 total=0.122230
[16:24:19.228] [EXEC] [EXEC] BUY REMAINING qty=0.000000
[16:24:19.229] [EXEC] [EXEC] INVENTORY qty=0.122230
[16:24:19.230] [EXEC] [EXEC] BUY FILLED id=382813394
[16:24:20.511] [EXEC] [EXEC] PLACE SELL price=81806.95 qty=0.122230
[16:24:20.786] [EXEC] [EXEC] SELL ORDER SENT orderId=382813693
[16:24:21.862] [EXEC] [EXEC] REALIZED pnl=+0.004889
[16:24:22.538] [EXEC] [EXEC] BUY ORDER SENT orderId=382813966 price=81820.38 qty=0.122210
[16:24:22.542] [EXEC] [EXEC] PLACE BUY price=81820.38 qty=0.122210
[16:24:26.570] [EXEC] [EXEC] PLACE SELL price=81823.46 qty=0.122210
[16:24:26.868] [EXEC] [EXEC] SELL ORDER SENT orderId=382814201
[16:24:27.389] [EXEC] [EXEC] RECOVERY WAIT hard_sl_pending_recovery
[16:24:27.658] [EXEC] [EXEC] SELL PARTIAL delta=0.122210
[16:24:27.661] [EXEC] [EXEC] INVENTORY remaining=0.000000
[16:24:27.663] [EXEC] [EXEC] SELL FILLED id=382814201
[16:24:27.664] [EXEC] [EXEC] SELL FILLED qty=0.122210 remaining=0.000000
[16:24:27.665] [EXEC] [EXEC] REALIZED pnl=+0.376407
[16:24:30.774] [EXEC] [EXEC] BUY ORDER SENT orderId=382814394 price=81819.69 qty=0.122210
[16:24:30.778] [EXEC] [EXEC] PLACE BUY price=81819.69 qty=0.122210
[16:24:34.846] [EXEC] [EXEC] BUY TIMEOUT orderId=382814394
[16:24:34.850] [EXEC] [EXEC] CANCEL BUY orderId=382814394
[16:24:35.123] [EXEC] [EXEC] BUY CANCELED confirmed
[16:24:35.394] [EXEC] [EXEC] BUY FINAL STATUS status=CANCELED orderId=382814394
[16:24:35.397] [EXEC] [EXEC] BLOCK reason=buy_not_filled
[16:24:37.961] [EXEC] [EXEC] BUY ORDER SENT orderId=382814705 price=81818.52 qty=0.122220
[16:24:37.965] [EXEC] [EXEC] PLACE BUY price=81818.52 qty=0.122220
[16:24:42.970] [EXEC] [EXEC] BUY TIMEOUT orderId=382814705
[16:24:42.973] [EXEC] [EXEC] CANCEL BUY orderId=382814705
[16:24:43.241] [EXEC] [EXEC] BUY CANCELED confirmed
[16:24:43.526] [EXEC] [EXEC] BUY FINAL STATUS status=CANCELED orderId=382814705
[16:24:43.529] [EXEC] [EXEC] BLOCK reason=buy_not_filled
[16:24:45.783] [EXEC] [EXEC] BUY ORDER SENT orderId=382815194 price=81821.97 qty=0.122210
[16:24:45.787] [EXEC] [EXEC] PLACE BUY price=81821.97 qty=0.122210
[16:24:51.094] [EXEC] [EXEC] BUY TIMEOUT orderId=382815194
[16:24:51.098] [EXEC] [EXEC] CANCEL BUY orderId=382815194
[16:24:51.389] [EXEC] [EXEC] BUY CANCELED confirmed
[16:24:51.699] [EXEC] [EXEC] BUY FINAL STATUS status=CANCELED orderId=382815194
[16:24:51.700] [EXEC] [EXEC] BLOCK reason=buy_not_filled
[16:24:53.883] [EXEC] [EXEC] BUY ORDER SENT orderId=382815744 price=81819.41 qty=0.122220
[16:24:53.887] [EXEC] [EXEC] PLACE BUY price=81819.41 qty=0.122220
[16:24:54.541] [EXEC] [EXEC] BUY PARTIAL delta=0.122220 total=0.122220
[16:24:54.545] [EXEC] [EXEC] BUY REMAINING qty=0.000000
[16:24:54.548] [EXEC] [EXEC] INVENTORY qty=0.122220
[16:24:54.552] [EXEC] [EXEC] BUY FILLED id=382815744
[16:24:56.856] [EXEC] [EXEC] PLACE SELL price=81836.15 qty=0.122220
[16:24:57.128] [EXEC] [EXEC] SELL ORDER SENT orderId=382816173
[16:25:01.283] [EXEC] [EXEC] RECOVERY WAIT hard_sl_pending_recovery
[16:25:01.570] [EXEC] [EXEC] SELL TIMEOUT orderId=382816173
[16:25:01.573] [EXEC] [EXEC] CANCEL SELL orderId=382816173
[16:25:02.334] [EXEC] [EXEC] SELL FINAL STATUS status=CANCELED orderId=382816173
[16:25:02.337] [EXEC] [EXEC] SELL TIMEOUT check fast_exit
[16:25:02.339] [EXEC] [EXEC] FORCE EXIT hard_sl_triggered
[16:25:02.340] [EXEC] [EXEC] HARD SL triggered
[16:25:02.342] [EXEC] [EXEC] PANIC EXIT sl_mode
[16:25:02.343] [EXEC] [EXEC] FORCE EXIT price=81823.49
[16:25:02.344] [EXEC] [EXEC] PLACE SELL price=81823.49 qty=0.122220
[16:25:02.639] [EXEC] [EXEC] PANIC START price=81823.49
[16:25:02.642] [EXEC] [EXEC] SELL ORDER SENT orderId=382816732
[16:25:03.599] [EXEC] [EXEC] SELL PARTIAL delta=0.122220
[16:25:03.604] [EXEC] [EXEC] INVENTORY remaining=0.000000
[16:25:03.608] [EXEC] [EXEC] SELL FILLED id=382816732
[16:25:03.610] [EXEC] [EXEC] SELL FILLED qty=0.122220 remaining=0.000000
[16:25:03.613] [EXEC] [EXEC] REALIZED pnl=+0.641416
[16:25:03.615] [EXEC] [EXEC] PANIC FILLED
[16:25:03.617] [EXEC] [EXEC] PANIC RESET
[16:25:06.371] [EXEC] [EXEC] BUY ORDER SENT orderId=382816979 price=81831.49 qty=0.122200
[16:25:06.374] [EXEC] [EXEC] PLACE BUY price=81831.49 qty=0.122200
[16:25:07.702] [EXEC] [EXEC] PLACE SELL price=81831.77 qty=0.122200
[16:25:07.975] [EXEC] [EXEC] SELL ORDER SENT orderId=382817037
[16:25:10.192] [EXEC] [EXEC] RECOVERY WAIT hard_sl_pending_recovery
[16:25:12.350] [EXEC] [EXEC] RECOVERY WAIT hard_sl_pending_recovery
[16:25:12.615] [EXEC] [EXEC] SELL TIMEOUT orderId=382817037
[16:25:12.618] [EXEC] [EXEC] CANCEL SELL orderId=382817037
[16:25:13.184] [EXEC] [EXEC] SELL FINAL STATUS status=CANCELED orderId=382817037
[16:25:13.188] [EXEC] [EXEC] SELL TIMEOUT check fast_exit
[16:25:13.189] [EXEC] [EXEC] FORCE EXIT hard_sl_triggered
[16:25:13.191] [EXEC] [EXEC] HARD SL triggered
[16:25:13.193] [EXEC] [EXEC] PANIC EXIT sl_mode
[16:25:13.196] [EXEC] [EXEC] FORCE EXIT price=81828.47
[16:25:13.198] [EXEC] [EXEC] PLACE SELL price=81828.47 qty=0.122200
[16:25:13.466] [EXEC] [EXEC] PANIC START price=81828.47
[16:25:13.469] [EXEC] [EXEC] SELL ORDER SENT orderId=382817227
[16:25:13.924] [EXEC] [EXEC] SELL PARTIAL delta=0.122200
[16:25:13.927] [EXEC] [EXEC] INVENTORY remaining=0.000000
[16:25:13.927] [EXEC] [EXEC] SELL FILLED id=382817227
[16:25:13.928] [EXEC] [EXEC] SELL FILLED qty=0.122200 remaining=0.000000
[16:25:13.929] [EXEC] [EXEC] REALIZED pnl=-0.369044
[16:25:13.930] [EXEC] [EXEC] PANIC FILLED
[16:25:13.931] [EXEC] [EXEC] PANIC RESET
[16:25:17.977] [EXEC] [EXEC] BUY ORDER SENT orderId=382817500 price=81828.02 qty=0.122200
[16:25:17.981] [EXEC] [EXEC] PLACE BUY price=81828.02 qty=0.122200
[16:25:21.993] [EXEC] [EXEC] BUY TIMEOUT orderId=382817500
[16:25:21.997] [EXEC] [EXEC] CANCEL BUY orderId=382817500
[16:25:22.315] [EXEC] [EXEC] BUY CANCELED confirmed
[16:25:22.580] [EXEC] [EXEC] BUY FINAL STATUS status=CANCELED orderId=382817500
[16:25:22.584] [EXEC] [EXEC] BLOCK reason=buy_not_filled
[16:25:23.792] [EXEC] [EXEC] BUY ORDER SENT orderId=382817753 price=81829.10 qty=0.122200
[16:25:23.796] [EXEC] [EXEC] PLACE BUY price=81829.10 qty=0.122200
[16:25:25.286] [EXEC] [EXEC] BUY PARTIAL delta=0.000070 total=0.000070
[16:25:25.290] [EXEC] [EXEC] BUY REMAINING qty=0.122130
[16:25:25.292] [EXEC] [EXEC] INVENTORY qty=0.000070
[16:25:26.447] [EXEC] [EXEC] PLACE SELL price=81832.00 qty=0.122200
[16:25:26.752] [EXEC] [EXEC] SELL ORDER SENT orderId=382817971
[16:25:28.508] [EXEC] [EXEC] RECOVERY WAIT hard_sl_pending_recovery
[16:25:30.740] [EXEC] [EXEC] SELL TIMEOUT orderId=382817971
[16:25:30.744] [EXEC] [EXEC] CANCEL SELL orderId=382817971
[16:25:31.305] [EXEC] [EXEC] SELL FINAL STATUS status=CANCELED orderId=382817971
[16:25:31.309] [EXEC] [EXEC] SELL TIMEOUT check fast_exit
[16:25:31.311] [EXEC] [EXEC] FORCE EXIT hard_sl_triggered
[16:25:31.314] [EXEC] [EXEC] HARD SL triggered
[16:25:31.316] [EXEC] [EXEC] PANIC EXIT sl_mode
[16:25:31.318] [EXEC] [EXEC] FORCE EXIT price=81811.99
[16:25:31.320] [EXEC] [EXEC] PLACE SELL price=81811.99 qty=0.122200
[16:25:31.593] [EXEC] [EXEC] PANIC START price=81811.99
[16:25:31.598] [EXEC] [EXEC] SELL ORDER SENT orderId=382818441
[16:25:32.145] [EXEC] [EXEC] REALIZED pnl=-2.090842
[16:25:33.591] [EXEC] [EXEC] BUY ORDER SENT orderId=382818638 price=81813.08 qty=0.122220
[16:25:33.595] [EXEC] [EXEC] PLACE BUY price=81813.08 qty=0.122220
[16:25:35.144] [EXEC] [EXEC] BUY PARTIAL delta=0.122220 total=0.122220
[16:25:35.148] [EXEC] [EXEC] BUY REMAINING qty=0.000000
[16:25:35.149] [EXEC] [EXEC] INVENTORY qty=0.122220
[16:25:35.150] [EXEC] [EXEC] BUY FILLED id=382818638
[16:25:37.350] [EXEC] [EXEC] PLACE SELL price=81819.25 qty=0.122220
[16:25:37.619] [EXEC] [EXEC] SELL ORDER SENT orderId=382818867
[16:25:38.574] [EXEC] [EXEC] REALIZED pnl=+0.754097
[16:25:40.791] [EXEC] [EXEC] BUY ORDER SENT orderId=382819099 price=81809.57 qty=0.122230
[16:25:40.795] [EXEC] [EXEC] PLACE BUY price=81809.57 qty=0.122230
[16:25:45.774] [EXEC] [EXEC] BUY TIMEOUT orderId=382819099
[16:25:45.778] [EXEC] [EXEC] CANCEL BUY orderId=382819099
[16:25:46.057] [EXEC] [EXEC] BUY CANCELED confirmed
[16:25:46.322] [EXEC] [EXEC] BUY FINAL STATUS status=CANCELED orderId=382819099
[16:25:46.325] [EXEC] [EXEC] BLOCK reason=buy_not_filled
[16:25:48.402] [EXEC] [EXEC] BUY ORDER SENT orderId=382819732 price=81834.93 qty=0.122190
[16:25:48.406] [EXEC] [EXEC] PLACE BUY price=81834.93 qty=0.122190
[16:25:49.634] [EXEC] [EXEC] PLACE SELL price=81834.97 qty=0.122190
[16:25:49.921] [EXEC] [EXEC] SELL ORDER SENT orderId=382819813
[16:25:51.692] [EXEC] [EXEC] RECOVERY WAIT hard_sl_pending_recovery
[16:25:52.918] [EXEC] [EXEC] SELL TIMEOUT orderId=382819813
[16:25:52.920] [EXEC] [EXEC] CANCEL SELL orderId=382819813
[16:25:53.476] [EXEC] [EXEC] SELL FINAL STATUS status=CANCELED orderId=382819813
[16:25:53.481] [EXEC] [EXEC] SELL TIMEOUT check fast_exit
[16:25:53.483] [EXEC] [EXEC] FORCE EXIT hard_sl_triggered
[16:25:53.486] [EXEC] [EXEC] HARD SL triggered
[16:25:53.488] [EXEC] [EXEC] PANIC EXIT sl_mode
[16:25:53.489] [EXEC] [EXEC] FORCE EXIT price=81833.96
[16:25:53.490] [EXEC] [EXEC] PLACE SELL price=81833.96 qty=0.122190
[16:25:53.762] [EXEC] [EXEC] PANIC START price=81833.96
[16:25:53.763] [EXEC] [EXEC] SELL ORDER SENT orderId=382819977
[16:25:57.123] [EXEC] [EXEC] PANIC WAIT still_open orderId=382819977
[16:25:57.127] [EXEC] [EXEC] PANIC HOLD active orderId=382819977
[16:25:59.841] [EXEC] [EXEC] SELL PARTIAL delta=0.122190
[16:25:59.843] [EXEC] [EXEC] INVENTORY remaining=0.000000
[16:25:59.845] [EXEC] [EXEC] SELL FILLED id=382819977
[16:25:59.846] [EXEC] [EXEC] SELL FILLED qty=0.122190 remaining=0.000000
[16:25:59.847] [EXEC] [EXEC] REALIZED pnl=-0.118524
[16:25:59.849] [EXEC] [EXEC] PANIC FILLED
[16:25:59.850] [EXEC] [EXEC] PANIC RESET
[16:26:01.087] [EXEC] [EXEC] BUY ORDER SENT orderId=382820303 price=81818.24 qty=0.122220
[16:26:01.090] [EXEC] [EXEC] PLACE BUY price=81818.24 qty=0.122220
[16:26:05.043] [EXEC] [EXEC] BUY TIMEOUT orderId=382820303
[16:26:05.049] [EXEC] [EXEC] CANCEL BUY orderId=382820303
[16:26:05.316] [EXEC] [EXEC] BUY CANCELED confirmed
[16:26:05.708] [EXEC] [EXEC] BUY FINAL STATUS status=CANCELED orderId=382820303
[16:26:05.712] [EXEC] [EXEC] BLOCK reason=buy_not_filled
[16:26:06.724] [EXEC] [EXEC] BUY ORDER SENT orderId=382820571 price=81824.61 qty=0.122210
[16:26:06.728] [EXEC] [EXEC] PLACE BUY price=81824.61 qty=0.122210
[16:26:11.883] [EXEC] [EXEC] BUY PARTIAL delta=0.122210 total=0.122210
[16:26:11.888] [EXEC] [EXEC] BUY REMAINING qty=0.000000
[16:26:11.891] [EXEC] [EXEC] INVENTORY qty=0.122210
[16:26:11.893] [EXEC] [EXEC] BUY FILLED id=382820571
[16:26:13.272] [EXEC] [EXEC] PLACE SELL price=81830.78 qty=0.122210
[16:26:13.548] [EXEC] [EXEC] SELL ORDER SENT orderId=382821085
[16:26:14.099] [EXEC] [EXEC] REALIZED pnl=+0.754036
[16:26:15.325] [EXEC] [EXEC] BUY ORDER SENT orderId=382821233 price=81828.02 qty=0.122200
[16:26:15.327] [EXEC] [EXEC] PLACE BUY price=81828.02 qty=0.122200
[16:26:20.292] [EXEC] [EXEC] BUY TIMEOUT orderId=382821233
[16:26:20.293] [EXEC] [EXEC] CANCEL BUY orderId=382821233
[16:26:20.650] [EXEC] [EXEC] BUY CANCELED confirmed
[16:26:20.921] [EXEC] [EXEC] BUY FINAL STATUS status=CANCELED orderId=382821233
[16:26:20.925] [EXEC] [EXEC] BLOCK reason=buy_not_filled
[16:26:22.725] [EXEC] [EXEC] BUY ORDER SENT orderId=382821904 price=81846.94 qty=0.122170
[16:26:22.727] [EXEC] [EXEC] PLACE BUY price=81846.94 qty=0.122170
[16:26:25.493] [EXEC] [EXEC] BUY PARTIAL delta=0.122170 total=0.122170
[16:26:25.497] [EXEC] [EXEC] BUY REMAINING qty=0.000000
[16:26:25.500] [EXEC] [EXEC] INVENTORY qty=0.122170
[16:26:25.504] [EXEC] [EXEC] BUY FILLED id=382821904
[16:26:26.446] [EXEC] [EXEC] PLACE SELL price=81846.98 qty=0.122170
[16:26:26.746] [EXEC] [EXEC] SELL ORDER SENT orderId=382822537
[16:26:28.490] [EXEC] [EXEC] RECOVERY WAIT hard_sl_pending_recovery
[16:26:29.270] [EXEC] [EXEC] RECOVERY WAIT hard_sl_pending_recovery
[16:26:29.535] [EXEC] [EXEC] SELL TIMEOUT orderId=382822537
[16:26:29.538] [EXEC] [EXEC] CANCEL SELL orderId=382822537
[16:26:30.069] [EXEC] [EXEC] SELL FINAL STATUS status=CANCELED orderId=382822537
[16:26:30.072] [EXEC] [EXEC] SELL TIMEOUT check fast_exit
[16:26:30.075] [EXEC] [EXEC] FORCE EXIT hard_sl_triggered
[16:26:30.077] [EXEC] [EXEC] HARD SL triggered
[16:26:30.079] [EXEC] [EXEC] PANIC EXIT sl_mode
[16:26:30.080] [EXEC] [EXEC] FORCE EXIT price=81806.97
[16:26:30.081] [EXEC] [EXEC] PLACE SELL price=81806.97 qty=0.122170
[16:26:30.351] [EXEC] [EXEC] PANIC START price=81806.97
[16:26:30.354] [EXEC] [EXEC] SELL ORDER SENT orderId=382822863
[16:26:31.504] [EXEC] [EXEC] REALIZED pnl=-4.883135
[16:26:32.034] [EXEC] [EXEC] BUY ORDER SENT orderId=382823009 price=81794.79 qty=0.122250
[16:26:32.038] [EXEC] [EXEC] PLACE BUY price=81794.79 qty=0.122250
[16:26:37.186] [EXEC] [EXEC] BUY TIMEOUT orderId=382823009
[16:26:37.190] [EXEC] [EXEC] CANCEL BUY orderId=382823009
[16:26:37.462] [EXEC] [EXEC] BUY CANCELED confirmed
[16:26:37.732] [EXEC] [EXEC] BUY FINAL STATUS status=CANCELED orderId=382823009
[16:26:37.735] [EXEC] [EXEC] BLOCK reason=buy_not_filled
[16:26:39.105] [EXEC] [EXEC] BUY ORDER SENT orderId=382823371 price=81796.01 qty=0.122250
[16:26:39.108] [EXEC] [EXEC] PLACE BUY price=81796.01 qty=0.122250
[16:26:43.522] [EXEC] [EXEC] BUY TIMEOUT orderId=382823371
[16:26:43.526] [EXEC] [EXEC] CANCEL BUY orderId=382823371
[16:26:43.794] [EXEC] [EXEC] BUY CANCELED confirmed
[16:26:44.110] [EXEC] [EXEC] BUY FINAL STATUS status=CANCELED orderId=382823371
[16:26:44.113] [EXEC] [EXEC] BLOCK reason=buy_not_filled
[16:26:45.856] [EXEC] [EXEC] BUY ORDER SENT orderId=382823776 price=81800.47 qty=0.122240
[16:26:45.860] [EXEC] [EXEC] PLACE BUY price=81800.47 qty=0.122240
[16:26:49.854] [EXEC] [EXEC] BUY PARTIAL delta=0.122240 total=0.122240
[16:26:49.857] [EXEC] [EXEC] BUY REMAINING qty=0.000000
[16:26:49.859] [EXEC] [EXEC] INVENTORY qty=0.122240
[16:26:49.860] [EXEC] [EXEC] BUY FILLED id=382823776
[16:26:51.140] [EXEC] [EXEC] PLACE SELL price=81800.51 qty=0.122240
[16:26:51.421] [EXEC] [EXEC] SELL ORDER SENT orderId=382824011
[16:26:51.964] [EXEC] [EXEC] REALIZED pnl=+0.004890
[16:26:53.120] [EXEC] [EXEC] BUY ORDER SENT orderId=382824080 price=81796.01 qty=0.122250
[16:26:53.124] [EXEC] [EXEC] PLACE BUY price=81796.01 qty=0.122250
[16:26:57.651] [EXEC] [EXEC] BUY PARTIAL delta=0.122250 total=0.122250
[16:26:57.656] [EXEC] [EXEC] BUY REMAINING qty=0.000000
[16:26:57.659] [EXEC] [EXEC] INVENTORY qty=0.122250
[16:26:57.661] [EXEC] [EXEC] BUY FILLED id=382824080
[16:26:58.329] [EXEC] [EXEC] PLACE SELL price=81796.05 qty=0.122250
[16:26:58.600] [EXEC] [EXEC] SELL ORDER SENT orderId=382824326
[16:26:59.890] [EXEC] [EXEC] RECOVERY WAIT hard_sl_pending_recovery
[16:27:01.920] [EXEC] [EXEC] RECOVERY WAIT hard_sl_pending_recovery
[16:27:02.191] [EXEC] [EXEC] SELL TIMEOUT orderId=382824326
[16:27:02.194] [EXEC] [EXEC] CANCEL SELL orderId=382824326
[16:27:02.747] [EXEC] [EXEC] SELL FINAL STATUS status=CANCELED orderId=382824326
[16:27:02.750] [EXEC] [EXEC] SELL TIMEOUT check fast_exit
[16:27:02.752] [EXEC] [EXEC] FORCE EXIT hard_sl_triggered
[16:27:02.755] [EXEC] [EXEC] HARD SL triggered
[16:27:02.757] [EXEC] [EXEC] PANIC EXIT sl_mode
[16:27:02.758] [EXEC] [EXEC] FORCE EXIT price=81792.92
[16:27:02.760] [EXEC] [EXEC] PLACE SELL price=81792.92 qty=0.122250
[16:27:03.027] [EXEC] [EXEC] PANIC START price=81792.92
[16:27:03.030] [EXEC] [EXEC] SELL ORDER SENT orderId=382824564
[16:27:06.378] [EXEC] [EXEC] PANIC WAIT still_open orderId=382824564
[16:27:06.381] [EXEC] [EXEC] PANIC HOLD active orderId=382824564
[16:27:09.546] [EXEC] [EXEC] PANIC WAIT still_open orderId=382824564
[16:27:09.550] [EXEC] [EXEC] PANIC HOLD active orderId=382824564
[16:27:11.111] [EXEC] [EXEC] PANIC HOLD active orderId=382824564
[16:27:13.043] [EXEC] [EXEC] PANIC WAIT still_open orderId=382824564
[16:27:13.047] [EXEC] [EXEC] PANIC HOLD active orderId=382824564
[16:27:13.897] [EXEC] [EXEC] STOP canceled panic order, position remains open
[16:27:14.702] [EXEC] [EXEC] REALIZED pnl=-0.377753
[16:31:12.589] [EXEC] [EXEC] LIVE ON
[16:31:12.591] [EXEC] [EXEC] WAIT READY
[16:31:13.112] [EXEC] [EXEC] BUY ORDER SENT orderId=382839233 price=81836.24 qty=0.001220
[16:31:13.116] [EXEC] [EXEC] PLACE BUY price=81836.24 qty=0.001220
[16:31:16.534] [EXEC] [EXEC] BUY PARTIAL delta=0.001220 total=0.001220
[16:31:16.537] [EXEC] [EXEC] BUY REMAINING qty=0.000000
[16:31:16.538] [EXEC] [EXEC] INVENTORY qty=0.001220
[16:31:16.539] [EXEC] [EXEC] BUY FILLED id=382839233
[16:31:18.000] [EXEC] [EXEC] PLACE SELL price=81839.24 qty=0.001220
[16:31:18.274] [EXEC] [EXEC] SELL ORDER SENT orderId=382839485
[16:31:19.782] [EXEC] [EXEC] SELL PARTIAL delta=0.001220
[16:31:19.785] [EXEC] [EXEC] INVENTORY remaining=0.000000
[16:31:19.786] [EXEC] [EXEC] SELL FILLED id=382839485
[16:31:19.787] [EXEC] [EXEC] SELL FILLED qty=0.001220 remaining=0.000000
[16:31:19.788] [EXEC] [EXEC] REALIZED pnl=+0.003660
[16:31:22.341] [EXEC] [EXEC] BUY ORDER SENT orderId=382839749 price=81853.38 qty=0.001220
[16:31:22.344] [EXEC] [EXEC] PLACE BUY price=81853.38 qty=0.001220
[16:31:23.774] [EXEC] [EXEC] BUY PARTIAL delta=0.001220 total=0.001220
[16:31:23.777] [EXEC] [EXEC] BUY REMAINING qty=0.000000
[16:31:23.778] [EXEC] [EXEC] INVENTORY qty=0.001220
[16:31:23.779] [EXEC] [EXEC] BUY FILLED id=382839749
[16:31:24.383] [EXEC] [EXEC] PLACE SELL price=81858.08 qty=0.001220
[16:31:24.644] [EXEC] [EXEC] SELL ORDER SENT orderId=382840075
[16:31:25.945] [EXEC] [EXEC] RECOVERY WAIT hard_sl_pending_recovery
[16:31:27.795] [EXEC] [EXEC] SELL TIMEOUT orderId=382840075
[16:31:27.800] [EXEC] [EXEC] CANCEL SELL orderId=382840075
[16:31:28.332] [EXEC] [EXEC] SELL FINAL STATUS status=CANCELED orderId=382840075
[16:31:28.335] [EXEC] [EXEC] SELL TIMEOUT check fast_exit
[16:31:28.338] [EXEC] [EXEC] FORCE EXIT hard_sl_triggered
[16:31:28.339] [EXEC] [EXEC] HARD SL triggered
[16:31:28.340] [EXEC] [EXEC] PANIC EXIT sl_mode
[16:31:28.341] [EXEC] [EXEC] FORCE EXIT price=81821.56
[16:31:28.342] [EXEC] [EXEC] PLACE SELL price=81821.56 qty=0.001220
[16:31:28.619] [EXEC] [EXEC] PANIC START price=81821.56
[16:31:28.623] [EXEC] [EXEC] SELL ORDER SENT orderId=382840562
[16:31:30.590] [EXEC] [EXEC] PANIC WAIT still_open orderId=382840562
[16:31:30.593] [EXEC] [EXEC] PANIC HOLD active orderId=382840562
[16:31:33.858] [EXEC] [EXEC] PANIC WAIT still_open orderId=382840562
[16:31:33.862] [EXEC] [EXEC] PANIC HOLD active orderId=382840562
[16:31:35.908] [EXEC] [EXEC] PANIC HOLD active orderId=382840562
[16:31:36.210] [EXEC] [EXEC] PANIC HOLD active orderId=382840562
[16:31:37.779] [EXEC] [EXEC] PANIC WAIT still_open orderId=382840562
[16:31:37.783] [EXEC] [EXEC] PANIC HOLD active orderId=382840562
[16:31:39.625] [EXEC] [EXEC] PANIC HOLD active orderId=382840562
[16:31:41.377] [EXEC] [EXEC] PANIC WAIT still_open orderId=382840562
[16:31:41.380] [EXEC] [EXEC] PANIC HOLD active orderId=382840562
[16:31:45.271] [EXEC] [EXEC] PANIC WAIT still_open orderId=382840562
[16:31:45.274] [EXEC] [EXEC] PANIC HOLD active orderId=382840562
[16:31:50.475] [EXEC] [EXEC] PANIC WAIT still_open orderId=382840562
[16:31:50.478] [EXEC] [EXEC] PANIC STALE detected orderId=382840562
[16:31:50.481] [EXEC] [EXEC] PANIC ESCALATE old=81821.56 new=81804.58 qty=0.001220
[16:31:51.278] [EXEC] [EXEC] PANIC ESCALATE placed orderId=382841976
[16:31:52.071] [EXEC] [EXEC] REALIZED pnl=-0.059536
[16:31:53.249] [EXEC] [EXEC] BUY ORDER SENT orderId=382842248 price=81824.34 qty=0.001220
[16:31:53.252] [EXEC] [EXEC] PLACE BUY price=81824.34 qty=0.001220
[16:31:57.496] [EXEC] [EXEC] BUY TIMEOUT orderId=382842248
[16:31:57.500] [EXEC] [EXEC] CANCEL BUY orderId=382842248
[16:31:57.766] [EXEC] [EXEC] BUY CANCELED confirmed
[16:31:58.029] [EXEC] [EXEC] BUY FINAL STATUS status=CANCELED orderId=382842248
[16:31:58.034] [EXEC] [EXEC] BLOCK reason=buy_not_filled
[16:32:02.071] [EXEC] [EXEC] BUY ORDER SENT orderId=382842880 price=81828.51 qty=0.001220
[16:32:02.075] [EXEC] [EXEC] PLACE BUY price=81828.51 qty=0.001220
[16:32:06.351] [EXEC] [EXEC] BUY TIMEOUT orderId=382842880
[16:32:06.354] [EXEC] [EXEC] CANCEL BUY orderId=382842880
[16:32:06.624] [EXEC] [EXEC] BUY CANCELED confirmed
[16:32:06.909] [EXEC] [EXEC] BUY FINAL STATUS status=CANCELED orderId=382842880
[16:32:06.913] [EXEC] [EXEC] BLOCK reason=buy_not_filled
[16:32:07.776] [EXEC] [EXEC] BUY ORDER SENT orderId=382843453 price=81864.62 qty=0.001220
[16:32:07.780] [EXEC] [EXEC] PLACE BUY price=81864.62 qty=0.001220
[16:32:09.076] [EXEC] [EXEC] PLACE SELL price=81866.89 qty=0.001220
[16:32:09.342] [EXEC] [EXEC] SELL ORDER SENT orderId=382843567
[16:32:10.353] [EXEC] [EXEC] REALIZED pnl=+0.002769
[16:32:11.736] [EXEC] [EXEC] BUY ORDER SENT orderId=382843889 price=81878.84 qty=0.001220
[16:32:11.740] [EXEC] [EXEC] PLACE BUY price=81878.84 qty=0.001220
[16:32:13.086] [EXEC] [EXEC] BUY PARTIAL delta=0.001220 total=0.001220
[16:32:13.090] [EXEC] [EXEC] BUY REMAINING qty=0.000000
[16:32:13.093] [EXEC] [EXEC] INVENTORY qty=0.001220
[16:32:13.095] [EXEC] [EXEC] BUY FILLED id=382843889
[16:32:13.759] [EXEC] [EXEC] PLACE SELL price=81878.88 qty=0.001220
[16:32:14.032] [EXEC] [EXEC] SELL ORDER SENT orderId=382844179
[16:32:15.104] [EXEC] [EXEC] RECOVERY WAIT hard_sl_pending_recovery
[16:32:16.514] [EXEC] [EXEC] RECOVERY WAIT hard_sl_pending_recovery
[16:32:17.844] [EXEC] [EXEC] RECOVERY WAIT hard_sl_pending_recovery
[16:32:18.106] [EXEC] [EXEC] SELL TIMEOUT orderId=382844179
[16:32:18.108] [EXEC] [EXEC] CANCEL SELL orderId=382844179
[16:32:18.642] [EXEC] [EXEC] SELL FINAL STATUS status=CANCELED orderId=382844179
[16:32:18.644] [EXEC] [EXEC] SELL TIMEOUT check fast_exit
[16:32:18.646] [EXEC] [EXEC] FORCE EXIT hard_sl_triggered
[16:32:18.647] [EXEC] [EXEC] HARD SL triggered
[16:32:18.648] [EXEC] [EXEC] PANIC EXIT sl_mode
[16:32:18.649] [EXEC] [EXEC] FORCE EXIT price=81839.59
[16:32:18.650] [EXEC] [EXEC] PLACE SELL price=81839.59 qty=0.001220
[16:32:18.913] [EXEC] [EXEC] PANIC START price=81839.59
[16:32:18.916] [EXEC] [EXEC] SELL ORDER SENT orderId=382844594
[16:32:21.286] [EXEC] [EXEC] REALIZED pnl=-0.047885
[16:32:23.626] [EXEC] [EXEC] BUY ORDER SENT orderId=382845163 price=81844.76 qty=0.001220
[16:32:23.630] [EXEC] [EXEC] PLACE BUY price=81844.76 qty=0.001220
[16:32:24.937] [EXEC] [EXEC] BUY PARTIAL delta=0.001220 total=0.001220
[16:32:24.941] [EXEC] [EXEC] BUY REMAINING qty=0.000000
[16:32:24.943] [EXEC] [EXEC] INVENTORY qty=0.001220
[16:32:24.946] [EXEC] [EXEC] BUY FILLED id=382845163
[16:32:26.258] [EXEC] [EXEC] PLACE SELL price=81844.80 qty=0.001220
[16:32:26.526] [EXEC] [EXEC] SELL ORDER SENT orderId=382845470
[16:32:27.820] [EXEC] [EXEC] RECOVERY WAIT hard_sl_pending_recovery
[16:32:28.098] [EXEC] [EXEC] SELL PARTIAL delta=0.001220
[16:32:28.099] [EXEC] [EXEC] INVENTORY remaining=0.000000
[16:32:28.100] [EXEC] [EXEC] SELL FILLED id=382845470
[16:32:28.100] [EXEC] [EXEC] SELL FILLED qty=0.001220 remaining=0.000000
[16:32:28.101] [EXEC] [EXEC] REALIZED pnl=+0.000049
[16:32:29.337] [EXEC] [EXEC] BUY ORDER SENT orderId=382845893 price=81855.62 qty=0.001220
[16:32:29.342] [EXEC] [EXEC] PLACE BUY price=81855.62 qty=0.001220
[16:32:31.865] [EXEC] [EXEC] PLACE SELL price=81856.00 qty=0.001220
[16:32:32.138] [EXEC] [EXEC] SELL ORDER SENT orderId=382846111
[16:33:14.886] [EXEC] [EXEC] LIVE ON
[16:33:14.889] [EXEC] [EXEC] WAIT READY
[16:33:17.143] [EXEC] [EXEC] BUY ORDER SENT orderId=382849479 price=81853.34 qty=0.001220
[16:33:17.149] [EXEC] [EXEC] PLACE BUY price=81853.34 qty=0.001220
[16:33:19.410] [EXEC] [EXEC] CHUNK ADD qty=0.001220 entry=81853.34
[16:33:19.413] [EXEC] [EXEC] CHUNK COUNT n=1
[16:33:19.415] [EXEC] [EXEC] BUY PARTIAL delta=0.001220 total=0.001220
[16:33:19.416] [EXEC] [EXEC] BUY REMAINING qty=0.000000
[16:33:19.417] [EXEC] [EXEC] INVENTORY qty=0.001220
[16:33:19.418] [EXEC] [EXEC] BUY FILLED id=382849479
[16:33:21.031] [EXEC] [EXEC] PLACE SELL price=81853.38 qty=0.001220
[16:33:21.357] [EXEC] [EXEC] SELL ORDER SENT orderId=382849788
[16:33:22.419] [EXEC] [EXEC] FIFO CLOSE qty=0.001220 entry=81853.34 exit=81853.37 pnl=+0.000037
[16:33:22.422] [EXEC] [EXEC] CHUNK CLOSED entry=81853.34
[16:33:22.425] [EXEC] [EXEC] REALIZED pnl=+0.000037
[16:33:23.800] [EXEC] [EXEC] BUY ORDER SENT orderId=382850051 price=81856.31 qty=0.001220
[16:33:23.803] [EXEC] [EXEC] PLACE BUY price=81856.31 qty=0.001220
[16:33:25.118] [EXEC] [EXEC] PLACE SELL price=81865.39 qty=0.001220
[16:33:25.405] [EXEC] [EXEC] SELL ORDER SENT orderId=382850179
[16:33:27.307] [EXEC] [EXEC] REALIZED pnl=+0.000000
[16:33:29.771] [EXEC] [EXEC] BUY ORDER SENT orderId=382850433 price=81860.01 qty=0.001220
[16:33:29.775] [EXEC] [EXEC] PLACE BUY price=81860.01 qty=0.001220
[16:33:32.157] [EXEC] [EXEC] PLACE SELL price=81858.19 qty=0.001220
[16:33:32.427] [EXEC] [EXEC] SELL ORDER SENT orderId=382850760
[16:33:33.714] [EXEC] [EXEC] RECOVERY WAIT hard_sl_pending_recovery
[16:33:34.551] [EXEC] [EXEC] REALIZED pnl=+0.000000
[16:33:35.704] [EXEC] [EXEC] BUY ORDER SENT orderId=382851017 price=81854.68 qty=0.001220
[16:33:35.707] [EXEC] [EXEC] PLACE BUY price=81854.68 qty=0.001220
[16:33:37.969] [EXEC] [EXEC] CHUNK ADD qty=0.001220 entry=81854.68
[16:33:37.972] [EXEC] [EXEC] CHUNK COUNT n=1
[16:33:37.975] [EXEC] [EXEC] BUY PARTIAL delta=0.001220 total=0.001220
[16:33:37.978] [EXEC] [EXEC] BUY REMAINING qty=0.000000
[16:33:37.981] [EXEC] [EXEC] INVENTORY qty=0.001220
[16:33:37.983] [EXEC] [EXEC] BUY FILLED id=382851017
[16:33:38.532] [EXEC] [EXEC] PLACE SELL price=81872.42 qty=0.001220
[16:33:38.795] [EXEC] [EXEC] SELL ORDER SENT orderId=382851284
[16:33:41.919] [EXEC] [EXEC] FIFO CLOSE qty=0.001220 entry=81854.68 exit=81872.42 pnl=+0.021643
[16:33:41.922] [EXEC] [EXEC] CHUNK CLOSED entry=81854.68
[16:33:41.924] [EXEC] [EXEC] SELL PARTIAL delta=0.001220
[16:33:41.925] [EXEC] [EXEC] INVENTORY remaining=0.000000
[16:33:41.926] [EXEC] [EXEC] SELL FILLED id=382851284
[16:33:41.927] [EXEC] [EXEC] SELL FILLED qty=0.001220 remaining=0.000000
[16:33:41.928] [EXEC] [EXEC] REALIZED pnl=+0.000000
[16:33:44.417] [EXEC] [EXEC] BUY ORDER SENT orderId=382851825 price=81854.78 qty=0.001220
[16:33:44.421] [EXEC] [EXEC] PLACE BUY price=81854.78 qty=0.001220
[16:33:48.490] [EXEC] [EXEC] BUY TIMEOUT orderId=382851825
[16:33:48.493] [EXEC] [EXEC] CANCEL BUY orderId=382851825
[16:33:48.754] [EXEC] [EXEC] BUY CANCELED confirmed
[16:33:49.030] [EXEC] [EXEC] BUY FINAL STATUS status=CANCELED orderId=382851825
[16:33:49.033] [EXEC] [EXEC] BLOCK reason=buy_not_filled
[16:33:53.355] [EXEC] [EXEC] BUY ORDER SENT orderId=382852439 price=81854.79 qty=0.001220
[16:33:53.358] [EXEC] [EXEC] PLACE BUY price=81854.79 qty=0.001220
[16:33:56.780] [EXEC] [EXEC] PLACE SELL price=81854.83 qty=0.001220
[16:33:57.066] [EXEC] [EXEC] SELL ORDER SENT orderId=382852608
[16:33:57.588] [EXEC] [EXEC] RECOVERY WAIT hard_sl_pending_recovery
[16:33:57.856] [EXEC] [EXEC] SELL PARTIAL delta=0.001220
[16:33:57.860] [EXEC] [EXEC] INVENTORY remaining=0.000000
[16:33:57.863] [EXEC] [EXEC] SELL FILLED id=382852608
[16:33:57.865] [EXEC] [EXEC] SELL FILLED qty=0.001220 remaining=0.000000
[16:33:57.868] [EXEC] [EXEC] REALIZED pnl=+0.000000
[16:34:00.560] [EXEC] [EXEC] BUY ORDER SENT orderId=382853030 price=81863.78 qty=0.001220
[16:34:00.562] [EXEC] [EXEC] PLACE BUY price=81863.78 qty=0.001220
[16:34:05.041] [EXEC] [EXEC] BUY TIMEOUT orderId=382853030
[16:34:05.044] [EXEC] [EXEC] CANCEL BUY orderId=382853030
[16:34:05.314] [EXEC] [EXEC] BUY CANCELED confirmed
[16:34:05.598] [EXEC] [EXEC] BUY FINAL STATUS status=CANCELED orderId=382853030
[16:34:05.602] [EXEC] [EXEC] BLOCK reason=buy_not_filled
[16:34:10.151] [EXEC] [EXEC] BUY ORDER SENT orderId=382853536 price=81877.52 qty=0.001220
[16:34:10.154] [EXEC] [EXEC] PLACE BUY price=81877.52 qty=0.001220
[16:34:11.300] [EXEC] [EXEC] CHUNK ADD qty=0.000070 entry=81877.52
[16:34:11.303] [EXEC] [EXEC] CHUNK COUNT n=1
[16:34:11.305] [EXEC] [EXEC] BUY PARTIAL delta=0.000070 total=0.000070
[16:34:11.306] [EXEC] [EXEC] BUY REMAINING qty=0.001150
[16:34:11.306] [EXEC] [EXEC] INVENTORY qty=0.000070
[16:34:12.870] [EXEC] [EXEC] PLACE SELL price=81877.83 qty=0.001220
[16:34:13.136] [EXEC] [EXEC] SELL ORDER SENT orderId=382853668
[16:34:13.680] [EXEC] [EXEC] FIFO CLOSE qty=0.000070 entry=81877.52 exit=81877.83 pnl=+0.000022
[16:34:13.683] [EXEC] [EXEC] CHUNK CLOSED entry=81877.52
[16:34:13.685] [EXEC] [EXEC] REALIZED pnl=+0.000022
[16:34:14.155] [EXEC] [EXEC] BUY ORDER SENT orderId=382853759 price=81876.01 qty=0.001220
[16:34:14.158] [EXEC] [EXEC] PLACE BUY price=81876.01 qty=0.001220
[16:34:17.938] [EXEC] [EXEC] PLACE SELL price=81888.00 qty=0.001220
[16:34:18.261] [EXEC] [EXEC] SELL ORDER SENT orderId=382854031
[16:34:19.405] [EXEC] [EXEC] RECOVERY WAIT hard_sl_pending_recovery
[16:34:22.210] [EXEC] [EXEC] SELL TIMEOUT orderId=382854031
[16:34:22.214] [EXEC] [EXEC] CANCEL SELL orderId=382854031
[16:34:22.759] [EXEC] [EXEC] SELL FINAL STATUS status=CANCELED orderId=382854031
[16:34:22.763] [EXEC] [EXEC] SELL TIMEOUT check fast_exit
[16:34:22.764] [EXEC] [EXEC] FAST SAFE EXIT price=81876.05 entry=81876.01 bid=81876.04
[16:34:22.766] [EXEC] [EXEC] SELL REPRICE old=81888.00 new=81887.99 count=1
[16:34:22.767] [EXEC] [EXEC] SELL REPLACE remaining=0.001220
[16:34:22.768] [EXEC] [EXEC] PLACE SELL price=81887.99 qty=0.001220
[16:34:23.034] [EXEC] [EXEC] SELL ORDER SENT orderId=382854198
[16:34:25.909] [EXEC] [EXEC] RECOVERY WAIT hard_sl_pending_recovery
[16:34:26.180] [EXEC] [EXEC] SELL TIMEOUT orderId=382854198
[16:34:26.184] [EXEC] [EXEC] CANCEL SELL orderId=382854198
[16:34:26.746] [EXEC] [EXEC] SELL FINAL STATUS status=CANCELED orderId=382854198
[16:34:26.750] [EXEC] [EXEC] SELL TIMEOUT check fast_exit
[16:34:26.752] [EXEC] [EXEC] FORCE EXIT hard_sl_triggered
[16:34:26.754] [EXEC] [EXEC] HARD SL triggered
[16:34:26.755] [EXEC] [EXEC] PANIC EXIT sl_mode
[16:34:26.756] [EXEC] [EXEC] FORCE EXIT price=81879.06
[16:34:26.757] [EXEC] [EXEC] PLACE SELL price=81879.06 qty=0.001220
[16:34:27.042] [EXEC] [EXEC] PANIC START price=81879.06
[16:34:27.045] [EXEC] [EXEC] SELL ORDER SENT orderId=382854403
[16:34:27.909] [EXEC] [EXEC] SELL PARTIAL delta=0.001220
[16:34:27.912] [EXEC] [EXEC] INVENTORY remaining=0.000000
[16:34:27.914] [EXEC] [EXEC] SELL FILLED id=382854403
[16:34:27.915] [EXEC] [EXEC] SELL FILLED qty=0.001220 remaining=0.000000
[16:34:27.916] [EXEC] [EXEC] REALIZED pnl=+0.000000
[16:34:27.917] [EXEC] [EXEC] PANIC FILLED
[16:34:27.918] [EXEC] [EXEC] PANIC RESET
[16:34:29.007] [EXEC] [EXEC] BUY ORDER SENT orderId=382854497 price=81882.13 qty=0.001220
[16:34:29.011] [EXEC] [EXEC] PLACE BUY price=81882.13 qty=0.001220
[16:34:29.457] [EXEC] [EXEC] CHUNK ADD qty=0.001220 entry=81882.13
[16:34:29.460] [EXEC] [EXEC] CHUNK COUNT n=1
[16:34:29.462] [EXEC] [EXEC] BUY PARTIAL delta=0.001220 total=0.001220
[16:34:29.463] [EXEC] [EXEC] BUY REMAINING qty=0.000000
[16:34:29.464] [EXEC] [EXEC] INVENTORY qty=0.001220
[16:34:29.465] [EXEC] [EXEC] BUY FILLED id=382854497
[16:34:31.755] [EXEC] [EXEC] PLACE SELL price=81888.00 qty=0.001220
[16:34:32.024] [EXEC] [EXEC] SELL ORDER SENT orderId=382854737
[16:34:32.292] [EXEC] [EXEC] RECOVERY WAIT hard_sl_pending_recovery
[16:34:32.560] [EXEC] [EXEC] FIFO CLOSE qty=0.001220 entry=81882.13 exit=81888.00 pnl=+0.007161
[16:34:32.564] [EXEC] [EXEC] CHUNK CLOSED entry=81882.13
[16:34:32.567] [EXEC] [EXEC] SELL PARTIAL delta=0.001220
[16:34:32.570] [EXEC] [EXEC] INVENTORY remaining=0.000000
[16:34:32.572] [EXEC] [EXEC] SELL FILLED id=382854737
[16:34:32.573] [EXEC] [EXEC] SELL FILLED qty=0.001220 remaining=0.000000
[16:34:32.574] [EXEC] [EXEC] REALIZED pnl=+0.000000
[16:34:34.278] [EXEC] [EXEC] BUY ORDER SENT orderId=382854937 price=81890.06 qty=0.001220
[16:34:34.281] [EXEC] [EXEC] PLACE BUY price=81890.06 qty=0.001220
[16:34:39.115] [EXEC] [EXEC] PLACE SELL price=81890.30 qty=0.001220
[16:34:39.490] [EXEC] [EXEC] SELL ORDER SENT orderId=382855332
[16:34:39.790] [EXEC] [EXEC] RECOVERY WAIT hard_sl_pending_recovery
[16:34:40.060] [EXEC] [EXEC] SELL PARTIAL delta=0.001220
[16:34:40.063] [EXEC] [EXEC] INVENTORY remaining=0.000000
[16:34:40.065] [EXEC] [EXEC] SELL FILLED id=382855332
[16:34:40.068] [EXEC] [EXEC] SELL FILLED qty=0.001220 remaining=0.000000
[16:34:40.070] [EXEC] [EXEC] REALIZED pnl=+0.000000
[16:34:41.653] [EXEC] [EXEC] BUY ORDER SENT orderId=382855560 price=81862.28 qty=0.001220
[16:34:41.656] [EXEC] [EXEC] PLACE BUY price=81862.28 qty=0.001220
[16:34:43.202] [EXEC] [EXEC] CHUNK ADD qty=0.001220 entry=81862.28
[16:34:43.205] [EXEC] [EXEC] CHUNK COUNT n=1
[16:34:43.207] [EXEC] [EXEC] BUY PARTIAL delta=0.001220 total=0.001220
[16:34:43.210] [EXEC] [EXEC] BUY REMAINING qty=0.000000
[16:34:43.212] [EXEC] [EXEC] INVENTORY qty=0.001220
[16:34:43.214] [EXEC] [EXEC] BUY FILLED id=382855560
[16:34:44.605] [EXEC] [EXEC] PLACE SELL price=81864.00 qty=0.001220
[16:34:44.868] [EXEC] [EXEC] SELL ORDER SENT orderId=382855734
[16:34:45.689] [EXEC] [EXEC] FIFO CLOSE qty=0.001220 entry=81862.28 exit=81864.12 pnl=+0.002245
[16:34:45.693] [EXEC] [EXEC] CHUNK CLOSED entry=81862.28
[16:34:45.694] [EXEC] [EXEC] SELL PARTIAL delta=0.001220
[16:34:45.695] [EXEC] [EXEC] INVENTORY remaining=0.000000
[16:34:45.696] [EXEC] [EXEC] SELL FILLED id=382855734
[16:34:45.697] [EXEC] [EXEC] SELL FILLED qty=0.001220 remaining=0.000000
[16:34:45.698] [EXEC] [EXEC] REALIZED pnl=+0.000000
[16:34:49.143] [EXEC] [EXEC] BUY ORDER SENT orderId=382855911 price=81868.10 qty=0.001220
[16:34:49.146] [EXEC] [EXEC] PLACE BUY price=81868.10 qty=0.001220
[16:34:53.873] [EXEC] [EXEC] PLACE SELL price=81871.99 qty=0.001220
[16:34:54.142] [EXEC] [EXEC] SELL ORDER SENT orderId=382856176
[16:34:55.641] [EXEC] [EXEC] REALIZED pnl=+0.000000
[16:35:04.199] [EXEC] [EXEC] BUY ORDER SENT orderId=382856760 price=81887.07 qty=0.001220
[16:35:04.203] [EXEC] [EXEC] PLACE BUY price=81887.07 qty=0.001220
[16:35:04.807] [EXEC] [EXEC] PLACE SELL price=81891.62 qty=0.001220
[16:35:05.151] [EXEC] [EXEC] SELL ORDER SENT orderId=382856789
[16:35:05.705] [EXEC] [EXEC] RECOVERY WAIT hard_sl_pending_recovery
[16:35:08.986] [EXEC] [EXEC] RECOVERY WAIT hard_sl_pending_recovery
[16:35:09.297] [EXEC] [EXEC] SELL TIMEOUT orderId=382856789
[16:35:09.301] [EXEC] [EXEC] CANCEL SELL orderId=382856789
[16:35:09.883] [EXEC] [EXEC] SELL FINAL STATUS status=CANCELED orderId=382856789
[16:35:09.887] [EXEC] [EXEC] SELL TIMEOUT check fast_exit
[16:35:09.890] [EXEC] [EXEC] FORCE EXIT hard_sl_triggered
[16:35:09.893] [EXEC] [EXEC] HARD SL triggered
[16:35:09.895] [EXEC] [EXEC] PANIC EXIT sl_mode
[16:35:09.897] [EXEC] [EXEC] FORCE EXIT price=81881.77
[16:35:09.898] [EXEC] [EXEC] PLACE SELL price=81881.77 qty=0.001220
[16:35:10.182] [EXEC] [EXEC] PANIC START price=81881.77
[16:35:10.185] [EXEC] [EXEC] SELL ORDER SENT orderId=382857113
[16:35:10.795] [EXEC] [EXEC] REALIZED pnl=+0.000000
[16:35:12.090] [EXEC] [EXEC] BUY ORDER SENT orderId=382857149 price=81879.61 qty=0.001220
[16:35:12.094] [EXEC] [EXEC] PLACE BUY price=81879.61 qty=0.001220
[16:35:13.218] [EXEC] [EXEC] PLACE SELL price=81879.65 qty=0.001220
[16:35:13.547] [EXEC] [EXEC] SELL ORDER SENT orderId=382857198
[16:35:16.302] [EXEC] [EXEC] REALIZED pnl=+0.000000
[16:35:17.163] [EXEC] [EXEC] BUY ORDER SENT orderId=382857291 price=81880.07 qty=0.001220
[16:35:17.167] [EXEC] [EXEC] PLACE BUY price=81880.07 qty=0.001220
[16:35:18.554] [EXEC] [EXEC] PLACE SELL price=81880.11 qty=0.001220
[16:35:18.821] [EXEC] [EXEC] SELL ORDER SENT orderId=382857440
[16:35:22.055] [EXEC] [EXEC] SELL PARTIAL delta=0.001220
[16:35:22.058] [EXEC] [EXEC] INVENTORY remaining=0.000000
[16:35:22.060] [EXEC] [EXEC] SELL FILLED id=382857440
[16:35:22.061] [EXEC] [EXEC] SELL FILLED qty=0.001220 remaining=0.000000
[16:35:22.063] [EXEC] [EXEC] REALIZED pnl=+0.000000
[16:35:22.064] [EXEC] [EXEC] PANIC FILLED
[16:35:22.065] [EXEC] [EXEC] PANIC RESET
[16:35:23.245] [EXEC] [EXEC] BUY ORDER SENT orderId=382857844 price=81854.79 qty=0.001220
[16:35:23.248] [EXEC] [EXEC] PLACE BUY price=81854.79 qty=0.001220
[16:35:24.719] [EXEC] [EXEC] PLACE SELL price=81854.83 qty=0.001220
[16:35:25.003] [EXEC] [EXEC] SELL ORDER SENT orderId=382858024
[16:35:25.746] [EXEC] [EXEC] RECOVERY WAIT hard_sl_pending_recovery
[16:35:26.044] [EXEC] [EXEC] SELL PARTIAL delta=0.001220
[16:35:26.045] [EXEC] [EXEC] INVENTORY remaining=0.000000
[16:35:26.045] [EXEC] [EXEC] SELL FILLED id=382858024
[16:35:26.046] [EXEC] [EXEC] SELL FILLED qty=0.001220 remaining=0.000000
[16:35:26.047] [EXEC] [EXEC] REALIZED pnl=+0.000000
[16:35:27.260] [EXEC] [EXEC] BUY ORDER SENT orderId=382858190 price=81844.01 qty=0.001220
[16:35:27.263] [EXEC] [EXEC] PLACE BUY price=81844.01 qty=0.001220
[16:35:30.926] [EXEC] [EXEC] PLACE SELL price=81853.31 qty=0.001220
[16:35:31.247] [EXEC] [EXEC] SELL ORDER SENT orderId=382858462
[16:35:32.276] [EXEC] [EXEC] RECOVERY WAIT hard_sl_pending_recovery
[16:35:35.328] [EXEC] [EXEC] RECOVERY WAIT hard_sl_pending_recovery
[16:35:35.606] [EXEC] [EXEC] SELL PARTIAL delta=0.001220
[16:35:35.609] [EXEC] [EXEC] INVENTORY remaining=0.000000
[16:35:35.611] [EXEC] [EXEC] SELL FILLED id=382858462
[16:35:35.613] [EXEC] [EXEC] SELL FILLED qty=0.001220 remaining=0.000000
[16:35:35.614] [EXEC] [EXEC] REALIZED pnl=+0.000000
[16:35:36.344] [EXEC] [EXEC] BUY ORDER SENT orderId=382858945 price=81854.47 qty=0.001220
[16:35:36.348] [EXEC] [EXEC] PLACE BUY price=81854.47 qty=0.001220
[16:35:37.921] [EXEC] [EXEC] CHUNK ADD qty=0.001220 entry=81854.47
[16:35:37.924] [EXEC] [EXEC] CHUNK COUNT n=1
[16:35:37.927] [EXEC] [EXEC] BUY PARTIAL delta=0.001220 total=0.001220
[16:35:37.929] [EXEC] [EXEC] BUY REMAINING qty=0.000000
[16:35:37.932] [EXEC] [EXEC] INVENTORY qty=0.001220
[16:35:37.934] [EXEC] [EXEC] BUY FILLED id=382858945
[16:35:39.183] [EXEC] [EXEC] PLACE SELL price=81855.99 qty=0.001220
[16:35:39.455] [EXEC] [EXEC] SELL ORDER SENT orderId=382859006
[16:35:39.982] [EXEC] [EXEC] FIFO CLOSE qty=0.001220 entry=81854.47 exit=81855.99 pnl=+0.001854
[16:35:39.983] [EXEC] [EXEC] CHUNK CLOSED entry=81854.47
[16:35:39.985] [EXEC] [EXEC] REALIZED pnl=+0.001854
[16:35:42.649] [EXEC] [EXEC] BUY ORDER SENT orderId=382859162 price=81852.00 qty=0.001220
[16:35:42.653] [EXEC] [EXEC] PLACE BUY price=81852.00 qty=0.001220
[16:35:46.805] [EXEC] [EXEC] PLACE SELL price=81856.00 qty=0.001220
[16:35:47.075] [EXEC] [EXEC] SELL ORDER SENT orderId=382859425
[16:35:47.890] [EXEC] [EXEC] SELL PARTIAL delta=0.001220
[16:35:47.892] [EXEC] [EXEC] INVENTORY remaining=0.000000
[16:35:47.893] [EXEC] [EXEC] SELL FILLED id=382859425
[16:35:47.895] [EXEC] [EXEC] SELL FILLED qty=0.001220 remaining=0.000000
[16:35:47.896] [EXEC] [EXEC] REALIZED pnl=+0.000000
[16:35:49.147] [EXEC] [EXEC] BUY ORDER SENT orderId=382859663 price=81866.93 qty=0.001220
[16:35:49.151] [EXEC] [EXEC] PLACE BUY price=81866.93 qty=0.001220
[16:35:51.061] [EXEC] [EXEC] PLACE SELL price=81869.73 qty=0.001220
[16:35:51.326] [EXEC] [EXEC] SELL ORDER SENT orderId=382859821
[16:35:53.450] [EXEC] [EXEC] RECOVERY WAIT hard_sl_pending_recovery
[16:35:53.894] [EXEC] [EXEC] RECOVERY WAIT hard_sl_pending_recovery
[16:35:54.209] [EXEC] [EXEC] SELL TIMEOUT orderId=382859821
[16:35:54.213] [EXEC] [EXEC] CANCEL SELL orderId=382859821
[16:35:54.766] [EXEC] [EXEC] SELL FINAL STATUS status=CANCELED orderId=382859821
[16:35:54.769] [EXEC] [EXEC] SELL TIMEOUT check fast_exit
[16:35:54.771] [EXEC] [EXEC] FORCE EXIT hard_sl_triggered
[16:35:54.773] [EXEC] [EXEC] HARD SL triggered
[16:35:54.776] [EXEC] [EXEC] PANIC EXIT sl_mode
[16:35:54.777] [EXEC] [EXEC] FORCE EXIT price=81868.72
[16:35:54.778] [EXEC] [EXEC] PLACE SELL price=81868.72 qty=0.001220
[16:35:55.071] [EXEC] [EXEC] PANIC START price=81868.72
[16:35:55.073] [EXEC] [EXEC] SELL ORDER SENT orderId=382859870
[16:35:58.226] [EXEC] [EXEC] PANIC WAIT still_open orderId=382859870
[16:35:58.230] [EXEC] [EXEC] PANIC HOLD active orderId=382859870
[16:35:59.288] [EXEC] [EXEC] REALIZED pnl=+0.000000
[16:36:00.429] [EXEC] [EXEC] BUY ORDER SENT orderId=382860255 price=81866.30 qty=0.001220
[16:36:00.433] [EXEC] [EXEC] PLACE BUY price=81866.30 qty=0.001220
[16:36:04.791] [EXEC] [EXEC] BUY TIMEOUT orderId=382860255
[16:36:04.796] [EXEC] [EXEC] CANCEL BUY orderId=382860255
[16:36:05.076] [EXEC] [EXEC] BUY CANCELED confirmed
[16:36:05.372] [EXEC] [EXEC] BUY FINAL STATUS status=CANCELED orderId=382860255
[16:36:05.375] [EXEC] [EXEC] BLOCK reason=buy_not_filled
[16:36:07.135] [EXEC] [EXEC] BUY ORDER SENT orderId=382860596 price=81882.54 qty=0.001220
[16:36:07.140] [EXEC] [EXEC] PLACE BUY price=81882.54 qty=0.001220
[16:36:11.100] [EXEC] [EXEC] BUY TIMEOUT orderId=382860596
[16:36:11.103] [EXEC] [EXEC] CANCEL BUY orderId=382860596
[16:36:11.428] [EXEC] [EXEC] BUY CANCELED confirmed
[16:36:11.745] [EXEC] [EXEC] BUY FINAL STATUS status=CANCELED orderId=382860596
[16:36:11.749] [EXEC] [EXEC] BLOCK reason=buy_not_filled
[16:36:15.855] [EXEC] [EXEC] BUY ORDER SENT orderId=382860809 price=81884.01 qty=0.001220
[16:36:15.859] [EXEC] [EXEC] PLACE BUY price=81884.01 qty=0.001220
[16:36:17.013] [EXEC] [EXEC] PLACE SELL price=81884.05 qty=0.001220
[16:36:17.276] [EXEC] [EXEC] SELL ORDER SENT orderId=382860879
[16:36:19.439] [EXEC] [EXEC] REALIZED pnl=+0.000000
[16:36:20.799] [EXEC] [EXEC] BUY ORDER SENT orderId=382860921 price=81876.02 qty=0.001220
[16:36:20.803] [EXEC] [EXEC] PLACE BUY price=81876.02 qty=0.001220
[16:36:24.787] [EXEC] [EXEC] BUY TIMEOUT orderId=382860921
[16:36:24.790] [EXEC] [EXEC] CANCEL BUY orderId=382860921
[16:36:25.081] [EXEC] [EXEC] BUY CANCELED confirmed
[16:36:25.349] [EXEC] [EXEC] BUY FINAL STATUS status=CANCELED orderId=382860921
[16:36:25.353] [EXEC] [EXEC] BLOCK reason=buy_not_filled
[16:36:28.051] [EXEC] [EXEC] BUY ORDER SENT orderId=382861139 price=81876.01 qty=0.001220
[16:36:28.055] [EXEC] [EXEC] PLACE BUY price=81876.01 qty=0.001220
[16:36:33.329] [EXEC] [EXEC] PLACE SELL price=81877.59 qty=0.001220
[16:36:33.626] [EXEC] [EXEC] SELL ORDER SENT orderId=382861346
[16:36:34.601] [EXEC] [EXEC] SELL PARTIAL delta=0.001220
[16:36:34.605] [EXEC] [EXEC] INVENTORY remaining=0.000000
[16:36:34.606] [EXEC] [EXEC] SELL FILLED id=382861346
[16:36:34.607] [EXEC] [EXEC] SELL FILLED qty=0.001220 remaining=0.000000
[16:36:34.608] [EXEC] [EXEC] REALIZED pnl=+0.000000
[16:36:34.609] [EXEC] [EXEC] PANIC FILLED
[16:36:34.610] [EXEC] [EXEC] PANIC RESET
[16:36:36.347] [EXEC] [EXEC] BUY ORDER SENT orderId=382861467 price=81873.97 qty=0.001220
[16:36:36.351] [EXEC] [EXEC] PLACE BUY price=81873.97 qty=0.001220
[16:36:37.925] [EXEC] [EXEC] PLACE SELL price=81877.01 qty=0.001220
[16:36:38.227] [EXEC] [EXEC] SELL ORDER SENT orderId=382861545
[16:36:39.063] [EXEC] [EXEC] REALIZED pnl=+0.000000
[16:36:39.330] [EXEC] [EXEC] BUY ORDER SENT orderId=382861608 price=81870.05 qty=0.001220
[16:36:39.333] [EXEC] [EXEC] PLACE BUY price=81870.05 qty=0.001220
[16:36:44.043] [EXEC] [EXEC] BUY TIMEOUT orderId=382861608
[16:36:44.046] [EXEC] [EXEC] CANCEL BUY orderId=382861608
[16:36:44.327] [EXEC] [EXEC] BUY CANCELED confirmed
[16:36:44.642] [EXEC] [EXEC] BUY FINAL STATUS status=CANCELED orderId=382861608
[16:36:44.646] [EXEC] [EXEC] BLOCK reason=buy_not_filled
[16:39:46.998] [EXEC] [EXEC] LIVE ON
[16:39:47.001] [EXEC] [EXEC] WAIT READY
[16:39:48.464] [EXEC] [EXEC] BUY ORDER SENT orderId=382873457 price=81828.00 qty=0.122200
[16:39:48.468] [EXEC] [EXEC] PLACE BUY price=81828.00 qty=0.122200
[16:39:49.508] [EXEC] [EXEC] PLACE SELL price=81828.23 qty=0.122200
[16:39:49.776] [EXEC] [EXEC] SELL ORDER SENT orderId=382873582
[16:39:49.820] [EXEC] [EXEC] RECOVERY WAIT hard_sl_pending_recovery
[16:39:51.848] [EXEC] [EXEC] REALIZED pnl=+0.000000
[16:39:53.278] [EXEC] [EXEC] BUY ORDER SENT orderId=382873832 price=81822.36 qty=0.122210
[16:39:53.282] [EXEC] [EXEC] PLACE BUY price=81822.36 qty=0.122210
[16:39:58.793] [EXEC] [EXEC] BUY TIMEOUT orderId=382873832
[16:39:58.796] [EXEC] [EXEC] CANCEL BUY orderId=382873832
[16:39:59.062] [EXEC] [EXEC] BUY CANCELED confirmed
[16:39:59.324] [EXEC] [EXEC] BUY FINAL STATUS status=CANCELED orderId=382873832
[16:39:59.327] [EXEC] [EXEC] BLOCK reason=buy_not_filled
[16:40:00.718] [EXEC] [EXEC] BUY ORDER SENT orderId=382874034 price=81815.39 qty=0.122220
[16:40:00.721] [EXEC] [EXEC] PLACE BUY price=81815.39 qty=0.122220
[16:40:02.275] [EXEC] [EXEC] PLACE SELL price=81825.30 qty=0.122220
[16:40:02.621] [EXEC] [EXEC] SELL ORDER SENT orderId=382874164
[16:40:03.978] [EXEC] [EXEC] REALIZED pnl=+0.000000
[16:40:06.029] [EXEC] [EXEC] BUY ORDER SENT orderId=382874295 price=81820.01 qty=0.122210
[16:40:06.032] [EXEC] [EXEC] PLACE BUY price=81820.01 qty=0.122210
[16:40:07.333] [EXEC] [EXEC] PLACE SELL price=81823.99 qty=0.122210
[16:40:07.602] [EXEC] [EXEC] SELL ORDER SENT orderId=382874409
[16:40:09.456] [EXEC] [EXEC] RECOVERY WAIT hard_sl_pending_recovery
[16:40:11.091] [EXEC] [EXEC] SELL TIMEOUT orderId=382874409
[16:40:11.095] [EXEC] [EXEC] CANCEL SELL orderId=382874409
[16:40:11.819] [EXEC] [EXEC] SELL FINAL STATUS status=CANCELED orderId=382874409
[16:40:11.823] [EXEC] [EXEC] SELL TIMEOUT check fast_exit
[16:40:11.825] [EXEC] [EXEC] FORCE EXIT hard_sl_triggered
[16:40:11.828] [EXEC] [EXEC] HARD SL triggered
[16:40:11.831] [EXEC] [EXEC] PANIC EXIT sl_mode
[16:40:11.833] [EXEC] [EXEC] FORCE EXIT price=81820.11
[16:40:11.833] [EXEC] [EXEC] PLACE SELL price=81820.11 qty=0.122210
[16:40:12.137] [EXEC] [EXEC] PANIC START price=81820.11
[16:40:12.139] [EXEC] [EXEC] SELL ORDER SENT orderId=382874520
[16:40:12.896] [EXEC] [EXEC] SELL PARTIAL delta=0.122210
[16:40:12.900] [EXEC] [EXEC] INVENTORY remaining=0.000000
[16:40:12.902] [EXEC] [EXEC] SELL FILLED id=382874520
[16:40:12.905] [EXEC] [EXEC] SELL FILLED qty=0.122210 remaining=0.000000
[16:40:12.907] [EXEC] [EXEC] REALIZED pnl=+0.000000
[16:40:12.908] [EXEC] [EXEC] PANIC FILLED
[16:40:12.909] [EXEC] [EXEC] PANIC RESET
[16:40:13.247] [EXEC] [EXEC] BUY ORDER SENT orderId=382874685 price=81827.52 qty=0.122200
[16:40:13.251] [EXEC] [EXEC] PLACE BUY price=81827.52 qty=0.122200
[16:40:14.763] [EXEC] [EXEC] PLACE SELL price=81821.99 qty=0.122200
[16:40:15.027] [EXEC] [EXEC] SELL ORDER SENT orderId=382874863
[16:40:16.388] [EXEC] [EXEC] RECOVERY WAIT hard_sl_pending_recovery
[16:40:18.207] [EXEC] [EXEC] SELL TIMEOUT orderId=382874863
[16:40:18.210] [EXEC] [EXEC] CANCEL SELL orderId=382874863
[16:40:18.741] [EXEC] [EXEC] SELL FINAL STATUS status=CANCELED orderId=382874863
[16:40:18.745] [EXEC] [EXEC] SELL TIMEOUT check fast_exit
[16:40:18.747] [EXEC] [EXEC] FORCE EXIT hard_sl_triggered
[16:40:18.748] [EXEC] [EXEC] HARD SL triggered
[16:40:18.749] [EXEC] [EXEC] PANIC EXIT sl_mode
[16:40:18.750] [EXEC] [EXEC] FORCE EXIT price=81815.64
[16:40:18.752] [EXEC] [EXEC] PLACE SELL price=81815.64 qty=0.122200
[16:40:19.013] [EXEC] [EXEC] PANIC START price=81815.64
[16:40:19.017] [EXEC] [EXEC] SELL ORDER SENT orderId=382875149
[16:40:20.819] [EXEC] [EXEC] PANIC WAIT still_open orderId=382875149
[16:40:20.822] [EXEC] [EXEC] PANIC HOLD active orderId=382875149
[16:40:23.840] [EXEC] [EXEC] PANIC WAIT still_open orderId=382875149
[16:40:23.843] [EXEC] [EXEC] PANIC HOLD active orderId=382875149
[16:40:27.405] [EXEC] [EXEC] PANIC WAIT still_open orderId=382875149
[16:40:27.409] [EXEC] [EXEC] PANIC HOLD active orderId=382875149
[16:40:29.782] [EXEC] [EXEC] PANIC HOLD active orderId=382875149
[16:40:31.821] [EXEC] [EXEC] PANIC WAIT still_open orderId=382875149
[16:40:31.825] [EXEC] [EXEC] PANIC HOLD active orderId=382875149
[16:40:34.775] [EXEC] [EXEC] PANIC WAIT still_open orderId=382875149
[16:40:34.778] [EXEC] [EXEC] PANIC HOLD active orderId=382875149
[16:40:37.898] [EXEC] [EXEC] PANIC WAIT still_open orderId=382875149
[16:40:37.902] [EXEC] [EXEC] PANIC HOLD active orderId=382875149
[16:40:39.916] [EXEC] [EXEC] PANIC STALE detected orderId=382875149
[16:40:39.919] [EXEC] [EXEC] PANIC ESCALATE old=81815.64 new=81777.41 qty=0.122200
[16:40:40.720] [EXEC] [EXEC] PANIC ESCALATE placed orderId=382876906
[16:40:41.647] [EXEC] [EXEC] SELL PARTIAL delta=0.122200
[16:40:41.651] [EXEC] [EXEC] INVENTORY remaining=0.000000
[16:40:41.652] [EXEC] [EXEC] SELL FILLED id=382876906
[16:40:41.653] [EXEC] [EXEC] SELL FILLED qty=0.122200 remaining=0.000000
[16:40:41.654] [EXEC] [EXEC] REALIZED pnl=+0.000000
[16:40:41.655] [EXEC] [EXEC] PANIC FILLED
[16:40:41.656] [EXEC] [EXEC] PANIC RESET
[16:40:42.506] [EXEC] [EXEC] BUY ORDER SENT orderId=382877080 price=81780.01 qty=0.122270
[16:40:42.510] [EXEC] [EXEC] PLACE BUY price=81780.01 qty=0.122270
[16:40:43.697] [EXEC] [EXEC] PLACE SELL price=81781.45 qty=0.122270
[16:40:43.968] [EXEC] [EXEC] SELL ORDER SENT orderId=382877273
[16:40:44.501] [EXEC] [EXEC] REALIZED pnl=+0.000000
[16:40:49.226] [EXEC] [EXEC] BUY ORDER SENT orderId=382877617 price=81772.01 qty=0.122290
[16:40:49.230] [EXEC] [EXEC] PLACE BUY price=81772.01 qty=0.122290
[16:40:50.886] [EXEC] [EXEC] PLACE SELL price=81775.99 qty=0.122290
[16:40:51.151] [EXEC] [EXEC] SELL ORDER SENT orderId=382877699
[16:40:51.708] [EXEC] [EXEC] RECOVERY WAIT hard_sl_pending_recovery
[16:40:53.980] [EXEC] [EXEC] SELL TIMEOUT orderId=382877699
[16:40:53.984] [EXEC] [EXEC] CANCEL SELL orderId=382877699
[16:40:54.536] [EXEC] [EXEC] SELL FINAL STATUS status=CANCELED orderId=382877699
[16:40:54.539] [EXEC] [EXEC] SELL TIMEOUT check fast_exit
[16:40:54.540] [EXEC] [EXEC] FAST SAFE EXIT price=81764.94 entry=0.00 bid=81764.93
[16:41:00.310] [EXEC] [EXEC] BUY ORDER SENT orderId=382878383 price=81768.26 qty=0.122290
[16:41:00.315] [EXEC] [EXEC] PLACE BUY price=81768.26 qty=0.122290
[16:41:00.745] [EXEC] [EXEC] CHUNK ADD qty=0.122290 entry=81768.22
[16:41:00.749] [EXEC] [EXEC] CHUNK COUNT n=1
[16:41:00.752] [EXEC] [EXEC] BUY PARTIAL delta=0.122290 total=0.122290
[16:41:00.754] [EXEC] [EXEC] BUY REMAINING qty=0.000000
[16:41:00.756] [EXEC] [EXEC] INVENTORY qty=0.122290
[16:41:00.758] [EXEC] [EXEC] BUY FILLED id=382878383
[16:41:00.777] [EXEC] [EXEC] PLACE SELL price=81769.82 qty=0.010350
[16:41:01.523] [EXEC] [EXEC] SELL ORDER SENT orderId=382878505
[16:41:02.545] [EXEC] [EXEC] FIFO CLOSE qty=0.010340 entry=81768.22 exit=81770.45 pnl=+0.023088
[16:41:02.548] [EXEC] [EXEC] REALIZED pnl=+0.023088
[16:41:06.410] [EXEC] [EXEC] BLOCK reason=position_open_no_new_buy
[16:41:10.355] [EXEC] [EXEC] BLOCK reason=position_open_no_new_buy
[16:41:14.213] [EXEC] [EXEC] BLOCK reason=position_open_no_new_buy
[16:41:17.502] [EXEC] [EXEC] BLOCK reason=position_open_no_new_buy
[16:41:20.546] [EXEC] [EXEC] BLOCK reason=position_open_no_new_buy
[16:41:24.077] [EXEC] [EXEC] BLOCK reason=position_open_no_new_buy
[16:41:27.595] [EXEC] [EXEC] BLOCK reason=position_open_no_new_buy
[16:41:32.036] [EXEC] [EXEC] BLOCK reason=position_open_no_new_buy
[16:41:35.458] [EXEC] [EXEC] BLOCK reason=position_open_no_new_buy
[16:41:38.586] [EXEC] [EXEC] BLOCK reason=position_open_no_new_buy
[16:41:42.659] [EXEC] [EXEC] BLOCK reason=position_open_no_new_buy
[16:41:45.783] [EXEC] [EXEC] BLOCK reason=position_open_no_new_buy
[16:41:48.987] [EXEC] [EXEC] BLOCK reason=position_open_no_new_buy
[16:41:53.465] [EXEC] [EXEC] BLOCK reason=position_open_no_new_buy
[16:41:56.768] [EXEC] [EXEC] BLOCK reason=position_open_no_new_buy
[16:41:59.786] [EXEC] [EXEC] BLOCK reason=position_open_no_new_buy
[16:42:03.342] [EXEC] [EXEC] BLOCK reason=position_open_no_new_buy
[16:42:07.317] [EXEC] [EXEC] BLOCK reason=position_open_no_new_buy
[16:43:44.156] [EXEC] [EXEC] LIVE ON
[16:43:44.159] [EXEC] [EXEC] WAIT READY
[16:43:44.707] [EXEC] [EXEC] BUY ORDER SENT orderId=382898344 price=81613.84 qty=0.122520
[16:43:44.710] [EXEC] [EXEC] PLACE BUY price=81613.84 qty=0.122520
[16:43:49.829] [EXEC] [EXEC] BUY TIMEOUT orderId=382898344
[16:43:49.831] [EXEC] [EXEC] CANCEL BUY orderId=382898344
[16:43:50.097] [EXEC] [EXEC] BUY CANCELED confirmed
[16:43:50.363] [EXEC] [EXEC] BUY FINAL STATUS status=CANCELED orderId=382898344
[16:43:50.365] [EXEC] [EXEC] BLOCK reason=buy_not_filled
[16:43:51.370] [EXEC] [EXEC] BUY ORDER SENT orderId=382898639 price=81620.00 qty=0.122510
[16:43:51.372] [EXEC] [EXEC] PLACE BUY price=81620.00 qty=0.122510
[16:43:56.411] [EXEC] [EXEC] BUY TIMEOUT orderId=382898639
[16:43:56.414] [EXEC] [EXEC] CANCEL BUY orderId=382898639
[16:43:56.691] [EXEC] [EXEC] BUY CANCELED confirmed
[16:43:56.958] [EXEC] [EXEC] BUY FINAL STATUS status=CANCELED orderId=382898639
[16:43:56.961] [EXEC] [EXEC] BLOCK reason=buy_not_filled
[16:44:00.309] [EXEC] [EXEC] BUY ORDER SENT orderId=382899098 price=81612.60 qty=0.122530
[16:44:00.313] [EXEC] [EXEC] PLACE BUY price=81612.60 qty=0.122530
[16:44:02.255] [EXEC] [EXEC] PLACE SELL price=81617.53 qty=0.122530
[16:44:02.577] [EXEC] [EXEC] SELL ORDER SENT orderId=382899228
[16:44:04.085] [EXEC] [EXEC] SELL PARTIAL delta=0.122530
[16:44:04.088] [EXEC] [EXEC] INVENTORY remaining=0.000000
[16:44:04.090] [EXEC] [EXEC] SELL FILLED id=382899228
[16:44:04.091] [EXEC] [EXEC] SELL FILLED qty=0.122530 remaining=0.000000
[16:44:04.092] [EXEC] [EXEC] REALIZED pnl=+0.000000
[16:44:06.888] [EXEC] [EXEC] BUY ORDER SENT orderId=382899485 price=81602.00 qty=0.122540
[16:44:06.891] [EXEC] [EXEC] PLACE BUY price=81602.00 qty=0.122540
[16:44:08.174] [EXEC] [EXEC] PLACE SELL price=81605.69 qty=0.122540
[16:44:08.476] [EXEC] [EXEC] SELL ORDER SENT orderId=382899583
[16:44:10.047] [EXEC] [EXEC] RECOVERY WAIT hard_sl_pending_recovery
[16:44:11.872] [EXEC] [EXEC] SELL TIMEOUT orderId=382899583
[16:44:11.876] [EXEC] [EXEC] CANCEL SELL orderId=382899583
[16:44:12.443] [EXEC] [EXEC] SELL FINAL STATUS status=CANCELED orderId=382899583
[16:44:12.446] [EXEC] [EXEC] SELL TIMEOUT check fast_exit
[16:44:12.448] [EXEC] [EXEC] FORCE EXIT hard_sl_triggered
[16:44:12.451] [EXEC] [EXEC] HARD SL triggered
[16:44:12.454] [EXEC] [EXEC] PANIC EXIT sl_mode
[16:44:12.456] [EXEC] [EXEC] FORCE EXIT price=81586.96
[16:44:12.459] [EXEC] [EXEC] PLACE SELL price=81586.96 qty=0.122540
[16:44:12.728] [EXEC] [EXEC] PANIC START price=81586.96
[16:44:12.732] [EXEC] [EXEC] SELL ORDER SENT orderId=382900005
[16:44:14.907] [EXEC] [EXEC] PANIC WAIT still_open orderId=382900005
[16:44:14.911] [EXEC] [EXEC] PANIC HOLD active orderId=382900005
[16:44:16.324] [EXEC] [EXEC] PANIC HOLD active orderId=382900005
[16:44:19.173] [EXEC] [EXEC] PANIC WAIT still_open orderId=382900005
[16:44:19.177] [EXEC] [EXEC] PANIC HOLD active orderId=382900005
[16:44:20.781] [EXEC] [EXEC] REALIZED pnl=+0.000000
[16:44:23.077] [EXEC] [EXEC] BUY ORDER SENT orderId=382900873 price=81574.43 qty=0.122580
[16:44:23.082] [EXEC] [EXEC] PLACE BUY price=81574.43 qty=0.122580
[16:44:24.456] [EXEC] [EXEC] CHUNK ADD qty=0.122580 entry=81574.43
[16:44:24.460] [EXEC] [EXEC] CHUNK COUNT n=1
[16:44:24.461] [EXEC] [EXEC] BUY PARTIAL delta=0.122580 total=0.122580
[16:44:24.462] [EXEC] [EXEC] BUY REMAINING qty=0.000000
[16:44:24.463] [EXEC] [EXEC] INVENTORY qty=0.122580
[16:44:24.464] [EXEC] [EXEC] BUY FILLED id=382900873
[16:44:25.059] [EXEC] [EXEC] PLACE SELL price=81583.99 qty=0.122580
[16:44:25.349] [EXEC] [EXEC] SELL ORDER SENT orderId=382901089
[16:44:26.608] [EXEC] [EXEC] RECOVERY WAIT hard_sl_pending_recovery
[16:44:28.446] [EXEC] [EXEC] SELL TIMEOUT orderId=382901089
[16:44:28.449] [EXEC] [EXEC] CANCEL SELL orderId=382901089
[16:44:29.011] [EXEC] [EXEC] SELL FINAL STATUS status=CANCELED orderId=382901089
[16:44:29.015] [EXEC] [EXEC] SELL TIMEOUT check fast_exit
[16:44:29.018] [EXEC] [EXEC] FORCE EXIT hard_sl_triggered
[16:44:29.020] [EXEC] [EXEC] HARD SL triggered
[16:44:29.023] [EXEC] [EXEC] PANIC EXIT sl_mode
[16:44:29.025] [EXEC] [EXEC] FORCE EXIT price=81556.01
[16:44:29.026] [EXEC] [EXEC] PLACE SELL price=81556.01 qty=0.122580
[16:44:29.288] [EXEC] [EXEC] PANIC START price=81556.01
[16:44:29.293] [EXEC] [EXEC] SELL ORDER SENT orderId=382901542
[16:44:32.816] [EXEC] [EXEC] PANIC WAIT still_open orderId=382901542
[16:44:32.819] [EXEC] [EXEC] PANIC HOLD active orderId=382901542
[16:44:35.439] [EXEC] [EXEC] FIFO CLOSE qty=0.122580 entry=81574.43 exit=81556.01 pnl=-2.257924
[16:44:35.441] [EXEC] [EXEC] CHUNK CLOSED entry=81574.43
[16:44:35.442] [EXEC] [EXEC] REALIZED pnl=-2.257924
[16:44:35.935] [EXEC] [EXEC] BUY ORDER SENT orderId=382902046 price=81554.58 qty=0.122610
[16:44:35.939] [EXEC] [EXEC] PLACE BUY price=81554.58 qty=0.122610
[16:44:41.402] [EXEC] [EXEC] BUY TIMEOUT orderId=382902046
[16:44:41.406] [EXEC] [EXEC] CANCEL BUY orderId=382902046
[16:44:41.671] [EXEC] [EXEC] BUY CANCELED confirmed
[16:44:41.939] [EXEC] [EXEC] BUY FINAL STATUS status=CANCELED orderId=382902046
[16:44:41.942] [EXEC] [EXEC] BLOCK reason=buy_not_filled
[16:44:43.449] [EXEC] [EXEC] BUY ORDER SENT orderId=382902734 price=81572.01 qty=0.122590
[16:44:43.453] [EXEC] [EXEC] PLACE BUY price=81572.01 qty=0.122590
[16:44:44.734] [EXEC] [EXEC] PLACE SELL price=81583.08 qty=0.122590
[16:44:45.003] [EXEC] [EXEC] SELL ORDER SENT orderId=382902908
[16:44:46.025] [EXEC] [EXEC] REALIZED pnl=+0.000000
[16:44:46.562] [EXEC] [EXEC] BUY ORDER SENT orderId=382902998 price=81576.32 qty=0.122580
[16:44:46.565] [EXEC] [EXEC] PLACE BUY price=81576.32 qty=0.122580
[16:44:48.595] [EXEC] [EXEC] CHUNK ADD qty=0.122580 entry=81576.32
[16:44:48.598] [EXEC] [EXEC] CHUNK COUNT n=1
[16:44:48.601] [EXEC] [EXEC] BUY PARTIAL delta=0.122580 total=0.122580
[16:44:48.604] [EXEC] [EXEC] BUY REMAINING qty=0.000000
[16:44:48.606] [EXEC] [EXEC] INVENTORY qty=0.122580
[16:44:48.607] [EXEC] [EXEC] BUY FILLED id=382902998
[16:44:50.018] [EXEC] [EXEC] PLACE SELL price=81576.36 qty=0.122580
[16:44:50.304] [EXEC] [EXEC] SELL ORDER SENT orderId=382903303
[16:44:50.828] [EXEC] [EXEC] RECOVERY WAIT hard_sl_pending_recovery
[16:44:52.673] [EXEC] [EXEC] RECOVERY WAIT hard_sl_pending_recovery
[16:44:54.066] [EXEC] [EXEC] SELL TIMEOUT orderId=382903303
[16:44:54.069] [EXEC] [EXEC] CANCEL SELL orderId=382903303
[16:44:54.606] [EXEC] [EXEC] SELL FINAL STATUS status=CANCELED orderId=382903303
[16:44:54.610] [EXEC] [EXEC] SELL TIMEOUT check fast_exit
[16:44:54.613] [EXEC] [EXEC] FORCE EXIT hard_sl_triggered
[16:44:54.616] [EXEC] [EXEC] HARD SL triggered
[16:44:54.619] [EXEC] [EXEC] PANIC EXIT sl_mode
[16:44:54.621] [EXEC] [EXEC] FORCE EXIT price=81566.15
[16:44:54.624] [EXEC] [EXEC] PLACE SELL price=81566.15 qty=0.122580
[16:44:54.916] [EXEC] [EXEC] PANIC START price=81566.15
[16:44:54.920] [EXEC] [EXEC] SELL ORDER SENT orderId=382903605
[16:44:55.981] [EXEC] [EXEC] FIFO CLOSE qty=0.122580 entry=81576.32 exit=81566.15 pnl=-1.246639
[16:44:55.983] [EXEC] [EXEC] CHUNK CLOSED entry=81576.32
[16:44:55.986] [EXEC] [EXEC] REALIZED pnl=-1.246639
[16:44:58.192] [EXEC] [EXEC] BUY ORDER SENT orderId=382903826 price=81556.65 qty=0.122610
[16:44:58.195] [EXEC] [EXEC] PLACE BUY price=81556.65 qty=0.122610
[16:44:58.789] [EXEC] [EXEC] PLACE SELL price=81559.87 qty=0.122610
[16:44:59.085] [EXEC] [EXEC] SELL ORDER SENT orderId=382903898
[16:45:01.166] [EXEC] [EXEC] SELL PARTIAL delta=0.000070
[16:45:01.169] [EXEC] [EXEC] INVENTORY remaining=0.000000
[16:45:01.172] [EXEC] [EXEC] PANIC PARTIAL filled=0.000070 remaining=0.000000
[16:45:03.126] [EXEC] [EXEC] SELL PARTIAL delta=0.122540
[16:45:03.129] [EXEC] [EXEC] INVENTORY remaining=0.000000
[16:45:03.132] [EXEC] [EXEC] SELL FILLED id=382903898
[16:45:03.135] [EXEC] [EXEC] SELL FILLED qty=0.122610 remaining=0.000000
[16:45:03.138] [EXEC] [EXEC] REALIZED pnl=+0.000000
[16:45:03.140] [EXEC] [EXEC] PANIC FILLED
[16:45:03.142] [EXEC] [EXEC] PANIC RESET
[16:45:04.369] [EXEC] [EXEC] BUY ORDER SENT orderId=382904334 price=81554.82 qty=0.122610
[16:45:04.372] [EXEC] [EXEC] PLACE BUY price=81554.82 qty=0.122610
[16:45:04.700] [EXEC] [EXEC] CHUNK ADD qty=0.122610 entry=81554.82
[16:45:04.703] [EXEC] [EXEC] CHUNK COUNT n=1
[16:45:04.705] [EXEC] [EXEC] BUY PARTIAL delta=0.122610 total=0.122610
[16:45:04.707] [EXEC] [EXEC] BUY REMAINING qty=0.000000
[16:45:04.708] [EXEC] [EXEC] INVENTORY qty=0.122610
[16:45:04.709] [EXEC] [EXEC] BUY FILLED id=382904334
[16:45:05.979] [EXEC] [EXEC] PLACE SELL price=81565.46 qty=0.122610
[16:45:06.254] [EXEC] [EXEC] SELL ORDER SENT orderId=382904519
[16:45:07.615] [EXEC] [EXEC] FIFO CLOSE qty=0.122610 entry=81554.82 exit=81565.46 pnl=+1.304570
[16:45:07.618] [EXEC] [EXEC] CHUNK CLOSED entry=81554.82
[16:45:07.619] [EXEC] [EXEC] REALIZED pnl=+1.304570
[16:45:08.126] [EXEC] [EXEC] BUY ORDER SENT orderId=382904626 price=81558.51 qty=0.122610
[16:45:08.131] [EXEC] [EXEC] PLACE BUY price=81558.51 qty=0.122610
[16:48:55.352] [EXEC] [EXEC] LIVE ON
[16:48:55.353] [EXEC] [EXEC] WAIT READY
[16:48:55.892] [EXEC] [EXEC] BUY ORDER SENT orderId=382918926 price=81708.75 qty=0.122380
[16:48:55.895] [EXEC] [EXEC] PLACE BUY price=81708.75 qty=0.122380
[16:48:58.446] [EXEC] [EXEC] PLACE SELL price=81708.79 qty=0.122380
[16:48:58.715] [EXEC] [EXEC] SELL ORDER SENT orderId=382919209
[16:49:00.019] [EXEC] [EXEC] RECOVERY WAIT hard_sl_pending_recovery
[16:49:02.279] [EXEC] [EXEC] RECOVERY WAIT hard_sl_pending_recovery
[16:49:02.551] [EXEC] [EXEC] SELL PARTIAL delta=0.122380
[16:49:02.554] [EXEC] [EXEC] INVENTORY remaining=0.000000
[16:49:02.557] [EXEC] [EXEC] SELL FILLED id=382919209
[16:49:02.558] [EXEC] [EXEC] SELL FILLED qty=0.122380 remaining=0.000000
[16:49:02.559] [EXEC] [EXEC] CYCLE CLOSED pnl=+0.000000
[16:49:02.560] [EXEC] [EXEC] SESSION realized=+0.000000 wins=0 losses=0
[16:49:03.717] [EXEC] [EXEC] BUY ORDER SENT orderId=382919510 price=81700.63 qty=0.122390
[16:49:03.720] [EXEC] [EXEC] PLACE BUY price=81700.63 qty=0.122390
[16:49:05.209] [EXEC] [EXEC] PLACE SELL price=81703.70 qty=0.122390
[16:49:05.477] [EXEC] [EXEC] SELL ORDER SENT orderId=382919586
[16:49:06.720] [EXEC] [EXEC] RECOVERY WAIT hard_sl_pending_recovery
[16:49:07.527] [EXEC] [EXEC] CYCLE CLOSED pnl=+0.000000
[16:49:07.528] [EXEC] [EXEC] SESSION realized=+0.000000 wins=0 losses=0
[16:49:08.733] [EXEC] [EXEC] BUY ORDER SENT orderId=382919806 price=81706.96 qty=0.122380
[16:49:08.738] [EXEC] [EXEC] PLACE BUY price=81706.96 qty=0.122380
[16:49:10.837] [EXEC] [EXEC] PLACE SELL price=81711.07 qty=0.122380
[16:49:11.104] [EXEC] [EXEC] SELL ORDER SENT orderId=382919916
[16:49:12.501] [EXEC] [EXEC] RECOVERY WAIT hard_sl_pending_recovery
[16:49:13.917] [EXEC] [EXEC] CYCLE CLOSED pnl=+0.000000
[16:49:13.918] [EXEC] [EXEC] SESSION realized=+0.000000 wins=0 losses=0
[16:49:14.191] [EXEC] [EXEC] BUY ORDER SENT orderId=382920065 price=81702.06 qty=0.122390
[16:49:14.194] [EXEC] [EXEC] PLACE BUY price=81702.06 qty=0.122390
[16:49:16.722] [EXEC] [EXEC] PLACE SELL price=81711.93 qty=0.122390
[16:49:17.001] [EXEC] [EXEC] SELL ORDER SENT orderId=382920315
[16:49:17.525] [EXEC] [EXEC] RECOVERY WAIT hard_sl_pending_recovery
[16:49:19.798] [EXEC] [EXEC] SELL TIMEOUT orderId=382920315
[16:49:19.801] [EXEC] [EXEC] CANCEL SELL orderId=382920315
[16:49:20.340] [EXEC] [EXEC] SELL FINAL STATUS status=CANCELED orderId=382920315
[16:49:20.343] [EXEC] [EXEC] SELL TIMEOUT check fast_exit
[16:49:20.345] [EXEC] [EXEC] FORCE EXIT hard_sl_triggered
[16:49:20.346] [EXEC] [EXEC] HARD SL triggered
[16:49:20.347] [EXEC] [EXEC] PANIC EXIT sl_mode
[16:49:20.348] [EXEC] [EXEC] FORCE EXIT price=81704.04
[16:49:20.349] [EXEC] [EXEC] PLACE SELL price=81704.04 qty=0.122390
[16:49:20.610] [EXEC] [EXEC] PANIC START price=81704.04
[16:49:20.614] [EXEC] [EXEC] SELL ORDER SENT orderId=382920411
[16:49:23.434] [EXEC] [EXEC] SELL PARTIAL delta=0.122390
[16:49:23.437] [EXEC] [EXEC] INVENTORY remaining=0.000000
[16:49:23.438] [EXEC] [EXEC] SELL FILLED id=382920411
[16:49:23.439] [EXEC] [EXEC] SELL FILLED qty=0.122390 remaining=0.000000
[16:49:23.440] [EXEC] [EXEC] PANIC FILLED
[16:49:23.441] [EXEC] [EXEC] PANIC RESET
[16:49:23.443] [EXEC] [EXEC] CYCLE CLOSED pnl=+0.000000
[16:49:23.444] [EXEC] [EXEC] SESSION realized=+0.000000 wins=0 losses=0
[16:49:27.487] [EXEC] [EXEC] BUY ORDER SENT orderId=382920772 price=81707.09 qty=0.122380
[16:49:27.491] [EXEC] [EXEC] PLACE BUY price=81707.09 qty=0.122380
[16:49:29.083] [EXEC] [EXEC] PLACE SELL price=81710.77 qty=0.122380
[16:49:29.370] [EXEC] [EXEC] SELL ORDER SENT orderId=382920872
[16:49:30.529] [EXEC] [EXEC] CYCLE CLOSED pnl=+0.000000
[16:49:30.531] [EXEC] [EXEC] SESSION realized=+0.000000 wins=0 losses=0
[16:49:33.443] [EXEC] [EXEC] BUY ORDER SENT orderId=382921048 price=81704.48 qty=0.122390
[16:49:33.448] [EXEC] [EXEC] PLACE BUY price=81704.48 qty=0.122390
[16:49:34.053] [EXEC] [EXEC] CHUNK ADD qty=0.122390 entry=81704.47
[16:49:34.058] [EXEC] [EXEC] CHUNK COUNT n=1
[16:49:34.061] [EXEC] [EXEC] BUY PARTIAL delta=0.122390 total=0.122390
[16:49:34.064] [EXEC] [EXEC] BUY REMAINING qty=0.000000
[16:49:34.066] [EXEC] [EXEC] INVENTORY qty=0.122390
[16:49:34.068] [EXEC] [EXEC] BUY FILLED id=382921048
[16:49:35.458] [EXEC] [EXEC] PLACE SELL price=81704.51 qty=0.122390
[16:49:35.789] [EXEC] [EXEC] SELL ORDER SENT orderId=382921221
[16:49:36.907] [EXEC] [EXEC] RECOVERY WAIT hard_sl_pending_recovery
[16:49:37.175] [EXEC] [EXEC] FIFO CLOSE qty=0.122390 entry=81704.47 exit=81704.50 pnl=+0.003687
[16:49:37.179] [EXEC] [EXEC] CHUNK CLOSED entry=81704.47
[16:49:37.183] [EXEC] [EXEC] REALIZED pnl=+0.003687
[16:49:37.185] [EXEC] [EXEC] SELL PARTIAL delta=0.122390
[16:49:37.188] [EXEC] [EXEC] INVENTORY remaining=0.000000
[16:49:37.191] [EXEC] [EXEC] SELL FILLED id=382921221
[16:49:37.194] [EXEC] [EXEC] SELL FILLED qty=0.122390 remaining=0.000000
[16:49:37.196] [EXEC] [EXEC] CYCLE CLOSED pnl=+0.003687
[16:49:37.198] [EXEC] [EXEC] SESSION realized=+0.003687 wins=1 losses=0
[16:49:37.789] [EXEC] [EXEC] BUY ORDER SENT orderId=382921401 price=81702.95 qty=0.122390
[16:49:37.792] [EXEC] [EXEC] PLACE BUY price=81702.95 qty=0.122390
[16:49:39.385] [EXEC] [EXEC] PLACE SELL price=81702.99 qty=0.122390
[16:49:39.656] [EXEC] [EXEC] SELL ORDER SENT orderId=382921562
[16:49:40.676] [EXEC] [EXEC] CYCLE CLOSED pnl=+0.000000
[16:49:40.677] [EXEC] [EXEC] SESSION realized=+0.003687 wins=1 losses=0
[16:49:42.152] [EXEC] [EXEC] BUY ORDER SENT orderId=382921704 price=81696.65 qty=0.122400
[16:49:42.155] [EXEC] [EXEC] PLACE BUY price=81696.65 qty=0.122400
[16:49:47.753] [EXEC] [EXEC] BUY TIMEOUT orderId=382921704
[16:49:47.757] [EXEC] [EXEC] CANCEL BUY orderId=382921704
[16:49:48.023] [EXEC] [EXEC] BUY CANCELED confirmed
[16:49:48.297] [EXEC] [EXEC] BUY FINAL STATUS status=CANCELED orderId=382921704
[16:49:48.301] [EXEC] [EXEC] BLOCK reason=buy_not_filled
[16:49:51.286] [EXEC] [EXEC] BUY ORDER SENT orderId=382922055 price=81700.01 qty=0.122390
[16:49:51.289] [EXEC] [EXEC] PLACE BUY price=81700.01 qty=0.122390
[16:49:52.207] [EXEC] [EXEC] PLACE SELL price=81707.24 qty=0.122390
[16:49:52.480] [EXEC] [EXEC] SELL ORDER SENT orderId=382922161
[16:49:53.018] [EXEC] [EXEC] RECOVERY WAIT hard_sl_pending_recovery
[16:49:55.948] [EXEC] [EXEC] RECOVERY WAIT hard_sl_pending_recovery
[16:49:56.231] [EXEC] [EXEC] SELL TIMEOUT orderId=382922161
[16:49:56.233] [EXEC] [EXEC] CANCEL SELL orderId=382922161
[16:49:56.793] [EXEC] [EXEC] SELL FINAL STATUS status=CANCELED orderId=382922161
[16:49:56.797] [EXEC] [EXEC] SELL TIMEOUT check fast_exit
[16:49:56.800] [EXEC] [EXEC] FORCE EXIT hard_sl_triggered
[16:49:56.805] [EXEC] [EXEC] HARD SL triggered
[16:49:56.807] [EXEC] [EXEC] PANIC EXIT sl_mode
[16:49:56.810] [EXEC] [EXEC] FORCE EXIT price=81695.99
[16:49:56.812] [EXEC] [EXEC] PLACE SELL price=81695.99 qty=0.122390
[16:49:57.562] [EXEC] [EXEC] PANIC START price=81695.99
[16:49:57.568] [EXEC] [EXEC] SELL ORDER SENT orderId=382922545
[16:49:59.807] [EXEC] [EXEC] PANIC WAIT still_open orderId=382922545
[16:49:59.811] [EXEC] [EXEC] PANIC HOLD active orderId=382922545
[16:50:05.576] [EXEC] [EXEC] PANIC WAIT still_open orderId=382922545
[16:50:05.579] [EXEC] [EXEC] PANIC HOLD active orderId=382922545
[16:50:10.231] [EXEC] [EXEC] PANIC WAIT still_open orderId=382922545
[16:50:10.235] [EXEC] [EXEC] PANIC HOLD active orderId=382922545
[16:50:13.880] [EXEC] [EXEC] PANIC WAIT still_open orderId=382922545
[16:50:13.882] [EXEC] [EXEC] PANIC HOLD active orderId=382922545
[16:50:14.902] [EXEC] [EXEC] CYCLE CLOSED pnl=+0.000000
[16:50:14.903] [EXEC] [EXEC] SESSION realized=+0.003687 wins=1 losses=0
[16:50:16.836] [EXEC] [EXEC] BUY ORDER SENT orderId=382923624 price=81700.24 qty=0.122390
[16:50:16.840] [EXEC] [EXEC] PLACE BUY price=81700.24 qty=0.122390
[16:50:18.337] [EXEC] [EXEC] PLACE SELL price=81701.34 qty=0.122390
[16:50:18.612] [EXEC] [EXEC] SELL ORDER SENT orderId=382923709
[16:50:21.392] [EXEC] [EXEC] PANIC WAIT still_open orderId=382923709
[16:50:21.395] [EXEC] [EXEC] PANIC STALE detected orderId=382923709
[16:50:21.396] [EXEC] [EXEC] PANIC ESCALATE old=81695.99 new=81691.45 qty=0.122390
[16:50:22.232] [EXEC] [EXEC] PANIC ESCALATE placed orderId=382923792
[16:50:22.786] [EXEC] [EXEC] CYCLE CLOSED pnl=+0.000000
[16:50:22.789] [EXEC] [EXEC] SESSION realized=+0.003687 wins=1 losses=0
[16:50:23.408] [EXEC] [EXEC] BUY ORDER SENT orderId=382923875 price=81692.01 qty=0.122410
[16:50:23.411] [EXEC] [EXEC] PLACE BUY price=81692.01 qty=0.122410
[16:50:25.199] [EXEC] [EXEC] PLACE SELL price=81692.05 qty=0.122410
[16:50:25.478] [EXEC] [EXEC] SELL ORDER SENT orderId=382924018
[16:50:29.345] [EXEC] [EXEC] PANIC WAIT still_open orderId=382924018
[16:50:29.349] [EXEC] [EXEC] PANIC HOLD active orderId=382924018
[16:50:33.026] [EXEC] [EXEC] PANIC WAIT still_open orderId=382924018
[16:50:33.030] [EXEC] [EXEC] PANIC HOLD active orderId=382924018
[16:50:34.481] [EXEC] [EXEC] PANIC HOLD active orderId=382924018
[16:50:37.154] [EXEC] [EXEC] PANIC WAIT still_open orderId=382924018
[16:50:37.158] [EXEC] [EXEC] PANIC HOLD active orderId=382924018
[16:50:38.970] [EXEC] [EXEC] PANIC HOLD active orderId=382924018
[16:50:42.009] [EXEC] [EXEC] PANIC WAIT still_open orderId=382924018
[16:50:42.012] [EXEC] [EXEC] PANIC HOLD escalated orderId=382924018
[16:50:43.398] [EXEC] [EXEC] PANIC HOLD escalated orderId=382924018
[16:50:44.967] [EXEC] [EXEC] PANIC HOLD escalated orderId=382924018
[16:50:47.548] [EXEC] [EXEC] PANIC WAIT still_open orderId=382924018
[16:50:47.551] [EXEC] [EXEC] PANIC HOLD escalated orderId=382924018
[16:50:48.941] [EXEC] [EXEC] PANIC HOLD escalated orderId=382924018
[16:50:49.828] [EXEC] [EXEC] PANIC HOLD escalated orderId=382924018
[16:50:50.603] [EXEC] [EXEC] PANIC WAIT still_open orderId=382924018
[16:50:50.607] [EXEC] [EXEC] PANIC HOLD escalated orderId=382924018
[16:50:54.485] [EXEC] [EXEC] PANIC WAIT still_open orderId=382924018
[16:50:54.488] [EXEC] [EXEC] PANIC HOLD escalated orderId=382924018
[16:50:58.415] [EXEC] [EXEC] PANIC WAIT still_open orderId=382924018
[16:50:58.419] [EXEC] [EXEC] PANIC HOLD escalated orderId=382924018
[16:51:00.410] [EXEC] [EXEC] PANIC HOLD escalated orderId=382924018
[16:51:02.798] [EXEC] [EXEC] PANIC WAIT still_open orderId=382924018
[16:51:02.801] [EXEC] [EXEC] PANIC HOLD escalated orderId=382924018
[16:51:04.413] [EXEC] [EXEC] PANIC HOLD escalated orderId=382924018
[16:51:05.925] [EXEC] [EXEC] PANIC WAIT still_open orderId=382924018
[16:51:05.930] [EXEC] [EXEC] PANIC HOLD escalated orderId=382924018
[16:51:09.645] [EXEC] [EXEC] PANIC WAIT still_open orderId=382924018
[16:51:09.648] [EXEC] [EXEC] PANIC HOLD escalated orderId=382924018
[16:51:13.420] [EXEC] [EXEC] PANIC WAIT still_open orderId=382924018
[16:51:13.424] [EXEC] [EXEC] PANIC HOLD escalated orderId=382924018
[16:51:14.974] [EXEC] [EXEC] PANIC HOLD escalated orderId=382924018
[16:51:16.547] [EXEC] [EXEC] PANIC WAIT still_open orderId=382924018
[16:51:16.551] [EXEC] [EXEC] PANIC HOLD escalated orderId=382924018
[16:51:20.586] [EXEC] [EXEC] PANIC WAIT still_open orderId=382924018
[16:51:20.589] [EXEC] [EXEC] PANIC HOLD escalated orderId=382924018
[16:51:23.068] [EXEC] [EXEC] PANIC HOLD escalated orderId=382924018
[16:51:23.973] [EXEC] [EXEC] STOP canceled panic order, position remains open
[16:56:44.573] [EXEC] [EXEC] LIVE ON
[16:56:44.575] [EXEC] [EXEC] WAIT READY
[16:56:46.974] [EXEC] [EXEC] BUY ORDER SENT orderId=382946746 price=81586.82 qty=0.122560
[16:56:46.978] [EXEC] [EXEC] PLACE BUY price=81586.82 qty=0.122560
[16:56:51.106] [EXEC] [EXEC] CHUNK ADD qty=0.000590 entry=81586.82
[16:56:51.110] [EXEC] [EXEC] CHUNK COUNT n=1
[16:56:51.112] [EXEC] [EXEC] BUY PARTIAL delta=0.000590 total=0.000590
[16:56:51.114] [EXEC] [EXEC] BUY REMAINING qty=0.121970
[16:56:51.116] [EXEC] [EXEC] INVENTORY qty=0.000590
[16:56:51.117] [EXEC] [EXEC] BUY TIMEOUT orderId=382946746
[16:56:51.119] [EXEC] [EXEC] CANCEL BUY orderId=382946746
[16:56:51.383] [EXEC] [EXEC] BUY CANCELED confirmed
[16:56:51.646] [EXEC] [EXEC] BUY FINAL STATUS status=CANCELED orderId=382946746
[16:56:51.648] [EXEC] [EXEC] BUY REMAINDER CANCELLED
[16:56:51.650] [EXEC] [EXEC] SELL CONTINUES inventory=0.000590
[16:56:53.232] [EXEC] [EXEC] PLACE SELL price=81619.88 qty=0.000590
[16:56:53.497] [EXEC] [EXEC] SELL ORDER SENT orderId=382947189
[16:56:57.591] [EXEC] [EXEC] SELL TIMEOUT orderId=382947189
[16:56:57.594] [EXEC] [EXEC] CANCEL SELL orderId=382947189
[16:56:58.120] [EXEC] [EXEC] SELL FINAL STATUS status=CANCELED orderId=382947189
[16:56:58.124] [EXEC] [EXEC] SELL TIMEOUT check fast_exit
[16:56:58.125] [EXEC] [EXEC] FAST SAFE EXIT price=81612.66 entry=81586.82 bid=81612.65
[16:56:58.126] [EXEC] [EXEC] SELL REPRICE old=81619.88 new=81619.87 count=1
[16:56:58.127] [EXEC] [EXEC] SELL REPLACE remaining=0.000590
[16:56:58.128] [EXEC] [EXEC] PLACE SELL price=81619.87 qty=0.000590
[16:56:58.396] [EXEC] [EXEC] SELL ORDER SENT orderId=382947302
[16:57:00.278] [EXEC] [EXEC] FIFO CLOSE qty=0.000590 entry=81586.82 exit=81619.87 pnl=+0.019499
[16:57:00.281] [EXEC] [EXEC] CHUNK CLOSED entry=81586.82
[16:57:00.284] [EXEC] [EXEC] REALIZED pnl=+0.019499
[16:57:00.285] [EXEC] [EXEC] CYCLE CLOSED pnl=+0.019499
[16:57:00.286] [EXEC] [EXEC] SESSION realized=+0.019499 wins=1 losses=0
[16:57:02.019] [EXEC] [EXEC] BUY ORDER SENT orderId=382947510 price=81620.00 qty=0.122510
[16:57:02.023] [EXEC] [EXEC] PLACE BUY price=81620.00 qty=0.122510
[16:57:02.811] [EXEC] [EXEC] CHUNK ADD qty=0.122510 entry=81620.00
[16:57:02.814] [EXEC] [EXEC] CHUNK COUNT n=1
[16:57:02.816] [EXEC] [EXEC] BUY PARTIAL delta=0.122510 total=0.122510
[16:57:02.816] [EXEC] [EXEC] BUY REMAINING qty=0.000000
[16:57:02.817] [EXEC] [EXEC] INVENTORY qty=0.122510
[16:57:02.818] [EXEC] [EXEC] BUY FILLED id=382947510
[16:57:04.035] [EXEC] [EXEC] PLACE SELL price=81623.21 qty=0.121920
[16:57:04.304] [EXEC] [EXEC] SELL ORDER SENT orderId=382947543
[16:57:04.894] [EXEC] [EXEC] RECOVERY WAIT hard_sl_pending_recovery
[16:57:05.164] [EXEC] [EXEC] SELL UPSIZE old=0.121920 new=0.122510
[16:57:05.167] [EXEC] [EXEC] SELL TIMEOUT orderId=382947543
[16:57:05.169] [EXEC] [EXEC] CANCEL SELL orderId=382947543
[16:57:05.702] [EXEC] [EXEC] SELL FINAL STATUS status=CANCELED orderId=382947543
[16:57:05.706] [EXEC] [EXEC] SELL TIMEOUT check fast_exit
[16:57:05.707] [EXEC] [EXEC] FORCE EXIT hard_sl_triggered
[16:57:05.708] [EXEC] [EXEC] HARD SL triggered
[16:57:05.709] [EXEC] [EXEC] PANIC EXIT sl_mode
[16:57:05.710] [EXEC] [EXEC] FORCE EXIT price=81622.21
[16:57:05.711] [EXEC] [EXEC] PLACE SELL price=81622.21 qty=0.122510
[16:57:05.979] [EXEC] [EXEC] PANIC START price=81622.21
[16:57:05.983] [EXEC] [EXEC] SELL ORDER SENT orderId=382947596
[16:57:09.376] [EXEC] [EXEC] PANIC WAIT still_open orderId=382947596
[16:57:09.380] [EXEC] [EXEC] PANIC HOLD active orderId=382947596
[16:57:10.776] [EXEC] [EXEC] PANIC HOLD active orderId=382947596
[16:57:12.350] [EXEC] [EXEC] PANIC WAIT still_open orderId=382947596
[16:57:12.354] [EXEC] [EXEC] PANIC HOLD active orderId=382947596
[16:57:16.397] [EXEC] [EXEC] PANIC WAIT still_open orderId=382947596
[16:57:16.401] [EXEC] [EXEC] PANIC HOLD active orderId=382947596
[16:57:17.275] [EXEC] [EXEC] PANIC HOLD active orderId=382947596
[16:57:20.094] [EXEC] [EXEC] PANIC WAIT still_open orderId=382947596
[16:57:20.097] [EXEC] [EXEC] PANIC HOLD active orderId=382947596
[16:57:21.418] [EXEC] [EXEC] PANIC HOLD active orderId=382947596
[16:57:24.854] [EXEC] [EXEC] PANIC WAIT still_open orderId=382947596
[16:57:24.857] [EXEC] [EXEC] PANIC HOLD active orderId=382947596
[16:57:26.425] [EXEC] [EXEC] PANIC STALE detected orderId=382947596
[16:57:26.428] [EXEC] [EXEC] PANIC ESCALATE old=81622.21 new=81578.00 qty=0.122510
[16:57:27.225] [EXEC] [EXEC] PANIC ESCALATE placed orderId=382948563
[16:57:28.242] [EXEC] [EXEC] FIFO CLOSE qty=0.122510 entry=81620.00 exit=81578.06 pnl=-5.138172
[16:57:28.242] [EXEC] [EXEC] CHUNK CLOSED entry=81620.00
[16:57:28.243] [EXEC] [EXEC] REALIZED pnl=-5.138172
[16:57:28.244] [EXEC] [EXEC] CYCLE CLOSED pnl=-5.138172
[16:57:28.244] [EXEC] [EXEC] SESSION realized=-5.118672 wins=1 losses=1
[16:57:28.991] [EXEC] [EXEC] BUY ORDER SENT orderId=382948625 price=81580.70 qty=0.122570
[16:57:28.995] [EXEC] [EXEC] PLACE BUY price=81580.70 qty=0.122570
[16:57:29.595] [EXEC] [EXEC] PLACE SELL price=81580.74 qty=0.000060
[16:57:31.153] [EXEC] [EXEC] PLACE SELL price=81580.74 qty=0.000060
[16:57:33.350] [EXEC] [EXEC] PLACE SELL price=81584.00 qty=0.000060
[16:57:33.657] [EXEC] [EXEC] PLACE SELL price=81585.19 qty=0.000060
[16:57:35.295] [EXEC] [EXEC] PLACE SELL price=81585.18 qty=0.000060
[16:57:35.851] [EXEC] [EXEC] PLACE SELL price=81581.60 qty=0.000060
[16:57:36.419] [EXEC] [EXEC] PLACE SELL price=81584.08 qty=0.000060
[16:57:37.787] [EXEC] [EXEC] PLACE SELL price=81581.60 qty=0.000060
[16:57:38.361] [EXEC] [EXEC] PLACE SELL price=81590.78 qty=0.000060
[16:57:42.402] [EXEC] [EXEC] PLACE SELL price=81589.54 qty=0.000060
[16:57:43.662] [EXEC] [EXEC] PLACE SELL price=81583.99 qty=0.000060
[16:57:45.399] [EXEC] [EXEC] PLACE SELL price=81590.77 qty=0.000060
[16:57:46.150] [EXEC] [EXEC] PLACE SELL price=81584.00 qty=0.000060
[16:57:47.900] [EXEC] [EXEC] PLACE SELL price=81583.99 qty=0.000060
[16:57:48.657] [EXEC] [EXEC] PLACE SELL price=81583.99 qty=0.000060
[16:57:51.891] [EXEC] [EXEC] PLACE SELL price=81584.00 qty=0.000060
[16:57:52.720] [EXEC] [EXEC] PLACE SELL price=81586.52 qty=0.000060
[16:57:54.440] [EXEC] [EXEC] PLACE SELL price=81587.08 qty=0.000060
[16:57:55.214] [EXEC] [EXEC] PLACE SELL price=81590.78 qty=0.000060
[16:57:56.950] [EXEC] [EXEC] PLACE SELL price=81588.99 qty=0.000060
[16:57:57.721] [EXEC] [EXEC] PLACE SELL price=81585.91 qty=0.000060
[16:57:58.967] [EXEC] [EXEC] PLACE SELL price=81585.91 qty=0.000060
[16:58:01.411] [EXEC] [EXEC] PLACE SELL price=81580.74 qty=0.000060
[16:59:50.312] [EXEC] [EXEC] LIVE ON
[16:59:50.313] [EXEC] [EXEC] WAIT READY
[16:59:53.875] [EXEC] [EXEC] BUY ORDER SENT orderId=382954194 price=81562.23 qty=0.122600
[16:59:53.880] [EXEC] [EXEC] PLACE BUY price=81562.23 qty=0.122600
[16:59:56.439] [EXEC] [EXEC] PLACE SELL price=81563.77 qty=0.122600
[16:59:56.700] [EXEC] [EXEC] SELL ORDER SENT orderId=382954403
[16:59:57.293] [EXEC] [EXEC] RECOVERY WAIT hard_sl_pending_recovery
[17:00:00.337] [EXEC] [EXEC] CYCLE SKIP no_fifo_pnl
[17:00:00.340] [EXEC] [EXEC] SELL PARTIAL delta=0.122600
[17:00:00.342] [EXEC] [EXEC] INVENTORY remaining=0.000000
[17:00:00.347] [EXEC] [EXEC] SELL FILLED id=382954403
[17:00:00.348] [EXEC] [EXEC] SELL FILLED qty=0.122600 remaining=0.000000
[17:00:00.349] [EXEC] [EXEC] CYCLE SKIP no_fifo_pnl
[17:00:02.151] [EXEC] [EXEC] BUY ORDER SENT orderId=382954928 price=81561.78 qty=0.122600
[17:00:02.154] [EXEC] [EXEC] PLACE BUY price=81561.78 qty=0.122600
[17:00:07.355] [EXEC] [EXEC] BUY TIMEOUT orderId=382954928
[17:00:07.359] [EXEC] [EXEC] CANCEL BUY orderId=382954928
[17:00:07.624] [EXEC] [EXEC] BUY CANCELED confirmed
[17:00:07.910] [EXEC] [EXEC] BUY FINAL STATUS status=CANCELED orderId=382954928
[17:00:07.914] [EXEC] [EXEC] BLOCK reason=buy_not_filled
[17:00:08.829] [EXEC] [EXEC] BUY ORDER SENT orderId=382955748 price=81602.91 qty=0.122540
[17:00:08.834] [EXEC] [EXEC] PLACE BUY price=81602.91 qty=0.122540
[17:00:11.457] [EXEC] [EXEC] CHUNK ADD qty=0.122540 entry=81602.91
[17:00:11.460] [EXEC] [EXEC] CHUNK COUNT n=1
[17:00:11.462] [EXEC] [EXEC] BUY PARTIAL delta=0.122540 total=0.122540
[17:00:11.463] [EXEC] [EXEC] BUY REMAINING qty=0.000000
[17:00:11.464] [EXEC] [EXEC] INVENTORY qty=0.122540
[17:00:11.465] [EXEC] [EXEC] BUY FILLED id=382955748
[17:00:13.127] [EXEC] [EXEC] PLACE SELL price=81602.95 qty=0.122540
[17:00:13.401] [EXEC] [EXEC] SELL ORDER SENT orderId=382956285
[17:00:14.139] [EXEC] [EXEC] RECOVERY WAIT hard_sl_pending_recovery
[17:00:14.406] [EXEC] [EXEC] FIFO CLOSE qty=0.122540 entry=81602.91 exit=81602.95 pnl=+0.004902
[17:00:14.409] [EXEC] [EXEC] CHUNK CLOSED entry=81602.91
[17:00:14.411] [EXEC] [EXEC] REALIZED pnl=+0.004902
[17:00:14.414] [EXEC] [EXEC] CYCLE CLOSED pnl=+0.004902
[17:00:14.416] [EXEC] [EXEC] SESSION realized=+0.004902 wins=1 losses=0
[17:00:14.417] [EXEC] [EXEC] SELL PARTIAL delta=0.122540
[17:00:14.418] [EXEC] [EXEC] INVENTORY remaining=0.000000
[17:00:14.420] [EXEC] [EXEC] SELL FILLED id=382956285
[17:00:14.422] [EXEC] [EXEC] SELL FILLED qty=0.122540 remaining=0.000000
[17:00:14.423] [EXEC] [EXEC] CYCLE SKIP no_fifo_pnl
[17:00:17.718] [EXEC] [EXEC] BUY ORDER SENT orderId=382956594 price=81582.01 qty=0.122570
[17:00:17.722] [EXEC] [EXEC] PLACE BUY price=81582.01 qty=0.122570
[17:00:20.661] [EXEC] [EXEC] CHUNK ADD qty=0.122570 entry=81582.01
[17:00:20.665] [EXEC] [EXEC] CHUNK COUNT n=1
[17:00:20.666] [EXEC] [EXEC] BUY PARTIAL delta=0.122570 total=0.122570
[17:00:20.667] [EXEC] [EXEC] BUY REMAINING qty=0.000000
[17:00:20.668] [EXEC] [EXEC] INVENTORY qty=0.122570
[17:00:20.670] [EXEC] [EXEC] BUY FILLED id=382956594
[17:00:21.949] [EXEC] [EXEC] PLACE SELL price=81582.05 qty=0.122570
[17:00:22.226] [EXEC] [EXEC] SELL ORDER SENT orderId=382956881
[17:00:24.439] [EXEC] [EXEC] RECOVERY WAIT hard_sl_pending_recovery
[17:00:25.034] [EXEC] [EXEC] SELL TIMEOUT orderId=382956881
[17:00:25.038] [EXEC] [EXEC] CANCEL SELL orderId=382956881
[17:00:25.642] [EXEC] [EXEC] SELL FINAL STATUS status=CANCELED orderId=382956881
[17:00:25.645] [EXEC] [EXEC] SELL TIMEOUT check fast_exit
[17:00:25.648] [EXEC] [EXEC] FORCE EXIT hard_sl_triggered
[17:00:25.649] [EXEC] [EXEC] HARD SL triggered
[17:00:25.650] [EXEC] [EXEC] PANIC EXIT sl_mode
[17:00:25.651] [EXEC] [EXEC] FORCE EXIT price=81574.05
[17:00:25.652] [EXEC] [EXEC] PLACE SELL price=81574.05 qty=0.122570
[17:00:25.932] [EXEC] [EXEC] PANIC START price=81574.05
[17:00:25.936] [EXEC] [EXEC] SELL ORDER SENT orderId=382957005
[17:00:29.650] [EXEC] [EXEC] PANIC WAIT still_open orderId=382957005
[17:00:29.653] [EXEC] [EXEC] PANIC HOLD active orderId=382957005
[17:00:33.149] [EXEC] [EXEC] PANIC WAIT still_open orderId=382957005
[17:00:33.153] [EXEC] [EXEC] PANIC HOLD active orderId=382957005
[17:00:34.731] [EXEC] [EXEC] PANIC HOLD active orderId=382957005
[17:00:36.290] [EXEC] [EXEC] PANIC WAIT still_open orderId=382957005
[17:00:36.293] [EXEC] [EXEC] PANIC HOLD active orderId=382957005
[17:00:38.327] [EXEC] [EXEC] PANIC HOLD active orderId=382957005
[17:00:39.717] [EXEC] [EXEC] PANIC WAIT still_open orderId=382957005
[17:00:39.720] [EXEC] [EXEC] PANIC HOLD active orderId=382957005
[17:00:42.224] [EXEC] [EXEC] PANIC HOLD active orderId=382957005
[17:00:44.569] [EXEC] [EXEC] PANIC WAIT still_open orderId=382957005
[17:00:44.572] [EXEC] [EXEC] PANIC HOLD active orderId=382957005
[17:00:45.353] [EXEC] [EXEC] PANIC STALE detected orderId=382957005
[17:00:45.356] [EXEC] [EXEC] PANIC ESCALATE old=81574.05 new=81507.29 qty=0.122570
[17:00:46.163] [EXEC] [EXEC] PANIC ESCALATE placed orderId=382958692
[17:00:48.077] [EXEC] [EXEC] PANIC WAIT still_open orderId=382958692
[17:00:48.080] [EXEC] [EXEC] PANIC HOLD active orderId=382958692
[17:00:49.744] [EXEC] [EXEC] PANIC HOLD active orderId=382958692
[17:00:50.669] [EXEC] [EXEC] FIFO CLOSE qty=0.122570 entry=81582.01 exit=81507.28 pnl=-9.159656
[17:00:50.673] [EXEC] [EXEC] CHUNK CLOSED entry=81582.01
[17:00:50.675] [EXEC] [EXEC] REALIZED pnl=-9.159656
[17:00:50.678] [EXEC] [EXEC] CYCLE CLOSED pnl=-9.159656
[17:00:50.680] [EXEC] [EXEC] SESSION realized=-9.154755 wins=1 losses=1
[17:00:50.681] [EXEC] [EXEC] SELL PARTIAL delta=0.122570
[17:00:50.682] [EXEC] [EXEC] INVENTORY remaining=0.000000
[17:00:50.683] [EXEC] [EXEC] SELL FILLED id=382958692
[17:00:50.684] [EXEC] [EXEC] SELL FILLED qty=0.122570 remaining=0.000000
[17:00:50.685] [EXEC] [EXEC] PANIC FILLED
[17:00:50.686] [EXEC] [EXEC] PANIC RESET
[17:00:50.687] [EXEC] [EXEC] CYCLE SKIP no_fifo_pnl
[17:00:53.191] [EXEC] [EXEC] BUY ORDER SENT orderId=382959282 price=81494.79 qty=0.122700
[17:00:53.195] [EXEC] [EXEC] PLACE BUY price=81494.79 qty=0.122700
[17:00:53.801] [EXEC] [EXEC] CHUNK ADD qty=0.122700 entry=81494.79
[17:00:53.805] [EXEC] [EXEC] CHUNK COUNT n=1
[17:00:53.806] [EXEC] [EXEC] BUY PARTIAL delta=0.122700 total=0.122700
[17:00:53.807] [EXEC] [EXEC] BUY REMAINING qty=0.000000
[17:00:53.808] [EXEC] [EXEC] INVENTORY qty=0.122700
[17:00:53.810] [EXEC] [EXEC] BUY FILLED id=382959282
[17:00:55.403] [EXEC] [EXEC] PLACE SELL price=81496.53 qty=0.122700
[17:00:55.676] [EXEC] [EXEC] SELL ORDER SENT orderId=382959505
[17:00:56.967] [EXEC] [EXEC] RECOVERY WAIT hard_sl_pending_recovery
[17:00:57.230] [EXEC] [EXEC] FIFO CLOSE qty=0.000070 entry=81494.79 exit=81496.53 pnl=+0.000122
[17:00:57.234] [EXEC] [EXEC] REALIZED pnl=+0.000122
[17:00:57.237] [EXEC] [EXEC] SELL PARTIAL delta=0.000070
[17:00:57.239] [EXEC] [EXEC] INVENTORY remaining=0.122630
[17:00:58.256] [EXEC] [EXEC] FIFO CLOSE qty=0.122630 entry=81494.79 exit=81496.53 pnl=+0.213376
[17:00:58.257] [EXEC] [EXEC] CHUNK CLOSED entry=81494.79
[17:00:58.258] [EXEC] [EXEC] REALIZED pnl=+0.213376
[17:00:58.259] [EXEC] [EXEC] CYCLE CLOSED pnl=+0.213498
[17:00:58.260] [EXEC] [EXEC] SESSION realized=-8.941257 wins=2 losses=1
[17:01:01.696] [EXEC] [EXEC] BUY ORDER SENT orderId=382959774 price=81495.96 qty=0.122700
[17:01:01.700] [EXEC] [EXEC] PLACE BUY price=81495.96 qty=0.122700
[17:01:02.233] [EXEC] [EXEC] CHUNK ADD qty=0.122700 entry=81495.96
[17:01:02.237] [EXEC] [EXEC] CHUNK COUNT n=1
[17:01:02.239] [EXEC] [EXEC] BUY PARTIAL delta=0.122700 total=0.122700
[17:01:02.242] [EXEC] [EXEC] BUY REMAINING qty=0.000000
[17:01:02.244] [EXEC] [EXEC] INVENTORY qty=0.122700
[17:01:02.246] [EXEC] [EXEC] BUY FILLED id=382959774
[17:01:03.749] [EXEC] [EXEC] BLOCK reason=no_position_to_sell
[17:01:06.259] [EXEC] [EXEC] BLOCK reason=position_open_no_new_buy
[17:01:10.093] [EXEC] [EXEC] BLOCK reason=position_open_no_new_buy
[17:01:13.212] [EXEC] [EXEC] BLOCK reason=position_open_no_new_buy
[17:01:16.655] [EXEC] [EXEC] BLOCK reason=position_open_no_new_buy
[17:01:20.093] [EXEC] [EXEC] BLOCK reason=position_open_no_new_buy
[17:01:23.609] [EXEC] [EXEC] BLOCK reason=position_open_no_new_buy
[17:01:26.715] [EXEC] [EXEC] BLOCK reason=position_open_no_new_buy
[17:01:30.086] [EXEC] [EXEC] BLOCK reason=position_open_no_new_buy
[17:06:13.491] [EXEC] [EXEC] LIVE ON
[17:06:13.491] [EXEC] [EXEC] WAIT READY
[17:06:14.937] [EXEC] [EXEC] SELL ACCOUNTING RESET new_cycle
[17:06:14.939] [EXEC] [EXEC] BUY ORDER SENT orderId=382980848 price=81426.64 qty=0.122800
[17:06:14.945] [EXEC] [EXEC] PLACE BUY price=81426.64 qty=0.122800
[17:06:17.071] [EXEC] [EXEC] SELL CHECK inventory=0.000000 reported=0.000000 remaining=0.000000 chunks=0
[17:06:17.076] [EXEC] [EXEC] BLOCK reason=no_position_to_sell
[17:06:18.226] [EXEC] [EXEC] SELL ACCOUNTING RESET new_cycle
[17:06:18.241] [EXEC] [EXEC] BUY ORDER SENT orderId=382981164 price=81415.23 qty=0.122820
[17:06:18.241] [EXEC] [EXEC] PLACE BUY price=81415.23 qty=0.122820
[17:06:18.725] [EXEC] [EXEC] CHUNK ADD qty=0.122820 entry=81415.23
[17:06:18.725] [EXEC] [EXEC] CHUNK COUNT n=1
[17:06:18.725] [EXEC] [EXEC] BUY PARTIAL delta=0.122820 total=0.122820
[17:06:18.725] [EXEC] [EXEC] BUY REMAINING qty=0.000000
[17:06:18.725] [EXEC] [EXEC] INVENTORY qty=0.122820
[17:06:18.725] [EXEC] [EXEC] BUY FILLED id=382981164
[17:06:19.226] [EXEC] [EXEC] SELL CHECK inventory=0.122820 reported=0.000000 remaining=0.122820 chunks=1
[17:06:19.226] [EXEC] [EXEC] PLACE SELL price=81415.27 qty=0.122820
[17:06:19.491] [EXEC] [EXEC] SELL ORDER SENT orderId=382981384
[17:06:20.428] [EXEC] [EXEC] RECOVERY WAIT hard_sl_pending_recovery
[17:06:20.695] [EXEC] [EXEC] BLOCK reason=balance_low
[17:06:20.726] [EXEC] [EXEC] RECOVERY WAIT hard_sl_pending_recovery
[17:06:20.989] [EXEC] [EXEC] FIFO CLOSE qty=0.122820 entry=81415.23 exit=81415.27 pnl=+0.004913
[17:06:20.989] [EXEC] [EXEC] CHUNK CLOSED entry=81415.23
[17:06:20.989] [EXEC] [EXEC] REALIZED pnl=+0.004913
[17:06:20.989] [EXEC] [EXEC] SELL ACCOUNTING RESET flat
[17:06:20.989] [EXEC] [EXEC] CYCLE CLOSED pnl=+0.004913
[17:06:20.989] [EXEC] [EXEC] SESSION realized=+0.004913 wins=1 losses=0
[17:06:21.005] [EXEC] [EXEC] SELL ACCOUNTING RESET flat
[17:06:21.005] [EXEC] [EXEC] CYCLE SKIP no_fifo_pnl
[17:06:21.005] [EXEC] [EXEC] SELL FILLED id=382981384
[17:06:21.005] [EXEC] [EXEC] SELL FILLED qty=0.122820 remaining=0.000000
[17:06:21.005] [EXEC] [EXEC] SELL ACCOUNTING RESET flat
[17:06:21.005] [EXEC] [EXEC] CYCLE SKIP no_fifo_pnl
[17:06:24.475] [EXEC] [EXEC] BLOCK reason=balance_low
[17:06:25.282] [EXEC] [EXEC] BLOCK reason=balance_low
[17:06:30.804] [EXEC] [EXEC] SELL ACCOUNTING RESET new_cycle
[17:06:30.804] [EXEC] [EXEC] BUY ORDER SENT orderId=382982008 price=81412.09 qty=0.122830
[17:06:30.804] [EXEC] [EXEC] PLACE BUY price=81412.09 qty=0.122830
[17:06:31.567] [EXEC] [EXEC] CHUNK ADD qty=0.122830 entry=81412.09
[17:06:31.569] [EXEC] [EXEC] CHUNK COUNT n=1
[17:06:31.569] [EXEC] [EXEC] BUY PARTIAL delta=0.122830 total=0.122830
[17:06:31.569] [EXEC] [EXEC] BUY REMAINING qty=0.000000
[17:06:31.569] [EXEC] [EXEC] INVENTORY qty=0.122830
[17:06:31.569] [EXEC] [EXEC] BUY FILLED id=382982008
[17:06:33.047] [EXEC] [EXEC] SELL CHECK inventory=0.122830 reported=0.000000 remaining=0.122830 chunks=1
[17:06:33.050] [EXEC] [EXEC] PLACE SELL price=81412.13 qty=0.122830
[17:06:33.318] [EXEC] [EXEC] SELL ORDER SENT orderId=382982274
[17:06:33.335] [EXEC] [EXEC] RECOVERY WAIT hard_sl_pending_recovery
[17:06:35.679] [EXEC] [EXEC] RECOVERY WAIT hard_sl_pending_recovery
[17:06:36.491] [EXEC] [EXEC] RECOVERY WAIT hard_sl_pending_recovery
[17:06:36.757] [EXEC] [EXEC] SELL TIMEOUT orderId=382982274
[17:06:36.757] [EXEC] [EXEC] CANCEL SELL orderId=382982274
[17:06:37.289] [EXEC] [EXEC] SELL FINAL STATUS status=CANCELED orderId=382982274
[17:06:37.289] [EXEC] [EXEC] SELL TIMEOUT check fast_exit
[17:06:37.289] [EXEC] [EXEC] FORCE EXIT hard_sl_triggered
[17:06:37.289] [EXEC] [EXEC] HARD SL triggered
[17:06:37.289] [EXEC] [EXEC] PANIC EXIT sl_mode
[17:06:37.304] [EXEC] [EXEC] FORCE EXIT price=81403.71
[17:06:37.304] [EXEC] [EXEC] PLACE SELL price=81403.71 qty=0.122830
[17:06:37.569] [EXEC] [EXEC] PANIC START price=81403.71
[17:06:37.569] [EXEC] [EXEC] SELL ORDER SENT orderId=382982490
[17:06:39.474] [EXEC] [EXEC] PANIC WAIT still_open orderId=382982490
[17:06:39.474] [EXEC] [EXEC] PANIC HOLD active orderId=382982490
[17:06:41.110] [EXEC] [EXEC] FIFO CLOSE qty=0.122830 entry=81412.09 exit=81403.71 pnl=-1.029315
[17:06:41.113] [EXEC] [EXEC] CHUNK CLOSED entry=81412.09
[17:06:41.115] [EXEC] [EXEC] REALIZED pnl=-1.029315
[17:06:41.116] [EXEC] [EXEC] SELL ACCOUNTING RESET flat
[17:06:41.119] [EXEC] [EXEC] CYCLE CLOSED pnl=-1.029315
[17:06:41.122] [EXEC] [EXEC] SESSION realized=-1.024403 wins=1 losses=1
[17:06:41.124] [EXEC] [EXEC] SELL ACCOUNTING RESET flat
[17:06:41.129] [EXEC] [EXEC] CYCLE SKIP no_fifo_pnl
[17:06:41.131] [EXEC] [EXEC] SELL FILLED id=382982490
[17:06:41.131] [EXEC] [EXEC] SELL FILLED qty=0.122830 remaining=0.000000
[17:06:41.131] [EXEC] [EXEC] PANIC FILLED
[17:06:41.131] [EXEC] [EXEC] PANIC RESET
[17:06:41.131] [EXEC] [EXEC] SELL ACCOUNTING RESET flat
[17:06:41.131] [EXEC] [EXEC] CYCLE SKIP no_fifo_pnl
[17:06:44.008] [EXEC] [EXEC] SELL ACCOUNTING RESET new_cycle
[17:06:44.023] [EXEC] [EXEC] BUY ORDER SENT orderId=382982824 price=81408.42 qty=0.122830
[17:06:44.023] [EXEC] [EXEC] PLACE BUY price=81408.42 qty=0.122830
[17:06:47.959] [EXEC] [EXEC] BUY TIMEOUT orderId=382982824
[17:06:47.961] [EXEC] [EXEC] CANCEL BUY orderId=382982824
[17:06:48.225] [EXEC] [EXEC] BUY CANCELED confirmed
[17:06:48.982] [EXEC] [EXEC] BUY FINAL STATUS status=CANCELED orderId=382982824
[17:06:48.984] [EXEC] [EXEC] BLOCK reason=buy_not_filled
[17:06:50.724] [EXEC] [EXEC] SELL ACCOUNTING RESET new_cycle
[17:06:50.724] [EXEC] [EXEC] BUY ORDER SENT orderId=382983375 price=81420.01 qty=0.122810
[17:06:50.724] [EXEC] [EXEC] PLACE BUY price=81420.01 qty=0.122810
[17:06:55.663] [EXEC] [EXEC] BUY TIMEOUT orderId=382983375
[17:06:55.679] [EXEC] [EXEC] CANCEL BUY orderId=382983375
[17:06:55.942] [EXEC] [EXEC] BUY CANCELED confirmed
[17:06:56.193] [EXEC] [EXEC] BUY FINAL STATUS status=CANCELED orderId=382983375
[17:06:56.209] [EXEC] [EXEC] BLOCK reason=buy_not_filled
[17:06:57.241] [EXEC] [EXEC] SELL ACCOUNTING RESET new_cycle
[17:06:57.241] [EXEC] [EXEC] BUY ORDER SENT orderId=382983821 price=81424.35 qty=0.122810
[17:06:57.257] [EXEC] [EXEC] PLACE BUY price=81424.35 qty=0.122810
[17:06:59.147] [EXEC] [EXEC] SELL CHECK inventory=0.000000 reported=0.000000 remaining=0.000000 chunks=0
[17:06:59.147] [EXEC] [EXEC] BLOCK reason=no_position_to_sell
[17:07:00.182] [EXEC] [EXEC] BUY REJECTED status=400 code=-2010 msg=Account has insufficient balance for requested action.
[17:07:00.185] [EXEC] [EXEC] BUY REJECTED body={"code":-2010,"msg":"Account has insufficient balance for requested action."}
[17:07:00.187] [EXEC] [EXEC] STOP retry storm prevented
[17:07:00.756] [EXEC] [EXEC] BLOCK reason=balance_low
[17:07:08.272] [EXEC] [EXEC] BLOCK reason=balance_low
[17:07:11.741] [EXEC] [EXEC] BLOCK reason=balance_low
[17:07:17.148] [EXEC] [EXEC] BLOCK reason=balance_low
[17:07:20.695] [EXEC] [EXEC] BLOCK reason=balance_low
[17:07:24.662] [EXEC] [EXEC] BLOCK reason=balance_low
[17:07:28.161] [EXEC] [EXEC] BLOCK reason=balance_low
[17:09:03.855] [EXEC] [EXEC] LIVE ON
[17:09:03.858] [EXEC] [EXEC] WAIT READY
[17:09:04.428] [EXEC] [EXEC] SELL ACCOUNTING RESET new_cycle
[17:09:04.428] [EXEC] [EXEC] BUY ORDER SENT orderId=382991032 price=81380.01 qty=0.122880
[17:09:04.428] [EXEC] [EXEC] PLACE BUY price=81380.01 qty=0.122880
[17:09:08.241] [EXEC] [EXEC] CHUNK ADD qty=0.122880 entry=81380.01
[17:09:08.241] [EXEC] [EXEC] CHUNK COUNT n=1
[17:09:08.241] [EXEC] [EXEC] BUY PARTIAL delta=0.122880 total=0.122880
[17:09:08.241] [EXEC] [EXEC] BUY REMAINING qty=0.000000
[17:09:08.241] [EXEC] [EXEC] INVENTORY qty=0.122880
[17:09:08.257] [EXEC] [EXEC] BUY FILLED id=382991032
[17:09:08.949] [EXEC] [EXEC] SELL CHECK inventory=0.122880 reported=0.000000 remaining=0.122880 chunks=1
[17:09:08.950] [EXEC] [EXEC] PLACE SELL price=81380.05 qty=0.122880
[17:09:09.214] [EXEC] [EXEC] SELL ORDER SENT orderId=382991470
[17:09:10.631] [EXEC] [EXEC] RECOVERY WAIT hard_sl_pending_recovery
[17:09:11.538] [EXEC] [EXEC] RECOVERY WAIT hard_sl_pending_recovery
[17:09:13.814] [EXEC] [EXEC] SELL TIMEOUT orderId=382991470
[17:09:13.818] [EXEC] [EXEC] CANCEL SELL orderId=382991470
[17:09:14.366] [EXEC] [EXEC] SELL FINAL STATUS status=CANCELED orderId=382991470
[17:09:14.369] [EXEC] [EXEC] SELL TIMEOUT check fast_exit
[17:09:14.370] [EXEC] [EXEC] FORCE EXIT hard_sl_triggered
[17:09:14.372] [EXEC] [EXEC] HARD SL triggered
[17:09:14.373] [EXEC] [EXEC] PANIC EXIT sl_mode
[17:09:14.374] [EXEC] [EXEC] FORCE EXIT price=81374.32
[17:09:14.375] [EXEC] [EXEC] PLACE SELL price=81374.32 qty=0.122880
[17:09:14.631] [EXEC] [EXEC] PANIC START price=81374.32
[17:09:14.631] [EXEC] [EXEC] SELL ORDER SENT orderId=382991771
[17:09:17.138] [EXEC] [EXEC] PANIC WAIT still_open orderId=382991771
[17:09:17.141] [EXEC] [EXEC] PANIC HOLD active orderId=382991771
[17:09:20.381] [EXEC] [EXEC] PANIC WAIT still_open orderId=382991771
[17:09:20.381] [EXEC] [EXEC] PANIC HOLD active orderId=382991771
[17:09:21.545] [EXEC] [EXEC] PANIC HOLD active orderId=382991771
[17:09:21.835] [EXEC] [EXEC] PANIC HOLD active orderId=382991771
[17:09:25.443] [EXEC] [EXEC] PANIC WAIT still_open orderId=382991771
[17:09:25.443] [EXEC] [EXEC] PANIC HOLD active orderId=382991771
[17:09:27.360] [EXEC] [EXEC] PANIC HOLD active orderId=382991771
[17:09:29.055] [EXEC] [EXEC] PANIC WAIT still_open orderId=382991771
[17:09:29.058] [EXEC] [EXEC] PANIC HOLD active orderId=382991771
[17:09:30.942] [EXEC] [EXEC] PANIC HOLD active orderId=382991771
[17:09:31.964] [EXEC] [EXEC] FIFO CLOSE qty=0.122880 entry=81380.01 exit=81374.32 pnl=-0.699187
[17:09:31.967] [EXEC] [EXEC] CHUNK CLOSED entry=81380.01
[17:09:31.968] [EXEC] [EXEC] REALIZED pnl=-0.699187
[17:09:31.970] [EXEC] [EXEC] SELL ACCOUNTING RESET flat
[17:09:31.971] [EXEC] [EXEC] CYCLE CLOSED pnl=-0.699187
[17:09:31.973] [EXEC] [EXEC] SESSION realized=-0.699187 wins=0 losses=1
[17:09:32.969] [EXEC] [EXEC] SELL ACCOUNTING RESET new_cycle
[17:09:32.972] [EXEC] [EXEC] BUY ORDER SENT orderId=382993164 price=81376.79 qty=0.122880
[17:09:32.976] [EXEC] [EXEC] PLACE BUY price=81376.79 qty=0.122880
[17:09:36.908] [EXEC] [EXEC] BUY TIMEOUT orderId=382993164
[17:09:36.908] [EXEC] [EXEC] CANCEL BUY orderId=382993164
[17:09:37.176] [EXEC] [EXEC] BUY CANCELED confirmed
[17:09:37.429] [EXEC] [EXEC] BUY FINAL STATUS status=CANCELED orderId=382993164
[17:09:37.429] [EXEC] [EXEC] BLOCK reason=buy_not_filled
[17:09:38.506] [EXEC] [EXEC] SELL ACCOUNTING RESET new_cycle
[17:09:38.506] [EXEC] [EXEC] BUY ORDER SENT orderId=382993685 price=81401.94 qty=0.122840
[17:09:38.506] [EXEC] [EXEC] PLACE BUY price=81401.94 qty=0.122840
[17:09:43.538] [EXEC] [EXEC] BUY TIMEOUT orderId=382993685
[17:09:43.538] [EXEC] [EXEC] CANCEL BUY orderId=382993685
[17:09:43.804] [EXEC] [EXEC] BUY CANCELED confirmed
[17:09:44.075] [EXEC] [EXEC] BUY FINAL STATUS status=CANCELED orderId=382993685
[17:09:44.078] [EXEC] [EXEC] BLOCK reason=buy_not_filled
[17:09:45.554] [EXEC] [EXEC] SELL ACCOUNTING RESET new_cycle
[17:09:45.554] [EXEC] [EXEC] BUY ORDER SENT orderId=382994048 price=81410.72 qty=0.122830
[17:09:45.554] [EXEC] [EXEC] PLACE BUY price=81410.72 qty=0.122830
[17:09:49.592] [EXEC] [EXEC] BUY TIMEOUT orderId=382994048
[17:09:49.596] [EXEC] [EXEC] CANCEL BUY orderId=382994048
[17:09:49.862] [EXEC] [EXEC] BUY CANCELED confirmed
[17:09:50.147] [EXEC] [EXEC] BUY FINAL STATUS status=CANCELED orderId=382994048
[17:09:50.147] [EXEC] [EXEC] BLOCK reason=buy_not_filled
[17:09:54.605] [EXEC] [EXEC] SELL ACCOUNTING RESET new_cycle
[17:09:54.608] [EXEC] [EXEC] BUY ORDER SENT orderId=382994423 price=81415.07 qty=0.122820
[17:09:54.611] [EXEC] [EXEC] PLACE BUY price=81415.07 qty=0.122820
[17:09:57.615] [EXEC] [EXEC] CHUNK ADD qty=0.122820 entry=81415.07
[17:09:57.615] [EXEC] [EXEC] CHUNK COUNT n=1
[17:09:57.615] [EXEC] [EXEC] BUY PARTIAL delta=0.122820 total=0.122820
[17:09:57.615] [EXEC] [EXEC] BUY REMAINING qty=0.000000
[17:09:57.615] [EXEC] [EXEC] INVENTORY qty=0.122820
[17:09:57.631] [EXEC] [EXEC] BUY FILLED id=382994423
[17:09:58.867] [EXEC] [EXEC] SELL CHECK inventory=0.122820 reported=0.000000 remaining=0.122820 chunks=1
[17:09:58.873] [EXEC] [EXEC] PLACE SELL price=81415.11 qty=0.122820
[17:09:59.131] [EXEC] [EXEC] SELL ORDER SENT orderId=382994694
[17:09:59.740] [EXEC] [EXEC] RECOVERY WAIT hard_sl_pending_recovery
[17:10:01.107] [EXEC] [EXEC] FIFO CLOSE qty=0.122820 entry=81415.07 exit=81415.11 pnl=+0.004913
[17:10:01.107] [EXEC] [EXEC] CHUNK CLOSED entry=81415.07
[17:10:01.107] [EXEC] [EXEC] REALIZED pnl=+0.004913
[17:10:01.123] [EXEC] [EXEC] SELL ACCOUNTING RESET flat
[17:10:01.123] [EXEC] [EXEC] CYCLE CLOSED pnl=+0.004913
[17:10:01.123] [EXEC] [EXEC] SESSION realized=-0.694274 wins=1 losses=1
[17:10:03.727] [EXEC] [EXEC] SELL ACCOUNTING RESET new_cycle
[17:10:03.731] [EXEC] [EXEC] BUY ORDER SENT orderId=382994893 price=81404.01 qty=0.122840
[17:10:03.734] [EXEC] [EXEC] PLACE BUY price=81404.01 qty=0.122840
[17:10:07.536] [EXEC] [EXEC] BUY TIMEOUT orderId=382994893
[17:10:07.538] [EXEC] [EXEC] CANCEL BUY orderId=382994893
[17:10:07.819] [EXEC] [EXEC] BUY CANCELED confirmed
[17:10:08.085] [EXEC] [EXEC] BUY FINAL STATUS status=CANCELED orderId=382994893
[17:10:08.085] [EXEC] [EXEC] BLOCK reason=buy_not_filled
[17:10:10.225] [EXEC] [EXEC] SELL ACCOUNTING RESET new_cycle
[17:10:10.243] [EXEC] [EXEC] BUY ORDER SENT orderId=382995224 price=81408.25 qty=0.122830
[17:10:10.244] [EXEC] [EXEC] PLACE BUY price=81408.25 qty=0.122830
[17:10:11.962] [EXEC] [EXEC] SELL CHECK inventory=0.000000 reported=0.000000 remaining=0.000000 chunks=0
[17:10:11.963] [EXEC] [EXEC] BLOCK reason=no_position_to_sell
[17:10:14.194] [EXEC] [EXEC] SELL ACCOUNTING RESET new_cycle
[17:10:14.194] [EXEC] [EXEC] BUY ORDER SENT orderId=382995600 price=81383.16 qty=0.122870
[17:10:14.194] [EXEC] [EXEC] PLACE BUY price=81383.16 qty=0.122870
[17:10:18.226] [EXEC] [EXEC] BUY TIMEOUT orderId=382995600
[17:10:18.226] [EXEC] [EXEC] CANCEL BUY orderId=382995600
[17:10:18.819] [EXEC] [EXEC] BUY CANCELED confirmed
[17:10:19.116] [EXEC] [EXEC] BUY FINAL STATUS status=CANCELED orderId=382995600
[17:10:19.116] [EXEC] [EXEC] BLOCK reason=buy_not_filled
[17:10:21.361] [EXEC] [EXEC] SELL ACCOUNTING RESET new_cycle
[17:10:21.365] [EXEC] [EXEC] BUY ORDER SENT orderId=382996075 price=81388.00 qty=0.122860
[17:10:21.366] [EXEC] [EXEC] PLACE BUY price=81388.00 qty=0.122860
[17:10:23.338] [EXEC] [EXEC] SELL CHECK inventory=0.000000 reported=0.000000 remaining=0.000000 chunks=0
[17:10:23.340] [EXEC] [EXEC] BLOCK reason=no_position_to_sell
[17:10:28.366] [EXEC] [EXEC] SELL ACCOUNTING RESET new_cycle
[17:10:28.366] [EXEC] [EXEC] BUY ORDER SENT orderId=382996319 price=81388.01 qty=0.122860
[17:10:28.366] [EXEC] [EXEC] PLACE BUY price=81388.01 qty=0.122860
[17:10:28.945] [EXEC] [EXEC] SELL CHECK inventory=0.000000 reported=0.000000 remaining=0.000000 chunks=0
[17:10:28.945] [EXEC] [EXEC] BLOCK reason=no_position_to_sell
[17:10:30.710] [EXEC] [EXEC] BLOCK reason=balance_low
[17:10:42.964] [EXEC] [EXEC] BLOCK reason=balance_low
[17:10:49.761] [EXEC] [EXEC] BLOCK reason=balance_low
[17:10:53.585] [EXEC] [EXEC] BLOCK reason=balance_low
[17:10:59.303] [EXEC] [EXEC] BLOCK reason=balance_low
[17:11:02.322] [EXEC] [EXEC] BLOCK reason=balance_low
[17:11:07.851] [EXEC] [EXEC] BLOCK reason=balance_low
[17:11:13.397] [EXEC] [EXEC] BLOCK reason=balance_low
[17:17:23.327] [EXEC] [EXEC] LIVE ON
[17:17:23.330] [EXEC] [EXEC] WAIT READY
[17:17:23.865] [EXEC] [EXEC] SELL ACCOUNTING RESET new_cycle
[17:17:23.869] [EXEC] [EXEC] BUY ORDER SENT orderId=383021099 price=81637.10 qty=0.122490
[17:17:23.872] [EXEC] [EXEC] PLACE BUY price=81637.10 qty=0.122490
[17:17:24.454] [EXEC] [EXEC] BUY FILL UPDATE delta=0.122490 avg=81637.10
[17:17:24.459] [EXEC] [EXEC] CHUNK ADD qty=0.122490 entry=81637.10
[17:17:24.462] [EXEC] [EXEC] CHUNK COUNT n=1
[17:17:24.464] [EXEC] [EXEC] INVENTORY qty=0.122490
[17:17:24.465] [EXEC] [EXEC] SELL REQUIRED inventory=0.122490
[17:17:24.585] [EXEC] [EXEC] SELL CHECK inventory=0.122490 reported=0.000000 remaining=0.122490 chunks=1
[17:17:24.585] [EXEC] [EXEC] PLACE SELL price=81640.99 qty=0.122490
[17:17:24.853] [EXEC] [EXEC] SELL ORDER SENT orderId=383021189
[17:17:26.164] [EXEC] [EXEC] RECOVERY WAIT hard_sl_pending_recovery
[17:17:28.214] [EXEC] [EXEC] RECOVERY WAIT hard_sl_pending_recovery
[17:17:28.525] [EXEC] [EXEC] SELL TIMEOUT orderId=383021189
[17:17:28.529] [EXEC] [EXEC] CANCEL SELL orderId=383021189
[17:17:29.090] [EXEC] [EXEC] SELL FINAL STATUS status=CANCELED orderId=383021189
[17:17:29.090] [EXEC] [EXEC] SELL TIMEOUT check fast_exit
[17:17:29.090] [EXEC] [EXEC] FORCE EXIT hard_sl_triggered
[17:17:29.090] [EXEC] [EXEC] HARD SL triggered
[17:17:29.090] [EXEC] [EXEC] PANIC EXIT sl_mode
[17:17:29.090] [EXEC] [EXEC] FORCE EXIT price=81638.70
[17:17:29.105] [EXEC] [EXEC] PLACE SELL price=81638.70 qty=0.122490
[17:17:29.375] [EXEC] [EXEC] PANIC START price=81638.70
[17:17:29.378] [EXEC] [EXEC] SELL ORDER SENT orderId=383021421
[17:17:30.550] [EXEC] [EXEC] FIFO CLOSE qty=0.122490 entry=81637.10 exit=81638.70 pnl=+0.195984
[17:17:30.553] [EXEC] [EXEC] CHUNK CLOSED entry=81637.10
[17:17:30.554] [EXEC] [EXEC] REALIZED pnl=+0.195984
[17:17:30.555] [EXEC] [EXEC] SELL ACCOUNTING RESET flat
[17:17:30.556] [EXEC] [EXEC] CYCLE CLOSED pnl=+0.195984
[17:17:30.558] [EXEC] [EXEC] SESSION realized=+0.195984 wins=1 losses=0
[17:17:30.559] [EXEC] [EXEC] SELL ACCOUNTING RESET flat
[17:17:30.560] [EXEC] [EXEC] CYCLE SKIP no_fifo_pnl
[17:17:30.561] [EXEC] [EXEC] SELL FILLED id=383021421
[17:17:30.562] [EXEC] [EXEC] SELL FILLED qty=0.122490 remaining=0.000000
[17:17:30.563] [EXEC] [EXEC] PANIC FILLED
[17:17:30.563] [EXEC] [EXEC] PANIC RESET
[17:17:30.564] [EXEC] [EXEC] SELL ACCOUNTING RESET flat
[17:17:30.565] [EXEC] [EXEC] CYCLE SKIP no_fifo_pnl
[17:17:33.225] [EXEC] [EXEC] SELL ACCOUNTING RESET new_cycle
[17:17:33.225] [EXEC] [EXEC] BUY ORDER SENT orderId=383021816 price=81642.47 qty=0.122480
[17:17:33.225] [EXEC] [EXEC] PLACE BUY price=81642.47 qty=0.122480
[17:17:33.788] [EXEC] [EXEC] BUY FILL UPDATE delta=0.122480 avg=81642.47
[17:17:33.788] [EXEC] [EXEC] CHUNK ADD qty=0.122480 entry=81642.47
[17:17:33.788] [EXEC] [EXEC] CHUNK COUNT n=1
[17:17:33.788] [EXEC] [EXEC] INVENTORY qty=0.122480
[17:17:33.788] [EXEC] [EXEC] SELL REQUIRED inventory=0.122480
[17:17:34.807] [EXEC] [EXEC] SELL CHECK inventory=0.122480 reported=0.000000 remaining=0.122480 chunks=1
[17:17:34.810] [EXEC] [EXEC] PLACE SELL price=81650.78 qty=0.122480
[17:17:35.104] [EXEC] [EXEC] SELL ORDER SENT orderId=383021943
[17:17:35.366] [EXEC] [EXEC] RECOVERY WAIT hard_sl_pending_recovery
[17:17:39.522] [EXEC] [EXEC] SELL TIMEOUT orderId=383021943
[17:17:39.522] [EXEC] [EXEC] CANCEL SELL orderId=383021943
[17:17:40.067] [EXEC] [EXEC] SELL FINAL STATUS status=CANCELED orderId=383021943
[17:17:40.070] [EXEC] [EXEC] SELL TIMEOUT check fast_exit
[17:17:40.071] [EXEC] [EXEC] FORCE EXIT hard_sl_triggered
[17:17:40.072] [EXEC] [EXEC] HARD SL triggered
[17:17:40.073] [EXEC] [EXEC] PANIC EXIT sl_mode
[17:17:40.075] [EXEC] [EXEC] FORCE EXIT price=81629.58
[17:17:40.076] [EXEC] [EXEC] PLACE SELL price=81629.58 qty=0.122480
[17:17:40.343] [EXEC] [EXEC] PANIC START price=81629.58
[17:17:40.343] [EXEC] [EXEC] SELL ORDER SENT orderId=383022257
[17:17:40.946] [EXEC] [EXEC] FIFO CLOSE qty=0.000070 entry=81642.47 exit=81629.58 pnl=-0.000902
[17:17:40.946] [EXEC] [EXEC] REALIZED pnl=-0.000902
[17:17:40.951] [EXEC] [EXEC] SELL PARTIAL delta=0.000070
[17:17:40.952] [EXEC] [EXEC] INVENTORY remaining=0.122410
[17:17:40.952] [EXEC] [EXEC] PANIC PARTIAL filled=0.000070 remaining=0.122410
[17:17:41.709] [EXEC] [EXEC] FIFO CLOSE qty=0.122410 entry=81642.47 exit=81629.58 pnl=-1.577865
[17:17:41.709] [EXEC] [EXEC] CHUNK CLOSED entry=81642.47
[17:17:41.709] [EXEC] [EXEC] REALIZED pnl=-1.577865
[17:17:41.709] [EXEC] [EXEC] SELL ACCOUNTING RESET flat
[17:17:41.709] [EXEC] [EXEC] CYCLE CLOSED pnl=-1.578767
[17:17:41.725] [EXEC] [EXEC] SESSION realized=-1.382783 wins=1 losses=1
[17:17:41.725] [EXEC] [EXEC] SELL ACCOUNTING RESET flat
[17:17:41.725] [EXEC] [EXEC] CYCLE SKIP no_fifo_pnl
[17:17:41.725] [EXEC] [EXEC] SELL FILLED id=383022257
[17:17:41.725] [EXEC] [EXEC] SELL FILLED qty=0.122480 remaining=0.000000
[17:17:41.725] [EXEC] [EXEC] PANIC FILLED
[17:17:41.725] [EXEC] [EXEC] PANIC RESET
[17:17:41.725] [EXEC] [EXEC] SELL ACCOUNTING RESET flat
[17:17:41.725] [EXEC] [EXEC] CYCLE SKIP no_fifo_pnl
[17:17:42.539] [EXEC] [EXEC] SELL ACCOUNTING RESET new_cycle
[17:17:42.543] [EXEC] [EXEC] BUY ORDER SENT orderId=383022404 price=81630.91 qty=0.122500
[17:17:42.545] [EXEC] [EXEC] PLACE BUY price=81630.91 qty=0.122500
[17:17:44.100] [EXEC] [EXEC] BUY FILL UPDATE delta=0.122500 avg=81630.91
[17:17:44.100] [EXEC] [EXEC] CHUNK ADD qty=0.122500 entry=81630.91
[17:17:44.100] [EXEC] [EXEC] CHUNK COUNT n=1
[17:17:44.100] [EXEC] [EXEC] INVENTORY qty=0.122500
[17:17:44.100] [EXEC] [EXEC] SELL REQUIRED inventory=0.122500
[17:17:44.100] [EXEC] [EXEC] BUY PARTIAL delta=0.122500 total=0.122500
[17:17:44.100] [EXEC] [EXEC] BUY REMAINING qty=0.000000
[17:17:44.100] [EXEC] [EXEC] BUY FILLED id=383022404
[17:17:45.543] [EXEC] [EXEC] SELL CHECK inventory=0.122500 reported=0.000000 remaining=0.122500 chunks=1
[17:17:45.547] [EXEC] [EXEC] PLACE SELL price=81631.76 qty=0.122500
[17:17:45.815] [EXEC] [EXEC] SELL ORDER SENT orderId=383022656
[17:17:46.363] [EXEC] [EXEC] RECOVERY WAIT hard_sl_pending_recovery
[17:17:46.637] [EXEC] [EXEC] FIFO CLOSE qty=0.122500 entry=81630.91 exit=81631.76 pnl=+0.104125
[17:17:46.638] [EXEC] [EXEC] CHUNK CLOSED entry=81630.91
[17:17:46.639] [EXEC] [EXEC] REALIZED pnl=+0.104125
[17:17:46.639] [EXEC] [EXEC] SELL ACCOUNTING RESET flat
[17:17:46.640] [EXEC] [EXEC] CYCLE CLOSED pnl=+0.104125
[17:17:46.640] [EXEC] [EXEC] SESSION realized=-1.278658 wins=2 losses=1
[17:17:46.641] [EXEC] [EXEC] SELL ACCOUNTING RESET flat
[17:17:46.641] [EXEC] [EXEC] CYCLE SKIP no_fifo_pnl
[17:17:46.642] [EXEC] [EXEC] SELL FILLED id=383022656
[17:17:46.642] [EXEC] [EXEC] SELL FILLED qty=0.122500 remaining=0.000000
[17:17:46.643] [EXEC] [EXEC] SELL ACCOUNTING RESET flat
[17:17:46.643] [EXEC] [EXEC] CYCLE SKIP no_fifo_pnl
[17:17:48.268] [EXEC] [EXEC] SELL ACCOUNTING RESET new_cycle
[17:17:48.271] [EXEC] [EXEC] BUY ORDER SENT orderId=383022849 price=81630.02 qty=0.122500
[17:17:48.272] [EXEC] [EXEC] PLACE BUY price=81630.02 qty=0.122500
[17:17:52.594] [EXEC] [EXEC] BUY TIMEOUT orderId=383022849
[17:17:52.597] [EXEC] [EXEC] CANCEL BUY orderId=383022849
[17:17:52.876] [EXEC] [EXEC] BUY CANCELED confirmed
[17:17:53.147] [EXEC] [EXEC] BUY FINAL STATUS status=CANCELED orderId=383022849
[17:17:53.147] [EXEC] [EXEC] BLOCK reason=buy_not_filled
[17:17:57.004] [EXEC] [EXEC] SELL ACCOUNTING RESET new_cycle
[17:17:57.020] [EXEC] [EXEC] BUY ORDER SENT orderId=383023316 price=81639.18 qty=0.122490
[17:17:57.020] [EXEC] [EXEC] PLACE BUY price=81639.18 qty=0.122490
[17:18:00.273] [EXEC] [EXEC] BUY FILL UPDATE delta=0.122490 avg=81639.18
[17:18:00.273] [EXEC] [EXEC] CHUNK ADD qty=0.122490 entry=81639.18
[17:18:00.273] [EXEC] [EXEC] CHUNK COUNT n=1
[17:18:00.273] [EXEC] [EXEC] INVENTORY qty=0.122490
[17:18:00.273] [EXEC] [EXEC] SELL REQUIRED inventory=0.122490
[17:18:00.273] [EXEC] [EXEC] BUY PARTIAL delta=0.122490 total=0.122490
[17:18:00.288] [EXEC] [EXEC] BUY REMAINING qty=0.000000
[17:18:00.288] [EXEC] [EXEC] BUY FILLED id=383023316
[17:18:01.428] [EXEC] [EXEC] SELL CHECK inventory=0.122490 reported=0.000000 remaining=0.122490 chunks=1
[17:18:01.431] [EXEC] [EXEC] PLACE SELL price=81647.99 qty=0.122490
[17:18:01.741] [EXEC] [EXEC] SELL ORDER SENT orderId=383023722
[17:18:03.476] [EXEC] [EXEC] RECOVERY WAIT hard_sl_pending_recovery
[17:18:05.185] [EXEC] [EXEC] SELL TIMEOUT orderId=383023722
[17:18:05.185] [EXEC] [EXEC] CANCEL SELL orderId=383023722
[17:18:05.726] [EXEC] [EXEC] SELL FINAL STATUS status=CANCELED orderId=383023722
[17:18:05.726] [EXEC] [EXEC] SELL TIMEOUT check fast_exit
[17:18:05.726] [EXEC] [EXEC] FORCE EXIT hard_sl_triggered
[17:18:05.726] [EXEC] [EXEC] HARD SL triggered
[17:18:05.726] [EXEC] [EXEC] PANIC EXIT sl_mode
[17:18:05.726] [EXEC] [EXEC] FORCE EXIT price=81639.24
[17:18:05.726] [EXEC] [EXEC] PLACE SELL price=81639.24 qty=0.122490
[17:18:06.046] [EXEC] [EXEC] PANIC START price=81639.24
[17:18:06.048] [EXEC] [EXEC] SELL ORDER SENT orderId=383024033
[17:18:08.272] [EXEC] [EXEC] PANIC WAIT still_open orderId=383024033
[17:18:08.291] [EXEC] [EXEC] PANIC HOLD active orderId=383024033
[17:18:09.873] [EXEC] [EXEC] PANIC HOLD active orderId=383024033
[17:18:12.075] [EXEC] [EXEC] PANIC WAIT still_open orderId=383024033
[17:18:12.075] [EXEC] [EXEC] PANIC HOLD active orderId=383024033
[17:18:15.839] [EXEC] [EXEC] PANIC WAIT still_open orderId=383024033
[17:18:15.843] [EXEC] [EXEC] PANIC HOLD active orderId=383024033
[17:18:19.328] [EXEC] [EXEC] PANIC WAIT still_open orderId=383024033
[17:18:19.332] [EXEC] [EXEC] PANIC HOLD active orderId=383024033
[17:18:20.990] [EXEC] [EXEC] PANIC HOLD active orderId=383024033
[17:18:23.401] [EXEC] [EXEC] PANIC WAIT still_open orderId=383024033
[17:18:23.405] [EXEC] [EXEC] PANIC HOLD active orderId=383024033
[17:18:24.976] [EXEC] [EXEC] PANIC HOLD active orderId=383024033
[17:18:28.464] [EXEC] [EXEC] PANIC WAIT still_open orderId=383024033
[17:18:28.467] [EXEC] [EXEC] PANIC STALE detected orderId=383024033
[17:18:28.468] [EXEC] [EXEC] PANIC ESCALATE old=81639.24 new=81578.01 qty=0.122490
[17:18:29.258] [EXEC] [EXEC] PANIC ESCALATE placed orderId=383025739
[17:18:29.679] [EXEC] [EXEC] FIFO CLOSE qty=0.122490 entry=81639.18 exit=81578.00 pnl=-7.493842
[17:18:29.679] [EXEC] [EXEC] CHUNK CLOSED entry=81639.18
[17:18:29.679] [EXEC] [EXEC] REALIZED pnl=-7.493842
[17:18:29.696] [EXEC] [EXEC] SELL ACCOUNTING RESET flat
[17:18:29.698] [EXEC] [EXEC] CYCLE CLOSED pnl=-7.493842
[17:18:29.700] [EXEC] [EXEC] SESSION realized=-8.772500 wins=2 losses=2
[17:18:29.701] [EXEC] [EXEC] SELL ACCOUNTING RESET flat
[17:18:29.703] [EXEC] [EXEC] CYCLE SKIP no_fifo_pnl
[17:18:29.705] [EXEC] [EXEC] SELL FILLED id=383025739
[17:18:29.707] [EXEC] [EXEC] SELL FILLED qty=0.122490 remaining=0.000000
[17:18:29.709] [EXEC] [EXEC] PANIC FILLED
[17:18:29.710] [EXEC] [EXEC] PANIC RESET
[17:18:29.710] [EXEC] [EXEC] SELL ACCOUNTING RESET flat
[17:18:29.710] [EXEC] [EXEC] CYCLE SKIP no_fifo_pnl
[17:18:30.475] [EXEC] [EXEC] SELL ACCOUNTING RESET new_cycle
[17:18:30.491] [EXEC] [EXEC] BUY ORDER SENT orderId=383025828 price=81574.79 qty=0.122580
[17:18:30.491] [EXEC] [EXEC] PLACE BUY price=81574.79 qty=0.122580
[17:18:35.031] [EXEC] [EXEC] BUY TIMEOUT orderId=383025828
[17:18:35.035] [EXEC] [EXEC] CANCEL BUY orderId=383025828
[17:18:35.288] [EXEC] [EXEC] BUY CANCELED confirmed
[17:18:35.569] [EXEC] [EXEC] BUY FINAL STATUS status=CANCELED orderId=383025828
[17:18:35.573] [EXEC] [EXEC] BLOCK reason=buy_not_filled
[17:18:36.288] [EXEC] [EXEC] SELL ACCOUNTING RESET new_cycle
[17:18:36.288] [EXEC] [EXEC] BUY ORDER SENT orderId=383026118 price=81582.65 qty=0.122570
[17:18:36.304] [EXEC] [EXEC] PLACE BUY price=81582.65 qty=0.122570
[17:18:36.843] [EXEC] [EXEC] BUY FILL UPDATE delta=0.122570 avg=81582.65
[17:18:36.843] [EXEC] [EXEC] CHUNK ADD qty=0.122570 entry=81582.65
[17:18:36.843] [EXEC] [EXEC] CHUNK COUNT n=1
[17:18:36.847] [EXEC] [EXEC] INVENTORY qty=0.122570
[17:18:36.847] [EXEC] [EXEC] SELL REQUIRED inventory=0.122570
[17:18:37.772] [EXEC] [EXEC] SELL CHECK inventory=0.122570 reported=0.000000 remaining=0.122570 chunks=1
[17:18:37.772] [EXEC] [EXEC] PLACE SELL price=81584.65 qty=0.122570
[17:18:38.042] [EXEC] [EXEC] SELL ORDER SENT orderId=383026222
[17:18:39.303] [EXEC] [EXEC] RECOVERY WAIT hard_sl_pending_recovery
[17:18:40.428] [EXEC] [EXEC] RECOVERY WAIT hard_sl_pending_recovery
[17:18:41.487] [EXEC] [EXEC] SELL TIMEOUT orderId=383026222
[17:18:41.490] [EXEC] [EXEC] CANCEL SELL orderId=383026222
[17:18:42.005] [EXEC] [EXEC] SELL FINAL STATUS status=CANCELED orderId=383026222
[17:18:42.021] [EXEC] [EXEC] SELL TIMEOUT check fast_exit
[17:18:42.021] [EXEC] [EXEC] FORCE EXIT hard_sl_triggered
[17:18:42.021] [EXEC] [EXEC] HARD SL triggered
[17:18:42.021] [EXEC] [EXEC] PANIC EXIT sl_mode
[17:18:42.021] [EXEC] [EXEC] FORCE EXIT price=81580.21
[17:18:42.021] [EXEC] [EXEC] PLACE SELL price=81580.21 qty=0.122570
[17:18:42.288] [EXEC] [EXEC] PANIC START price=81580.21
[17:18:42.288] [EXEC] [EXEC] SELL ORDER SENT orderId=383026369
[17:18:43.867] [EXEC] [EXEC] FIFO CLOSE qty=0.122570 entry=81582.65 exit=81580.21 pnl=-0.299071
[17:18:43.871] [EXEC] [EXEC] CHUNK CLOSED entry=81582.65
[17:18:43.872] [EXEC] [EXEC] REALIZED pnl=-0.299071
[17:18:43.874] [EXEC] [EXEC] SELL ACCOUNTING RESET flat
[17:18:43.877] [EXEC] [EXEC] CYCLE CLOSED pnl=-0.299071
[17:18:43.879] [EXEC] [EXEC] SESSION realized=-9.071571 wins=2 losses=3
[17:18:43.881] [EXEC] [EXEC] SELL ACCOUNTING RESET flat
[17:18:43.881] [EXEC] [EXEC] CYCLE SKIP no_fifo_pnl
[17:18:43.881] [EXEC] [EXEC] SELL FILLED id=383026369
[17:18:43.881] [EXEC] [EXEC] SELL FILLED qty=0.122570 remaining=0.000000
[17:18:43.881] [EXEC] [EXEC] PANIC FILLED
[17:18:43.881] [EXEC] [EXEC] PANIC RESET
[17:18:43.881] [EXEC] [EXEC] SELL ACCOUNTING RESET flat
[17:18:43.881] [EXEC] [EXEC] CYCLE SKIP no_fifo_pnl
[17:18:46.075] [EXEC] [EXEC] SELL ACCOUNTING RESET new_cycle
[17:18:46.080] [EXEC] [EXEC] BUY ORDER SENT orderId=383026655 price=81589.55 qty=0.122560
[17:18:46.082] [EXEC] [EXEC] PLACE BUY price=81589.55 qty=0.122560
[17:18:46.616] [EXEC] [EXEC] BUY FILL UPDATE delta=0.122560 avg=81588.87
[17:18:46.616] [EXEC] [EXEC] CHUNK ADD qty=0.122560 entry=81588.87
[17:18:46.616] [EXEC] [EXEC] CHUNK COUNT n=1
[17:18:46.616] [EXEC] [EXEC] INVENTORY qty=0.122560
[17:18:46.616] [EXEC] [EXEC] SELL REQUIRED inventory=0.122560
[17:18:46.968] [EXEC] [EXEC] SELL CHECK inventory=0.122560 reported=0.000000 remaining=0.122560 chunks=1
[17:18:46.972] [EXEC] [EXEC] PLACE SELL price=81588.91 qty=0.122560
[17:18:47.255] [EXEC] [EXEC] SELL ORDER SENT orderId=383026717
[17:18:48.397] [EXEC] [EXEC] RECOVERY WAIT hard_sl_pending_recovery
[17:18:50.858] [EXEC] [EXEC] RECOVERY WAIT hard_sl_pending_recovery
[17:18:51.115] [EXEC] [EXEC] SELL TIMEOUT orderId=383026717
[17:18:51.131] [EXEC] [EXEC] CANCEL SELL orderId=383026717
[17:18:51.673] [EXEC] [EXEC] SELL FINAL STATUS status=CANCELED orderId=383026717
[17:18:51.677] [EXEC] [EXEC] SELL TIMEOUT check fast_exit
[17:18:51.679] [EXEC] [EXEC] FORCE EXIT hard_sl_triggered
[17:18:51.681] [EXEC] [EXEC] HARD SL triggered
[17:18:51.683] [EXEC] [EXEC] PANIC EXIT sl_mode
[17:18:51.686] [EXEC] [EXEC] FORCE EXIT price=81576.24
[17:18:51.688] [EXEC] [EXEC] PLACE SELL price=81576.24 qty=0.122560
[17:18:51.953] [EXEC] [EXEC] PANIC START price=81576.24
[17:18:51.956] [EXEC] [EXEC] SELL ORDER SENT orderId=383026978
[17:18:52.988] [EXEC] [EXEC] FIFO CLOSE qty=0.122560 entry=81588.87 exit=81576.24 pnl=-1.547673
[17:18:52.988] [EXEC] [EXEC] CHUNK CLOSED entry=81588.87
[17:18:52.988] [EXEC] [EXEC] REALIZED pnl=-1.547673
[17:18:52.988] [EXEC] [EXEC] SELL ACCOUNTING RESET flat
[17:18:52.988] [EXEC] [EXEC] CYCLE CLOSED pnl=-1.547673
[17:18:52.988] [EXEC] [EXEC] SESSION realized=-10.619244 wins=2 losses=4
[17:18:53.323] [EXEC] [EXEC] SELL ACCOUNTING RESET new_cycle
[17:18:53.328] [EXEC] [EXEC] BUY ORDER SENT orderId=383027181 price=81578.20 qty=0.122580
[17:18:53.330] [EXEC] [EXEC] PLACE BUY price=81578.20 qty=0.122580
[17:18:53.863] [EXEC] [EXEC] BUY FILL UPDATE delta=0.122580 avg=81578.20
[17:18:53.866] [EXEC] [EXEC] CHUNK ADD qty=0.122580 entry=81578.20
[17:18:53.868] [EXEC] [EXEC] CHUNK COUNT n=1
[17:18:53.870] [EXEC] [EXEC] INVENTORY qty=0.122580
[17:18:53.871] [EXEC] [EXEC] SELL REQUIRED inventory=0.122580
[17:18:55.164] [EXEC] [EXEC] SELL CHECK inventory=0.122580 reported=0.000000 remaining=0.122580 chunks=1
[17:18:55.167] [EXEC] [EXEC] PLACE SELL price=81579.36 qty=0.122580
[17:18:55.451] [EXEC] [EXEC] SELL ORDER SENT orderId=383027320
[17:18:55.895] [EXEC] [EXEC] FIFO CLOSE qty=0.122580 entry=81578.20 exit=81579.36 pnl=+0.142193
[17:18:55.897] [EXEC] [EXEC] CHUNK CLOSED entry=81578.20
[17:18:55.897] [EXEC] [EXEC] REALIZED pnl=+0.142193
[17:18:55.897] [EXEC] [EXEC] SELL ACCOUNTING RESET flat
[17:18:55.897] [EXEC] [EXEC] CYCLE CLOSED pnl=+0.142193
[17:18:55.897] [EXEC] [EXEC] SESSION realized=-10.477051 wins=3 losses=4
[17:18:55.897] [EXEC] [EXEC] SELL ACCOUNTING RESET flat
[17:18:55.897] [EXEC] [EXEC] CYCLE SKIP no_fifo_pnl
[17:18:55.897] [EXEC] [EXEC] SELL FILLED id=383027320
[17:18:55.897] [EXEC] [EXEC] SELL FILLED qty=0.122580 remaining=0.000000
[17:18:55.897] [EXEC] [EXEC] PANIC FILLED
[17:18:55.897] [EXEC] [EXEC] PANIC RESET
[17:18:55.897] [EXEC] [EXEC] SELL ACCOUNTING RESET flat
[17:18:55.897] [EXEC] [EXEC] CYCLE SKIP no_fifo_pnl
[17:18:57.132] [EXEC] [EXEC] SELL ACCOUNTING RESET new_cycle
[17:18:57.132] [EXEC] [EXEC] BUY ORDER SENT orderId=383027398 price=81579.61 qty=0.122570
[17:18:57.132] [EXEC] [EXEC] PLACE BUY price=81579.61 qty=0.122570
[17:18:58.170] [EXEC] [EXEC] BUY FILL UPDATE delta=0.122570 avg=81579.61
[17:18:58.170] [EXEC] [EXEC] CHUNK ADD qty=0.122570 entry=81579.61
[17:18:58.170] [EXEC] [EXEC] CHUNK COUNT n=1
[17:18:58.170] [EXEC] [EXEC] INVENTORY qty=0.122570
[17:18:58.170] [EXEC] [EXEC] SELL REQUIRED inventory=0.122570
[17:18:58.897] [EXEC] [EXEC] SELL CHECK inventory=0.122570 reported=0.000000 remaining=0.122570 chunks=1
[17:18:58.897] [EXEC] [EXEC] PLACE SELL price=81586.44 qty=0.122570
[17:18:59.190] [EXEC] [EXEC] SELL ORDER SENT orderId=383027528
[17:18:59.757] [EXEC] [EXEC] FIFO CLOSE qty=0.122570 entry=81579.61 exit=81586.44 pnl=+0.837153
[17:18:59.760] [EXEC] [EXEC] CHUNK CLOSED entry=81579.61
[17:18:59.762] [EXEC] [EXEC] REALIZED pnl=+0.837153
[17:18:59.765] [EXEC] [EXEC] SELL ACCOUNTING RESET flat
[17:18:59.767] [EXEC] [EXEC] CYCLE CLOSED pnl=+0.837153
[17:18:59.769] [EXEC] [EXEC] SESSION realized=-9.639898 wins=4 losses=4
[17:19:02.115] [EXEC] [EXEC] SELL ACCOUNTING RESET new_cycle
[17:19:02.115] [EXEC] [EXEC] BUY ORDER SENT orderId=383027859 price=81590.66 qty=0.122560
[17:19:02.115] [EXEC] [EXEC] PLACE BUY price=81590.66 qty=0.122560
[17:19:03.873] [EXEC] [EXEC] BUY FILL UPDATE delta=0.122560 avg=81590.66
[17:19:03.873] [EXEC] [EXEC] CHUNK ADD qty=0.122560 entry=81590.66
[17:19:03.873] [EXEC] [EXEC] CHUNK COUNT n=1
[17:19:03.873] [EXEC] [EXEC] INVENTORY qty=0.122560
[17:19:03.889] [EXEC] [EXEC] SELL REQUIRED inventory=0.122560
[17:19:04.459] [EXEC] [EXEC] SELL CHECK inventory=0.122560 reported=0.000000 remaining=0.122560 chunks=1
[17:19:04.475] [EXEC] [EXEC] PLACE SELL price=81590.70 qty=0.122560
[17:19:04.725] [EXEC] [EXEC] SELL ORDER SENT orderId=383028012
[17:19:05.304] [EXEC] [EXEC] RECOVERY WAIT hard_sl_pending_recovery
[17:19:08.057] [EXEC] [EXEC] RECOVERY WAIT hard_sl_pending_recovery
[17:19:08.319] [EXEC] [EXEC] SELL TIMEOUT orderId=383028012
[17:19:08.319] [EXEC] [EXEC] CANCEL SELL orderId=383028012
[17:19:08.852] [EXEC] [EXEC] SELL FINAL STATUS status=CANCELED orderId=383028012
[17:19:08.852] [EXEC] [EXEC] SELL TIMEOUT check fast_exit
[17:19:08.856] [EXEC] [EXEC] FORCE EXIT hard_sl_triggered
[17:19:08.857] [EXEC] [EXEC] HARD SL triggered
[17:19:08.857] [EXEC] [EXEC] PANIC EXIT sl_mode
[17:19:08.857] [EXEC] [EXEC] FORCE EXIT price=81566.11
[17:19:08.857] [EXEC] [EXEC] PLACE SELL price=81566.11 qty=0.122560
[17:19:09.147] [EXEC] [EXEC] PANIC START price=81566.11
[17:19:09.162] [EXEC] [EXEC] SELL ORDER SENT orderId=383028480
[17:19:11.241] [EXEC] [EXEC] FIFO CLOSE qty=0.122560 entry=81590.66 exit=81566.11 pnl=-3.008848
[17:19:11.257] [EXEC] [EXEC] CHUNK CLOSED entry=81590.66
[17:19:11.257] [EXEC] [EXEC] REALIZED pnl=-3.008848
[17:19:11.257] [EXEC] [EXEC] SELL ACCOUNTING RESET flat
[17:19:11.257] [EXEC] [EXEC] CYCLE CLOSED pnl=-3.008848
[17:19:11.257] [EXEC] [EXEC] SESSION realized=-12.648746 wins=4 losses=5
[17:19:11.553] [EXEC] [EXEC] SELL ACCOUNTING RESET new_cycle
[17:19:11.553] [EXEC] [EXEC] BUY ORDER SENT orderId=383028737 price=81556.01 qty=0.122610
[17:19:11.553] [EXEC] [EXEC] PLACE BUY price=81556.01 qty=0.122610
[17:19:16.273] [EXEC] [EXEC] BUY TIMEOUT orderId=383028737
[17:19:16.273] [EXEC] [EXEC] CANCEL BUY orderId=383028737
[17:19:16.550] [EXEC] [EXEC] BUY CANCELED confirmed
[17:19:16.803] [EXEC] [EXEC] BUY FINAL STATUS status=CANCELED orderId=383028737
[17:19:16.819] [EXEC] [EXEC] BLOCK reason=buy_not_filled
[17:19:18.825] [EXEC] [EXEC] SELL ACCOUNTING RESET new_cycle
[17:19:18.829] [EXEC] [EXEC] BUY ORDER SENT orderId=383029138 price=81572.98 qty=0.122580
[17:19:18.832] [EXEC] [EXEC] PLACE BUY price=81572.98 qty=0.122580
[17:19:23.506] [EXEC] [EXEC] BUY TIMEOUT orderId=383029138
[17:19:23.506] [EXEC] [EXEC] CANCEL BUY orderId=383029138
[17:19:23.781] [EXEC] [EXEC] BUY CANCELED confirmed
[17:19:24.059] [EXEC] [EXEC] BUY FINAL STATUS status=CANCELED orderId=383029138
[17:19:24.063] [EXEC] [EXEC] BLOCK reason=buy_not_filled
[17:19:27.179] [EXEC] [EXEC] SELL ACCOUNTING RESET new_cycle
[17:19:27.184] [EXEC] [EXEC] BUY ORDER SENT orderId=383029466 price=81580.01 qty=0.122570
[17:19:27.187] [EXEC] [EXEC] PLACE BUY price=81580.01 qty=0.122570
[17:19:28.681] [EXEC] [EXEC] BUY FILL UPDATE delta=0.122570 avg=81580.01
[17:19:28.682] [EXEC] [EXEC] CHUNK ADD qty=0.122570 entry=81580.01
[17:19:28.684] [EXEC] [EXEC] CHUNK COUNT n=1
[17:19:28.685] [EXEC] [EXEC] INVENTORY qty=0.122570
[17:19:28.686] [EXEC] [EXEC] SELL REQUIRED inventory=0.122570
[17:19:28.688] [EXEC] [EXEC] SELL CHECK inventory=0.122570 reported=0.000000 remaining=0.122570 chunks=1
[17:19:28.689] [EXEC] [EXEC] PLACE SELL price=81582.91 qty=0.122570
[17:19:28.956] [EXEC] [EXEC] SELL ORDER SENT orderId=383029527
[17:19:29.615] [EXEC] [EXEC] FIFO CLOSE qty=0.122570 entry=81580.01 exit=81582.91 pnl=+0.355453
[17:19:29.615] [EXEC] [EXEC] CHUNK CLOSED entry=81580.01
[17:19:29.615] [EXEC] [EXEC] REALIZED pnl=+0.355453
[17:19:29.631] [EXEC] [EXEC] SELL ACCOUNTING RESET flat
[17:19:29.631] [EXEC] [EXEC] CYCLE CLOSED pnl=+0.355453
[17:19:29.632] [EXEC] [EXEC] SESSION realized=-12.293293 wins=5 losses=5
[17:19:30.396] [EXEC] [EXEC] SELL ACCOUNTING RESET new_cycle
[17:19:30.412] [EXEC] [EXEC] BUY ORDER SENT orderId=383029625 price=81580.01 qty=0.122570
[17:19:30.412] [EXEC] [EXEC] PLACE BUY price=81580.01 qty=0.122570
[17:19:34.862] [EXEC] [EXEC] BUY TIMEOUT orderId=383029625
[17:19:34.865] [EXEC] [EXEC] CANCEL BUY orderId=383029625
[17:19:35.118] [EXEC] [EXEC] BUY CANCELED confirmed
[17:19:35.397] [EXEC] [EXEC] BUY FINAL STATUS status=CANCELED orderId=383029625
[17:19:35.400] [EXEC] [EXEC] BLOCK reason=buy_not_filled
[17:19:38.476] [EXEC] [EXEC] SELL ACCOUNTING RESET new_cycle
[17:19:38.492] [EXEC] [EXEC] BUY ORDER SENT orderId=383030125 price=81590.44 qty=0.122560
[17:19:38.492] [EXEC] [EXEC] PLACE BUY price=81590.44 qty=0.122560
[17:19:43.319] [EXEC] [EXEC] BUY TIMEOUT orderId=383030125
[17:19:43.334] [EXEC] [EXEC] CANCEL BUY orderId=383030125
[17:19:43.601] [EXEC] [EXEC] BUY CANCELED confirmed
[17:19:43.874] [EXEC] [EXEC] BUY FINAL STATUS status=CANCELED orderId=383030125
[17:19:43.875] [EXEC] [EXEC] BLOCK reason=buy_not_filled
[17:19:48.319] [EXEC] [EXEC] SELL ACCOUNTING RESET new_cycle
[17:19:48.319] [EXEC] [EXEC] BUY ORDER SENT orderId=383030545 price=81580.01 qty=0.122570
[17:19:48.319] [EXEC] [EXEC] PLACE BUY price=81580.01 qty=0.122570
[17:19:52.921] [EXEC] [EXEC] BUY TIMEOUT orderId=383030545
[17:19:52.921] [EXEC] [EXEC] CANCEL BUY orderId=383030545
[17:19:53.193] [EXEC] [EXEC] BUY CANCELED confirmed
[17:19:53.444] [EXEC] [EXEC] BUY FINAL STATUS status=CANCELED orderId=383030545
[17:19:53.460] [EXEC] [EXEC] BLOCK reason=buy_not_filled
[17:19:55.578] [EXEC] [EXEC] SELL ACCOUNTING RESET new_cycle
[17:19:55.581] [EXEC] [EXEC] BUY ORDER SENT orderId=383030869 price=81588.01 qty=0.122560
[17:19:55.582] [EXEC] [EXEC] PLACE BUY price=81588.01 qty=0.122560
[17:19:56.507] [EXEC] [EXEC] BUY FILL UPDATE delta=0.009740 avg=81588.01
[17:19:56.523] [EXEC] [EXEC] CHUNK ADD qty=0.009740 entry=81588.01
[17:19:56.523] [EXEC] [EXEC] CHUNK COUNT n=1
[17:19:56.523] [EXEC] [EXEC] INVENTORY qty=0.009740
[17:19:56.523] [EXEC] [EXEC] SELL REQUIRED inventory=0.009740
[17:19:56.523] [EXEC] [EXEC] BUY PARTIAL delta=0.009740 total=0.009740
[17:19:56.523] [EXEC] [EXEC] BUY REMAINING qty=0.112820
[17:19:58.350] [EXEC] [EXEC] SELL CHECK inventory=0.009740 reported=0.000000 remaining=0.009740 chunks=1
[17:19:58.350] [EXEC] [EXEC] PLACE SELL price=81593.36 qty=0.009740
[17:19:58.634] [EXEC] [EXEC] SELL ORDER SENT orderId=383030906
[17:19:59.163] [EXEC] [EXEC] FIFO CLOSE qty=0.009740 entry=81588.01 exit=81593.36 pnl=+0.052109
[17:19:59.163] [EXEC] [EXEC] CHUNK CLOSED entry=81588.01
[17:19:59.163] [EXEC] [EXEC] REALIZED pnl=+0.052109
[17:19:59.163] [EXEC] [EXEC] SELL ACCOUNTING RESET flat
[17:19:59.163] [EXEC] [EXEC] CYCLE CLOSED pnl=+0.052109
[17:19:59.163] [EXEC] [EXEC] SESSION realized=-12.241184 wins=6 losses=5
[17:20:00.074] [EXEC] [EXEC] SELL ACCOUNTING RESET new_cycle
[17:20:00.089] [EXEC] [EXEC] BUY ORDER SENT orderId=383030966 price=81594.70 qty=0.122550
[17:20:00.089] [EXEC] [EXEC] PLACE BUY price=81594.70 qty=0.122550
[17:20:01.226] [EXEC] [EXEC] BUY FILL UPDATE delta=0.000070 avg=81594.70
[17:20:01.226] [EXEC] [EXEC] CHUNK ADD qty=0.000070 entry=81594.70
[17:20:01.241] [EXEC] [EXEC] CHUNK COUNT n=1
[17:20:01.241] [EXEC] [EXEC] INVENTORY qty=0.000070
[17:20:01.241] [EXEC] [EXEC] SELL REQUIRED inventory=0.000070
[17:20:01.241] [EXEC] [EXEC] BUY PARTIAL delta=0.000070 total=0.000070
[17:20:01.241] [EXEC] [EXEC] BUY REMAINING qty=0.122480
[17:20:01.257] [EXEC] [EXEC] SELL CHECK inventory=0.000070 reported=0.000000 remaining=0.000070 chunks=1
[17:20:01.257] [EXEC] [EXEC] PLACE SELL price=81596.96 qty=0.000070
[17:20:01.508] [EXEC] [EXEC] SELL ORDER SENT orderId=383031034
[17:20:02.624] [EXEC] [EXEC] FIFO CLOSE qty=0.000070 entry=81594.70 exit=81596.96 pnl=+0.000158
[17:20:02.625] [EXEC] [EXEC] CHUNK CLOSED entry=81594.70
[17:20:02.627] [EXEC] [EXEC] REALIZED pnl=+0.000158
[17:20:02.628] [EXEC] [EXEC] SELL ACCOUNTING RESET flat
[17:20:02.629] [EXEC] [EXEC] CYCLE CLOSED pnl=+0.000158
[17:20:02.630] [EXEC] [EXEC] SESSION realized=-12.241025 wins=7 losses=5
[17:20:03.074] [EXEC] [EXEC] SELL ACCOUNTING RESET new_cycle
[17:20:03.074] [EXEC] [EXEC] BUY ORDER SENT orderId=383031163 price=81580.01 qty=0.122570
[17:20:03.074] [EXEC] [EXEC] PLACE BUY price=81580.01 qty=0.122570
[17:20:07.962] [EXEC] [EXEC] BUY TIMEOUT orderId=383031163
[17:20:07.965] [EXEC] [EXEC] CANCEL BUY orderId=383031163
[17:20:08.225] [EXEC] [EXEC] BUY CANCELED confirmed
[17:20:08.505] [EXEC] [EXEC] BUY FINAL STATUS status=CANCELED orderId=383031163
[17:20:08.507] [EXEC] [EXEC] BLOCK reason=buy_not_filled
[17:20:10.632] [EXEC] [EXEC] SELL ACCOUNTING RESET new_cycle
[17:20:10.632] [EXEC] [EXEC] BUY ORDER SENT orderId=383031669 price=81617.98 qty=0.122520
[17:20:10.648] [EXEC] [EXEC] PLACE BUY price=81617.98 qty=0.122520
[17:20:11.664] [EXEC] [EXEC] BUY FILL UPDATE delta=0.122520 avg=81617.98
[17:20:11.664] [EXEC] [EXEC] CHUNK ADD qty=0.122520 entry=81617.98
[17:20:11.664] [EXEC] [EXEC] CHUNK COUNT n=1
[17:20:11.664] [EXEC] [EXEC] INVENTORY qty=0.122520
[17:20:11.664] [EXEC] [EXEC] SELL REQUIRED inventory=0.122520
[17:20:11.918] [EXEC] [EXEC] SELL CHECK inventory=0.122520 reported=0.000000 remaining=0.122520 chunks=1
[17:20:11.922] [EXEC] [EXEC] PLACE SELL price=81619.69 qty=0.122520
[17:20:12.187] [EXEC] [EXEC] SELL ORDER SENT orderId=383031780
[17:20:13.195] [EXEC] [EXEC] FIFO CLOSE qty=0.122520 entry=81617.98 exit=81619.69 pnl=+0.209509
[17:20:13.195] [EXEC] [EXEC] CHUNK CLOSED entry=81617.98
[17:20:13.195] [EXEC] [EXEC] REALIZED pnl=+0.209509
[17:20:13.195] [EXEC] [EXEC] SELL ACCOUNTING RESET flat
[17:20:13.211] [EXEC] [EXEC] CYCLE CLOSED pnl=+0.209509
[17:20:13.212] [EXEC] [EXEC] SESSION realized=-12.031516 wins=8 losses=5
[17:20:13.772] [EXEC] [EXEC] SELL ACCOUNTING RESET new_cycle
[17:20:13.772] [EXEC] [EXEC] BUY ORDER SENT orderId=383031887 price=81618.33 qty=0.122520
[17:20:13.772] [EXEC] [EXEC] PLACE BUY price=81618.33 qty=0.122520
[17:20:16.570] [EXEC] [EXEC] BUY FILL UPDATE delta=0.122520 avg=81618.33
[17:20:16.588] [EXEC] [EXEC] CHUNK ADD qty=0.122520 entry=81618.33
[17:20:16.589] [EXEC] [EXEC] CHUNK COUNT n=1
[17:20:16.590] [EXEC] [EXEC] INVENTORY qty=0.122520
[17:20:16.591] [EXEC] [EXEC] SELL REQUIRED inventory=0.122520
[17:20:16.592] [EXEC] [EXEC] BUY PARTIAL delta=0.122520 total=0.122520
[17:20:16.593] [EXEC] [EXEC] BUY REMAINING qty=0.000000
[17:20:16.594] [EXEC] [EXEC] BUY FILLED id=383031887
[17:20:18.022] [EXEC] [EXEC] SELL CHECK inventory=0.122520 reported=0.000000 remaining=0.122520 chunks=1
[17:20:18.022] [EXEC] [EXEC] PLACE SELL price=81618.37 qty=0.122520
[17:20:18.320] [EXEC] [EXEC] SELL ORDER SENT orderId=383032110
[17:20:19.604] [EXEC] [EXEC] RECOVERY WAIT hard_sl_pending_recovery
[17:20:21.300] [EXEC] [EXEC] SELL TIMEOUT orderId=383032110
[17:20:21.303] [EXEC] [EXEC] CANCEL SELL orderId=383032110
[17:20:21.871] [EXEC] [EXEC] SELL FINAL STATUS status=CANCELED orderId=383032110
[17:20:21.877] [EXEC] [EXEC] SELL TIMEOUT check fast_exit
[17:20:21.877] [EXEC] [EXEC] FORCE EXIT hard_sl_triggered
[17:20:21.877] [EXEC] [EXEC] HARD SL triggered
[17:20:21.877] [EXEC] [EXEC] PANIC EXIT sl_mode
[17:20:21.877] [EXEC] [EXEC] FORCE EXIT price=81615.65
[17:20:21.877] [EXEC] [EXEC] PLACE SELL price=81615.65 qty=0.122520
[17:20:22.147] [EXEC] [EXEC] PANIC START price=81615.65
[17:20:22.147] [EXEC] [EXEC] SELL ORDER SENT orderId=383032176
[17:20:25.397] [EXEC] [EXEC] PANIC WAIT still_open orderId=383032176
[17:20:25.397] [EXEC] [EXEC] PANIC HOLD active orderId=383032176
[17:20:25.397] [EXEC] [EXEC] BLOCK reason=balance_low
[17:20:26.303] [EXEC] [EXEC] PANIC HOLD active orderId=383032176
[17:20:27.870] [EXEC] [EXEC] PANIC HOLD active orderId=383032176
[17:20:29.444] [EXEC] [EXEC] PANIC WAIT still_open orderId=383032176
[17:20:29.444] [EXEC] [EXEC] PANIC HOLD active orderId=383032176
[17:20:31.325] [EXEC] [EXEC] BLOCK reason=balance_low
[17:20:33.397] [EXEC] [EXEC] PANIC WAIT still_open orderId=383032176
[17:20:33.397] [EXEC] [EXEC] PANIC HOLD active orderId=383032176
[17:20:34.821] [EXEC] [EXEC] BLOCK reason=balance_low
[17:20:36.242] [EXEC] [EXEC] PANIC HOLD active orderId=383032176
[17:20:37.651] [EXEC] [EXEC] PANIC WAIT still_open orderId=383032176
[17:20:37.654] [EXEC] [EXEC] PANIC HOLD active orderId=383032176
[17:20:39.522] [EXEC] [EXEC] PANIC HOLD active orderId=383032176
[17:20:40.952] [EXEC] [EXEC] PANIC WAIT still_open orderId=383032176
[17:20:40.957] [EXEC] [EXEC] PANIC HOLD active orderId=383032176
[17:20:42.076] [EXEC] [EXEC] PANIC STALE detected orderId=383032176
[17:20:42.076] [EXEC] [EXEC] PANIC ESCALATE old=81615.65 new=81602.51 qty=0.122520
[17:20:42.875] [EXEC] [EXEC] PANIC ESCALATE placed orderId=383033410
[17:20:43.424] [EXEC] [EXEC] FIFO CLOSE qty=0.122520 entry=81618.33 exit=81603.22 pnl=-1.850956
[17:20:43.426] [EXEC] [EXEC] CHUNK CLOSED entry=81618.33
[17:20:43.427] [EXEC] [EXEC] REALIZED pnl=-1.850956
[17:20:43.428] [EXEC] [EXEC] SELL ACCOUNTING RESET flat
[17:20:43.428] [EXEC] [EXEC] CYCLE CLOSED pnl=-1.850956
[17:20:43.428] [EXEC] [EXEC] SESSION realized=-13.882472 wins=8 losses=6
[17:20:43.601] [EXEC] [EXEC] BLOCK reason=balance_low
[17:20:53.350] [EXEC] [EXEC] SELL ACCOUNTING RESET new_cycle
[17:20:53.350] [EXEC] [EXEC] BUY ORDER SENT orderId=383034036 price=81617.44 qty=0.122520
[17:20:53.350] [EXEC] [EXEC] PLACE BUY price=81617.44 qty=0.122520
[17:20:55.198] [EXEC] [EXEC] BUY FILL UPDATE delta=0.122520 avg=81617.44
[17:20:55.202] [EXEC] [EXEC] CHUNK ADD qty=0.122520 entry=81617.44
[17:20:55.203] [EXEC] [EXEC] CHUNK COUNT n=1
[17:20:55.205] [EXEC] [EXEC] INVENTORY qty=0.122520
[17:20:55.207] [EXEC] [EXEC] SELL REQUIRED inventory=0.122520
[17:20:55.208] [EXEC] [EXEC] BUY PARTIAL delta=0.122520 total=0.122520
[17:20:55.210] [EXEC] [EXEC] BUY REMAINING qty=0.000000
[17:20:55.211] [EXEC] [EXEC] BUY FILLED id=383034036
[17:20:56.803] [EXEC] [EXEC] SELL CHECK inventory=0.122520 reported=0.000000 remaining=0.122520 chunks=1
[17:20:56.806] [EXEC] [EXEC] PLACE SELL price=81617.48 qty=0.122520
[17:20:57.067] [EXEC] [EXEC] SELL ORDER SENT orderId=383034264
[17:20:57.758] [EXEC] [EXEC] RECOVERY WAIT hard_sl_pending_recovery
[17:20:59.412] [EXEC] [EXEC] FIFO CLOSE qty=0.122520 entry=81617.44 exit=81617.47 pnl=+0.003676
[17:20:59.412] [EXEC] [EXEC] CHUNK CLOSED entry=81617.44
[17:20:59.428] [EXEC] [EXEC] REALIZED pnl=+0.003676
[17:20:59.428] [EXEC] [EXEC] SELL ACCOUNTING RESET flat
[17:20:59.428] [EXEC] [EXEC] CYCLE CLOSED pnl=+0.003676
[17:20:59.428] [EXEC] [EXEC] SESSION realized=-13.878796 wins=9 losses=6
[17:20:59.919] [EXEC] [EXEC] SELL ACCOUNTING RESET new_cycle
[17:20:59.938] [EXEC] [EXEC] BUY ORDER SENT orderId=383034479 price=81619.58 qty=0.122510
[17:20:59.941] [EXEC] [EXEC] PLACE BUY price=81619.58 qty=0.122510
[17:21:01.530] [EXEC] [EXEC] BUY FILL UPDATE delta=0.122510 avg=81619.58
[17:21:01.534] [EXEC] [EXEC] CHUNK ADD qty=0.122510 entry=81619.58
[17:21:01.537] [EXEC] [EXEC] CHUNK COUNT n=1
[17:21:01.540] [EXEC] [EXEC] INVENTORY qty=0.122510
[17:21:01.541] [EXEC] [EXEC] SELL REQUIRED inventory=0.122510
[17:21:01.847] [EXEC] [EXEC] SELL CHECK inventory=0.122510 reported=0.000000 remaining=0.122510 chunks=1
[17:21:01.852] [EXEC] [EXEC] PLACE SELL price=81623.13 qty=0.122510
[17:21:02.117] [EXEC] [EXEC] SELL ORDER SENT orderId=383034694
[17:21:02.117] [EXEC] [EXEC] BLOCK reason=balance_low
[17:21:03.851] [EXEC] [EXEC] RECOVERY WAIT hard_sl_pending_recovery
[17:21:04.960] [EXEC] [EXEC] SELL TIMEOUT orderId=383034694
[17:21:04.964] [EXEC] [EXEC] CANCEL SELL orderId=383034694
[17:21:05.509] [EXEC] [EXEC] SELL FINAL STATUS status=CANCELED orderId=383034694
[17:21:05.514] [EXEC] [EXEC] SELL TIMEOUT check fast_exit
[17:21:05.518] [EXEC] [EXEC] FORCE EXIT hard_sl_triggered
[17:21:05.522] [EXEC] [EXEC] HARD SL triggered
[17:21:05.522] [EXEC] [EXEC] PANIC EXIT sl_mode
[17:21:05.522] [EXEC] [EXEC] FORCE EXIT price=81618.45
[17:21:05.522] [EXEC] [EXEC] PLACE SELL price=81618.45 qty=0.122510
[17:21:05.801] [EXEC] [EXEC] PANIC START price=81618.45
[17:21:05.803] [EXEC] [EXEC] SELL ORDER SENT orderId=383035056
[17:21:06.987] [EXEC] [EXEC] FIFO CLOSE qty=0.122510 entry=81619.58 exit=81618.45 pnl=-0.138436
[17:21:06.990] [EXEC] [EXEC] CHUNK CLOSED entry=81619.58
[17:21:06.991] [EXEC] [EXEC] REALIZED pnl=-0.138436
[17:21:06.991] [EXEC] [EXEC] SELL ACCOUNTING RESET flat
[17:21:06.991] [EXEC] [EXEC] CYCLE CLOSED pnl=-0.138436
[17:21:06.991] [EXEC] [EXEC] SESSION realized=-14.017233 wins=9 losses=7
[17:21:07.460] [EXEC] [EXEC] BLOCK reason=balance_low
[17:21:08.869] [EXEC] [EXEC] BLOCK reason=balance_low
[17:21:11.887] [EXEC] [EXEC] SELL ACCOUNTING RESET new_cycle
[17:21:11.891] [EXEC] [EXEC] BUY ORDER SENT orderId=383035549 price=81633.14 qty=0.122490
[17:21:11.895] [EXEC] [EXEC] PLACE BUY price=81633.14 qty=0.122490
[17:21:16.599] [EXEC] [EXEC] BUY TIMEOUT orderId=383035549
[17:21:16.601] [EXEC] [EXEC] CANCEL BUY orderId=383035549
[17:21:16.863] [EXEC] [EXEC] BUY CANCELED confirmed
[17:21:17.170] [EXEC] [EXEC] BUY FINAL STATUS status=CANCELED orderId=383035549
[17:21:17.174] [EXEC] [EXEC] BLOCK reason=buy_not_filled
[17:21:21.118] [EXEC] [EXEC] SELL ACCOUNTING RESET new_cycle
[17:21:21.118] [EXEC] [EXEC] BUY ORDER SENT orderId=383036136 price=81627.17 qty=0.122500
[17:21:21.118] [EXEC] [EXEC] PLACE BUY price=81627.17 qty=0.122500
[17:21:21.953] [EXEC] [EXEC] BUY FILL UPDATE delta=0.122500 avg=81627.17
[17:21:21.958] [EXEC] [EXEC] CHUNK ADD qty=0.122500 entry=81627.17
[17:21:21.962] [EXEC] [EXEC] CHUNK COUNT n=1
[17:21:21.964] [EXEC] [EXEC] INVENTORY qty=0.122500
[17:21:21.966] [EXEC] [EXEC] SELL REQUIRED inventory=0.122500
[17:21:21.967] [EXEC] [EXEC] BUY PARTIAL delta=0.122500 total=0.122500
[17:21:21.968] [EXEC] [EXEC] BUY REMAINING qty=0.000000
[17:21:21.970] [EXEC] [EXEC] BUY FILLED id=383036136
[17:21:23.110] [EXEC] [EXEC] SELL CHECK inventory=0.122500 reported=0.000000 remaining=0.122500 chunks=1
[17:21:23.125] [EXEC] [EXEC] PLACE SELL price=81627.21 qty=0.122500
[17:21:23.413] [EXEC] [EXEC] SELL ORDER SENT orderId=383036333
[17:21:24.022] [EXEC] [EXEC] RECOVERY WAIT hard_sl_pending_recovery
[17:21:26.711] [EXEC] [EXEC] SELL TIMEOUT orderId=383036333
[17:21:26.717] [EXEC] [EXEC] CANCEL SELL orderId=383036333
[17:21:27.262] [EXEC] [EXEC] SELL FINAL STATUS status=CANCELED orderId=383036333
[17:21:27.267] [EXEC] [EXEC] SELL TIMEOUT check fast_exit
[17:21:27.268] [EXEC] [EXEC] FORCE EXIT hard_sl_triggered
[17:21:27.270] [EXEC] [EXEC] HARD SL triggered
[17:21:27.271] [EXEC] [EXEC] PANIC EXIT sl_mode
[17:21:27.273] [EXEC] [EXEC] FORCE EXIT price=81624.99
[17:21:27.274] [EXEC] [EXEC] PLACE SELL price=81624.99 qty=0.122500
[17:21:27.537] [EXEC] [EXEC] PANIC START price=81624.99
[17:21:27.537] [EXEC] [EXEC] SELL ORDER SENT orderId=383036653
[17:21:30.762] [EXEC] [EXEC] PANIC WAIT still_open orderId=383036653
[17:21:30.768] [EXEC] [EXEC] PANIC HOLD active orderId=383036653
[17:21:30.772] [EXEC] [EXEC] BLOCK reason=balance_low
[17:21:33.648] [EXEC] [EXEC] PANIC HOLD active orderId=383036653
[17:21:34.225] [EXEC] [EXEC] PANIC WAIT still_open orderId=383036653
[17:21:34.225] [EXEC] [EXEC] PANIC HOLD active orderId=383036653
[17:21:38.035] [EXEC] [EXEC] PANIC WAIT still_open orderId=383036653
[17:21:38.041] [EXEC] [EXEC] PANIC HOLD active orderId=383036653
[17:21:39.141] [EXEC] [EXEC] FIFO CLOSE qty=0.122500 entry=81627.17 exit=81624.99 pnl=-0.267050
[17:21:39.144] [EXEC] [EXEC] CHUNK CLOSED entry=81627.17
[17:21:39.147] [EXEC] [EXEC] REALIZED pnl=-0.267050
[17:21:39.150] [EXEC] [EXEC] SELL ACCOUNTING RESET flat
[17:21:39.154] [EXEC] [EXEC] CYCLE CLOSED pnl=-0.267050
[17:21:39.157] [EXEC] [EXEC] SESSION realized=-14.284283 wins=9 losses=8
[17:21:39.324] [EXEC] [EXEC] BLOCK reason=balance_low
[17:21:42.413] [EXEC] [EXEC] SELL ACCOUNTING RESET new_cycle
[17:21:42.428] [EXEC] [EXEC] BUY ORDER SENT orderId=383037538 price=81623.16 qty=0.122510
[17:21:42.428] [EXEC] [EXEC] PLACE BUY price=81623.16 qty=0.122510
[17:21:43.475] [EXEC] [EXEC] BUY FILL UPDATE delta=0.122510 avg=81623.16
[17:21:43.475] [EXEC] [EXEC] CHUNK ADD qty=0.122510 entry=81623.16
[17:21:43.475] [EXEC] [EXEC] CHUNK COUNT n=1
[17:21:43.475] [EXEC] [EXEC] INVENTORY qty=0.122510
[17:21:43.490] [EXEC] [EXEC] SELL REQUIRED inventory=0.122510
[17:21:44.198] [EXEC] [EXEC] SELL CHECK inventory=0.122510 reported=0.000000 remaining=0.122510 chunks=1
[17:21:44.200] [EXEC] [EXEC] PLACE SELL price=81628.00 qty=0.122510
[17:21:44.460] [EXEC] [EXEC] SELL ORDER SENT orderId=383037670
[17:21:48.304] [EXEC] [EXEC] FIFO CLOSE qty=0.122510 entry=81623.16 exit=81628.00 pnl=+0.592948
[17:21:48.304] [EXEC] [EXEC] CHUNK CLOSED entry=81623.16
[17:21:48.304] [EXEC] [EXEC] REALIZED pnl=+0.592948
[17:21:48.304] [EXEC] [EXEC] SELL ACCOUNTING RESET flat
[17:21:48.304] [EXEC] [EXEC] CYCLE CLOSED pnl=+0.592948
[17:21:48.319] [EXEC] [EXEC] SESSION realized=-13.691334 wins=10 losses=8
[17:21:49.525] [EXEC] [EXEC] SELL ACCOUNTING RESET new_cycle
[17:21:49.529] [EXEC] [EXEC] BUY ORDER SENT orderId=383037986 price=81632.84 qty=0.122490
[17:21:49.531] [EXEC] [EXEC] PLACE BUY price=81632.84 qty=0.122490
[17:21:50.067] [EXEC] [EXEC] BUY FILL UPDATE delta=0.122490 avg=81632.84
[17:21:50.070] [EXEC] [EXEC] CHUNK ADD qty=0.122490 entry=81632.84
[17:21:50.071] [EXEC] [EXEC] CHUNK COUNT n=1
[17:21:50.073] [EXEC] [EXEC] INVENTORY qty=0.122490
[17:21:50.074] [EXEC] [EXEC] SELL REQUIRED inventory=0.122490
[17:21:50.627] [EXEC] [EXEC] BLOCK reason=balance_low
[17:27:03.414] [EXEC] [EXEC] LIVE ON
[17:27:03.414] [EXEC] [EXEC] WAIT READY
[17:27:13.138] [EXEC] [EXEC] SELL ACCOUNTING RESET new_cycle
[17:27:13.153] [EXEC] [EXEC] BUY ORDER SENT orderId=383053692 price=81595.04 qty=0.122550
[17:27:13.169] [EXEC] [EXEC] PLACE BUY price=81595.04 qty=0.122550
[17:27:14.209] [EXEC] [EXEC] BUY FILL UPDATE delta=0.122550 avg=81595.04
[17:27:14.225] [EXEC] [EXEC] CHUNK ADD qty=0.122550 entry=81595.04
[17:27:14.225] [EXEC] [EXEC] CHUNK COUNT n=1
[17:27:14.225] [EXEC] [EXEC] INVENTORY qty=0.122550
[17:27:14.225] [EXEC] [EXEC] SELL REQUIRED inventory=0.122550
[17:27:14.491] [EXEC] [EXEC] SELL CHECK inventory=0.122550 reported=0.000000 remaining=0.122550 chunks=1
[17:27:14.491] [EXEC] [EXEC] PLACE SELL price=81595.08 qty=0.122550
[17:27:14.771] [EXEC] [EXEC] SELL ORDER SENT orderId=383053793
[17:27:16.553] [EXEC] [EXEC] RECOVERY WAIT hard_sl_pending_recovery
[17:27:18.240] [EXEC] [EXEC] SELL TIMEOUT orderId=383053793
[17:27:18.240] [EXEC] [EXEC] CANCEL SELL orderId=383053793
[17:27:18.803] [EXEC] [EXEC] SELL FINAL STATUS status=CANCELED orderId=383053793
[17:27:18.803] [EXEC] [EXEC] SELL TIMEOUT check fast_exit
[17:27:18.818] [EXEC] [EXEC] FORCE EXIT hard_sl_triggered
[17:27:18.818] [EXEC] [EXEC] HARD SL triggered
[17:27:18.818] [EXEC] [EXEC] PANIC EXIT sl_mode
[17:27:18.818] [EXEC] [EXEC] FORCE EXIT price=81584.82
[17:27:18.818] [EXEC] [EXEC] PLACE SELL price=81584.82 qty=0.122550
[17:27:19.092] [EXEC] [EXEC] PANIC START price=81584.82
[17:27:19.096] [EXEC] [EXEC] SELL ORDER SENT orderId=383054002
[17:27:20.411] [EXEC] [EXEC] FIFO CLOSE qty=0.122550 entry=81595.04 exit=81584.82 pnl=-1.252365
[17:27:20.415] [EXEC] [EXEC] CHUNK CLOSED entry=81595.04
[17:27:20.417] [EXEC] [EXEC] REALIZED pnl=-1.252365
[17:27:20.418] [EXEC] [EXEC] SELL ACCOUNTING RESET flat
[17:27:20.419] [EXEC] [EXEC] CYCLE CLOSED pnl=-1.252365
[17:27:20.420] [EXEC] [EXEC] SESSION realized=-1.252365 wins=0 losses=1
[17:27:20.423] [EXEC] [EXEC] SELL ACCOUNTING RESET flat
[17:27:20.425] [EXEC] [EXEC] CYCLE SKIP no_fifo_pnl
[17:27:20.426] [EXEC] [EXEC] SELL FILLED id=383054002
[17:27:20.427] [EXEC] [EXEC] SELL FILLED qty=0.122550 remaining=0.000000
[17:27:20.427] [EXEC] [EXEC] PANIC FILLED
[17:27:20.428] [EXEC] [EXEC] PANIC RESET
[17:27:20.429] [EXEC] [EXEC] SELL ACCOUNTING RESET flat
[17:27:20.430] [EXEC] [EXEC] CYCLE SKIP no_fifo_pnl
[17:27:27.022] [EXEC] [EXEC] SELL ACCOUNTING RESET new_cycle
[17:27:27.022] [EXEC] [EXEC] BUY ORDER SENT orderId=383054248 price=81580.01 qty=0.122570
[17:27:27.022] [EXEC] [EXEC] PLACE BUY price=81580.01 qty=0.122570
[17:27:28.162] [EXEC] [EXEC] BUY FILL UPDATE delta=0.122570 avg=81580.01
[17:27:28.162] [EXEC] [EXEC] CHUNK ADD qty=0.122570 entry=81580.01
[17:27:28.162] [EXEC] [EXEC] CHUNK COUNT n=1
[17:27:28.162] [EXEC] [EXEC] INVENTORY qty=0.122570
[17:27:28.162] [EXEC] [EXEC] SELL REQUIRED inventory=0.122570
[17:27:28.788] [EXEC] [EXEC] SELL CHECK inventory=0.122570 reported=0.000000 remaining=0.122570 chunks=1
[17:27:28.805] [EXEC] [EXEC] PLACE SELL price=81580.05 qty=0.122570
[17:27:29.073] [EXEC] [EXEC] SELL ORDER SENT orderId=383054448
[17:27:30.617] [EXEC] [EXEC] RECOVERY WAIT hard_sl_pending_recovery
[17:27:31.787] [EXEC] [EXEC] RECOVERY WAIT hard_sl_pending_recovery
[17:27:32.054] [EXEC] [EXEC] SELL TIMEOUT orderId=383054448
[17:27:32.057] [EXEC] [EXEC] CANCEL SELL orderId=383054448
[17:27:32.586] [EXEC] [EXEC] SELL FINAL STATUS status=CANCELED orderId=383054448
[17:27:32.586] [EXEC] [EXEC] SELL TIMEOUT check fast_exit
[17:27:32.586] [EXEC] [EXEC] FORCE EXIT hard_sl_triggered
[17:27:32.586] [EXEC] [EXEC] HARD SL triggered
[17:27:32.586] [EXEC] [EXEC] PANIC EXIT sl_mode
[17:27:32.586] [EXEC] [EXEC] FORCE EXIT price=81576.30
[17:27:32.601] [EXEC] [EXEC] PLACE SELL price=81576.30 qty=0.122570
[17:27:32.881] [EXEC] [EXEC] PANIC START price=81576.30
[17:27:32.881] [EXEC] [EXEC] SELL ORDER SENT orderId=383054665
[17:27:33.932] [EXEC] [EXEC] FIFO CLOSE qty=0.122570 entry=81580.01 exit=81576.30 pnl=-0.454735
[17:27:33.932] [EXEC] [EXEC] CHUNK CLOSED entry=81580.01
[17:27:33.932] [EXEC] [EXEC] REALIZED pnl=-0.454735
[17:27:33.932] [EXEC] [EXEC] SELL ACCOUNTING RESET flat
[17:27:33.937] [EXEC] [EXEC] CYCLE CLOSED pnl=-0.454735
[17:27:33.938] [EXEC] [EXEC] SESSION realized=-1.707099 wins=0 losses=2
[17:27:37.572] [EXEC] [EXEC] SELL ACCOUNTING RESET new_cycle
[17:27:37.576] [EXEC] [EXEC] BUY ORDER SENT orderId=383054805 price=81572.91 qty=0.122580
[17:27:37.577] [EXEC] [EXEC] PLACE BUY price=81572.91 qty=0.122580
[17:27:41.460] [EXEC] [EXEC] BUY TIMEOUT orderId=383054805
[17:27:41.477] [EXEC] [EXEC] CANCEL BUY orderId=383054805
[17:27:41.740] [EXEC] [EXEC] BUY CANCELED confirmed
[17:27:42.005] [EXEC] [EXEC] BUY FINAL STATUS status=CANCELED orderId=383054805
[17:27:42.021] [EXEC] [EXEC] BLOCK reason=buy_not_filled
[17:27:43.710] [EXEC] [EXEC] SELL ACCOUNTING RESET new_cycle
[17:27:43.710] [EXEC] [EXEC] BUY ORDER SENT orderId=383055016 price=81572.01 qty=0.122590
[17:27:43.710] [EXEC] [EXEC] PLACE BUY price=81572.01 qty=0.122590
[17:27:48.272] [EXEC] [EXEC] BUY TIMEOUT orderId=383055016
[17:27:48.272] [EXEC] [EXEC] CANCEL BUY orderId=383055016
[17:27:48.569] [EXEC] [EXEC] BUY CANCELED confirmed
[17:27:48.854] [EXEC] [EXEC] BUY FINAL STATUS status=CANCELED orderId=383055016
[17:27:48.859] [EXEC] [EXEC] BLOCK reason=buy_not_filled
[17:27:49.891] [EXEC] [EXEC] SELL ACCOUNTING RESET new_cycle
[17:27:49.891] [EXEC] [EXEC] BUY ORDER SENT orderId=383055089 price=81572.01 qty=0.122590
[17:27:49.907] [EXEC] [EXEC] PLACE BUY price=81572.01 qty=0.122590
[17:27:53.906] [EXEC] [EXEC] BUY FILL UPDATE delta=0.122590 avg=81572.01
[17:27:53.906] [EXEC] [EXEC] CHUNK ADD qty=0.122590 entry=81572.01
[17:27:53.906] [EXEC] [EXEC] CHUNK COUNT n=1
[17:27:53.906] [EXEC] [EXEC] INVENTORY qty=0.122590
[17:27:53.921] [EXEC] [EXEC] SELL REQUIRED inventory=0.122590
[17:27:53.921] [EXEC] [EXEC] BUY PARTIAL delta=0.122590 total=0.122590
[17:27:53.921] [EXEC] [EXEC] BUY REMAINING qty=0.000000
[17:27:53.921] [EXEC] [EXEC] BUY FILLED id=383055089
[17:27:54.647] [EXEC] [EXEC] SELL CHECK inventory=0.122590 reported=0.000000 remaining=0.122590 chunks=1
[17:27:54.647] [EXEC] [EXEC] PLACE SELL price=81572.16 qty=0.122590
[17:27:54.936] [EXEC] [EXEC] SELL ORDER SENT orderId=383055216
[17:27:55.643] [EXEC] [EXEC] FIFO CLOSE qty=0.122590 entry=81572.01 exit=81572.16 pnl=+0.018389
[17:27:55.645] [EXEC] [EXEC] CHUNK CLOSED entry=81572.01
[17:27:55.647] [EXEC] [EXEC] REALIZED pnl=+0.018389
[17:27:55.649] [EXEC] [EXEC] SELL ACCOUNTING RESET flat
[17:27:55.652] [EXEC] [EXEC] CYCLE CLOSED pnl=+0.018389
[17:27:55.654] [EXEC] [EXEC] SESSION realized=-1.688711 wins=1 losses=2
[17:27:58.679] [EXEC] [EXEC] SELL ACCOUNTING RESET new_cycle
[17:27:58.679] [EXEC] [EXEC] BUY ORDER SENT orderId=383055398 price=81566.83 qty=0.122590
[17:27:58.679] [EXEC] [EXEC] PLACE BUY price=81566.83 qty=0.122590
[17:28:02.725] [EXEC] [EXEC] BUY TIMEOUT orderId=383055398
[17:28:02.730] [EXEC] [EXEC] CANCEL BUY orderId=383055398
[17:28:03.698] [EXEC] [EXEC] BUY CANCELED confirmed
[17:28:04.200] [EXEC] [EXEC] BUY FINAL STATUS status=CANCELED orderId=383055398
[17:28:04.200] [EXEC] [EXEC] BLOCK reason=buy_not_filled
[17:28:05.271] [EXEC] [EXEC] SELL ACCOUNTING RESET new_cycle
[17:28:05.271] [EXEC] [EXEC] BUY ORDER SENT orderId=383055688 price=81580.98 qty=0.122570
[17:28:05.271] [EXEC] [EXEC] PLACE BUY price=81580.98 qty=0.122570
[17:28:11.476] [EXEC] [EXEC] BUY TIMEOUT orderId=383055688
[17:28:11.476] [EXEC] [EXEC] CANCEL BUY orderId=383055688
[17:28:11.749] [EXEC] [EXEC] BUY CANCELED confirmed
[17:28:12.006] [EXEC] [EXEC] BUY FINAL STATUS status=CANCELED orderId=383055688
[17:28:12.006] [EXEC] [EXEC] BLOCK reason=buy_not_filled
[17:28:15.257] [EXEC] [EXEC] SELL ACCOUNTING RESET new_cycle
[17:28:15.273] [EXEC] [EXEC] BUY ORDER SENT orderId=383055955 price=81576.05 qty=0.122580
[17:28:15.273] [EXEC] [EXEC] PLACE BUY price=81576.05 qty=0.122580
[17:28:16.835] [EXEC] [EXEC] BUY FILL UPDATE delta=0.122580 avg=81576.05
[17:28:16.835] [EXEC] [EXEC] CHUNK ADD qty=0.122580 entry=81576.05
[17:28:16.835] [EXEC] [EXEC] CHUNK COUNT n=1
[17:28:16.841] [EXEC] [EXEC] INVENTORY qty=0.122580
[17:28:16.842] [EXEC] [EXEC] SELL REQUIRED inventory=0.122580
[17:28:16.886] [EXEC] [EXEC] SELL CHECK inventory=0.122580 reported=0.000000 remaining=0.122580 chunks=1
[17:28:16.890] [EXEC] [EXEC] PLACE SELL price=81579.45 qty=0.122580
[17:28:17.162] [EXEC] [EXEC] SELL ORDER SENT orderId=383056060
[17:28:18.460] [EXEC] [EXEC] RECOVERY WAIT hard_sl_pending_recovery
[17:28:22.179] [EXEC] [EXEC] FIFO CLOSE qty=0.122580 entry=81576.05 exit=81579.45 pnl=+0.416772
[17:28:22.179] [EXEC] [EXEC] CHUNK CLOSED entry=81576.05
[17:28:22.179] [EXEC] [EXEC] REALIZED pnl=+0.416772
[17:28:22.179] [EXEC] [EXEC] SELL ACCOUNTING RESET flat
[17:28:22.195] [EXEC] [EXEC] CYCLE CLOSED pnl=+0.416772
[17:28:22.195] [EXEC] [EXEC] SESSION realized=-1.271939 wins=2 losses=2
[17:28:22.195] [EXEC] [EXEC] SELL ACCOUNTING RESET flat
[17:28:22.195] [EXEC] [EXEC] CYCLE SKIP no_fifo_pnl
[17:28:22.195] [EXEC] [EXEC] SELL FILLED id=383056060
[17:28:22.195] [EXEC] [EXEC] SELL FILLED qty=0.122580 remaining=0.000000
[17:28:22.195] [EXEC] [EXEC] SELL ACCOUNTING RESET flat
[17:28:22.195] [EXEC] [EXEC] CYCLE SKIP no_fifo_pnl
[17:28:25.076] [EXEC] [EXEC] SELL ACCOUNTING RESET new_cycle
[17:28:25.079] [EXEC] [EXEC] BUY ORDER SENT orderId=383056357 price=81577.21 qty=0.122580
[17:28:25.082] [EXEC] [EXEC] PLACE BUY price=81577.21 qty=0.122580
[17:28:25.975] [EXEC] [EXEC] BUY FILL UPDATE delta=0.122580 avg=81577.21
[17:28:25.978] [EXEC] [EXEC] CHUNK ADD qty=0.122580 entry=81577.21
[17:28:25.979] [EXEC] [EXEC] CHUNK COUNT n=1
[17:28:25.981] [EXEC] [EXEC] INVENTORY qty=0.122580
[17:28:25.982] [EXEC] [EXEC] SELL REQUIRED inventory=0.122580
[17:28:25.983] [EXEC] [EXEC] BUY PARTIAL delta=0.122580 total=0.122580
[17:28:25.984] [EXEC] [EXEC] BUY REMAINING qty=0.000000
[17:28:25.985] [EXEC] [EXEC] BUY FILLED id=383056357
[17:28:26.663] [EXEC] [EXEC] SELL CHECK inventory=0.122580 reported=0.000000 remaining=0.122580 chunks=1
[17:28:26.663] [EXEC] [EXEC] PLACE SELL price=81577.25 qty=0.122580
[17:28:26.935] [EXEC] [EXEC] SELL ORDER SENT orderId=383056478
[17:28:28.538] [EXEC] [EXEC] RECOVERY WAIT hard_sl_pending_recovery
[17:28:30.682] [EXEC] [EXEC] RECOVERY WAIT hard_sl_pending_recovery
[17:28:30.960] [EXEC] [EXEC] FIFO CLOSE qty=0.122580 entry=81577.21 exit=81577.25 pnl=+0.004903
[17:28:30.967] [EXEC] [EXEC] CHUNK CLOSED entry=81577.21
[17:28:30.967] [EXEC] [EXEC] REALIZED pnl=+0.004903
[17:28:30.967] [EXEC] [EXEC] SELL ACCOUNTING RESET flat
[17:28:30.971] [EXEC] [EXEC] CYCLE CLOSED pnl=+0.004903
[17:28:30.972] [EXEC] [EXEC] SESSION realized=-1.267036 wins=3 losses=2
[17:28:30.972] [EXEC] [EXEC] SELL ACCOUNTING RESET flat
[17:28:30.972] [EXEC] [EXEC] CYCLE SKIP no_fifo_pnl
[17:28:30.972] [EXEC] [EXEC] SELL FILLED id=383056478
[17:28:30.972] [EXEC] [EXEC] SELL FILLED qty=0.122580 remaining=0.000000
[17:28:30.972] [EXEC] [EXEC] SELL ACCOUNTING RESET flat
[17:28:30.972] [EXEC] [EXEC] CYCLE SKIP no_fifo_pnl
[17:28:32.663] [EXEC] [EXEC] SELL ACCOUNTING RESET new_cycle
[17:28:32.663] [EXEC] [EXEC] BUY ORDER SENT orderId=383056726 price=81572.01 qty=0.122590
[17:28:32.663] [EXEC] [EXEC] PLACE BUY price=81572.01 qty=0.122590
[17:28:37.506] [EXEC] [EXEC] BUY TIMEOUT orderId=383056726
[17:28:37.521] [EXEC] [EXEC] CANCEL BUY orderId=383056726
[17:28:37.793] [EXEC] [EXEC] BUY CANCELED confirmed
[17:28:38.061] [EXEC] [EXEC] BUY FINAL STATUS status=CANCELED orderId=383056726
[17:28:38.063] [EXEC] [EXEC] BLOCK reason=buy_not_filled
[17:28:39.022] [EXEC] [EXEC] SELL ACCOUNTING RESET new_cycle
[17:28:39.022] [EXEC] [EXEC] BUY ORDER SENT orderId=383056962 price=81583.36 qty=0.122570
[17:28:39.022] [EXEC] [EXEC] PLACE BUY price=81583.36 qty=0.122570
[17:28:40.429] [EXEC] [EXEC] BUY FILL UPDATE delta=0.122570 avg=81583.36
[17:28:40.429] [EXEC] [EXEC] CHUNK ADD qty=0.122570 entry=81583.36
[17:28:40.429] [EXEC] [EXEC] CHUNK COUNT n=1
[17:28:40.429] [EXEC] [EXEC] INVENTORY qty=0.122570
[17:28:40.429] [EXEC] [EXEC] SELL REQUIRED inventory=0.122570
[17:28:40.429] [EXEC] [EXEC] BUY PARTIAL delta=0.122570 total=0.122570
[17:28:40.429] [EXEC] [EXEC] BUY REMAINING qty=0.000000
[17:28:40.429] [EXEC] [EXEC] BUY FILLED id=383056962
[17:28:42.194] [EXEC] [EXEC] SELL CHECK inventory=0.122570 reported=0.000000 remaining=0.122570 chunks=1
[17:28:42.212] [EXEC] [EXEC] PLACE SELL price=81583.40 qty=0.122570
[17:28:42.490] [EXEC] [EXEC] SELL ORDER SENT orderId=383057150
[17:28:43.741] [EXEC] [EXEC] RECOVERY WAIT hard_sl_pending_recovery
[17:28:45.696] [EXEC] [EXEC] RECOVERY WAIT hard_sl_pending_recovery
[17:28:46.085] [EXEC] [EXEC] FIFO CLOSE qty=0.122570 entry=81583.36 exit=81583.40 pnl=+0.004903
[17:28:46.085] [EXEC] [EXEC] CHUNK CLOSED entry=81583.36
[17:28:46.085] [EXEC] [EXEC] REALIZED pnl=+0.004903
[17:28:46.085] [EXEC] [EXEC] SELL ACCOUNTING RESET flat
[17:28:46.085] [EXEC] [EXEC] CYCLE CLOSED pnl=+0.004903
[17:28:46.085] [EXEC] [EXEC] SESSION realized=-1.262133 wins=4 losses=2
[17:28:46.085] [EXEC] [EXEC] SELL ACCOUNTING RESET flat
[17:28:46.100] [EXEC] [EXEC] CYCLE SKIP no_fifo_pnl
[17:28:46.100] [EXEC] [EXEC] SELL FILLED id=383057150
[17:28:46.100] [EXEC] [EXEC] SELL FILLED qty=0.122570 remaining=0.000000
[17:28:46.100] [EXEC] [EXEC] SELL ACCOUNTING RESET flat
[17:28:46.100] [EXEC] [EXEC] CYCLE SKIP no_fifo_pnl
[17:28:48.956] [EXEC] [EXEC] SELL ACCOUNTING RESET new_cycle
[17:28:48.957] [EXEC] [EXEC] BUY ORDER SENT orderId=383057451 price=81593.78 qty=0.122550
[17:28:48.964] [EXEC] [EXEC] PLACE BUY price=81593.78 qty=0.122550
[17:28:54.926] [EXEC] [EXEC] BUY TIMEOUT orderId=383057451
[17:28:54.930] [EXEC] [EXEC] CANCEL BUY orderId=383057451
[17:28:55.194] [EXEC] [EXEC] BUY CANCELED confirmed
[17:28:55.484] [EXEC] [EXEC] BUY FINAL STATUS status=CANCELED orderId=383057451
[17:28:55.487] [EXEC] [EXEC] BLOCK reason=buy_not_filled
[17:28:59.148] [EXEC] [EXEC] SELL ACCOUNTING RESET new_cycle
[17:28:59.148] [EXEC] [EXEC] BUY ORDER SENT orderId=383057849 price=81592.83 qty=0.122550
[17:28:59.148] [EXEC] [EXEC] PLACE BUY price=81592.83 qty=0.122550
[17:28:59.789] [EXEC] [EXEC] BUY FILL UPDATE delta=0.122550 avg=81592.83
[17:28:59.789] [EXEC] [EXEC] CHUNK ADD qty=0.122550 entry=81592.83
[17:28:59.789] [EXEC] [EXEC] CHUNK COUNT n=1
[17:28:59.789] [EXEC] [EXEC] INVENTORY qty=0.122550
[17:28:59.789] [EXEC] [EXEC] SELL REQUIRED inventory=0.122550
[17:29:00.615] [EXEC] [EXEC] SELL CHECK inventory=0.122550 reported=0.000000 remaining=0.122550 chunks=1
[17:29:00.615] [EXEC] [EXEC] PLACE SELL price=81597.08 qty=0.122550
[17:29:00.943] [EXEC] [EXEC] SELL ORDER SENT orderId=383057889
[17:29:02.195] [EXEC] [EXEC] RECOVERY WAIT hard_sl_pending_recovery
[17:29:04.006] [EXEC] [EXEC] FIFO CLOSE qty=0.122550 entry=81592.83 exit=81597.08 pnl=+0.520837
[17:29:04.009] [EXEC] [EXEC] CHUNK CLOSED entry=81592.83
[17:29:04.012] [EXEC] [EXEC] REALIZED pnl=+0.520837
[17:29:04.014] [EXEC] [EXEC] SELL ACCOUNTING RESET flat
[17:29:04.015] [EXEC] [EXEC] CYCLE CLOSED pnl=+0.520837
[17:29:04.017] [EXEC] [EXEC] SESSION realized=-0.741295 wins=5 losses=2
[17:29:10.475] [EXEC] [EXEC] SELL ACCOUNTING RESET new_cycle
[17:29:10.491] [EXEC] [EXEC] BUY ORDER SENT orderId=383058176 price=81608.74 qty=0.122530
[17:29:10.494] [EXEC] [EXEC] PLACE BUY price=81608.74 qty=0.122530
[17:29:12.100] [EXEC] [EXEC] BUY FILL UPDATE delta=0.122530 avg=81608.74
[17:29:12.100] [EXEC] [EXEC] CHUNK ADD qty=0.122530 entry=81608.74
[17:29:12.100] [EXEC] [EXEC] CHUNK COUNT n=1
[17:29:12.100] [EXEC] [EXEC] INVENTORY qty=0.122530
[17:29:12.100] [EXEC] [EXEC] SELL REQUIRED inventory=0.122530
[17:29:12.100] [EXEC] [EXEC] SELL CHECK inventory=0.122530 reported=0.000000 remaining=0.122530 chunks=1
[17:29:12.100] [EXEC] [EXEC] PLACE SELL price=81612.53 qty=0.122530
[17:29:12.429] [EXEC] [EXEC] SELL ORDER SENT orderId=383058194
[17:29:12.962] [EXEC] [EXEC] RECOVERY WAIT hard_sl_pending_recovery
[17:29:14.194] [EXEC] [EXEC] RECOVERY WAIT hard_sl_pending_recovery
[17:29:15.757] [EXEC] [EXEC] RECOVERY WAIT hard_sl_pending_recovery
[17:29:16.079] [EXEC] [EXEC] SELL TIMEOUT orderId=383058194
[17:29:16.083] [EXEC] [EXEC] CANCEL SELL orderId=383058194
[17:29:16.678] [EXEC] [EXEC] SELL FINAL STATUS status=CANCELED orderId=383058194
[17:29:16.682] [EXEC] [EXEC] SELL TIMEOUT check fast_exit
[17:29:16.683] [EXEC] [EXEC] FORCE EXIT hard_sl_triggered
[17:29:16.684] [EXEC] [EXEC] HARD SL triggered
[17:29:16.685] [EXEC] [EXEC] PANIC EXIT sl_mode
[17:29:16.686] [EXEC] [EXEC] FORCE EXIT price=81600.99
[17:29:16.688] [EXEC] [EXEC] PLACE SELL price=81600.99 qty=0.122530
[17:29:17.031] [EXEC] [EXEC] PANIC START price=81600.99
[17:29:17.035] [EXEC] [EXEC] SELL ORDER SENT orderId=383058432
[17:29:17.673] [EXEC] [EXEC] FIFO CLOSE qty=0.122530 entry=81608.74 exit=81600.99 pnl=-0.949607
[17:29:17.675] [EXEC] [EXEC] CHUNK CLOSED entry=81608.74
[17:29:17.678] [EXEC] [EXEC] REALIZED pnl=-0.949607
[17:29:17.678] [EXEC] [EXEC] SELL ACCOUNTING RESET flat
[17:29:17.678] [EXEC] [EXEC] CYCLE CLOSED pnl=-0.949607
[17:29:17.678] [EXEC] [EXEC] SESSION realized=-1.690903 wins=5 losses=3
[17:29:18.559] [EXEC] [EXEC] SELL ACCOUNTING RESET new_cycle
[17:29:18.563] [EXEC] [EXEC] BUY ORDER SENT orderId=383058472 price=81602.25 qty=0.122540
[17:29:18.565] [EXEC] [EXEC] PLACE BUY price=81602.25 qty=0.122540
[17:29:19.709] [EXEC] [EXEC] BUY FILL UPDATE delta=0.122540 avg=81602.25
[17:29:19.709] [EXEC] [EXEC] CHUNK ADD qty=0.122540 entry=81602.25
[17:29:19.709] [EXEC] [EXEC] CHUNK COUNT n=1
[17:29:19.709] [EXEC] [EXEC] INVENTORY qty=0.122540
[17:29:19.725] [EXEC] [EXEC] SELL REQUIRED inventory=0.122540
[17:29:20.537] [EXEC] [EXEC] SELL CHECK inventory=0.122540 reported=0.000000 remaining=0.122540 chunks=1
[17:29:20.537] [EXEC] [EXEC] PLACE SELL price=81608.00 qty=0.122540
[17:29:20.850] [EXEC] [EXEC] SELL ORDER SENT orderId=383058576
[17:29:21.444] [EXEC] [EXEC] FIFO CLOSE qty=0.122540 entry=81602.25 exit=81608.00 pnl=+0.704605
[17:29:21.444] [EXEC] [EXEC] CHUNK CLOSED entry=81602.25
[17:29:21.444] [EXEC] [EXEC] REALIZED pnl=+0.704605
[17:29:21.444] [EXEC] [EXEC] SELL ACCOUNTING RESET flat
[17:29:21.444] [EXEC] [EXEC] CYCLE CLOSED pnl=+0.704605
[17:29:21.444] [EXEC] [EXEC] SESSION realized=-0.986298 wins=6 losses=3
[17:29:22.589] [EXEC] [EXEC] SELL ACCOUNTING RESET new_cycle
[17:29:22.592] [EXEC] [EXEC] BUY ORDER SENT orderId=383058617 price=81608.59 qty=0.122530
[17:29:22.595] [EXEC] [EXEC] PLACE BUY price=81608.59 qty=0.122530
[17:29:23.538] [EXEC] [EXEC] BUY FILL UPDATE delta=0.122530 avg=81608.59
[17:29:23.538] [EXEC] [EXEC] CHUNK ADD qty=0.122530 entry=81608.59
[17:29:23.538] [EXEC] [EXEC] CHUNK COUNT n=1
[17:29:23.538] [EXEC] [EXEC] INVENTORY qty=0.122530
[17:29:23.538] [EXEC] [EXEC] SELL REQUIRED inventory=0.122530
[17:29:23.538] [EXEC] [EXEC] SELL CHECK inventory=0.122530 reported=0.000000 remaining=0.122530 chunks=1
[17:29:23.538] [EXEC] [EXEC] PLACE SELL price=81612.53 qty=0.122530
[17:29:23.820] [EXEC] [EXEC] SELL ORDER SENT orderId=383058657
[17:29:26.725] [EXEC] [EXEC] PANIC WAIT still_open orderId=383058657
[17:29:26.742] [EXEC] [EXEC] PANIC HOLD active orderId=383058657
[17:29:29.791] [EXEC] [EXEC] FIFO CLOSE qty=0.122530 entry=81608.59 exit=81612.53 pnl=+0.482768
[17:29:29.795] [EXEC] [EXEC] CHUNK CLOSED entry=81608.59
[17:29:29.796] [EXEC] [EXEC] REALIZED pnl=+0.482768
[17:29:29.797] [EXEC] [EXEC] SELL ACCOUNTING RESET flat
[17:29:29.798] [EXEC] [EXEC] CYCLE CLOSED pnl=+0.482768
[17:29:29.799] [EXEC] [EXEC] SESSION realized=-0.503530 wins=7 losses=3
[17:29:29.800] [EXEC] [EXEC] SELL ACCOUNTING RESET flat
[17:29:29.801] [EXEC] [EXEC] CYCLE SKIP no_fifo_pnl
[17:29:29.802] [EXEC] [EXEC] SELL FILLED id=383058657
[17:29:29.803] [EXEC] [EXEC] SELL FILLED qty=0.122530 remaining=0.000000
[17:29:29.803] [EXEC] [EXEC] PANIC FILLED
[17:29:29.803] [EXEC] [EXEC] PANIC RESET
[17:29:29.803] [EXEC] [EXEC] SELL ACCOUNTING RESET flat
[17:29:29.803] [EXEC] [EXEC] CYCLE SKIP no_fifo_pnl
[17:29:32.178] [EXEC] [EXEC] SELL ACCOUNTING RESET new_cycle
[17:29:32.178] [EXEC] [EXEC] BUY ORDER SENT orderId=383059051 price=81624.70 qty=0.122510
[17:29:32.178] [EXEC] [EXEC] PLACE BUY price=81624.70 qty=0.122510
[17:29:35.523] [EXEC] [EXEC] BUY FILL UPDATE delta=0.122510 avg=81624.70
[17:29:35.538] [EXEC] [EXEC] CHUNK ADD qty=0.122510 entry=81624.70
[17:29:35.538] [EXEC] [EXEC] CHUNK COUNT n=1
[17:29:35.538] [EXEC] [EXEC] INVENTORY qty=0.122510
[17:29:35.538] [EXEC] [EXEC] SELL REQUIRED inventory=0.122510
[17:29:35.538] [EXEC] [EXEC] BUY PARTIAL delta=0.122510 total=0.122510
[17:29:35.538] [EXEC] [EXEC] BUY REMAINING qty=0.000000
[17:29:35.538] [EXEC] [EXEC] BUY FILLED id=383059051
[17:29:35.600] [EXEC] [EXEC] SELL CHECK inventory=0.122510 reported=0.000000 remaining=0.122510 chunks=1
[17:29:35.600] [EXEC] [EXEC] PLACE SELL price=81624.86 qty=0.122510
[17:29:35.875] [EXEC] [EXEC] SELL ORDER SENT orderId=383059162
[17:29:36.895] [EXEC] [EXEC] FIFO CLOSE qty=0.122510 entry=81624.70 exit=81624.86 pnl=+0.019602
[17:29:36.896] [EXEC] [EXEC] CHUNK CLOSED entry=81624.70
[17:29:36.899] [EXEC] [EXEC] REALIZED pnl=+0.019602
[17:29:36.901] [EXEC] [EXEC] SELL ACCOUNTING RESET flat
[17:29:36.902] [EXEC] [EXEC] CYCLE CLOSED pnl=+0.019602
[17:29:36.903] [EXEC] [EXEC] SESSION realized=-0.483928 wins=8 losses=3
[17:29:38.465] [EXEC] [EXEC] SELL ACCOUNTING RESET new_cycle
[17:29:38.469] [EXEC] [EXEC] BUY ORDER SENT orderId=383059250 price=81623.02 qty=0.122510
[17:29:38.471] [EXEC] [EXEC] PLACE BUY price=81623.02 qty=0.122510
[17:29:40.663] [EXEC] [EXEC] BUY FILL UPDATE delta=0.122510 avg=81623.02
[17:29:40.663] [EXEC] [EXEC] CHUNK ADD qty=0.122510 entry=81623.02
[17:29:40.663] [EXEC] [EXEC] CHUNK COUNT n=1
[17:29:40.663] [EXEC] [EXEC] INVENTORY qty=0.122510
[17:29:40.663] [EXEC] [EXEC] SELL REQUIRED inventory=0.122510
[17:29:41.184] [EXEC] [EXEC] SELL CHECK inventory=0.122510 reported=0.000000 remaining=0.122510 chunks=1
[17:29:41.187] [EXEC] [EXEC] PLACE SELL price=81623.06 qty=0.122510
[17:29:41.444] [EXEC] [EXEC] SELL ORDER SENT orderId=383059457
[17:29:42.615] [EXEC] [EXEC] RECOVERY WAIT hard_sl_pending_recovery
[17:29:43.710] [EXEC] [EXEC] FIFO CLOSE qty=0.122510 entry=81623.02 exit=81623.06 pnl=+0.004900
[17:29:43.710] [EXEC] [EXEC] CHUNK CLOSED entry=81623.02
[17:29:43.710] [EXEC] [EXEC] REALIZED pnl=+0.004900
[17:29:43.710] [EXEC] [EXEC] SELL ACCOUNTING RESET flat
[17:29:43.710] [EXEC] [EXEC] CYCLE CLOSED pnl=+0.004900
[17:29:43.727] [EXEC] [EXEC] SESSION realized=-0.479028 wins=9 losses=3
[17:29:43.730] [EXEC] [EXEC] SELL ACCOUNTING RESET flat
[17:29:43.732] [EXEC] [EXEC] CYCLE SKIP no_fifo_pnl
[17:29:43.734] [EXEC] [EXEC] SELL FILLED id=383059457
[17:29:43.736] [EXEC] [EXEC] SELL FILLED qty=0.122510 remaining=0.000000
[17:29:43.737] [EXEC] [EXEC] SELL ACCOUNTING RESET flat
[17:29:43.738] [EXEC] [EXEC] CYCLE SKIP no_fifo_pnl
[17:29:47.459] [EXEC] [EXEC] SELL ACCOUNTING RESET new_cycle
[17:29:47.459] [EXEC] [EXEC] BUY ORDER SENT orderId=383059724 price=81614.92 qty=0.122520
[17:29:47.459] [EXEC] [EXEC] PLACE BUY price=81614.92 qty=0.122520
[17:29:52.985] [EXEC] [EXEC] BUY TIMEOUT orderId=383059724
[17:29:52.989] [EXEC] [EXEC] CANCEL BUY orderId=383059724
[17:29:53.255] [EXEC] [EXEC] BUY CANCELED confirmed
[17:29:53.538] [EXEC] [EXEC] BUY FINAL STATUS status=CANCELED orderId=383059724
[17:29:53.538] [EXEC] [EXEC] BLOCK reason=buy_not_filled
[17:29:54.084] [EXEC] [EXEC] SELL ACCOUNTING RESET new_cycle
[17:29:54.084] [EXEC] [EXEC] BUY ORDER SENT orderId=383059879 price=81619.38 qty=0.122510
[17:29:54.084] [EXEC] [EXEC] PLACE BUY price=81619.38 qty=0.122510
[17:29:58.487] [EXEC] [EXEC] BUY TIMEOUT orderId=383059879
[17:29:58.491] [EXEC] [EXEC] CANCEL BUY orderId=383059879
[17:29:58.741] [EXEC] [EXEC] BUY CANCELED confirmed
[17:29:59.024] [EXEC] [EXEC] BUY FINAL STATUS status=CANCELED orderId=383059879
[17:29:59.027] [EXEC] [EXEC] BLOCK reason=buy_not_filled
[17:30:00.376] [EXEC] [EXEC] SELL ACCOUNTING RESET new_cycle
[17:30:00.379] [EXEC] [EXEC] BUY ORDER SENT orderId=383060027 price=81620.01 qty=0.122510
[17:30:00.382] [EXEC] [EXEC] PLACE BUY price=81620.01 qty=0.122510
[17:30:04.373] [EXEC] [EXEC] BUY TIMEOUT orderId=383060027
[17:30:04.373] [EXEC] [EXEC] CANCEL BUY orderId=383060027
[17:30:04.647] [EXEC] [EXEC] BUY CANCELED confirmed
[17:30:04.939] [EXEC] [EXEC] BUY FINAL STATUS status=CANCELED orderId=383060027
[17:30:04.941] [EXEC] [EXEC] BLOCK reason=buy_not_filled
[17:30:09.007] [EXEC] [EXEC] SELL ACCOUNTING RESET new_cycle
[17:30:09.010] [EXEC] [EXEC] BUY ORDER SENT orderId=383060360 price=81624.42 qty=0.122510
[17:30:09.013] [EXEC] [EXEC] PLACE BUY price=81624.42 qty=0.122510
[17:30:10.106] [EXEC] [EXEC] BUY FILL UPDATE delta=0.122510 avg=81624.42
[17:30:10.108] [EXEC] [EXEC] CHUNK ADD qty=0.122510 entry=81624.42
[17:30:10.109] [EXEC] [EXEC] CHUNK COUNT n=1
[17:30:10.110] [EXEC] [EXEC] INVENTORY qty=0.122510
[17:30:10.111] [EXEC] [EXEC] SELL REQUIRED inventory=0.122510
[17:30:10.506] [EXEC] [EXEC] SELL CHECK inventory=0.122510 reported=0.000000 remaining=0.122510 chunks=1
[17:30:10.506] [EXEC] [EXEC] PLACE SELL price=81624.46 qty=0.122510
[17:30:10.788] [EXEC] [EXEC] SELL ORDER SENT orderId=383060475
[17:30:12.072] [EXEC] [EXEC] RECOVERY WAIT hard_sl_pending_recovery
[17:30:13.648] [EXEC] [EXEC] RECOVERY WAIT hard_sl_pending_recovery
[17:30:13.940] [EXEC] [EXEC] SELL TIMEOUT orderId=383060475
[17:30:13.943] [EXEC] [EXEC] CANCEL SELL orderId=383060475
[17:30:14.474] [EXEC] [EXEC] SELL FINAL STATUS status=CANCELED orderId=383060475
[17:30:14.475] [EXEC] [EXEC] SELL TIMEOUT check fast_exit
[17:30:14.475] [EXEC] [EXEC] FORCE EXIT hard_sl_triggered
[17:30:14.475] [EXEC] [EXEC] HARD SL triggered
[17:30:14.475] [EXEC] [EXEC] PANIC EXIT sl_mode
[17:30:14.475] [EXEC] [EXEC] FORCE EXIT price=81621.11
[17:30:14.475] [EXEC] [EXEC] PLACE SELL price=81621.11 qty=0.122510
[17:30:14.756] [EXEC] [EXEC] PANIC START price=81621.11
[17:30:14.756] [EXEC] [EXEC] SELL ORDER SENT orderId=383060536
[17:30:15.854] [EXEC] [EXEC] FIFO CLOSE qty=0.122510 entry=81624.42 exit=81621.11 pnl=-0.405508
[17:30:15.855] [EXEC] [EXEC] CHUNK CLOSED entry=81624.42
[17:30:15.855] [EXEC] [EXEC] REALIZED pnl=-0.405508
[17:30:15.860] [EXEC] [EXEC] SELL ACCOUNTING RESET flat
[17:30:15.861] [EXEC] [EXEC] CYCLE CLOSED pnl=-0.405508
[17:30:15.861] [EXEC] [EXEC] SESSION realized=-0.884536 wins=9 losses=4
[17:30:16.476] [EXEC] [EXEC] SELL ACCOUNTING RESET new_cycle
[17:30:16.491] [EXEC] [EXEC] BUY ORDER SENT orderId=383060564 price=81620.01 qty=0.122510
[17:30:16.491] [EXEC] [EXEC] PLACE BUY price=81620.01 qty=0.122510
[17:30:21.897] [EXEC] [EXEC] BUY FILL UPDATE delta=0.122510 avg=81620.01
[17:30:21.898] [EXEC] [EXEC] CHUNK ADD qty=0.122510 entry=81620.01
[17:30:21.898] [EXEC] [EXEC] CHUNK COUNT n=1
[17:30:21.898] [EXEC] [EXEC] INVENTORY qty=0.122510
[17:30:21.898] [EXEC] [EXEC] SELL REQUIRED inventory=0.122510
[17:30:21.898] [EXEC] [EXEC] SELL CHECK inventory=0.122510 reported=0.000000 remaining=0.122510 chunks=1
[17:30:21.898] [EXEC] [EXEC] PLACE SELL price=81632.00 qty=0.122510
[17:30:22.178] [EXEC] [EXEC] SELL ORDER SENT orderId=383060868
[17:30:25.921] [EXEC] [EXEC] PANIC WAIT still_open orderId=383060868
[17:30:25.926] [EXEC] [EXEC] PANIC HOLD active orderId=383060868
[17:30:27.346] [EXEC] [EXEC] PANIC HOLD active orderId=383060868
[17:30:29.122] [EXEC] [EXEC] PANIC WAIT still_open orderId=383060868
[17:30:29.126] [EXEC] [EXEC] PANIC HOLD active orderId=383060868
[17:30:30.858] [EXEC] [EXEC] PANIC HOLD active orderId=383060868
[17:30:33.725] [EXEC] [EXEC] PANIC WAIT still_open orderId=383060868
[17:30:33.725] [EXEC] [EXEC] PANIC HOLD active orderId=383060868
[17:30:35.123] [EXEC] [EXEC] PANIC STALE detected orderId=383060868
[17:30:35.138] [EXEC] [EXEC] PANIC ESCALATE old=81621.11 new=81613.59 qty=0.122510
[17:30:35.963] [EXEC] [EXEC] PANIC ESCALATE placed orderId=383061384
[17:30:36.495] [EXEC] [EXEC] FIFO CLOSE qty=0.122510 entry=81620.01 exit=81614.07 pnl=-0.727726
[17:30:36.497] [EXEC] [EXEC] CHUNK CLOSED entry=81620.01
[17:30:36.500] [EXEC] [EXEC] REALIZED pnl=-0.727726
[17:30:36.503] [EXEC] [EXEC] SELL ACCOUNTING RESET flat
[17:30:36.505] [EXEC] [EXEC] CYCLE CLOSED pnl=-0.727726
[17:30:36.507] [EXEC] [EXEC] SESSION realized=-1.612261 wins=9 losses=5
[17:30:36.921] [EXEC] [EXEC] SELL ACCOUNTING RESET new_cycle
[17:30:36.921] [EXEC] [EXEC] BUY ORDER SENT orderId=383061453 price=81615.29 qty=0.122520
[17:30:36.921] [EXEC] [EXEC] PLACE BUY price=81615.29 qty=0.122520
[17:30:40.365] [EXEC] [EXEC] BUY FILL UPDATE delta=0.122520 avg=81615.29
[17:30:40.365] [EXEC] [EXEC] CHUNK ADD qty=0.122520 entry=81615.29
[17:30:40.365] [EXEC] [EXEC] CHUNK COUNT n=1
[17:30:40.365] [EXEC] [EXEC] INVENTORY qty=0.122520
[17:30:40.365] [EXEC] [EXEC] SELL REQUIRED inventory=0.122520
[17:30:40.365] [EXEC] [EXEC] BUY PARTIAL delta=0.122520 total=0.122520
[17:30:40.365] [EXEC] [EXEC] BUY REMAINING qty=0.000000
[17:30:40.381] [EXEC] [EXEC] BUY FILLED id=383061453
[17:30:40.417] [EXEC] [EXEC] SELL CHECK inventory=0.122520 reported=0.000000 remaining=0.122520 chunks=1
[17:30:40.417] [EXEC] [EXEC] PLACE SELL price=81615.33 qty=0.122520
[17:30:40.678] [EXEC] [EXEC] SELL ORDER SENT orderId=383061666
[17:30:43.257] [EXEC] [EXEC] RECOVERY WAIT hard_sl_pending_recovery
[17:30:43.567] [EXEC] [EXEC] SELL TIMEOUT orderId=383061666
[17:30:43.569] [EXEC] [EXEC] CANCEL SELL orderId=383061666
[17:30:44.574] [EXEC] [EXEC] SELL FINAL STATUS status=CANCELED orderId=383061666
[17:30:44.577] [EXEC] [EXEC] SELL TIMEOUT check fast_exit
[17:30:44.580] [EXEC] [EXEC] FORCE EXIT hard_sl_triggered
[17:30:44.582] [EXEC] [EXEC] HARD SL triggered
[17:30:44.584] [EXEC] [EXEC] PANIC EXIT sl_mode
[17:30:44.586] [EXEC] [EXEC] FORCE EXIT price=81597.83
[17:30:44.587] [EXEC] [EXEC] PLACE SELL price=81597.83 qty=0.122520
[17:30:44.887] [EXEC] [EXEC] PANIC START price=81597.83
[17:30:44.887] [EXEC] [EXEC] SELL ORDER SENT orderId=383061813
[17:30:48.257] [EXEC] [EXEC] PANIC WAIT still_open orderId=383061813
[17:30:48.257] [EXEC] [EXEC] PANIC HOLD active orderId=383061813
[17:30:51.022] [EXEC] [EXEC] PANIC HOLD active orderId=383061813
[17:30:52.615] [EXEC] [EXEC] PANIC WAIT still_open orderId=383061813
[17:30:52.618] [EXEC] [EXEC] PANIC HOLD active orderId=383061813
[17:30:56.272] [EXEC] [EXEC] PANIC WAIT still_open orderId=383061813
[17:30:56.272] [EXEC] [EXEC] PANIC HOLD active orderId=383061813
[17:30:57.631] [EXEC] [EXEC] PANIC HOLD active orderId=383061813
[17:31:01.397] [EXEC] [EXEC] PANIC WAIT still_open orderId=383061813
[17:31:01.397] [EXEC] [EXEC] PANIC HOLD active orderId=383061813
[17:31:02.945] [EXEC] [EXEC] PANIC HOLD active orderId=383061813
[17:31:04.428] [EXEC] [EXEC] PANIC WAIT still_open orderId=383061813
[17:31:04.428] [EXEC] [EXEC] PANIC STALE detected orderId=383061813
[17:31:04.443] [EXEC] [EXEC] PANIC ESCALATE old=81597.83 new=81575.55 qty=0.122520
[17:31:05.260] [EXEC] [EXEC] PANIC ESCALATE placed orderId=383062786
[17:31:06.163] [EXEC] [EXEC] FIFO CLOSE qty=0.122520 entry=81615.29 exit=81575.55 pnl=-4.868945
[17:31:06.179] [EXEC] [EXEC] CHUNK CLOSED entry=81615.29
[17:31:06.181] [EXEC] [EXEC] REALIZED pnl=-4.868945
[17:31:06.183] [EXEC] [EXEC] SELL ACCOUNTING RESET flat
[17:31:06.186] [EXEC] [EXEC] CYCLE CLOSED pnl=-4.868945
[17:31:06.188] [EXEC] [EXEC] SESSION realized=-6.481206 wins=9 losses=6
[17:31:06.190] [EXEC] [EXEC] SELL ACCOUNTING RESET flat
[17:31:06.192] [EXEC] [EXEC] CYCLE SKIP no_fifo_pnl
[17:31:06.193] [EXEC] [EXEC] SELL FILLED id=383062786
[17:31:06.195] [EXEC] [EXEC] SELL FILLED qty=0.122520 remaining=0.000000
[17:31:06.196] [EXEC] [EXEC] PANIC FILLED
[17:31:06.198] [EXEC] [EXEC] PANIC RESET
[17:31:06.199] [EXEC] [EXEC] SELL ACCOUNTING RESET flat
[17:31:06.200] [EXEC] [EXEC] CYCLE SKIP no_fifo_pnl
[17:31:07.428] [EXEC] [EXEC] SELL ACCOUNTING RESET new_cycle
[17:31:07.428] [EXEC] [EXEC] BUY ORDER SENT orderId=383062829 price=81574.60 qty=0.122580
[17:31:07.428] [EXEC] [EXEC] PLACE BUY price=81574.60 qty=0.122580
[17:31:08.475] [EXEC] [EXEC] BUY FILL UPDATE delta=0.122580 avg=81574.60
[17:31:08.477] [EXEC] [EXEC] CHUNK ADD qty=0.122580 entry=81574.60
[17:31:08.478] [EXEC] [EXEC] CHUNK COUNT n=1
[17:31:08.479] [EXEC] [EXEC] INVENTORY qty=0.122580
[17:31:08.481] [EXEC] [EXEC] SELL REQUIRED inventory=0.122580
[17:31:09.131] [EXEC] [EXEC] SELL CHECK inventory=0.122580 reported=0.000000 remaining=0.122580 chunks=1
[17:31:09.147] [EXEC] [EXEC] PLACE SELL price=81574.64 qty=0.122580
[17:31:09.413] [EXEC] [EXEC] SELL ORDER SENT orderId=383062899
[17:31:10.772] [EXEC] [EXEC] RECOVERY WAIT hard_sl_pending_recovery
[17:31:11.568] [EXEC] [EXEC] RECOVERY WAIT hard_sl_pending_recovery
[17:31:12.366] [EXEC] [EXEC] FIFO CLOSE qty=0.122580 entry=81574.60 exit=81574.64 pnl=+0.004903
[17:31:12.366] [EXEC] [EXEC] CHUNK CLOSED entry=81574.60
[17:31:12.366] [EXEC] [EXEC] REALIZED pnl=+0.004903
[17:31:12.366] [EXEC] [EXEC] SELL ACCOUNTING RESET flat
[17:31:12.366] [EXEC] [EXEC] CYCLE CLOSED pnl=+0.004903
[17:31:12.366] [EXEC] [EXEC] SESSION realized=-6.476303 wins=10 losses=6
[17:31:14.366] [EXEC] [EXEC] SELL ACCOUNTING RESET new_cycle
[17:31:14.371] [EXEC] [EXEC] BUY ORDER SENT orderId=383063041 price=81576.27 qty=0.122580
[17:31:14.373] [EXEC] [EXEC] PLACE BUY price=81576.27 qty=0.122580
[17:31:17.426] [EXEC] [EXEC] BUY FILL UPDATE delta=0.122580 avg=81576.27
[17:31:17.428] [EXEC] [EXEC] CHUNK ADD qty=0.122580 entry=81576.27
[17:31:17.429] [EXEC] [EXEC] CHUNK COUNT n=1
[17:31:17.431] [EXEC] [EXEC] INVENTORY qty=0.122580
[17:31:17.432] [EXEC] [EXEC] SELL REQUIRED inventory=0.122580
[17:31:17.508] [EXEC] [EXEC] SELL CHECK inventory=0.122580 reported=0.000000 remaining=0.122580 chunks=1
[17:31:17.508] [EXEC] [EXEC] PLACE SELL price=81584.00 qty=0.122580
[17:31:17.779] [EXEC] [EXEC] SELL ORDER SENT orderId=383063247
[17:31:19.069] [EXEC] [EXEC] RECOVERY WAIT hard_sl_pending_recovery
[17:31:20.921] [EXEC] [EXEC] SELL TIMEOUT orderId=383063247
[17:31:20.924] [EXEC] [EXEC] CANCEL SELL orderId=383063247
[17:31:21.505] [EXEC] [EXEC] SELL FINAL STATUS status=CANCELED orderId=383063247
[17:31:21.507] [EXEC] [EXEC] SELL TIMEOUT check fast_exit
[17:31:21.507] [EXEC] [EXEC] FORCE EXIT hard_sl_triggered
[17:31:21.507] [EXEC] [EXEC] HARD SL triggered
[17:31:21.507] [EXEC] [EXEC] PANIC EXIT sl_mode
[17:31:21.507] [EXEC] [EXEC] FORCE EXIT price=81583.00
[17:31:21.507] [EXEC] [EXEC] PLACE SELL price=81583.00 qty=0.122580
[17:31:21.788] [EXEC] [EXEC] PANIC START price=81583.00
[17:31:21.788] [EXEC] [EXEC] SELL ORDER SENT orderId=383063332
[17:31:25.569] [EXEC] [EXEC] PANIC WAIT still_open orderId=383063332
[17:31:25.569] [EXEC] [EXEC] PANIC HOLD active orderId=383063332
[17:31:27.972] [EXEC] [EXEC] PANIC HOLD active orderId=383063332
[17:31:28.788] [EXEC] [EXEC] PANIC WAIT still_open orderId=383063332
[17:31:28.788] [EXEC] [EXEC] PANIC HOLD active orderId=383063332
[17:31:32.006] [EXEC] [EXEC] PANIC WAIT still_open orderId=383063332
[17:31:32.022] [EXEC] [EXEC] PANIC HOLD active orderId=383063332
[17:31:33.569] [EXEC] [EXEC] PANIC HOLD active orderId=383063332
[17:31:35.699] [EXEC] [EXEC] PANIC WAIT still_open orderId=383063332
[17:31:35.703] [EXEC] [EXEC] PANIC HOLD active orderId=383063332
[17:31:37.694] [EXEC] [EXEC] FIFO CLOSE qty=0.122580 entry=81576.27 exit=81583.00 pnl=+0.824963
[17:31:37.694] [EXEC] [EXEC] CHUNK CLOSED entry=81576.27
[17:31:37.710] [EXEC] [EXEC] REALIZED pnl=+0.824963
[17:31:37.710] [EXEC] [EXEC] SELL ACCOUNTING RESET flat
[17:31:37.710] [EXEC] [EXEC] CYCLE CLOSED pnl=+0.824963
[17:31:37.710] [EXEC] [EXEC] SESSION realized=-5.651339 wins=11 losses=6
[17:31:37.710] [EXEC] [EXEC] SELL ACCOUNTING RESET flat
[17:31:37.710] [EXEC] [EXEC] CYCLE SKIP no_fifo_pnl
[17:31:37.710] [EXEC] [EXEC] SELL FILLED id=383063332
[17:31:37.710] [EXEC] [EXEC] SELL FILLED qty=0.122580 remaining=0.000000
[17:31:37.710] [EXEC] [EXEC] PANIC FILLED
[17:31:37.710] [EXEC] [EXEC] PANIC RESET
[17:31:37.726] [EXEC] [EXEC] SELL ACCOUNTING RESET flat
[17:31:37.726] [EXEC] [EXEC] CYCLE SKIP no_fifo_pnl
[17:31:41.497] [EXEC] [EXEC] SELL ACCOUNTING RESET new_cycle
[17:31:41.502] [EXEC] [EXEC] BUY ORDER SENT orderId=383063885 price=81596.68 qty=0.122550
[17:31:41.503] [EXEC] [EXEC] PLACE BUY price=81596.68 qty=0.122550
[17:31:46.057] [EXEC] [EXEC] BUY FILL UPDATE delta=0.122550 avg=81596.68
[17:31:46.060] [EXEC] [EXEC] CHUNK ADD qty=0.122550 entry=81596.68
[17:31:46.061] [EXEC] [EXEC] CHUNK COUNT n=1
[17:31:46.063] [EXEC] [EXEC] INVENTORY qty=0.122550
[17:31:46.064] [EXEC] [EXEC] SELL REQUIRED inventory=0.122550
[17:31:46.066] [EXEC] [EXEC] SELL CHECK inventory=0.122550 reported=0.000000 remaining=0.122550 chunks=1
[17:31:46.068] [EXEC] [EXEC] PLACE SELL price=81604.94 qty=0.122550
[17:31:46.381] [EXEC] [EXEC] SELL ORDER SENT orderId=383064150
[17:31:47.990] [EXEC] [EXEC] RECOVERY WAIT hard_sl_pending_recovery
[17:31:49.402] [EXEC] [EXEC] RECOVERY WAIT hard_sl_pending_recovery
[17:31:49.709] [EXEC] [EXEC] SELL TIMEOUT orderId=383064150
[17:31:49.709] [EXEC] [EXEC] CANCEL SELL orderId=383064150
[17:31:51.270] [EXEC] [EXEC] SELL FINAL STATUS status=CANCELED orderId=383064150
[17:31:51.274] [EXEC] [EXEC] SELL TIMEOUT check fast_exit
[17:31:51.276] [EXEC] [EXEC] FORCE EXIT hard_sl_triggered
[17:31:51.278] [EXEC] [EXEC] HARD SL triggered
[17:31:51.281] [EXEC] [EXEC] PANIC EXIT sl_mode
[17:31:51.282] [EXEC] [EXEC] FORCE EXIT price=81592.99
[17:31:51.284] [EXEC] [EXEC] PLACE SELL price=81592.99 qty=0.122550
[17:31:51.568] [EXEC] [EXEC] PANIC START price=81592.99
[17:31:51.568] [EXEC] [EXEC] SELL ORDER SENT orderId=383064426
[17:31:53.213] [EXEC] [EXEC] PANIC WAIT still_open orderId=383064426
[17:31:53.218] [EXEC] [EXEC] PANIC HOLD active orderId=383064426
[17:31:57.278] [EXEC] [EXEC] FIFO CLOSE qty=0.122550 entry=81596.68 exit=81592.99 pnl=-0.452210
[17:31:57.282] [EXEC] [EXEC] CHUNK CLOSED entry=81596.68
[17:31:57.285] [EXEC] [EXEC] REALIZED pnl=-0.452210
[17:31:57.287] [EXEC] [EXEC] SELL ACCOUNTING RESET flat
[17:31:57.289] [EXEC] [EXEC] CYCLE CLOSED pnl=-0.452210
[17:31:57.291] [EXEC] [EXEC] SESSION realized=-6.103549 wins=11 losses=7
[17:31:58.662] [EXEC] [EXEC] SELL ACCOUNTING RESET new_cycle
[17:31:58.662] [EXEC] [EXEC] BUY ORDER SENT orderId=383064825 price=81588.05 qty=0.122560
[17:31:58.662] [EXEC] [EXEC] PLACE BUY price=81588.05 qty=0.122560
[17:31:59.209] [EXEC] [EXEC] BUY FILL UPDATE delta=0.122560 avg=81588.05
[17:31:59.209] [EXEC] [EXEC] CHUNK ADD qty=0.122560 entry=81588.05
[17:31:59.209] [EXEC] [EXEC] CHUNK COUNT n=1
[17:31:59.209] [EXEC] [EXEC] INVENTORY qty=0.122560
[17:31:59.225] [EXEC] [EXEC] SELL REQUIRED inventory=0.122560
[17:31:59.554] [EXEC] [EXEC] SELL CHECK inventory=0.122560 reported=0.000000 remaining=0.122560 chunks=1
[17:31:59.554] [EXEC] [EXEC] PLACE SELL price=81592.07 qty=0.122560
[17:31:59.848] [EXEC] [EXEC] SELL ORDER SENT orderId=383064892
[17:32:01.046] [EXEC] [EXEC] FIFO CLOSE qty=0.122560 entry=81588.05 exit=81592.07 pnl=+0.492691
[17:32:01.051] [EXEC] [EXEC] CHUNK CLOSED entry=81588.05
[17:32:01.051] [EXEC] [EXEC] REALIZED pnl=+0.492691
[17:32:01.056] [EXEC] [EXEC] SELL ACCOUNTING RESET flat
[17:32:01.056] [EXEC] [EXEC] CYCLE CLOSED pnl=+0.492691
[17:32:01.056] [EXEC] [EXEC] SESSION realized=-5.610858 wins=12 losses=7
[17:32:01.600] [EXEC] [EXEC] SELL ACCOUNTING RESET new_cycle
[17:32:01.600] [EXEC] [EXEC] BUY ORDER SENT orderId=383064995 price=81594.20 qty=0.122550
[17:32:01.600] [EXEC] [EXEC] PLACE BUY price=81594.20 qty=0.122550
[17:32:02.713] [EXEC] [EXEC] BUY FILL UPDATE delta=0.122550 avg=81594.20
[17:32:02.715] [EXEC] [EXEC] CHUNK ADD qty=0.122550 entry=81594.20
[17:32:02.716] [EXEC] [EXEC] CHUNK COUNT n=1
[17:32:02.718] [EXEC] [EXEC] INVENTORY qty=0.122550
[17:32:02.719] [EXEC] [EXEC] SELL REQUIRED inventory=0.122550
[17:32:02.835] [EXEC] [EXEC] SELL CHECK inventory=0.122550 reported=0.000000 remaining=0.122550 chunks=1
[17:32:02.840] [EXEC] [EXEC] PLACE SELL price=81594.24 qty=0.122550
[17:32:03.099] [EXEC] [EXEC] SELL ORDER SENT orderId=383065154
[17:32:04.226] [EXEC] [EXEC] FIFO CLOSE qty=0.122550 entry=81594.20 exit=81594.23 pnl=+0.003676
[17:32:04.226] [EXEC] [EXEC] CHUNK CLOSED entry=81594.20
[17:32:04.226] [EXEC] [EXEC] REALIZED pnl=+0.003676
[17:32:04.226] [EXEC] [EXEC] SELL ACCOUNTING RESET flat
[17:32:04.226] [EXEC] [EXEC] CYCLE CLOSED pnl=+0.003676
[17:32:04.226] [EXEC] [EXEC] SESSION realized=-5.607181 wins=13 losses=7
[17:32:05.495] [EXEC] [EXEC] SELL ACCOUNTING RESET new_cycle
[17:32:05.499] [EXEC] [EXEC] BUY ORDER SENT orderId=383065229 price=81589.62 qty=0.122560
[17:32:05.500] [EXEC] [EXEC] PLACE BUY price=81589.62 qty=0.122560
[17:32:06.600] [EXEC] [EXEC] BUY FILL UPDATE delta=0.122560 avg=81589.62
[17:32:06.600] [EXEC] [EXEC] CHUNK ADD qty=0.122560 entry=81589.62
[17:32:06.600] [EXEC] [EXEC] CHUNK COUNT n=1
[17:32:06.600] [EXEC] [EXEC] INVENTORY qty=0.122560
[17:32:06.600] [EXEC] [EXEC] SELL REQUIRED inventory=0.122560
[17:32:07.256] [EXEC] [EXEC] SELL CHECK inventory=0.122560 reported=0.000000 remaining=0.122560 chunks=1
[17:32:07.256] [EXEC] [EXEC] PLACE SELL price=81589.66 qty=0.122560
[17:32:07.554] [EXEC] [EXEC] SELL ORDER SENT orderId=383065334
[17:32:09.569] [EXEC] [EXEC] FIFO CLOSE qty=0.000070 entry=81589.62 exit=81589.65 pnl=+0.000002
[17:32:09.569] [EXEC] [EXEC] REALIZED pnl=+0.000002
[17:32:09.569] [EXEC] [EXEC] SELL PARTIAL delta=0.000070
[17:32:09.569] [EXEC] [EXEC] INVENTORY remaining=0.122490
[17:32:09.585] [EXEC] [EXEC] PANIC PARTIAL filled=0.000070 remaining=0.122490
[17:32:11.287] [EXEC] [EXEC] PANIC WAIT still_open orderId=383065334
[17:32:11.287] [EXEC] [EXEC] PANIC STALE detected orderId=383065334
[17:32:11.287] [EXEC] [EXEC] PANIC ESCALATE old=81592.99 new=81586.00 qty=0.122490
[17:32:12.109] [EXEC] [EXEC] PANIC ESCALATE placed orderId=383065396
[17:32:15.241] [EXEC] [EXEC] PANIC WAIT still_open orderId=383065396
[17:32:15.241] [EXEC] [EXEC] PANIC HOLD active orderId=383065396
[17:32:18.033] [EXEC] [EXEC] FIFO CLOSE qty=0.122420 entry=81589.62 exit=81586.00 pnl=-0.443160
[17:32:18.038] [EXEC] [EXEC] REALIZED pnl=-0.443160
[17:32:18.041] [EXEC] [EXEC] SELL PARTIAL delta=0.122420
[17:32:18.043] [EXEC] [EXEC] INVENTORY remaining=0.000070
[17:32:18.044] [EXEC] [EXEC] SELL FILLED id=383065396
[17:32:18.046] [EXEC] [EXEC] SELL FILLED qty=0.122490 remaining=0.000070
[17:32:18.569] [EXEC] [EXEC] SELL CHECK inventory=0.000070 reported=0.000000 remaining=0.000070 chunks=1
[17:32:18.569] [EXEC] [EXEC] PLACE SELL price=81589.66 qty=0.000070
[17:32:20.789] [EXEC] [EXEC] SELL CHECK inventory=0.000070 reported=0.000000 remaining=0.000070 chunks=1
[17:32:20.789] [EXEC] [EXEC] PLACE SELL price=81589.66 qty=0.000070
[17:32:21.085] [EXEC] [EXEC] SELL CHECK inventory=0.000070 reported=0.000000 remaining=0.000070 chunks=1
[17:32:21.085] [EXEC] [EXEC] PLACE SELL price=81589.66 qty=0.000070
[17:32:22.319] [EXEC] [EXEC] SELL CHECK inventory=0.000070 reported=0.000000 remaining=0.000070 chunks=1
[17:32:22.319] [EXEC] [EXEC] PLACE SELL price=81589.66 qty=0.000070
[17:32:23.569] [EXEC] [EXEC] SELL CHECK inventory=0.000070 reported=0.000000 remaining=0.000070 chunks=1
[17:32:23.572] [EXEC] [EXEC] PLACE SELL price=81589.66 qty=0.000070
[17:32:24.819] [EXEC] [EXEC] SELL CHECK inventory=0.000070 reported=0.000000 remaining=0.000070 chunks=1
[17:32:24.819] [EXEC] [EXEC] PLACE SELL price=81589.66 qty=0.000070
[17:32:26.955] [EXEC] [EXEC] SELL CHECK inventory=0.000070 reported=0.000000 remaining=0.000070 chunks=1
[17:32:26.959] [EXEC] [EXEC] PLACE SELL price=81589.66 qty=0.000070
[17:32:27.350] [EXEC] [EXEC] SELL CHECK inventory=0.000070 reported=0.000000 remaining=0.000070 chunks=1
[17:32:27.350] [EXEC] [EXEC] PLACE SELL price=81589.66 qty=0.000070
[17:32:27.663] [EXEC] [EXEC] SELL CHECK inventory=0.000070 reported=0.000000 remaining=0.000070 chunks=1
[17:32:27.663] [EXEC] [EXEC] PLACE SELL price=81589.66 qty=0.000070
[17:32:28.905] [EXEC] [EXEC] SELL CHECK inventory=0.000070 reported=0.000000 remaining=0.000070 chunks=1
[17:32:28.905] [EXEC] [EXEC] PLACE SELL price=81589.66 qty=0.000070
[17:32:30.460] [EXEC] [EXEC] SELL CHECK inventory=0.000070 reported=0.000000 remaining=0.000070 chunks=1
[17:32:30.460] [EXEC] [EXEC] PLACE SELL price=81589.66 qty=0.000070
[17:32:32.272] [EXEC] [EXEC] SELL CHECK inventory=0.000070 reported=0.000000 remaining=0.000070 chunks=1
[17:32:32.272] [EXEC] [EXEC] PLACE SELL price=81589.66 qty=0.000070
[17:32:32.978] [EXEC] [EXEC] SELL CHECK inventory=0.000070 reported=0.000000 remaining=0.000070 chunks=1
[17:32:32.978] [EXEC] [EXEC] PLACE SELL price=81589.66 qty=0.000070
[17:32:34.697] [EXEC] [EXEC] SELL CHECK inventory=0.000070 reported=0.000000 remaining=0.000070 chunks=1
[17:32:34.700] [EXEC] [EXEC] PLACE SELL price=81589.66 qty=0.000070
[17:32:35.804] [EXEC] [EXEC] SELL CHECK inventory=0.000070 reported=0.000000 remaining=0.000070 chunks=1
[17:32:35.804] [EXEC] [EXEC] PLACE SELL price=81589.66 qty=0.000070
[17:32:37.241] [EXEC] [EXEC] SELL CHECK inventory=0.000070 reported=0.000000 remaining=0.000070 chunks=1
[17:32:37.241] [EXEC] [EXEC] PLACE SELL price=81589.66 qty=0.000070
[17:32:38.038] [EXEC] [EXEC] SELL CHECK inventory=0.000070 reported=0.000000 remaining=0.000070 chunks=1
[17:32:38.044] [EXEC] [EXEC] PLACE SELL price=81597.99 qty=0.000070
[17:32:39.977] [EXEC] [EXEC] SELL CHECK inventory=0.000070 reported=0.000000 remaining=0.000070 chunks=1
[17:32:39.993] [EXEC] [EXEC] PLACE SELL price=81597.99 qty=0.000070
[17:32:40.553] [EXEC] [EXEC] SELL CHECK inventory=0.000070 reported=0.000000 remaining=0.000070 chunks=1
[17:32:40.553] [EXEC] [EXEC] PLACE SELL price=81597.87 qty=0.000070
[17:32:42.303] [EXEC] [EXEC] SELL CHECK inventory=0.000070 reported=0.000000 remaining=0.000070 chunks=1
[17:32:42.303] [EXEC] [EXEC] PLACE SELL price=81599.99 qty=0.000070
[17:32:43.068] [EXEC] [EXEC] SELL CHECK inventory=0.000070 reported=0.000000 remaining=0.000070 chunks=1
[17:32:43.073] [EXEC] [EXEC] PLACE SELL price=81615.81 qty=0.000070
[17:32:44.837] [EXEC] [EXEC] SELL CHECK inventory=0.000070 reported=0.000000 remaining=0.000070 chunks=1
[17:32:44.837] [EXEC] [EXEC] PLACE SELL price=81627.46 qty=0.000070
[17:32:45.553] [EXEC] [EXEC] SELL CHECK inventory=0.000070 reported=0.000000 remaining=0.000070 chunks=1
[17:32:45.553] [EXEC] [EXEC] PLACE SELL price=81631.99 qty=0.000070
[17:32:47.553] [EXEC] [EXEC] SELL CHECK inventory=0.000070 reported=0.000000 remaining=0.000070 chunks=1
[17:32:47.553] [EXEC] [EXEC] PLACE SELL price=81629.27 qty=0.000070
[17:32:48.071] [EXEC] [EXEC] SELL CHECK inventory=0.000070 reported=0.000000 remaining=0.000070 chunks=1
[17:32:48.073] [EXEC] [EXEC] PLACE SELL price=81631.51 qty=0.000070
[17:32:50.048] [EXEC] [EXEC] SELL CHECK inventory=0.000070 reported=0.000000 remaining=0.000070 chunks=1
[17:32:50.051] [EXEC] [EXEC] PLACE SELL price=81637.73 qty=0.000070
[17:32:51.272] [EXEC] [EXEC] SELL CHECK inventory=0.000070 reported=0.000000 remaining=0.000070 chunks=1
[17:32:51.272] [EXEC] [EXEC] PLACE SELL price=81637.54 qty=0.000070
[17:32:51.857] [EXEC] [EXEC] SELL CHECK inventory=0.000070 reported=0.000000 remaining=0.000070 chunks=1
[17:32:51.858] [EXEC] [EXEC] PLACE SELL price=81637.10 qty=0.000070
[17:32:52.178] [EXEC] [EXEC] SELL CHECK inventory=0.000070 reported=0.000000 remaining=0.000070 chunks=1
[17:32:52.178] [EXEC] [EXEC] PLACE SELL price=81636.34 qty=0.000070
[17:32:53.834] [EXEC] [EXEC] SELL CHECK inventory=0.000070 reported=0.000000 remaining=0.000070 chunks=1
[17:32:53.834] [EXEC] [EXEC] PLACE SELL price=81631.99 qty=0.000070
[17:32:54.678] [EXEC] [EXEC] SELL CHECK inventory=0.000070 reported=0.000000 remaining=0.000070 chunks=1
[17:32:54.678] [EXEC] [EXEC] PLACE SELL price=81631.98 qty=0.000070
[17:32:56.316] [EXEC] [EXEC] SELL CHECK inventory=0.000070 reported=0.000000 remaining=0.000070 chunks=1
[17:32:56.320] [EXEC] [EXEC] PLACE SELL price=81631.98 qty=0.000070
[17:32:56.912] [EXEC] [EXEC] SELL CHECK inventory=0.000070 reported=0.000000 remaining=0.000070 chunks=1
[17:32:56.912] [EXEC] [EXEC] PLACE SELL price=81636.60 qty=0.000070
[17:32:57.217] [EXEC] [EXEC] SELL CHECK inventory=0.000070 reported=0.000000 remaining=0.000070 chunks=1
[17:32:57.219] [EXEC] [EXEC] PLACE SELL price=81636.60 qty=0.000070
[17:32:58.839] [EXEC] [EXEC] SELL CHECK inventory=0.000070 reported=0.000000 remaining=0.000070 chunks=1
[17:32:58.842] [EXEC] [EXEC] PLACE SELL price=81636.35 qty=0.000070
[17:32:59.741] [EXEC] [EXEC] SELL CHECK inventory=0.000070 reported=0.000000 remaining=0.000070 chunks=1
[17:32:59.741] [EXEC] [EXEC] PLACE SELL price=81635.97 qty=0.000070
[17:33:01.662] [EXEC] [EXEC] SELL CHECK inventory=0.000070 reported=0.000000 remaining=0.000070 chunks=1
[17:33:01.678] [EXEC] [EXEC] PLACE SELL price=81634.71 qty=0.000070
[17:33:02.243] [EXEC] [EXEC] SELL CHECK inventory=0.000070 reported=0.000000 remaining=0.000070 chunks=1
[17:33:02.247] [EXEC] [EXEC] PLACE SELL price=81634.38 qty=0.000070
[17:33:03.892] [EXEC] [EXEC] SELL CHECK inventory=0.000070 reported=0.000000 remaining=0.000070 chunks=1
[17:33:03.892] [EXEC] [EXEC] PLACE SELL price=81632.18 qty=0.000070
[17:33:05.101] [EXEC] [EXEC] SELL CHECK inventory=0.000070 reported=0.000000 remaining=0.000070 chunks=1
[17:33:05.105] [EXEC] [EXEC] PLACE SELL price=81637.52 qty=0.000070
[17:33:07.350] [EXEC] [EXEC] SELL CHECK inventory=0.000070 reported=0.000000 remaining=0.000070 chunks=1
[17:33:07.350] [EXEC] [EXEC] PLACE SELL price=81634.68 qty=0.000070
[17:33:07.919] [EXEC] [EXEC] SELL CHECK inventory=0.000070 reported=0.000000 remaining=0.000070 chunks=1
[17:33:07.922] [EXEC] [EXEC] PLACE SELL price=81634.68 qty=0.000070
[17:33:09.803] [EXEC] [EXEC] SELL CHECK inventory=0.000070 reported=0.000000 remaining=0.000070 chunks=1
[17:33:09.803] [EXEC] [EXEC] PLACE SELL price=81637.73 qty=0.000070
[17:33:11.058] [EXEC] [EXEC] SELL CHECK inventory=0.000070 reported=0.000000 remaining=0.000070 chunks=1
[17:33:11.060] [EXEC] [EXEC] PLACE SELL price=81637.73 qty=0.000070
[17:33:11.362] [EXEC] [EXEC] SELL CHECK inventory=0.000070 reported=0.000000 remaining=0.000070 chunks=1
[17:33:11.363] [EXEC] [EXEC] PLACE SELL price=81637.73 qty=0.000070
[17:33:12.616] [EXEC] [EXEC] SELL CHECK inventory=0.000070 reported=0.000000 remaining=0.000070 chunks=1
[17:33:12.621] [EXEC] [EXEC] PLACE SELL price=81635.42 qty=0.000070
[17:33:13.867] [EXEC] [EXEC] SELL CHECK inventory=0.000070 reported=0.000000 remaining=0.000070 chunks=1
[17:33:13.872] [EXEC] [EXEC] PLACE SELL price=81635.00 qty=0.000070
[17:33:15.118] [EXEC] [EXEC] SELL CHECK inventory=0.000070 reported=0.000000 remaining=0.000070 chunks=1
[17:33:15.123] [EXEC] [EXEC] PLACE SELL price=81634.60 qty=0.000070
[17:33:15.922] [EXEC] [EXEC] SELL CHECK inventory=0.000070 reported=0.000000 remaining=0.000070 chunks=1
[17:33:15.922] [EXEC] [EXEC] PLACE SELL price=81636.07 qty=0.000070
[17:33:16.695] [EXEC] [EXEC] SELL CHECK inventory=0.000070 reported=0.000000 remaining=0.000070 chunks=1
[17:33:16.700] [EXEC] [EXEC] PLACE SELL price=81646.90 qty=0.000070
[17:33:18.522] [EXEC] [EXEC] SELL CHECK inventory=0.000070 reported=0.000000 remaining=0.000070 chunks=1
[17:33:18.522] [EXEC] [EXEC] PLACE SELL price=81650.85 qty=0.000070
[17:33:19.195] [EXEC] [EXEC] SELL CHECK inventory=0.000070 reported=0.000000 remaining=0.000070 chunks=1
[17:33:19.200] [EXEC] [EXEC] PLACE SELL price=81649.64 qty=0.000070
[17:33:20.758] [EXEC] [EXEC] SELL CHECK inventory=0.000070 reported=0.000000 remaining=0.000070 chunks=1
[17:33:20.762] [EXEC] [EXEC] PLACE SELL price=81652.78 qty=0.000070
[17:33:22.460] [EXEC] [EXEC] SELL CHECK inventory=0.000070 reported=0.000000 remaining=0.000070 chunks=1
[17:33:22.460] [EXEC] [EXEC] PLACE SELL price=81651.42 qty=0.000070
[17:33:23.259] [EXEC] [EXEC] SELL CHECK inventory=0.000070 reported=0.000000 remaining=0.000070 chunks=1
[17:33:23.262] [EXEC] [EXEC] PLACE SELL price=81651.11 qty=0.000070
[17:33:25.034] [EXEC] [EXEC] SELL CHECK inventory=0.000070 reported=0.000000 remaining=0.000070 chunks=1
[17:33:25.034] [EXEC] [EXEC] PLACE SELL price=81650.41 qty=0.000070
[17:33:25.762] [EXEC] [EXEC] SELL CHECK inventory=0.000070 reported=0.000000 remaining=0.000070 chunks=1
[17:33:25.764] [EXEC] [EXEC] PLACE SELL price=81648.00 qty=0.000070
[17:33:27.793] [EXEC] [EXEC] SELL CHECK inventory=0.000070 reported=0.000000 remaining=0.000070 chunks=1
[17:33:27.794] [EXEC] [EXEC] PLACE SELL price=81647.99 qty=0.000070
[17:33:28.259] [EXEC] [EXEC] SELL CHECK inventory=0.000070 reported=0.000000 remaining=0.000070 chunks=1
[17:33:28.261] [EXEC] [EXEC] PLACE SELL price=81647.99 qty=0.000070
[17:33:29.821] [EXEC] [EXEC] SELL CHECK inventory=0.000070 reported=0.000000 remaining=0.000070 chunks=1
[17:33:29.825] [EXEC] [EXEC] PLACE SELL price=81639.99 qty=0.000070
[17:33:31.887] [EXEC] [EXEC] SELL CHECK inventory=0.000070 reported=0.000000 remaining=0.000070 chunks=1
[17:33:31.905] [EXEC] [EXEC] PLACE SELL price=81639.98 qty=0.000070
[17:35:42.366] [EXEC] [EXEC] LIVE ON
[17:35:42.366] [EXEC] [EXEC] WAIT READY
[17:35:42.881] [EXEC] [EXEC] SELL ACCOUNTING RESET new_cycle
[17:35:42.897] [EXEC] [EXEC] BUY ORDER SENT orderId=383075825 price=81689.39 qty=0.244820
[17:35:42.897] [EXEC] [EXEC] PLACE BUY price=81689.39 qty=0.244820
[17:35:46.011] [EXEC] [EXEC] BUY FILL UPDATE delta=0.244820 avg=81689.39
[17:35:46.014] [EXEC] [EXEC] CHUNK ADD qty=0.244820 entry=81689.39
[17:35:46.016] [EXEC] [EXEC] CHUNK COUNT n=1
[17:35:46.017] [EXEC] [EXEC] INVENTORY qty=0.244820
[17:35:46.018] [EXEC] [EXEC] SELL REQUIRED inventory=0.244820
[17:35:46.020] [EXEC] [EXEC] BUY PARTIAL delta=0.244820 total=0.244820
[17:35:46.021] [EXEC] [EXEC] BUY REMAINING qty=0.000000
[17:35:46.022] [EXEC] [EXEC] BUY FILLED id=383075825
[17:35:46.055] [EXEC] [EXEC] SELL CHECK inventory=0.244820 reported=0.000000 remaining=0.244820 chunks=1
[17:35:46.055] [EXEC] [EXEC] PLACE SELL price=81696.00 qty=0.244820
[17:35:46.318] [EXEC] [EXEC] SELL ORDER SENT orderId=383075993
[17:35:46.855] [EXEC] [EXEC] FIFO CLOSE qty=0.244820 entry=81689.39 exit=81696.00 pnl=+1.618260
[17:35:46.860] [EXEC] [EXEC] CHUNK CLOSED entry=81689.39
[17:35:46.860] [EXEC] [EXEC] REALIZED pnl=+1.618260
[17:35:46.860] [EXEC] [EXEC] SELL ACCOUNTING RESET flat
[17:35:46.860] [EXEC] [EXEC] CYCLE CLOSED pnl=+1.618260
[17:35:46.860] [EXEC] [EXEC] SESSION realized=+1.618260 wins=1 losses=0
[17:35:48.100] [EXEC] [EXEC] SELL ACCOUNTING RESET new_cycle
[17:35:48.100] [EXEC] [EXEC] BUY ORDER SENT orderId=383076170 price=81698.43 qty=0.244800
[17:35:48.116] [EXEC] [EXEC] PLACE BUY price=81698.43 qty=0.244800
[17:35:51.022] [EXEC] [EXEC] BLOCK reason=balance_low
[17:35:52.569] [EXEC] [EXEC] BUY FILL UPDATE delta=0.244800 avg=81698.43
[17:35:52.584] [EXEC] [EXEC] CHUNK ADD qty=0.244800 entry=81698.43
[17:35:52.584] [EXEC] [EXEC] CHUNK COUNT n=1
[17:35:52.584] [EXEC] [EXEC] INVENTORY qty=0.244800
[17:35:52.584] [EXEC] [EXEC] SELL REQUIRED inventory=0.244800
[17:35:52.584] [EXEC] [EXEC] BUY PARTIAL delta=0.244800 total=0.244800
[17:35:52.584] [EXEC] [EXEC] BUY REMAINING qty=0.000000
[17:35:52.584] [EXEC] [EXEC] BUY FILLED id=383076170
[17:35:53.866] [EXEC] [EXEC] SELL CHECK inventory=0.244800 reported=0.000000 remaining=0.244800 chunks=1
[17:35:53.868] [EXEC] [EXEC] PLACE SELL price=81701.62 qty=0.244800
[17:35:54.139] [EXEC] [EXEC] SELL ORDER SENT orderId=383076484
[17:35:55.170] [EXEC] [EXEC] FIFO CLOSE qty=0.244800 entry=81698.43 exit=81701.62 pnl=+0.780912
[17:35:55.170] [EXEC] [EXEC] CHUNK CLOSED entry=81698.43
[17:35:55.170] [EXEC] [EXEC] REALIZED pnl=+0.780912
[17:35:55.170] [EXEC] [EXEC] SELL ACCOUNTING RESET flat
[17:35:55.186] [EXEC] [EXEC] CYCLE CLOSED pnl=+0.780912
[17:35:55.186] [EXEC] [EXEC] SESSION realized=+2.399172 wins=2 losses=0
[17:35:56.085] [EXEC] [EXEC] BLOCK reason=balance_low
[17:35:59.225] [EXEC] [EXEC] BLOCK reason=balance_low
[17:36:01.061] [EXEC] [EXEC] SELL ACCOUNTING RESET new_cycle
[17:36:01.062] [EXEC] [EXEC] BUY ORDER SENT orderId=383077085 price=81692.01 qty=0.244820
[17:36:01.067] [EXEC] [EXEC] PLACE BUY price=81692.01 qty=0.244820
[17:36:02.616] [EXEC] [EXEC] BUY FILL UPDATE delta=0.060460 avg=81692.01
[17:36:02.620] [EXEC] [EXEC] CHUNK ADD qty=0.060460 entry=81692.01
[17:36:02.621] [EXEC] [EXEC] CHUNK COUNT n=1
[17:36:02.622] [EXEC] [EXEC] INVENTORY qty=0.060460
[17:36:02.623] [EXEC] [EXEC] SELL REQUIRED inventory=0.060460
[17:36:02.624] [EXEC] [EXEC] BUY PARTIAL delta=0.060460 total=0.060460
[17:36:02.625] [EXEC] [EXEC] BUY REMAINING qty=0.184360
[17:36:04.340] [EXEC] [EXEC] BUY FILL UPDATE delta=0.184360 avg=81692.01
[17:36:04.342] [EXEC] [EXEC] CHUNK ADD qty=0.184360 entry=81692.01
[17:36:04.345] [EXEC] [EXEC] CHUNK COUNT n=2
[17:36:04.348] [EXEC] [EXEC] INVENTORY qty=0.244820
[17:36:04.349] [EXEC] [EXEC] SELL REQUIRED inventory=0.244820
[17:36:04.349] [EXEC] [EXEC] SELL CHECK inventory=0.244820 reported=0.000000 remaining=0.244820 chunks=2
[17:36:04.349] [EXEC] [EXEC] PLACE SELL price=81696.92 qty=0.244820
[17:36:04.648] [EXEC] [EXEC] SELL ORDER SENT orderId=383077217
[17:36:05.710] [EXEC] [EXEC] RECOVERY WAIT hard_sl_pending_recovery
[17:36:09.225] [EXEC] [EXEC] SELL TIMEOUT orderId=383077217
[17:36:09.225] [EXEC] [EXEC] CANCEL SELL orderId=383077217
[17:36:09.775] [EXEC] [EXEC] SELL FINAL STATUS status=CANCELED orderId=383077217
[17:36:09.777] [EXEC] [EXEC] SELL TIMEOUT check fast_exit
[17:36:09.778] [EXEC] [EXEC] FORCE EXIT hard_sl_triggered
[17:36:09.780] [EXEC] [EXEC] HARD SL triggered
[17:36:09.781] [EXEC] [EXEC] PANIC EXIT sl_mode
[17:36:09.782] [EXEC] [EXEC] FORCE EXIT price=81672.89
[17:36:09.783] [EXEC] [EXEC] PLACE SELL price=81672.89 qty=0.244820
[17:36:10.054] [EXEC] [EXEC] PANIC START price=81672.89
[17:36:10.059] [EXEC] [EXEC] SELL ORDER SENT orderId=383077551
[17:36:11.211] [EXEC] [EXEC] FIFO CLOSE qty=0.060460 entry=81692.01 exit=81672.89 pnl=-1.155995
[17:36:11.211] [EXEC] [EXEC] CHUNK CLOSED entry=81692.01
[17:36:11.211] [EXEC] [EXEC] FIFO CLOSE qty=0.184360 entry=81692.01 exit=81672.89 pnl=-3.524963
[17:36:11.211] [EXEC] [EXEC] CHUNK CLOSED entry=81692.01
[17:36:11.211] [EXEC] [EXEC] REALIZED pnl=-4.680958
[17:36:11.226] [EXEC] [EXEC] SELL ACCOUNTING RESET flat
[17:36:11.226] [EXEC] [EXEC] CYCLE CLOSED pnl=-4.680958
[17:36:11.226] [EXEC] [EXEC] SESSION realized=-2.281786 wins=2 losses=1
[17:36:11.226] [EXEC] [EXEC] SELL ACCOUNTING RESET flat
[17:36:11.226] [EXEC] [EXEC] CYCLE SKIP no_fifo_pnl
[17:36:11.226] [EXEC] [EXEC] SELL FILLED id=383077551
[17:36:11.226] [EXEC] [EXEC] SELL FILLED qty=0.244820 remaining=0.000000
[17:36:11.226] [EXEC] [EXEC] PANIC FILLED
[17:36:11.226] [EXEC] [EXEC] PANIC RESET
[17:36:11.226] [EXEC] [EXEC] SELL ACCOUNTING RESET flat
[17:36:11.226] [EXEC] [EXEC] CYCLE SKIP no_fifo_pnl
[17:36:11.993] [EXEC] [EXEC] SELL ACCOUNTING RESET new_cycle
[17:36:12.008] [EXEC] [EXEC] BUY ORDER SENT orderId=383077614 price=81669.28 qty=0.244890
[17:36:12.008] [EXEC] [EXEC] PLACE BUY price=81669.28 qty=0.244890
[17:36:16.726] [EXEC] [EXEC] BUY TIMEOUT orderId=383077614
[17:36:16.742] [EXEC] [EXEC] CANCEL BUY orderId=383077614
[17:36:17.006] [EXEC] [EXEC] BUY CANCELED confirmed
[17:36:17.273] [EXEC] [EXEC] BUY FINAL STATUS status=CANCELED orderId=383077614
[17:36:17.291] [EXEC] [EXEC] BLOCK reason=buy_not_filled
[17:36:20.225] [EXEC] [EXEC] SELL ACCOUNTING RESET new_cycle
[17:36:20.225] [EXEC] [EXEC] BUY ORDER SENT orderId=383077901 price=81678.83 qty=0.244860
[17:36:20.225] [EXEC] [EXEC] PLACE BUY price=81678.83 qty=0.244860
[17:36:21.459] [EXEC] [EXEC] BLOCK reason=balance_low
[17:36:23.021] [EXEC] [EXEC] BUY FILL UPDATE delta=0.244860 avg=81678.83
[17:36:23.037] [EXEC] [EXEC] CHUNK ADD qty=0.244860 entry=81678.83
[17:36:23.037] [EXEC] [EXEC] CHUNK COUNT n=1
[17:36:23.044] [EXEC] [EXEC] INVENTORY qty=0.244860
[17:36:23.047] [EXEC] [EXEC] SELL REQUIRED inventory=0.244860
[17:36:23.048] [EXEC] [EXEC] BUY PARTIAL delta=0.244860 total=0.244860
[17:36:23.049] [EXEC] [EXEC] BUY REMAINING qty=0.000000
[17:36:23.049] [EXEC] [EXEC] BUY FILLED id=383077901
[17:36:24.491] [EXEC] [EXEC] SELL CHECK inventory=0.244860 reported=0.000000 remaining=0.244860 chunks=1
[17:36:24.510] [EXEC] [EXEC] PLACE SELL price=81681.50 qty=0.244860
[17:36:24.772] [EXEC] [EXEC] SELL ORDER SENT orderId=383078284
[17:36:25.902] [EXEC] [EXEC] RECOVERY WAIT hard_sl_pending_recovery
[17:36:27.741] [EXEC] [EXEC] SELL TIMEOUT orderId=383078284
[17:36:27.741] [EXEC] [EXEC] CANCEL SELL orderId=383078284
[17:36:28.273] [EXEC] [EXEC] SELL FINAL STATUS status=CANCELED orderId=383078284
[17:36:28.273] [EXEC] [EXEC] SELL TIMEOUT check fast_exit
[17:36:28.288] [EXEC] [EXEC] FORCE EXIT hard_sl_triggered
[17:36:28.288] [EXEC] [EXEC] HARD SL triggered
[17:36:28.288] [EXEC] [EXEC] PANIC EXIT sl_mode
[17:36:28.288] [EXEC] [EXEC] FORCE EXIT price=81680.49
[17:36:28.288] [EXEC] [EXEC] PLACE SELL price=81680.49 qty=0.244860
[17:36:28.569] [EXEC] [EXEC] PANIC START price=81680.49
[17:36:28.569] [EXEC] [EXEC] SELL ORDER SENT orderId=383078357
[17:36:31.840] [EXEC] [EXEC] FIFO CLOSE qty=0.244860 entry=81678.83 exit=81680.49 pnl=+0.406468
[17:36:31.841] [EXEC] [EXEC] CHUNK CLOSED entry=81678.83
[17:36:31.842] [EXEC] [EXEC] REALIZED pnl=+0.406468
[17:36:31.842] [EXEC] [EXEC] SELL ACCOUNTING RESET flat
[17:36:31.842] [EXEC] [EXEC] CYCLE CLOSED pnl=+0.406468
[17:36:31.842] [EXEC] [EXEC] SESSION realized=-1.875319 wins=3 losses=1
[17:36:33.444] [EXEC] [EXEC] BLOCK reason=balance_low
[17:36:36.932] [EXEC] [EXEC] BLOCK reason=balance_low
[17:36:39.091] [EXEC] [EXEC] BLOCK reason=balance_low
[17:36:44.694] [EXEC] [EXEC] SELL ACCOUNTING RESET new_cycle
[17:36:44.709] [EXEC] [EXEC] BUY ORDER SENT orderId=383078904 price=81678.36 qty=0.244860
[17:36:44.709] [EXEC] [EXEC] PLACE BUY price=81678.36 qty=0.244860
[17:36:46.906] [EXEC] [EXEC] BUY FILL UPDATE delta=0.244860 avg=81678.36
[17:36:46.906] [EXEC] [EXEC] CHUNK ADD qty=0.244860 entry=81678.36
[17:36:46.906] [EXEC] [EXEC] CHUNK COUNT n=1
[17:36:46.922] [EXEC] [EXEC] INVENTORY qty=0.244860
[17:36:46.922] [EXEC] [EXEC] SELL REQUIRED inventory=0.244860
[17:36:46.922] [EXEC] [EXEC] BUY PARTIAL delta=0.244860 total=0.244860
[17:36:46.922] [EXEC] [EXEC] BUY REMAINING qty=0.000000
[17:36:46.922] [EXEC] [EXEC] BUY FILLED id=383078904
[17:36:48.443] [EXEC] [EXEC] SELL CHECK inventory=0.244860 reported=0.000000 remaining=0.244860 chunks=1
[17:36:48.443] [EXEC] [EXEC] PLACE SELL price=81690.78 qty=0.244860
[17:36:48.711] [EXEC] [EXEC] SELL ORDER SENT orderId=383079093
[17:36:49.963] [EXEC] [EXEC] FIFO CLOSE qty=0.244860 entry=81678.36 exit=81690.78 pnl=+3.041161
[17:36:49.964] [EXEC] [EXEC] CHUNK CLOSED entry=81678.36
[17:36:49.964] [EXEC] [EXEC] REALIZED pnl=+3.041161
[17:36:49.964] [EXEC] [EXEC] SELL ACCOUNTING RESET flat
[17:36:49.964] [EXEC] [EXEC] CYCLE CLOSED pnl=+3.041161
[17:36:49.964] [EXEC] [EXEC] SESSION realized=+1.165843 wins=4 losses=1
[17:36:49.969] [EXEC] [EXEC] SELL ACCOUNTING RESET flat
[17:36:49.970] [EXEC] [EXEC] CYCLE SKIP no_fifo_pnl
[17:36:49.970] [EXEC] [EXEC] SELL FILLED id=383079093
[17:36:49.970] [EXEC] [EXEC] SELL FILLED qty=0.244860 remaining=0.000000
[17:36:49.970] [EXEC] [EXEC] SELL ACCOUNTING RESET flat
[17:36:49.970] [EXEC] [EXEC] CYCLE SKIP no_fifo_pnl
[17:36:53.004] [EXEC] [EXEC] SELL ACCOUNTING RESET new_cycle
[17:36:53.004] [EXEC] [EXEC] BUY ORDER SENT orderId=383079552 price=81706.89 qty=0.244770
[17:36:53.004] [EXEC] [EXEC] PLACE BUY price=81706.89 qty=0.244770
[17:36:57.170] [EXEC] [EXEC] BUY FILL UPDATE delta=0.244770 avg=81706.89
[17:36:57.185] [EXEC] [EXEC] CHUNK ADD qty=0.244770 entry=81706.89
[17:36:57.185] [EXEC] [EXEC] CHUNK COUNT n=1
[17:36:57.185] [EXEC] [EXEC] INVENTORY qty=0.244770
[17:36:57.185] [EXEC] [EXEC] SELL REQUIRED inventory=0.244770
[17:36:57.185] [EXEC] [EXEC] SELL CHECK inventory=0.244770 reported=0.000000 remaining=0.244770 chunks=1
[17:36:57.185] [EXEC] [EXEC] PLACE SELL price=81720.00 qty=0.244770
[17:36:57.445] [EXEC] [EXEC] SELL ORDER SENT orderId=383080053
[17:37:00.631] [EXEC] [EXEC] SELL TIMEOUT orderId=383080053
[17:37:00.647] [EXEC] [EXEC] CANCEL SELL orderId=383080053
[17:37:01.188] [EXEC] [EXEC] SELL FINAL STATUS status=CANCELED orderId=383080053
[17:37:01.192] [EXEC] [EXEC] SELL TIMEOUT check fast_exit
[17:37:01.194] [EXEC] [EXEC] FAST SAFE EXIT price=81710.26 entry=81706.89 bid=81710.25
[17:37:01.194] [EXEC] [EXEC] SELL REPRICE old=81720.00 new=81719.99 count=1
[17:37:01.194] [EXEC] [EXEC] SELL REPLACE remaining=0.244770
[17:37:01.194] [EXEC] [EXEC] PLACE SELL price=81719.99 qty=0.244770
[17:37:01.469] [EXEC] [EXEC] SELL ORDER SENT orderId=383080178
[17:37:03.106] [EXEC] [EXEC] FIFO CLOSE qty=0.244770 entry=81706.89 exit=81719.99 pnl=+3.206487
[17:37:03.106] [EXEC] [EXEC] CHUNK CLOSED entry=81706.89
[17:37:03.106] [EXEC] [EXEC] REALIZED pnl=+3.206487
[17:37:03.106] [EXEC] [EXEC] SELL ACCOUNTING RESET flat
[17:37:03.106] [EXEC] [EXEC] CYCLE CLOSED pnl=+3.206487
[17:37:03.106] [EXEC] [EXEC] SESSION realized=+4.372330 wins=5 losses=1
[17:37:03.864] [EXEC] [EXEC] BLOCK reason=balance_low
[17:37:05.888] [EXEC] [EXEC] BLOCK reason=balance_low
[17:37:10.886] [EXEC] [EXEC] SELL ACCOUNTING RESET new_cycle
[17:37:10.890] [EXEC] [EXEC] BUY ORDER SENT orderId=383080680 price=81715.92 qty=0.244750
[17:37:10.890] [EXEC] [EXEC] PLACE BUY price=81715.92 qty=0.244750
[17:37:11.413] [EXEC] [EXEC] BUY FILL UPDATE delta=0.244750 avg=81715.92
[17:37:11.413] [EXEC] [EXEC] CHUNK ADD qty=0.244750 entry=81715.92
[17:37:11.429] [EXEC] [EXEC] CHUNK COUNT n=1
[17:37:11.429] [EXEC] [EXEC] INVENTORY qty=0.244750
[17:37:11.430] [EXEC] [EXEC] SELL REQUIRED inventory=0.244750
[17:37:11.725] [EXEC] [EXEC] SELL CHECK inventory=0.244750 reported=0.000000 remaining=0.244750 chunks=1
[17:37:11.725] [EXEC] [EXEC] PLACE SELL price=81717.52 qty=0.244750
[17:37:11.990] [EXEC] [EXEC] SELL ORDER SENT orderId=383080795
[17:37:12.788] [EXEC] [EXEC] RECOVERY WAIT hard_sl_pending_recovery
[17:37:13.054] [EXEC] [EXEC] FIFO CLOSE qty=0.244750 entry=81715.92 exit=81717.52 pnl=+0.391600
[17:37:13.058] [EXEC] [EXEC] CHUNK CLOSED entry=81715.92
[17:37:13.059] [EXEC] [EXEC] REALIZED pnl=+0.391600
[17:37:13.064] [EXEC] [EXEC] SELL ACCOUNTING RESET flat
[17:37:13.066] [EXEC] [EXEC] CYCLE CLOSED pnl=+0.391600
[17:37:13.066] [EXEC] [EXEC] SESSION realized=+4.763930 wins=6 losses=1
[17:37:13.066] [EXEC] [EXEC] SELL ACCOUNTING RESET flat
[17:37:13.066] [EXEC] [EXEC] CYCLE SKIP no_fifo_pnl
[17:37:13.070] [EXEC] [EXEC] SELL FILLED id=383080795
[17:37:13.071] [EXEC] [EXEC] SELL FILLED qty=0.244750 remaining=0.000000
[17:37:13.072] [EXEC] [EXEC] SELL ACCOUNTING RESET flat
[17:37:13.073] [EXEC] [EXEC] CYCLE SKIP no_fifo_pnl
[17:37:14.694] [EXEC] [EXEC] SELL ACCOUNTING RESET new_cycle
[17:37:14.694] [EXEC] [EXEC] BUY ORDER SENT orderId=383080958 price=81720.01 qty=0.244730
[17:37:14.694] [EXEC] [EXEC] PLACE BUY price=81720.01 qty=0.244730
[17:37:15.241] [EXEC] [EXEC] BUY FILL UPDATE delta=0.244730 avg=81720.01
[17:37:15.241] [EXEC] [EXEC] CHUNK ADD qty=0.244730 entry=81720.01
[17:37:15.241] [EXEC] [EXEC] CHUNK COUNT n=1
[17:37:15.241] [EXEC] [EXEC] INVENTORY qty=0.244730
[17:37:15.241] [EXEC] [EXEC] SELL REQUIRED inventory=0.244730
[17:37:15.288] [EXEC] [EXEC] SELL CHECK inventory=0.244730 reported=0.000000 remaining=0.244730 chunks=1
[17:37:15.288] [EXEC] [EXEC] PLACE SELL price=81720.05 qty=0.244730
[17:37:15.554] [EXEC] [EXEC] SELL ORDER SENT orderId=383080993
[17:37:16.858] [EXEC] [EXEC] RECOVERY WAIT hard_sl_pending_recovery
[17:37:18.710] [EXEC] [EXEC] SELL TIMEOUT orderId=383080993
[17:37:18.710] [EXEC] [EXEC] CANCEL SELL orderId=383080993
[17:37:19.257] [EXEC] [EXEC] SELL FINAL STATUS status=CANCELED orderId=383080993
[17:37:19.257] [EXEC] [EXEC] SELL TIMEOUT check fast_exit
[17:37:19.257] [EXEC] [EXEC] FORCE EXIT hard_sl_triggered
[17:37:19.257] [EXEC] [EXEC] HARD SL triggered
[17:37:19.257] [EXEC] [EXEC] PANIC EXIT sl_mode
[17:37:19.272] [EXEC] [EXEC] FORCE EXIT price=81704.99
[17:37:19.272] [EXEC] [EXEC] PLACE SELL price=81704.99 qty=0.244730
[17:37:19.553] [EXEC] [EXEC] PANIC START price=81704.99
[17:37:19.553] [EXEC] [EXEC] SELL ORDER SENT orderId=383081359
[17:37:21.220] [EXEC] [EXEC] PANIC WAIT still_open orderId=383081359
[17:37:21.223] [EXEC] [EXEC] PANIC HOLD active orderId=383081359
[17:37:23.256] [EXEC] [EXEC] FIFO CLOSE qty=0.244730 entry=81720.01 exit=81704.99 pnl=-3.675845
[17:37:23.256] [EXEC] [EXEC] CHUNK CLOSED entry=81720.01
[17:37:23.256] [EXEC] [EXEC] REALIZED pnl=-3.675845
[17:37:23.256] [EXEC] [EXEC] SELL ACCOUNTING RESET flat
[17:37:23.256] [EXEC] [EXEC] CYCLE CLOSED pnl=-3.675845
[17:37:23.256] [EXEC] [EXEC] SESSION realized=+1.088085 wins=6 losses=2
[17:37:23.256] [EXEC] [EXEC] SELL ACCOUNTING RESET flat
[17:37:23.271] [EXEC] [EXEC] CYCLE SKIP no_fifo_pnl
[17:37:23.271] [EXEC] [EXEC] SELL FILLED id=383081359
[17:37:23.271] [EXEC] [EXEC] SELL FILLED qty=0.244730 remaining=0.000000
[17:37:23.271] [EXEC] [EXEC] PANIC FILLED
[17:37:23.271] [EXEC] [EXEC] PANIC RESET
[17:37:23.271] [EXEC] [EXEC] SELL ACCOUNTING RESET flat
[17:37:23.271] [EXEC] [EXEC] CYCLE SKIP no_fifo_pnl
[17:37:23.271] [EXEC] [EXEC] BLOCK reason=balance_low
[17:37:25.490] [EXEC] [EXEC] BLOCK reason=balance_low
[17:37:30.870] [EXEC] [EXEC] SELL ACCOUNTING RESET new_cycle
[17:37:30.875] [EXEC] [EXEC] BUY ORDER SENT orderId=383081899 price=81722.51 qty=0.244730
[17:37:30.875] [EXEC] [EXEC] PLACE BUY price=81722.51 qty=0.244730
[17:37:31.412] [EXEC] [EXEC] BUY FILL UPDATE delta=0.244730 avg=81722.51
[17:37:31.428] [EXEC] [EXEC] CHUNK ADD qty=0.244730 entry=81722.51
[17:37:31.428] [EXEC] [EXEC] CHUNK COUNT n=1
[17:37:31.428] [EXEC] [EXEC] INVENTORY qty=0.244730
[17:37:31.428] [EXEC] [EXEC] SELL REQUIRED inventory=0.244730
[17:37:32.029] [EXEC] [EXEC] SELL CHECK inventory=0.244730 reported=0.000000 remaining=0.244730 chunks=1
[17:37:32.031] [EXEC] [EXEC] PLACE SELL price=81743.99 qty=0.244730
[17:37:32.303] [EXEC] [EXEC] SELL ORDER SENT orderId=383082133
[17:37:33.197] [EXEC] [EXEC] FIFO CLOSE qty=0.213880 entry=81722.51 exit=81743.99 pnl=+4.594142
[17:37:33.200] [EXEC] [EXEC] REALIZED pnl=+4.594142
[17:37:33.202] [EXEC] [EXEC] SELL PARTIAL delta=0.213880
[17:37:33.203] [EXEC] [EXEC] INVENTORY remaining=0.030850
[17:37:34.256] [EXEC] [EXEC] FIFO CLOSE qty=0.030850 entry=81722.51 exit=81743.99 pnl=+0.662658
[17:37:34.256] [EXEC] [EXEC] CHUNK CLOSED entry=81722.51
[17:37:34.256] [EXEC] [EXEC] REALIZED pnl=+0.662658
[17:37:34.256] [EXEC] [EXEC] SELL ACCOUNTING RESET flat
[17:37:34.256] [EXEC] [EXEC] CYCLE CLOSED pnl=+5.256800
[17:37:34.272] [EXEC] [EXEC] SESSION realized=+6.344885 wins=7 losses=2
[17:37:34.771] [EXEC] [EXEC] SELL ACCOUNTING RESET new_cycle
[17:37:34.771] [EXEC] [EXEC] BUY ORDER SENT orderId=383082316 price=81740.38 qty=0.244670
[17:37:34.771] [EXEC] [EXEC] PLACE BUY price=81740.38 qty=0.244670
[17:37:35.788] [EXEC] [EXEC] BUY FILL UPDATE delta=0.244670 avg=81740.38
[17:37:35.805] [EXEC] [EXEC] CHUNK ADD qty=0.244670 entry=81740.38
[17:37:35.808] [EXEC] [EXEC] CHUNK COUNT n=1
[17:37:35.810] [EXEC] [EXEC] INVENTORY qty=0.244670
[17:37:35.812] [EXEC] [EXEC] SELL REQUIRED inventory=0.244670
[17:37:36.055] [EXEC] [EXEC] SELL CHECK inventory=0.244670 reported=0.000000 remaining=0.244670 chunks=1
[17:37:36.058] [EXEC] [EXEC] PLACE SELL price=81743.99 qty=0.244670
[17:37:36.318] [EXEC] [EXEC] SELL ORDER SENT orderId=383082398
[17:37:37.397] [EXEC] [EXEC] FIFO CLOSE qty=0.244670 entry=81740.38 exit=81743.99 pnl=+0.883259
[17:37:37.397] [EXEC] [EXEC] CHUNK CLOSED entry=81740.38
[17:37:37.397] [EXEC] [EXEC] REALIZED pnl=+0.883259
[17:37:37.397] [EXEC] [EXEC] SELL ACCOUNTING RESET flat
[17:37:37.397] [EXEC] [EXEC] CYCLE CLOSED pnl=+0.883259
[17:37:37.397] [EXEC] [EXEC] SESSION realized=+7.228144 wins=8 losses=2
[17:37:38.819] [EXEC] [EXEC] SELL ACCOUNTING RESET new_cycle
[17:37:38.819] [EXEC] [EXEC] BUY ORDER SENT orderId=383082707 price=81757.57 qty=0.244620
[17:37:38.834] [EXEC] [EXEC] PLACE BUY price=81757.57 qty=0.244620
[17:37:41.179] [EXEC] [EXEC] BLOCK reason=balance_low
[17:37:42.594] [EXEC] [EXEC] BUY TIMEOUT orderId=383082707
[17:37:42.597] [EXEC] [EXEC] CANCEL BUY orderId=383082707
[17:37:42.862] [EXEC] [EXEC] BUY CANCELED confirmed
[17:37:43.131] [EXEC] [EXEC] BUY FINAL STATUS status=CANCELED orderId=383082707
[17:37:43.134] [EXEC] [EXEC] BLOCK reason=buy_not_filled
[17:37:48.890] [EXEC] [EXEC] BLOCK reason=balance_low
[17:37:50.774] [EXEC] [EXEC] SELL ACCOUNTING RESET new_cycle
[17:37:50.778] [EXEC] [EXEC] BUY ORDER SENT orderId=383083433 price=81741.62 qty=0.244670
[17:37:50.779] [EXEC] [EXEC] PLACE BUY price=81741.62 qty=0.244670
[17:37:56.506] [EXEC] [EXEC] BUY TIMEOUT orderId=383083433
[17:37:56.506] [EXEC] [EXEC] CANCEL BUY orderId=383083433
[17:37:56.788] [EXEC] [EXEC] BUY CANCELED confirmed
[17:37:57.061] [EXEC] [EXEC] BUY FINAL STATUS status=CANCELED orderId=383083433
[17:37:57.061] [EXEC] [EXEC] BLOCK reason=buy_not_filled
[17:37:59.273] [EXEC] [EXEC] SELL ACCOUNTING RESET new_cycle
[17:37:59.273] [EXEC] [EXEC] BUY ORDER SENT orderId=383083735 price=81748.54 qty=0.244650
[17:37:59.273] [EXEC] [EXEC] PLACE BUY price=81748.54 qty=0.244650
[17:38:01.741] [EXEC] [EXEC] BUY FILL UPDATE delta=0.244650 avg=81748.54
[17:38:01.743] [EXEC] [EXEC] CHUNK ADD qty=0.244650 entry=81748.54
[17:38:01.746] [EXEC] [EXEC] CHUNK COUNT n=1
[17:38:01.748] [EXEC] [EXEC] INVENTORY qty=0.244650
[17:38:01.749] [EXEC] [EXEC] SELL REQUIRED inventory=0.244650
[17:38:01.751] [EXEC] [EXEC] SELL CHECK inventory=0.244650 reported=0.000000 remaining=0.244650 chunks=1
[17:38:01.754] [EXEC] [EXEC] PLACE SELL price=81757.02 qty=0.244650
[17:38:02.048] [EXEC] [EXEC] SELL ORDER SENT orderId=383083953
[17:38:02.052] [EXEC] [EXEC] BLOCK reason=balance_low
[17:38:02.133] [EXEC] [EXEC] RECOVERY WAIT hard_sl_pending_recovery
[17:38:04.475] [EXEC] [EXEC] BLOCK reason=balance_low
[17:38:04.953] [EXEC] [EXEC] RECOVERY WAIT hard_sl_pending_recovery
[17:38:05.217] [EXEC] [EXEC] SELL TIMEOUT orderId=383083953
[17:38:05.220] [EXEC] [EXEC] CANCEL SELL orderId=383083953
[17:38:05.756] [EXEC] [EXEC] SELL FINAL STATUS status=CANCELED orderId=383083953
[17:38:05.772] [EXEC] [EXEC] SELL TIMEOUT check fast_exit
[17:38:05.774] [EXEC] [EXEC] FORCE EXIT hard_sl_triggered
[17:38:05.775] [EXEC] [EXEC] HARD SL triggered
[17:38:05.776] [EXEC] [EXEC] PANIC EXIT sl_mode
[17:38:05.777] [EXEC] [EXEC] FORCE EXIT price=81752.99
[17:38:05.778] [EXEC] [EXEC] PLACE SELL price=81752.99 qty=0.244650
[17:38:06.042] [EXEC] [EXEC] PANIC START price=81752.99
[17:38:06.045] [EXEC] [EXEC] SELL ORDER SENT orderId=383084135
[17:38:09.847] [EXEC] [EXEC] PANIC WAIT still_open orderId=383084135
[17:38:09.850] [EXEC] [EXEC] PANIC HOLD active orderId=383084135
[17:38:11.896] [EXEC] [EXEC] PANIC HOLD active orderId=383084135
[17:38:13.490] [EXEC] [EXEC] PANIC WAIT still_open orderId=383084135
[17:38:13.490] [EXEC] [EXEC] PANIC HOLD active orderId=383084135
[17:38:16.099] [EXEC] [EXEC] FIFO CLOSE qty=0.244650 entry=81748.54 exit=81752.99 pnl=+1.088692
[17:38:16.099] [EXEC] [EXEC] CHUNK CLOSED entry=81748.54
[17:38:16.099] [EXEC] [EXEC] REALIZED pnl=+1.088692
[17:38:16.099] [EXEC] [EXEC] SELL ACCOUNTING RESET flat
[17:38:16.099] [EXEC] [EXEC] CYCLE CLOSED pnl=+1.088692
[17:38:16.099] [EXEC] [EXEC] SESSION realized=+8.316837 wins=9 losses=2
[17:38:20.740] [EXEC] [EXEC] SELL ACCOUNTING RESET new_cycle
[17:38:20.740] [EXEC] [EXEC] BUY ORDER SENT orderId=383085126 price=81788.97 qty=0.244530
[17:38:20.740] [EXEC] [EXEC] PLACE BUY price=81788.97 qty=0.244530
[17:38:25.584] [EXEC] [EXEC] BUY TIMEOUT orderId=383085126
[17:38:25.587] [EXEC] [EXEC] CANCEL BUY orderId=383085126
[17:38:25.870] [EXEC] [EXEC] BUY CANCELED confirmed
[17:38:26.131] [EXEC] [EXEC] BUY FINAL STATUS status=CANCELED orderId=383085126
[17:38:26.131] [EXEC] [EXEC] BLOCK reason=buy_not_filled
[17:38:27.023] [EXEC] [EXEC] SELL ACCOUNTING RESET new_cycle
[17:38:27.038] [EXEC] [EXEC] BUY ORDER SENT orderId=383085695 price=81813.60 qty=0.244450
[17:38:27.041] [EXEC] [EXEC] PLACE BUY price=81813.60 qty=0.244450
[17:38:28.078] [EXEC] [EXEC] BUY FILL UPDATE delta=0.244450 avg=81813.60
[17:38:28.078] [EXEC] [EXEC] CHUNK ADD qty=0.244450 entry=81813.60
[17:38:28.078] [EXEC] [EXEC] CHUNK COUNT n=1
[17:38:28.078] [EXEC] [EXEC] INVENTORY qty=0.244450
[17:38:28.078] [EXEC] [EXEC] SELL REQUIRED inventory=0.244450
[17:38:28.334] [EXEC] [EXEC] SELL CHECK inventory=0.244450 reported=0.000000 remaining=0.244450 chunks=1
[17:38:28.334] [EXEC] [EXEC] PLACE SELL price=81815.19 qty=0.244450
[17:38:28.602] [EXEC] [EXEC] SELL ORDER SENT orderId=383085808
[17:38:30.796] [EXEC] [EXEC] BLOCK reason=balance_low
[17:38:32.209] [EXEC] [EXEC] PANIC WAIT still_open orderId=383085808
[17:38:33.715] [EXEC] [EXEC] FIFO CLOSE qty=0.244450 entry=81813.60 exit=81815.19 pnl=+0.388675
[17:38:33.719] [EXEC] [EXEC] CHUNK CLOSED entry=81813.60
[17:38:33.720] [EXEC] [EXEC] REALIZED pnl=+0.388675
[17:38:33.721] [EXEC] [EXEC] SELL ACCOUNTING RESET flat
[17:38:33.722] [EXEC] [EXEC] CYCLE CLOSED pnl=+0.388675
[17:38:33.723] [EXEC] [EXEC] SESSION realized=+8.705512 wins=10 losses=2
[17:38:33.724] [EXEC] [EXEC] SELL ACCOUNTING RESET flat
[17:38:33.725] [EXEC] [EXEC] CYCLE SKIP no_fifo_pnl
[17:38:33.725] [EXEC] [EXEC] SELL FILLED id=383085808
[17:38:33.725] [EXEC] [EXEC] SELL FILLED qty=0.244450 remaining=0.000000
[17:38:33.725] [EXEC] [EXEC] PANIC FILLED
[17:38:33.725] [EXEC] [EXEC] PANIC RESET
[17:38:33.725] [EXEC] [EXEC] SELL ACCOUNTING RESET flat
[17:38:33.725] [EXEC] [EXEC] CYCLE SKIP no_fifo_pnl
[17:38:33.725] [EXEC] [EXEC] BLOCK reason=balance_low
[17:38:41.154] [EXEC] [EXEC] SELL ACCOUNTING RESET new_cycle
[17:38:41.170] [EXEC] [EXEC] BUY ORDER SENT orderId=383086471 price=81796.03 qty=0.244510
[17:38:41.170] [EXEC] [EXEC] PLACE BUY price=81796.03 qty=0.244510
[17:38:46.856] [EXEC] [EXEC] BUY TIMEOUT orderId=383086471
[17:38:46.860] [EXEC] [EXEC] CANCEL BUY orderId=383086471
[17:38:47.115] [EXEC] [EXEC] BUY CANCELED confirmed
[17:38:47.386] [EXEC] [EXEC] BUY FINAL STATUS status=CANCELED orderId=383086471
[17:38:47.390] [EXEC] [EXEC] BLOCK reason=buy_not_filled
[17:38:47.759] [EXEC] [EXEC] SELL ACCOUNTING RESET new_cycle
[17:38:47.764] [EXEC] [EXEC] BUY ORDER SENT orderId=383086878 price=81794.78 qty=0.244510
[17:38:47.767] [EXEC] [EXEC] PLACE BUY price=81794.78 qty=0.244510
[17:38:51.679] [EXEC] [EXEC] BUY TIMEOUT orderId=383086878
[17:38:51.696] [EXEC] [EXEC] CANCEL BUY orderId=383086878
[17:38:51.976] [EXEC] [EXEC] BUY CANCELED confirmed
[17:38:52.243] [EXEC] [EXEC] BUY FINAL STATUS status=CANCELED orderId=383086878
[17:38:52.245] [EXEC] [EXEC] BLOCK reason=buy_not_filled
[17:38:53.761] [EXEC] [EXEC] BLOCK reason=balance_low
[17:39:00.647] [EXEC] [EXEC] SELL ACCOUNTING RESET new_cycle
[17:39:00.647] [EXEC] [EXEC] BUY ORDER SENT orderId=383087664 price=81819.10 qty=0.244440
[17:39:00.647] [EXEC] [EXEC] PLACE BUY price=81819.10 qty=0.244440
[17:39:01.240] [EXEC] [EXEC] BUY FILL UPDATE delta=0.244440 avg=81819.10
[17:39:01.240] [EXEC] [EXEC] CHUNK ADD qty=0.244440 entry=81819.10
[17:39:01.240] [EXEC] [EXEC] CHUNK COUNT n=1
[17:39:01.240] [EXEC] [EXEC] INVENTORY qty=0.244440
[17:39:01.240] [EXEC] [EXEC] SELL REQUIRED inventory=0.244440
[17:39:01.741] [EXEC] [EXEC] SELL CHECK inventory=0.244440 reported=0.000000 remaining=0.244440 chunks=1
[17:39:01.741] [EXEC] [EXEC] PLACE SELL price=81820.89 qty=0.244440
[17:39:02.018] [EXEC] [EXEC] SELL ORDER SENT orderId=383087720
[17:39:03.100] [EXEC] [EXEC] RECOVERY WAIT hard_sl_pending_recovery
[17:39:04.035] [EXEC] [EXEC] RECOVERY WAIT hard_sl_pending_recovery
[17:39:05.459] [EXEC] [EXEC] RECOVERY WAIT hard_sl_pending_recovery
[17:39:05.725] [EXEC] [EXEC] SELL TIMEOUT orderId=383087720
[17:39:05.741] [EXEC] [EXEC] CANCEL SELL orderId=383087720
[17:39:06.272] [EXEC] [EXEC] SELL FINAL STATUS status=CANCELED orderId=383087720
[17:39:06.287] [EXEC] [EXEC] SELL TIMEOUT check fast_exit
[17:39:06.287] [EXEC] [EXEC] FORCE EXIT hard_sl_triggered
[17:39:06.287] [EXEC] [EXEC] HARD SL triggered
[17:39:06.287] [EXEC] [EXEC] PANIC EXIT sl_mode
[17:39:06.287] [EXEC] [EXEC] FORCE EXIT price=81817.00
[17:39:06.287] [EXEC] [EXEC] PLACE SELL price=81817.00 qty=0.244440
[17:39:06.554] [EXEC] [EXEC] PANIC START price=81817.00
[17:39:06.554] [EXEC] [EXEC] SELL ORDER SENT orderId=383088070
[17:39:08.059] [EXEC] [EXEC] FIFO CLOSE qty=0.244440 entry=81819.10 exit=81817.00 pnl=-0.513324
[17:39:08.063] [EXEC] [EXEC] CHUNK CLOSED entry=81819.10
[17:39:08.065] [EXEC] [EXEC] REALIZED pnl=-0.513324
[17:39:08.065] [EXEC] [EXEC] SELL ACCOUNTING RESET flat
[17:39:08.065] [EXEC] [EXEC] CYCLE CLOSED pnl=-0.513324
[17:39:08.070] [EXEC] [EXEC] SESSION realized=+8.192188 wins=10 losses=3
[17:39:08.071] [EXEC] [EXEC] SELL ACCOUNTING RESET flat
[17:39:08.071] [EXEC] [EXEC] CYCLE SKIP no_fifo_pnl
[17:39:08.071] [EXEC] [EXEC] SELL FILLED id=383088070
[17:39:08.071] [EXEC] [EXEC] SELL FILLED qty=0.244440 remaining=0.000000
[17:39:08.071] [EXEC] [EXEC] PANIC FILLED
[17:39:08.071] [EXEC] [EXEC] PANIC RESET
[17:39:08.071] [EXEC] [EXEC] SELL ACCOUNTING RESET flat
[17:39:08.071] [EXEC] [EXEC] CYCLE SKIP no_fifo_pnl
[17:39:08.870] [EXEC] [EXEC] SELL ACCOUNTING RESET new_cycle
[17:39:08.871] [EXEC] [EXEC] BUY ORDER SENT orderId=383088212 price=81813.00 qty=0.244450
[17:39:08.871] [EXEC] [EXEC] PLACE BUY price=81813.00 qty=0.244450
[17:39:09.912] [EXEC] [EXEC] BUY FILL UPDATE delta=0.244450 avg=81813.00
[17:39:09.912] [EXEC] [EXEC] CHUNK ADD qty=0.244450 entry=81813.00
[17:39:09.912] [EXEC] [EXEC] CHUNK COUNT n=1
[17:39:09.912] [EXEC] [EXEC] INVENTORY qty=0.244450
[17:39:09.928] [EXEC] [EXEC] SELL REQUIRED inventory=0.244450
[17:39:11.256] [EXEC] [EXEC] SELL CHECK inventory=0.244450 reported=0.000000 remaining=0.244450 chunks=1
[17:39:11.256] [EXEC] [EXEC] PLACE SELL price=81813.04 qty=0.244450
[17:39:11.523] [EXEC] [EXEC] SELL ORDER SENT orderId=383088365
[17:39:11.541] [EXEC] [EXEC] BLOCK reason=balance_low
[17:39:12.070] [EXEC] [EXEC] FIFO CLOSE qty=0.244450 entry=81813.00 exit=81813.04 pnl=+0.009778
[17:39:12.071] [EXEC] [EXEC] CHUNK CLOSED entry=81813.00
[17:39:12.071] [EXEC] [EXEC] REALIZED pnl=+0.009778
[17:39:12.071] [EXEC] [EXEC] SELL ACCOUNTING RESET flat
[17:39:12.071] [EXEC] [EXEC] CYCLE CLOSED pnl=+0.009778
[17:39:12.071] [EXEC] [EXEC] SESSION realized=+8.201966 wins=11 losses=3
[17:39:20.876] [EXEC] [EXEC] SELL ACCOUNTING RESET new_cycle
[17:39:20.876] [EXEC] [EXEC] BUY ORDER SENT orderId=383089299 price=81832.97 qty=0.244400
[17:39:20.876] [EXEC] [EXEC] PLACE BUY price=81832.97 qty=0.244400
[17:39:21.428] [EXEC] [EXEC] BUY FILL UPDATE delta=0.244400 avg=81832.97
[17:39:21.428] [EXEC] [EXEC] CHUNK ADD qty=0.244400 entry=81832.97
[17:39:21.428] [EXEC] [EXEC] CHUNK COUNT n=1
[17:39:21.428] [EXEC] [EXEC] INVENTORY qty=0.244400
[17:39:21.428] [EXEC] [EXEC] SELL REQUIRED inventory=0.244400
[17:39:21.491] [EXEC] [EXEC] SELL CHECK inventory=0.244400 reported=0.000000 remaining=0.244400 chunks=1
[17:39:21.491] [EXEC] [EXEC] PLACE SELL price=81838.59 qty=0.244400
[17:39:21.773] [EXEC] [EXEC] SELL ORDER SENT orderId=383089390
[17:39:21.818] [EXEC] [EXEC] RECOVERY WAIT hard_sl_pending_recovery
[17:39:22.078] [EXEC] [EXEC] FIFO CLOSE qty=0.244400 entry=81832.97 exit=81838.59 pnl=+1.373528
[17:39:22.078] [EXEC] [EXEC] CHUNK CLOSED entry=81832.97
[17:39:22.094] [EXEC] [EXEC] REALIZED pnl=+1.373528
[17:39:22.094] [EXEC] [EXEC] SELL ACCOUNTING RESET flat
[17:39:22.094] [EXEC] [EXEC] CYCLE CLOSED pnl=+1.373528
[17:39:22.094] [EXEC] [EXEC] SESSION realized=+9.575494 wins=12 losses=3
[17:39:22.094] [EXEC] [EXEC] SELL ACCOUNTING RESET flat
[17:39:22.094] [EXEC] [EXEC] CYCLE SKIP no_fifo_pnl
[17:39:22.109] [EXEC] [EXEC] SELL FILLED id=383089390
[17:39:22.109] [EXEC] [EXEC] SELL FILLED qty=0.244400 remaining=0.000000
[17:39:22.109] [EXEC] [EXEC] SELL ACCOUNTING RESET flat
[17:39:22.109] [EXEC] [EXEC] CYCLE SKIP no_fifo_pnl
[17:39:23.334] [EXEC] [EXEC] SELL ACCOUNTING RESET new_cycle
[17:39:23.334] [EXEC] [EXEC] BUY ORDER SENT orderId=383089625 price=81845.96 qty=0.244360
[17:39:23.334] [EXEC] [EXEC] PLACE BUY price=81845.96 qty=0.244360
[17:39:27.742] [EXEC] [EXEC] BUY TIMEOUT orderId=383089625
[17:39:27.746] [EXEC] [EXEC] CANCEL BUY orderId=383089625
[17:39:28.040] [EXEC] [EXEC] BUY CANCELED confirmed
[17:39:28.331] [EXEC] [EXEC] BUY FINAL STATUS status=CANCELED orderId=383089625
[17:39:28.335] [EXEC] [EXEC] BLOCK reason=buy_not_filled
[17:39:29.631] [EXEC] [EXEC] SELL ACCOUNTING RESET new_cycle
[17:39:29.631] [EXEC] [EXEC] BUY ORDER SENT orderId=383089853 price=81848.04 qty=0.244350
[17:39:29.631] [EXEC] [EXEC] PLACE BUY price=81848.04 qty=0.244350
[17:39:31.858] [EXEC] [EXEC] BLOCK reason=balance_low
[17:39:33.709] [EXEC] [EXEC] BUY TIMEOUT orderId=383089853
[17:39:33.725] [EXEC] [EXEC] CANCEL BUY orderId=383089853
[17:39:33.988] [EXEC] [EXEC] BUY CANCELED confirmed
[17:39:34.274] [EXEC] [EXEC] BUY FINAL STATUS status=CANCELED orderId=383089853
[17:39:34.278] [EXEC] [EXEC] BLOCK reason=buy_not_filled
[17:39:38.787] [EXEC] [EXEC] BLOCK reason=balance_low
[17:39:40.844] [EXEC] [EXEC] SELL ACCOUNTING RESET new_cycle
[17:39:40.845] [EXEC] [EXEC] BUY ORDER SENT orderId=383090695 price=81845.76 qty=0.244360
[17:39:40.852] [EXEC] [EXEC] PLACE BUY price=81845.76 qty=0.244360
[17:39:44.630] [EXEC] [EXEC] BUY TIMEOUT orderId=383090695
[17:39:44.632] [EXEC] [EXEC] CANCEL BUY orderId=383090695
[17:39:44.920] [EXEC] [EXEC] BUY CANCELED confirmed
[17:39:45.194] [EXEC] [EXEC] BUY FINAL STATUS status=CANCELED orderId=383090695
[17:39:45.194] [EXEC] [EXEC] BLOCK reason=buy_not_filled
[17:39:46.759] [EXEC] [EXEC] SELL ACCOUNTING RESET new_cycle
[17:39:46.764] [EXEC] [EXEC] BUY ORDER SENT orderId=383090874 price=81855.67 qty=0.244330
[17:39:46.767] [EXEC] [EXEC] PLACE BUY price=81855.67 qty=0.244330
[17:39:50.303] [EXEC] [EXEC] BUY FILL UPDATE delta=0.244330 avg=81855.67
[17:39:50.303] [EXEC] [EXEC] CHUNK ADD qty=0.244330 entry=81855.67
[17:39:50.303] [EXEC] [EXEC] CHUNK COUNT n=1
[17:39:50.318] [EXEC] [EXEC] INVENTORY qty=0.244330
[17:39:50.318] [EXEC] [EXEC] SELL REQUIRED inventory=0.244330
[17:39:50.664] [EXEC] [EXEC] SELL CHECK inventory=0.244330 reported=0.000000 remaining=0.244330 chunks=1
[17:39:50.668] [EXEC] [EXEC] PLACE SELL price=81857.62 qty=0.244330
[17:39:50.932] [EXEC] [EXEC] SELL ORDER SENT orderId=383091125
[17:39:53.026] [EXEC] [EXEC] RECOVERY WAIT hard_sl_pending_recovery
[17:39:53.318] [EXEC] [EXEC] BLOCK reason=balance_low
[17:39:53.490] [EXEC] [EXEC] RECOVERY WAIT hard_sl_pending_recovery
[17:39:53.772] [EXEC] [EXEC] SELL TIMEOUT orderId=383091125
[17:39:53.772] [EXEC] [EXEC] CANCEL SELL orderId=383091125
[17:39:54.311] [EXEC] [EXEC] SELL FINAL STATUS status=CANCELED orderId=383091125
[17:39:54.315] [EXEC] [EXEC] SELL TIMEOUT check fast_exit
[17:39:54.317] [EXEC] [EXEC] FORCE EXIT hard_sl_triggered
[17:39:54.318] [EXEC] [EXEC] HARD SL triggered
[17:39:54.318] [EXEC] [EXEC] PANIC EXIT sl_mode
[17:39:54.318] [EXEC] [EXEC] FORCE EXIT price=81851.19
[17:39:54.318] [EXEC] [EXEC] PLACE SELL price=81851.19 qty=0.244330
[17:39:54.589] [EXEC] [EXEC] PANIC START price=81851.19
[17:39:54.592] [EXEC] [EXEC] SELL ORDER SENT orderId=383091507
[17:39:55.933] [EXEC] [EXEC] BLOCK reason=balance_low
[17:39:57.939] [EXEC] [EXEC] PANIC WAIT still_open orderId=383091507
[17:39:57.941] [EXEC] [EXEC] PANIC HOLD active orderId=383091507
[17:40:01.431] [EXEC] [EXEC] PANIC WAIT still_open orderId=383091507
[17:40:01.436] [EXEC] [EXEC] PANIC HOLD active orderId=383091507
[17:40:01.440] [EXEC] [EXEC] BLOCK reason=balance_low
[17:40:02.332] [EXEC] [EXEC] FIFO CLOSE qty=0.120790 entry=81855.67 exit=81851.19 pnl=-0.541139
[17:40:02.338] [EXEC] [EXEC] REALIZED pnl=-0.541139
[17:40:02.342] [EXEC] [EXEC] SELL PARTIAL delta=0.120790
[17:40:02.347] [EXEC] [EXEC] INVENTORY remaining=0.123540
[17:40:02.350] [EXEC] [EXEC] PANIC PARTIAL filled=0.120790 remaining=0.123540
[17:40:02.352] [EXEC] [EXEC] PANIC HOLD active orderId=383091507
[17:40:02.905] [EXEC] [EXEC] FIFO CLOSE qty=0.123540 entry=81855.67 exit=81851.19 pnl=-0.553459
[17:40:02.907] [EXEC] [EXEC] CHUNK CLOSED entry=81855.67
[17:40:02.911] [EXEC] [EXEC] REALIZED pnl=-0.553459
[17:40:02.915] [EXEC] [EXEC] SELL ACCOUNTING RESET flat
[17:40:02.918] [EXEC] [EXEC] CYCLE CLOSED pnl=-1.094598
[17:40:02.921] [EXEC] [EXEC] SESSION realized=+8.480896 wins=12 losses=4
[17:40:05.542] [EXEC] [EXEC] BLOCK reason=balance_low
[17:40:09.858] [EXEC] [EXEC] BLOCK reason=balance_low
[17:40:10.618] [EXEC] [EXEC] SELL ACCOUNTING RESET new_cycle
[17:40:10.623] [EXEC] [EXEC] BUY ORDER SENT orderId=383092586 price=81868.22 qty=0.244290
[17:40:10.624] [EXEC] [EXEC] PLACE BUY price=81868.22 qty=0.244290
[17:40:12.721] [EXEC] [EXEC] BUY FILL UPDATE delta=0.243850 avg=81868.22
[17:40:12.726] [EXEC] [EXEC] CHUNK ADD qty=0.243850 entry=81868.22
[17:40:12.727] [EXEC] [EXEC] CHUNK COUNT n=1
[17:40:12.729] [EXEC] [EXEC] INVENTORY qty=0.243850
[17:40:12.730] [EXEC] [EXEC] SELL REQUIRED inventory=0.243850
[17:40:12.732] [EXEC] [EXEC] BUY PARTIAL delta=0.243850 total=0.243850
[17:40:12.733] [EXEC] [EXEC] BUY REMAINING qty=0.000440
[17:40:13.911] [EXEC] [EXEC] BUY FILL UPDATE delta=0.000440 avg=81868.22
[17:40:13.913] [EXEC] [EXEC] CHUNK ADD qty=0.000440 entry=81868.22
[17:40:13.915] [EXEC] [EXEC] CHUNK COUNT n=2
[17:40:13.916] [EXEC] [EXEC] INVENTORY qty=0.244290
[17:40:13.918] [EXEC] [EXEC] SELL REQUIRED inventory=0.244290
[17:40:13.919] [EXEC] [EXEC] SELL CHECK inventory=0.244290 reported=0.000000 remaining=0.244290 chunks=2
[17:40:13.921] [EXEC] [EXEC] PLACE SELL price=81871.98 qty=0.244290
[17:40:14.221] [EXEC] [EXEC] SELL ORDER SENT orderId=383092657
[17:40:18.753] [EXEC] [EXEC] PANIC WAIT still_open orderId=383092657
[17:40:20.408] [EXEC] [EXEC] BLOCK reason=balance_low
[17:40:21.883] [EXEC] [EXEC] PANIC WAIT still_open orderId=383092657
[17:40:29.979] [EXEC] [EXEC] PANIC WAIT still_open orderId=383092657
[17:40:34.994] [EXEC] [EXEC] PANIC WAIT still_open orderId=383092657
[17:40:38.121] [EXEC] [EXEC] PANIC WAIT still_open orderId=383092657
[17:40:42.036] [EXEC] [EXEC] BLOCK reason=balance_low
[17:40:44.386] [EXEC] [EXEC] PANIC WAIT still_open orderId=383092657
[17:40:44.390] [EXEC] [EXEC] BLOCK reason=balance_low
[17:40:47.591] [EXEC] [EXEC] FIFO CLOSE qty=0.243850 entry=81868.22 exit=81871.98 pnl=+0.916876
[17:40:47.595] [EXEC] [EXEC] CHUNK CLOSED entry=81868.22
[17:40:47.600] [EXEC] [EXEC] FIFO CLOSE qty=0.000440 entry=81868.22 exit=81871.98 pnl=+0.001654
[17:40:47.605] [EXEC] [EXEC] CHUNK CLOSED entry=81868.22
[17:40:47.607] [EXEC] [EXEC] REALIZED pnl=+0.918530
[17:40:47.609] [EXEC] [EXEC] SELL ACCOUNTING RESET flat
[17:40:47.612] [EXEC] [EXEC] CYCLE CLOSED pnl=+0.918530
[17:40:47.613] [EXEC] [EXEC] SESSION realized=+9.399426 wins=13 losses=4
[17:40:48.168] [EXEC] [EXEC] BLOCK reason=balance_low
[17:40:53.039] [EXEC] [EXEC] SELL ACCOUNTING RESET new_cycle
[17:40:53.042] [EXEC] [EXEC] BUY ORDER SENT orderId=383094523 price=81860.00 qty=0.244310
[17:40:53.044] [EXEC] [EXEC] PLACE BUY price=81860.00 qty=0.244310
[17:40:58.107] [EXEC] [EXEC] BUY TIMEOUT orderId=383094523
[17:40:58.111] [EXEC] [EXEC] CANCEL BUY orderId=383094523
[17:40:58.377] [EXEC] [EXEC] BUY CANCELED confirmed
[17:40:58.645] [EXEC] [EXEC] BUY FINAL STATUS status=CANCELED orderId=383094523
[17:40:58.649] [EXEC] [EXEC] BLOCK reason=buy_not_filled
[17:40:59.082] [EXEC] [EXEC] SELL ACCOUNTING RESET new_cycle
[17:40:59.087] [EXEC] [EXEC] BUY ORDER SENT orderId=383094846 price=81876.59 qty=0.244270
[17:40:59.091] [EXEC] [EXEC] PLACE BUY price=81876.59 qty=0.244270
[17:41:00.147] [EXEC] [EXEC] BUY FILL UPDATE delta=0.244270 avg=81876.59
[17:41:00.149] [EXEC] [EXEC] CHUNK ADD qty=0.244270 entry=81876.59
[17:41:00.152] [EXEC] [EXEC] CHUNK COUNT n=1
[17:41:00.154] [EXEC] [EXEC] INVENTORY qty=0.244270
[17:41:00.157] [EXEC] [EXEC] SELL REQUIRED inventory=0.244270
[17:41:00.688] [EXEC] [EXEC] SELL CHECK inventory=0.244270 reported=0.000000 remaining=0.244270 chunks=1
[17:41:00.692] [EXEC] [EXEC] PLACE SELL price=81876.73 qty=0.244270
[17:41:00.960] [EXEC] [EXEC] SELL ORDER SENT orderId=383094972
[17:41:00.966] [EXEC] [EXEC] BLOCK reason=balance_low
[17:41:02.535] [EXEC] [EXEC] FIFO CLOSE qty=0.244270 entry=81876.59 exit=81876.73 pnl=+0.034198
[17:41:02.540] [EXEC] [EXEC] CHUNK CLOSED entry=81876.59
[17:41:02.544] [EXEC] [EXEC] REALIZED pnl=+0.034198
[17:41:02.547] [EXEC] [EXEC] SELL ACCOUNTING RESET flat
[17:41:02.549] [EXEC] [EXEC] CYCLE CLOSED pnl=+0.034198
[17:41:02.551] [EXEC] [EXEC] SESSION realized=+9.433624 wins=14 losses=4
[17:41:02.552] [EXEC] [EXEC] SELL ACCOUNTING RESET flat
[17:41:02.554] [EXEC] [EXEC] CYCLE SKIP no_fifo_pnl
[17:41:02.555] [EXEC] [EXEC] SELL FILLED id=383094972
[17:41:02.557] [EXEC] [EXEC] SELL FILLED qty=0.244270 remaining=0.000000
[17:41:02.558] [EXEC] [EXEC] PANIC FILLED
[17:41:02.560] [EXEC] [EXEC] PANIC RESET
[17:41:02.561] [EXEC] [EXEC] SELL ACCOUNTING RESET flat
[17:41:02.563] [EXEC] [EXEC] CYCLE SKIP no_fifo_pnl
[17:41:03.495] [EXEC] [EXEC] BLOCK reason=balance_low
[17:41:09.600] [EXEC] [EXEC] BLOCK reason=balance_low
[17:41:10.902] [EXEC] [EXEC] SELL ACCOUNTING RESET new_cycle
[17:41:10.909] [EXEC] [EXEC] BUY ORDER SENT orderId=383095689 price=81903.19 qty=0.244190
[17:41:10.913] [EXEC] [EXEC] PLACE BUY price=81903.19 qty=0.244190
[17:41:15.110] [EXEC] [EXEC] BUY TIMEOUT orderId=383095689
[17:41:15.114] [EXEC] [EXEC] CANCEL BUY orderId=383095689
[17:41:15.391] [EXEC] [EXEC] BUY CANCELED confirmed
[17:41:15.658] [EXEC] [EXEC] BUY FINAL STATUS status=CANCELED orderId=383095689
[17:41:15.664] [EXEC] [EXEC] BLOCK reason=buy_not_filled
[17:41:16.581] [EXEC] [EXEC] SELL ACCOUNTING RESET new_cycle
[17:41:16.586] [EXEC] [EXEC] BUY ORDER SENT orderId=383096082 price=81911.17 qty=0.244160
[17:41:16.591] [EXEC] [EXEC] PLACE BUY price=81911.17 qty=0.244160
[17:41:19.188] [EXEC] [EXEC] BUY FILL UPDATE delta=0.244160 avg=81911.17
[17:41:19.191] [EXEC] [EXEC] CHUNK ADD qty=0.244160 entry=81911.17
[17:41:19.194] [EXEC] [EXEC] CHUNK COUNT n=1
[17:41:19.198] [EXEC] [EXEC] INVENTORY qty=0.244160
[17:41:19.201] [EXEC] [EXEC] SELL REQUIRED inventory=0.244160
[17:41:20.142] [EXEC] [EXEC] SELL CHECK inventory=0.244160 reported=0.000000 remaining=0.244160 chunks=1
[17:41:20.147] [EXEC] [EXEC] PLACE SELL price=81911.21 qty=0.244160
[17:41:20.416] [EXEC] [EXEC] SELL ORDER SENT orderId=383096839
[17:41:21.799] [EXEC] [EXEC] RECOVERY WAIT hard_sl_pending_recovery
[17:41:22.068] [EXEC] [EXEC] FIFO CLOSE qty=0.242090 entry=81911.17 exit=81911.21 pnl=+0.009684
[17:41:22.073] [EXEC] [EXEC] REALIZED pnl=+0.009684
[17:41:22.077] [EXEC] [EXEC] SELL PARTIAL delta=0.242090
[17:41:22.080] [EXEC] [EXEC] INVENTORY remaining=0.002070
[17:41:22.083] [EXEC] [EXEC] BLOCK reason=balance_low
[17:41:22.749] [EXEC] [EXEC] RECOVERY WAIT hard_sl_pending_recovery
[17:41:24.409] [EXEC] [EXEC] SELL TIMEOUT orderId=383096839
[17:41:24.411] [EXEC] [EXEC] CANCEL SELL orderId=383096839
[17:41:24.943] [EXEC] [EXEC] SELL FINAL STATUS status=FILLED orderId=383096839
[17:41:24.945] [EXEC] [EXEC] FIFO CLOSE qty=0.002070 entry=81911.17 exit=81911.21 pnl=+0.000083
[17:41:24.945] [EXEC] [EXEC] CHUNK CLOSED entry=81911.17
[17:41:24.946] [EXEC] [EXEC] REALIZED pnl=+0.000083
[17:41:24.947] [EXEC] [EXEC] SELL ACCOUNTING RESET flat
[17:41:24.948] [EXEC] [EXEC] CYCLE CLOSED pnl=+0.009766
[17:41:24.949] [EXEC] [EXEC] SESSION realized=+9.443390 wins=15 losses=4
[17:41:24.950] [EXEC] [EXEC] SELL FILLED id=383096839
[17:41:24.951] [EXEC] [EXEC] SELL FILLED qty=0.244160 remaining=0.000000
[17:41:24.952] [EXEC] [EXEC] SELL ACCOUNTING RESET flat
[17:41:24.953] [EXEC] [EXEC] CYCLE SKIP no_fifo_pnl
[17:41:27.418] [EXEC] [EXEC] BLOCK reason=balance_low
[17:42:25.648] [EXEC] [EXEC] LIVE ON
[17:42:25.650] [EXEC] [EXEC] WAIT READY
[17:42:26.201] [EXEC] [EXEC] SELL ACCOUNTING RESET new_cycle
[17:42:26.204] [EXEC] [EXEC] BUY ORDER SENT orderId=383101672 price=81953.60 qty=0.244040
[17:42:26.206] [EXEC] [EXEC] PLACE BUY price=81953.60 qty=0.244040
[17:42:26.756] [EXEC] [EXEC] BUY FILL UPDATE delta=0.244040 avg=81953.60
[17:42:26.758] [EXEC] [EXEC] CHUNK ADD qty=0.244040 entry=81953.60
[17:42:26.759] [EXEC] [EXEC] CHUNK COUNT n=1
[17:42:26.760] [EXEC] [EXEC] INVENTORY qty=0.244040
[17:42:26.761] [EXEC] [EXEC] SELL REQUIRED inventory=0.244040
[17:42:27.145] [EXEC] [EXEC] SELL CHECK inventory=0.244040 reported=0.000000 remaining=0.244040 chunks=1
[17:42:27.149] [EXEC] [EXEC] PLACE SELL price=81960.00 qty=0.244040
[17:42:27.414] [EXEC] [EXEC] SELL ORDER SENT orderId=383101789
[17:42:29.078] [EXEC] [EXEC] RECOVERY WAIT hard_sl_pending_recovery
[17:42:31.568] [EXEC] [EXEC] SELL TIMEOUT orderId=383101789
[17:42:31.572] [EXEC] [EXEC] CANCEL SELL orderId=383101789
[17:42:32.108] [EXEC] [EXEC] SELL FINAL STATUS status=CANCELED orderId=383101789
[17:42:32.111] [EXEC] [EXEC] SELL TIMEOUT check fast_exit
[17:42:32.114] [EXEC] [EXEC] FORCE EXIT hard_sl_triggered
[17:42:32.117] [EXEC] [EXEC] HARD SL triggered
[17:42:32.119] [EXEC] [EXEC] PANIC EXIT sl_mode
[17:42:32.121] [EXEC] [EXEC] FORCE EXIT price=81951.78
[17:42:32.122] [EXEC] [EXEC] PLACE SELL price=81951.78 qty=0.244040
[17:42:32.388] [EXEC] [EXEC] PANIC START price=81951.78
[17:42:32.392] [EXEC] [EXEC] SELL ORDER SENT orderId=383102302
[17:42:32.395] [EXEC] [EXEC] BLOCK reason=balance_low
[17:42:33.413] [EXEC] [EXEC] FIFO CLOSE qty=0.244040 entry=81953.60 exit=81951.78 pnl=-0.444153
[17:42:33.417] [EXEC] [EXEC] CHUNK CLOSED entry=81953.60
[17:42:33.420] [EXEC] [EXEC] REALIZED pnl=-0.444153
[17:42:33.422] [EXEC] [EXEC] SELL ACCOUNTING RESET flat
[17:42:33.425] [EXEC] [EXEC] CYCLE CLOSED pnl=-0.444153
[17:42:33.427] [EXEC] [EXEC] SESSION realized=-0.444153 wins=0 losses=1
[17:42:33.428] [EXEC] [EXEC] SELL ACCOUNTING RESET flat
[17:42:33.430] [EXEC] [EXEC] CYCLE SKIP no_fifo_pnl
[17:42:33.431] [EXEC] [EXEC] SELL FILLED id=383102302
[17:42:33.432] [EXEC] [EXEC] SELL FILLED qty=0.244040 remaining=0.000000
[17:42:33.432] [EXEC] [EXEC] PANIC FILLED
[17:42:33.433] [EXEC] [EXEC] PANIC RESET
[17:42:33.434] [EXEC] [EXEC] SELL ACCOUNTING RESET flat
[17:42:33.435] [EXEC] [EXEC] CYCLE SKIP no_fifo_pnl
[17:42:36.580] [EXEC] [EXEC] BLOCK reason=balance_low
[17:42:38.163] [EXEC] [EXEC] BLOCK reason=balance_low
[17:42:43.718] [EXEC] [EXEC] SELL ACCOUNTING RESET new_cycle
[17:42:43.722] [EXEC] [EXEC] BUY ORDER SENT orderId=383103112 price=81935.96 qty=0.244090
[17:42:43.724] [EXEC] [EXEC] PLACE BUY price=81935.96 qty=0.244090
[17:42:45.273] [EXEC] [EXEC] BUY FILL UPDATE delta=0.097640 avg=81935.96
[17:42:45.277] [EXEC] [EXEC] CHUNK ADD qty=0.097640 entry=81935.96
[17:42:45.278] [EXEC] [EXEC] CHUNK COUNT n=1
[17:42:45.279] [EXEC] [EXEC] INVENTORY qty=0.097640
[17:42:45.280] [EXEC] [EXEC] SELL REQUIRED inventory=0.097640
[17:42:45.281] [EXEC] [EXEC] BUY PARTIAL delta=0.097640 total=0.097640
[17:42:45.283] [EXEC] [EXEC] BUY REMAINING qty=0.146450
[17:42:47.578] [EXEC] [EXEC] SELL CHECK inventory=0.097640 reported=0.000000 remaining=0.097640 chunks=1
[17:42:47.582] [EXEC] [EXEC] PLACE SELL price=81944.00 qty=0.097640
[17:42:47.848] [EXEC] [EXEC] SELL ORDER SENT orderId=383103300
[17:42:48.382] [EXEC] [EXEC] FIFO CLOSE qty=0.097640 entry=81935.96 exit=81944.00 pnl=+0.785026
[17:42:48.383] [EXEC] [EXEC] CHUNK CLOSED entry=81935.96
[17:42:48.386] [EXEC] [EXEC] REALIZED pnl=+0.785026
[17:42:48.388] [EXEC] [EXEC] SELL ACCOUNTING RESET flat
[17:42:48.390] [EXEC] [EXEC] CYCLE CLOSED pnl=+0.785026
[17:42:48.391] [EXEC] [EXEC] SESSION realized=+0.340873 wins=1 losses=1
[17:42:49.819] [EXEC] [EXEC] SELL ACCOUNTING RESET new_cycle
[17:42:49.822] [EXEC] [EXEC] BUY ORDER SENT orderId=383103387 price=81940.01 qty=0.244080
[17:42:49.824] [EXEC] [EXEC] PLACE BUY price=81940.01 qty=0.244080
[17:42:52.457] [EXEC] [EXEC] BUY FILL UPDATE delta=0.244080 avg=81940.01
[17:42:52.461] [EXEC] [EXEC] CHUNK ADD qty=0.244080 entry=81940.01
[17:42:52.464] [EXEC] [EXEC] CHUNK COUNT n=1
[17:42:52.467] [EXEC] [EXEC] INVENTORY qty=0.244080
[17:42:52.468] [EXEC] [EXEC] SELL REQUIRED inventory=0.244080
[17:42:52.470] [EXEC] [EXEC] BUY PARTIAL delta=0.244080 total=0.244080
[17:42:52.472] [EXEC] [EXEC] BUY REMAINING qty=0.000000
[17:42:52.473] [EXEC] [EXEC] BUY FILLED id=383103387
[17:42:52.477] [EXEC] [EXEC] BLOCK reason=balance_low
[17:42:54.705] [EXEC] [EXEC] SELL CHECK inventory=0.244080 reported=0.000000 remaining=0.244080 chunks=1
[17:42:54.709] [EXEC] [EXEC] PLACE SELL price=81942.84 qty=0.244080
[17:42:54.973] [EXEC] [EXEC] SELL ORDER SENT orderId=383103639
[17:42:55.024] [EXEC] [EXEC] RECOVERY WAIT hard_sl_pending_recovery
[17:42:55.288] [EXEC] [EXEC] FIFO CLOSE qty=0.244080 entry=81940.01 exit=81942.84 pnl=+0.690746
[17:42:55.291] [EXEC] [EXEC] CHUNK CLOSED entry=81940.01
[17:42:55.293] [EXEC] [EXEC] REALIZED pnl=+0.690746
[17:42:55.294] [EXEC] [EXEC] SELL ACCOUNTING RESET flat
[17:42:55.295] [EXEC] [EXEC] CYCLE CLOSED pnl=+0.690746
[17:42:55.296] [EXEC] [EXEC] SESSION realized=+1.031619 wins=2 losses=1
[17:42:55.297] [EXEC] [EXEC] SELL ACCOUNTING RESET flat
[17:42:55.298] [EXEC] [EXEC] CYCLE SKIP no_fifo_pnl
[17:42:55.299] [EXEC] [EXEC] SELL FILLED id=383103639
[17:42:55.300] [EXEC] [EXEC] SELL FILLED qty=0.244080 remaining=0.000000
[17:42:55.301] [EXEC] [EXEC] SELL ACCOUNTING RESET flat
[17:42:55.302] [EXEC] [EXEC] CYCLE SKIP no_fifo_pnl
[17:43:02.442] [EXEC] [EXEC] SELL ACCOUNTING RESET new_cycle
[17:43:02.446] [EXEC] [EXEC] BUY ORDER SENT orderId=383103897 price=81932.87 qty=0.244100
[17:43:02.447] [EXEC] [EXEC] PLACE BUY price=81932.87 qty=0.244100
[17:43:06.537] [EXEC] [EXEC] BUY TIMEOUT orderId=383103897
[17:43:06.540] [EXEC] [EXEC] CANCEL BUY orderId=383103897
[17:43:06.807] [EXEC] [EXEC] BUY CANCELED confirmed
[17:43:07.073] [EXEC] [EXEC] BUY FINAL STATUS status=CANCELED orderId=383103897
[17:43:07.076] [EXEC] [EXEC] BLOCK reason=buy_not_filled
[17:43:08.109] [EXEC] [EXEC] SELL ACCOUNTING RESET new_cycle
[17:43:08.114] [EXEC] [EXEC] BUY ORDER SENT orderId=383104181 price=81958.31 qty=0.244020
[17:43:08.117] [EXEC] [EXEC] PLACE BUY price=81958.31 qty=0.244020
[17:43:08.419] [EXEC] [EXEC] BUY FILL UPDATE delta=0.244020 avg=81958.31
[17:43:08.423] [EXEC] [EXEC] CHUNK ADD qty=0.244020 entry=81958.31
[17:43:08.425] [EXEC] [EXEC] CHUNK COUNT n=1
[17:43:08.428] [EXEC] [EXEC] INVENTORY qty=0.244020
[17:43:08.429] [EXEC] [EXEC] SELL REQUIRED inventory=0.244020
[17:43:08.431] [EXEC] [EXEC] BUY PARTIAL delta=0.244020 total=0.244020
[17:43:08.432] [EXEC] [EXEC] BUY REMAINING qty=0.000000
[17:43:08.433] [EXEC] [EXEC] BUY FILLED id=383104181
[17:43:10.004] [EXEC] [EXEC] SELL CHECK inventory=0.244020 reported=0.000000 remaining=0.244020 chunks=1
[17:43:10.007] [EXEC] [EXEC] PLACE SELL price=81959.99 qty=0.244020
[17:43:10.284] [EXEC] [EXEC] SELL ORDER SENT orderId=383104233
[17:43:11.591] [EXEC] [EXEC] RECOVERY WAIT hard_sl_pending_recovery
[17:43:13.416] [EXEC] [EXEC] SELL TIMEOUT orderId=383104233
[17:43:13.420] [EXEC] [EXEC] CANCEL SELL orderId=383104233
[17:43:13.946] [EXEC] [EXEC] SELL FINAL STATUS status=CANCELED orderId=383104233
[17:43:13.949] [EXEC] [EXEC] SELL TIMEOUT check fast_exit
[17:43:13.951] [EXEC] [EXEC] FORCE EXIT hard_sl_triggered
[17:43:13.952] [EXEC] [EXEC] HARD SL triggered
[17:43:13.953] [EXEC] [EXEC] PANIC EXIT sl_mode
[17:43:13.954] [EXEC] [EXEC] FORCE EXIT price=81958.98
[17:43:13.955] [EXEC] [EXEC] PLACE SELL price=81958.98 qty=0.244020
[17:43:14.218] [EXEC] [EXEC] PANIC START price=81958.98
[17:43:14.221] [EXEC] [EXEC] SELL ORDER SENT orderId=383104342
[17:43:14.226] [EXEC] [EXEC] BLOCK reason=balance_low
[17:43:18.132] [EXEC] [EXEC] PANIC WAIT still_open orderId=383104342
[17:43:18.136] [EXEC] [EXEC] PANIC HOLD active orderId=383104342
[17:43:20.480] [EXEC] [EXEC] PANIC HOLD active orderId=383104342
[17:43:20.485] [EXEC] [EXEC] BLOCK reason=balance_low
[17:43:21.533] [EXEC] [EXEC] PANIC WAIT still_open orderId=383104342
[17:43:21.536] [EXEC] [EXEC] PANIC HOLD active orderId=383104342
[17:43:24.160] [EXEC] [EXEC] FIFO CLOSE qty=0.244020 entry=81958.31 exit=81958.98 pnl=+0.163493
[17:43:24.161] [EXEC] [EXEC] CHUNK CLOSED entry=81958.31
[17:43:24.162] [EXEC] [EXEC] REALIZED pnl=+0.163493
[17:43:24.163] [EXEC] [EXEC] SELL ACCOUNTING RESET flat
[17:43:24.164] [EXEC] [EXEC] CYCLE CLOSED pnl=+0.163493
[17:43:24.165] [EXEC] [EXEC] SESSION realized=+1.195113 wins=3 losses=1
[17:43:24.901] [EXEC] [EXEC] BLOCK reason=balance_low
[17:43:31.409] [EXEC] [EXEC] SELL ACCOUNTING RESET new_cycle
[17:43:31.412] [EXEC] [EXEC] BUY ORDER SENT orderId=383105552 price=81973.70 qty=0.243980
[17:43:31.415] [EXEC] [EXEC] PLACE BUY price=81973.70 qty=0.243980
[17:43:34.297] [EXEC] [EXEC] BUY FILL UPDATE delta=0.243980 avg=81973.70
[17:43:34.299] [EXEC] [EXEC] CHUNK ADD qty=0.243980 entry=81973.70
[17:43:34.300] [EXEC] [EXEC] CHUNK COUNT n=1
[17:43:34.301] [EXEC] [EXEC] INVENTORY qty=0.243980
[17:43:34.302] [EXEC] [EXEC] SELL REQUIRED inventory=0.243980
[17:43:34.562] [EXEC] [EXEC] SELL CHECK inventory=0.243980 reported=0.000000 remaining=0.243980 chunks=1
[17:43:34.566] [EXEC] [EXEC] PLACE SELL price=81974.59 qty=0.243980
[17:43:34.828] [EXEC] [EXEC] SELL ORDER SENT orderId=383105840
[17:43:35.609] [EXEC] [EXEC] FIFO CLOSE qty=0.000070 entry=81973.70 exit=81974.59 pnl=+0.000062
[17:43:35.612] [EXEC] [EXEC] REALIZED pnl=+0.000062
[17:43:35.613] [EXEC] [EXEC] SELL PARTIAL delta=0.000070
[17:43:35.615] [EXEC] [EXEC] INVENTORY remaining=0.243910
[17:43:35.616] [EXEC] [EXEC] PANIC PARTIAL filled=0.000070 remaining=0.243910
[17:43:36.621] [EXEC] [EXEC] FIFO CLOSE qty=0.243910 entry=81973.70 exit=81974.59 pnl=+0.217080
[17:43:36.624] [EXEC] [EXEC] CHUNK CLOSED entry=81973.70
[17:43:36.627] [EXEC] [EXEC] REALIZED pnl=+0.217080
[17:43:36.629] [EXEC] [EXEC] SELL ACCOUNTING RESET flat
[17:43:36.631] [EXEC] [EXEC] CYCLE CLOSED pnl=+0.217142
[17:43:36.632] [EXEC] [EXEC] SESSION realized=+1.412255 wins=4 losses=1
[17:43:37.693] [EXEC] [EXEC] SELL ACCOUNTING RESET new_cycle
[17:43:37.695] [EXEC] [EXEC] BUY ORDER SENT orderId=383106000 price=81979.53 qty=0.243960
[17:43:37.697] [EXEC] [EXEC] PLACE BUY price=81979.53 qty=0.243960
[17:43:39.181] [EXEC] [EXEC] BUY FILL UPDATE delta=0.243960 avg=81979.53
[17:43:39.185] [EXEC] [EXEC] CHUNK ADD qty=0.243960 entry=81979.53
[17:43:39.188] [EXEC] [EXEC] CHUNK COUNT n=1
[17:43:39.191] [EXEC] [EXEC] INVENTORY qty=0.243960
[17:43:39.193] [EXEC] [EXEC] SELL REQUIRED inventory=0.243960
[17:43:39.196] [EXEC] [EXEC] BUY PARTIAL delta=0.243960 total=0.243960
[17:43:39.198] [EXEC] [EXEC] BUY REMAINING qty=0.000000
[17:43:39.200] [EXEC] [EXEC] BUY FILLED id=383106000
[17:43:40.689] [EXEC] [EXEC] SELL CHECK inventory=0.243960 reported=0.000000 remaining=0.243960 chunks=1
[17:43:40.693] [EXEC] [EXEC] PLACE SELL price=81983.99 qty=0.243960
[17:43:40.954] [EXEC] [EXEC] SELL ORDER SENT orderId=383106142
[17:43:41.906] [EXEC] [EXEC] RECOVERY WAIT hard_sl_pending_recovery
[17:43:42.175] [EXEC] [EXEC] BLOCK reason=balance_low
[17:43:43.946] [EXEC] [EXEC] RECOVERY WAIT hard_sl_pending_recovery
[17:43:44.209] [EXEC] [EXEC] SELL TIMEOUT orderId=383106142
[17:43:44.212] [EXEC] [EXEC] CANCEL SELL orderId=383106142
[17:43:44.744] [EXEC] [EXEC] SELL FINAL STATUS status=CANCELED orderId=383106142
[17:43:44.748] [EXEC] [EXEC] SELL TIMEOUT check fast_exit
[17:43:44.749] [EXEC] [EXEC] FORCE EXIT hard_sl_triggered
[17:43:44.750] [EXEC] [EXEC] HARD SL triggered
[17:43:44.751] [EXEC] [EXEC] PANIC EXIT sl_mode
[17:43:44.752] [EXEC] [EXEC] FORCE EXIT price=81977.27
[17:43:44.753] [EXEC] [EXEC] PLACE SELL price=81977.27 qty=0.243960
[17:43:45.016] [EXEC] [EXEC] PANIC START price=81977.27
[17:43:45.022] [EXEC] [EXEC] SELL ORDER SENT orderId=383106347
[17:43:45.565] [EXEC] [EXEC] FIFO CLOSE qty=0.243960 entry=81979.53 exit=81977.26 pnl=-0.553789
[17:43:45.565] [EXEC] [EXEC] CHUNK CLOSED entry=81979.53
[17:43:45.566] [EXEC] [EXEC] REALIZED pnl=-0.553789
[17:43:45.567] [EXEC] [EXEC] SELL ACCOUNTING RESET flat
[17:43:45.567] [EXEC] [EXEC] CYCLE CLOSED pnl=-0.553789
[17:43:45.568] [EXEC] [EXEC] SESSION realized=+0.858466 wins=4 losses=2
[17:43:45.658] [EXEC] [EXEC] BLOCK reason=balance_low
[17:43:51.815] [EXEC] [EXEC] SELL ACCOUNTING RESET new_cycle
[17:43:51.819] [EXEC] [EXEC] BUY ORDER SENT orderId=383106647 price=81976.69 qty=0.243970
[17:43:51.822] [EXEC] [EXEC] PLACE BUY price=81976.69 qty=0.243970
[17:43:54.008] [EXEC] [EXEC] BUY FILL UPDATE delta=0.243970 avg=81976.69
[17:43:54.010] [EXEC] [EXEC] CHUNK ADD qty=0.243970 entry=81976.69
[17:43:54.013] [EXEC] [EXEC] CHUNK COUNT n=1
[17:43:54.015] [EXEC] [EXEC] INVENTORY qty=0.243970
[17:43:54.016] [EXEC] [EXEC] SELL REQUIRED inventory=0.243970
[17:43:54.284] [EXEC] [EXEC] SELL CHECK inventory=0.243970 reported=0.000000 remaining=0.243970 chunks=1
[17:43:54.288] [EXEC] [EXEC] PLACE SELL price=81980.70 qty=0.243970
[17:43:54.551] [EXEC] [EXEC] SELL ORDER SENT orderId=383106780
[17:43:56.665] [EXEC] [EXEC] FIFO CLOSE qty=0.243970 entry=81976.69 exit=81980.70 pnl=+0.978320
[17:43:56.666] [EXEC] [EXEC] CHUNK CLOSED entry=81976.69
[17:43:56.669] [EXEC] [EXEC] REALIZED pnl=+0.978320
[17:43:56.671] [EXEC] [EXEC] SELL ACCOUNTING RESET flat
[17:43:56.673] [EXEC] [EXEC] CYCLE CLOSED pnl=+0.978320
[17:43:56.674] [EXEC] [EXEC] SESSION realized=+1.836785 wins=5 losses=2
[17:43:57.176] [EXEC] [EXEC] SELL ACCOUNTING RESET new_cycle
[17:43:57.179] [EXEC] [EXEC] BUY ORDER SENT orderId=383106910 price=81972.01 qty=0.243980
[17:43:57.182] [EXEC] [EXEC] PLACE BUY price=81972.01 qty=0.243980
[17:44:01.580] [EXEC] [EXEC] BUY TIMEOUT orderId=383106910
[17:44:01.583] [EXEC] [EXEC] CANCEL BUY orderId=383106910
[17:44:01.846] [EXEC] [EXEC] BUY CANCELED confirmed
[17:44:02.116] [EXEC] [EXEC] BUY FINAL STATUS status=CANCELED orderId=383106910
[17:44:02.120] [EXEC] [EXEC] BLOCK reason=buy_not_filled
[17:44:03.550] [EXEC] [EXEC] BLOCK reason=balance_low
[17:44:07.088] [EXEC] [EXEC] BLOCK reason=balance_low
[17:44:11.659] [EXEC] [EXEC] SELL ACCOUNTING RESET new_cycle
[17:44:11.664] [EXEC] [EXEC] BUY ORDER SENT orderId=383107657 price=81976.62 qty=0.243970
[17:44:11.666] [EXEC] [EXEC] PLACE BUY price=81976.62 qty=0.243970
[17:44:12.191] [EXEC] [EXEC] BUY FILL UPDATE delta=0.243970 avg=81976.62
[17:44:12.192] [EXEC] [EXEC] CHUNK ADD qty=0.243970 entry=81976.62
[17:44:12.193] [EXEC] [EXEC] CHUNK COUNT n=1
[17:44:12.194] [EXEC] [EXEC] INVENTORY qty=0.243970
[17:44:12.195] [EXEC] [EXEC] SELL REQUIRED inventory=0.243970
[17:44:12.495] [EXEC] [EXEC] SELL CHECK inventory=0.243970 reported=0.000000 remaining=0.243970 chunks=1
[17:44:12.497] [EXEC] [EXEC] PLACE SELL price=81981.46 qty=0.243970
[17:44:12.764] [EXEC] [EXEC] SELL ORDER SENT orderId=383107724
[17:44:14.073] [EXEC] [EXEC] FIFO CLOSE qty=0.243970 entry=81976.62 exit=81981.46 pnl=+1.180815
[17:44:14.076] [EXEC] [EXEC] CHUNK CLOSED entry=81976.62
[17:44:14.077] [EXEC] [EXEC] REALIZED pnl=+1.180815
[17:44:14.078] [EXEC] [EXEC] SELL ACCOUNTING RESET flat
[17:44:14.079] [EXEC] [EXEC] CYCLE CLOSED pnl=+1.180815
[17:44:14.080] [EXEC] [EXEC] SESSION realized=+3.017600 wins=6 losses=2
[17:44:14.081] [EXEC] [EXEC] SELL ACCOUNTING RESET flat
[17:44:14.082] [EXEC] [EXEC] CYCLE SKIP no_fifo_pnl
[17:44:14.083] [EXEC] [EXEC] SELL FILLED id=383107724
[17:44:14.084] [EXEC] [EXEC] SELL FILLED qty=0.243970 remaining=0.000000
[17:44:14.085] [EXEC] [EXEC] PANIC FILLED
[17:44:14.086] [EXEC] [EXEC] PANIC RESET
[17:44:14.087] [EXEC] [EXEC] SELL ACCOUNTING RESET flat
[17:44:14.088] [EXEC] [EXEC] CYCLE SKIP no_fifo_pnl
[17:44:15.326] [EXEC] [EXEC] SELL ACCOUNTING RESET new_cycle
[17:44:15.331] [EXEC] [EXEC] BUY ORDER SENT orderId=383107812 price=81979.67 qty=0.243960
[17:44:15.334] [EXEC] [EXEC] PLACE BUY price=81979.67 qty=0.243960
[17:44:16.882] [EXEC] [EXEC] BUY FILL UPDATE delta=0.243960 avg=81979.67
[17:44:16.885] [EXEC] [EXEC] CHUNK ADD qty=0.243960 entry=81979.67
[17:44:16.887] [EXEC] [EXEC] CHUNK COUNT n=1
[17:44:16.888] [EXEC] [EXEC] INVENTORY qty=0.243960
[17:44:16.889] [EXEC] [EXEC] SELL REQUIRED inventory=0.243960
[17:44:16.890] [EXEC] [EXEC] BUY PARTIAL delta=0.243960 total=0.243960
[17:44:16.891] [EXEC] [EXEC] BUY REMAINING qty=0.000000
[17:44:16.892] [EXEC] [EXEC] BUY FILLED id=383107812
[17:44:19.088] [EXEC] [EXEC] SELL CHECK inventory=0.243960 reported=0.000000 remaining=0.243960 chunks=1
[17:44:19.092] [EXEC] [EXEC] PLACE SELL price=81990.34 qty=0.243960
[17:44:19.355] [EXEC] [EXEC] SELL ORDER SENT orderId=383107957
[17:44:20.242] [EXEC] [EXEC] FIFO CLOSE qty=0.243960 entry=81979.67 exit=81990.34 pnl=+2.603053
[17:44:20.243] [EXEC] [EXEC] CHUNK CLOSED entry=81979.67
[17:44:20.244] [EXEC] [EXEC] REALIZED pnl=+2.603053
[17:44:20.245] [EXEC] [EXEC] SELL ACCOUNTING RESET flat
[17:44:20.249] [EXEC] [EXEC] CYCLE CLOSED pnl=+2.603053
[17:44:20.251] [EXEC] [EXEC] SESSION realized=+5.620653 wins=7 losses=2
[17:44:21.893] [EXEC] [EXEC] SELL ACCOUNTING RESET new_cycle
[17:44:21.897] [EXEC] [EXEC] BUY ORDER SENT orderId=383108101 price=81988.01 qty=0.243930
[17:44:21.899] [EXEC] [EXEC] PLACE BUY price=81988.01 qty=0.243930
[17:44:25.434] [EXEC] [EXEC] BUY FILL UPDATE delta=0.243930 avg=81988.01
[17:44:25.436] [EXEC] [EXEC] CHUNK ADD qty=0.243930 entry=81988.01
[17:44:25.437] [EXEC] [EXEC] CHUNK COUNT n=1
[17:44:25.438] [EXEC] [EXEC] INVENTORY qty=0.243930
[17:44:25.440] [EXEC] [EXEC] SELL REQUIRED inventory=0.243930
[17:44:26.422] [EXEC] [EXEC] SELL CHECK inventory=0.243930 reported=0.000000 remaining=0.243930 chunks=1
[17:44:26.426] [EXEC] [EXEC] PLACE SELL price=81990.90 qty=0.243930
[17:44:26.691] [EXEC] [EXEC] SELL ORDER SENT orderId=383108395
[17:44:27.231] [EXEC] [EXEC] FIFO CLOSE qty=0.243930 entry=81988.01 exit=81990.90 pnl=+0.704958
[17:44:27.233] [EXEC] [EXEC] CHUNK CLOSED entry=81988.01
[17:44:27.234] [EXEC] [EXEC] REALIZED pnl=+0.704958
[17:44:27.235] [EXEC] [EXEC] SELL ACCOUNTING RESET flat
[17:44:27.236] [EXEC] [EXEC] CYCLE CLOSED pnl=+0.704958
[17:44:27.237] [EXEC] [EXEC] SESSION realized=+6.325611 wins=8 losses=2
[17:44:27.512] [EXEC] [EXEC] SELL ACCOUNTING RESET new_cycle
[17:44:27.514] [EXEC] [EXEC] BUY ORDER SENT orderId=383108457 price=81988.78 qty=0.243930
[17:44:27.515] [EXEC] [EXEC] PLACE BUY price=81988.78 qty=0.243930
[17:44:30.459] [EXEC] [EXEC] BUY FILL UPDATE delta=0.243930 avg=81988.78
[17:44:30.461] [EXEC] [EXEC] CHUNK ADD qty=0.243930 entry=81988.78
[17:44:30.462] [EXEC] [EXEC] CHUNK COUNT n=1
[17:44:30.463] [EXEC] [EXEC] INVENTORY qty=0.243930
[17:44:30.464] [EXEC] [EXEC] SELL REQUIRED inventory=0.243930
[17:44:31.222] [EXEC] [EXEC] SELL CHECK inventory=0.243930 reported=0.000000 remaining=0.243930 chunks=1
[17:44:31.225] [EXEC] [EXEC] PLACE SELL price=81995.33 qty=0.243930
[17:44:31.497] [EXEC] [EXEC] SELL ORDER SENT orderId=383108694
[17:44:31.500] [EXEC] [EXEC] BLOCK reason=balance_low
[17:44:32.569] [EXEC] [EXEC] RECOVERY WAIT hard_sl_pending_recovery
[17:44:33.895] [EXEC] [EXEC] FIFO CLOSE qty=0.243930 entry=81988.78 exit=81995.33 pnl=+1.597742
[17:44:33.897] [EXEC] [EXEC] CHUNK CLOSED entry=81988.78
[17:44:33.898] [EXEC] [EXEC] REALIZED pnl=+1.597742
[17:44:33.899] [EXEC] [EXEC] SELL ACCOUNTING RESET flat
[17:44:33.900] [EXEC] [EXEC] CYCLE CLOSED pnl=+1.597742
[17:44:33.901] [EXEC] [EXEC] SESSION realized=+7.923353 wins=9 losses=2
[17:44:34.117] [EXEC] [EXEC] BLOCK reason=balance_low
[17:44:37.777] [EXEC] [EXEC] BLOCK reason=balance_low
[17:44:44.542] [EXEC] [EXEC] SELL ACCOUNTING RESET new_cycle
[17:44:44.546] [EXEC] [EXEC] BUY ORDER SENT orderId=383109527 price=81980.01 qty=0.243960
[17:44:44.547] [EXEC] [EXEC] PLACE BUY price=81980.01 qty=0.243960
[17:44:46.044] [EXEC] [EXEC] BUY FILL UPDATE delta=0.243960 avg=81980.01
[17:44:46.047] [EXEC] [EXEC] CHUNK ADD qty=0.243960 entry=81980.01
[17:44:46.049] [EXEC] [EXEC] CHUNK COUNT n=1
[17:44:46.050] [EXEC] [EXEC] INVENTORY qty=0.243960
[17:44:46.051] [EXEC] [EXEC] SELL REQUIRED inventory=0.243960
[17:44:46.052] [EXEC] [EXEC] BUY PARTIAL delta=0.243960 total=0.243960
[17:44:46.053] [EXEC] [EXEC] BUY REMAINING qty=0.000000
[17:44:46.054] [EXEC] [EXEC] BUY FILLED id=383109527
[17:44:46.891] [EXEC] [EXEC] SELL CHECK inventory=0.243960 reported=0.000000 remaining=0.243960 chunks=1
[17:44:46.895] [EXEC] [EXEC] PLACE SELL price=81988.42 qty=0.243960
[17:44:47.166] [EXEC] [EXEC] SELL ORDER SENT orderId=383109703
[17:44:48.457] [EXEC] [EXEC] FIFO CLOSE qty=0.243960 entry=81980.01 exit=81988.42 pnl=+2.051704
[17:44:48.461] [EXEC] [EXEC] CHUNK CLOSED entry=81980.01
[17:44:48.462] [EXEC] [EXEC] REALIZED pnl=+2.051704
[17:44:48.463] [EXEC] [EXEC] SELL ACCOUNTING RESET flat
[17:44:48.464] [EXEC] [EXEC] CYCLE CLOSED pnl=+2.051704
[17:44:48.465] [EXEC] [EXEC] SESSION realized=+9.975056 wins=10 losses=2
[17:44:48.466] [EXEC] [EXEC] SELL ACCOUNTING RESET flat
[17:44:48.468] [EXEC] [EXEC] CYCLE SKIP no_fifo_pnl
[17:44:48.469] [EXEC] [EXEC] SELL FILLED id=383109703
[17:44:48.470] [EXEC] [EXEC] SELL FILLED qty=0.243960 remaining=0.000000
[17:44:48.471] [EXEC] [EXEC] SELL ACCOUNTING RESET flat
[17:44:48.472] [EXEC] [EXEC] CYCLE SKIP no_fifo_pnl
[17:44:50.036] [EXEC] [EXEC] SELL ACCOUNTING RESET new_cycle
[17:44:50.041] [EXEC] [EXEC] BUY ORDER SENT orderId=383109959 price=81996.00 qty=0.243910
[17:44:50.044] [EXEC] [EXEC] PLACE BUY price=81996.00 qty=0.243910
[17:44:53.041] [EXEC] [EXEC] BLOCK reason=balance_low
[17:44:54.531] [EXEC] [EXEC] BUY FILL UPDATE delta=0.243910 avg=81996.00
[17:44:54.535] [EXEC] [EXEC] CHUNK ADD qty=0.243910 entry=81996.00
[17:44:54.536] [EXEC] [EXEC] CHUNK COUNT n=1
[17:44:54.537] [EXEC] [EXEC] INVENTORY qty=0.243910
[17:44:54.538] [EXEC] [EXEC] SELL REQUIRED inventory=0.243910
[17:44:54.539] [EXEC] [EXEC] BUY PARTIAL delta=0.243910 total=0.243910
[17:44:54.540] [EXEC] [EXEC] BUY REMAINING qty=0.000000
[17:44:54.541] [EXEC] [EXEC] BUY FILLED id=383109959
[17:44:56.314] [EXEC] [EXEC] SELL CHECK inventory=0.243910 reported=0.000000 remaining=0.243910 chunks=1
[17:44:56.317] [EXEC] [EXEC] PLACE SELL price=81996.04 qty=0.243910
[17:44:56.627] [EXEC] [EXEC] SELL ORDER SENT orderId=383110470
[17:44:56.640] [EXEC] [EXEC] RECOVERY WAIT hard_sl_pending_recovery
[17:44:59.714] [EXEC] [EXEC] SELL TIMEOUT orderId=383110470
[17:44:59.718] [EXEC] [EXEC] CANCEL SELL orderId=383110470
[17:45:00.255] [EXEC] [EXEC] SELL FINAL STATUS status=CANCELED orderId=383110470
[17:45:00.258] [EXEC] [EXEC] SELL TIMEOUT check fast_exit
[17:45:00.260] [EXEC] [EXEC] FORCE EXIT hard_sl_triggered
[17:45:00.263] [EXEC] [EXEC] HARD SL triggered
[17:45:00.265] [EXEC] [EXEC] PANIC EXIT sl_mode
[17:45:00.267] [EXEC] [EXEC] FORCE EXIT price=81971.75
[17:45:00.268] [EXEC] [EXEC] PLACE SELL price=81971.75 qty=0.243910
[17:45:00.533] [EXEC] [EXEC] PANIC START price=81971.75
[17:45:00.536] [EXEC] [EXEC] SELL ORDER SENT orderId=383110959
[17:45:01.083] [EXEC] [EXEC] FIFO CLOSE qty=0.243910 entry=81996.00 exit=81971.75 pnl=-5.914817
[17:45:01.086] [EXEC] [EXEC] CHUNK CLOSED entry=81996.00
[17:45:01.088] [EXEC] [EXEC] REALIZED pnl=-5.914817
[17:45:01.090] [EXEC] [EXEC] SELL ACCOUNTING RESET flat
[17:45:01.092] [EXEC] [EXEC] CYCLE CLOSED pnl=-5.914817
[17:45:01.094] [EXEC] [EXEC] SESSION realized=+4.060239 wins=10 losses=3
[17:45:02.228] [EXEC] [EXEC] SELL ACCOUNTING RESET new_cycle
[17:45:02.231] [EXEC] [EXEC] BUY ORDER SENT orderId=383111151 price=81962.68 qty=0.244010
[17:45:02.233] [EXEC] [EXEC] PLACE BUY price=81962.68 qty=0.244010
[17:45:07.372] [EXEC] [EXEC] BUY TIMEOUT orderId=383111151
[17:45:07.376] [EXEC] [EXEC] CANCEL BUY orderId=383111151
[17:45:07.642] [EXEC] [EXEC] BUY CANCELED confirmed
[17:45:07.933] [EXEC] [EXEC] BUY FINAL STATUS status=CANCELED orderId=383111151
[17:45:07.937] [EXEC] [EXEC] BLOCK reason=buy_not_filled
[17:45:08.784] [EXEC] [EXEC] SELL ACCOUNTING RESET new_cycle
[17:45:08.788] [EXEC] [EXEC] BUY ORDER SENT orderId=383112129 price=82034.79 qty=0.243790
[17:45:08.790] [EXEC] [EXEC] PLACE BUY price=82034.79 qty=0.243790
[17:45:10.352] [EXEC] [EXEC] BUY FILL UPDATE delta=0.243790 avg=82034.79
[17:45:10.356] [EXEC] [EXEC] CHUNK ADD qty=0.243790 entry=82034.79
[17:45:10.358] [EXEC] [EXEC] CHUNK COUNT n=1
[17:45:10.360] [EXEC] [EXEC] INVENTORY qty=0.243790
[17:45:10.362] [EXEC] [EXEC] SELL REQUIRED inventory=0.243790
[17:45:10.363] [EXEC] [EXEC] BUY PARTIAL delta=0.243790 total=0.243790
[17:45:10.365] [EXEC] [EXEC] BUY REMAINING qty=0.000000
[17:45:10.366] [EXEC] [EXEC] BUY FILLED id=383112129
[17:45:12.538] [EXEC] [EXEC] SELL CHECK inventory=0.243790 reported=0.000000 remaining=0.243790 chunks=1
[17:45:12.541] [EXEC] [EXEC] PLACE SELL price=82034.83 qty=0.243790
[17:45:12.817] [EXEC] [EXEC] SELL ORDER SENT orderId=383112837
[17:45:12.823] [EXEC] [EXEC] BLOCK reason=balance_low
[17:45:14.147] [EXEC] [EXEC] RECOVERY WAIT hard_sl_pending_recovery
[17:45:15.700] [EXEC] [EXEC] RECOVERY WAIT hard_sl_pending_recovery
[17:45:15.982] [EXEC] [EXEC] SELL TIMEOUT orderId=383112837
[17:45:15.985] [EXEC] [EXEC] CANCEL SELL orderId=383112837
[17:45:16.523] [EXEC] [EXEC] SELL FINAL STATUS status=CANCELED orderId=383112837
[17:45:16.527] [EXEC] [EXEC] SELL TIMEOUT check fast_exit
[17:45:16.528] [EXEC] [EXEC] FORCE EXIT hard_sl_triggered
[17:45:16.529] [EXEC] [EXEC] HARD SL triggered
[17:45:16.530] [EXEC] [EXEC] PANIC EXIT sl_mode
[17:45:16.531] [EXEC] [EXEC] FORCE EXIT price=81986.78
[17:45:16.532] [EXEC] [EXEC] PLACE SELL price=81986.78 qty=0.243790
[17:45:16.795] [EXEC] [EXEC] PANIC START price=81986.78
[17:45:16.797] [EXEC] [EXEC] SELL ORDER SENT orderId=383113253
[17:45:19.520] [EXEC] [EXEC] FIFO CLOSE qty=0.243790 entry=82034.79 exit=81986.78 pnl=-11.704358
[17:45:19.524] [EXEC] [EXEC] CHUNK CLOSED entry=82034.79
[17:45:19.527] [EXEC] [EXEC] REALIZED pnl=-11.704358
[17:45:19.528] [EXEC] [EXEC] SELL ACCOUNTING RESET flat
[17:45:19.529] [EXEC] [EXEC] CYCLE CLOSED pnl=-11.704358
[17:45:19.530] [EXEC] [EXEC] SESSION realized=-7.644119 wins=10 losses=4
[17:45:21.211] [EXEC] [EXEC] SELL ACCOUNTING RESET new_cycle
[17:45:21.214] [EXEC] [EXEC] BUY ORDER SENT orderId=383113744 price=81974.23 qty=0.243970
[17:45:21.216] [EXEC] [EXEC] PLACE BUY price=81974.23 qty=0.243970
[17:45:22.283] [EXEC] [EXEC] BUY FILL UPDATE delta=0.243970 avg=81974.23
[17:45:22.285] [EXEC] [EXEC] CHUNK ADD qty=0.243970 entry=81974.23
[17:45:22.287] [EXEC] [EXEC] CHUNK COUNT n=1
[17:45:22.287] [EXEC] [EXEC] INVENTORY qty=0.243970
[17:45:22.288] [EXEC] [EXEC] SELL REQUIRED inventory=0.243970
[17:45:22.843] [EXEC] [EXEC] SELL CHECK inventory=0.243970 reported=0.000000 remaining=0.243970 chunks=1
[17:45:22.844] [EXEC] [EXEC] PLACE SELL price=81983.99 qty=0.243970
[17:45:23.118] [EXEC] [EXEC] SELL ORDER SENT orderId=383113839
[17:45:23.660] [EXEC] [EXEC] FIFO CLOSE qty=0.243970 entry=81974.23 exit=81983.99 pnl=+2.381147
[17:45:23.663] [EXEC] [EXEC] CHUNK CLOSED entry=81974.23
[17:45:23.664] [EXEC] [EXEC] REALIZED pnl=+2.381147
[17:45:23.665] [EXEC] [EXEC] SELL ACCOUNTING RESET flat
[17:45:23.666] [EXEC] [EXEC] CYCLE CLOSED pnl=+2.381147
[17:45:23.667] [EXEC] [EXEC] SESSION realized=-5.262972 wins=11 losses=4
[17:45:25.509] [EXEC] [EXEC] SELL ACCOUNTING RESET new_cycle
[17:45:25.513] [EXEC] [EXEC] BUY ORDER SENT orderId=383114152 price=81979.10 qty=0.243960
[17:45:25.514] [EXEC] [EXEC] PLACE BUY price=81979.10 qty=0.243960
[17:45:30.671] [EXEC] [EXEC] BUY TIMEOUT orderId=383114152
[17:45:30.675] [EXEC] [EXEC] CANCEL BUY orderId=383114152
[17:45:31.418] [EXEC] [EXEC] BUY CANCELED confirmed
[17:45:31.687] [EXEC] [EXEC] BUY FINAL STATUS status=CANCELED orderId=383114152
[17:45:31.689] [EXEC] [EXEC] BLOCK reason=buy_not_filled
[17:45:33.554] [EXEC] [EXEC] SELL ACCOUNTING RESET new_cycle
[17:45:33.557] [EXEC] [EXEC] BUY ORDER SENT orderId=383114996 price=81995.14 qty=0.243910
[17:45:33.559] [EXEC] [EXEC] PLACE BUY price=81995.14 qty=0.243910
[17:45:37.886] [EXEC] [EXEC] BUY TIMEOUT orderId=383114996
[17:45:37.889] [EXEC] [EXEC] CANCEL BUY orderId=383114996
[17:45:38.157] [EXEC] [EXEC] BUY CANCELED confirmed
[17:45:38.424] [EXEC] [EXEC] BUY FINAL STATUS status=CANCELED orderId=383114996
[17:45:38.428] [EXEC] [EXEC] BLOCK reason=buy_not_filled
[17:45:38.821] [EXEC] [EXEC] SELL ACCOUNTING RESET new_cycle
[17:45:38.825] [EXEC] [EXEC] BUY ORDER SENT orderId=383115487 price=82012.00 qty=0.243860
[17:45:38.828] [EXEC] [EXEC] PLACE BUY price=82012.00 qty=0.243860
[17:45:41.433] [EXEC] [EXEC] BUY FILL UPDATE delta=0.243860 avg=82012.00
[17:45:41.438] [EXEC] [EXEC] CHUNK ADD qty=0.243860 entry=82012.00
[17:45:41.441] [EXEC] [EXEC] CHUNK COUNT n=1
[17:45:41.443] [EXEC] [EXEC] INVENTORY qty=0.243860
[17:45:41.444] [EXEC] [EXEC] SELL REQUIRED inventory=0.243860
[17:45:42.805] [EXEC] [EXEC] SELL CHECK inventory=0.243860 reported=0.000000 remaining=0.243860 chunks=1
[17:45:42.811] [EXEC] [EXEC] PLACE SELL price=82012.04 qty=0.243860
[17:45:43.073] [EXEC] [EXEC] SELL ORDER SENT orderId=383115989
[17:45:43.079] [EXEC] [EXEC] BLOCK reason=balance_low
[17:45:47.126] [EXEC] [EXEC] PANIC WAIT still_open orderId=383115989
[17:45:48.096] [EXEC] [EXEC] BLOCK reason=balance_low
[17:45:50.081] [EXEC] [EXEC] PANIC STALE detected orderId=383115989
[17:45:50.084] [EXEC] [EXEC] PANIC ESCALATE old=81986.78 new=81986.01 qty=0.243860
[17:45:50.907] [EXEC] [EXEC] PANIC ESCALATE placed orderId=383116475
[17:45:52.125] [EXEC] [EXEC] FIFO CLOSE qty=0.243860 entry=82012.00 exit=81986.00 pnl=-6.340360
[17:45:52.128] [EXEC] [EXEC] CHUNK CLOSED entry=82012.00
[17:45:52.129] [EXEC] [EXEC] REALIZED pnl=-6.340360
[17:45:52.131] [EXEC] [EXEC] SELL ACCOUNTING RESET flat
[17:45:52.132] [EXEC] [EXEC] CYCLE CLOSED pnl=-6.340360
[17:45:52.133] [EXEC] [EXEC] SESSION realized=-11.603332 wins=11 losses=5
[17:45:52.134] [EXEC] [EXEC] SELL ACCOUNTING RESET flat
[17:45:52.135] [EXEC] [EXEC] CYCLE SKIP no_fifo_pnl
[17:45:52.136] [EXEC] [EXEC] SELL FILLED id=383116475
[17:45:52.137] [EXEC] [EXEC] SELL FILLED qty=0.243860 remaining=0.000000
[17:45:52.137] [EXEC] [EXEC] PANIC FILLED
[17:45:52.138] [EXEC] [EXEC] PANIC RESET
[17:45:52.139] [EXEC] [EXEC] SELL ACCOUNTING RESET flat
[17:45:52.140] [EXEC] [EXEC] CYCLE SKIP no_fifo_pnl
[17:45:56.014] [EXEC] [EXEC] SELL ACCOUNTING RESET new_cycle
[17:45:56.017] [EXEC] [EXEC] BUY ORDER SENT orderId=383116689 price=81990.64 qty=0.243930
[17:45:56.018] [EXEC] [EXEC] PLACE BUY price=81990.64 qty=0.243930
[17:45:56.607] [EXEC] [EXEC] BUY FILL UPDATE delta=0.243930 avg=81990.64
[17:45:56.609] [EXEC] [EXEC] CHUNK ADD qty=0.243930 entry=81990.64
[17:45:56.611] [EXEC] [EXEC] CHUNK COUNT n=1
[17:45:56.612] [EXEC] [EXEC] INVENTORY qty=0.243930
[17:45:56.614] [EXEC] [EXEC] SELL REQUIRED inventory=0.243930
[17:45:57.738] [EXEC] [EXEC] SELL CHECK inventory=0.243930 reported=0.000000 remaining=0.243930 chunks=1
[17:45:57.741] [EXEC] [EXEC] PLACE SELL price=81993.74 qty=0.243930
[17:45:58.020] [EXEC] [EXEC] SELL ORDER SENT orderId=383116848
[17:45:58.540] [EXEC] [EXEC] RECOVERY WAIT hard_sl_pending_recovery
[17:46:00.861] [EXEC] [EXEC] RECOVERY WAIT hard_sl_pending_recovery
[17:46:01.672] [EXEC] [EXEC] FIFO CLOSE qty=0.243930 entry=81990.64 exit=81993.74 pnl=+0.756183
[17:46:01.676] [EXEC] [EXEC] CHUNK CLOSED entry=81990.64
[17:46:01.677] [EXEC] [EXEC] REALIZED pnl=+0.756183
[17:46:01.680] [EXEC] [EXEC] SELL ACCOUNTING RESET flat
[17:46:01.682] [EXEC] [EXEC] CYCLE CLOSED pnl=+0.756183
[17:46:01.683] [EXEC] [EXEC] SESSION realized=-10.847149 wins=12 losses=5
[17:46:01.684] [EXEC] [EXEC] SELL ACCOUNTING RESET flat
[17:46:01.685] [EXEC] [EXEC] CYCLE SKIP no_fifo_pnl
[17:46:01.686] [EXEC] [EXEC] SELL FILLED id=383116848
[17:46:01.687] [EXEC] [EXEC] SELL FILLED qty=0.243930 remaining=0.000000
[17:46:01.688] [EXEC] [EXEC] SELL ACCOUNTING RESET flat
[17:46:01.689] [EXEC] [EXEC] CYCLE SKIP no_fifo_pnl
[17:46:03.049] [EXEC] [EXEC] SELL ACCOUNTING RESET new_cycle
[17:46:03.054] [EXEC] [EXEC] BUY ORDER SENT orderId=383117368 price=81973.45 qty=0.243980
[17:46:03.058] [EXEC] [EXEC] PLACE BUY price=81973.45 qty=0.243980
[17:46:07.735] [EXEC] [EXEC] BUY TIMEOUT orderId=383117368
[17:46:07.739] [EXEC] [EXEC] CANCEL BUY orderId=383117368
[17:46:08.018] [EXEC] [EXEC] BUY CANCELED confirmed
[17:46:08.309] [EXEC] [EXEC] BUY FINAL STATUS status=CANCELED orderId=383117368
[17:46:08.313] [EXEC] [EXEC] BLOCK reason=buy_not_filled
[17:46:09.686] [EXEC] [EXEC] SELL ACCOUNTING RESET new_cycle
[17:46:09.690] [EXEC] [EXEC] BUY ORDER SENT orderId=383117730 price=81992.07 qty=0.243920
[17:46:09.692] [EXEC] [EXEC] PLACE BUY price=81992.07 qty=0.243920
[17:46:13.224] [EXEC] [EXEC] BUY FILL UPDATE delta=0.243920 avg=81992.07
[17:46:13.229] [EXEC] [EXEC] CHUNK ADD qty=0.243920 entry=81992.07
[17:46:13.233] [EXEC] [EXEC] CHUNK COUNT n=1
[17:46:13.236] [EXEC] [EXEC] INVENTORY qty=0.243920
[17:46:13.238] [EXEC] [EXEC] SELL REQUIRED inventory=0.243920
[17:46:13.240] [EXEC] [EXEC] BUY PARTIAL delta=0.243920 total=0.243920
[17:46:13.241] [EXEC] [EXEC] BUY REMAINING qty=0.000000
[17:46:13.243] [EXEC] [EXEC] BUY FILLED id=383117730
[17:46:13.245] [EXEC] [EXEC] BLOCK reason=balance_low
[17:46:14.110] [EXEC] [EXEC] SELL CHECK inventory=0.243920 reported=0.000000 remaining=0.243920 chunks=1
[17:46:14.112] [EXEC] [EXEC] PLACE SELL price=81995.06 qty=0.243920
[17:46:14.392] [EXEC] [EXEC] SELL ORDER SENT orderId=383117890
[17:46:15.935] [EXEC] [EXEC] FIFO CLOSE qty=0.243920 entry=81992.07 exit=81995.06 pnl=+0.729321
[17:46:15.937] [EXEC] [EXEC] CHUNK CLOSED entry=81992.07
[17:46:15.939] [EXEC] [EXEC] REALIZED pnl=+0.729321
[17:46:15.941] [EXEC] [EXEC] SELL ACCOUNTING RESET flat
[17:46:15.942] [EXEC] [EXEC] CYCLE CLOSED pnl=+0.729321
[17:46:15.943] [EXEC] [EXEC] SESSION realized=-10.117828 wins=13 losses=5
[17:46:17.444] [EXEC] [EXEC] BLOCK reason=balance_low
[17:46:21.474] [EXEC] [EXEC] SELL ACCOUNTING RESET new_cycle
[17:46:21.480] [EXEC] [EXEC] BUY ORDER SENT orderId=383118496 price=81986.84 qty=0.243940
[17:46:21.482] [EXEC] [EXEC] PLACE BUY price=81986.84 qty=0.243940
[17:46:23.219] [EXEC] [EXEC] BUY FILL UPDATE delta=0.243940 avg=81986.84
[17:46:23.223] [EXEC] [EXEC] CHUNK ADD qty=0.243940 entry=81986.84
[17:46:23.226] [EXEC] [EXEC] CHUNK COUNT n=1
[17:46:23.228] [EXEC] [EXEC] INVENTORY qty=0.243940
[17:46:23.229] [EXEC] [EXEC] SELL REQUIRED inventory=0.243940
[17:46:23.231] [EXEC] [EXEC] STOP with open inventory qty=0.243940
[17:46:31.366] [EXEC] [EXEC] BLOCK reason=balance_low
[17:52:49.779] [EXEC] [EXEC] BLOCK reason=balance_low
[17:54:02.325] [EXEC] [EXEC] LIVE ON
[17:54:02.327] [EXEC] [EXEC] WAIT READY
[17:54:02.869] [EXEC] [EXEC] SELL ACCOUNTING RESET new_cycle
[17:54:02.870] [EXEC] [EXEC] BUY ORDER SENT orderId=383142604 price=81986.12 qty=0.243940
[17:54:02.872] [EXEC] [EXEC] PLACE BUY price=81986.12 qty=0.243940
[17:54:06.947] [EXEC] [EXEC] BUY TIMEOUT orderId=383142604
[17:54:06.951] [EXEC] [EXEC] CANCEL BUY orderId=383142604
[17:54:07.219] [EXEC] [EXEC] BUY CANCELED confirmed
[17:54:07.484] [EXEC] [EXEC] BUY FINAL STATUS status=CANCELED orderId=383142604
[17:54:07.488] [EXEC] [EXEC] BLOCK reason=buy_not_filled
[17:54:09.843] [EXEC] [EXEC] SELL ACCOUNTING RESET new_cycle
[17:54:09.847] [EXEC] [EXEC] BUY ORDER SENT orderId=383142745 price=81987.23 qty=0.243940
[17:54:09.849] [EXEC] [EXEC] PLACE BUY price=81987.23 qty=0.243940
[17:54:10.402] [EXEC] [EXEC] BUY FILL UPDATE delta=0.243940 avg=81987.23
[17:54:10.404] [EXEC] [EXEC] CHUNK ADD qty=0.243940 entry=81987.23
[17:54:10.406] [EXEC] [EXEC] CHUNK COUNT n=1
[17:54:10.408] [EXEC] [EXEC] INVENTORY qty=0.243940
[17:54:10.409] [EXEC] [EXEC] SELL REQUIRED inventory=0.243940
[17:54:10.410] [EXEC] [EXEC] BUY PARTIAL delta=0.243940 total=0.243940
[17:54:10.411] [EXEC] [EXEC] BUY REMAINING qty=0.000000
[17:54:10.412] [EXEC] [EXEC] BUY FILLED id=383142745
[17:54:12.194] [EXEC] [EXEC] SELL CHECK inventory=0.243940 reported=0.000000 remaining=0.243940 chunks=1
[17:54:12.197] [EXEC] [EXEC] PLACE SELL price=81987.27 qty=0.243940
[17:54:12.463] [EXEC] [EXEC] SELL ORDER SENT orderId=383143049
[17:54:12.975] [EXEC] [EXEC] RECOVERY WAIT hard_sl_pending_recovery
[17:54:15.366] [EXEC] [EXEC] RECOVERY WAIT hard_sl_pending_recovery
[17:54:15.634] [EXEC] [EXEC] SELL TIMEOUT orderId=383143049
[17:54:15.637] [EXEC] [EXEC] CANCEL SELL orderId=383143049
[17:54:16.167] [EXEC] [EXEC] SELL FINAL STATUS status=CANCELED orderId=383143049
[17:54:16.171] [EXEC] [EXEC] SELL TIMEOUT check fast_exit
[17:54:16.172] [EXEC] [EXEC] FORCE EXIT hard_sl_triggered
[17:54:16.173] [EXEC] [EXEC] HARD SL triggered
[17:54:16.174] [EXEC] [EXEC] PANIC EXIT sl_mode
[17:54:16.175] [EXEC] [EXEC] FORCE EXIT price=81974.62
[17:54:16.176] [EXEC] [EXEC] PLACE SELL price=81974.62 qty=0.243940
[17:54:16.440] [EXEC] [EXEC] PANIC START price=81974.62
[17:54:16.444] [EXEC] [EXEC] SELL ORDER SENT orderId=383143227
[17:54:17.113] [EXEC] [EXEC] FIFO CLOSE qty=0.243940 entry=81987.23 exit=81974.78 pnl=-3.036058
[17:54:17.115] [EXEC] [EXEC] CHUNK DRAINED
[17:54:17.118] [EXEC] [EXEC] REALIZED pnl=-3.036058
[17:54:17.120] [EXEC] [EXEC] SELL ACCOUNTING RESET flat
[17:54:17.123] [EXEC] [EXEC] CYCLE CLOSED pnl=-3.036058
[17:54:17.124] [EXEC] [EXEC] SESSION realized=-3.036058 wins=0 losses=1
[17:54:17.388] [EXEC] [EXEC] SELL ACCOUNTING RESET new_cycle
[17:54:17.389] [EXEC] [EXEC] BUY ORDER SENT orderId=383143340 price=81976.62 qty=0.243970
[17:54:17.391] [EXEC] [EXEC] PLACE BUY price=81976.62 qty=0.243970
[17:54:18.564] [EXEC] [EXEC] BUY FILL UPDATE delta=0.243970 avg=81976.62
[17:54:18.568] [EXEC] [EXEC] CHUNK ADD qty=0.243970 entry=81976.62
[17:54:18.569] [EXEC] [EXEC] CHUNK COUNT n=1
[17:54:18.570] [EXEC] [EXEC] INVENTORY qty=0.243970
[17:54:18.572] [EXEC] [EXEC] SELL REQUIRED inventory=0.243970
[17:54:18.574] [EXEC] [EXEC] BUY PARTIAL delta=0.243970 total=0.243970
[17:54:18.575] [EXEC] [EXEC] BUY REMAINING qty=0.000000
[17:54:18.576] [EXEC] [EXEC] BUY FILLED id=383143340
[17:54:20.602] [EXEC] [EXEC] SELL CHECK inventory=0.243970 reported=0.000000 remaining=0.243970 chunks=1
[17:54:20.606] [EXEC] [EXEC] PLACE SELL price=81976.66 qty=0.243970
[17:54:20.872] [EXEC] [EXEC] SELL ORDER SENT orderId=383143508
[17:54:20.878] [EXEC] [EXEC] BLOCK reason=balance_low
[17:54:21.426] [EXEC] [EXEC] RECOVERY WAIT hard_sl_pending_recovery
[17:54:24.109] [EXEC] [EXEC] SELL TIMEOUT orderId=383143508
[17:54:24.113] [EXEC] [EXEC] CANCEL SELL orderId=383143508
[17:54:24.644] [EXEC] [EXEC] SELL FINAL STATUS status=CANCELED orderId=383143508
[17:54:24.648] [EXEC] [EXEC] SELL TIMEOUT check fast_exit
[17:54:24.650] [EXEC] [EXEC] FORCE EXIT hard_sl_triggered
[17:54:24.652] [EXEC] [EXEC] HARD SL triggered
[17:54:24.653] [EXEC] [EXEC] PANIC EXIT sl_mode
[17:54:24.655] [EXEC] [EXEC] FORCE EXIT price=81965.35
[17:54:24.657] [EXEC] [EXEC] PLACE SELL price=81965.35 qty=0.243970
[17:54:24.923] [EXEC] [EXEC] PANIC START price=81965.35
[17:54:24.927] [EXEC] [EXEC] SELL ORDER SENT orderId=383143873
[17:54:27.650] [EXEC] [EXEC] PANIC WAIT still_open orderId=383143873
[17:54:27.654] [EXEC] [EXEC] PANIC HOLD active orderId=383143873
[17:54:30.146] [EXEC] [EXEC] PANIC HOLD active orderId=383143873
[17:54:30.151] [EXEC] [EXEC] BLOCK reason=balance_low
[17:54:32.631] [EXEC] [EXEC] PANIC WAIT still_open orderId=383143873
[17:54:32.634] [EXEC] [EXEC] PANIC HOLD active orderId=383143873
[17:54:34.946] [EXEC] [EXEC] PANIC HOLD active orderId=383143873
[17:54:34.950] [EXEC] [EXEC] BLOCK reason=balance_low
[17:54:35.764] [EXEC] [EXEC] PANIC WAIT still_open orderId=383143873
[17:54:35.768] [EXEC] [EXEC] PANIC HOLD active orderId=383143873
[17:54:38.887] [EXEC] [EXEC] PANIC WAIT still_open orderId=383143873
[17:54:38.891] [EXEC] [EXEC] PANIC HOLD active orderId=383143873
[17:54:41.681] [EXEC] [EXEC] PANIC HOLD active orderId=383143873
[17:54:42.015] [EXEC] [EXEC] PANIC WAIT still_open orderId=383143873
[17:54:42.019] [EXEC] [EXEC] PANIC HOLD active orderId=383143873
[17:54:45.512] [EXEC] [EXEC] PANIC WAIT still_open orderId=383143873
[17:54:45.515] [EXEC] [EXEC] PANIC STALE detected orderId=383143873
[17:54:45.516] [EXEC] [EXEC] PANIC ESCALATE old=81965.35 new=81914.01 qty=0.243970
[17:54:46.334] [EXEC] [EXEC] PANIC ESCALATE placed orderId=383144945
[17:54:46.343] [EXEC] [EXEC] BLOCK reason=balance_low
[17:54:47.670] [EXEC] [EXEC] FIFO CLOSE qty=0.243970 entry=81976.62 exit=81917.11 pnl=-14.518359
[17:54:47.674] [EXEC] [EXEC] CHUNK DRAINED
[17:54:47.675] [EXEC] [EXEC] REALIZED pnl=-14.518359
[17:54:47.676] [EXEC] [EXEC] SELL ACCOUNTING RESET flat
[17:54:47.677] [EXEC] [EXEC] CYCLE CLOSED pnl=-14.518359
[17:54:47.678] [EXEC] [EXEC] SESSION realized=-17.554417 wins=0 losses=2
[17:54:47.679] [EXEC] [EXEC] SELL ACCOUNTING RESET flat
[17:54:47.680] [EXEC] [EXEC] CYCLE SKIP no_fifo_pnl
[17:54:47.681] [EXEC] [EXEC] SELL FILLED id=383144945
[17:54:47.682] [EXEC] [EXEC] SELL FILLED qty=0.243970 remaining=0.000000
[17:54:47.683] [EXEC] [EXEC] SELL ACCOUNTING RESET inventory_drained
[17:54:47.684] [EXEC] [EXEC] INVENTORY DRAINED epsilon_cleanup qty=0.000000
[17:54:47.685] [EXEC] [EXEC] SELL ACCOUNTING RESET flat
[17:54:47.686] [EXEC] [EXEC] CYCLE SKIP no_fifo_pnl
[17:54:48.570] [EXEC] [EXEC] SELL ACCOUNTING RESET new_cycle
[17:54:48.575] [EXEC] [EXEC] BUY ORDER SENT orderId=383145090 price=81929.34 qty=0.244110
[17:54:48.578] [EXEC] [EXEC] PLACE BUY price=81929.34 qty=0.244110
[17:54:52.640] [EXEC] [EXEC] BUY TIMEOUT orderId=383145090
[17:54:52.644] [EXEC] [EXEC] CANCEL BUY orderId=383145090
[17:54:52.915] [EXEC] [EXEC] BUY CANCELED confirmed
[17:54:53.198] [EXEC] [EXEC] BUY FINAL STATUS status=CANCELED orderId=383145090
[17:54:53.201] [EXEC] [EXEC] BLOCK reason=buy_not_filled
[17:54:54.522] [EXEC] [EXEC] SELL ACCOUNTING RESET new_cycle
[17:54:54.526] [EXEC] [EXEC] BUY ORDER SENT orderId=383145411 price=81924.88 qty=0.244120
[17:54:54.528] [EXEC] [EXEC] PLACE BUY price=81924.88 qty=0.244120
[17:54:57.182] [EXEC] [EXEC] BUY FILL UPDATE delta=0.244120 avg=81924.88
[17:54:57.184] [EXEC] [EXEC] CHUNK ADD qty=0.244120 entry=81924.88
[17:54:57.187] [EXEC] [EXEC] CHUNK COUNT n=1
[17:54:57.190] [EXEC] [EXEC] INVENTORY qty=0.244120
[17:54:57.191] [EXEC] [EXEC] SELL REQUIRED inventory=0.244120
[17:54:58.102] [EXEC] [EXEC] SELL CHECK inventory=0.244120 reported=0.000000 remaining=0.244120 chunks=1
[17:54:58.106] [EXEC] [EXEC] PLACE SELL price=81926.11 qty=0.244120
[17:54:58.373] [EXEC] [EXEC] SELL ORDER SENT orderId=383145687
[17:54:58.931] [EXEC] [EXEC] RECOVERY WAIT hard_sl_pending_recovery
[17:54:59.202] [EXEC] [EXEC] BLOCK reason=balance_low
[17:55:00.818] [EXEC] [EXEC] RECOVERY WAIT hard_sl_pending_recovery
[17:55:01.083] [EXEC] [EXEC] SELL TIMEOUT orderId=383145687
[17:55:01.085] [EXEC] [EXEC] CANCEL SELL orderId=383145687
[17:55:01.614] [EXEC] [EXEC] SELL FINAL STATUS status=CANCELED orderId=383145687
[17:55:01.619] [EXEC] [EXEC] SELL TIMEOUT check fast_exit
[17:55:01.623] [EXEC] [EXEC] FORCE EXIT hard_sl_triggered
[17:55:01.625] [EXEC] [EXEC] HARD SL triggered
[17:55:01.627] [EXEC] [EXEC] PANIC EXIT sl_mode
[17:55:01.629] [EXEC] [EXEC] FORCE EXIT price=81903.47
[17:55:01.630] [EXEC] [EXEC] PLACE SELL price=81903.47 qty=0.244120
[17:55:01.890] [EXEC] [EXEC] PANIC START price=81903.47
[17:55:01.894] [EXEC] [EXEC] SELL ORDER SENT orderId=383145968
[17:55:02.426] [EXEC] [EXEC] FIFO CLOSE qty=0.244120 entry=81924.88 exit=81903.47 pnl=-5.226609
[17:55:02.427] [EXEC] [EXEC] CHUNK DRAINED
[17:55:02.428] [EXEC] [EXEC] REALIZED pnl=-5.226609
[17:55:02.430] [EXEC] [EXEC] SELL ACCOUNTING RESET flat
[17:55:02.432] [EXEC] [EXEC] CYCLE CLOSED pnl=-5.226609
[17:55:02.434] [EXEC] [EXEC] SESSION realized=-22.781026 wins=0 losses=3
[17:59:46.813] [EXEC] [EXEC] LIVE ON
[17:59:46.816] [EXEC] [EXEC] WAIT READY
[17:59:47.382] [EXEC] [EXEC] SELL ACCOUNTING RESET new_cycle
[17:59:47.385] [EXEC] [EXEC] BUY ORDER SENT orderId=383157723 price=81905.30 qty=0.244180
[17:59:47.386] [EXEC] [EXEC] PLACE BUY price=81905.30 qty=0.244180
[17:59:51.717] [EXEC] [EXEC] BUY TIMEOUT orderId=383157723
[17:59:51.720] [EXEC] [EXEC] CANCEL BUY orderId=383157723
[17:59:51.986] [EXEC] [EXEC] BUY CANCELED confirmed
[17:59:52.258] [EXEC] [EXEC] BUY FINAL STATUS status=CANCELED orderId=383157723
[17:59:52.261] [EXEC] [EXEC] BLOCK reason=buy_not_filled
[17:59:53.638] [EXEC] [EXEC] SELL ACCOUNTING RESET new_cycle
[17:59:53.642] [EXEC] [EXEC] BUY ORDER SENT orderId=383158137 price=81924.01 qty=0.244120
[17:59:53.645] [EXEC] [EXEC] PLACE BUY price=81924.01 qty=0.244120
[17:59:55.190] [EXEC] [EXEC] BUY FILL UPDATE delta=0.000070 avg=81924.01
[17:59:55.193] [EXEC] [EXEC] CHUNK ADD qty=0.000070 entry=81924.01
[17:59:55.195] [EXEC] [EXEC] CHUNK COUNT n=1
[17:59:55.196] [EXEC] [EXEC] INVENTORY qty=0.000070
[17:59:55.197] [EXEC] [EXEC] SELL REQUIRED inventory=0.000070
[17:59:55.198] [EXEC] [EXEC] BUY PARTIAL delta=0.000070 total=0.000070
[17:59:55.199] [EXEC] [EXEC] BUY REMAINING qty=0.244050
[17:59:57.433] [EXEC] [EXEC] SELL CHECK inventory=0.000070 reported=0.000000 remaining=0.000070 chunks=1
[17:59:57.437] [EXEC] [EXEC] PLACE SELL price=81934.92 qty=0.000070
[17:59:57.702] [EXEC] [EXEC] SELL ORDER SENT orderId=383158342
[18:00:00.418] [EXEC] [EXEC] FIFO CLOSE qty=0.000070 entry=81924.01 exit=81934.92 pnl=+0.000764
[18:00:00.420] [EXEC] [EXEC] CHUNK DRAINED
[18:00:00.423] [EXEC] [EXEC] REALIZED pnl=+0.000764
[18:00:00.425] [EXEC] [EXEC] SELL ACCOUNTING RESET flat
[18:00:00.426] [EXEC] [EXEC] CYCLE CLOSED pnl=+0.000764
[18:00:00.427] [EXEC] [EXEC] SESSION realized=+0.000764 wins=1 losses=0
[18:00:00.796] [EXEC] [EXEC] BUY REJECTED status=400 code=-2010 msg=Account has insufficient balance for requested action.
[18:00:00.800] [EXEC] [EXEC] BUY REJECTED body={"code":-2010,"msg":"Account has insufficient balance for requested action."}
[18:00:00.801] [EXEC] [EXEC] STOP retry storm prevented
[18:00:03.286] [EXEC] [EXEC] BLOCK reason=balance_low
[18:00:10.603] [EXEC] [EXEC] BLOCK reason=balance_low
[18:04:47.195] [EXEC] [EXEC] LIVE ON
[18:04:47.198] [EXEC] [EXEC] WAIT READY
[18:04:47.202] [EXEC] [EXEC] BLOCK reason=market_health_bad
[18:04:48.582] [EXEC] [EXEC] SELL ACCOUNTING RESET new_cycle
[18:04:48.586] [EXEC] [EXEC] BUY ORDER SENT orderId=383171955 price=81988.02 qty=0.243930
[18:04:48.588] [EXEC] [EXEC] PLACE BUY price=81988.02 qty=0.243930
[18:04:51.038] [EXEC] [EXEC] BUY FILL UPDATE delta=0.243930 avg=81988.02
[18:04:51.041] [EXEC] [EXEC] CHUNK ADD qty=0.243930 entry=81988.02
[18:04:51.043] [EXEC] [EXEC] CHUNK COUNT n=1
[18:04:51.046] [EXEC] [EXEC] INVENTORY qty=0.243930
[18:04:51.050] [EXEC] [EXEC] SELL REQUIRED inventory=0.243930
[18:04:51.052] [EXEC] [EXEC] BUY PARTIAL delta=0.243930 total=0.243930
[18:04:51.053] [EXEC] [EXEC] BUY REMAINING qty=0.000000
[18:04:51.056] [EXEC] [EXEC] BUY FILLED id=383171955
[18:04:51.873] [EXEC] [EXEC] ADOPT SELL orderId=383165070 qty=0.244050 price=82000.00
[18:04:52.401] [EXEC] [EXEC] RECOVERY WAIT hard_sl_pending_recovery
[18:04:52.666] [EXEC] [EXEC] FIFO CLOSE qty=0.100580 entry=81988.02 exit=82000.00 pnl=+1.204948
[18:04:52.669] [EXEC] [EXEC] REALIZED pnl=+1.204948
[18:04:52.671] [EXEC] [EXEC] SELL PARTIAL delta=0.100580
[18:04:52.672] [EXEC] [EXEC] INVENTORY remaining=0.143350
[18:04:52.673] [EXEC] [EXEC] SELL TIMEOUT orderId=383165070
[18:04:52.674] [EXEC] [EXEC] CANCEL SELL orderId=383165070
[18:04:53.215] [EXEC] [EXEC] SELL FINAL STATUS status=CANCELED orderId=383165070
[18:04:53.218] [EXEC] [EXEC] SELL TIMEOUT check fast_exit
[18:04:53.221] [EXEC] [EXEC] FORCE EXIT hard_sl_triggered
[18:04:53.223] [EXEC] [EXEC] HARD SL triggered
[18:04:53.225] [EXEC] [EXEC] PANIC EXIT sl_mode
[18:04:53.227] [EXEC] [EXEC] FORCE EXIT price=81998.01
[18:04:53.228] [EXEC] [EXEC] PLACE SELL price=81998.01 qty=0.143350
[18:04:53.495] [EXEC] [EXEC] PANIC START price=81998.01
[18:04:53.498] [EXEC] [EXEC] SELL ORDER SENT orderId=383172272
[18:04:55.675] [EXEC] [EXEC] PANIC WAIT still_open orderId=383172272
[18:04:55.678] [EXEC] [EXEC] PANIC HOLD active orderId=383172272
[18:04:55.681] [EXEC] [EXEC] BLOCK reason=balance_low
[18:04:57.218] [EXEC] [EXEC] PANIC HOLD active orderId=383172272
[18:04:58.697] [EXEC] [EXEC] PANIC WAIT still_open orderId=383172272
[18:04:58.702] [EXEC] [EXEC] PANIC HOLD active orderId=383172272
[18:04:59.544] [EXEC] [EXEC] PANIC HOLD active orderId=383172272
[18:05:00.895] [EXEC] [EXEC] FIFO CLOSE qty=0.143350 entry=81988.02 exit=81998.01 pnl=+1.432067
[18:05:00.896] [EXEC] [EXEC] CHUNK DRAINED
[18:05:00.896] [EXEC] [EXEC] REALIZED pnl=+1.432067
[18:05:00.897] [EXEC] [EXEC] SELL ACCOUNTING RESET flat
[18:05:00.898] [EXEC] [EXEC] CYCLE CLOSED pnl=+2.637015
[18:05:00.898] [EXEC] [EXEC] SESSION realized=+2.637015 wins=1 losses=0
[18:05:01.730] [EXEC] [EXEC] BLOCK reason=balance_low
[18:05:16.057] [EXEC] [EXEC] BLOCK reason=balance_low
[18:05:46.016] [EXEC] [EXEC] BLOCK reason=balance_low
[18:05:47.671] [EXEC] [EXEC] LIVE ON
[18:05:47.674] [EXEC] [EXEC] WAIT READY
[18:06:08.519] [EXEC] [EXEC] BLOCK reason=balance_low
[18:06:21.243] [EXEC] [EXEC] LIVE ON
[18:06:21.245] [EXEC] [EXEC] WAIT READY
[18:06:21.247] [EXEC] [EXEC] BLOCK reason=market_health_bad
[18:06:23.726] [EXEC] [EXEC] SELL ACCOUNTING RESET new_cycle
[18:06:23.729] [EXEC] [EXEC] BUY ORDER SENT orderId=383175547 price=82010.18 qty=0.243870
[18:06:23.731] [EXEC] [EXEC] PLACE BUY price=82010.18 qty=0.243870
[18:06:29.526] [EXEC] [EXEC] BUY TIMEOUT orderId=383175547
[18:06:29.529] [EXEC] [EXEC] CANCEL BUY orderId=383175547
[18:06:29.788] [EXEC] [EXEC] BUY CANCELED confirmed
[18:06:30.057] [EXEC] [EXEC] BUY FINAL STATUS status=CANCELED orderId=383175547
[18:06:30.060] [EXEC] [EXEC] BLOCK reason=buy_not_filled
[18:06:30.594] [EXEC] [EXEC] BLOCK reason=balance_low
[18:06:35.776] [EXEC] [EXEC] BLOCK reason=balance_low
[18:06:38.360] [EXEC] [EXEC] SELL ACCOUNTING RESET new_cycle
[18:06:38.363] [EXEC] [EXEC] BUY ORDER SENT orderId=383176692 price=82021.12 qty=0.243830
[18:06:38.364] [EXEC] [EXEC] PLACE BUY price=82021.12 qty=0.243830
[18:06:42.183] [EXEC] [EXEC] BUY TIMEOUT orderId=383176692
[18:06:42.187] [EXEC] [EXEC] CANCEL BUY orderId=383176692
[18:06:42.448] [EXEC] [EXEC] BUY CANCELED confirmed
[18:06:42.721] [EXEC] [EXEC] BUY FINAL STATUS status=CANCELED orderId=383176692
[18:06:42.725] [EXEC] [EXEC] BLOCK reason=buy_not_filled
[18:06:43.666] [EXEC] [EXEC] SELL ACCOUNTING RESET new_cycle
[18:06:43.669] [EXEC] [EXEC] BUY ORDER SENT orderId=383176863 price=82024.66 qty=0.243820
[18:06:43.670] [EXEC] [EXEC] PLACE BUY price=82024.66 qty=0.243820
[18:06:44.681] [EXEC] [EXEC] BUY FILL UPDATE delta=0.243820 avg=82024.66
[18:06:44.682] [EXEC] [EXEC] CHUNK ADD qty=0.243820 entry=82024.66
[18:06:44.683] [EXEC] [EXEC] CHUNK COUNT n=1
[18:06:44.684] [EXEC] [EXEC] INVENTORY qty=0.243820
[18:06:44.685] [EXEC] [EXEC] SELL REQUIRED inventory=0.243820
[18:06:45.539] [EXEC] [EXEC] SELL CHECK inventory=0.243820 reported=0.000000 remaining=0.243820 chunks=1
[18:06:45.541] [EXEC] [EXEC] PLACE SELL price=82031.99 qty=0.243820
[18:06:45.801] [EXEC] [EXEC] SELL ORDER SENT orderId=383176986
[18:06:46.802] [EXEC] [EXEC] FIFO CLOSE qty=0.243820 entry=82024.66 exit=82031.99 pnl=+1.787201
[18:06:46.804] [EXEC] [EXEC] CHUNK DRAINED
[18:06:46.807] [EXEC] [EXEC] REALIZED pnl=+1.787201
[18:06:46.809] [EXEC] [EXEC] SELL ACCOUNTING RESET flat
[18:06:46.810] [EXEC] [EXEC] CYCLE CLOSED pnl=+1.787201
[18:06:46.811] [EXEC] [EXEC] SESSION realized=+1.787201 wins=1 losses=0
[18:06:47.100] [EXEC] [EXEC] SELL ACCOUNTING RESET new_cycle
[18:06:47.103] [EXEC] [EXEC] BUY ORDER SENT orderId=383177162 price=82043.15 qty=0.243770
[18:06:47.105] [EXEC] [EXEC] PLACE BUY price=82043.15 qty=0.243770
[18:06:49.828] [EXEC] [EXEC] BUY FILL UPDATE delta=0.243770 avg=82043.15
[18:06:49.829] [EXEC] [EXEC] CHUNK ADD qty=0.243770 entry=82043.15
[18:06:49.831] [EXEC] [EXEC] CHUNK COUNT n=1
[18:06:49.832] [EXEC] [EXEC] INVENTORY qty=0.243770
[18:06:49.833] [EXEC] [EXEC] SELL REQUIRED inventory=0.243770
[18:06:50.223] [EXEC] [EXEC] SELL CHECK inventory=0.243770 reported=0.000000 remaining=0.243770 chunks=1
[18:06:50.226] [EXEC] [EXEC] PLACE SELL price=82045.31 qty=0.243770
[18:06:50.506] [EXEC] [EXEC] SELL ORDER SENT orderId=383177316
[18:06:50.514] [EXEC] [EXEC] BLOCK reason=balance_low
[18:06:51.526] [EXEC] [EXEC] RECOVERY WAIT hard_sl_pending_recovery
[18:06:51.787] [EXEC] [EXEC] FIFO CLOSE qty=0.243770 entry=82043.15 exit=82045.31 pnl=+0.526543
[18:06:51.790] [EXEC] [EXEC] CHUNK DRAINED
[18:06:51.792] [EXEC] [EXEC] REALIZED pnl=+0.526543
[18:06:51.793] [EXEC] [EXEC] SELL ACCOUNTING RESET flat
[18:06:51.794] [EXEC] [EXEC] CYCLE CLOSED pnl=+0.526543
[18:06:51.795] [EXEC] [EXEC] SESSION realized=+2.313744 wins=2 losses=0
[18:06:51.796] [EXEC] [EXEC] SELL ACCOUNTING RESET flat
[18:06:51.797] [EXEC] [EXEC] CYCLE SKIP no_fifo_pnl
[18:06:51.798] [EXEC] [EXEC] SELL FILLED id=383177316
[18:06:51.799] [EXEC] [EXEC] SELL FILLED qty=0.243770 remaining=0.000000
[18:06:51.800] [EXEC] [EXEC] SELL ACCOUNTING RESET inventory_drained
[18:06:51.801] [EXEC] [EXEC] INVENTORY DRAINED epsilon_cleanup qty=0.000000
[18:06:51.802] [EXEC] [EXEC] SELL ACCOUNTING RESET flat
[18:06:51.803] [EXEC] [EXEC] CYCLE SKIP no_fifo_pnl
[18:06:54.537] [EXEC] [EXEC] BLOCK reason=balance_low
[18:06:58.351] [EXEC] [EXEC] SELL ACCOUNTING RESET new_cycle
[18:06:58.356] [EXEC] [EXEC] BUY ORDER SENT orderId=383177580 price=82041.83 qty=0.243770
[18:06:58.358] [EXEC] [EXEC] PLACE BUY price=82041.83 qty=0.243770
[18:07:03.794] [EXEC] [EXEC] BUY TIMEOUT orderId=383177580
[18:07:03.798] [EXEC] [EXEC] CANCEL BUY orderId=383177580
[18:07:04.062] [EXEC] [EXEC] BUY CANCELED confirmed
[18:07:04.358] [EXEC] [EXEC] BUY FINAL STATUS status=CANCELED orderId=383177580
[18:07:04.362] [EXEC] [EXEC] BLOCK reason=buy_not_filled
[18:07:05.235] [EXEC] [EXEC] SELL ACCOUNTING RESET new_cycle
[18:07:05.239] [EXEC] [EXEC] BUY ORDER SENT orderId=383178174 price=82061.71 qty=0.243710
[18:07:05.241] [EXEC] [EXEC] PLACE BUY price=82061.71 qty=0.243710
[18:07:06.797] [EXEC] [EXEC] BUY FILL UPDATE delta=0.243710 avg=82061.71
[18:07:06.800] [EXEC] [EXEC] CHUNK ADD qty=0.243710 entry=82061.71
[18:07:06.802] [EXEC] [EXEC] CHUNK COUNT n=1
[18:07:06.803] [EXEC] [EXEC] INVENTORY qty=0.243710
[18:07:06.804] [EXEC] [EXEC] SELL REQUIRED inventory=0.243710
[18:07:06.805] [EXEC] [EXEC] BUY PARTIAL delta=0.243710 total=0.243710
[18:07:06.806] [EXEC] [EXEC] BUY REMAINING qty=0.000000
[18:07:06.807] [EXEC] [EXEC] BUY FILLED id=383178174
[18:07:08.664] [EXEC] [EXEC] SELL CHECK inventory=0.243710 reported=0.000000 remaining=0.243710 chunks=1
[18:07:08.668] [EXEC] [EXEC] PLACE SELL price=82061.75 qty=0.243710
[18:07:08.942] [EXEC] [EXEC] SELL ORDER SENT orderId=383178308
[18:07:11.063] [EXEC] [EXEC] RECOVERY WAIT hard_sl_pending_recovery
[18:07:11.788] [EXEC] [EXEC] SELL TIMEOUT orderId=383178308
[18:07:11.791] [EXEC] [EXEC] CANCEL SELL orderId=383178308
[18:07:12.331] [EXEC] [EXEC] SELL FINAL STATUS status=CANCELED orderId=383178308
[18:07:12.335] [EXEC] [EXEC] SELL TIMEOUT check fast_exit
[18:07:12.337] [EXEC] [EXEC] FORCE EXIT hard_sl_triggered
[18:07:12.338] [EXEC] [EXEC] HARD SL triggered
[18:07:12.339] [EXEC] [EXEC] PANIC EXIT sl_mode
[18:07:12.340] [EXEC] [EXEC] FORCE EXIT price=82056.58
[18:07:12.342] [EXEC] [EXEC] PLACE SELL price=82056.58 qty=0.243710
[18:07:12.608] [EXEC] [EXEC] PANIC START price=82056.58
[18:07:12.611] [EXEC] [EXEC] SELL ORDER SENT orderId=383178563
[18:07:12.613] [EXEC] [EXEC] BLOCK reason=balance_low
[18:07:13.621] [EXEC] [EXEC] FIFO CLOSE qty=0.243710 entry=82061.71 exit=82056.58 pnl=-1.250232
[18:07:13.624] [EXEC] [EXEC] CHUNK DRAINED
[18:07:13.627] [EXEC] [EXEC] REALIZED pnl=-1.250232
[18:07:13.627] [EXEC] [EXEC] SELL ACCOUNTING RESET flat
[18:07:13.628] [EXEC] [EXEC] CYCLE CLOSED pnl=-1.250232
[18:07:13.629] [EXEC] [EXEC] SESSION realized=+1.063512 wins=2 losses=1
[18:07:14.044] [EXEC] [EXEC] BLOCK reason=balance_low
[18:07:23.140] [EXEC] [EXEC] SELL ACCOUNTING RESET new_cycle
[18:07:23.144] [EXEC] [EXEC] BUY ORDER SENT orderId=383179260 price=82044.01 qty=0.243770
[18:07:23.147] [EXEC] [EXEC] PLACE BUY price=82044.01 qty=0.243770
[18:07:24.175] [EXEC] [EXEC] BUY FILL UPDATE delta=0.243770 avg=82044.01
[18:07:24.179] [EXEC] [EXEC] CHUNK ADD qty=0.243770 entry=82044.01
[18:07:24.180] [EXEC] [EXEC] CHUNK COUNT n=1
[18:07:24.181] [EXEC] [EXEC] INVENTORY qty=0.243770
[18:07:24.184] [EXEC] [EXEC] SELL REQUIRED inventory=0.243770
[18:07:24.186] [EXEC] [EXEC] BUY PARTIAL delta=0.243770 total=0.243770
[18:07:24.188] [EXEC] [EXEC] BUY REMAINING qty=0.000000
[18:07:24.190] [EXEC] [EXEC] BUY FILLED id=383179260
[18:07:25.587] [EXEC] [EXEC] SELL CHECK inventory=0.243770 reported=0.000000 remaining=0.243770 chunks=1
[18:07:25.591] [EXEC] [EXEC] PLACE SELL price=82044.05 qty=0.243770
[18:07:25.860] [EXEC] [EXEC] SELL ORDER SENT orderId=383179473
[18:07:28.150] [EXEC] [EXEC] FIFO CLOSE qty=0.243770 entry=82044.01 exit=82044.04 pnl=+0.007313
[18:07:28.153] [EXEC] [EXEC] CHUNK DRAINED
[18:07:28.154] [EXEC] [EXEC] REALIZED pnl=+0.007313
[18:07:28.155] [EXEC] [EXEC] SELL ACCOUNTING RESET flat
[18:07:28.156] [EXEC] [EXEC] CYCLE CLOSED pnl=+0.007313
[18:07:28.157] [EXEC] [EXEC] SESSION realized=+1.070825 wins=3 losses=1
[18:07:28.713] [EXEC] [EXEC] SELL ACCOUNTING RESET new_cycle
[18:07:28.717] [EXEC] [EXEC] BUY ORDER SENT orderId=383179572 price=82041.01 qty=0.243780
[18:07:28.719] [EXEC] [EXEC] PLACE BUY price=82041.01 qty=0.243780
[18:07:34.264] [EXEC] [EXEC] BUY TIMEOUT orderId=383179572
[18:07:34.268] [EXEC] [EXEC] CANCEL BUY orderId=383179572
[18:07:34.553] [EXEC] [EXEC] BUY CANCELED confirmed
[18:07:34.817] [EXEC] [EXEC] BUY FINAL STATUS status=CANCELED orderId=383179572
[18:07:34.821] [EXEC] [EXEC] BLOCK reason=buy_not_filled
[18:07:35.588] [EXEC] [EXEC] SELL ACCOUNTING RESET new_cycle
[18:07:35.591] [EXEC] [EXEC] BUY ORDER SENT orderId=383179934 price=82044.00 qty=0.243770
[18:07:35.593] [EXEC] [EXEC] PLACE BUY price=82044.00 qty=0.243770
[18:07:39.399] [EXEC] [EXEC] BUY TIMEOUT orderId=383179934
[18:07:39.403] [EXEC] [EXEC] CANCEL BUY orderId=383179934
[18:07:39.678] [EXEC] [EXEC] BUY CANCELED confirmed
[18:07:39.940] [EXEC] [EXEC] BUY FINAL STATUS status=CANCELED orderId=383179934
[18:07:39.944] [EXEC] [EXEC] BLOCK reason=buy_not_filled
[18:07:39.946] [EXEC] [EXEC] BLOCK reason=balance_low
[18:07:47.455] [EXEC] [EXEC] BLOCK reason=balance_low
[18:07:49.471] [EXEC] [EXEC] SELL ACCOUNTING RESET new_cycle
[18:07:49.476] [EXEC] [EXEC] BUY ORDER SENT orderId=383181190 price=82071.34 qty=0.243690
[18:07:49.478] [EXEC] [EXEC] PLACE BUY price=82071.34 qty=0.243690
[18:07:50.027] [EXEC] [EXEC] BUY FILL UPDATE delta=0.243690 avg=82071.34
[18:07:50.030] [EXEC] [EXEC] CHUNK ADD qty=0.243690 entry=82071.34
[18:07:50.031] [EXEC] [EXEC] CHUNK COUNT n=1
[18:07:50.033] [EXEC] [EXEC] INVENTORY qty=0.243690
[18:07:50.033] [EXEC] [EXEC] SELL REQUIRED inventory=0.243690
[18:07:51.233] [EXEC] [EXEC] SELL CHECK inventory=0.243690 reported=0.000000 remaining=0.243690 chunks=1
[18:07:51.236] [EXEC] [EXEC] PLACE SELL price=82071.38 qty=0.243690
[18:07:51.499] [EXEC] [EXEC] SELL ORDER SENT orderId=383181556
[18:07:51.561] [EXEC] [EXEC] RECOVERY WAIT hard_sl_pending_recovery
[18:07:55.040] [EXEC] [EXEC] RECOVERY WAIT hard_sl_pending_recovery
[18:07:55.314] [EXEC] [EXEC] SELL TIMEOUT orderId=383181556
[18:07:55.317] [EXEC] [EXEC] CANCEL SELL orderId=383181556
[18:07:55.858] [EXEC] [EXEC] SELL FINAL STATUS status=CANCELED orderId=383181556
[18:07:55.861] [EXEC] [EXEC] SELL TIMEOUT check fast_exit
[18:07:55.864] [EXEC] [EXEC] FORCE EXIT hard_sl_triggered
[18:07:55.866] [EXEC] [EXEC] HARD SL triggered
[18:07:55.869] [EXEC] [EXEC] PANIC EXIT sl_mode
[18:07:55.870] [EXEC] [EXEC] FORCE EXIT price=82056.94
[18:07:55.870] [EXEC] [EXEC] PLACE SELL price=82056.94 qty=0.243690
[18:07:56.200] [EXEC] [EXEC] PANIC START price=82056.94
[18:07:56.205] [EXEC] [EXEC] SELL ORDER SENT orderId=383181805
[18:07:57.501] [EXEC] [EXEC] FIFO CLOSE qty=0.243690 entry=82071.34 exit=82056.94 pnl=-3.509136
[18:07:57.506] [EXEC] [EXEC] CHUNK DRAINED
[18:07:57.509] [EXEC] [EXEC] REALIZED pnl=-3.509136
[18:07:57.512] [EXEC] [EXEC] SELL ACCOUNTING RESET flat
[18:07:57.514] [EXEC] [EXEC] CYCLE CLOSED pnl=-3.509136
[18:07:57.515] [EXEC] [EXEC] SESSION realized=-2.438311 wins=3 losses=2
[18:07:57.516] [EXEC] [EXEC] SELL ACCOUNTING RESET flat
[18:07:57.517] [EXEC] [EXEC] CYCLE SKIP no_fifo_pnl
[18:07:57.518] [EXEC] [EXEC] SELL FILLED id=383181805
[18:07:57.519] [EXEC] [EXEC] SELL FILLED qty=0.243690 remaining=0.000000
[18:07:57.520] [EXEC] [EXEC] SELL ACCOUNTING RESET inventory_drained
[18:07:57.521] [EXEC] [EXEC] INVENTORY DRAINED epsilon_cleanup qty=0.000000
[18:07:57.522] [EXEC] [EXEC] SELL ACCOUNTING RESET flat
[18:07:57.523] [EXEC] [EXEC] CYCLE SKIP no_fifo_pnl
[18:07:59.032] [EXEC] [EXEC] SELL ACCOUNTING RESET new_cycle
[18:07:59.036] [EXEC] [EXEC] BUY ORDER SENT orderId=383182117 price=82060.01 qty=0.243720
[18:07:59.039] [EXEC] [EXEC] PLACE BUY price=82060.01 qty=0.243720
[18:08:00.424] [EXEC] [EXEC] BUY FILL UPDATE delta=0.016880 avg=82060.01
[18:08:00.428] [EXEC] [EXEC] CHUNK ADD qty=0.016880 entry=82060.01
[18:08:00.429] [EXEC] [EXEC] CHUNK COUNT n=1
[18:08:00.430] [EXEC] [EXEC] INVENTORY qty=0.016880
[18:08:00.431] [EXEC] [EXEC] SELL REQUIRED inventory=0.016880
[18:08:00.433] [EXEC] [EXEC] BUY PARTIAL delta=0.016880 total=0.016880
[18:08:00.436] [EXEC] [EXEC] BUY REMAINING qty=0.226840
[18:08:03.193] [EXEC] [EXEC] SELL CHECK inventory=0.016880 reported=0.000000 remaining=0.016880 chunks=1
[18:08:03.197] [EXEC] [EXEC] PLACE SELL price=82079.99 qty=0.016880
[18:08:03.471] [EXEC] [EXEC] SELL ORDER SENT orderId=383182675
[18:08:05.043] [EXEC] [EXEC] FIFO CLOSE qty=0.016880 entry=82060.01 exit=82079.99 pnl=+0.337262
[18:08:05.046] [EXEC] [EXEC] CHUNK DRAINED
[18:08:05.049] [EXEC] [EXEC] REALIZED pnl=+0.337262
[18:08:05.052] [EXEC] [EXEC] SELL ACCOUNTING RESET flat
[18:08:05.055] [EXEC] [EXEC] CYCLE CLOSED pnl=+0.337262
[18:08:05.058] [EXEC] [EXEC] SESSION realized=-2.101049 wins=4 losses=2
[18:08:06.015] [EXEC] [EXEC] BUY REJECTED status=400 code=-2010 msg=Account has insufficient balance for requested action.
[18:08:06.019] [EXEC] [EXEC] BUY REJECTED body={"code":-2010,"msg":"Account has insufficient balance for requested action."}
[18:08:06.022] [EXEC] [EXEC] STOP retry storm prevented
[18:08:07.829] [EXEC] [EXEC] BLOCK reason=balance_low
[18:08:11.269] [EXEC] [EXEC] BLOCK reason=balance_low
[18:08:15.332] [EXEC] [EXEC] BLOCK reason=balance_low
[18:08:25.463] [EXEC] [EXEC] BLOCK reason=balance_low
[18:08:32.823] [EXEC] [EXEC] BLOCK reason=balance_low
[18:08:38.702] [EXEC] [EXEC] BLOCK reason=balance_low
[18:08:45.972] [EXEC] [EXEC] BLOCK reason=balance_low
[18:13:57.433] [EXEC] [EXEC] LIVE ON
[18:13:57.435] [EXEC] [EXEC] WAIT READY
[18:13:57.438] [EXEC] [EXEC] BLOCK reason=market_health_bad
[18:13:58.291] [EXEC] [EXEC] BLOCK reason=market_health_bad
[18:13:59.309] [EXEC] [EXEC] SELL ACCOUNTING RESET new_cycle
[18:13:59.311] [EXEC] [EXEC] BUY ORDER SENT orderId=383200394 price=82005.22 qty=0.243880
[18:13:59.314] [EXEC] [EXEC] PLACE BUY price=82005.22 qty=0.243880
[18:14:01.884] [EXEC] [EXEC] BUY FILL UPDATE delta=0.243880 avg=82005.22
[18:14:01.885] [EXEC] [EXEC] CHUNK ADD qty=0.243880 entry=82005.22
[18:14:01.886] [EXEC] [EXEC] CHUNK COUNT n=1
[18:14:01.888] [EXEC] [EXEC] INVENTORY qty=0.243880
[18:14:01.889] [EXEC] [EXEC] SELL REQUIRED inventory=0.243880
[18:14:02.176] [EXEC] [EXEC] SELL CHECK inventory=0.243880 reported=0.000000 remaining=0.243880 chunks=1
[18:14:02.180] [EXEC] [EXEC] PLACE SELL price=82015.99 qty=0.243880
[18:14:02.496] [EXEC] [EXEC] SELL ORDER SENT orderId=383200689
[18:14:03.635] [EXEC] [EXEC] RECOVERY WAIT hard_sl_pending_recovery
[18:14:05.356] [EXEC] [EXEC] RECOVERY WAIT hard_sl_pending_recovery
[18:14:05.632] [EXEC] [EXEC] SELL TIMEOUT orderId=383200689
[18:14:05.636] [EXEC] [EXEC] CANCEL SELL orderId=383200689
[18:14:06.170] [EXEC] [EXEC] SELL FINAL STATUS status=CANCELED orderId=383200689
[18:14:06.174] [EXEC] [EXEC] SELL TIMEOUT check fast_exit
[18:14:06.176] [EXEC] [EXEC] FORCE EXIT hard_sl_triggered
[18:14:06.177] [EXEC] [EXEC] HARD SL triggered
[18:14:06.177] [EXEC] [EXEC] PANIC EXIT sl_mode
[18:14:06.178] [EXEC] [EXEC] FORCE EXIT price=81983.19
[18:14:06.179] [EXEC] [EXEC] PLACE SELL price=81983.19 qty=0.243880
[18:14:06.482] [EXEC] [EXEC] PANIC START price=81983.19
[18:14:06.485] [EXEC] [EXEC] SELL ORDER SENT orderId=383201070
[18:14:06.488] [EXEC] [EXEC] BLOCK reason=balance_low
[18:14:09.382] [EXEC] [EXEC] PANIC WAIT still_open orderId=383201070
[18:14:09.387] [EXEC] [EXEC] PANIC HOLD active orderId=383201070
[18:14:10.418] [EXEC] [EXEC] PANIC HOLD active orderId=383201070
[18:14:12.431] [EXEC] [EXEC] PANIC WAIT still_open orderId=383201070
[18:14:12.435] [EXEC] [EXEC] PANIC HOLD active orderId=383201070
[18:14:15.103] [EXEC] [EXEC] PANIC HOLD active orderId=383201070
[18:14:15.422] [EXEC] [EXEC] BLOCK reason=balance_low
[18:14:17.459] [EXEC] [EXEC] PANIC WAIT still_open orderId=383201070
[18:14:17.462] [EXEC] [EXEC] PANIC HOLD active orderId=383201070
[18:14:19.799] [EXEC] [EXEC] PANIC HOLD active orderId=383201070
[18:14:21.800] [EXEC] [EXEC] FIFO CLOSE qty=0.243880 entry=82005.22 exit=81983.19 pnl=-5.372676
[18:14:21.804] [EXEC] [EXEC] CHUNK DRAINED
[18:14:21.807] [EXEC] [EXEC] REALIZED pnl=-5.372676
[18:14:21.809] [EXEC] [EXEC] SELL ACCOUNTING RESET flat
[18:14:21.812] [EXEC] [EXEC] CYCLE CLOSED pnl=-5.372676
[18:14:21.814] [EXEC] [EXEC] SESSION realized=-5.372676 wins=0 losses=1
[18:14:21.815] [EXEC] [EXEC] SELL ACCOUNTING RESET flat
[18:14:21.817] [EXEC] [EXEC] CYCLE SKIP no_fifo_pnl
[18:14:21.818] [EXEC] [EXEC] SELL FILLED id=383201070
[18:14:21.819] [EXEC] [EXEC] SELL FILLED qty=0.243880 remaining=0.000000
[18:14:21.820] [EXEC] [EXEC] SELL ACCOUNTING RESET inventory_drained
[18:14:21.822] [EXEC] [EXEC] INVENTORY DRAINED epsilon_cleanup qty=0.000000
[18:14:21.823] [EXEC] [EXEC] SELL ACCOUNTING RESET flat
[18:14:21.824] [EXEC] [EXEC] CYCLE SKIP no_fifo_pnl
[18:14:24.162] [EXEC] [EXEC] SELL ACCOUNTING RESET new_cycle
[18:14:24.166] [EXEC] [EXEC] BUY ORDER SENT orderId=383201906 price=81964.01 qty=0.244000
[18:14:24.170] [EXEC] [EXEC] PLACE BUY price=81964.01 qty=0.244000
[18:14:25.237] [EXEC] [EXEC] BUY FILL UPDATE delta=0.244000 avg=81964.01
[18:14:25.239] [EXEC] [EXEC] CHUNK ADD qty=0.244000 entry=81964.01
[18:14:25.240] [EXEC] [EXEC] CHUNK COUNT n=1
[18:14:25.241] [EXEC] [EXEC] INVENTORY qty=0.244000
[18:14:25.242] [EXEC] [EXEC] SELL REQUIRED inventory=0.244000
[18:14:25.732] [EXEC] [EXEC] SELL CHECK inventory=0.244000 reported=0.000000 remaining=0.244000 chunks=1
[18:14:25.736] [EXEC] [EXEC] PLACE SELL price=81965.27 qty=0.244000
[18:14:25.998] [EXEC] [EXEC] SELL ORDER SENT orderId=383202131
[18:14:28.278] [EXEC] [EXEC] RECOVERY WAIT hard_sl_pending_recovery
[18:14:28.555] [EXEC] [EXEC] SELL TIMEOUT orderId=383202131
[18:14:28.558] [EXEC] [EXEC] CANCEL SELL orderId=383202131
[18:14:29.087] [EXEC] [EXEC] SELL FINAL STATUS status=CANCELED orderId=383202131
[18:14:29.091] [EXEC] [EXEC] SELL TIMEOUT check fast_exit
[18:14:29.093] [EXEC] [EXEC] FORCE EXIT hard_sl_triggered
[18:14:29.096] [EXEC] [EXEC] HARD SL triggered
[18:14:29.098] [EXEC] [EXEC] PANIC EXIT sl_mode
[18:14:29.100] [EXEC] [EXEC] FORCE EXIT price=81964.27
[18:14:29.100] [EXEC] [EXEC] PLACE SELL price=81964.27 qty=0.244000
[18:14:29.388] [EXEC] [EXEC] PANIC START price=81964.27
[18:14:29.392] [EXEC] [EXEC] SELL ORDER SENT orderId=383202228
[18:14:31.054] [EXEC] [EXEC] PANIC WAIT still_open orderId=383202228
[18:14:31.058] [EXEC] [EXEC] PANIC HOLD active orderId=383202228
[18:14:36.521] [EXEC] [EXEC] PANIC WAIT still_open orderId=383202228
[18:14:36.525] [EXEC] [EXEC] PANIC HOLD active orderId=383202228
[18:14:36.528] [EXEC] [EXEC] BLOCK reason=balance_low
[18:14:37.913] [EXEC] [EXEC] PANIC HOLD active orderId=383202228
[18:14:39.475] [EXEC] [EXEC] PANIC WAIT still_open orderId=383202228
[18:14:39.478] [EXEC] [EXEC] PANIC HOLD active orderId=383202228
[18:14:42.035] [EXEC] [EXEC] PANIC HOLD active orderId=383202228
[18:14:43.402] [EXEC] [EXEC] PANIC WAIT still_open orderId=383202228
[18:14:43.405] [EXEC] [EXEC] PANIC HOLD active orderId=383202228
[18:14:45.425] [EXEC] [EXEC] PANIC HOLD active orderId=383202228
[18:14:46.932] [EXEC] [EXEC] STOP canceled panic order, position remains open
[18:14:47.765] [EXEC] [EXEC] STOP with open inventory qty=0.244000
[18:15:10.388] [EXEC] [EXEC] BLOCK reason=balance_low
[18:15:22.633] [EXEC] [EXEC] LIVE ON
[18:15:22.641] [EXEC] [EXEC] WAIT READY
[18:15:24.225] [EXEC] [EXEC] BLOCK reason=market_health_bad
[18:15:24.483] [EXEC] [EXEC] BLOCK reason=market_health_bad
[18:15:26.317] [EXEC] [EXEC] SELL ACCOUNTING RESET new_cycle
[18:15:26.321] [EXEC] [EXEC] BUY ORDER SENT orderId=383204498 price=81972.01 qty=0.012190
[18:15:26.324] [EXEC] [EXEC] PLACE BUY price=81972.01 qty=0.012190
[18:15:31.648] [EXEC] [EXEC] BUY TIMEOUT orderId=383204498
[18:15:31.651] [EXEC] [EXEC] CANCEL BUY orderId=383204498
[18:15:31.924] [EXEC] [EXEC] BUY CANCELED confirmed
[18:15:32.189] [EXEC] [EXEC] BUY FINAL STATUS status=CANCELED orderId=383204498
[18:15:32.193] [EXEC] [EXEC] BLOCK reason=buy_not_filled
[18:15:34.163] [EXEC] [EXEC] SELL ACCOUNTING RESET new_cycle
[18:15:34.164] [EXEC] [EXEC] BUY ORDER SENT orderId=383204629 price=81976.96 qty=0.012190
[18:15:34.164] [EXEC] [EXEC] PLACE BUY price=81976.96 qty=0.012190
[18:15:37.975] [EXEC] [EXEC] BUY FILL UPDATE delta=0.012190 avg=81976.96
[18:15:37.978] [EXEC] [EXEC] CHUNK ADD qty=0.012190 entry=81976.96
[18:15:37.980] [EXEC] [EXEC] CHUNK COUNT n=1
[18:15:37.982] [EXEC] [EXEC] INVENTORY qty=0.012190
[18:15:37.984] [EXEC] [EXEC] SELL REQUIRED inventory=0.012190
[18:15:38.839] [EXEC] [EXEC] SELL CHECK inventory=0.012190 reported=0.000000 remaining=0.012190 chunks=1
[18:15:38.843] [EXEC] [EXEC] PLACE SELL price=81982.01 qty=0.012190
[18:15:39.109] [EXEC] [EXEC] SELL ORDER SENT orderId=383204751
[18:15:39.180] [EXEC] [EXEC] RECOVERY WAIT hard_sl_pending_recovery
[18:15:39.505] [EXEC] [EXEC] RECOVERY WAIT hard_sl_pending_recovery
[18:15:41.380] [EXEC] [EXEC] RECOVERY WAIT hard_sl_pending_recovery
[18:15:41.652] [EXEC] [EXEC] SELL TIMEOUT orderId=383204751
[18:15:41.656] [EXEC] [EXEC] CANCEL SELL orderId=383204751
[18:15:42.205] [EXEC] [EXEC] SELL FINAL STATUS status=CANCELED orderId=383204751
[18:15:42.208] [EXEC] [EXEC] SELL TIMEOUT check fast_exit
[18:15:42.210] [EXEC] [EXEC] FORCE EXIT hard_sl_triggered
[18:15:42.211] [EXEC] [EXEC] HARD SL triggered
[18:15:42.212] [EXEC] [EXEC] PANIC EXIT sl_mode
[18:15:42.213] [EXEC] [EXEC] FORCE EXIT price=81980.55
[18:15:42.214] [EXEC] [EXEC] PLACE SELL price=81980.55 qty=0.012190
[18:15:42.522] [EXEC] [EXEC] PANIC START price=81980.55
[18:15:42.526] [EXEC] [EXEC] SELL ORDER SENT orderId=383204973
[18:15:44.559] [EXEC] [EXEC] PANIC WAIT still_open orderId=383204973
[18:15:44.563] [EXEC] [EXEC] PANIC HOLD active orderId=383204973
[18:15:45.399] [EXEC] [EXEC] PANIC HOLD active orderId=383204973
[18:15:47.934] [EXEC] [EXEC] PANIC WAIT still_open orderId=383204973
[18:15:47.938] [EXEC] [EXEC] PANIC HOLD active orderId=383204973
[18:15:51.365] [EXEC] [EXEC] PANIC WAIT still_open orderId=383204973
[18:15:51.369] [EXEC] [EXEC] PANIC HOLD active orderId=383204973
[18:15:54.939] [EXEC] [EXEC] PANIC WAIT still_open orderId=383204973
[18:15:54.943] [EXEC] [EXEC] PANIC HOLD active orderId=383204973
[18:15:56.978] [EXEC] [EXEC] PANIC HOLD active orderId=383204973
[18:15:59.335] [EXEC] [EXEC] PANIC WAIT still_open orderId=383204973
[18:15:59.338] [EXEC] [EXEC] PANIC HOLD active orderId=383204973
[18:16:00.716] [EXEC] [EXEC] PANIC HOLD active orderId=383204973
[18:16:02.573] [EXEC] [EXEC] PANIC WAIT still_open orderId=383204973
[18:16:02.577] [EXEC] [EXEC] PANIC STALE detected orderId=383204973
[18:16:02.580] [EXEC] [EXEC] PANIC ESCALATE old=81980.55 new=81932.29 qty=0.012190
[18:16:03.514] [EXEC] [EXEC] PANIC ESCALATE placed orderId=383206036
[18:16:04.073] [EXEC] [EXEC] FIFO CLOSE qty=0.012190 entry=81976.96 exit=81932.31 pnl=-0.544337
[18:16:04.075] [EXEC] [EXEC] CHUNK DRAINED
[18:16:04.077] [EXEC] [EXEC] REALIZED pnl=-0.544337
[18:16:04.080] [EXEC] [EXEC] SELL ACCOUNTING RESET flat
[18:16:04.082] [EXEC] [EXEC] CYCLE CLOSED pnl=-0.544337
[18:16:04.082] [EXEC] [EXEC] SESSION realized=-0.544337 wins=0 losses=1
[18:16:05.154] [EXEC] [EXEC] SELL ACCOUNTING RESET new_cycle
[18:16:05.158] [EXEC] [EXEC] BUY ORDER SENT orderId=383206076 price=81933.28 qty=0.012200
[18:16:05.161] [EXEC] [EXEC] PLACE BUY price=81933.28 qty=0.012200
[18:16:07.521] [EXEC] [EXEC] BUY FILL UPDATE delta=0.012200 avg=81933.28
[18:16:07.522] [EXEC] [EXEC] CHUNK ADD qty=0.012200 entry=81933.28
[18:16:07.523] [EXEC] [EXEC] CHUNK COUNT n=1
[18:16:07.524] [EXEC] [EXEC] INVENTORY qty=0.012200
[18:16:07.525] [EXEC] [EXEC] SELL REQUIRED inventory=0.012200
[18:16:07.842] [EXEC] [EXEC] SELL CHECK inventory=0.012200 reported=0.000000 remaining=0.012200 chunks=1
[18:16:07.846] [EXEC] [EXEC] PLACE SELL price=81937.16 qty=0.012200
[18:16:08.116] [EXEC] [EXEC] SELL ORDER SENT orderId=383206271
[18:16:12.659] [EXEC] [EXEC] PANIC WAIT still_open orderId=383206271
[18:16:12.662] [EXEC] [EXEC] PANIC HOLD active orderId=383206271
[18:16:13.939] [EXEC] [EXEC] PANIC HOLD active orderId=383206271
[18:16:14.792] [EXEC] [EXEC] PANIC HOLD active orderId=383206271
[18:16:16.320] [EXEC] [EXEC] PANIC WAIT still_open orderId=383206271
[18:16:16.324] [EXEC] [EXEC] PANIC HOLD active orderId=383206271
[18:16:21.599] [EXEC] [EXEC] PANIC WAIT still_open orderId=383206271
[18:16:21.603] [EXEC] [EXEC] PANIC HOLD active orderId=383206271
[18:16:22.286] [EXEC] [EXEC] PANIC HOLD active orderId=383206271
[18:16:23.857] [EXEC] [EXEC] PANIC HOLD escalated orderId=383206271
[18:16:25.409] [EXEC] [EXEC] PANIC WAIT still_open orderId=383206271
[18:16:25.412] [EXEC] [EXEC] PANIC HOLD escalated orderId=383206271
[18:16:27.445] [EXEC] [EXEC] PANIC HOLD escalated orderId=383206271
[18:16:28.842] [EXEC] [EXEC] PANIC WAIT still_open orderId=383206271
[18:16:28.846] [EXEC] [EXEC] PANIC HOLD escalated orderId=383206271
[18:16:32.553] [EXEC] [EXEC] PANIC WAIT still_open orderId=383206271
[18:16:32.556] [EXEC] [EXEC] PANIC HOLD escalated orderId=383206271
[18:16:35.551] [EXEC] [EXEC] PANIC WAIT still_open orderId=383206271
[18:16:35.555] [EXEC] [EXEC] PANIC HOLD escalated orderId=383206271
[18:16:36.970] [EXEC] [EXEC] PANIC HOLD escalated orderId=383206271
[18:16:40.555] [EXEC] [EXEC] PANIC WAIT still_open orderId=383206271
[18:16:40.558] [EXEC] [EXEC] PANIC HOLD escalated orderId=383206271
[18:16:44.097] [EXEC] [EXEC] PANIC WAIT still_open orderId=383206271
[18:16:44.100] [EXEC] [EXEC] PANIC HOLD escalated orderId=383206271
[18:16:44.743] [EXEC] [EXEC] EXIT RECOVERY inventory_no_sell qty=0.012200
[18:16:45.014] [EXEC] [EXEC] SELL CHECK inventory=0.012200 reported=0.000000 remaining=0.012200 chunks=1
[18:16:45.018] [EXEC] [EXEC] PLACE SELL price=81933.32 qty=0.012200
[18:16:45.286] [EXEC] [EXEC] SELL ORDER SENT orderId=383207788
[18:16:49.654] [EXEC] [EXEC] PANIC WAIT still_open orderId=383207788
[18:16:49.658] [EXEC] [EXEC] PANIC HOLD escalated orderId=383207788
[18:16:52.613] [EXEC] [EXEC] PANIC HOLD escalated orderId=383207788
[18:16:54.237] [EXEC] [EXEC] PANIC WAIT still_open orderId=383207788
[18:16:54.241] [EXEC] [EXEC] PANIC HOLD escalated orderId=383207788
[18:16:58.169] [EXEC] [EXEC] PANIC WAIT still_open orderId=383207788
[18:16:58.173] [EXEC] [EXEC] PANIC HOLD escalated orderId=383207788
[18:16:59.067] [EXEC] [EXEC] PANIC HOLD escalated orderId=383207788
[18:17:01.967] [EXEC] [EXEC] PANIC WAIT still_open orderId=383207788
[18:17:01.970] [EXEC] [EXEC] PANIC HOLD escalated orderId=383207788
[19:53:02.715] [EXEC] [EXEC] LIVE ON
[19:53:02.715] [EXEC] [EXEC] WAIT READY
[19:53:02.715] [EXEC] [EXEC] BLOCK reason=market_health_bad
[19:53:04.073] [EXEC] [EXEC] SELL ACCOUNTING RESET new_cycle
[19:53:04.075] [EXEC] [EXEC] BUY ORDER SENT orderId=383467210 price=81918.61 qty=0.012200
[19:53:04.075] [EXEC] [EXEC] PLACE BUY price=81918.61 qty=0.012200
[19:53:09.596] [EXEC] [EXEC] BUY TIMEOUT orderId=383467210
[19:53:09.596] [EXEC] [EXEC] CANCEL BUY orderId=383467210
[19:53:09.866] [EXEC] [EXEC] BUY CANCELED confirmed
[19:53:10.127] [EXEC] [EXEC] BUY FINAL STATUS status=CANCELED orderId=383467210
[19:53:10.127] [EXEC] [EXEC] BLOCK reason=buy_not_filled
[19:53:10.878] [EXEC] [EXEC] SELL ACCOUNTING RESET new_cycle
[19:53:10.880] [EXEC] [EXEC] BUY ORDER SENT orderId=383467532 price=81932.93 qty=0.012200
[19:53:10.880] [EXEC] [EXEC] PLACE BUY price=81932.93 qty=0.012200
[19:53:12.970] [EXEC] [EXEC] BUY FILL UPDATE delta=0.012200 avg=81932.93
[19:53:12.976] [EXEC] [EXEC] CHUNK ADD qty=0.012200 entry=81932.93
[19:53:12.976] [EXEC] [EXEC] CHUNK COUNT n=1
[19:53:12.976] [EXEC] [EXEC] INVENTORY qty=0.012200
[19:53:12.976] [EXEC] [EXEC] SELL REQUIRED inventory=0.012200
[19:53:12.982] [EXEC] [EXEC] BUY PARTIAL delta=0.012200 total=0.012200
[19:53:12.982] [EXEC] [EXEC] BUY REMAINING qty=0.000000
[19:53:12.982] [EXEC] [EXEC] BUY FILLED id=383467532
[19:53:14.438] [EXEC] [EXEC] SELL CHECK inventory=0.012200 reported=0.000000 remaining=0.012200 chunks=1
[19:53:14.438] [EXEC] [EXEC] PLACE SELL price=81939.68 qty=0.012200
[19:53:14.703] [EXEC] [EXEC] SELL ORDER SENT orderId=383467692
[19:53:18.074] [EXEC] [EXEC] SELL TIMEOUT orderId=383467692
[19:53:18.078] [EXEC] [EXEC] CANCEL SELL orderId=383467692
[19:53:19.233] [EXEC] [EXEC] SELL FINAL STATUS status=CANCELED orderId=383467692
[19:53:19.233] [EXEC] [EXEC] SELL TIMEOUT check fast_exit
[19:53:19.233] [EXEC] [EXEC] FAST SAFE EXIT price=81933.08 entry=81932.93 bid=81933.07
[19:53:19.233] [EXEC] [EXEC] SELL REPRICE old=81939.68 new=81939.67 count=1
[19:53:19.233] [EXEC] [EXEC] SELL REPLACE remaining=0.012200
[19:53:19.233] [EXEC] [EXEC] PLACE SELL price=81939.67 qty=0.012200
[19:53:19.990] [EXEC] [EXEC] SELL ORDER SENT orderId=383467933
[19:53:20.908] [EXEC] [EXEC] FIFO CLOSE qty=0.012200 entry=81932.93 exit=81942.38 pnl=+0.115351
[19:53:20.908] [EXEC] [EXEC] CHUNK DRAINED
[19:53:20.924] [EXEC] [EXEC] REALIZED pnl=+0.115351
[19:53:20.924] [EXEC] [EXEC] SELL ACCOUNTING RESET flat
[19:53:20.924] [EXEC] [EXEC] CYCLE CLOSED pnl=+0.115351
[19:53:20.924] [EXEC] [EXEC] SESSION realized=+0.115351 wins=1 losses=0
[19:53:20.924] [EXEC] [EXEC] SELL ACCOUNTING RESET flat
[19:53:20.924] [EXEC] [EXEC] CYCLE SKIP no_fifo_pnl
[19:53:20.924] [EXEC] [EXEC] SELL FILLED id=383467933
[19:53:20.924] [EXEC] [EXEC] SELL FILLED qty=0.012200 remaining=0.000000
[19:53:20.924] [EXEC] [EXEC] SELL ACCOUNTING RESET inventory_drained
[19:53:20.924] [EXEC] [EXEC] INVENTORY DRAINED epsilon_cleanup qty=0.000000
[19:53:20.924] [EXEC] [EXEC] SELL ACCOUNTING RESET flat
[19:53:20.940] [EXEC] [EXEC] CYCLE SKIP no_fifo_pnl
[19:53:22.157] [EXEC] [EXEC] SELL ACCOUNTING RESET new_cycle
[19:53:22.157] [EXEC] [EXEC] BUY ORDER SENT orderId=383468061 price=81937.03 qty=0.012200
[19:53:22.157] [EXEC] [EXEC] PLACE BUY price=81937.03 qty=0.012200
[19:53:27.453] [EXEC] [EXEC] BUY TIMEOUT orderId=383468061
[19:53:27.453] [EXEC] [EXEC] CANCEL BUY orderId=383468061
[19:53:27.734] [EXEC] [EXEC] BUY CANCELED confirmed
[19:53:28.012] [EXEC] [EXEC] BUY FINAL STATUS status=CANCELED orderId=383468061
[19:53:28.012] [EXEC] [EXEC] BLOCK reason=buy_not_filled
[19:53:28.672] [EXEC] [EXEC] SELL ACCOUNTING RESET new_cycle
[19:53:28.687] [EXEC] [EXEC] BUY ORDER SENT orderId=383468140 price=81940.79 qty=0.012200
[19:53:28.687] [EXEC] [EXEC] PLACE BUY price=81940.79 qty=0.012200
[19:53:29.219] [EXEC] [EXEC] BUY FILL UPDATE delta=0.012200 avg=81940.79
[19:53:29.219] [EXEC] [EXEC] CHUNK ADD qty=0.012200 entry=81940.79
[19:53:29.219] [EXEC] [EXEC] CHUNK COUNT n=1
[19:53:29.219] [EXEC] [EXEC] INVENTORY qty=0.012200
[19:53:29.234] [EXEC] [EXEC] SELL REQUIRED inventory=0.012200
[19:53:30.422] [EXEC] [EXEC] SELL CHECK inventory=0.012200 reported=0.000000 remaining=0.012200 chunks=1
[19:53:30.437] [EXEC] [EXEC] PLACE SELL price=81943.58 qty=0.012200
[19:53:30.719] [EXEC] [EXEC] SELL ORDER SENT orderId=383468175
[19:53:31.234] [EXEC] [EXEC] RECOVERY WAIT hard_sl_pending_recovery
[19:53:34.515] [EXEC] [EXEC] SELL TIMEOUT orderId=383468175
[19:53:34.515] [EXEC] [EXEC] CANCEL SELL orderId=383468175
[19:53:35.041] [EXEC] [EXEC] SELL FINAL STATUS status=CANCELED orderId=383468175
[19:53:35.041] [EXEC] [EXEC] SELL TIMEOUT check fast_exit
[19:53:35.041] [EXEC] [EXEC] FORCE EXIT hard_sl_triggered
[19:53:35.041] [EXEC] [EXEC] HARD SL triggered
[19:53:35.041] [EXEC] [EXEC] PANIC EXIT sl_mode
[19:53:35.057] [EXEC] [EXEC] FORCE EXIT price=81942.57
[19:53:35.060] [EXEC] [EXEC] PLACE SELL price=81942.57 qty=0.012200
[19:53:35.311] [EXEC] [EXEC] PANIC START price=81942.57
[19:53:35.327] [EXEC] [EXEC] SELL ORDER SENT orderId=383468362
[19:53:37.450] [EXEC] [EXEC] PANIC WAIT still_open orderId=383468362
[19:53:37.450] [EXEC] [EXEC] PANIC HOLD active orderId=383468362
[19:53:41.006] [EXEC] [EXEC] PANIC WAIT still_open orderId=383468362
[19:53:41.013] [EXEC] [EXEC] PANIC HOLD active orderId=383468362
[19:53:42.597] [EXEC] [EXEC] PANIC HOLD active orderId=383468362
[19:53:43.137] [EXEC] [EXEC] FIFO CLOSE qty=0.012200 entry=81940.79 exit=81942.57 pnl=+0.021716
[19:53:43.137] [EXEC] [EXEC] CHUNK DRAINED
[19:53:43.137] [EXEC] [EXEC] REALIZED pnl=+0.021716
[19:53:43.137] [EXEC] [EXEC] SELL ACCOUNTING RESET flat
[19:53:43.144] [EXEC] [EXEC] CYCLE CLOSED pnl=+0.021716
[19:53:43.144] [EXEC] [EXEC] SESSION realized=+0.137067 wins=2 losses=0
[19:53:44.315] [EXEC] [EXEC] SELL ACCOUNTING RESET new_cycle
[19:53:44.322] [EXEC] [EXEC] BUY ORDER SENT orderId=383468755 price=81940.56 qty=0.012200
[19:53:44.324] [EXEC] [EXEC] PLACE BUY price=81940.56 qty=0.012200
[19:53:44.631] [EXEC] [EXEC] BUY FILL UPDATE delta=0.012200 avg=81940.56
[19:53:44.635] [EXEC] [EXEC] CHUNK ADD qty=0.012200 entry=81940.56
[19:53:44.640] [EXEC] [EXEC] CHUNK COUNT n=1
[19:53:44.640] [EXEC] [EXEC] INVENTORY qty=0.012200
[19:53:44.646] [EXEC] [EXEC] SELL REQUIRED inventory=0.012200
[19:53:44.646] [EXEC] [EXEC] BUY PARTIAL delta=0.012200 total=0.012200
[19:53:44.651] [EXEC] [EXEC] BUY REMAINING qty=0.000000
[19:53:44.651] [EXEC] [EXEC] BUY FILLED id=383468755
[19:53:45.543] [EXEC] [EXEC] SELL CHECK inventory=0.012200 reported=0.000000 remaining=0.012200 chunks=1
[19:53:45.827] [EXEC] [EXEC] SELL BLOCK locked_balance_no_order
[19:53:47.776] [EXEC] [EXEC] SELL CHECK inventory=0.012200 reported=0.000000 remaining=0.012200 chunks=1
[19:53:47.776] [EXEC] [EXEC] PLACE SELL price=81940.60 qty=0.012200
[19:53:48.049] [EXEC] [EXEC] SELL ORDER SENT orderId=383468842
[19:53:48.108] [EXEC] [EXEC] RECOVERY WAIT hard_sl_pending_recovery
[19:53:51.526] [EXEC] [EXEC] RECOVERY WAIT hard_sl_pending_recovery
[19:53:51.831] [EXEC] [EXEC] SELL TIMEOUT orderId=383468842
[19:53:51.838] [EXEC] [EXEC] CANCEL SELL orderId=383468842
[19:53:52.844] [EXEC] [EXEC] SELL FINAL STATUS status=CANCELED orderId=383468842
[19:53:52.848] [EXEC] [EXEC] SELL TIMEOUT check fast_exit
[19:53:52.852] [EXEC] [EXEC] FORCE EXIT hard_sl_triggered
[19:53:52.854] [EXEC] [EXEC] HARD SL triggered
[19:53:52.854] [EXEC] [EXEC] PANIC EXIT sl_mode
[19:53:52.859] [EXEC] [EXEC] FORCE EXIT price=81936.58
[19:53:52.861] [EXEC] [EXEC] PLACE SELL price=81936.58 qty=0.012200
[19:53:53.122] [EXEC] [EXEC] PANIC START price=81936.58
[19:53:53.129] [EXEC] [EXEC] SELL ORDER SENT orderId=383469070
[19:53:55.623] [EXEC] [EXEC] FIFO CLOSE qty=0.012200 entry=81940.56 exit=81936.58 pnl=-0.048556
[19:53:55.629] [EXEC] [EXEC] CHUNK DRAINED
[19:53:55.629] [EXEC] [EXEC] REALIZED pnl=-0.048556
[19:53:55.629] [EXEC] [EXEC] SELL ACCOUNTING RESET flat
[19:53:55.635] [EXEC] [EXEC] CYCLE CLOSED pnl=-0.048556
[19:53:55.636] [EXEC] [EXEC] SESSION realized=+0.088511 wins=2 losses=1
[19:53:56.191] [EXEC] [EXEC] SELL ACCOUNTING RESET new_cycle
[19:53:56.192] [EXEC] [EXEC] BUY ORDER SENT orderId=383469215 price=81943.57 qty=0.012200
[19:53:56.198] [EXEC] [EXEC] PLACE BUY price=81943.57 qty=0.012200
[19:54:01.083] [EXEC] [EXEC] BUY FILL UPDATE delta=0.012200 avg=81943.57
[19:54:01.087] [EXEC] [EXEC] CHUNK ADD qty=0.012200 entry=81943.57
[19:54:01.089] [EXEC] [EXEC] CHUNK COUNT n=1
[19:54:01.089] [EXEC] [EXEC] INVENTORY qty=0.012200
[19:54:01.089] [EXEC] [EXEC] SELL REQUIRED inventory=0.012200
[19:54:01.089] [EXEC] [EXEC] BUY PARTIAL delta=0.012200 total=0.012200
[19:54:01.093] [EXEC] [EXEC] BUY REMAINING qty=0.000000
[19:54:01.094] [EXEC] [EXEC] BUY FILLED id=383469215
[19:54:02.549] [EXEC] [EXEC] SELL CHECK inventory=0.012200 reported=0.000000 remaining=0.012200 chunks=1
[19:54:02.549] [EXEC] [EXEC] PLACE SELL price=81948.13 qty=0.012200
[19:54:02.830] [EXEC] [EXEC] SELL ORDER SENT orderId=383469346
[19:54:03.376] [EXEC] [EXEC] FIFO CLOSE qty=0.012200 entry=81943.57 exit=81948.13 pnl=+0.055632
[19:54:03.376] [EXEC] [EXEC] CHUNK DRAINED
[19:54:03.376] [EXEC] [EXEC] REALIZED pnl=+0.055632
[19:54:03.376] [EXEC] [EXEC] SELL ACCOUNTING RESET flat
[19:54:03.376] [EXEC] [EXEC] CYCLE CLOSED pnl=+0.055632
[19:54:03.376] [EXEC] [EXEC] SESSION realized=+0.144143 wins=3 losses=1
[19:54:08.039] [EXEC] [EXEC] SELL ACCOUNTING RESET new_cycle
[19:54:08.039] [EXEC] [EXEC] BUY ORDER SENT orderId=383469667 price=81951.27 qty=0.012200
[19:54:08.039] [EXEC] [EXEC] PLACE BUY price=81951.27 qty=0.012200
[19:54:09.008] [EXEC] [EXEC] BUY FILL UPDATE delta=0.000070 avg=81951.27
[19:54:09.008] [EXEC] [EXEC] CHUNK ADD qty=0.000070 entry=81951.27
[19:54:09.008] [EXEC] [EXEC] CHUNK COUNT n=1
[19:54:09.008] [EXEC] [EXEC] INVENTORY qty=0.000070
[19:54:09.008] [EXEC] [EXEC] SELL REQUIRED inventory=0.000070
[19:54:09.008] [EXEC] [EXEC] BUY PARTIAL delta=0.000070 total=0.000070
[19:54:09.008] [EXEC] [EXEC] BUY REMAINING qty=0.012130
[19:54:10.872] [EXEC] [EXEC] BUY FILL UPDATE delta=0.012130 avg=81951.27
[19:54:10.872] [EXEC] [EXEC] CHUNK ADD qty=0.012130 entry=81951.27
[19:54:10.877] [EXEC] [EXEC] CHUNK COUNT n=2
[19:54:10.877] [EXEC] [EXEC] INVENTORY qty=0.012200
[19:54:10.877] [EXEC] [EXEC] SELL REQUIRED inventory=0.012200
[19:54:10.884] [EXEC] [EXEC] SELL CHECK inventory=0.012200 reported=0.000000 remaining=0.012200 chunks=2
[19:54:10.884] [EXEC] [EXEC] PLACE SELL price=81967.06 qty=0.012200
[19:54:11.188] [EXEC] [EXEC] SELL ORDER SENT orderId=383469871
[19:54:12.251] [EXEC] [EXEC] FIFO CLOSE qty=0.000070 entry=81951.27 exit=81967.06 pnl=+0.001105
[19:54:12.251] [EXEC] [EXEC] CHUNK DRAINED
[19:54:12.251] [EXEC] [EXEC] FIFO CLOSE qty=0.012130 entry=81951.27 exit=81967.06 pnl=+0.191533
[19:54:12.251] [EXEC] [EXEC] CHUNK DRAINED
[19:54:12.251] [EXEC] [EXEC] REALIZED pnl=+0.192638
[19:54:12.251] [EXEC] [EXEC] SELL ACCOUNTING RESET flat
[19:54:12.251] [EXEC] [EXEC] CYCLE CLOSED pnl=+0.192638
[19:54:12.251] [EXEC] [EXEC] SESSION realized=+0.336781 wins=4 losses=1
[19:54:13.068] [EXEC] [EXEC] SELL ACCOUNTING RESET new_cycle
[19:54:13.073] [EXEC] [EXEC] BUY ORDER SENT orderId=383470044 price=81967.20 qty=0.012200
[19:54:13.074] [EXEC] [EXEC] PLACE BUY price=81967.20 qty=0.012200
[19:54:13.611] [EXEC] [EXEC] BUY FILL UPDATE delta=0.012200 avg=81967.20
[19:54:13.611] [EXEC] [EXEC] CHUNK ADD qty=0.012200 entry=81967.20
[19:54:13.611] [EXEC] [EXEC] CHUNK COUNT n=1
[19:54:13.626] [EXEC] [EXEC] INVENTORY qty=0.012200
[19:54:13.626] [EXEC] [EXEC] SELL REQUIRED inventory=0.012200
[19:54:13.990] [EXEC] [EXEC] SELL CHECK inventory=0.012200 reported=0.000000 remaining=0.012200 chunks=1
[19:54:13.990] [EXEC] [EXEC] PLACE SELL price=81967.24 qty=0.012200
[19:54:14.313] [EXEC] [EXEC] SELL ORDER SENT orderId=383470185
[19:54:15.871] [EXEC] [EXEC] RECOVERY WAIT hard_sl_pending_recovery
[19:54:18.610] [EXEC] [EXEC] FIFO CLOSE qty=0.012200 entry=81967.20 exit=81967.23 pnl=+0.000366
[19:54:18.610] [EXEC] [EXEC] CHUNK DRAINED
[19:54:18.610] [EXEC] [EXEC] REALIZED pnl=+0.000366
[19:54:18.625] [EXEC] [EXEC] SELL ACCOUNTING RESET flat
[19:54:18.625] [EXEC] [EXEC] CYCLE CLOSED pnl=+0.000366
[19:54:18.625] [EXEC] [EXEC] SESSION realized=+0.337147 wins=5 losses=1
[19:54:18.625] [EXEC] [EXEC] SELL ACCOUNTING RESET flat
[19:54:18.625] [EXEC] [EXEC] CYCLE SKIP no_fifo_pnl
[19:54:18.625] [EXEC] [EXEC] SELL FILLED id=383470185
[19:54:18.641] [EXEC] [EXEC] SELL FILLED qty=0.012200 remaining=0.000000
[19:54:18.641] [EXEC] [EXEC] SELL ACCOUNTING RESET inventory_drained
[19:54:18.641] [EXEC] [EXEC] INVENTORY DRAINED epsilon_cleanup qty=0.000000
[19:54:18.641] [EXEC] [EXEC] SELL ACCOUNTING RESET flat
[19:54:18.641] [EXEC] [EXEC] CYCLE SKIP no_fifo_pnl
[19:54:21.670] [EXEC] [EXEC] SELL ACCOUNTING RESET new_cycle
[19:54:21.670] [EXEC] [EXEC] BUY ORDER SENT orderId=383470486 price=81956.00 qty=0.012200
[19:54:21.670] [EXEC] [EXEC] PLACE BUY price=81956.00 qty=0.012200
[19:54:22.654] [EXEC] [EXEC] BUY FILL UPDATE delta=0.012200 avg=81956.00
[19:54:22.670] [EXEC] [EXEC] CHUNK ADD qty=0.012200 entry=81956.00
[19:54:22.670] [EXEC] [EXEC] CHUNK COUNT n=1
[19:54:22.670] [EXEC] [EXEC] INVENTORY qty=0.012200
[19:54:22.670] [EXEC] [EXEC] SELL REQUIRED inventory=0.012200
[19:54:22.670] [EXEC] [EXEC] BUY PARTIAL delta=0.012200 total=0.012200
[19:54:22.670] [EXEC] [EXEC] BUY REMAINING qty=0.000000
[19:54:22.670] [EXEC] [EXEC] BUY FILLED id=383470486
[19:54:24.453] [EXEC] [EXEC] SELL CHECK inventory=0.012200 reported=0.000000 remaining=0.012200 chunks=1
[19:54:24.719] [EXEC] [EXEC] SELL BLOCK locked_balance_no_order
[19:54:25.607] [EXEC] [EXEC] SELL CHECK inventory=0.012200 reported=0.000000 remaining=0.012200 chunks=1
[19:54:25.877] [EXEC] [EXEC] SELL BLOCK locked_balance_no_order
[19:54:26.687] [EXEC] [EXEC] SELL CHECK inventory=0.012200 reported=0.000000 remaining=0.012200 chunks=1
[19:54:26.687] [EXEC] [EXEC] PLACE SELL price=81956.04 qty=0.012200
[19:54:26.993] [EXEC] [EXEC] SELL ORDER SENT orderId=383470755
[19:54:28.109] [EXEC] [EXEC] RECOVERY WAIT hard_sl_pending_recovery
[19:54:29.779] [EXEC] [EXEC] SELL TIMEOUT orderId=383470755
[19:54:29.795] [EXEC] [EXEC] CANCEL SELL orderId=383470755
[19:54:30.327] [EXEC] [EXEC] SELL FINAL STATUS status=CANCELED orderId=383470755
[19:54:30.327] [EXEC] [EXEC] SELL TIMEOUT check fast_exit
[19:54:30.327] [EXEC] [EXEC] FORCE EXIT hard_sl_triggered
[19:54:30.343] [EXEC] [EXEC] HARD SL triggered
[19:54:30.343] [EXEC] [EXEC] PANIC EXIT sl_mode
[19:54:30.343] [EXEC] [EXEC] FORCE EXIT price=81942.97
[19:54:30.343] [EXEC] [EXEC] PLACE SELL price=81942.97 qty=0.012200
[19:54:30.609] [EXEC] [EXEC] PANIC START price=81942.97
[19:54:30.609] [EXEC] [EXEC] SELL ORDER SENT orderId=383471057
[19:54:33.042] [EXEC] [EXEC] PANIC WAIT still_open orderId=383471057
[19:54:33.061] [EXEC] [EXEC] PANIC HOLD active orderId=383471057
[19:54:35.186] [EXEC] [EXEC] PANIC HOLD active orderId=383471057
[19:54:36.839] [EXEC] [EXEC] PANIC WAIT still_open orderId=383471057
[19:54:36.839] [EXEC] [EXEC] PANIC HOLD active orderId=383471057
[19:54:41.061] [EXEC] [EXEC] PANIC WAIT still_open orderId=383471057
[19:54:41.064] [EXEC] [EXEC] PANIC HOLD active orderId=383471057
[19:54:42.442] [EXEC] [EXEC] PANIC HOLD active orderId=383471057
[19:54:45.105] [EXEC] [EXEC] PANIC WAIT still_open orderId=383471057
[19:54:45.110] [EXEC] [EXEC] PANIC HOLD active orderId=383471057
[19:54:46.214] [EXEC] [EXEC] PANIC HOLD active orderId=383471057
[19:54:48.056] [EXEC] [EXEC] PANIC HOLD active orderId=383471057
[19:54:49.622] [EXEC] [EXEC] PANIC WAIT still_open orderId=383471057
[19:54:49.623] [EXEC] [EXEC] PANIC HOLD active orderId=383471057
[19:54:52.199] [EXEC] [EXEC] PANIC STALE detected orderId=383471057
[19:54:52.200] [EXEC] [EXEC] PANIC ESCALATE old=81942.97 new=81912.79 qty=0.012200
[19:54:52.983] [EXEC] [EXEC] PANIC ESCALATE placed orderId=383472021
[19:54:53.485] [EXEC] [EXEC] FIFO CLOSE qty=0.012200 entry=81956.00 exit=81913.37 pnl=-0.520086
[19:54:53.488] [EXEC] [EXEC] CHUNK DRAINED
[19:54:53.491] [EXEC] [EXEC] REALIZED pnl=-0.520086
[19:54:53.496] [EXEC] [EXEC] SELL ACCOUNTING RESET flat
[19:54:53.498] [EXEC] [EXEC] CYCLE CLOSED pnl=-0.520086
[19:54:53.500] [EXEC] [EXEC] SESSION realized=-0.182939 wins=5 losses=2
[19:54:53.501] [EXEC] [EXEC] SELL ACCOUNTING RESET flat
[19:54:53.503] [EXEC] [EXEC] CYCLE SKIP no_fifo_pnl
[19:54:53.504] [EXEC] [EXEC] SELL FILLED id=383472021
[19:54:53.505] [EXEC] [EXEC] SELL FILLED qty=0.012200 remaining=0.000000
[19:54:53.506] [EXEC] [EXEC] SELL ACCOUNTING RESET inventory_drained
[19:54:53.507] [EXEC] [EXEC] INVENTORY DRAINED epsilon_cleanup qty=0.000000
[19:54:53.508] [EXEC] [EXEC] SELL ACCOUNTING RESET flat
[19:54:53.510] [EXEC] [EXEC] CYCLE SKIP no_fifo_pnl
[19:54:54.627] [EXEC] [EXEC] SELL ACCOUNTING RESET new_cycle
[19:54:54.632] [EXEC] [EXEC] BUY ORDER SENT orderId=383472048 price=81916.96 qty=0.012200
[19:54:54.635] [EXEC] [EXEC] PLACE BUY price=81916.96 qty=0.012200
[19:55:00.173] [EXEC] [EXEC] BUY TIMEOUT orderId=383472048
[19:55:00.173] [EXEC] [EXEC] CANCEL BUY orderId=383472048
[19:55:00.501] [EXEC] [EXEC] BUY CANCELED confirmed
[19:55:00.798] [EXEC] [EXEC] BUY FINAL STATUS status=CANCELED orderId=383472048
[19:55:00.798] [EXEC] [EXEC] BLOCK reason=buy_not_filled
[19:55:01.564] [EXEC] [EXEC] SELL ACCOUNTING RESET new_cycle
[19:55:01.564] [EXEC] [EXEC] BUY ORDER SENT orderId=383472366 price=81916.86 qty=0.012200
[19:55:01.564] [EXEC] [EXEC] PLACE BUY price=81916.86 qty=0.012200
[19:59:59.352] [EXEC] [EXEC] LIVE ON
[19:59:59.352] [EXEC] [EXEC] WAIT READY
[19:59:59.352] [EXEC] [EXEC] BLOCK reason=market_health_bad
[20:00:01.469] [EXEC] [EXEC] SELL ACCOUNTING RESET new_cycle
[20:00:01.469] [EXEC] [EXEC] BUY ORDER SENT orderId=383487649 price=81938.99 qty=0.012200
[20:00:01.469] [EXEC] [EXEC] PLACE BUY price=81938.99 qty=0.012200
[20:00:08.069] [EXEC] [EXEC] BUY FILL UPDATE delta=0.012200 avg=81938.99
[20:00:08.070] [EXEC] [EXEC] CHUNK ADD qty=0.012200 entry=81938.99
[20:00:08.070] [EXEC] [EXEC] CHUNK COUNT n=1
[20:00:08.071] [EXEC] [EXEC] INVENTORY qty=0.012200
[20:00:08.074] [EXEC] [EXEC] SELL REQUIRED inventory=0.012200
[20:00:08.658] [EXEC] [EXEC] SELL CHECK inventory=0.012200 reported=0.000000 remaining=0.012200 chunks=1
[20:00:08.660] [EXEC] [EXEC] PLACE SELL price=81944.00 qty=0.012200
[20:00:08.975] [EXEC] [EXEC] SELL ORDER SENT orderId=383488318
[20:00:10.832] [EXEC] [EXEC] FIFO CLOSE qty=0.012200 entry=81938.99 exit=81944.00 pnl=+0.061122
[20:00:10.833] [EXEC] [EXEC] CHUNK DRAINED
[20:00:10.834] [EXEC] [EXEC] REALIZED pnl=+0.061122
[20:00:10.834] [EXEC] [EXEC] SELL ACCOUNTING RESET flat
[20:00:10.835] [EXEC] [EXEC] CYCLE CLOSED pnl=+0.061122
[20:00:10.835] [EXEC] [EXEC] SESSION realized=+0.061122 wins=1 losses=0
[20:00:12.616] [EXEC] [EXEC] SELL ACCOUNTING RESET new_cycle
[20:00:12.617] [EXEC] [EXEC] BUY ORDER SENT orderId=383488559 price=81948.01 qty=0.012200
[20:00:12.618] [EXEC] [EXEC] PLACE BUY price=81948.01 qty=0.012200
[20:00:16.684] [EXEC] [EXEC] BUY FILL UPDATE delta=0.012200 avg=81948.01
[20:00:16.685] [EXEC] [EXEC] CHUNK ADD qty=0.012200 entry=81948.01
[20:00:16.685] [EXEC] [EXEC] CHUNK COUNT n=1
[20:00:16.686] [EXEC] [EXEC] INVENTORY qty=0.012200
[20:00:16.686] [EXEC] [EXEC] SELL REQUIRED inventory=0.012200
[20:00:16.687] [EXEC] [EXEC] BUY PARTIAL delta=0.012200 total=0.012200
[20:00:16.688] [EXEC] [EXEC] BUY REMAINING qty=0.000000
[20:00:16.688] [EXEC] [EXEC] BUY FILLED id=383488559
[20:00:18.939] [EXEC] [EXEC] SELL CHECK inventory=0.012200 reported=0.000000 remaining=0.012200 chunks=1
[20:00:18.940] [EXEC] [EXEC] PLACE SELL price=81951.99 qty=0.012200
[20:00:19.203] [EXEC] [EXEC] SELL ORDER SENT orderId=383488779
[20:00:20.347] [EXEC] [EXEC] RECOVERY WAIT hard_sl_pending_recovery
[20:00:22.510] [EXEC] [EXEC] FIFO CLOSE qty=0.012200 entry=81948.01 exit=81951.99 pnl=+0.048556
[20:00:22.511] [EXEC] [EXEC] CHUNK DRAINED
[20:00:22.511] [EXEC] [EXEC] REALIZED pnl=+0.048556
[20:00:22.512] [EXEC] [EXEC] SELL ACCOUNTING RESET flat
[20:00:22.512] [EXEC] [EXEC] CYCLE CLOSED pnl=+0.048556
[20:00:22.513] [EXEC] [EXEC] SESSION realized=+0.109678 wins=2 losses=0
[20:00:22.513] [EXEC] [EXEC] SELL ACCOUNTING RESET flat
[20:00:22.514] [EXEC] [EXEC] CYCLE SKIP no_fifo_pnl
[20:00:22.514] [EXEC] [EXEC] SELL FILLED id=383488779
[20:00:22.515] [EXEC] [EXEC] SELL FILLED qty=0.012200 remaining=0.000000
[20:00:22.516] [EXEC] [EXEC] SELL ACCOUNTING RESET inventory_drained
[20:00:22.516] [EXEC] [EXEC] INVENTORY DRAINED epsilon_cleanup qty=0.000000
[20:00:22.517] [EXEC] [EXEC] SELL ACCOUNTING RESET flat
[20:00:22.517] [EXEC] [EXEC] CYCLE SKIP no_fifo_pnl
[20:00:23.569] [EXEC] [EXEC] SELL ACCOUNTING RESET new_cycle
[20:00:23.570] [EXEC] [EXEC] BUY ORDER SENT orderId=383489032 price=81960.31 qty=0.012200
[20:00:23.571] [EXEC] [EXEC] PLACE BUY price=81960.31 qty=0.012200
[20:00:29.104] [EXEC] [EXEC] BUY TIMEOUT orderId=383489032
[20:00:29.105] [EXEC] [EXEC] CANCEL BUY orderId=383489032
[20:00:29.470] [EXEC] [EXEC] BUY CANCELED confirmed
[20:00:29.734] [EXEC] [EXEC] BUY FINAL STATUS status=CANCELED orderId=383489032
[20:00:29.737] [EXEC] [EXEC] BLOCK reason=buy_not_filled
[20:00:31.019] [EXEC] [EXEC] SELL ACCOUNTING RESET new_cycle
[20:00:31.023] [EXEC] [EXEC] BUY ORDER SENT orderId=383489663 price=81977.85 qty=0.012190
[20:00:31.027] [EXEC] [EXEC] PLACE BUY price=81977.85 qty=0.012190
[20:00:33.867] [EXEC] [EXEC] BUY FILL UPDATE delta=0.012190 avg=81977.85
[20:00:33.870] [EXEC] [EXEC] CHUNK ADD qty=0.012190 entry=81977.85
[20:00:33.872] [EXEC] [EXEC] CHUNK COUNT n=1
[20:00:33.873] [EXEC] [EXEC] INVENTORY qty=0.012190
[20:00:33.874] [EXEC] [EXEC] SELL REQUIRED inventory=0.012190
[20:00:33.875] [EXEC] [EXEC] BUY PARTIAL delta=0.012190 total=0.012190
[20:00:33.877] [EXEC] [EXEC] BUY REMAINING qty=0.000000
[20:00:33.878] [EXEC] [EXEC] BUY FILLED id=383489663
[20:00:35.455] [EXEC] [EXEC] SELL CHECK inventory=0.012190 reported=0.000000 remaining=0.012190 chunks=1
[20:00:35.459] [EXEC] [EXEC] PLACE SELL price=81982.02 qty=0.012190
[20:00:35.738] [EXEC] [EXEC] SELL ORDER SENT orderId=383489842
[20:00:36.912] [EXEC] [EXEC] FIFO CLOSE qty=0.012190 entry=81977.85 exit=81982.02 pnl=+0.050832
[20:00:36.915] [EXEC] [EXEC] CHUNK DRAINED
[20:00:36.918] [EXEC] [EXEC] REALIZED pnl=+0.050832
[20:00:36.920] [EXEC] [EXEC] SELL ACCOUNTING RESET flat
[20:00:36.920] [EXEC] [EXEC] CYCLE CLOSED pnl=+0.050832
[20:00:36.922] [EXEC] [EXEC] SESSION realized=+0.160510 wins=3 losses=0
[20:00:39.273] [EXEC] [EXEC] SELL ACCOUNTING RESET new_cycle
[20:00:39.278] [EXEC] [EXEC] BUY ORDER SENT orderId=383489940 price=81974.43 qty=0.012190
[20:00:39.281] [EXEC] [EXEC] PLACE BUY price=81974.43 qty=0.012190
[20:00:44.126] [EXEC] [EXEC] BUY TIMEOUT orderId=383489940
[20:00:44.127] [EXEC] [EXEC] CANCEL BUY orderId=383489940
[20:00:44.391] [EXEC] [EXEC] BUY CANCELED confirmed
[20:00:44.659] [EXEC] [EXEC] BUY FINAL STATUS status=CANCELED orderId=383489940
[20:00:44.661] [EXEC] [EXEC] BLOCK reason=buy_not_filled
[20:00:45.475] [EXEC] [EXEC] SELL ACCOUNTING RESET new_cycle
[20:00:45.478] [EXEC] [EXEC] BUY ORDER SENT orderId=383490233 price=81984.61 qty=0.012190
[20:00:45.480] [EXEC] [EXEC] PLACE BUY price=81984.61 qty=0.012190
[20:00:47.361] [EXEC] [EXEC] BUY FILL UPDATE delta=0.000070 avg=81984.61
[20:00:47.363] [EXEC] [EXEC] CHUNK ADD qty=0.000070 entry=81984.61
[20:00:47.364] [EXEC] [EXEC] CHUNK COUNT n=1
[20:00:47.366] [EXEC] [EXEC] INVENTORY qty=0.000070
[20:00:47.367] [EXEC] [EXEC] SELL REQUIRED inventory=0.000070
[20:00:47.368] [EXEC] [EXEC] BUY PARTIAL delta=0.000070 total=0.000070
[20:00:47.369] [EXEC] [EXEC] BUY REMAINING qty=0.012120
[20:00:49.468] [EXEC] [EXEC] SELL CHECK inventory=0.000070 reported=0.000000 remaining=0.000070 chunks=1
[20:00:49.472] [EXEC] [EXEC] PLACE SELL price=81987.85 qty=0.000070
[20:00:49.738] [EXEC] [EXEC] SELL ORDER SENT orderId=383490289
[20:00:51.361] [EXEC] [EXEC] FIFO CLOSE qty=0.000070 entry=81984.61 exit=81987.85 pnl=+0.000227
[20:00:51.363] [EXEC] [EXEC] CHUNK DRAINED
[20:00:51.364] [EXEC] [EXEC] REALIZED pnl=+0.000227
[20:00:51.366] [EXEC] [EXEC] SELL ACCOUNTING RESET flat
[20:00:51.367] [EXEC] [EXEC] CYCLE CLOSED pnl=+0.000227
[20:00:51.368] [EXEC] [EXEC] SESSION realized=+0.160737 wins=4 losses=0
[20:00:52.035] [EXEC] [EXEC] SELL ACCOUNTING RESET new_cycle
[20:00:52.040] [EXEC] [EXEC] BUY ORDER SENT orderId=383490343 price=81986.81 qty=0.012190
[20:00:52.043] [EXEC] [EXEC] PLACE BUY price=81986.81 qty=0.012190
[20:00:53.334] [EXEC] [EXEC] BUY FILL UPDATE delta=0.012190 avg=81986.81
[20:00:53.336] [EXEC] [EXEC] CHUNK ADD qty=0.012190 entry=81986.81
[20:00:53.338] [EXEC] [EXEC] CHUNK COUNT n=1
[20:00:53.341] [EXEC] [EXEC] INVENTORY qty=0.012190
[20:00:53.343] [EXEC] [EXEC] SELL REQUIRED inventory=0.012190
[20:00:54.002] [EXEC] [EXEC] SELL CHECK inventory=0.012190 reported=0.000000 remaining=0.012190 chunks=1
[20:00:54.004] [EXEC] [EXEC] PLACE SELL price=81989.46 qty=0.012190
[20:00:54.296] [EXEC] [EXEC] SELL ORDER SENT orderId=383490604
[20:00:54.932] [EXEC] [EXEC] FIFO CLOSE qty=0.012190 entry=81986.81 exit=81989.46 pnl=+0.032303
[20:00:54.935] [EXEC] [EXEC] CHUNK DRAINED
[20:00:54.937] [EXEC] [EXEC] REALIZED pnl=+0.032303
[20:00:54.938] [EXEC] [EXEC] SELL ACCOUNTING RESET flat
[20:00:54.939] [EXEC] [EXEC] CYCLE CLOSED pnl=+0.032303
[20:00:54.941] [EXEC] [EXEC] SESSION realized=+0.193041 wins=5 losses=0
[20:00:56.227] [EXEC] [EXEC] SELL ACCOUNTING RESET new_cycle
[20:00:56.231] [EXEC] [EXEC] BUY ORDER SENT orderId=383490658 price=81983.13 qty=0.012190
[20:00:56.235] [EXEC] [EXEC] PLACE BUY price=81983.13 qty=0.012190
[20:01:01.447] [EXEC] [EXEC] BUY TIMEOUT orderId=383490658
[20:01:01.449] [EXEC] [EXEC] CANCEL BUY orderId=383490658
[20:01:01.768] [EXEC] [EXEC] BUY CANCELED confirmed
[20:01:02.045] [EXEC] [EXEC] BUY FINAL STATUS status=CANCELED orderId=383490658
[20:01:02.049] [EXEC] [EXEC] BLOCK reason=buy_not_filled
[20:01:04.481] [EXEC] [EXEC] SELL ACCOUNTING RESET new_cycle
[20:01:04.485] [EXEC] [EXEC] BUY ORDER SENT orderId=383491317 price=82004.00 qty=0.012190
[20:01:04.486] [EXEC] [EXEC] PLACE BUY price=82004.00 qty=0.012190
[20:01:05.023] [EXEC] [EXEC] BUY FILL UPDATE delta=0.012190 avg=82004.00
[20:01:05.026] [EXEC] [EXEC] CHUNK ADD qty=0.012190 entry=82004.00
[20:01:05.028] [EXEC] [EXEC] CHUNK COUNT n=1
[20:01:05.031] [EXEC] [EXEC] INVENTORY qty=0.012190
[20:01:05.034] [EXEC] [EXEC] SELL REQUIRED inventory=0.012190
[20:01:05.481] [EXEC] [EXEC] SELL CHECK inventory=0.012190 reported=0.000000 remaining=0.012190 chunks=1
[20:01:05.485] [EXEC] [EXEC] PLACE SELL price=82004.04 qty=0.012190
[20:01:05.746] [EXEC] [EXEC] SELL ORDER SENT orderId=383491450
[20:01:07.087] [EXEC] [EXEC] RECOVERY WAIT hard_sl_pending_recovery
[20:01:09.461] [EXEC] [EXEC] RECOVERY WAIT hard_sl_pending_recovery
[20:01:09.728] [EXEC] [EXEC] SELL TIMEOUT orderId=383491450
[20:01:09.731] [EXEC] [EXEC] CANCEL SELL orderId=383491450
[20:01:10.346] [EXEC] [EXEC] SELL FINAL STATUS status=CANCELED orderId=383491450
[20:01:10.351] [EXEC] [EXEC] SELL TIMEOUT check fast_exit
[20:01:10.353] [EXEC] [EXEC] FORCE EXIT hard_sl_triggered
[20:01:10.356] [EXEC] [EXEC] HARD SL triggered
[20:01:10.359] [EXEC] [EXEC] PANIC EXIT sl_mode
[20:01:10.362] [EXEC] [EXEC] FORCE EXIT price=82000.99
[20:01:10.364] [EXEC] [EXEC] PLACE SELL price=82000.99 qty=0.012190
[20:01:10.748] [EXEC] [EXEC] PANIC START price=82000.99
[20:01:10.750] [EXEC] [EXEC] SELL ORDER SENT orderId=383491582
[20:01:14.284] [EXEC] [EXEC] PANIC WAIT still_open orderId=383491582
[20:01:14.289] [EXEC] [EXEC] PANIC HOLD active orderId=383491582
[20:01:17.488] [EXEC] [EXEC] PANIC WAIT still_open orderId=383491582
[20:01:17.492] [EXEC] [EXEC] PANIC HOLD active orderId=383491582
[20:01:19.620] [EXEC] [EXEC] PANIC HOLD active orderId=383491582
[20:01:20.523] [EXEC] [EXEC] PANIC WAIT still_open orderId=383491582
[20:01:20.526] [EXEC] [EXEC] PANIC HOLD active orderId=383491582
[20:01:21.705] [EXEC] [EXEC] FIFO CLOSE qty=0.012190 entry=82004.00 exit=82000.99 pnl=-0.036692
[20:01:21.707] [EXEC] [EXEC] CHUNK DRAINED
[20:01:21.709] [EXEC] [EXEC] REALIZED pnl=-0.036692
[20:01:21.711] [EXEC] [EXEC] SELL ACCOUNTING RESET flat
[20:01:21.714] [EXEC] [EXEC] CYCLE CLOSED pnl=-0.036692
[20:01:21.716] [EXEC] [EXEC] SESSION realized=+0.156349 wins=5 losses=1
[20:01:24.681] [EXEC] [EXEC] SELL ACCOUNTING RESET new_cycle
[20:01:24.685] [EXEC] [EXEC] BUY ORDER SENT orderId=383491866 price=81992.00 qty=0.012190
[20:01:24.688] [EXEC] [EXEC] PLACE BUY price=81992.00 qty=0.012190
[20:01:26.406] [EXEC] [EXEC] BUY FILL UPDATE delta=0.012190 avg=81992.00
[20:01:26.407] [EXEC] [EXEC] CHUNK ADD qty=0.012190 entry=81992.00
[20:01:26.409] [EXEC] [EXEC] CHUNK COUNT n=1
[20:01:26.410] [EXEC] [EXEC] INVENTORY qty=0.012190
[20:01:26.411] [EXEC] [EXEC] SELL REQUIRED inventory=0.012190
[20:01:26.686] [EXEC] [EXEC] SELL CHECK inventory=0.012190 reported=0.000000 remaining=0.012190 chunks=1
[20:01:26.691] [EXEC] [EXEC] PLACE SELL price=81992.04 qty=0.012190
[20:01:26.988] [EXEC] [EXEC] SELL ORDER SENT orderId=383492124
[20:01:28.140] [EXEC] [EXEC] FIFO CLOSE qty=0.012190 entry=81992.00 exit=81992.04 pnl=+0.000488
[20:01:28.143] [EXEC] [EXEC] CHUNK DRAINED
[20:01:28.146] [EXEC] [EXEC] REALIZED pnl=+0.000488
[20:01:28.149] [EXEC] [EXEC] SELL ACCOUNTING RESET flat
[20:01:28.151] [EXEC] [EXEC] CYCLE CLOSED pnl=+0.000488
[20:01:28.152] [EXEC] [EXEC] SESSION realized=+0.156836 wins=6 losses=1
[20:01:28.154] [EXEC] [EXEC] SELL ACCOUNTING RESET flat
[20:01:28.155] [EXEC] [EXEC] CYCLE SKIP no_fifo_pnl
[20:01:28.156] [EXEC] [EXEC] SELL FILLED id=383492124
[20:01:28.158] [EXEC] [EXEC] SELL FILLED qty=0.012190 remaining=0.000000
[20:01:28.159] [EXEC] [EXEC] SELL ACCOUNTING RESET inventory_drained
[20:01:28.161] [EXEC] [EXEC] INVENTORY DRAINED epsilon_cleanup qty=0.000000
[20:01:28.162] [EXEC] [EXEC] SELL ACCOUNTING RESET flat
[20:01:28.163] [EXEC] [EXEC] CYCLE SKIP no_fifo_pnl
[20:01:28.938] [EXEC] [EXEC] SELL ACCOUNTING RESET new_cycle
[20:01:28.943] [EXEC] [EXEC] BUY ORDER SENT orderId=383492289 price=81987.54 qty=0.012190
[20:01:28.946] [EXEC] [EXEC] PLACE BUY price=81987.54 qty=0.012190
[20:01:33.603] [EXEC] [EXEC] BUY TIMEOUT orderId=383492289
[20:01:33.607] [EXEC] [EXEC] CANCEL BUY orderId=383492289
[20:01:33.874] [EXEC] [EXEC] BUY CANCELED confirmed
[20:01:34.144] [EXEC] [EXEC] BUY FINAL STATUS status=CANCELED orderId=383492289
[20:01:34.148] [EXEC] [EXEC] BLOCK reason=buy_not_filled
[20:01:45.460] [EXEC] [EXEC] SELL ACCOUNTING RESET new_cycle
[20:01:45.465] [EXEC] [EXEC] BUY ORDER SENT orderId=383492592 price=81988.00 qty=0.012190
[20:01:45.468] [EXEC] [EXEC] PLACE BUY price=81988.00 qty=0.012190
[20:01:49.360] [EXEC] [EXEC] BUY FILL UPDATE delta=0.012190 avg=81988.00
[20:01:49.363] [EXEC] [EXEC] CHUNK ADD qty=0.012190 entry=81988.00
[20:01:49.366] [EXEC] [EXEC] CHUNK COUNT n=1
[20:01:49.368] [EXEC] [EXEC] INVENTORY qty=0.012190
[20:01:49.369] [EXEC] [EXEC] SELL REQUIRED inventory=0.012190
[20:01:50.360] [EXEC] [EXEC] SELL CHECK inventory=0.012190 reported=0.000000 remaining=0.012190 chunks=1
[20:01:50.363] [EXEC] [EXEC] PLACE SELL price=81988.04 qty=0.012190
[20:01:50.628] [EXEC] [EXEC] SELL ORDER SENT orderId=383492743
[20:01:52.002] [EXEC] [EXEC] RECOVERY WAIT hard_sl_pending_recovery
[20:01:54.613] [EXEC] [EXEC] RECOVERY WAIT hard_sl_pending_recovery
[20:01:54.878] [EXEC] [EXEC] SELL TIMEOUT orderId=383492743
[20:01:54.882] [EXEC] [EXEC] CANCEL SELL orderId=383492743
[20:01:55.415] [EXEC] [EXEC] SELL FINAL STATUS status=CANCELED orderId=383492743
[20:01:55.419] [EXEC] [EXEC] SELL TIMEOUT check fast_exit
[20:01:55.422] [EXEC] [EXEC] FORCE EXIT hard_sl_triggered
[20:01:55.423] [EXEC] [EXEC] HARD SL triggered
[20:01:55.425] [EXEC] [EXEC] PANIC EXIT sl_mode
[20:01:55.426] [EXEC] [EXEC] FORCE EXIT price=81982.79
[20:01:55.427] [EXEC] [EXEC] PLACE SELL price=81982.79 qty=0.012190
[20:01:55.728] [EXEC] [EXEC] PANIC START price=81982.79
[20:01:55.732] [EXEC] [EXEC] SELL ORDER SENT orderId=383492849
[20:01:57.697] [EXEC] [EXEC] PANIC WAIT still_open orderId=383492849
[20:01:57.701] [EXEC] [EXEC] PANIC HOLD active orderId=383492849
[20:02:00.705] [EXEC] [EXEC] STOP canceled panic order, position remains open
[20:02:01.494] [EXEC] [EXEC] STOP with open inventory qty=0.012190
[20:09:59.316] [EXEC] [EXEC] LIVE ON
[20:09:59.319] [EXEC] [EXEC] WAIT READY
[20:09:59.323] [EXEC] [EXEC] BLOCK reason=market_health_bad
[20:10:01.218] [EXEC] [EXEC] SELL ACCOUNTING RESET new_cycle
[20:10:01.221] [EXEC] [EXEC] BUY ORDER SENT orderId=383510747 price=82036.61 qty=0.012180
[20:10:01.222] [EXEC] [EXEC] PLACE BUY price=82036.61 qty=0.012180
[20:10:02.301] [EXEC] [EXEC] BUY FILL UPDATE delta=0.012180 avg=82036.61
[20:10:02.304] [EXEC] [EXEC] CHUNK ADD qty=0.012180 entry=82036.61
[20:10:02.306] [EXEC] [EXEC] CHUNK COUNT n=1
[20:10:02.307] [EXEC] [EXEC] INVENTORY qty=0.012180
[20:10:02.309] [EXEC] [EXEC] SELL REQUIRED inventory=0.012180
[20:10:02.310] [EXEC] [EXEC] BUY PARTIAL delta=0.012180 total=0.012180
[20:10:02.311] [EXEC] [EXEC] BUY REMAINING qty=0.000000
[20:10:02.312] [EXEC] [EXEC] BUY FILLED id=383510747
[20:10:03.722] [EXEC] [EXEC] SELL CHECK inventory=0.012180 reported=0.000000 remaining=0.012180 chunks=1
[20:10:03.725] [EXEC] [EXEC] PLACE SELL price=82038.98 qty=0.012180
[20:10:04.007] [EXEC] [EXEC] SELL ORDER SENT orderId=383510910
[20:10:04.776] [EXEC] [EXEC] RECOVERY WAIT hard_sl_pending_recovery
[20:10:06.690] [EXEC] [EXEC] FIFO CLOSE qty=0.012180 entry=82036.61 exit=82038.98 pnl=+0.028867
[20:10:06.693] [EXEC] [EXEC] CHUNK DRAINED
[20:10:06.695] [EXEC] [EXEC] REALIZED pnl=+0.028867
[20:10:06.697] [EXEC] [EXEC] SELL ACCOUNTING RESET flat
[20:10:06.700] [EXEC] [EXEC] CYCLE CLOSED pnl=+0.028867
[20:10:06.702] [EXEC] [EXEC] SESSION realized=+0.028867 wins=1 losses=0
[20:10:07.321] [EXEC] [EXEC] SELL ACCOUNTING RESET new_cycle
[20:10:07.324] [EXEC] [EXEC] BUY ORDER SENT orderId=383511074 price=82041.55 qty=0.012180
[20:10:07.325] [EXEC] [EXEC] PLACE BUY price=82041.55 qty=0.012180
[20:10:10.062] [EXEC] [EXEC] BUY FILL UPDATE delta=0.012180 avg=82041.55
[20:10:10.065] [EXEC] [EXEC] CHUNK ADD qty=0.012180 entry=82041.55
[20:10:10.068] [EXEC] [EXEC] CHUNK COUNT n=1
[20:10:10.070] [EXEC] [EXEC] INVENTORY qty=0.012180
[20:10:10.072] [EXEC] [EXEC] SELL REQUIRED inventory=0.012180
[20:10:11.451] [EXEC] [EXEC] SELL CHECK inventory=0.012180 reported=0.000000 remaining=0.012180 chunks=1
[20:10:11.455] [EXEC] [EXEC] PLACE SELL price=82041.59 qty=0.012180
[20:10:11.715] [EXEC] [EXEC] SELL ORDER SENT orderId=383511227
[20:10:12.676] [EXEC] [EXEC] RECOVERY WAIT hard_sl_pending_recovery
[20:10:15.379] [EXEC] [EXEC] SELL TIMEOUT orderId=383511227
[20:10:15.382] [EXEC] [EXEC] CANCEL SELL orderId=383511227
[20:10:15.949] [EXEC] [EXEC] SELL FINAL STATUS status=CANCELED orderId=383511227
[20:10:15.952] [EXEC] [EXEC] SELL TIMEOUT check fast_exit
[20:10:15.954] [EXEC] [EXEC] FORCE EXIT hard_sl_triggered
[20:10:15.955] [EXEC] [EXEC] HARD SL triggered
[20:10:15.956] [EXEC] [EXEC] PANIC EXIT sl_mode
[20:10:15.957] [EXEC] [EXEC] FORCE EXIT price=82040.58
[20:10:15.957] [EXEC] [EXEC] PLACE SELL price=82040.58 qty=0.012180
[20:10:16.222] [EXEC] [EXEC] PANIC START price=82040.58
[20:10:16.226] [EXEC] [EXEC] SELL ORDER SENT orderId=383511334
[20:10:19.346] [EXEC] [EXEC] PANIC WAIT still_open orderId=383511334
[20:10:19.349] [EXEC] [EXEC] PANIC HOLD active orderId=383511334
[20:10:21.764] [EXEC] [EXEC] PANIC HOLD active orderId=383511334
[20:10:23.071] [EXEC] [EXEC] PANIC WAIT still_open orderId=383511334
[20:10:23.074] [EXEC] [EXEC] PANIC HOLD active orderId=383511334
[20:10:26.441] [EXEC] [EXEC] PANIC WAIT still_open orderId=383511334
[20:10:26.444] [EXEC] [EXEC] PANIC HOLD active orderId=383511334
[20:10:29.181] [EXEC] [EXEC] PANIC HOLD active orderId=383511334
[20:10:30.457] [EXEC] [EXEC] FIFO CLOSE qty=0.012180 entry=82041.55 exit=82040.58 pnl=-0.011815
[20:10:30.459] [EXEC] [EXEC] CHUNK DRAINED
[20:10:30.460] [EXEC] [EXEC] REALIZED pnl=-0.011815
[20:10:30.464] [EXEC] [EXEC] SELL ACCOUNTING RESET flat
[20:10:30.467] [EXEC] [EXEC] CYCLE CLOSED pnl=-0.011815
[20:10:30.469] [EXEC] [EXEC] SESSION realized=+0.017052 wins=1 losses=1
[20:10:30.735] [EXEC] [EXEC] SELL ACCOUNTING RESET new_cycle
[20:10:30.739] [EXEC] [EXEC] BUY ORDER SENT orderId=383511748 price=82033.97 qty=0.012190
[20:10:30.742] [EXEC] [EXEC] PLACE BUY price=82033.97 qty=0.012190
[20:10:35.116] [EXEC] [EXEC] BUY TIMEOUT orderId=383511748
[20:10:35.120] [EXEC] [EXEC] CANCEL BUY orderId=383511748
[20:10:35.388] [EXEC] [EXEC] BUY CANCELED confirmed
[20:10:35.662] [EXEC] [EXEC] BUY FINAL STATUS status=CANCELED orderId=383511748
[20:10:35.666] [EXEC] [EXEC] BLOCK reason=buy_not_filled
[20:10:37.110] [EXEC] [EXEC] SELL ACCOUNTING RESET new_cycle
[20:10:37.114] [EXEC] [EXEC] BUY ORDER SENT orderId=383511866 price=82036.43 qty=0.012180
[20:10:37.116] [EXEC] [EXEC] PLACE BUY price=82036.43 qty=0.012180
[20:10:39.464] [EXEC] [EXEC] BUY FILL UPDATE delta=0.012180 avg=82036.43
[20:10:39.468] [EXEC] [EXEC] CHUNK ADD qty=0.012180 entry=82036.43
[20:10:39.472] [EXEC] [EXEC] CHUNK COUNT n=1
[20:10:39.475] [EXEC] [EXEC] INVENTORY qty=0.012180
[20:10:39.477] [EXEC] [EXEC] SELL REQUIRED inventory=0.012180
[20:10:39.479] [EXEC] [EXEC] BUY PARTIAL delta=0.012180 total=0.012180
[20:10:39.481] [EXEC] [EXEC] BUY REMAINING qty=0.000000
[20:10:39.481] [EXEC] [EXEC] BUY FILLED id=383511866
[20:10:41.007] [EXEC] [EXEC] SELL CHECK inventory=0.012180 reported=0.000000 remaining=0.012180 chunks=1
[20:10:41.010] [EXEC] [EXEC] PLACE SELL price=82036.47 qty=0.012180
[20:10:41.323] [EXEC] [EXEC] SELL ORDER SENT orderId=383512097
[20:10:42.352] [EXEC] [EXEC] RECOVERY WAIT hard_sl_pending_recovery
[20:10:44.736] [EXEC] [EXEC] RECOVERY WAIT hard_sl_pending_recovery
[20:10:45.001] [EXEC] [EXEC] SELL TIMEOUT orderId=383512097
[20:10:45.004] [EXEC] [EXEC] CANCEL SELL orderId=383512097
[20:10:45.531] [EXEC] [EXEC] SELL FINAL STATUS status=CANCELED orderId=383512097
[20:10:45.534] [EXEC] [EXEC] SELL TIMEOUT check fast_exit
[20:10:45.536] [EXEC] [EXEC] FORCE EXIT hard_sl_triggered
[20:10:45.538] [EXEC] [EXEC] HARD SL triggered
[20:10:45.539] [EXEC] [EXEC] PANIC EXIT sl_mode
[20:10:45.540] [EXEC] [EXEC] FORCE EXIT price=82028.03
[20:10:45.541] [EXEC] [EXEC] PLACE SELL price=82028.03 qty=0.012180
[20:10:45.807] [EXEC] [EXEC] PANIC START price=82028.03
[20:10:45.810] [EXEC] [EXEC] SELL ORDER SENT orderId=383512159
[20:10:48.391] [EXEC] [EXEC] FIFO CLOSE qty=0.012180 entry=82036.43 exit=82028.03 pnl=-0.102312
[20:10:48.393] [EXEC] [EXEC] CHUNK DRAINED
[20:10:48.394] [EXEC] [EXEC] REALIZED pnl=-0.102312
[20:10:48.395] [EXEC] [EXEC] SELL ACCOUNTING RESET flat
[20:10:48.396] [EXEC] [EXEC] CYCLE CLOSED pnl=-0.102312
[20:10:48.397] [EXEC] [EXEC] SESSION realized=-0.085260 wins=1 losses=2
[20:10:48.659] [EXEC] [EXEC] SELL ACCOUNTING RESET new_cycle
[20:10:48.662] [EXEC] [EXEC] BUY ORDER SENT orderId=383512261 price=82025.07 qty=0.012190
[20:10:48.663] [EXEC] [EXEC] PLACE BUY price=82025.07 qty=0.012190
[20:10:53.158] [EXEC] [EXEC] BUY TIMEOUT orderId=383512261
[20:10:53.161] [EXEC] [EXEC] CANCEL BUY orderId=383512261
[20:10:53.428] [EXEC] [EXEC] BUY CANCELED confirmed
[20:10:54.171] [EXEC] [EXEC] BUY FINAL STATUS status=CANCELED orderId=383512261
[20:10:54.172] [EXEC] [EXEC] BLOCK reason=buy_not_filled
[20:10:58.029] [EXEC] [EXEC] SELL ACCOUNTING RESET new_cycle
[20:10:58.032] [EXEC] [EXEC] BUY ORDER SENT orderId=383512433 price=82027.08 qty=0.012190
[20:10:58.033] [EXEC] [EXEC] PLACE BUY price=82027.08 qty=0.012190
[20:10:59.071] [EXEC] [EXEC] BUY FILL UPDATE delta=0.012190 avg=82027.08
[20:10:59.074] [EXEC] [EXEC] CHUNK ADD qty=0.012190 entry=82027.08
[20:10:59.076] [EXEC] [EXEC] CHUNK COUNT n=1
[20:10:59.078] [EXEC] [EXEC] INVENTORY qty=0.012190
[20:10:59.080] [EXEC] [EXEC] SELL REQUIRED inventory=0.012190
[20:10:59.549] [EXEC] [EXEC] SELL CHECK inventory=0.012190 reported=0.000000 remaining=0.012190 chunks=1
[20:10:59.552] [EXEC] [EXEC] PLACE SELL price=82029.06 qty=0.012190
[20:10:59.815] [EXEC] [EXEC] SELL ORDER SENT orderId=383512489
[20:11:04.108] [EXEC] [EXEC] PANIC WAIT still_open orderId=383512489
[20:11:04.111] [EXEC] [EXEC] PANIC HOLD active orderId=383512489
[20:11:05.634] [EXEC] [EXEC] PANIC STALE detected orderId=383512489
[20:11:05.636] [EXEC] [EXEC] PANIC ESCALATE old=82028.03 new=82019.91 qty=0.012190
[20:11:06.425] [EXEC] [EXEC] PANIC ESCALATE placed orderId=383512617
[20:11:07.436] [EXEC] [EXEC] FIFO CLOSE qty=0.012190 entry=82027.08 exit=82019.91 pnl=-0.087402
[20:11:07.440] [EXEC] [EXEC] CHUNK DRAINED
[20:11:07.443] [EXEC] [EXEC] REALIZED pnl=-0.087402
[20:11:07.445] [EXEC] [EXEC] SELL ACCOUNTING RESET flat
[20:11:07.448] [EXEC] [EXEC] CYCLE CLOSED pnl=-0.087402
[20:11:07.450] [EXEC] [EXEC] SESSION realized=-0.172662 wins=1 losses=3
[20:11:08.400] [EXEC] [EXEC] SELL ACCOUNTING RESET new_cycle
[20:11:08.404] [EXEC] [EXEC] BUY ORDER SENT orderId=383512652 price=82021.91 qty=0.012190
[20:11:08.408] [EXEC] [EXEC] PLACE BUY price=82021.91 qty=0.012190
[20:11:13.548] [EXEC] [EXEC] BUY TIMEOUT orderId=383512652
[20:11:13.551] [EXEC] [EXEC] CANCEL BUY orderId=383512652
[20:11:13.832] [EXEC] [EXEC] BUY CANCELED confirmed
[20:11:14.094] [EXEC] [EXEC] BUY FINAL STATUS status=CANCELED orderId=383512652
[20:11:14.097] [EXEC] [EXEC] BLOCK reason=buy_not_filled
[20:11:14.995] [EXEC] [EXEC] SELL ACCOUNTING RESET new_cycle
[20:11:14.999] [EXEC] [EXEC] BUY ORDER SENT orderId=383512701 price=82023.93 qty=0.012190
[20:11:15.001] [EXEC] [EXEC] PLACE BUY price=82023.93 qty=0.012190
[20:11:18.845] [EXEC] [EXEC] BUY TIMEOUT orderId=383512701
[20:11:18.848] [EXEC] [EXEC] CANCEL BUY orderId=383512701
[20:11:19.115] [EXEC] [EXEC] BUY CANCELED confirmed
[20:11:19.382] [EXEC] [EXEC] BUY FINAL STATUS status=CANCELED orderId=383512701
[20:11:19.385] [EXEC] [EXEC] BLOCK reason=buy_not_filled
[20:11:20.303] [EXEC] [EXEC] SELL ACCOUNTING RESET new_cycle
[20:11:20.308] [EXEC] [EXEC] BUY ORDER SENT orderId=383512902 price=82031.77 qty=0.012190
[20:11:20.311] [EXEC] [EXEC] PLACE BUY price=82031.77 qty=0.012190
[20:11:21.827] [EXEC] [EXEC] BUY FILL UPDATE delta=0.012190 avg=82031.77
[20:11:21.831] [EXEC] [EXEC] CHUNK ADD qty=0.012190 entry=82031.77
[20:11:21.833] [EXEC] [EXEC] CHUNK COUNT n=1
[20:11:21.836] [EXEC] [EXEC] INVENTORY qty=0.012190
[20:11:21.838] [EXEC] [EXEC] SELL REQUIRED inventory=0.012190
[20:11:21.839] [EXEC] [EXEC] BUY PARTIAL delta=0.012190 total=0.012190
[20:11:21.840] [EXEC] [EXEC] BUY REMAINING qty=0.000000
[20:11:21.841] [EXEC] [EXEC] BUY FILLED id=383512902
[20:11:23.327] [EXEC] [EXEC] SELL CHECK inventory=0.012190 reported=0.000000 remaining=0.012190 chunks=1
[20:11:23.331] [EXEC] [EXEC] PLACE SELL price=82037.70 qty=0.012190
[20:11:23.596] [EXEC] [EXEC] SELL ORDER SENT orderId=383512977
[20:11:24.313] [EXEC] [EXEC] RECOVERY WAIT hard_sl_pending_recovery
[20:11:25.954] [EXEC] [EXEC] RECOVERY WAIT hard_sl_pending_recovery
[20:11:26.217] [EXEC] [EXEC] SELL TIMEOUT orderId=383512977
[20:11:26.221] [EXEC] [EXEC] CANCEL SELL orderId=383512977
[20:11:26.766] [EXEC] [EXEC] SELL FINAL STATUS status=CANCELED orderId=383512977
[20:11:26.770] [EXEC] [EXEC] SELL TIMEOUT check fast_exit
[20:11:26.772] [EXEC] [EXEC] FORCE EXIT hard_sl_triggered
[20:11:26.777] [EXEC] [EXEC] HARD SL triggered
[20:11:26.780] [EXEC] [EXEC] PANIC EXIT sl_mode
[20:11:26.783] [EXEC] [EXEC] FORCE EXIT price=82036.69
[20:11:26.785] [EXEC] [EXEC] PLACE SELL price=82036.69 qty=0.012190
[20:11:27.059] [EXEC] [EXEC] PANIC START price=82036.69
[20:11:27.065] [EXEC] [EXEC] SELL ORDER SENT orderId=383513042
[20:11:29.110] [EXEC] [EXEC] FIFO CLOSE qty=0.012190 entry=82031.77 exit=82036.69 pnl=+0.059975
[20:11:29.114] [EXEC] [EXEC] CHUNK DRAINED
[20:11:29.117] [EXEC] [EXEC] REALIZED pnl=+0.059975
[20:11:29.120] [EXEC] [EXEC] SELL ACCOUNTING RESET flat
[20:11:29.122] [EXEC] [EXEC] CYCLE CLOSED pnl=+0.059975
[20:11:29.125] [EXEC] [EXEC] SESSION realized=-0.112688 wins=2 losses=3
[20:11:30.075] [EXEC] [EXEC] SELL ACCOUNTING RESET new_cycle
[20:11:30.080] [EXEC] [EXEC] BUY ORDER SENT orderId=383513217 price=82039.57 qty=0.012180
[20:11:30.082] [EXEC] [EXEC] PLACE BUY price=82039.57 qty=0.012180
[20:11:32.490] [EXEC] [EXEC] BUY FILL UPDATE delta=0.012180 avg=82039.57
[20:11:32.492] [EXEC] [EXEC] CHUNK ADD qty=0.012180 entry=82039.57
[20:11:32.493] [EXEC] [EXEC] CHUNK COUNT n=1
[20:11:32.494] [EXEC] [EXEC] INVENTORY qty=0.012180
[20:11:32.495] [EXEC] [EXEC] SELL REQUIRED inventory=0.012180
[20:11:33.246] [EXEC] [EXEC] SELL CHECK inventory=0.012180 reported=0.000000 remaining=0.012180 chunks=1
[20:11:33.249] [EXEC] [EXEC] PLACE SELL price=82040.00 qty=0.012180
[20:11:33.515] [EXEC] [EXEC] SELL ORDER SENT orderId=383513347
[20:11:33.835] [EXEC] [EXEC] FIFO CLOSE qty=0.012180 entry=82039.57 exit=82040.00 pnl=+0.005237
[20:11:33.838] [EXEC] [EXEC] CHUNK DRAINED
[20:11:33.840] [EXEC] [EXEC] REALIZED pnl=+0.005237
[20:11:33.841] [EXEC] [EXEC] SELL ACCOUNTING RESET flat
[20:11:33.842] [EXEC] [EXEC] CYCLE CLOSED pnl=+0.005237
[20:11:33.843] [EXEC] [EXEC] SESSION realized=-0.107450 wins=3 losses=3
[20:11:33.844] [EXEC] [EXEC] SELL ACCOUNTING RESET flat
[20:11:33.845] [EXEC] [EXEC] CYCLE SKIP no_fifo_pnl
[20:11:33.846] [EXEC] [EXEC] SELL FILLED id=383513347
[20:11:33.847] [EXEC] [EXEC] SELL FILLED qty=0.012180 remaining=0.000000
[20:11:33.848] [EXEC] [EXEC] SELL ACCOUNTING RESET inventory_drained
[20:11:33.849] [EXEC] [EXEC] INVENTORY DRAINED epsilon_cleanup qty=0.000000
[20:11:33.850] [EXEC] [EXEC] SELL ACCOUNTING RESET flat
[20:11:33.851] [EXEC] [EXEC] CYCLE SKIP no_fifo_pnl
[20:11:34.781] [EXEC] [EXEC] SELL ACCOUNTING RESET new_cycle
[20:11:34.785] [EXEC] [EXEC] BUY ORDER SENT orderId=383513385 price=82038.64 qty=0.012180
[20:11:34.788] [EXEC] [EXEC] PLACE BUY price=82038.64 qty=0.012180
[20:11:39.104] [EXEC] [EXEC] BUY TIMEOUT orderId=383513385
[20:11:39.107] [EXEC] [EXEC] CANCEL BUY orderId=383513385
[20:11:39.368] [EXEC] [EXEC] BUY CANCELED confirmed
[20:11:39.633] [EXEC] [EXEC] BUY FINAL STATUS status=CANCELED orderId=383513385
[20:11:39.636] [EXEC] [EXEC] BLOCK reason=buy_not_filled
[20:11:41.315] [EXEC] [EXEC] SELL ACCOUNTING RESET new_cycle
[20:11:41.319] [EXEC] [EXEC] BUY ORDER SENT orderId=383513479 price=82040.66 qty=0.012180
[20:11:41.322] [EXEC] [EXEC] PLACE BUY price=82040.66 qty=0.012180
[20:11:45.115] [EXEC] [EXEC] BUY TIMEOUT orderId=383513479
[20:11:45.118] [EXEC] [EXEC] CANCEL BUY orderId=383513479
[20:11:45.380] [EXEC] [EXEC] BUY CANCELED confirmed
[20:11:45.644] [EXEC] [EXEC] BUY FINAL STATUS status=CANCELED orderId=383513479
[20:11:45.647] [EXEC] [EXEC] BLOCK reason=buy_not_filled
[20:11:47.156] [EXEC] [EXEC] SELL ACCOUNTING RESET new_cycle
[20:11:47.160] [EXEC] [EXEC] BUY ORDER SENT orderId=383513808 price=82006.09 qty=0.012190
[20:11:47.161] [EXEC] [EXEC] PLACE BUY price=82006.09 qty=0.012190
[20:11:48.657] [EXEC] [EXEC] BUY FILL UPDATE delta=0.012190 avg=82006.09
[20:11:48.661] [EXEC] [EXEC] CHUNK ADD qty=0.012190 entry=82006.09
[20:11:48.664] [EXEC] [EXEC] CHUNK COUNT n=1
[20:11:48.667] [EXEC] [EXEC] INVENTORY qty=0.012190
[20:11:48.669] [EXEC] [EXEC] SELL REQUIRED inventory=0.012190
[20:11:48.670] [EXEC] [EXEC] BUY PARTIAL delta=0.012190 total=0.012190
[20:11:48.672] [EXEC] [EXEC] BUY REMAINING qty=0.000000
[20:11:48.673] [EXEC] [EXEC] BUY FILLED id=383513808
[20:11:50.166] [EXEC] [EXEC] SELL CHECK inventory=0.012190 reported=0.000000 remaining=0.012190 chunks=1
[20:11:50.170] [EXEC] [EXEC] PLACE SELL price=82006.13 qty=0.012190
[20:11:50.435] [EXEC] [EXEC] SELL ORDER SENT orderId=383514705
[20:11:52.117] [EXEC] [EXEC] RECOVERY WAIT hard_sl_pending_recovery
[20:11:53.207] [EXEC] [EXEC] SELL TIMEOUT orderId=383514705
[20:11:53.211] [EXEC] [EXEC] CANCEL SELL orderId=383514705
[20:11:53.834] [EXEC] [EXEC] SELL FINAL STATUS status=CANCELED orderId=383514705
[20:11:53.838] [EXEC] [EXEC] SELL TIMEOUT check fast_exit
[20:11:53.839] [EXEC] [EXEC] FORCE EXIT hard_sl_triggered
[20:11:53.840] [EXEC] [EXEC] HARD SL triggered
[20:11:53.841] [EXEC] [EXEC] PANIC EXIT sl_mode
[20:11:53.842] [EXEC] [EXEC] FORCE EXIT price=81861.70
[20:11:53.843] [EXEC] [EXEC] PLACE SELL price=81861.70 qty=0.012190
[20:11:54.105] [EXEC] [EXEC] PANIC START price=81861.70
[20:11:54.107] [EXEC] [EXEC] SELL ORDER SENT orderId=383515874
[20:11:55.349] [EXEC] [EXEC] FIFO CLOSE qty=0.012190 entry=82006.09 exit=81861.70 pnl=-1.760114
[20:11:55.353] [EXEC] [EXEC] CHUNK DRAINED
[20:11:55.356] [EXEC] [EXEC] REALIZED pnl=-1.760114
[20:11:55.358] [EXEC] [EXEC] SELL ACCOUNTING RESET flat
[20:11:55.361] [EXEC] [EXEC] CYCLE CLOSED pnl=-1.760114
[20:11:55.364] [EXEC] [EXEC] SESSION realized=-1.867564 wins=3 losses=4
[20:11:55.366] [EXEC] [EXEC] SELL ACCOUNTING RESET flat
[20:11:55.369] [EXEC] [EXEC] CYCLE SKIP no_fifo_pnl
[20:11:55.371] [EXEC] [EXEC] SELL FILLED id=383515874
[20:11:55.374] [EXEC] [EXEC] SELL FILLED qty=0.012190 remaining=0.000000
[20:11:55.377] [EXEC] [EXEC] SELL ACCOUNTING RESET inventory_drained
[20:11:55.380] [EXEC] [EXEC] INVENTORY DRAINED epsilon_cleanup qty=0.000000
[20:11:55.382] [EXEC] [EXEC] SELL ACCOUNTING RESET flat
[20:11:55.384] [EXEC] [EXEC] CYCLE SKIP no_fifo_pnl
[20:11:56.227] [EXEC] [EXEC] SELL ACCOUNTING RESET new_cycle
[20:11:56.231] [EXEC] [EXEC] BUY ORDER SENT orderId=383516359 price=81872.64 qty=0.012210
[20:11:56.232] [EXEC] [EXEC] PLACE BUY price=81872.64 qty=0.012210
[20:11:56.779] [EXEC] [EXEC] BUY FILL UPDATE delta=0.012210 avg=81872.64
[20:11:56.782] [EXEC] [EXEC] CHUNK ADD qty=0.012210 entry=81872.64
[20:11:56.785] [EXEC] [EXEC] CHUNK COUNT n=1
[20:11:56.787] [EXEC] [EXEC] INVENTORY qty=0.012210
[20:11:56.790] [EXEC] [EXEC] SELL REQUIRED inventory=0.012210
[20:11:57.758] [EXEC] [EXEC] SELL CHECK inventory=0.012210 reported=0.000000 remaining=0.012210 chunks=1
[20:11:57.761] [EXEC] [EXEC] PLACE SELL price=81872.68 qty=0.012210
[20:11:58.030] [EXEC] [EXEC] SELL ORDER SENT orderId=383516689
[20:11:59.614] [EXEC] [EXEC] RECOVERY WAIT hard_sl_pending_recovery
[20:12:00.781] [EXEC] [EXEC] SELL TIMEOUT orderId=383516689
[20:12:00.785] [EXEC] [EXEC] CANCEL SELL orderId=383516689
[20:12:01.306] [EXEC] [EXEC] SELL FINAL STATUS status=CANCELED orderId=383516689
[20:12:01.310] [EXEC] [EXEC] SELL TIMEOUT check fast_exit
[20:12:01.311] [EXEC] [EXEC] FORCE EXIT hard_sl_triggered
[20:12:01.312] [EXEC] [EXEC] HARD SL triggered
[20:12:01.313] [EXEC] [EXEC] PANIC EXIT sl_mode
[20:12:01.314] [EXEC] [EXEC] FORCE EXIT price=81835.75
[20:12:01.315] [EXEC] [EXEC] PLACE SELL price=81835.75 qty=0.012210
[20:12:01.575] [EXEC] [EXEC] PANIC START price=81835.75
[20:12:01.579] [EXEC] [EXEC] SELL ORDER SENT orderId=383517042
[20:12:02.714] [EXEC] [EXEC] FIFO CLOSE qty=0.012210 entry=81872.64 exit=81835.75 pnl=-0.450427
[20:12:02.716] [EXEC] [EXEC] CHUNK DRAINED
[20:12:02.717] [EXEC] [EXEC] REALIZED pnl=-0.450427
[20:12:02.718] [EXEC] [EXEC] SELL ACCOUNTING RESET flat
[20:12:02.720] [EXEC] [EXEC] CYCLE CLOSED pnl=-0.450427
[20:12:02.723] [EXEC] [EXEC] SESSION realized=-2.317991 wins=3 losses=5
[20:12:03.067] [EXEC] [EXEC] SELL ACCOUNTING RESET new_cycle
[20:12:03.070] [EXEC] [EXEC] BUY ORDER SENT orderId=383517341 price=81862.73 qty=0.012210
[20:12:03.073] [EXEC] [EXEC] PLACE BUY price=81862.73 qty=0.012210
[20:12:04.177] [EXEC] [EXEC] BUY FILL UPDATE delta=0.012210 avg=81862.73
[20:12:04.181] [EXEC] [EXEC] CHUNK ADD qty=0.012210 entry=81862.73
[20:12:04.183] [EXEC] [EXEC] CHUNK COUNT n=1
[20:12:04.186] [EXEC] [EXEC] INVENTORY qty=0.012210
[20:12:04.189] [EXEC] [EXEC] SELL REQUIRED inventory=0.012210
[20:12:04.449] [EXEC] [EXEC] SELL CHECK inventory=0.012210 reported=0.000000 remaining=0.012210 chunks=1
[20:12:04.452] [EXEC] [EXEC] PLACE SELL price=81865.59 qty=0.012210
[20:12:04.719] [EXEC] [EXEC] SELL ORDER SENT orderId=383517543
[20:12:05.894] [EXEC] [EXEC] FIFO CLOSE qty=0.012210 entry=81862.73 exit=81865.59 pnl=+0.034921
[20:12:05.897] [EXEC] [EXEC] CHUNK DRAINED
[20:12:05.899] [EXEC] [EXEC] REALIZED pnl=+0.034921
[20:12:05.900] [EXEC] [EXEC] SELL ACCOUNTING RESET flat
[20:12:05.901] [EXEC] [EXEC] CYCLE CLOSED pnl=+0.034921
[20:12:05.902] [EXEC] [EXEC] SESSION realized=-2.283070 wins=4 losses=5
[20:12:05.903] [EXEC] [EXEC] SELL ACCOUNTING RESET flat
[20:12:05.904] [EXEC] [EXEC] CYCLE SKIP no_fifo_pnl
[20:12:05.905] [EXEC] [EXEC] SELL FILLED id=383517543
[20:12:05.906] [EXEC] [EXEC] SELL FILLED qty=0.012210 remaining=0.000000
[20:12:05.907] [EXEC] [EXEC] SELL ACCOUNTING RESET inventory_drained
[20:12:05.908] [EXEC] [EXEC] INVENTORY DRAINED epsilon_cleanup qty=0.000000
[20:12:05.909] [EXEC] [EXEC] SELL ACCOUNTING RESET flat
[20:12:05.910] [EXEC] [EXEC] CYCLE SKIP no_fifo_pnl
[20:12:06.839] [EXEC] [EXEC] SELL ACCOUNTING RESET new_cycle
[20:12:06.843] [EXEC] [EXEC] BUY ORDER SENT orderId=383517775 price=81843.64 qty=0.012210
[20:12:06.844] [EXEC] [EXEC] PLACE BUY price=81843.64 qty=0.012210
[20:12:07.896] [EXEC] [EXEC] BUY FILL UPDATE delta=0.012210 avg=81843.64
[20:12:07.900] [EXEC] [EXEC] CHUNK ADD qty=0.012210 entry=81843.64
[20:12:07.902] [EXEC] [EXEC] CHUNK COUNT n=1
[20:12:07.905] [EXEC] [EXEC] INVENTORY qty=0.012210
[20:12:07.907] [EXEC] [EXEC] SELL REQUIRED inventory=0.012210
[20:12:09.083] [EXEC] [EXEC] SELL CHECK inventory=0.012210 reported=0.000000 remaining=0.012210 chunks=1
[20:12:09.086] [EXEC] [EXEC] PLACE SELL price=81845.78 qty=0.012210
[20:12:09.391] [EXEC] [EXEC] SELL ORDER SENT orderId=383518114
[20:12:10.349] [EXEC] [EXEC] FIFO CLOSE qty=0.012210 entry=81843.64 exit=81850.92 pnl=+0.088889
[20:12:10.354] [EXEC] [EXEC] CHUNK DRAINED
[20:12:10.357] [EXEC] [EXEC] REALIZED pnl=+0.088889
[20:12:10.359] [EXEC] [EXEC] SELL ACCOUNTING RESET flat
[20:12:10.361] [EXEC] [EXEC] CYCLE CLOSED pnl=+0.088889
[20:12:10.364] [EXEC] [EXEC] SESSION realized=-2.194182 wins=5 losses=5
[20:12:10.366] [EXEC] [EXEC] SELL ACCOUNTING RESET flat
[20:12:10.368] [EXEC] [EXEC] CYCLE SKIP no_fifo_pnl
[20:12:10.369] [EXEC] [EXEC] SELL FILLED id=383518114
[20:12:10.370] [EXEC] [EXEC] SELL FILLED qty=0.012210 remaining=0.000000
[20:12:10.371] [EXEC] [EXEC] SELL ACCOUNTING RESET inventory_drained
[20:12:10.372] [EXEC] [EXEC] INVENTORY DRAINED epsilon_cleanup qty=0.000000
[20:12:10.373] [EXEC] [EXEC] SELL ACCOUNTING RESET flat
[20:12:10.374] [EXEC] [EXEC] CYCLE SKIP no_fifo_pnl
[20:12:11.907] [EXEC] [EXEC] SELL ACCOUNTING RESET new_cycle
[20:12:11.913] [EXEC] [EXEC] BUY ORDER SENT orderId=383518594 price=81890.78 qty=0.012210
[20:12:11.915] [EXEC] [EXEC] PLACE BUY price=81890.78 qty=0.012210
[20:12:12.444] [EXEC] [EXEC] BUY FILL UPDATE delta=0.012210 avg=81890.78
[20:12:12.448] [EXEC] [EXEC] CHUNK ADD qty=0.012210 entry=81890.78
[20:12:12.450] [EXEC] [EXEC] CHUNK COUNT n=1
[20:12:12.452] [EXEC] [EXEC] INVENTORY qty=0.012210
[20:12:12.454] [EXEC] [EXEC] SELL REQUIRED inventory=0.012210
[20:12:12.874] [EXEC] [EXEC] SELL CHECK inventory=0.012210 reported=0.000000 remaining=0.012210 chunks=1
[20:12:12.878] [EXEC] [EXEC] PLACE SELL price=81890.82 qty=0.012210
[20:12:13.155] [EXEC] [EXEC] SELL ORDER SENT orderId=383518853
[20:12:15.310] [EXEC] [EXEC] STOP with open inventory qty=0.012210
[20:19:07.191] [EXEC] [EXEC] LIVE ON
[20:19:07.191] [EXEC] [EXEC] WAIT READY
[20:19:07.191] [EXEC] [EXEC] BLOCK reason=market_health_bad
[20:19:08.519] [EXEC] [EXEC] SELL ACCOUNTING RESET new_cycle
[20:19:08.519] [EXEC] [EXEC] BUY ORDER SENT orderId=383535969 price=81908.01 qty=0.012200
[20:19:08.535] [EXEC] [EXEC] PLACE BUY price=81908.01 qty=0.012200
[20:19:12.361] [EXEC] [EXEC] BUY TIMEOUT orderId=383535969
[20:19:12.361] [EXEC] [EXEC] CANCEL BUY orderId=383535969
[20:19:12.642] [EXEC] [EXEC] BUY CANCELED confirmed
[20:19:12.910] [EXEC] [EXEC] BUY FINAL STATUS status=CANCELED orderId=383535969
[20:19:12.910] [EXEC] [EXEC] BLOCK reason=buy_not_filled
[20:19:17.330] [EXEC] [EXEC] SELL ACCOUNTING RESET new_cycle
[20:19:17.345] [EXEC] [EXEC] BUY ORDER SENT orderId=383536207 price=81922.42 qty=0.012200
[20:19:17.345] [EXEC] [EXEC] PLACE BUY price=81922.42 qty=0.012200
[20:19:17.892] [EXEC] [EXEC] BUY FILL UPDATE delta=0.012200 avg=81922.42
[20:19:17.892] [EXEC] [EXEC] CHUNK ADD qty=0.012200 entry=81922.42
[20:19:17.892] [EXEC] [EXEC] CHUNK COUNT n=1
[20:19:17.892] [EXEC] [EXEC] INVENTORY qty=0.012200
[20:19:17.892] [EXEC] [EXEC] SELL REQUIRED inventory=0.012200
[20:19:18.186] [EXEC] [EXEC] SELL CHECK inventory=0.012200 reported=0.000000 remaining=0.012200 chunks=1
[20:19:18.186] [EXEC] [EXEC] PLACE SELL price=81927.98 qty=0.012200
[20:19:18.468] [EXEC] [EXEC] SELL ORDER SENT orderId=383536274
[20:19:19.392] [EXEC] [EXEC] RECOVERY WAIT hard_sl_pending_recovery
[20:19:20.908] [EXEC] [EXEC] RECOVERY WAIT hard_sl_pending_recovery
[20:19:21.175] [EXEC] [EXEC] FIFO CLOSE qty=0.012200 entry=81922.42 exit=81927.98 pnl=+0.067832
[20:19:21.175] [EXEC] [EXEC] CHUNK DRAINED
[20:19:21.175] [EXEC] [EXEC] REALIZED pnl=+0.067832
[20:19:21.175] [EXEC] [EXEC] SELL ACCOUNTING RESET flat
[20:19:21.175] [EXEC] [EXEC] CYCLE CLOSED pnl=+0.067832
[20:19:21.175] [EXEC] [EXEC] SESSION realized=+0.067832 wins=1 losses=0
[20:19:21.175] [EXEC] [EXEC] SELL ACCOUNTING RESET flat
[20:19:21.175] [EXEC] [EXEC] CYCLE SKIP no_fifo_pnl
[20:19:21.175] [EXEC] [EXEC] SELL FILLED id=383536274
[20:19:21.175] [EXEC] [EXEC] SELL FILLED qty=0.012200 remaining=0.000000
[20:19:21.175] [EXEC] [EXEC] SELL ACCOUNTING RESET inventory_drained
[20:19:21.175] [EXEC] [EXEC] INVENTORY DRAINED epsilon_cleanup qty=0.000000
[20:19:21.191] [EXEC] [EXEC] SELL ACCOUNTING RESET flat
[20:19:21.191] [EXEC] [EXEC] CYCLE SKIP no_fifo_pnl
[20:19:23.079] [EXEC] [EXEC] SELL ACCOUNTING RESET new_cycle
[20:19:23.080] [EXEC] [EXEC] BUY ORDER SENT orderId=383536415 price=81928.51 qty=0.012200
[20:19:23.084] [EXEC] [EXEC] PLACE BUY price=81928.51 qty=0.012200
[20:19:23.452] [EXEC] [EXEC] BUY FILL UPDATE delta=0.012200 avg=81928.51
[20:19:23.452] [EXEC] [EXEC] CHUNK ADD qty=0.012200 entry=81928.51
[20:19:23.452] [EXEC] [EXEC] CHUNK COUNT n=1
[20:19:23.452] [EXEC] [EXEC] INVENTORY qty=0.012200
[20:19:23.452] [EXEC] [EXEC] SELL REQUIRED inventory=0.012200
[20:19:23.452] [EXEC] [EXEC] BUY PARTIAL delta=0.012200 total=0.012200
[20:19:23.452] [EXEC] [EXEC] BUY REMAINING qty=0.000000
[20:19:23.452] [EXEC] [EXEC] BUY FILLED id=383536415
[20:19:24.938] [EXEC] [EXEC] SELL CHECK inventory=0.012200 reported=0.000000 remaining=0.012200 chunks=1
[20:19:24.938] [EXEC] [EXEC] PLACE SELL price=81933.97 qty=0.012200
[20:19:25.204] [EXEC] [EXEC] SELL ORDER SENT orderId=383536481
[20:19:26.313] [EXEC] [EXEC] RECOVERY WAIT hard_sl_pending_recovery
[20:19:27.188] [EXEC] [EXEC] RECOVERY WAIT hard_sl_pending_recovery
[20:19:28.313] [EXEC] [EXEC] SELL TIMEOUT orderId=383536481
[20:19:28.313] [EXEC] [EXEC] CANCEL SELL orderId=383536481
[20:19:28.844] [EXEC] [EXEC] SELL FINAL STATUS status=CANCELED orderId=383536481
[20:19:28.853] [EXEC] [EXEC] SELL TIMEOUT check fast_exit
[20:19:28.854] [EXEC] [EXEC] FORCE EXIT hard_sl_triggered
[20:19:28.856] [EXEC] [EXEC] HARD SL triggered
[20:19:28.856] [EXEC] [EXEC] PANIC EXIT sl_mode
[20:19:28.856] [EXEC] [EXEC] FORCE EXIT price=81932.96
[20:19:28.862] [EXEC] [EXEC] PLACE SELL price=81932.96 qty=0.012200
[20:19:29.141] [EXEC] [EXEC] PANIC START price=81932.96
[20:19:29.141] [EXEC] [EXEC] SELL ORDER SENT orderId=383536521
[20:19:30.451] [EXEC] [EXEC] FIFO CLOSE qty=0.012200 entry=81928.51 exit=81932.96 pnl=+0.054290
[20:19:30.454] [EXEC] [EXEC] CHUNK DRAINED
[20:19:30.457] [EXEC] [EXEC] REALIZED pnl=+0.054290
[20:19:30.459] [EXEC] [EXEC] SELL ACCOUNTING RESET flat
[20:19:30.461] [EXEC] [EXEC] CYCLE CLOSED pnl=+0.054290
[20:19:30.464] [EXEC] [EXEC] SESSION realized=+0.122122 wins=2 losses=0
[20:19:30.466] [EXEC] [EXEC] SELL ACCOUNTING RESET flat
[20:19:30.467] [EXEC] [EXEC] CYCLE SKIP no_fifo_pnl
[20:19:30.469] [EXEC] [EXEC] SELL FILLED id=383536521
[20:19:30.470] [EXEC] [EXEC] SELL FILLED qty=0.012200 remaining=0.000000
[20:19:30.471] [EXEC] [EXEC] SELL ACCOUNTING RESET inventory_drained
[20:19:30.472] [EXEC] [EXEC] INVENTORY DRAINED epsilon_cleanup qty=0.000000
[20:19:30.473] [EXEC] [EXEC] SELL ACCOUNTING RESET flat
[20:19:30.474] [EXEC] [EXEC] CYCLE SKIP no_fifo_pnl
[20:19:31.779] [EXEC] [EXEC] SELL ACCOUNTING RESET new_cycle
[20:19:31.780] [EXEC] [EXEC] BUY ORDER SENT orderId=383536552 price=81932.00 qty=0.012200
[20:19:31.786] [EXEC] [EXEC] PLACE BUY price=81932.00 qty=0.012200
[20:19:32.634] [EXEC] [EXEC] BUY FILL UPDATE delta=0.005920 avg=81932.00
[20:19:32.638] [EXEC] [EXEC] CHUNK ADD qty=0.005920 entry=81932.00
[20:19:32.641] [EXEC] [EXEC] CHUNK COUNT n=1
[20:19:32.641] [EXEC] [EXEC] INVENTORY qty=0.005920
[20:19:32.641] [EXEC] [EXEC] SELL REQUIRED inventory=0.005920
[20:19:32.641] [EXEC] [EXEC] BUY PARTIAL delta=0.005920 total=0.005920
[20:19:32.646] [EXEC] [EXEC] BUY REMAINING qty=0.006280
[20:19:33.876] [EXEC] [EXEC] SELL CHECK inventory=0.005920 reported=0.000000 remaining=0.005920 chunks=1
[20:19:33.879] [EXEC] [EXEC] PLACE SELL price=81957.43 qty=0.005920
[20:19:34.163] [EXEC] [EXEC] SELL ORDER SENT orderId=383536744
[20:19:37.247] [EXEC] [EXEC] SELL TIMEOUT orderId=383536744
[20:19:37.252] [EXEC] [EXEC] CANCEL SELL orderId=383536744
[20:19:37.843] [EXEC] [EXEC] SELL FINAL STATUS status=CANCELED orderId=383536744
[20:19:37.847] [EXEC] [EXEC] SELL TIMEOUT check fast_exit
[20:19:37.850] [EXEC] [EXEC] FAST SAFE EXIT price=81946.01 entry=81932.00 bid=81946.00
[20:19:37.853] [EXEC] [EXEC] SELL REPRICE old=81957.43 new=81957.42 count=1
[20:19:37.853] [EXEC] [EXEC] SELL REPLACE remaining=0.005920
[20:19:37.855] [EXEC] [EXEC] PLACE SELL price=81957.42 qty=0.005920
[20:19:38.125] [EXEC] [EXEC] SELL ORDER SENT orderId=383536842
[20:19:40.501] [EXEC] [EXEC] SELL TIMEOUT orderId=383536842
[20:19:40.504] [EXEC] [EXEC] CANCEL SELL orderId=383536842
[20:19:41.049] [EXEC] [EXEC] SELL FINAL STATUS status=CANCELED orderId=383536842
[20:19:41.051] [EXEC] [EXEC] SELL TIMEOUT check fast_exit
[20:19:41.051] [EXEC] [EXEC] FAST SAFE EXIT price=81938.01 entry=81932.00 bid=81938.00
[20:19:41.055] [EXEC] [EXEC] SELL REPRICE old=81957.42 new=81957.41 count=2
[20:19:41.057] [EXEC] [EXEC] SELL REPLACE remaining=0.005920
[20:19:41.058] [EXEC] [EXEC] PLACE SELL price=81957.41 qty=0.005920
[20:19:41.328] [EXEC] [EXEC] SELL ORDER SENT orderId=383536973
[20:19:43.761] [EXEC] [EXEC] SELL TIMEOUT orderId=383536973
[20:19:43.765] [EXEC] [EXEC] CANCEL SELL orderId=383536973
[20:19:44.417] [EXEC] [EXEC] SELL FINAL STATUS status=CANCELED orderId=383536973
[20:19:44.418] [EXEC] [EXEC] SELL TIMEOUT check fast_exit
[20:19:44.418] [EXEC] [EXEC] FAST SAFE EXIT price=81938.01 entry=81932.00 bid=81938.00
[20:19:44.422] [EXEC] [EXEC] SELL REPRICE old=81957.41 new=81957.40 count=3
[20:19:44.423] [EXEC] [EXEC] SELL REPLACE remaining=0.005920
[20:19:44.424] [EXEC] [EXEC] PLACE SELL price=81957.40 qty=0.005920
[20:19:44.750] [EXEC] [EXEC] SELL ORDER SENT orderId=383536996
[20:19:46.263] [EXEC] [EXEC] SELL TIMEOUT orderId=383536996
[20:19:46.266] [EXEC] [EXEC] CANCEL SELL orderId=383536996
[20:19:46.807] [EXEC] [EXEC] SELL FINAL STATUS status=CANCELED orderId=383536996
[20:19:46.811] [EXEC] [EXEC] SELL TIMEOUT check fast_exit
[20:19:46.814] [EXEC] [EXEC] FAST SAFE EXIT price=81932.04 entry=81932.00 bid=81932.03
[20:19:46.816] [EXEC] [EXEC] SELL REPRICE old=81957.40 new=81957.39 count=4
[20:19:46.818] [EXEC] [EXEC] SELL REPLACE remaining=0.005920
[20:19:46.821] [EXEC] [EXEC] PLACE SELL price=81957.39 qty=0.005920
[20:19:47.085] [EXEC] [EXEC] SELL ORDER SENT orderId=383537052
[20:19:50.767] [EXEC] [EXEC] SELL TIMEOUT orderId=383537052
[20:19:50.771] [EXEC] [EXEC] CANCEL SELL orderId=383537052
[20:19:51.338] [EXEC] [EXEC] SELL FINAL STATUS status=CANCELED orderId=383537052
[20:19:51.342] [EXEC] [EXEC] SELL TIMEOUT check fast_exit
[20:19:51.345] [EXEC] [EXEC] FAST SAFE EXIT price=81932.05 entry=81932.00 bid=81932.04
[20:19:51.347] [EXEC] [EXEC] SELL REPRICE old=81957.39 new=81957.38 count=5
[20:19:51.349] [EXEC] [EXEC] SELL REPLACE remaining=0.005920
[20:19:51.349] [EXEC] [EXEC] PLACE SELL price=81957.38 qty=0.005920
[20:19:51.656] [EXEC] [EXEC] SELL ORDER SENT orderId=383537083
[20:19:53.322] [EXEC] [EXEC] SELL TIMEOUT orderId=383537083
[20:19:53.326] [EXEC] [EXEC] CANCEL SELL orderId=383537083
[20:19:53.865] [EXEC] [EXEC] SELL FINAL STATUS status=CANCELED orderId=383537083
[20:19:53.868] [EXEC] [EXEC] SELL TIMEOUT check fast_exit
[20:19:53.870] [EXEC] [EXEC] FAST SAFE EXIT price=81932.05 entry=81932.00 bid=81932.04
[20:19:53.871] [EXEC] [EXEC] SELL REPRICE old=81957.38 new=81957.37 count=6
[20:19:53.872] [EXEC] [EXEC] SELL REPLACE remaining=0.005920
[20:19:53.873] [EXEC] [EXEC] PLACE SELL price=81957.37 qty=0.005920
[20:19:54.163] [EXEC] [EXEC] SELL ORDER SENT orderId=383537097
[20:19:56.502] [EXEC] [EXEC] SELL TIMEOUT orderId=383537097
[20:19:56.505] [EXEC] [EXEC] CANCEL SELL orderId=383537097
[20:19:57.049] [EXEC] [EXEC] SELL FINAL STATUS status=CANCELED orderId=383537097
[20:19:57.052] [EXEC] [EXEC] SELL TIMEOUT check fast_exit
[20:19:57.055] [EXEC] [EXEC] FAST SAFE EXIT price=81932.07 entry=81932.00 bid=81932.06
[20:19:57.059] [EXEC] [EXEC] SELL REPRICE old=81957.37 new=81957.36 count=7
[20:19:57.061] [EXEC] [EXEC] SELL REPLACE remaining=0.005920
[20:19:57.063] [EXEC] [EXEC] PLACE SELL price=81957.36 qty=0.005920
[20:19:57.338] [EXEC] [EXEC] SELL ORDER SENT orderId=383537134
[20:20:00.114] [EXEC] [EXEC] SELL TIMEOUT orderId=383537134
[20:20:00.117] [EXEC] [EXEC] CANCEL SELL orderId=383537134
[20:20:00.673] [EXEC] [EXEC] SELL FINAL STATUS status=CANCELED orderId=383537134
[20:20:00.677] [EXEC] [EXEC] SELL TIMEOUT check fast_exit
[20:20:00.679] [EXEC] [EXEC] FAST SAFE EXIT price=81932.02 entry=81932.00 bid=81932.01
[20:20:00.680] [EXEC] [EXEC] SELL REPRICE old=81957.36 new=81957.35 count=8
[20:20:00.681] [EXEC] [EXEC] SELL REPLACE remaining=0.005920
[20:20:00.682] [EXEC] [EXEC] PLACE SELL price=81957.35 qty=0.005920
[20:20:00.950] [EXEC] [EXEC] SELL ORDER SENT orderId=383537174
[20:20:03.040] [EXEC] [EXEC] SELL TIMEOUT orderId=383537174
[20:20:03.044] [EXEC] [EXEC] CANCEL SELL orderId=383537174
[20:20:03.602] [EXEC] [EXEC] SELL FINAL STATUS status=CANCELED orderId=383537174
[20:20:03.605] [EXEC] [EXEC] SELL TIMEOUT check fast_exit
[20:20:03.609] [EXEC] [EXEC] FAST SAFE EXIT price=81946.01 entry=81932.00 bid=81946.00
[20:20:03.611] [EXEC] [EXEC] SELL REPRICE old=81957.35 new=81957.34 count=9
[20:20:03.613] [EXEC] [EXEC] SELL REPLACE remaining=0.005920
[20:20:03.615] [EXEC] [EXEC] PLACE SELL price=81957.34 qty=0.005920
[20:20:03.890] [EXEC] [EXEC] SELL ORDER SENT orderId=383537290
[20:20:06.789] [EXEC] [EXEC] SELL TIMEOUT orderId=383537290
[20:20:06.792] [EXEC] [EXEC] CANCEL SELL orderId=383537290
[20:20:07.352] [EXEC] [EXEC] SELL FINAL STATUS status=CANCELED orderId=383537290
[20:20:07.355] [EXEC] [EXEC] SELL TIMEOUT check fast_exit
[20:20:07.358] [EXEC] [EXEC] FAST SAFE EXIT price=81946.01 entry=81932.00 bid=81946.00
[20:20:07.360] [EXEC] [EXEC] SELL REPRICE old=81957.34 new=81957.33 count=10
[20:20:07.361] [EXEC] [EXEC] SELL REPLACE remaining=0.005920
[20:20:07.364] [EXEC] [EXEC] PLACE SELL price=81957.33 qty=0.005920
[20:20:07.654] [EXEC] [EXEC] SELL ORDER SENT orderId=383537403
[20:20:10.364] [EXEC] [EXEC] SELL TIMEOUT orderId=383537403
[20:20:10.370] [EXEC] [EXEC] CANCEL SELL orderId=383537403
[20:20:10.930] [EXEC] [EXEC] SELL FINAL STATUS status=CANCELED orderId=383537403
[20:20:10.935] [EXEC] [EXEC] SELL TIMEOUT check fast_exit
[20:20:10.937] [EXEC] [EXEC] FAST SAFE EXIT price=81946.04 entry=81932.00 bid=81946.03
[20:20:10.940] [EXEC] [EXEC] SELL REPRICE old=81957.33 new=81957.32 count=11
[20:20:10.942] [EXEC] [EXEC] SELL REPLACE remaining=0.005920
[20:20:10.944] [EXEC] [EXEC] PLACE SELL price=81957.32 qty=0.005920
[20:20:11.235] [EXEC] [EXEC] SELL ORDER SENT orderId=383537543
[20:20:12.875] [EXEC] [EXEC] SELL TIMEOUT orderId=383537543
[20:20:12.879] [EXEC] [EXEC] CANCEL SELL orderId=383537543
[20:20:13.454] [EXEC] [EXEC] SELL FINAL STATUS status=CANCELED orderId=383537543
[20:20:13.459] [EXEC] [EXEC] SELL TIMEOUT check fast_exit
[20:20:13.461] [EXEC] [EXEC] FAST SAFE EXIT price=81932.85 entry=81932.00 bid=81932.84
[20:20:13.463] [EXEC] [EXEC] SELL REPRICE old=81957.32 new=81957.31 count=12
[20:20:13.465] [EXEC] [EXEC] SELL REPLACE remaining=0.005920
[20:20:13.466] [EXEC] [EXEC] PLACE SELL price=81957.31 qty=0.005920
[20:20:13.728] [EXEC] [EXEC] SELL ORDER SENT orderId=383537724
[20:20:15.638] [EXEC] [EXEC] RECOVERY WAIT hard_sl_pending_recovery
[20:20:15.912] [EXEC] [EXEC] SELL TIMEOUT orderId=383537724
[20:20:15.916] [EXEC] [EXEC] CANCEL SELL orderId=383537724
[20:20:16.447] [EXEC] [EXEC] SELL FINAL STATUS status=CANCELED orderId=383537724
[20:20:16.451] [EXEC] [EXEC] SELL TIMEOUT check fast_exit
[20:20:16.456] [EXEC] [EXEC] FORCE EXIT hard_sl_triggered
[20:20:16.458] [EXEC] [EXEC] HARD SL triggered
[20:20:16.461] [EXEC] [EXEC] PANIC EXIT sl_mode
[20:20:16.464] [EXEC] [EXEC] FORCE EXIT price=81928.35
[20:20:16.465] [EXEC] [EXEC] PLACE SELL price=81928.35 qty=0.005920
[20:20:16.731] [EXEC] [EXEC] PANIC START price=81928.35
[20:20:16.734] [EXEC] [EXEC] SELL ORDER SENT orderId=383537837
[20:20:19.682] [EXEC] [EXEC] PANIC WAIT still_open orderId=383537837
[20:20:19.686] [EXEC] [EXEC] PANIC HOLD active orderId=383537837
[20:20:22.937] [EXEC] [EXEC] PANIC WAIT still_open orderId=383537837
[20:20:22.937] [EXEC] [EXEC] PANIC HOLD active orderId=383537837
[20:20:26.938] [EXEC] [EXEC] PANIC WAIT still_open orderId=383537837
[20:20:26.938] [EXEC] [EXEC] PANIC HOLD active orderId=383537837
[20:20:28.421] [EXEC] [EXEC] PANIC HOLD active orderId=383537837
[20:20:30.202] [EXEC] [EXEC] PANIC WAIT still_open orderId=383537837
[20:20:30.202] [EXEC] [EXEC] PANIC HOLD active orderId=383537837
[20:20:34.576] [EXEC] [EXEC] PANIC WAIT still_open orderId=383537837
[20:20:34.576] [EXEC] [EXEC] PANIC HOLD active orderId=383537837
[20:20:36.995] [EXEC] [EXEC] PANIC STALE detected orderId=383537837
[20:20:36.995] [EXEC] [EXEC] PANIC ESCALATE old=81928.35 new=81890.00 qty=0.005920
[20:20:37.795] [EXEC] [EXEC] PANIC ESCALATE placed orderId=383538360
[20:20:41.170] [EXEC] [EXEC] PANIC WAIT still_open orderId=383538360
[20:20:41.170] [EXEC] [EXEC] PANIC HOLD active orderId=383538360
[20:20:41.994] [EXEC] [EXEC] PANIC HOLD active orderId=383538360
[20:20:44.070] [EXEC] [EXEC] FIFO CLOSE qty=0.005920 entry=81932.00 exit=81890.00 pnl=-0.248640
[20:20:44.071] [EXEC] [EXEC] CHUNK DRAINED
[20:20:44.076] [EXEC] [EXEC] REALIZED pnl=-0.248640
[20:20:44.076] [EXEC] [EXEC] SELL ACCOUNTING RESET flat
[20:20:44.081] [EXEC] [EXEC] CYCLE CLOSED pnl=-0.248640
[20:20:44.084] [EXEC] [EXEC] SESSION realized=-0.126518 wins=2 losses=1
[20:20:44.573] [EXEC] [EXEC] SELL ACCOUNTING RESET new_cycle
[20:20:44.573] [EXEC] [EXEC] BUY ORDER SENT orderId=383538621 price=81877.48 qty=0.012210
[20:20:44.573] [EXEC] [EXEC] PLACE BUY price=81877.48 qty=0.012210
[20:20:50.091] [EXEC] [EXEC] BUY TIMEOUT orderId=383538621
[20:20:50.091] [EXEC] [EXEC] CANCEL BUY orderId=383538621
[20:20:50.341] [EXEC] [EXEC] BUY CANCELED confirmed
[20:20:50.622] [EXEC] [EXEC] BUY FINAL STATUS status=CANCELED orderId=383538621
[20:20:50.622] [EXEC] [EXEC] BLOCK reason=buy_not_filled
[20:20:52.605] [EXEC] [EXEC] SELL ACCOUNTING RESET new_cycle
[20:20:52.605] [EXEC] [EXEC] BUY ORDER SENT orderId=383538920 price=81879.51 qty=0.012210
[20:20:52.605] [EXEC] [EXEC] PLACE BUY price=81879.51 qty=0.012210
[20:20:56.378] [EXEC] [EXEC] BUY TIMEOUT orderId=383538920
[20:20:56.378] [EXEC] [EXEC] CANCEL BUY orderId=383538920
[20:20:56.659] [EXEC] [EXEC] BUY CANCELED confirmed
[20:20:56.926] [EXEC] [EXEC] BUY FINAL STATUS status=CANCELED orderId=383538920
[20:20:56.926] [EXEC] [EXEC] BLOCK reason=buy_not_filled
[20:20:58.595] [EXEC] [EXEC] SELL ACCOUNTING RESET new_cycle
[20:20:58.610] [EXEC] [EXEC] BUY ORDER SENT orderId=383539111 price=81881.55 qty=0.012210
[20:20:58.610] [EXEC] [EXEC] PLACE BUY price=81881.55 qty=0.012210
[20:21:00.407] [EXEC] [EXEC] BUY FILL UPDATE delta=0.012210 avg=81881.55
[20:21:00.407] [EXEC] [EXEC] CHUNK ADD qty=0.012210 entry=81881.55
[20:21:00.423] [EXEC] [EXEC] CHUNK COUNT n=1
[20:21:00.423] [EXEC] [EXEC] INVENTORY qty=0.012210
[20:21:00.423] [EXEC] [EXEC] SELL REQUIRED inventory=0.012210
[20:21:00.423] [EXEC] [EXEC] BUY PARTIAL delta=0.012210 total=0.012210
[20:21:00.423] [EXEC] [EXEC] BUY REMAINING qty=0.000000
[20:21:00.423] [EXEC] [EXEC] BUY FILLED id=383539111
[20:21:01.689] [EXEC] [EXEC] SELL CHECK inventory=0.012210 reported=0.000000 remaining=0.012210 chunks=1
[20:21:01.689] [EXEC] [EXEC] PLACE SELL price=81881.59 qty=0.012210
[20:21:01.956] [EXEC] [EXEC] SELL ORDER SENT orderId=383539256
[20:21:03.189] [EXEC] [EXEC] RECOVERY WAIT hard_sl_pending_recovery
[20:21:04.689] [EXEC] [EXEC] RECOVERY WAIT hard_sl_pending_recovery
[20:21:04.976] [EXEC] [EXEC] SELL TIMEOUT orderId=383539256
[20:21:04.976] [EXEC] [EXEC] CANCEL SELL orderId=383539256
[20:21:05.673] [EXEC] [EXEC] SELL FINAL STATUS status=CANCELED orderId=383539256
[20:21:05.673] [EXEC] [EXEC] SELL TIMEOUT check fast_exit
[20:21:05.673] [EXEC] [EXEC] FORCE EXIT hard_sl_triggered
[20:21:05.673] [EXEC] [EXEC] HARD SL triggered
[20:21:05.673] [EXEC] [EXEC] PANIC EXIT sl_mode
[20:21:05.673] [EXEC] [EXEC] FORCE EXIT price=81879.25
[20:21:05.673] [EXEC] [EXEC] PLACE SELL price=81879.25 qty=0.012210
[20:21:06.111] [EXEC] [EXEC] PANIC START price=81879.25
[20:21:06.111] [EXEC] [EXEC] SELL ORDER SENT orderId=383539343
[20:21:08.053] [EXEC] [EXEC] PANIC WAIT still_open orderId=383539343
[20:21:08.058] [EXEC] [EXEC] PANIC HOLD active orderId=383539343
[20:21:10.593] [EXEC] [EXEC] PANIC HOLD active orderId=383539343
[20:21:12.532] [EXEC] [EXEC] PANIC WAIT still_open orderId=383539343
[20:21:12.532] [EXEC] [EXEC] PANIC HOLD active orderId=383539343
[20:21:13.453] [EXEC] [EXEC] PANIC HOLD active orderId=383539343
[20:21:15.701] [EXEC] [EXEC] PANIC WAIT still_open orderId=383539343
[20:21:15.701] [EXEC] [EXEC] PANIC HOLD active orderId=383539343
[20:21:17.469] [EXEC] [EXEC] PANIC HOLD active orderId=383539343
[20:21:20.140] [EXEC] [EXEC] PANIC WAIT still_open orderId=383539343
[20:21:20.140] [EXEC] [EXEC] PANIC HOLD active orderId=383539343
[20:21:23.043] [EXEC] [EXEC] PANIC HOLD active orderId=383539343
[20:21:24.593] [EXEC] [EXEC] PANIC WAIT still_open orderId=383539343
[20:21:24.593] [EXEC] [EXEC] PANIC HOLD active orderId=383539343
[20:21:25.546] [EXEC] [EXEC] PANIC STALE detected orderId=383539343
[20:21:25.546] [EXEC] [EXEC] PANIC ESCALATE old=81879.25 new=81847.71 qty=0.012210
[20:21:26.379] [EXEC] [EXEC] PANIC ESCALATE placed orderId=383539995
[20:21:27.514] [EXEC] [EXEC] FIFO CLOSE qty=0.012210 entry=81881.55 exit=81850.01 pnl=-0.385103
[20:21:27.514] [EXEC] [EXEC] CHUNK DRAINED
[20:21:27.514] [EXEC] [EXEC] REALIZED pnl=-0.385103
[20:21:27.514] [EXEC] [EXEC] SELL ACCOUNTING RESET flat
[20:21:27.514] [EXEC] [EXEC] CYCLE CLOSED pnl=-0.385103
[20:21:27.530] [EXEC] [EXEC] SESSION realized=-0.511621 wins=2 losses=2
[20:21:28.107] [EXEC] [EXEC] SELL ACCOUNTING RESET new_cycle
[20:21:28.123] [EXEC] [EXEC] BUY ORDER SENT orderId=383540034 price=81852.01 qty=0.012210
[20:21:28.123] [EXEC] [EXEC] PLACE BUY price=81852.01 qty=0.012210
[20:21:32.604] [EXEC] [EXEC] BUY FILL UPDATE delta=0.012210 avg=81852.01
[20:21:32.604] [EXEC] [EXEC] CHUNK ADD qty=0.012210 entry=81852.01
[20:21:32.604] [EXEC] [EXEC] CHUNK COUNT n=1
[20:21:32.604] [EXEC] [EXEC] INVENTORY qty=0.012210
[20:21:32.604] [EXEC] [EXEC] SELL REQUIRED inventory=0.012210
[20:21:32.619] [EXEC] [EXEC] BUY PARTIAL delta=0.012210 total=0.012210
[20:21:32.619] [EXEC] [EXEC] BUY REMAINING qty=0.000000
[20:21:32.619] [EXEC] [EXEC] BUY FILLED id=383540034
[20:22:20.780] [EXEC] [EXEC] LIVE ON
[20:22:20.780] [EXEC] [EXEC] WAIT READY
[20:22:20.780] [EXEC] [EXEC] BLOCK reason=market_health_bad
[20:22:22.280] [EXEC] [EXEC] SELL ACCOUNTING RESET new_cycle
[20:22:22.295] [EXEC] [EXEC] BUY ORDER SENT orderId=383541689 price=81844.78 qty=0.067200
[20:22:22.295] [EXEC] [EXEC] PLACE BUY price=81844.78 qty=0.067200
[20:22:26.077] [EXEC] [EXEC] BUY TIMEOUT orderId=383541689
[20:22:26.084] [EXEC] [EXEC] CANCEL BUY orderId=383541689
[20:22:26.341] [EXEC] [EXEC] BUY CANCELED confirmed
[20:22:26.606] [EXEC] [EXEC] BUY FINAL STATUS status=CANCELED orderId=383541689
[20:22:26.606] [EXEC] [EXEC] BLOCK reason=buy_not_filled
[20:22:26.937] [EXEC] [EXEC] SELL ACCOUNTING RESET new_cycle
[20:22:26.937] [EXEC] [EXEC] BUY ORDER SENT orderId=383541787 price=81847.36 qty=0.067190
[20:22:26.937] [EXEC] [EXEC] PLACE BUY price=81847.36 qty=0.067190
[20:22:31.137] [EXEC] [EXEC] BUY TIMEOUT orderId=383541787
[20:22:31.137] [EXEC] [EXEC] CANCEL BUY orderId=383541787
[20:22:31.402] [EXEC] [EXEC] BUY CANCELED confirmed
[20:22:31.652] [EXEC] [EXEC] BUY FINAL STATUS status=CANCELED orderId=383541787
[20:22:31.668] [EXEC] [EXEC] BLOCK reason=buy_not_filled
[20:22:31.943] [EXEC] [EXEC] SELL ACCOUNTING RESET new_cycle
[20:22:31.951] [EXEC] [EXEC] BUY ORDER SENT orderId=383541848 price=81849.37 qty=0.067190
[20:22:31.951] [EXEC] [EXEC] PLACE BUY price=81849.37 qty=0.067190
[20:22:34.965] [EXEC] [EXEC] BUY FILL UPDATE delta=0.067190 avg=81849.37
[20:22:34.970] [EXEC] [EXEC] CHUNK ADD qty=0.067190 entry=81849.37
[20:22:34.971] [EXEC] [EXEC] CHUNK COUNT n=1
[20:22:34.971] [EXEC] [EXEC] INVENTORY qty=0.067190
[20:22:34.978] [EXEC] [EXEC] SELL REQUIRED inventory=0.067190
[20:22:34.978] [EXEC] [EXEC] BUY PARTIAL delta=0.067190 total=0.067190
[20:22:34.978] [EXEC] [EXEC] BUY REMAINING qty=0.000000
[20:22:34.983] [EXEC] [EXEC] BUY FILLED id=383541848
[20:22:36.668] [EXEC] [EXEC] SELL CHECK inventory=0.067190 reported=0.000000 remaining=0.067190 chunks=1
[20:22:36.668] [EXEC] [EXEC] PLACE SELL price=81854.16 qty=0.067190
[20:22:36.940] [EXEC] [EXEC] SELL ORDER SENT orderId=383541911
[20:22:37.744] [EXEC] [EXEC] FIFO CLOSE qty=0.067190 entry=81849.37 exit=81854.16 pnl=+0.321840
[20:22:37.744] [EXEC] [EXEC] CHUNK DRAINED
[20:22:37.744] [EXEC] [EXEC] REALIZED pnl=+0.321840
[20:22:37.760] [EXEC] [EXEC] SELL ACCOUNTING RESET flat
[20:22:37.760] [EXEC] [EXEC] CYCLE CLOSED pnl=+0.321840
[20:22:37.760] [EXEC] [EXEC] SESSION realized=+0.321840 wins=1 losses=0
[20:22:37.760] [EXEC] [EXEC] SELL ACCOUNTING RESET flat
[20:22:37.760] [EXEC] [EXEC] CYCLE SKIP no_fifo_pnl
[20:22:37.760] [EXEC] [EXEC] SELL FILLED id=383541911
[20:22:37.760] [EXEC] [EXEC] SELL FILLED qty=0.067190 remaining=0.000000
[20:22:37.760] [EXEC] [EXEC] SELL ACCOUNTING RESET inventory_drained
[20:22:37.760] [EXEC] [EXEC] INVENTORY DRAINED epsilon_cleanup qty=0.000000
[20:22:37.760] [EXEC] [EXEC] SELL ACCOUNTING RESET flat
[20:22:37.775] [EXEC] [EXEC] CYCLE SKIP no_fifo_pnl
[20:22:39.024] [EXEC] [EXEC] SELL ACCOUNTING RESET new_cycle
[20:22:39.024] [EXEC] [EXEC] BUY ORDER SENT orderId=383542040 price=81852.01 qty=0.067190
[20:22:39.024] [EXEC] [EXEC] PLACE BUY price=81852.01 qty=0.067190
[20:22:43.346] [EXEC] [EXEC] BUY TIMEOUT orderId=383542040
[20:22:43.346] [EXEC] [EXEC] CANCEL BUY orderId=383542040
[20:22:43.627] [EXEC] [EXEC] BUY CANCELED confirmed
[20:22:43.894] [EXEC] [EXEC] BUY FINAL STATUS status=CANCELED orderId=383542040
[20:22:43.894] [EXEC] [EXEC] BLOCK reason=buy_not_filled
[20:22:49.878] [EXEC] [EXEC] SELL ACCOUNTING RESET new_cycle
[20:22:49.885] [EXEC] [EXEC] BUY ORDER SENT orderId=383542118 price=81854.06 qty=0.067190
[20:22:49.885] [EXEC] [EXEC] PLACE BUY price=81854.06 qty=0.067190
[20:22:51.708] [EXEC] [EXEC] BUY FILL UPDATE delta=0.002140 avg=81854.06
[20:22:51.709] [EXEC] [EXEC] CHUNK ADD qty=0.002140 entry=81854.06
[20:22:51.711] [EXEC] [EXEC] CHUNK COUNT n=1
[20:22:51.712] [EXEC] [EXEC] INVENTORY qty=0.002140
[20:22:51.713] [EXEC] [EXEC] SELL REQUIRED inventory=0.002140
[20:22:51.714] [EXEC] [EXEC] BUY PARTIAL delta=0.002140 total=0.002140
[20:22:51.715] [EXEC] [EXEC] BUY REMAINING qty=0.065050
[20:22:53.980] [EXEC] [EXEC] SELL CHECK inventory=0.002140 reported=0.000000 remaining=0.002140 chunks=1
[20:22:53.984] [EXEC] [EXEC] PLACE SELL price=81875.50 qty=0.002140
[20:22:54.249] [EXEC] [EXEC] SELL ORDER SENT orderId=383542359
[20:22:55.059] [EXEC] [EXEC] FIFO CLOSE qty=0.002140 entry=81854.06 exit=81875.50 pnl=+0.045882
[20:22:55.061] [EXEC] [EXEC] CHUNK DRAINED
[20:22:55.062] [EXEC] [EXEC] REALIZED pnl=+0.045882
[20:22:55.063] [EXEC] [EXEC] SELL ACCOUNTING RESET flat
[20:22:55.063] [EXEC] [EXEC] CYCLE CLOSED pnl=+0.045882
[20:22:55.064] [EXEC] [EXEC] SESSION realized=+0.367722 wins=2 losses=0
[20:22:55.066] [EXEC] [EXEC] SELL ACCOUNTING RESET flat
[20:22:55.067] [EXEC] [EXEC] CYCLE SKIP no_fifo_pnl
[20:22:55.067] [EXEC] [EXEC] SELL FILLED id=383542359
[20:22:55.068] [EXEC] [EXEC] SELL FILLED qty=0.002140 remaining=0.000000
[20:22:55.068] [EXEC] [EXEC] SELL ACCOUNTING RESET inventory_drained
[20:22:55.069] [EXEC] [EXEC] INVENTORY DRAINED epsilon_cleanup qty=0.000000
[20:22:55.069] [EXEC] [EXEC] SELL ACCOUNTING RESET flat
[20:22:55.070] [EXEC] [EXEC] CYCLE SKIP no_fifo_pnl
[20:22:55.640] [EXEC] [EXEC] SELL ACCOUNTING RESET new_cycle
[20:22:55.647] [EXEC] [EXEC] BUY ORDER SENT orderId=383542426 price=81869.08 qty=0.067180
[20:22:55.650] [EXEC] [EXEC] PLACE BUY price=81869.08 qty=0.067180
[20:22:59.451] [EXEC] [EXEC] BUY FILL UPDATE delta=0.067180 avg=81869.08
[20:22:59.451] [EXEC] [EXEC] CHUNK ADD qty=0.067180 entry=81869.08
[20:22:59.451] [EXEC] [EXEC] CHUNK COUNT n=1
[20:22:59.451] [EXEC] [EXEC] INVENTORY qty=0.067180
[20:22:59.451] [EXEC] [EXEC] SELL REQUIRED inventory=0.067180
[20:23:01.087] [EXEC] [EXEC] SELL CHECK inventory=0.067180 reported=0.000000 remaining=0.067180 chunks=1
[20:23:01.093] [EXEC] [EXEC] PLACE SELL price=81869.12 qty=0.067180
[20:23:01.360] [EXEC] [EXEC] SELL ORDER SENT orderId=383542768
[20:23:01.907] [EXEC] [EXEC] RECOVERY WAIT hard_sl_pending_recovery
[20:23:03.188] [EXEC] [EXEC] RECOVERY WAIT hard_sl_pending_recovery
[20:23:04.124] [EXEC] [EXEC] RECOVERY WAIT hard_sl_pending_recovery
[20:23:04.405] [EXEC] [EXEC] SELL TIMEOUT orderId=383542768
[20:23:04.420] [EXEC] [EXEC] CANCEL SELL orderId=383542768
[20:23:04.939] [EXEC] [EXEC] SELL FINAL STATUS status=CANCELED orderId=383542768
[20:23:04.954] [EXEC] [EXEC] SELL TIMEOUT check fast_exit
[20:23:04.959] [EXEC] [EXEC] FORCE EXIT hard_sl_triggered
[20:23:04.960] [EXEC] [EXEC] HARD SL triggered
[20:23:04.960] [EXEC] [EXEC] PANIC EXIT sl_mode
[20:23:04.960] [EXEC] [EXEC] FORCE EXIT price=81868.10
[20:23:04.960] [EXEC] [EXEC] PLACE SELL price=81868.10 qty=0.067180
[20:23:05.219] [EXEC] [EXEC] PANIC START price=81868.10
[20:23:05.219] [EXEC] [EXEC] SELL ORDER SENT orderId=383542825
[20:23:08.087] [EXEC] [EXEC] PANIC WAIT still_open orderId=383542825
[20:23:08.092] [EXEC] [EXEC] PANIC HOLD active orderId=383542825
[20:23:08.917] [EXEC] [EXEC] PANIC HOLD active orderId=383542825
[20:23:10.694] [EXEC] [EXEC] PANIC HOLD active orderId=383542825
[20:23:12.667] [EXEC] [EXEC] PANIC WAIT still_open orderId=383542825
[20:23:12.667] [EXEC] [EXEC] PANIC HOLD active orderId=383542825
[20:23:14.967] [EXEC] [EXEC] PANIC HOLD active orderId=383542825
[20:23:16.459] [EXEC] [EXEC] PANIC WAIT still_open orderId=383542825
[20:23:16.465] [EXEC] [EXEC] PANIC HOLD active orderId=383542825
[20:23:19.902] [EXEC] [EXEC] PANIC WAIT still_open orderId=383542825
[20:23:19.902] [EXEC] [EXEC] PANIC HOLD active orderId=383542825
[20:23:21.014] [EXEC] [EXEC] PANIC HOLD active orderId=383542825
[20:23:22.480] [EXEC] [EXEC] PANIC HOLD active orderId=383542825
[20:23:23.520] [EXEC] [EXEC] FIFO CLOSE qty=0.067180 entry=81869.08 exit=81868.10 pnl=-0.065836
[20:23:23.520] [EXEC] [EXEC] CHUNK DRAINED
[20:23:23.521] [EXEC] [EXEC] REALIZED pnl=-0.065836
[20:23:23.522] [EXEC] [EXEC] SELL ACCOUNTING RESET flat
[20:23:23.522] [EXEC] [EXEC] CYCLE CLOSED pnl=-0.065836
[20:23:23.522] [EXEC] [EXEC] SESSION realized=+0.301885 wins=2 losses=1
[20:23:23.980] [EXEC] [EXEC] SELL ACCOUNTING RESET new_cycle
[20:23:23.985] [EXEC] [EXEC] BUY ORDER SENT orderId=383543370 price=81867.06 qty=0.067180
[20:23:23.987] [EXEC] [EXEC] PLACE BUY price=81867.06 qty=0.067180
[20:23:26.650] [EXEC] [EXEC] BUY FILL UPDATE delta=0.067180 avg=81867.06
[20:23:26.650] [EXEC] [EXEC] CHUNK ADD qty=0.067180 entry=81867.06
[20:23:26.650] [EXEC] [EXEC] CHUNK COUNT n=1
[20:23:26.658] [EXEC] [EXEC] INVENTORY qty=0.067180
[20:23:26.658] [EXEC] [EXEC] SELL REQUIRED inventory=0.067180
[20:23:27.039] [EXEC] [EXEC] SELL CHECK inventory=0.067180 reported=0.000000 remaining=0.067180 chunks=1
[20:23:27.039] [EXEC] [EXEC] PLACE SELL price=81867.10 qty=0.067180
[20:23:27.310] [EXEC] [EXEC] SELL ORDER SENT orderId=383543543
[20:23:30.062] [EXEC] [EXEC] FIFO CLOSE qty=0.067180 entry=81867.06 exit=81867.09 pnl=+0.002015
[20:23:30.064] [EXEC] [EXEC] CHUNK DRAINED
[20:23:30.065] [EXEC] [EXEC] REALIZED pnl=+0.002015
[20:23:30.066] [EXEC] [EXEC] SELL ACCOUNTING RESET flat
[20:23:30.067] [EXEC] [EXEC] CYCLE CLOSED pnl=+0.002015
[20:23:30.068] [EXEC] [EXEC] SESSION realized=+0.303901 wins=3 losses=1
[20:23:31.416] [EXEC] [EXEC] SELL ACCOUNTING RESET new_cycle
[20:23:31.416] [EXEC] [EXEC] BUY ORDER SENT orderId=383543616 price=81860.08 qty=0.067180
[20:23:31.416] [EXEC] [EXEC] PLACE BUY price=81860.08 qty=0.067180
[20:23:47.813] [EXEC] [EXEC] LIVE ON
[20:23:47.828] [EXEC] [EXEC] WAIT READY
[20:23:47.828] [EXEC] [EXEC] BLOCK reason=market_health_bad
[20:23:49.485] [EXEC] [EXEC] SELL ACCOUNTING RESET new_cycle
[20:23:49.485] [EXEC] [EXEC] BUY ORDER SENT orderId=383543963 price=81870.61 qty=0.067170
[20:23:49.485] [EXEC] [EXEC] PLACE BUY price=81870.61 qty=0.067170
[20:23:53.639] [EXEC] [EXEC] BUY TIMEOUT orderId=383543963
[20:23:53.639] [EXEC] [EXEC] CANCEL BUY orderId=383543963
[20:23:53.908] [EXEC] [EXEC] BUY CANCELED confirmed
[20:23:54.172] [EXEC] [EXEC] BUY FINAL STATUS status=CANCELED orderId=383543963
[20:23:54.172] [EXEC] [EXEC] BLOCK reason=buy_not_filled
[20:23:55.779] [EXEC] [EXEC] SELL ACCOUNTING RESET new_cycle
[20:23:55.779] [EXEC] [EXEC] BUY ORDER SENT orderId=383544230 price=81873.20 qty=0.067170
[20:23:55.795] [EXEC] [EXEC] PLACE BUY price=81873.20 qty=0.067170
[20:23:56.375] [EXEC] [EXEC] BUY FILL UPDATE delta=0.067170 avg=81873.20
[20:23:56.375] [EXEC] [EXEC] CHUNK ADD qty=0.067170 entry=81873.20
[20:23:56.375] [EXEC] [EXEC] CHUNK COUNT n=1
[20:23:56.375] [EXEC] [EXEC] INVENTORY qty=0.067170
[20:23:56.375] [EXEC] [EXEC] SELL REQUIRED inventory=0.067170
[20:23:57.141] [EXEC] [EXEC] SELL CHECK inventory=0.067170 reported=0.000000 remaining=0.067170 chunks=1
[20:23:57.141] [EXEC] [EXEC] PLACE SELL price=81876.06 qty=0.067170
[20:23:57.453] [EXEC] [EXEC] SELL ORDER SENT orderId=383544299
[20:23:57.485] [EXEC] [EXEC] RECOVERY WAIT hard_sl_pending_recovery
[20:23:57.750] [EXEC] [EXEC] FIFO CLOSE qty=0.067170 entry=81873.20 exit=81876.06 pnl=+0.192106
[20:23:57.750] [EXEC] [EXEC] CHUNK DRAINED
[20:23:57.750] [EXEC] [EXEC] REALIZED pnl=+0.192106
[20:23:57.750] [EXEC] [EXEC] SELL ACCOUNTING RESET flat
[20:23:57.750] [EXEC] [EXEC] CYCLE CLOSED pnl=+0.192106
[20:23:57.750] [EXEC] [EXEC] SESSION realized=+0.192106 wins=1 losses=0
[20:23:57.766] [EXEC] [EXEC] SELL ACCOUNTING RESET flat
[20:23:57.766] [EXEC] [EXEC] CYCLE SKIP no_fifo_pnl
[20:23:57.766] [EXEC] [EXEC] SELL FILLED id=383544299
[20:23:57.766] [EXEC] [EXEC] SELL FILLED qty=0.067170 remaining=0.000000
[20:23:57.766] [EXEC] [EXEC] SELL ACCOUNTING RESET inventory_drained
[20:23:57.766] [EXEC] [EXEC] INVENTORY DRAINED epsilon_cleanup qty=0.000000
[20:23:57.766] [EXEC] [EXEC] SELL ACCOUNTING RESET flat
[20:23:57.766] [EXEC] [EXEC] CYCLE SKIP no_fifo_pnl
[20:23:58.607] [EXEC] [EXEC] SELL ACCOUNTING RESET new_cycle
[20:23:58.607] [EXEC] [EXEC] BUY ORDER SENT orderId=383544342 price=81872.80 qty=0.067170
[20:23:58.607] [EXEC] [EXEC] PLACE BUY price=81872.80 qty=0.067170
[20:24:02.514] [EXEC] [EXEC] BUY TIMEOUT orderId=383544342
[20:24:02.530] [EXEC] [EXEC] CANCEL BUY orderId=383544342
[20:24:02.796] [EXEC] [EXEC] BUY CANCELED confirmed
[20:24:03.086] [EXEC] [EXEC] BUY FINAL STATUS status=CANCELED orderId=383544342
[20:24:03.090] [EXEC] [EXEC] BLOCK reason=buy_not_filled
[20:24:04.907] [EXEC] [EXEC] SELL ACCOUNTING RESET new_cycle
[20:24:04.907] [EXEC] [EXEC] BUY ORDER SENT orderId=383544683 price=81881.19 qty=0.067170
[20:24:04.907] [EXEC] [EXEC] PLACE BUY price=81881.19 qty=0.067170
[20:24:09.311] [EXEC] [EXEC] BUY TIMEOUT orderId=383544683
[20:24:09.311] [EXEC] [EXEC] CANCEL BUY orderId=383544683
[20:24:09.577] [EXEC] [EXEC] BUY CANCELED confirmed
[20:24:09.843] [EXEC] [EXEC] BUY FINAL STATUS status=CANCELED orderId=383544683
[20:24:09.843] [EXEC] [EXEC] BLOCK reason=buy_not_filled
[20:24:11.109] [EXEC] [EXEC] SELL ACCOUNTING RESET new_cycle
[20:24:11.109] [EXEC] [EXEC] BUY ORDER SENT orderId=383544791 price=81888.92 qty=0.067160
[20:24:11.109] [EXEC] [EXEC] PLACE BUY price=81888.92 qty=0.067160
[20:24:15.138] [EXEC] [EXEC] BUY TIMEOUT orderId=383544791
[20:24:15.138] [EXEC] [EXEC] CANCEL BUY orderId=383544791
[20:24:15.404] [EXEC] [EXEC] BUY CANCELED confirmed
[20:24:15.670] [EXEC] [EXEC] BUY FINAL STATUS status=CANCELED orderId=383544791
[20:24:15.670] [EXEC] [EXEC] BLOCK reason=buy_not_filled
[20:24:16.701] [EXEC] [EXEC] SELL ACCOUNTING RESET new_cycle
[20:24:16.701] [EXEC] [EXEC] BUY ORDER SENT orderId=383544844 price=81890.95 qty=0.067160
[20:24:16.701] [EXEC] [EXEC] PLACE BUY price=81890.95 qty=0.067160
[20:24:22.025] [EXEC] [EXEC] BUY TIMEOUT orderId=383544844
[20:24:22.025] [EXEC] [EXEC] CANCEL BUY orderId=383544844
[20:24:22.310] [EXEC] [EXEC] BUY CANCELED confirmed
[20:24:22.559] [EXEC] [EXEC] BUY FINAL STATUS status=CANCELED orderId=383544844
[20:24:22.559] [EXEC] [EXEC] BLOCK reason=buy_not_filled
[20:24:24.728] [EXEC] [EXEC] SELL ACCOUNTING RESET new_cycle
[20:24:24.728] [EXEC] [EXEC] BUY ORDER SENT orderId=383545009 price=81894.90 qty=0.067150
[20:24:24.728] [EXEC] [EXEC] PLACE BUY price=81894.90 qty=0.067150
[20:24:29.504] [EXEC] [EXEC] BUY TIMEOUT orderId=383545009
[20:24:29.505] [EXEC] [EXEC] CANCEL BUY orderId=383545009
[20:24:29.764] [EXEC] [EXEC] BUY CANCELED confirmed
[20:24:30.022] [EXEC] [EXEC] BUY FINAL STATUS status=CANCELED orderId=383545009
[20:24:30.022] [EXEC] [EXEC] BLOCK reason=buy_not_filled
[20:24:31.672] [EXEC] [EXEC] SELL ACCOUNTING RESET new_cycle
[20:24:31.676] [EXEC] [EXEC] BUY ORDER SENT orderId=383545341 price=81908.01 qty=0.067140
[20:24:31.679] [EXEC] [EXEC] PLACE BUY price=81908.01 qty=0.067140
[20:24:35.111] [EXEC] [EXEC] BUY FILL UPDATE delta=0.067140 avg=81908.01
[20:24:35.111] [EXEC] [EXEC] CHUNK ADD qty=0.067140 entry=81908.01
[20:24:35.127] [EXEC] [EXEC] CHUNK COUNT n=1
[20:24:35.127] [EXEC] [EXEC] INVENTORY qty=0.067140
[20:24:35.127] [EXEC] [EXEC] SELL REQUIRED inventory=0.067140
[20:24:35.127] [EXEC] [EXEC] BUY PARTIAL delta=0.067140 total=0.067140
[20:24:35.127] [EXEC] [EXEC] BUY REMAINING qty=0.000000
[20:24:35.127] [EXEC] [EXEC] BUY FILLED id=383545341
[20:24:37.038] [EXEC] [EXEC] SELL CHECK inventory=0.067140 reported=0.000000 remaining=0.067140 chunks=1
[20:24:37.038] [EXEC] [EXEC] PLACE SELL price=81913.53 qty=0.067140
[20:24:37.779] [EXEC] [EXEC] SELL ORDER SENT orderId=383545585
[20:24:39.314] [EXEC] [EXEC] RECOVERY WAIT hard_sl_pending_recovery
[20:24:40.312] [EXEC] [EXEC] RECOVERY WAIT hard_sl_pending_recovery
[20:24:41.063] [EXEC] [EXEC] SELL TIMEOUT orderId=383545585
[20:24:41.067] [EXEC] [EXEC] CANCEL SELL orderId=383545585
[20:24:41.587] [EXEC] [EXEC] SELL FINAL STATUS status=CANCELED orderId=383545585
[20:24:41.593] [EXEC] [EXEC] SELL TIMEOUT check fast_exit
[20:24:41.593] [EXEC] [EXEC] FORCE EXIT hard_sl_triggered
[20:24:41.599] [EXEC] [EXEC] HARD SL triggered
[20:24:41.600] [EXEC] [EXEC] PANIC EXIT sl_mode
[20:24:41.600] [EXEC] [EXEC] FORCE EXIT price=81912.52
[20:24:41.600] [EXEC] [EXEC] PLACE SELL price=81912.52 qty=0.067140
[20:24:41.870] [EXEC] [EXEC] PANIC START price=81912.52
[20:24:41.870] [EXEC] [EXEC] SELL ORDER SENT orderId=383545678
[20:24:43.330] [EXEC] [EXEC] PANIC WAIT still_open orderId=383545678
[20:24:43.346] [EXEC] [EXEC] PANIC HOLD active orderId=383545678
[20:24:44.157] [EXEC] [EXEC] PANIC HOLD active orderId=383545678
[20:24:47.746] [EXEC] [EXEC] PANIC WAIT still_open orderId=383545678
[20:24:47.746] [EXEC] [EXEC] PANIC HOLD active orderId=383545678
[20:24:48.892] [EXEC] [EXEC] PANIC HOLD active orderId=383545678
[20:24:50.808] [EXEC] [EXEC] PANIC WAIT still_open orderId=383545678
[20:24:50.808] [EXEC] [EXEC] PANIC HOLD active orderId=383545678
[20:24:51.652] [EXEC] [EXEC] PANIC HOLD active orderId=383545678
[20:24:54.390] [EXEC] [EXEC] PANIC WAIT still_open orderId=383545678
[20:24:54.390] [EXEC] [EXEC] PANIC HOLD active orderId=383545678
[20:24:57.465] [EXEC] [EXEC] PANIC WAIT still_open orderId=383545678
[20:24:57.465] [EXEC] [EXEC] PANIC HOLD active orderId=383545678
[20:24:59.729] [EXEC] [EXEC] PANIC HOLD active orderId=383545678
[20:25:02.264] [EXEC] [EXEC] PANIC WAIT still_open orderId=383545678
[20:25:02.264] [EXEC] [EXEC] PANIC STALE detected orderId=383545678
[20:25:02.280] [EXEC] [EXEC] PANIC ESCALATE old=81912.52 new=81892.16 qty=0.067140
[20:25:03.144] [EXEC] [EXEC] PANIC ESCALATE placed orderId=383546192
[20:25:03.791] [EXEC] [EXEC] FIFO CLOSE qty=0.067140 entry=81908.01 exit=81892.65 pnl=-1.031297
[20:25:03.806] [EXEC] [EXEC] CHUNK DRAINED
[20:25:03.806] [EXEC] [EXEC] REALIZED pnl=-1.031297
[20:25:03.806] [EXEC] [EXEC] SELL ACCOUNTING RESET flat
[20:25:03.806] [EXEC] [EXEC] CYCLE CLOSED pnl=-1.031297
[20:25:03.806] [EXEC] [EXEC] SESSION realized=-0.839191 wins=1 losses=1
[20:25:04.553] [EXEC] [EXEC] SELL ACCOUNTING RESET new_cycle
[20:25:04.553] [EXEC] [EXEC] BUY ORDER SENT orderId=383546239 price=81894.16 qty=0.067150
[20:25:04.553] [EXEC] [EXEC] PLACE BUY price=81894.16 qty=0.067150
[20:25:09.201] [EXEC] [EXEC] BUY TIMEOUT orderId=383546239
[20:25:09.216] [EXEC] [EXEC] CANCEL BUY orderId=383546239
[20:25:09.486] [EXEC] [EXEC] BUY CANCELED confirmed
[20:25:09.744] [EXEC] [EXEC] BUY FINAL STATUS status=CANCELED orderId=383546239
[20:25:09.744] [EXEC] [EXEC] BLOCK reason=buy_not_filled
[20:25:10.373] [EXEC] [EXEC] SELL ACCOUNTING RESET new_cycle
[20:25:10.373] [EXEC] [EXEC] BUY ORDER SENT orderId=383546301 price=81896.17 qty=0.067150
[20:25:10.381] [EXEC] [EXEC] PLACE BUY price=81896.17 qty=0.067150
[20:25:15.221] [EXEC] [EXEC] BUY TIMEOUT orderId=383546301
[20:25:15.237] [EXEC] [EXEC] CANCEL BUY orderId=383546301
[20:25:15.500] [EXEC] [EXEC] BUY CANCELED confirmed
[20:25:15.765] [EXEC] [EXEC] BUY FINAL STATUS status=CANCELED orderId=383546301
[20:25:15.765] [EXEC] [EXEC] BLOCK reason=buy_not_filled
[20:25:16.414] [EXEC] [EXEC] SELL ACCOUNTING RESET new_cycle
[20:25:16.416] [EXEC] [EXEC] BUY ORDER SENT orderId=383546468 price=81892.00 qty=0.067160
[20:25:16.422] [EXEC] [EXEC] PLACE BUY price=81892.00 qty=0.067160
[20:25:17.009] [EXEC] [EXEC] BUY FILL UPDATE delta=0.067160 avg=81892.00
[20:25:17.009] [EXEC] [EXEC] CHUNK ADD qty=0.067160 entry=81892.00
[20:25:17.009] [EXEC] [EXEC] CHUNK COUNT n=1
[20:25:17.009] [EXEC] [EXEC] INVENTORY qty=0.067160
[20:25:17.009] [EXEC] [EXEC] SELL REQUIRED inventory=0.067160
[20:25:17.780] [EXEC] [EXEC] SELL CHECK inventory=0.067160 reported=0.000000 remaining=0.067160 chunks=1
[20:25:17.780] [EXEC] [EXEC] PLACE SELL price=81894.89 qty=0.067160
[20:25:18.064] [EXEC] [EXEC] SELL ORDER SENT orderId=383546618
[20:25:22.128] [EXEC] [EXEC] PANIC WAIT still_open orderId=383546618
[20:25:22.128] [EXEC] [EXEC] PANIC HOLD active orderId=383546618
[20:25:22.978] [EXEC] [EXEC] PANIC HOLD escalated orderId=383546618
[20:25:23.300] [EXEC] [EXEC] STOP canceled panic order, position remains open
[20:25:24.095] [EXEC] [EXEC] STOP with open inventory qty=0.067160
[20:35:35.828] [EXEC] [EXEC] LIVE ON
[20:35:35.828] [EXEC] [EXEC] WAIT READY
[20:35:35.828] [EXEC] [EXEC] BLOCK reason=market_health_bad
[20:35:37.125] [EXEC] [EXEC] SELL ACCOUNTING RESET new_cycle
[20:35:37.141] [EXEC] [EXEC] BUY ORDER SENT orderId=383564405 price=81885.69 qty=0.067160
[20:35:37.141] [EXEC] [EXEC] PLACE BUY price=81885.69 qty=0.067160
[20:35:38.235] [EXEC] [EXEC] BUY FILL UPDATE delta=0.067160 avg=81885.69
[20:35:38.235] [EXEC] [EXEC] CHUNK ADD qty=0.067160 entry=81885.69
[20:35:38.235] [EXEC] [EXEC] CHUNK COUNT n=1
[20:35:38.235] [EXEC] [EXEC] INVENTORY qty=0.067160
[20:35:38.235] [EXEC] [EXEC] SELL REQUIRED inventory=0.067160
[20:35:38.610] [EXEC] [EXEC] SELL CHECK inventory=0.067160 reported=0.000000 remaining=0.067160 chunks=1
[20:35:38.610] [EXEC] [EXEC] PLACE SELL price=81885.73 qty=0.067160
[20:35:38.883] [EXEC] [EXEC] SELL ORDER SENT orderId=383564482
[20:35:40.124] [EXEC] [EXEC] RECOVERY WAIT hard_sl_pending_recovery
[20:35:42.108] [EXEC] [EXEC] SELL TIMEOUT orderId=383564482
[20:35:42.124] [EXEC] [EXEC] CANCEL SELL orderId=383564482
[20:35:42.655] [EXEC] [EXEC] SELL FINAL STATUS status=CANCELED orderId=383564482
[20:35:42.655] [EXEC] [EXEC] SELL TIMEOUT check fast_exit
[20:35:42.655] [EXEC] [EXEC] FORCE EXIT hard_sl_triggered
[20:35:42.655] [EXEC] [EXEC] HARD SL triggered
[20:35:42.670] [EXEC] [EXEC] PANIC EXIT sl_mode
[20:35:42.670] [EXEC] [EXEC] FORCE EXIT price=81884.69
[20:35:42.670] [EXEC] [EXEC] PLACE SELL price=81884.69 qty=0.067160
[20:35:42.938] [EXEC] [EXEC] PANIC START price=81884.69
[20:35:42.938] [EXEC] [EXEC] SELL ORDER SENT orderId=383564525
[20:35:45.451] [EXEC] [EXEC] PANIC WAIT still_open orderId=383564525
[20:35:45.451] [EXEC] [EXEC] PANIC HOLD active orderId=383564525
[20:35:49.468] [EXEC] [EXEC] PANIC WAIT still_open orderId=383564525
[20:35:49.468] [EXEC] [EXEC] PANIC HOLD active orderId=383564525
[20:35:52.750] [EXEC] [EXEC] PANIC WAIT still_open orderId=383564525
[20:35:52.750] [EXEC] [EXEC] PANIC HOLD active orderId=383564525
[20:35:56.297] [EXEC] [EXEC] PANIC WAIT still_open orderId=383564525
[20:35:56.300] [EXEC] [EXEC] PANIC HOLD active orderId=383564525
[20:35:59.781] [EXEC] [EXEC] PANIC WAIT still_open orderId=383564525
[20:35:59.784] [EXEC] [EXEC] PANIC HOLD active orderId=383564525
[20:36:02.573] [EXEC] [EXEC] PANIC STALE detected orderId=383564525
[20:36:02.575] [EXEC] [EXEC] PANIC ESCALATE old=81884.69 new=81876.58 qty=0.067160
[20:36:03.467] [EXEC] [EXEC] PANIC ESCALATE placed orderId=383564947
[20:36:04.095] [EXEC] [EXEC] FIFO CLOSE qty=0.067160 entry=81885.69 exit=81876.81 pnl=-0.596443
[20:36:04.098] [EXEC] [EXEC] CHUNK DRAINED
[20:36:04.100] [EXEC] [EXEC] REALIZED pnl=-0.596443
[20:36:04.101] [EXEC] [EXEC] SELL ACCOUNTING RESET flat
[20:36:04.105] [EXEC] [EXEC] CYCLE CLOSED pnl=-0.596443
[20:36:04.106] [EXEC] [EXEC] SESSION realized=-0.596443 wins=0 losses=1
[20:36:04.605] [EXEC] [EXEC] SELL ACCOUNTING RESET new_cycle
[20:36:04.611] [EXEC] [EXEC] BUY ORDER SENT orderId=383564992 price=81880.30 qty=0.067170
[20:36:04.613] [EXEC] [EXEC] PLACE BUY price=81880.30 qty=0.067170
[20:36:08.587] [EXEC] [EXEC] BUY TIMEOUT orderId=383564992
[20:36:08.590] [EXEC] [EXEC] CANCEL BUY orderId=383564992
[20:36:08.856] [EXEC] [EXEC] BUY CANCELED confirmed
[20:36:09.139] [EXEC] [EXEC] BUY FINAL STATUS status=CANCELED orderId=383564992
[20:36:09.143] [EXEC] [EXEC] BLOCK reason=buy_not_filled
[20:36:13.391] [EXEC] [EXEC] SELL ACCOUNTING RESET new_cycle
[20:36:13.395] [EXEC] [EXEC] BUY ORDER SENT orderId=383565297 price=81857.13 qty=0.067190
[20:36:13.397] [EXEC] [EXEC] PLACE BUY price=81857.13 qty=0.067190
[20:36:15.282] [EXEC] [EXEC] BUY FILL UPDATE delta=0.067190 avg=81857.13
[20:36:15.287] [EXEC] [EXEC] CHUNK ADD qty=0.067190 entry=81857.13
[20:36:15.290] [EXEC] [EXEC] CHUNK COUNT n=1
[20:36:15.293] [EXEC] [EXEC] INVENTORY qty=0.067190
[20:36:15.294] [EXEC] [EXEC] SELL REQUIRED inventory=0.067190
[20:36:15.297] [EXEC] [EXEC] BUY PARTIAL delta=0.067190 total=0.067190
[20:36:15.299] [EXEC] [EXEC] BUY REMAINING qty=0.000000
[20:36:15.301] [EXEC] [EXEC] BUY FILLED id=383565297
[20:36:15.938] [EXEC] [EXEC] SELL CHECK inventory=0.067190 reported=0.000000 remaining=0.067190 chunks=1
[20:36:15.941] [EXEC] [EXEC] PLACE SELL price=81857.17 qty=0.067190
[20:36:16.209] [EXEC] [EXEC] SELL ORDER SENT orderId=383565464
[20:36:17.452] [EXEC] [EXEC] RECOVERY WAIT hard_sl_pending_recovery
[20:36:18.920] [EXEC] [EXEC] RECOVERY WAIT hard_sl_pending_recovery
[20:36:19.180] [EXEC] [EXEC] SELL TIMEOUT orderId=383565464
[20:36:19.196] [EXEC] [EXEC] CANCEL SELL orderId=383565464
[20:36:19.724] [EXEC] [EXEC] SELL FINAL STATUS status=CANCELED orderId=383565464
[20:36:19.724] [EXEC] [EXEC] SELL TIMEOUT check fast_exit
[20:36:19.724] [EXEC] [EXEC] FORCE EXIT hard_sl_triggered
[20:36:19.724] [EXEC] [EXEC] HARD SL triggered
[20:36:19.724] [EXEC] [EXEC] PANIC EXIT sl_mode
[20:36:19.739] [EXEC] [EXEC] FORCE EXIT price=81848.99
[20:36:19.739] [EXEC] [EXEC] PLACE SELL price=81848.99 qty=0.067190
[20:36:20.001] [EXEC] [EXEC] PANIC START price=81848.99
[20:36:20.003] [EXEC] [EXEC] SELL ORDER SENT orderId=383565582
[20:36:20.530] [EXEC] [EXEC] FIFO CLOSE qty=0.067190 entry=81857.13 exit=81848.99 pnl=-0.546927
[20:36:20.532] [EXEC] [EXEC] CHUNK DRAINED
[20:36:20.537] [EXEC] [EXEC] REALIZED pnl=-0.546927
[20:36:20.538] [EXEC] [EXEC] SELL ACCOUNTING RESET flat
[20:36:20.543] [EXEC] [EXEC] CYCLE CLOSED pnl=-0.546927
[20:36:20.546] [EXEC] [EXEC] SESSION realized=-1.143370 wins=0 losses=2
[20:36:21.420] [EXEC] [EXEC] SELL ACCOUNTING RESET new_cycle
[20:36:21.420] [EXEC] [EXEC] BUY ORDER SENT orderId=383565623 price=81844.07 qty=0.067200
[20:36:21.420] [EXEC] [EXEC] PLACE BUY price=81844.07 qty=0.067200
[20:36:25.230] [EXEC] [EXEC] BUY TIMEOUT orderId=383565623
[20:36:25.232] [EXEC] [EXEC] CANCEL BUY orderId=383565623
[20:36:25.502] [EXEC] [EXEC] BUY CANCELED confirmed
[20:36:25.758] [EXEC] [EXEC] BUY FINAL STATUS status=CANCELED orderId=383565623
[20:36:25.758] [EXEC] [EXEC] BLOCK reason=buy_not_filled
[20:36:26.468] [EXEC] [EXEC] SELL ACCOUNTING RESET new_cycle
[20:36:26.483] [EXEC] [EXEC] BUY ORDER SENT orderId=383565736 price=81846.08 qty=0.067190
[20:36:26.483] [EXEC] [EXEC] PLACE BUY price=81846.08 qty=0.067190
[20:36:30.328] [EXEC] [EXEC] BUY FILL UPDATE delta=0.067190 avg=81846.08
[20:36:30.328] [EXEC] [EXEC] CHUNK ADD qty=0.067190 entry=81846.08
[20:36:30.328] [EXEC] [EXEC] CHUNK COUNT n=1
[20:36:30.328] [EXEC] [EXEC] INVENTORY qty=0.067190
[20:36:30.328] [EXEC] [EXEC] SELL REQUIRED inventory=0.067190
[20:36:30.344] [EXEC] [EXEC] BUY PARTIAL delta=0.067190 total=0.067190
[20:36:30.344] [EXEC] [EXEC] BUY REMAINING qty=0.000000
[20:36:30.344] [EXEC] [EXEC] BUY FILLED id=383565736
[20:36:31.058] [EXEC] [EXEC] SELL CHECK inventory=0.067190 reported=0.000000 remaining=0.067190 chunks=1
[20:36:31.058] [EXEC] [EXEC] PLACE SELL price=81846.12 qty=0.067190
[20:36:31.328] [EXEC] [EXEC] SELL ORDER SENT orderId=383565862
[20:36:32.125] [EXEC] [EXEC] FIFO CLOSE qty=0.067190 entry=81846.08 exit=81846.12 pnl=+0.002688
[20:36:32.125] [EXEC] [EXEC] CHUNK DRAINED
[20:36:32.140] [EXEC] [EXEC] REALIZED pnl=+0.002688
[20:36:32.140] [EXEC] [EXEC] SELL ACCOUNTING RESET flat
[20:36:32.140] [EXEC] [EXEC] CYCLE CLOSED pnl=+0.002688
[20:36:32.140] [EXEC] [EXEC] SESSION realized=-1.140682 wins=1 losses=2
[20:36:32.547] [EXEC] [EXEC] SELL ACCOUNTING RESET new_cycle
[20:36:32.562] [EXEC] [EXEC] BUY ORDER SENT orderId=383565889 price=81844.01 qty=0.067200
[20:36:32.562] [EXEC] [EXEC] PLACE BUY price=81844.01 qty=0.067200
[20:43:48.215] [EXEC] [EXEC] LIVE ON
[20:43:48.215] [EXEC] [EXEC] WAIT READY
[20:43:48.231] [EXEC] [EXEC] BLOCK_BUY reason=ws_stale ws_age=None spread=7.46 bid_delta=0.00 mid_delta=0.00
[20:43:48.606] [EXEC] [EXEC] BLOCK_BUY reason=ws_stale ws_age=None spread=7.46 bid_delta=0.00 mid_delta=0.00
[20:43:49.582] [EXEC] [EXEC] BLOCK_BUY reason=ws_stale ws_age=None spread=7.44 bid_delta=2.00 mid_delta=1.00
[20:43:49.614] [EXEC] [EXEC] BLOCK_BUY reason=snapshots_insufficient ws_age=30 spread=7.44 bid_delta=2.00 mid_delta=1.00
[20:43:49.863] [EXEC] [EXEC] BLOCK_BUY reason=snapshots_insufficient ws_age=280 spread=7.44 bid_delta=0.00 mid_delta=0.00
[20:43:50.233] [EXEC] [EXEC] BLOCK_BUY reason=snapshots_insufficient ws_age=655 spread=7.44 bid_delta=0.00 mid_delta=0.00
[20:43:50.358] [EXEC] [EXEC] BLOCK_BUY reason=snapshots_insufficient ws_age=780 spread=7.44 bid_delta=0.00 mid_delta=0.00
[20:43:50.608] [EXEC] [EXEC] BLOCK_BUY reason=snapshots_insufficient ws_age=1030 spread=7.44 bid_delta=0.00 mid_delta=0.00
[20:43:50.863] [EXEC] [EXEC] BLOCK_BUY reason=snapshots_insufficient ws_age=1280 spread=7.44 bid_delta=0.00 mid_delta=0.00
[20:43:51.108] [EXEC] [EXEC] BLOCK_BUY reason=ws_stale ws_age=1530 spread=7.44 bid_delta=0.00 mid_delta=0.00
[20:43:51.937] [EXEC] [EXEC] BLOCK_BUY reason=ws_stale ws_age=2358 spread=7.44 bid_delta=0.00 mid_delta=0.00
[20:43:52.139] [EXEC] [EXEC] BLOCK_BUY reason=ws_stale ws_age=2562 spread=7.44 bid_delta=0.00 mid_delta=0.00
[20:43:53.041] [EXEC] [EXEC] BLOCK_BUY reason=ws_stale ws_age=3468 spread=7.44 bid_delta=0.00 mid_delta=0.00
[20:43:55.063] [EXEC] [EXEC] BLOCK_BUY reason=snapshots_insufficient ws_age=342 spread=7.56 bid_delta=0.00 mid_delta=0.00
[20:43:55.169] [EXEC] [EXEC] BLOCK_BUY reason=snapshots_insufficient ws_age=93 spread=13.22 bid_delta=0.00 mid_delta=0.00
[20:43:55.435] [EXEC] [EXEC] BLOCK_BUY reason=snapshots_insufficient ws_age=61 spread=12.48 bid_delta=138.00 mid_delta=384.00
[20:43:55.685] [EXEC] [EXEC] BLOCK_BUY reason=snapshots_insufficient ws_age=311 spread=12.48 bid_delta=138.00 mid_delta=384.00
[20:43:55.937] [EXEC] [EXEC] BLOCK_BUY reason=snapshots_insufficient ws_age=561 spread=12.48 bid_delta=138.00 mid_delta=384.00
[20:43:56.261] [EXEC] [EXEC] BLOCK_BUY reason=snapshots_insufficient ws_age=890 spread=12.48 bid_delta=0.00 mid_delta=0.00
[20:43:56.433] [EXEC] [EXEC] BLOCK_BUY reason=mid_momentum_negative ws_age=92 spread=7.39 bid_delta=0.00 mid_delta=-254.50
[20:43:56.683] [EXEC] [EXEC] BLOCK_BUY reason=mid_momentum_negative ws_age=342 spread=7.39 bid_delta=0.00 mid_delta=-254.50
[20:43:57.482] [EXEC] [EXEC] BLOCK_BUY reason=snapshots_insufficient ws_age=312 spread=7.52 bid_delta=0.00 mid_delta=6.50
[20:43:57.685] [EXEC] [EXEC] BLOCK_BUY reason=snapshots_insufficient ws_age=202 spread=8.88 bid_delta=0.00 mid_delta=68.00
[20:43:57.936] [EXEC] [EXEC] BLOCK_BUY reason=snapshots_insufficient ws_age=452 spread=8.88 bid_delta=0.00 mid_delta=68.00
[20:43:58.186] [EXEC] [EXEC] BLOCK_BUY reason=snapshots_insufficient ws_age=217 spread=10.41 bid_delta=0.00 mid_delta=144.50
[20:43:58.655] [EXEC] [EXEC] BLOCK_BUY reason=snapshots_insufficient ws_age=687 spread=10.41 bid_delta=0.00 mid_delta=76.50
[20:43:58.686] [EXEC] [EXEC] BLOCK_BUY reason=snapshots_insufficient ws_age=15 spread=8.51 bid_delta=0.00 mid_delta=76.50
[20:43:58.936] [EXEC] [EXEC] BLOCK_BUY reason=mid_momentum_negative ws_age=265 spread=8.51 bid_delta=0.00 mid_delta=-18.50
[20:43:59.185] [EXEC] [EXEC] BLOCK_BUY reason=mid_momentum_negative ws_age=125 spread=8.49 bid_delta=2.00 mid_delta=-94.00
[20:43:59.435] [EXEC] [EXEC] BLOCK_BUY reason=mid_momentum_negative ws_age=375 spread=8.49 bid_delta=2.00 mid_delta=-94.00
[20:43:59.868] [EXEC] [EXEC] BLOCK_BUY reason=snapshots_insufficient ws_age=297 spread=9.15 bid_delta=2.00 mid_delta=34.00
[20:43:59.943] [EXEC] [EXEC] BLOCK_BUY reason=snapshots_insufficient ws_age=45 spread=8.66 bid_delta=2.00 mid_delta=34.00
[20:44:00.184] [EXEC] [EXEC] BLOCK_BUY reason=snapshots_insufficient ws_age=295 spread=8.66 bid_delta=0.00 mid_delta=8.50
[20:44:00.434] [EXEC] [EXEC] BLOCK_BUY reason=snapshots_insufficient ws_age=92 spread=9.59 bid_delta=0.00 mid_delta=55.00
[20:44:00.684] [EXEC] [EXEC] BLOCK_BUY reason=snapshots_insufficient ws_age=342 spread=9.59 bid_delta=0.00 mid_delta=22.00
[20:44:01.076] [EXEC] [EXEC] BLOCK_BUY reason=snapshots_insufficient ws_age=359 spread=8.84 bid_delta=0.00 mid_delta=9.00
[20:44:01.183] [EXEC] [EXEC] BLOCK_BUY reason=snapshots_insufficient ws_age=108 spread=6.96 bid_delta=0.00 mid_delta=9.00
[20:44:02.685] [EXEC] [EXEC] BLOCK_BUY reason=snapshots_insufficient ws_age=311 spread=10.15 bid_delta=0.00 mid_delta=0.00
[20:44:03.040] [EXEC] [EXEC] BLOCK_BUY reason=mid_momentum_negative ws_age=327 spread=7.00 bid_delta=0.00 mid_delta=-157.50
[20:44:03.200] [EXEC] [EXEC] BLOCK_BUY reason=mid_momentum_negative ws_age=500 spread=7.00 bid_delta=0.00 mid_delta=-157.50
[20:44:03.497] [EXEC] [EXEC] BLOCK_BUY reason=mid_momentum_negative ws_age=797 spread=7.00 bid_delta=0.00 mid_delta=-157.50
[20:44:03.716] [EXEC] [EXEC] BLOCK_BUY reason=snapshots_insufficient ws_age=218 spread=8.64 bid_delta=0.00 mid_delta=82.00
[20:44:03.972] [EXEC] [EXEC] BLOCK_BUY reason=snapshots_insufficient ws_age=172 spread=8.23 bid_delta=0.00 mid_delta=61.50
[20:44:04.231] [EXEC] [EXEC] BLOCK_BUY reason=snapshots_insufficient ws_age=187 spread=8.21 bid_delta=2.00 mid_delta=62.50
[20:44:04.700] [EXEC] [EXEC] BLOCK_BUY reason=mid_momentum_negative ws_age=656 spread=8.21 bid_delta=2.00 mid_delta=-19.50
[20:44:04.762] [EXEC] [EXEC] BLOCK_BUY reason=mid_momentum_negative ws_age=62 spread=6.96 bid_delta=2.00 mid_delta=-19.50
[20:44:05.895] [EXEC] [EXEC] BLOCK_BUY reason=snapshots_insufficient ws_age=359 spread=7.48 bid_delta=0.00 mid_delta=0.00
[20:44:06.040] [EXEC] [EXEC] BLOCK_BUY reason=snapshots_insufficient ws_age=15 spread=7.47 bid_delta=0.00 mid_delta=0.00
[20:44:06.278] [EXEC] [EXEC] BLOCK_BUY reason=snapshots_insufficient ws_age=77 spread=9.58 bid_delta=0.00 mid_delta=105.00
[20:44:06.528] [EXEC] [EXEC] BLOCK_BUY reason=snapshots_insufficient ws_age=187 spread=8.62 bid_delta=0.00 mid_delta=57.00
[20:44:06.778] [EXEC] [EXEC] BLOCK_BUY reason=snapshots_insufficient ws_age=437 spread=8.62 bid_delta=0.00 mid_delta=57.00
[20:44:07.105] [EXEC] [EXEC] BLOCK_BUY reason=mid_momentum_negative ws_age=765 spread=8.62 bid_delta=0.00 mid_delta=-48.00
[20:44:07.277] [EXEC] [EXEC] BLOCK_BUY reason=mid_momentum_negative ws_age=172 spread=8.17 bid_delta=0.00 mid_delta=-70.50
[20:44:07.527] [EXEC] [EXEC] BLOCK_BUY reason=mid_momentum_negative ws_age=422 spread=8.17 bid_delta=0.00 mid_delta=-22.50
[20:44:07.777] [EXEC] [EXEC] BLOCK_BUY reason=mid_momentum_negative ws_age=30 spread=7.70 bid_delta=0.00 mid_delta=-46.00
[20:44:08.038] [EXEC] [EXEC] BLOCK_BUY reason=mid_momentum_negative ws_age=280 spread=7.70 bid_delta=0.00 mid_delta=-46.00
[20:44:08.308] [EXEC] [EXEC] BLOCK_BUY reason=mid_momentum_negative ws_age=561 spread=7.70 bid_delta=0.00 mid_delta=-23.50
[20:44:08.527] [EXEC] [EXEC] BLOCK_BUY reason=mid_momentum_negative ws_age=780 spread=7.70 bid_delta=0.00 mid_delta=-23.50
[20:44:08.777] [EXEC] [EXEC] BLOCK_BUY reason=snapshots_insufficient ws_age=1030 spread=7.70 bid_delta=0.00 mid_delta=0.00
[20:44:09.040] [EXEC] [EXEC] BLOCK_BUY reason=snapshots_insufficient ws_age=1280 spread=7.70 bid_delta=0.00 mid_delta=0.00
[20:44:09.502] [EXEC] [EXEC] BLOCK_BUY reason=snapshots_insufficient ws_age=453 spread=7.68 bid_delta=2.00 mid_delta=1.00
[20:44:09.533] [EXEC] [EXEC] BLOCK_BUY reason=snapshots_insufficient ws_age=484 spread=7.68 bid_delta=2.00 mid_delta=1.00
[20:44:09.783] [EXEC] [EXEC] BLOCK_BUY reason=snapshots_insufficient ws_age=734 spread=7.68 bid_delta=2.00 mid_delta=1.00
[20:44:10.039] [EXEC] [EXEC] BLOCK_BUY reason=snapshots_insufficient ws_age=984 spread=7.68 bid_delta=2.00 mid_delta=1.00
[20:44:10.277] [EXEC] [EXEC] BLOCK_BUY reason=snapshots_insufficient ws_age=1234 spread=7.68 bid_delta=0.00 mid_delta=0.00
[20:44:10.699] [EXEC] [EXEC] BLOCK_BUY reason=ws_stale ws_age=1656 spread=7.68 bid_delta=0.00 mid_delta=0.00
[20:44:10.777] [EXEC] [EXEC] BLOCK_BUY reason=ws_stale ws_age=1734 spread=7.68 bid_delta=0.00 mid_delta=0.00
[20:44:11.299] [EXEC] [EXEC] BLOCK_BUY reason=ws_stale ws_age=2250 spread=7.68 bid_delta=0.00 mid_delta=0.00
[20:44:11.549] [EXEC] [EXEC] BLOCK_BUY reason=ws_stale ws_age=2500 spread=7.68 bid_delta=0.00 mid_delta=0.00
[20:44:11.910] [EXEC] [EXEC] BLOCK_BUY reason=snapshots_insufficient ws_age=312 spread=11.19 bid_delta=0.00 mid_delta=175.50
[20:44:12.075] [EXEC] [EXEC] BLOCK_BUY reason=snapshots_insufficient ws_age=62 spread=10.20 bid_delta=121.00 mid_delta=247.00
[20:44:22.343] [EXEC] [EXEC] BLOCK_BUY reason=ws_stale ws_age=3172 spread=7.22 bid_delta=0.00 mid_delta=0.00
[20:44:22.734] [EXEC] [EXEC] BLOCK_BUY reason=snapshots_insufficient ws_age=358 spread=8.96 bid_delta=0.00 mid_delta=87.00
[20:44:22.765] [EXEC] [EXEC] BLOCK_BUY reason=snapshots_insufficient ws_age=15 spread=8.96 bid_delta=0.00 mid_delta=87.00
[20:44:23.038] [EXEC] [EXEC] BLOCK_BUY reason=snapshots_insufficient ws_age=280 spread=8.96 bid_delta=0.00 mid_delta=87.00
[20:44:23.299] [EXEC] [EXEC] BLOCK_BUY reason=snapshots_insufficient ws_age=77 spread=7.88 bid_delta=0.00 mid_delta=33.00
[20:44:23.548] [EXEC] [EXEC] BLOCK_BUY reason=snapshots_insufficient ws_age=0 spread=8.96 bid_delta=0.00 mid_delta=0.00
[20:44:23.954] [EXEC] [EXEC] BLOCK_BUY reason=mid_momentum_negative ws_age=406 spread=7.76 bid_delta=0.00 mid_delta=-60.00
[20:44:24.053] [EXEC] [EXEC] BLOCK_BUY reason=mid_momentum_negative ws_age=500 spread=7.76 bid_delta=0.00 mid_delta=-60.00
[20:44:25.142] [EXEC] [EXEC] BLOCK_BUY reason=snapshots_insufficient ws_age=312 spread=7.74 bid_delta=0.00 mid_delta=0.00
[20:44:25.329] [EXEC] [EXEC] BLOCK_BUY reason=snapshots_insufficient ws_age=109 spread=7.74 bid_delta=0.00 mid_delta=0.00
[20:44:27.549] [EXEC] [EXEC] BLOCK_BUY reason=snapshots_insufficient ws_age=375 spread=7.70 bid_delta=0.00 mid_delta=0.00
[20:44:27.611] [EXEC] [EXEC] BLOCK_BUY reason=snapshots_insufficient ws_age=437 spread=7.70 bid_delta=0.00 mid_delta=0.00
[20:44:27.858] [EXEC] [EXEC] BLOCK_BUY reason=snapshots_insufficient ws_age=62 spread=8.94 bid_delta=0.00 mid_delta=62.00
[20:44:28.110] [EXEC] [EXEC] BLOCK_BUY reason=snapshots_insufficient ws_age=172 spread=8.56 bid_delta=0.00 mid_delta=43.00
[20:44:28.360] [EXEC] [EXEC] BLOCK_BUY reason=snapshots_insufficient ws_age=172 spread=7.87 bid_delta=0.00 mid_delta=8.50
[20:44:28.766] [EXEC] [EXEC] BLOCK_BUY reason=snapshots_insufficient ws_age=359 spread=8.94 bid_delta=0.00 mid_delta=0.00
[20:44:28.884] [EXEC] [EXEC] BLOCK_BUY reason=snapshots_insufficient ws_age=125 spread=8.04 bid_delta=0.00 mid_delta=0.00
[20:44:29.125] [EXEC] [EXEC] BLOCK_BUY reason=mid_momentum_negative ws_age=63 spread=7.37 bid_delta=2.00 mid_delta=-23.00
[20:44:29.375] [EXEC] [EXEC] BLOCK_BUY reason=snapshots_insufficient ws_age=16 spread=8.92 bid_delta=2.00 mid_delta=1.00
[20:44:29.640] [EXEC] [EXEC] BLOCK_BUY reason=mid_momentum_negative ws_age=125 spread=7.78 bid_delta=2.00 mid_delta=-56.00
[20:44:29.969] [EXEC] [EXEC] BLOCK_BUY reason=snapshots_insufficient ws_age=452 spread=7.78 bid_delta=0.00 mid_delta=20.50
[20:44:30.156] [EXEC] [EXEC] BLOCK_BUY reason=snapshots_insufficient ws_age=62 spread=8.92 bid_delta=0.00 mid_delta=0.00
[20:44:30.407] [EXEC] [EXEC] BLOCK_BUY reason=mid_momentum_negative ws_age=140 spread=7.31 bid_delta=0.00 mid_delta=-23.50
[20:44:30.657] [EXEC] [EXEC] BLOCK_BUY reason=mid_momentum_negative ws_age=390 spread=7.31 bid_delta=0.00 mid_delta=-23.50
[20:44:31.172] [EXEC] [EXEC] BLOCK_BUY reason=snapshots_insufficient ws_age=327 spread=8.92 bid_delta=0.00 mid_delta=80.50
[20:44:32.375] [EXEC] [EXEC] BLOCK_BUY reason=snapshots_insufficient ws_age=281 spread=8.01 bid_delta=0.00 mid_delta=0.00
[20:44:32.438] [EXEC] [EXEC] BLOCK_BUY reason=snapshots_insufficient ws_age=61 spread=5.28 bid_delta=0.00 mid_delta=0.00
[20:44:32.688] [EXEC] [EXEC] BLOCK_BUY reason=bid_unstable ws_age=15 spread=20.25 bid_delta=-1225.00 mid_delta=-613.00
[20:44:33.056] [EXEC] [EXEC] BLOCK_BUY reason=bid_unstable ws_age=296 spread=18.46 bid_delta=-1340.00 mid_delta=-817.50
[20:44:33.202] [EXEC] [EXEC] BLOCK_BUY reason=bid_unstable ws_age=141 spread=11.98 bid_delta=-1339.00 mid_delta=-1140.50
[20:44:33.593] [EXEC] [EXEC] BLOCK_BUY reason=bid_unstable ws_age=312 spread=13.63 bid_delta=-114.00 mid_delta=-445.00
[20:44:33.718] [EXEC] [EXEC] BLOCK_BUY reason=bid_unstable ws_age=93 spread=11.08 bid_delta=-114.00 mid_delta=-445.00
[20:44:33.973] [EXEC] [EXEC] BLOCK_BUY reason=mid_momentum_negative ws_age=93 spread=13.63 bid_delta=1.00 mid_delta=-240.50
[20:44:34.218] [EXEC] [EXEC] BLOCK_BUY reason=mid_momentum_negative ws_age=157 spread=10.16 bid_delta=2.00 mid_delta=-171.50
[20:44:34.468] [EXEC] [EXEC] BLOCK_BUY reason=mid_momentum_negative ws_age=407 spread=10.16 bid_delta=2.00 mid_delta=-171.50
[20:44:34.765] [EXEC] [EXEC] BLOCK_BUY reason=mid_momentum_negative ws_age=704 spread=10.16 bid_delta=2.00 mid_delta=-171.50
[20:44:34.987] [EXEC] [EXEC] BLOCK_BUY reason=snapshots_insufficient ws_age=922 spread=10.16 bid_delta=0.00 mid_delta=0.00
[20:44:35.233] [EXEC] [EXEC] BLOCK_BUY reason=snapshots_insufficient ws_age=1172 spread=10.16 bid_delta=0.00 mid_delta=0.00
[20:44:35.483] [EXEC] [EXEC] BLOCK_BUY reason=mid_momentum_negative ws_age=233 spread=9.76 bid_delta=0.00 mid_delta=-20.00
[20:44:35.981] [EXEC] [EXEC] BLOCK_BUY reason=mid_momentum_negative ws_age=733 spread=9.76 bid_delta=0.00 mid_delta=-20.00
[20:44:36.233] [EXEC] [EXEC] BLOCK_BUY reason=mid_momentum_negative ws_age=983 spread=9.76 bid_delta=0.00 mid_delta=-20.00
[20:44:36.483] [EXEC] [EXEC] BLOCK_BUY reason=snapshots_insufficient ws_age=1233 spread=9.76 bid_delta=0.00 mid_delta=0.00
[20:44:36.749] [EXEC] [EXEC] BLOCK_BUY reason=snapshots_insufficient ws_age=1500 spread=9.76 bid_delta=0.00 mid_delta=0.00
[20:44:37.185] [EXEC] [EXEC] BLOCK_BUY reason=snapshots_insufficient ws_age=375 spread=10.39 bid_delta=0.00 mid_delta=31.50
[20:44:37.279] [EXEC] [EXEC] BLOCK_BUY reason=snapshots_insufficient ws_age=47 spread=9.86 bid_delta=0.00 mid_delta=31.50
[20:44:37.544] [EXEC] [EXEC] BLOCK_BUY reason=snapshots_insufficient ws_age=140 spread=9.86 bid_delta=1243.00 mid_delta=1248.00
[20:44:37.794] [EXEC] [EXEC] BLOCK_BUY reason=snapshots_insufficient ws_age=15 spread=10.75 bid_delta=773.00 mid_delta=791.00
[20:44:38.053] [EXEC] [EXEC] BLOCK_BUY reason=snapshots_insufficient ws_age=265 spread=10.75 bid_delta=773.00 mid_delta=791.00
[20:44:38.373] [EXEC] [EXEC] BLOCK_BUY reason=bid_unstable ws_age=594 spread=10.75 bid_delta=-470.00 mid_delta=-425.50
[20:44:38.545] [EXEC] [EXEC] BLOCK_BUY reason=bid_unstable ws_age=15 spread=9.95 bid_delta=-161.00 mid_delta=-201.00
[20:44:38.795] [EXEC] [EXEC] BLOCK_BUY reason=bid_unstable ws_age=265 spread=9.95 bid_delta=-161.00 mid_delta=-201.00
[20:44:39.058] [EXEC] [EXEC] BLOCK_BUY reason=bid_unstable ws_age=186 spread=9.77 bid_delta=-143.00 mid_delta=-192.00
[20:44:39.310] [EXEC] [EXEC] BLOCK_BUY reason=bid_unstable ws_age=217 spread=7.97 bid_delta=-141.00 mid_delta=-280.00
[20:44:39.591] [EXEC] [EXEC] BLOCK_BUY reason=mid_momentum_negative ws_age=500 spread=7.97 bid_delta=20.00 mid_delta=-79.00
[20:44:39.810] [EXEC] [EXEC] BLOCK_BUY reason=mid_momentum_negative ws_age=717 spread=7.97 bid_delta=2.00 mid_delta=-88.00
[20:44:40.058] [EXEC] [EXEC] BLOCK_BUY reason=snapshots_insufficient ws_age=967 spread=7.97 bid_delta=0.00 mid_delta=0.00
[20:44:40.311] [EXEC] [EXEC] BLOCK_BUY reason=snapshots_insufficient ws_age=1217 spread=7.97 bid_delta=0.00 mid_delta=0.00
[20:44:40.780] [EXEC] [EXEC] BLOCK_BUY reason=ws_stale ws_age=1687 spread=7.97 bid_delta=0.00 mid_delta=0.00
[20:44:40.811] [EXEC] [EXEC] BLOCK_BUY reason=ws_stale ws_age=1717 spread=7.97 bid_delta=0.00 mid_delta=0.00
[20:44:41.078] [EXEC] [EXEC] BLOCK_BUY reason=snapshots_insufficient ws_age=266 spread=7.87 bid_delta=10.00 mid_delta=5.00
[20:44:41.325] [EXEC] [EXEC] BLOCK_BUY reason=snapshots_insufficient ws_age=516 spread=7.87 bid_delta=10.00 mid_delta=5.00
[20:44:41.591] [EXEC] [EXEC] BLOCK_BUY reason=snapshots_insufficient ws_age=782 spread=7.87 bid_delta=10.00 mid_delta=5.00
[20:44:42.011] [EXEC] [EXEC] BLOCK_BUY reason=snapshots_insufficient ws_age=1204 spread=7.87 bid_delta=0.00 mid_delta=0.00
[20:44:42.108] [EXEC] [EXEC] BLOCK_BUY reason=snapshots_insufficient ws_age=1297 spread=7.87 bid_delta=0.00 mid_delta=0.00
[20:44:42.358] [EXEC] [EXEC] BLOCK_BUY reason=ws_stale ws_age=1547 spread=7.87 bid_delta=0.00 mid_delta=0.00
[20:44:42.921] [EXEC] [EXEC] BLOCK_BUY reason=ws_stale ws_age=2109 spread=7.87 bid_delta=0.00 mid_delta=0.00
[20:44:43.608] [EXEC] [EXEC] BLOCK_BUY reason=ws_stale ws_age=2797 spread=7.87 bid_delta=0.00 mid_delta=0.00
[20:44:43.858] [EXEC] [EXEC] BLOCK_BUY reason=ws_stale ws_age=3047 spread=7.87 bid_delta=0.00 mid_delta=0.00
[20:44:44.372] [EXEC] [EXEC] BLOCK_BUY reason=ws_stale ws_age=3563 spread=7.83 bid_delta=4.00 mid_delta=2.00
[20:44:44.869] [EXEC] [EXEC] BLOCK_BUY reason=snapshots_insufficient ws_age=219 spread=7.83 bid_delta=0.00 mid_delta=0.00
[20:44:45.123] [EXEC] [EXEC] BLOCK_BUY reason=snapshots_insufficient ws_age=469 spread=7.83 bid_delta=0.00 mid_delta=0.00
[20:44:45.608] [EXEC] [EXEC] BLOCK_BUY reason=snapshots_insufficient ws_age=952 spread=7.83 bid_delta=0.00 mid_delta=0.00
[20:44:45.639] [EXEC] [EXEC] BLOCK_BUY reason=snapshots_insufficient ws_age=984 spread=7.83 bid_delta=0.00 mid_delta=0.00
[20:44:45.906] [EXEC] [EXEC] BLOCK_BUY reason=snapshots_insufficient ws_age=47 spread=10.13 bid_delta=37.00 mid_delta=152.00
[20:44:46.155] [EXEC] [EXEC] BLOCK_BUY reason=snapshots_insufficient ws_age=297 spread=10.13 bid_delta=37.00 mid_delta=152.00
[20:44:46.405] [EXEC] [EXEC] BLOCK_BUY reason=snapshots_insufficient ws_age=547 spread=10.13 bid_delta=37.00 mid_delta=152.00
[20:44:46.811] [EXEC] [EXEC] BLOCK_BUY reason=mid_momentum_negative ws_age=405 spread=9.51 bid_delta=0.00 mid_delta=-31.00
[20:44:46.906] [EXEC] [EXEC] BLOCK_BUY reason=mid_momentum_negative ws_age=500 spread=9.51 bid_delta=0.00 mid_delta=-31.00
[20:44:47.155] [EXEC] [EXEC] BLOCK_BUY reason=mid_momentum_negative ws_age=750 spread=9.51 bid_delta=0.00 mid_delta=-31.00
[20:44:47.404] [EXEC] [EXEC] BLOCK_BUY reason=mid_momentum_negative ws_age=1000 spread=9.51 bid_delta=0.00 mid_delta=-31.00
[20:44:47.655] [EXEC] [EXEC] BLOCK_BUY reason=snapshots_insufficient ws_age=1250 spread=9.51 bid_delta=0.00 mid_delta=0.00
[20:44:48.546] [EXEC] [EXEC] BLOCK_BUY reason=ws_stale ws_age=2140 spread=9.51 bid_delta=0.00 mid_delta=0.00
[20:44:48.655] [EXEC] [EXEC] BLOCK_BUY reason=ws_stale ws_age=2250 spread=9.51 bid_delta=0.00 mid_delta=0.00
[20:44:49.387] [EXEC] [EXEC] BLOCK_BUY reason=ws_stale ws_age=2984 spread=9.49 bid_delta=2.00 mid_delta=1.00
[20:44:49.906] [EXEC] [EXEC] BLOCK_BUY reason=snapshots_insufficient ws_age=234 spread=9.49 bid_delta=0.00 mid_delta=0.00
[20:44:50.402] [EXEC] [EXEC] BLOCK_BUY reason=snapshots_insufficient ws_age=734 spread=9.49 bid_delta=0.00 mid_delta=0.00
[20:44:50.652] [EXEC] [EXEC] BLOCK_BUY reason=snapshots_insufficient ws_age=984 spread=9.49 bid_delta=0.00 mid_delta=0.00
[20:44:50.921] [EXEC] [EXEC] BLOCK_BUY reason=snapshots_insufficient ws_age=1250 spread=9.49 bid_delta=0.00 mid_delta=0.00
[20:44:51.170] [EXEC] [EXEC] BLOCK_BUY reason=snapshots_insufficient ws_age=1500 spread=9.49 bid_delta=0.00 mid_delta=0.00
[20:44:52.091] [EXEC] [EXEC] BLOCK_BUY reason=ws_stale ws_age=2422 spread=9.49 bid_delta=0.00 mid_delta=0.00
[20:44:52.185] [EXEC] [EXEC] BLOCK_BUY reason=ws_stale ws_age=2515 spread=9.49 bid_delta=0.00 mid_delta=0.00
[20:44:52.905] [EXEC] [EXEC] BLOCK_BUY reason=ws_stale ws_age=3234 spread=9.49 bid_delta=0.00 mid_delta=0.00
[20:44:53.685] [EXEC] [EXEC] BLOCK_BUY reason=ws_stale ws_age=4015 spread=9.49 bid_delta=0.00 mid_delta=0.00
[20:44:54.025] [EXEC] [EXEC] BLOCK_BUY reason=snapshots_insufficient ws_age=280 spread=12.45 bid_delta=46.00 mid_delta=194.00
[20:44:54.185] [EXEC] [EXEC] BLOCK_BUY reason=snapshots_insufficient ws_age=140 spread=9.65 bid_delta=48.00 mid_delta=56.00
[20:44:54.435] [EXEC] [EXEC] BLOCK_BUY reason=snapshots_insufficient ws_age=61 spread=14.64 bid_delta=80.00 mid_delta=337.50
[20:44:54.685] [EXEC] [EXEC] BLOCK_BUY reason=snapshots_insufficient ws_age=61 spread=12.57 bid_delta=287.00 mid_delta=441.00
[20:44:54.943] [EXEC] [EXEC] BLOCK_BUY reason=snapshots_insufficient ws_age=202 spread=12.13 bid_delta=285.00 mid_delta=269.00
[20:44:55.216] [EXEC] [EXEC] BLOCK_BUY reason=snapshots_insufficient ws_age=484 spread=12.13 bid_delta=251.00 mid_delta=125.50
[20:44:55.435] [EXEC] [EXEC] BLOCK_BUY reason=snapshots_insufficient ws_age=170 spread=11.76 bid_delta=288.00 mid_delta=144.00
[20:44:55.685] [EXEC] [EXEC] BLOCK_BUY reason=mid_momentum_negative ws_age=30 spread=10.49 bid_delta=89.00 mid_delta=-15.00
[20:44:55.943] [EXEC] [EXEC] BLOCK_BUY reason=mid_momentum_negative ws_age=280 spread=10.49 bid_delta=45.00 mid_delta=-37.00
[20:44:56.420] [EXEC] [EXEC] BLOCK_BUY reason=mid_momentum_negative ws_age=296 spread=10.02 bid_delta=8.00 mid_delta=-79.00
[20:44:56.686] [EXEC] [EXEC] BLOCK_BUY reason=mid_momentum_negative ws_age=233 spread=8.09 bid_delta=0.00 mid_delta=-120.00
[20:44:56.946] [EXEC] [EXEC] BLOCK_BUY reason=mid_momentum_negative ws_age=250 spread=8.08 bid_delta=1.00 mid_delta=-119.50
[20:44:57.184] [EXEC] [EXEC] BLOCK_BUY reason=mid_momentum_negative ws_age=500 spread=8.08 bid_delta=1.00 mid_delta=-96.00
[20:44:57.715] [EXEC] [EXEC] BLOCK_BUY reason=snapshots_insufficient ws_age=1032 spread=8.08 bid_delta=0.00 mid_delta=0.00
[20:44:57.942] [EXEC] [EXEC] BLOCK_BUY reason=snapshots_insufficient ws_age=45 spread=9.03 bid_delta=0.00 mid_delta=47.50
[20:44:58.184] [EXEC] [EXEC] BLOCK_BUY reason=snapshots_insufficient ws_age=170 spread=11.67 bid_delta=0.00 mid_delta=179.50
[20:44:58.434] [EXEC] [EXEC] BLOCK_BUY reason=snapshots_insufficient ws_age=420 spread=11.67 bid_delta=0.00 mid_delta=179.50
[20:44:58.825] [EXEC] [EXEC] BLOCK_BUY reason=snapshots_insufficient ws_age=812 spread=11.67 bid_delta=0.00 mid_delta=132.00
[20:44:58.943] [EXEC] [EXEC] BLOCK_BUY reason=snapshots_insufficient ws_age=920 spread=11.67 bid_delta=0.00 mid_delta=132.00
[20:44:59.184] [EXEC] [EXEC] BLOCK_BUY reason=mid_momentum_negative ws_age=45 spread=11.40 bid_delta=0.00 mid_delta=-13.50
[20:44:59.434] [EXEC] [EXEC] BLOCK_BUY reason=mid_momentum_negative ws_age=295 spread=11.40 bid_delta=0.00 mid_delta=-13.50
[20:44:59.684] [EXEC] [EXEC] BLOCK_BUY reason=snapshots_insufficient ws_age=155 spread=11.67 bid_delta=0.00 mid_delta=0.00
[20:45:00.057] [EXEC] [EXEC] BLOCK_BUY reason=mid_momentum_negative ws_age=327 spread=7.12 bid_delta=0.00 mid_delta=-214.00
[20:45:00.182] [EXEC] [EXEC] BLOCK_BUY reason=mid_momentum_negative ws_age=125 spread=7.56 bid_delta=0.00 mid_delta=-214.00
[20:45:00.432] [EXEC] [EXEC] BLOCK_BUY reason=mid_momentum_negative ws_age=375 spread=7.56 bid_delta=0.00 mid_delta=-192.00
[20:45:00.682] [EXEC] [EXEC] BLOCK_BUY reason=snapshots_insufficient ws_age=77 spread=11.67 bid_delta=0.00 mid_delta=0.00
[20:45:00.942] [EXEC] [EXEC] BLOCK_BUY reason=snapshots_insufficient ws_age=327 spread=11.67 bid_delta=0.00 mid_delta=227.50
[20:45:01.262] [EXEC] [EXEC] BLOCK_BUY reason=snapshots_insufficient ws_age=657 spread=11.67 bid_delta=0.00 mid_delta=205.50
[20:45:01.434] [EXEC] [EXEC] BLOCK_BUY reason=mid_momentum_negative ws_age=170 spread=9.01 bid_delta=0.00 mid_delta=-133.00
[20:45:01.684] [EXEC] [EXEC] BLOCK_BUY reason=snapshots_insufficient ws_age=140 spread=9.30 bid_delta=372.00 mid_delta=253.50
[20:45:01.942] [EXEC] [EXEC] BLOCK_BUY reason=snapshots_insufficient ws_age=61 spread=9.30 bid_delta=372.00 mid_delta=253.50
[20:45:02.449] [EXEC] [EXEC] BLOCK_BUY reason=mid_momentum_negative ws_age=484 spread=7.95 bid_delta=0.00 mid_delta=-67.50
[20:45:02.684] [EXEC] [EXEC] BLOCK_BUY reason=mid_momentum_negative ws_age=233 spread=8.52 bid_delta=0.00 mid_delta=-39.00
[20:45:03.040] [EXEC] [EXEC] BLOCK_BUY reason=snapshots_insufficient ws_age=577 spread=8.52 bid_delta=0.00 mid_delta=28.50
[20:45:03.188] [EXEC] [EXEC] BLOCK_BUY reason=snapshots_insufficient ws_age=155 spread=9.30 bid_delta=0.00 mid_delta=28.50
[20:45:03.719] [EXEC] [EXEC] BLOCK_BUY reason=snapshots_insufficient ws_age=515 spread=9.10 bid_delta=0.00 mid_delta=29.00
[20:45:03.942] [EXEC] [EXEC] BLOCK_BUY reason=snapshots_insufficient ws_age=155 spread=8.54 bid_delta=0.00 mid_delta=1.00
[20:45:04.189] [EXEC] [EXEC] BLOCK_BUY reason=mid_momentum_negative ws_age=155 spread=8.52 bid_delta=2.00 mid_delta=-27.00
[20:45:04.439] [EXEC] [EXEC] BLOCK_BUY reason=mid_momentum_negative ws_age=186 spread=7.94 bid_delta=2.00 mid_delta=-56.00
[20:45:04.859] [EXEC] [EXEC] BLOCK_BUY reason=mid_momentum_negative ws_age=608 spread=7.94 bid_delta=2.00 mid_delta=-28.00
[20:45:04.940] [EXEC] [EXEC] BLOCK_BUY reason=mid_momentum_negative ws_age=30 spread=14.19 bid_delta=2.00 mid_delta=-28.00
[20:45:05.188] [EXEC] [EXEC] BLOCK_BUY reason=bid_unstable ws_age=30 spread=14.17 bid_delta=-806.00 mid_delta=-523.50
[20:45:05.438] [EXEC] [EXEC] BLOCK_BUY reason=bid_unstable ws_age=217 spread=7.62 bid_delta=-806.00 mid_delta=-822.00
[20:45:05.688] [EXEC] [EXEC] BLOCK_BUY reason=bid_unstable ws_age=467 spread=7.62 bid_delta=-806.00 mid_delta=-822.00
[20:45:06.062] [EXEC] [EXEC] BLOCK_BUY reason=mid_momentum_negative ws_age=842 spread=7.62 bid_delta=0.00 mid_delta=-327.50
[20:45:06.189] [EXEC] [EXEC] BLOCK_BUY reason=mid_momentum_negative ws_age=92 spread=11.33 bid_delta=0.00 mid_delta=-327.50
[20:45:06.439] [EXEC] [EXEC] BLOCK_BUY reason=snapshots_insufficient ws_age=92 spread=11.31 bid_delta=4.00 mid_delta=188.50
[20:45:06.689] [EXEC] [EXEC] BLOCK_BUY reason=snapshots_insufficient ws_age=61 spread=11.27 bid_delta=8.00 mid_delta=190.50
[20:45:06.941] [EXEC] [EXEC] BLOCK_BUY reason=snapshots_insufficient ws_age=15 spread=8.87 bid_delta=8.00 mid_delta=70.50
[20:45:07.283] [EXEC] [EXEC] BLOCK_BUY reason=mid_momentum_negative ws_age=359 spread=8.87 bid_delta=4.00 mid_delta=-118.00
[20:45:07.440] [EXEC] [EXEC] BLOCK_BUY reason=snapshots_insufficient ws_age=92 spread=11.21 bid_delta=6.00 mid_delta=3.00
[20:45:07.690] [EXEC] [EXEC] BLOCK_BUY reason=snapshots_insufficient ws_age=30 spread=8.80 bid_delta=8.00 mid_delta=4.50
[20:45:07.941] [EXEC] [EXEC] BLOCK_BUY reason=snapshots_insufficient ws_age=0 spread=8.76 bid_delta=12.00 mid_delta=6.50
[20:45:08.190] [EXEC] [EXEC] BLOCK_BUY reason=snapshots_insufficient ws_age=125 spread=8.74 bid_delta=14.00 mid_delta=7.50
[20:45:08.487] [EXEC] [EXEC] BLOCK_BUY reason=snapshots_insufficient ws_age=422 spread=8.74 bid_delta=6.00 mid_delta=3.00
[20:45:08.690] [EXEC] [EXEC] BLOCK_BUY reason=snapshots_insufficient ws_age=45 spread=9.63 bid_delta=12.00 mid_delta=53.50
[20:45:08.942] [EXEC] [EXEC] BLOCK_BUY reason=snapshots_insufficient ws_age=15 spread=9.61 bid_delta=8.00 mid_delta=51.50
[20:45:09.190] [EXEC] [EXEC] BLOCK_BUY reason=snapshots_insufficient ws_age=45 spread=8.85 bid_delta=8.00 mid_delta=13.50
[20:45:09.674] [EXEC] [EXEC] BLOCK_BUY reason=mid_momentum_negative ws_age=530 spread=8.85 bid_delta=2.00 mid_delta=-37.00
[20:45:09.690] [EXEC] [EXEC] BLOCK_BUY reason=mid_momentum_negative ws_age=545 spread=8.85 bid_delta=2.00 mid_delta=-37.00
[20:54:41.444] [EXEC] [EXEC] LIVE ON
[20:54:41.445] [EXEC] [EXEC] WAIT READY
[20:54:42.668] [EXEC] [EXEC] BLOCK_BUY reason=ws_stale ws_age=None spread=8.21 bid_delta=0.00 mid_delta=0.00
[20:54:43.421] [EXEC] [EXEC] BLOCK_BUY reason=snapshots_insufficient ws_age=202 spread=8.20 bid_delta=1.00 mid_delta=0.50
[20:54:43.855] [EXEC] [EXEC] BLOCK_BUY reason=snapshots_insufficient ws_age=640 spread=8.20 bid_delta=0.00 mid_delta=0.00
[20:54:43.933] [EXEC] [EXEC] BLOCK_BUY reason=snapshots_insufficient ws_age=45 spread=7.75 bid_delta=0.00 mid_delta=0.00
[20:54:44.190] [EXEC] [EXEC] BLOCK_BUY reason=mid_momentum_negative ws_age=0 spread=7.73 bid_delta=2.00 mid_delta=-21.50
[20:54:44.448] [EXEC] [EXEC] BLOCK_BUY reason=mid_momentum_negative ws_age=266 spread=7.73 bid_delta=2.00 mid_delta=-21.50
[20:54:44.698] [EXEC] [EXEC] BLOCK_BUY reason=mid_momentum_negative ws_age=516 spread=7.73 bid_delta=2.00 mid_delta=-21.50
[20:54:45.062] [EXEC] [EXEC] BLOCK_BUY reason=snapshots_insufficient ws_age=875 spread=7.73 bid_delta=0.00 mid_delta=0.00
[20:54:45.208] [EXEC] [EXEC] BLOCK_BUY reason=snapshots_insufficient ws_age=1016 spread=7.73 bid_delta=0.00 mid_delta=0.00
[20:54:45.459] [EXEC] [EXEC] BLOCK_BUY reason=snapshots_insufficient ws_age=1266 spread=7.73 bid_delta=0.00 mid_delta=0.00
[20:54:45.717] [EXEC] [EXEC] BLOCK_BUY reason=snapshots_insufficient ws_age=47 spread=7.73 bid_delta=0.00 mid_delta=0.00
[20:54:45.973] [EXEC] [EXEC] BLOCK_BUY reason=snapshots_insufficient ws_age=297 spread=7.73 bid_delta=0.00 mid_delta=0.00
[20:54:46.267] [EXEC] [EXEC] BLOCK_BUY reason=snapshots_insufficient ws_age=594 spread=7.73 bid_delta=0.00 mid_delta=0.00
[20:54:46.470] [EXEC] [EXEC] BLOCK_BUY reason=snapshots_insufficient ws_age=797 spread=7.73 bid_delta=0.00 mid_delta=0.00
[20:54:46.718] [EXEC] [EXEC] BLOCK_BUY reason=snapshots_insufficient ws_age=1047 spread=7.73 bid_delta=0.00 mid_delta=0.00
[20:54:46.986] [EXEC] [EXEC] BLOCK_BUY reason=snapshots_insufficient ws_age=1312 spread=7.73 bid_delta=0.00 mid_delta=0.00
[20:54:47.470] [EXEC] [EXEC] BLOCK_BUY reason=ws_stale ws_age=1797 spread=7.73 bid_delta=0.00 mid_delta=0.00
[20:54:47.964] [EXEC] [EXEC] BLOCK_BUY reason=ws_stale ws_age=2297 spread=7.73 bid_delta=0.00 mid_delta=0.00
[20:54:48.473] [EXEC] [EXEC] BLOCK_BUY reason=ws_stale ws_age=2797 spread=7.73 bid_delta=0.00 mid_delta=0.00
[20:54:48.980] [EXEC] [EXEC] BLOCK_BUY reason=snapshots_insufficient ws_age=250 spread=7.73 bid_delta=0.00 mid_delta=0.00
[20:54:49.230] [EXEC] [EXEC] BLOCK_BUY reason=snapshots_insufficient ws_age=92 spread=7.71 bid_delta=2.00 mid_delta=1.00
[20:54:49.677] [EXEC] [EXEC] BLOCK_BUY reason=snapshots_insufficient ws_age=530 spread=7.71 bid_delta=2.00 mid_delta=1.00
[20:54:50.006] [EXEC] [EXEC] BLOCK_BUY reason=snapshots_insufficient ws_age=859 spread=7.71 bid_delta=0.00 mid_delta=0.00
[20:54:50.269] [EXEC] [EXEC] BLOCK_BUY reason=snapshots_insufficient ws_age=1125 spread=7.71 bid_delta=0.00 mid_delta=0.00
[20:54:50.519] [EXEC] [EXEC] BLOCK_BUY reason=snapshots_insufficient ws_age=1375 spread=7.71 bid_delta=0.00 mid_delta=0.00
[20:54:50.770] [EXEC] [EXEC] BLOCK_BUY reason=ws_stale ws_age=1625 spread=7.71 bid_delta=0.00 mid_delta=0.00
[20:54:51.561] [EXEC] [EXEC] BLOCK_BUY reason=ws_stale ws_age=2420 spread=7.71 bid_delta=0.00 mid_delta=0.00
[20:54:51.781] [EXEC] [EXEC] BLOCK_BUY reason=ws_stale ws_age=2640 spread=7.71 bid_delta=0.00 mid_delta=0.00
[20:54:52.763] [EXEC] [EXEC] BLOCK_BUY reason=ws_stale ws_age=3625 spread=7.71 bid_delta=0.00 mid_delta=0.00
[20:54:52.810] [EXEC] [EXEC] BLOCK_BUY reason=ws_stale ws_age=3670 spread=7.71 bid_delta=0.00 mid_delta=0.00
[20:54:53.506] [EXEC] [EXEC] BLOCK_BUY reason=ws_stale ws_age=4359 spread=7.71 bid_delta=0.00 mid_delta=0.00
[20:54:53.821] [EXEC] [EXEC] BLOCK_BUY reason=ws_stale ws_age=4670 spread=7.71 bid_delta=0.00 mid_delta=0.00
[20:54:54.536] [EXEC] [EXEC] BLOCK_BUY reason=ws_stale ws_age=5390 spread=7.71 bid_delta=0.00 mid_delta=0.00
[20:54:54.819] [EXEC] [EXEC] BLOCK_BUY reason=ws_stale ws_age=5670 spread=7.71 bid_delta=0.00 mid_delta=0.00
[20:54:55.539] [EXEC] [EXEC] BLOCK_BUY reason=ws_stale ws_age=6390 spread=7.71 bid_delta=0.00 mid_delta=0.00
[20:54:56.030] [EXEC] [EXEC] BLOCK_BUY reason=ws_stale ws_age=6890 spread=7.71 bid_delta=0.00 mid_delta=0.00
[20:54:56.328] [EXEC] [EXEC] BLOCK_BUY reason=ws_stale ws_age=7187 spread=7.71 bid_delta=0.00 mid_delta=0.00
[20:54:57.046] [EXEC] [EXEC] BLOCK_BUY reason=ws_stale ws_age=7905 spread=7.71 bid_delta=0.00 mid_delta=0.00
[20:54:57.358] [EXEC] [EXEC] BLOCK_BUY reason=ws_stale ws_age=8217 spread=7.71 bid_delta=0.00 mid_delta=0.00
[20:54:58.048] [EXEC] [EXEC] BLOCK_BUY reason=ws_stale ws_age=8905 spread=7.71 bid_delta=0.00 mid_delta=0.00
[20:54:58.399] [EXEC] [EXEC] BLOCK_BUY reason=ws_stale ws_age=9250 spread=7.71 bid_delta=0.00 mid_delta=0.00
[20:54:59.062] [EXEC] [EXEC] BLOCK_BUY reason=ws_stale ws_age=9920 spread=7.71 bid_delta=0.00 mid_delta=0.00
[20:54:59.572] [EXEC] [EXEC] BLOCK_BUY reason=ws_stale ws_age=10437 spread=7.71 bid_delta=0.00 mid_delta=0.00
[20:55:00.161] [EXEC] [EXEC] BLOCK_BUY reason=ws_stale ws_age=11015 spread=7.71 bid_delta=0.00 mid_delta=0.00
[20:55:00.411] [EXEC] [EXEC] BLOCK_BUY reason=ws_stale ws_age=11265 spread=7.71 bid_delta=0.00 mid_delta=0.00
[20:55:01.668] [EXEC] [EXEC] BLOCK_BUY reason=ws_stale ws_age=12530 spread=9.15 bid_delta=0.00 mid_delta=0.00
[20:55:01.903] [EXEC] [EXEC] BLOCK_BUY reason=snapshots_insufficient ws_age=234 spread=9.15 bid_delta=0.00 mid_delta=0.00
[20:55:02.168] [EXEC] [EXEC] BLOCK_BUY reason=snapshots_insufficient ws_age=500 spread=9.15 bid_delta=0.00 mid_delta=0.00
[20:55:02.432] [EXEC] [EXEC] BLOCK_BUY reason=snapshots_insufficient ws_age=765 spread=9.15 bid_delta=0.00 mid_delta=0.00
[20:55:02.698] [EXEC] [EXEC] BLOCK_BUY reason=snapshots_insufficient ws_age=1031 spread=9.15 bid_delta=0.00 mid_delta=0.00
[20:55:03.115] [EXEC] [EXEC] BLOCK_BUY reason=snapshots_insufficient ws_age=1437 spread=9.15 bid_delta=0.00 mid_delta=0.00
[20:55:03.225] [EXEC] [EXEC] BLOCK_BUY reason=ws_stale ws_age=1547 spread=9.15 bid_delta=0.00 mid_delta=0.00
[20:55:03.476] [EXEC] [EXEC] BLOCK_BUY reason=ws_stale ws_age=1797 spread=9.15 bid_delta=0.00 mid_delta=0.00
[20:55:04.099] [EXEC] [EXEC] BLOCK_BUY reason=ws_stale ws_age=2422 spread=10.75 bid_delta=22.00 mid_delta=102.00
[20:55:04.472] [EXEC] [EXEC] BLOCK_BUY reason=snapshots_insufficient ws_age=32 spread=10.20 bid_delta=77.00 mid_delta=129.50
[20:55:04.723] [EXEC] [EXEC] BLOCK_BUY reason=snapshots_insufficient ws_age=282 spread=10.20 bid_delta=55.00 mid_delta=27.50
[20:55:04.971] [EXEC] [EXEC] BLOCK_BUY reason=snapshots_insufficient ws_age=532 spread=10.20 bid_delta=55.00 mid_delta=27.50
[20:55:05.226] [EXEC] [EXEC] BLOCK_BUY reason=mid_momentum_negative ws_age=125 spread=10.04 bid_delta=0.00 mid_delta=-8.00
[20:55:05.508] [EXEC] [EXEC] BLOCK_BUY reason=mid_momentum_negative ws_age=406 spread=10.04 bid_delta=0.00 mid_delta=-8.00
[20:55:05.739] [EXEC] [EXEC] BLOCK_BUY reason=mid_momentum_negative ws_age=640 spread=10.04 bid_delta=0.00 mid_delta=-8.00
[20:55:06.001] [EXEC] [EXEC] BLOCK_BUY reason=snapshots_insufficient ws_age=906 spread=10.04 bid_delta=0.00 mid_delta=0.00
[20:55:06.247] [EXEC] [EXEC] BLOCK_BUY reason=snapshots_insufficient ws_age=234 spread=9.63 bid_delta=41.00 mid_delta=20.50
[20:55:06.718] [EXEC] [EXEC] BLOCK_BUY reason=snapshots_insufficient ws_age=702 spread=9.63 bid_delta=41.00 mid_delta=20.50
[20:55:06.746] [EXEC] [EXEC] BLOCK_BUY reason=snapshots_insufficient ws_age=734 spread=9.63 bid_delta=41.00 mid_delta=20.50
[20:55:07.012] [EXEC] [EXEC] BLOCK_BUY reason=snapshots_insufficient ws_age=1000 spread=9.63 bid_delta=0.00 mid_delta=0.00
[20:55:07.261] [EXEC] [EXEC] BLOCK_BUY reason=snapshots_insufficient ws_age=1250 spread=9.63 bid_delta=0.00 mid_delta=0.00
[20:55:07.541] [EXEC] [EXEC] BLOCK_BUY reason=ws_stale ws_age=1530 spread=9.63 bid_delta=0.00 mid_delta=0.00
[20:55:08.416] [EXEC] [EXEC] BLOCK_BUY reason=ws_stale ws_age=2390 spread=8.57 bid_delta=424.00 mid_delta=371.00
[20:55:08.540] [EXEC] [EXEC] BLOCK_BUY reason=snapshots_insufficient ws_age=62 spread=6.72 bid_delta=424.00 mid_delta=371.00
[20:55:08.788] [EXEC] [EXEC] BLOCK_BUY reason=snapshots_insufficient ws_age=172 spread=9.08 bid_delta=223.00 mid_delta=248.50
[20:55:09.127] [EXEC] [EXEC] BLOCK_BUY reason=snapshots_insufficient ws_age=516 spread=9.08 bid_delta=223.00 mid_delta=248.50
[20:55:09.289] [EXEC] [EXEC] BLOCK_BUY reason=snapshots_insufficient ws_age=155 spread=6.31 bid_delta=225.00 mid_delta=112.00
[20:55:14.702] [EXEC] [EXEC] BLOCK_BUY reason=spread_too_young ws_age=47 spread=8.54 bid_delta=0.00 mid_delta=0.00
[20:55:15.144] [EXEC] [EXEC] BLOCK_BUY reason=spread_too_young ws_age=329 spread=8.53 bid_delta=0.00 mid_delta=-0.50
[20:55:15.224] [EXEC] [EXEC] BLOCK_BUY reason=mid_momentum_negative ws_age=77 spread=8.20 bid_delta=0.00 mid_delta=-0.50
[20:55:15.490] [EXEC] [EXEC] BLOCK_BUY reason=mid_momentum_negative ws_age=342 spread=8.20 bid_delta=0.00 mid_delta=-17.00
[20:55:15.733] [EXEC] [EXEC] BLOCK_BUY reason=mid_momentum_negative ws_age=592 spread=8.20 bid_delta=0.00 mid_delta=-16.50
[20:55:15.997] [EXEC] [EXEC] BLOCK_BUY reason=mid_momentum_negative ws_age=859 spread=8.20 bid_delta=0.00 mid_delta=-16.50
[20:55:16.339] [EXEC] [EXEC] BLOCK_BUY reason=mid_momentum_negative ws_age=297 spread=7.72 bid_delta=0.00 mid_delta=-24.00
[20:55:16.513] [EXEC] [EXEC] BLOCK_BUY reason=bid_unstable ws_age=157 spread=8.24 bid_delta=-52.00 mid_delta=-50.00
[20:55:16.775] [EXEC] [EXEC] BLOCK_BUY reason=bid_unstable ws_age=407 spread=8.24 bid_delta=-52.00 mid_delta=-50.00
[20:55:17.022] [EXEC] [EXEC] BLOCK_BUY reason=bid_unstable ws_age=657 spread=8.24 bid_delta=-52.00 mid_delta=-26.00
[20:55:17.267] [EXEC] [EXEC] BLOCK_BUY reason=bid_unstable ws_age=907 spread=8.24 bid_delta=-52.00 mid_delta=-26.00
[20:55:17.558] [EXEC] [EXEC] BLOCK_BUY reason=snapshots_insufficient ws_age=1202 spread=8.24 bid_delta=0.00 mid_delta=0.00
[20:55:17.779] [EXEC] [EXEC] BLOCK_BUY reason=mid_momentum_negative ws_age=77 spread=7.87 bid_delta=0.00 mid_delta=-18.50
[20:55:18.044] [EXEC] [EXEC] BLOCK_BUY reason=mid_momentum_negative ws_age=62 spread=7.51 bid_delta=-1.00 mid_delta=-37.50
[20:55:18.291] [EXEC] [EXEC] BLOCK_BUY reason=bid_unstable ws_age=15 spread=9.48 bid_delta=-338.00 mid_delta=-276.00
[20:55:18.746] [EXEC] [EXEC] BLOCK_BUY reason=bid_unstable ws_age=406 spread=7.80 bid_delta=-170.00 mid_delta=-173.50
[20:55:18.783] [EXEC] [EXEC] BLOCK_BUY reason=bid_unstable ws_age=30 spread=6.41 bid_delta=-170.00 mid_delta=-173.50
[20:55:19.955] [EXEC] [EXEC] BLOCK_BUY reason=snapshots_insufficient ws_age=266 spread=7.72 bid_delta=0.00 mid_delta=0.00
[20:55:20.044] [EXEC] [EXEC] BLOCK_BUY reason=snapshots_insufficient ws_age=93 spread=6.04 bid_delta=0.00 mid_delta=0.00
[20:55:20.552] [EXEC] [EXEC] BLOCK_BUY reason=bid_unstable ws_age=0 spread=9.30 bid_delta=-694.00 mid_delta=-615.00
[20:55:20.819] [EXEC] [EXEC] BLOCK_BUY reason=bid_unstable ws_age=155 spread=8.68 bid_delta=-632.00 mid_delta=-584.00
[20:55:21.151] [EXEC] [EXEC] BLOCK_BUY reason=snapshots_insufficient ws_age=500 spread=8.68 bid_delta=62.00 mid_delta=31.00
[20:55:21.316] [EXEC] [EXEC] BLOCK_BUY reason=bid_unstable ws_age=92 spread=9.59 bid_delta=-101.00 mid_delta=-86.50
[20:55:21.563] [EXEC] [EXEC] BLOCK_BUY reason=bid_unstable ws_age=342 spread=9.59 bid_delta=-163.00 mid_delta=-117.50
[20:55:21.814] [EXEC] [EXEC] BLOCK_BUY reason=mid_momentum_negative ws_age=186 spread=7.96 bid_delta=0.00 mid_delta=-36.00
[20:55:22.060] [EXEC] [EXEC] BLOCK_BUY reason=mid_momentum_negative ws_age=436 spread=7.96 bid_delta=0.00 mid_delta=-36.00
[20:55:22.350] [EXEC] [EXEC] BLOCK_BUY reason=snapshots_insufficient ws_age=718 spread=7.96 bid_delta=163.00 mid_delta=81.50
[20:55:22.566] [EXEC] [EXEC] BLOCK_BUY reason=snapshots_insufficient ws_age=936 spread=7.96 bid_delta=0.00 mid_delta=0.00
[20:55:22.814] [EXEC] [EXEC] BLOCK_BUY reason=snapshots_insufficient ws_age=1186 spread=7.96 bid_delta=0.00 mid_delta=0.00
[20:55:23.059] [EXEC] [EXEC] BLOCK_BUY reason=snapshots_insufficient ws_age=1436 spread=7.96 bid_delta=0.00 mid_delta=0.00
[20:55:23.987] [EXEC] [EXEC] BLOCK_BUY reason=ws_stale ws_age=2358 spread=7.96 bid_delta=0.00 mid_delta=0.00
[20:55:24.065] [EXEC] [EXEC] BLOCK_BUY reason=ws_stale ws_age=2436 spread=7.96 bid_delta=0.00 mid_delta=0.00
[20:55:24.713] [EXEC] [EXEC] BLOCK_BUY reason=ws_stale ws_age=3093 spread=7.96 bid_delta=0.00 mid_delta=0.00
[20:55:25.072] [EXEC] [EXEC] BLOCK_BUY reason=ws_stale ws_age=3452 spread=7.96 bid_delta=0.00 mid_delta=0.00
[20:55:25.727] [EXEC] [EXEC] BLOCK_BUY reason=ws_stale ws_age=4093 spread=7.96 bid_delta=0.00 mid_delta=0.00
[20:55:26.068] [EXEC] [EXEC] BLOCK_BUY reason=ws_stale ws_age=4436 spread=7.96 bid_delta=0.00 mid_delta=0.00
[20:55:26.722] [EXEC] [EXEC] BLOCK_BUY reason=ws_stale ws_age=5093 spread=7.96 bid_delta=0.00 mid_delta=0.00
[20:55:26.809] [EXEC] [EXEC] BLOCK_BUY reason=snapshots_insufficient ws_age=92 spread=7.96 bid_delta=0.00 mid_delta=0.00
[20:55:27.178] [EXEC] [EXEC] BLOCK_BUY reason=snapshots_insufficient ws_age=452 spread=7.96 bid_delta=0.00 mid_delta=0.00
[20:55:27.333] [EXEC] [EXEC] BLOCK_BUY reason=snapshots_insufficient ws_age=609 spread=7.96 bid_delta=0.00 mid_delta=0.00
[20:55:27.584] [EXEC] [EXEC] BLOCK_BUY reason=snapshots_insufficient ws_age=0 spread=7.96 bid_delta=0.00 mid_delta=0.00
[20:55:27.842] [EXEC] [EXEC] BLOCK_BUY reason=snapshots_insufficient ws_age=234 spread=7.95 bid_delta=1.00 mid_delta=0.50
[20:55:28.376] [EXEC] [EXEC] BLOCK_BUY reason=snapshots_insufficient ws_age=766 spread=7.95 bid_delta=1.00 mid_delta=0.50
[20:55:28.606] [EXEC] [EXEC] BLOCK_BUY reason=snapshots_insufficient ws_age=233 spread=7.04 bid_delta=95.00 mid_delta=49.50
[20:55:28.855] [EXEC] [EXEC] BLOCK_BUY reason=snapshots_insufficient ws_age=108 spread=17.14 bid_delta=685.00 mid_delta=1144.50
[20:55:29.119] [EXEC] [EXEC] BLOCK_BUY reason=snapshots_insufficient ws_age=63 spread=13.52 bid_delta=917.00 mid_delta=1195.50
[20:55:29.866] [EXEC] [EXEC] BLOCK_BUY reason=mid_momentum_negative ws_age=15 spread=12.19 bid_delta=0.00 mid_delta=-66.50
[20:55:30.128] [EXEC] [EXEC] BLOCK_BUY reason=snapshots_insufficient ws_age=281 spread=12.19 bid_delta=0.00 mid_delta=0.00
[20:55:30.386] [EXEC] [EXEC] BLOCK_BUY reason=snapshots_insufficient ws_age=547 spread=12.19 bid_delta=0.00 mid_delta=0.00
[20:55:30.776] [EXEC] [EXEC] BLOCK_BUY reason=snapshots_insufficient ws_age=327 spread=11.31 bid_delta=88.00 mid_delta=44.00
[20:55:30.885] [EXEC] [EXEC] BLOCK_BUY reason=snapshots_insufficient ws_age=109 spread=10.76 bid_delta=88.00 mid_delta=44.00
[20:55:31.137] [EXEC] [EXEC] BLOCK_BUY reason=snapshots_insufficient ws_age=359 spread=10.76 bid_delta=143.00 mid_delta=71.50
[20:55:31.403] [EXEC] [EXEC] BLOCK_BUY reason=snapshots_insufficient ws_age=0 spread=10.76 bid_delta=55.00 mid_delta=27.50
[20:55:31.683] [EXEC] [EXEC] BLOCK_BUY reason=bid_unstable ws_age=265 spread=8.67 bid_delta=-89.00 mid_delta=-221.00
[20:55:31.985] [EXEC] [EXEC] BLOCK_BUY reason=bid_unstable ws_age=562 spread=8.67 bid_delta=-144.00 mid_delta=-248.50
[20:55:32.195] [EXEC] [EXEC] BLOCK_BUY reason=bid_unstable ws_age=92 spread=9.68 bid_delta=-143.00 mid_delta=-197.00
[20:55:32.441] [EXEC] [EXEC] BLOCK_BUY reason=snapshots_insufficient ws_age=342 spread=9.68 bid_delta=1.00 mid_delta=51.50
[20:55:32.692] [EXEC] [EXEC] BLOCK_BUY reason=snapshots_insufficient ws_age=155 spread=14.81 bid_delta=1.00 mid_delta=308.00
[20:55:33.184] [EXEC] [EXEC] BLOCK_BUY reason=snapshots_insufficient ws_age=655 spread=14.81 bid_delta=0.00 mid_delta=256.50
[20:55:33.438] [EXEC] [EXEC] BLOCK_BUY reason=snapshots_insufficient ws_age=202 spread=11.07 bid_delta=0.00 mid_delta=69.50
[20:55:33.691] [EXEC] [EXEC] BLOCK_BUY reason=mid_momentum_negative ws_age=452 spread=11.07 bid_delta=0.00 mid_delta=-187.00
[20:55:33.939] [EXEC] [EXEC] BLOCK_BUY reason=mid_momentum_negative ws_age=702 spread=11.07 bid_delta=0.00 mid_delta=-187.00
[20:55:34.385] [EXEC] [EXEC] BLOCK_BUY reason=snapshots_insufficient ws_age=329 spread=11.05 bid_delta=2.00 mid_delta=1.00
[20:55:34.436] [EXEC] [EXEC] BLOCK_BUY reason=snapshots_insufficient ws_age=375 spread=11.05 bid_delta=2.00 mid_delta=1.00
[20:55:34.686] [EXEC] [EXEC] BLOCK_BUY reason=snapshots_insufficient ws_age=625 spread=11.05 bid_delta=2.00 mid_delta=1.00
[20:55:34.936] [EXEC] [EXEC] BLOCK_BUY reason=snapshots_insufficient ws_age=875 spread=11.05 bid_delta=2.00 mid_delta=1.00
[20:55:35.183] [EXEC] [EXEC] BLOCK_BUY reason=snapshots_insufficient ws_age=30 spread=11.28 bid_delta=25.00 mid_delta=36.50
[20:55:35.587] [EXEC] [EXEC] BLOCK_BUY reason=snapshots_insufficient ws_age=422 spread=11.28 bid_delta=25.00 mid_delta=36.50
[20:55:35.682] [EXEC] [EXEC] BLOCK_BUY reason=snapshots_insufficient ws_age=92 spread=10.57 bid_delta=25.00 mid_delta=36.50
[20:55:35.932] [EXEC] [EXEC] BLOCK_BUY reason=snapshots_insufficient ws_age=342 spread=10.57 bid_delta=25.00 mid_delta=1.00
[20:55:36.201] [EXEC] [EXEC] BLOCK_BUY reason=mid_momentum_negative ws_age=609 spread=10.57 bid_delta=0.00 mid_delta=-35.50
[20:55:36.448] [EXEC] [EXEC] BLOCK_BUY reason=mid_momentum_negative ws_age=234 spread=10.11 bid_delta=0.00 mid_delta=-58.50
[20:55:36.800] [EXEC] [EXEC] BLOCK_BUY reason=mid_momentum_negative ws_age=577 spread=10.11 bid_delta=0.00 mid_delta=-23.00
[20:55:36.973] [EXEC] [EXEC] BLOCK_BUY reason=mid_momentum_negative ws_age=750 spread=10.11 bid_delta=0.00 mid_delta=-23.00
[20:55:37.234] [EXEC] [EXEC] BLOCK_BUY reason=snapshots_insufficient ws_age=250 spread=11.64 bid_delta=5.00 mid_delta=81.50
[20:55:37.484] [EXEC] [EXEC] BLOCK_BUY reason=snapshots_insufficient ws_age=500 spread=11.64 bid_delta=5.00 mid_delta=81.50
[20:55:37.999] [EXEC] [EXEC] BLOCK_BUY reason=mid_momentum_negative ws_age=484 spread=11.04 bid_delta=0.00 mid_delta=-30.00
[20:55:38.238] [EXEC] [EXEC] BLOCK_BUY reason=mid_momentum_negative ws_age=717 spread=11.04 bid_delta=0.00 mid_delta=-30.00
[20:55:38.501] [EXEC] [EXEC] BLOCK_BUY reason=mid_momentum_negative ws_age=63 spread=9.95 bid_delta=0.00 mid_delta=-54.50
[20:55:38.749] [EXEC] [EXEC] BLOCK_BUY reason=mid_momentum_negative ws_age=172 spread=9.16 bid_delta=0.00 mid_delta=-94.00
[20:55:39.194] [EXEC] [EXEC] BLOCK_BUY reason=mid_momentum_negative ws_age=608 spread=9.16 bid_delta=0.00 mid_delta=-94.00
[20:55:39.271] [EXEC] [EXEC] BLOCK_BUY reason=mid_momentum_negative ws_age=687 spread=9.16 bid_delta=0.00 mid_delta=-94.00
[20:55:39.689] [EXEC] [EXEC] BLOCK_BUY reason=snapshots_insufficient ws_age=1108 spread=9.16 bid_delta=0.00 mid_delta=0.00
[20:55:39.785] [EXEC] [EXEC] BLOCK_BUY reason=snapshots_insufficient ws_age=1202 spread=9.16 bid_delta=0.00 mid_delta=0.00
[20:55:40.037] [EXEC] [EXEC] BLOCK_BUY reason=snapshots_insufficient ws_age=1452 spread=9.16 bid_delta=0.00 mid_delta=0.00
[20:55:40.404] [EXEC] [EXEC] BLOCK_BUY reason=ws_stale ws_age=1827 spread=9.16 bid_delta=0.00 mid_delta=0.00
[20:55:41.365] [EXEC] [EXEC] BLOCK_BUY reason=ws_stale ws_age=2780 spread=9.16 bid_delta=0.00 mid_delta=0.00
[20:55:41.784] [EXEC] [EXEC] BLOCK_BUY reason=ws_stale ws_age=3202 spread=9.16 bid_delta=0.00 mid_delta=0.00
[20:55:42.371] [EXEC] [EXEC] BLOCK_BUY reason=ws_stale ws_age=3797 spread=9.16 bid_delta=0.00 mid_delta=0.00
[20:55:43.130] [EXEC] [EXEC] BLOCK_BUY reason=ws_stale ws_age=4547 spread=9.16 bid_delta=0.00 mid_delta=0.00
[20:55:43.313] [EXEC] [EXEC] BLOCK_BUY reason=ws_stale ws_age=4733 spread=9.16 bid_delta=0.00 mid_delta=0.00
[20:55:43.912] [EXEC] [EXEC] BLOCK_BUY reason=ws_stale ws_age=5327 spread=9.16 bid_delta=0.00 mid_delta=0.00
[20:55:44.311] [EXEC] [EXEC] BLOCK_BUY reason=snapshots_insufficient ws_age=140 spread=9.53 bid_delta=0.00 mid_delta=18.50
[20:55:44.558] [EXEC] [EXEC] BLOCK_BUY reason=mid_momentum_negative ws_age=61 spread=9.10 bid_delta=0.00 mid_delta=-3.00
[20:55:44.808] [EXEC] [EXEC] BLOCK_BUY reason=mid_momentum_negative ws_age=311 spread=9.10 bid_delta=0.00 mid_delta=-3.00
[20:55:45.210] [EXEC] [EXEC] BLOCK_BUY reason=mid_momentum_negative ws_age=702 spread=9.10 bid_delta=0.00 mid_delta=-21.50
[20:55:45.320] [EXEC] [EXEC] BLOCK_BUY reason=mid_momentum_negative ws_age=811 spread=9.10 bid_delta=0.00 mid_delta=-21.50
[20:55:45.569] [EXEC] [EXEC] BLOCK_BUY reason=snapshots_insufficient ws_age=1061 spread=9.10 bid_delta=0.00 mid_delta=0.00
[20:55:45.819] [EXEC] [EXEC] BLOCK_BUY reason=snapshots_insufficient ws_age=186 spread=9.10 bid_delta=0.00 mid_delta=0.00
[20:55:46.067] [EXEC] [EXEC] BLOCK_BUY reason=snapshots_insufficient ws_age=436 spread=9.10 bid_delta=0.00 mid_delta=0.00
[20:55:46.424] [EXEC] [EXEC] BLOCK_BUY reason=snapshots_insufficient ws_age=796 spread=9.10 bid_delta=0.00 mid_delta=0.00
[20:55:46.566] [EXEC] [EXEC] BLOCK_BUY reason=snapshots_insufficient ws_age=140 spread=8.71 bid_delta=0.00 mid_delta=0.00
[20:55:46.834] [EXEC] [EXEC] BLOCK_BUY reason=mid_momentum_negative ws_age=406 spread=8.71 bid_delta=1.00 mid_delta=-18.50
[20:55:47.079] [EXEC] [EXEC] BLOCK_BUY reason=mid_momentum_negative ws_age=656 spread=8.71 bid_delta=1.00 mid_delta=-18.50
[20:55:47.326] [EXEC] [EXEC] BLOCK_BUY reason=mid_momentum_negative ws_age=906 spread=8.71 bid_delta=1.00 mid_delta=-18.50
[20:55:47.617] [EXEC] [EXEC] BLOCK_BUY reason=snapshots_insufficient ws_age=1187 spread=8.71 bid_delta=0.00 mid_delta=0.00
[20:55:47.854] [EXEC] [EXEC] BLOCK_BUY reason=snapshots_insufficient ws_age=1437 spread=8.71 bid_delta=0.00 mid_delta=0.00
[20:55:48.484] [EXEC] [EXEC] BLOCK_BUY reason=ws_stale ws_age=2062 spread=8.71 bid_delta=0.00 mid_delta=0.00
[20:55:49.240] [EXEC] [EXEC] BLOCK_BUY reason=ws_stale ws_age=2812 spread=8.71 bid_delta=0.00 mid_delta=0.00
[20:55:49.368] [EXEC] [EXEC] BLOCK_BUY reason=snapshots_insufficient ws_age=108 spread=8.69 bid_delta=0.00 mid_delta=0.00
[20:55:49.679] [EXEC] [EXEC] BLOCK_BUY reason=snapshots_insufficient ws_age=421 spread=8.69 bid_delta=2.00 mid_delta=1.00
[20:55:50.033] [EXEC] [EXEC] BLOCK_BUY reason=snapshots_insufficient ws_age=780 spread=8.69 bid_delta=2.00 mid_delta=1.00
[20:55:50.117] [EXEC] [EXEC] BLOCK_BUY reason=snapshots_insufficient ws_age=858 spread=8.69 bid_delta=2.00 mid_delta=1.00
[20:55:50.366] [EXEC] [EXEC] BLOCK_BUY reason=snapshots_insufficient ws_age=1108 spread=8.69 bid_delta=0.00 mid_delta=0.00
[20:55:50.615] [EXEC] [EXEC] BLOCK_BUY reason=snapshots_insufficient ws_age=1358 spread=8.69 bid_delta=0.00 mid_delta=0.00
[20:55:50.878] [EXEC] [EXEC] BLOCK_BUY reason=ws_stale ws_age=1625 spread=8.69 bid_delta=0.00 mid_delta=0.00
[20:55:51.714] [EXEC] [EXEC] BLOCK_BUY reason=ws_stale ws_age=2468 spread=8.70 bid_delta=-1.00 mid_delta=-0.50
[20:55:51.894] [EXEC] [EXEC] BLOCK_BUY reason=mid_momentum_negative ws_age=79 spread=7.77 bid_delta=0.00 mid_delta=-46.50
[20:55:52.140] [EXEC] [EXEC] BLOCK_BUY reason=mid_momentum_negative ws_age=329 spread=7.77 bid_delta=0.00 mid_delta=-46.50
[20:55:52.429] [EXEC] [EXEC] BLOCK_BUY reason=mid_momentum_negative ws_age=609 spread=7.77 bid_delta=0.00 mid_delta=-46.50
[20:55:52.641] [EXEC] [EXEC] BLOCK_BUY reason=mid_momentum_negative ws_age=204 spread=7.24 bid_delta=0.00 mid_delta=-73.00
[20:55:52.891] [EXEC] [EXEC] BLOCK_BUY reason=bid_unstable ws_age=0 spread=11.73 bid_delta=-861.00 mid_delta=-663.00
[20:55:53.160] [EXEC] [EXEC] BLOCK_BUY reason=bid_unstable ws_age=94 spread=8.60 bid_delta=-1115.00 mid_delta=-1073.50
[20:55:53.645] [EXEC] [EXEC] BLOCK_BUY reason=bid_unstable ws_age=469 spread=7.97 bid_delta=-254.00 mid_delta=-442.00
